"dormId","ratePlan","date","priceValue","priceCurrency","crawledAt","urlPart"
"888490","710035","2025-10-06","26.00","AUD","1759641571","11310/2025-10-06/1759641571.json"
"888490","710035","2025-10-07","26.00","AUD","1759641571","11310/2025-10-07/1759641571.json"
"796964","564300","2025-10-08","26.00","AUD","1759641571","11310/2025-10-08/1759641571.json"
"888490","710035","2025-10-08","26.00","AUD","1759641571","11310/2025-10-08/1759641571.json"
"796964","564300","2025-10-09","26.00","AUD","1759641571","11310/2025-10-09/1759641571.json"
"888490","710035","2025-10-09","26.00","AUD","1759641571","11310/2025-10-09/1759641571.json"
"796964","564300","2025-10-10","26.00","AUD","1759641571","11310/2025-10-10/1759641571.json"
"888490","710035","2025-10-10","26.00","AUD","1759641571","11310/2025-10-10/1759641571.json"
"796964","564300","2025-10-11","26.00","AUD","1759641571","11310/2025-10-11/1759641571.json"
"888490","710035","2025-10-11","26.00","AUD","1759641571","11310/2025-10-11/1759641571.json"
"796964","564300","2025-10-12","26.00","AUD","1759641571","11310/2025-10-12/1759641571.json"
"888490","710035","2025-10-12","26.00","AUD","1759641571","11310/2025-10-12/1759641571.json"
"796964","564300","2025-10-13","26.00","AUD","1759641571","11310/2025-10-13/1759641571.json"
"796964","564300","2025-10-15","26.00","AUD","1759641571","11310/2025-10-15/1759641571.json"
"888490","710035","2025-10-15","26.00","AUD","1759641571","11310/2025-10-15/1759641571.json"
"888490","710035","2025-10-16","26.00","AUD","1759641571","11310/2025-10-16/1759641571.json"
"796964","564300","2025-10-17","26.00","AUD","1759641571","11310/2025-10-17/1759641571.json"
"888490","710035","2025-10-17","26.00","AUD","1759641571","11310/2025-10-17/1759641571.json"
"796964","564300","2025-10-18","26.00","AUD","1759641571","11310/2025-10-18/1759641571.json"
"796964","564300","2025-10-19","26.00","AUD","1759641571","11310/2025-10-19/1759641571.json"
"888490","710035","2025-10-19","26.00","AUD","1759641571","11310/2025-10-19/1759641571.json"
"796964","564300","2025-10-20","26.00","AUD","1759641571","11310/2025-10-20/1759641571.json"
"888490","710035","2025-10-20","26.00","AUD","1759641571","11310/2025-10-20/1759641571.json"
"796964","564300","2025-10-21","26.00","AUD","1759641571","11310/2025-10-21/1759641571.json"
"888490","710035","2025-10-21","26.00","AUD","1759641571","11310/2025-10-21/1759641571.json"
"796964","564300","2025-10-22","26.00","AUD","1759641571","11310/2025-10-22/1759641571.json"
"888490","710035","2025-10-22","26.00","AUD","1759641571","11310/2025-10-22/1759641571.json"
"796964","564300","2025-10-23","26.00","AUD","1759641571","11310/2025-10-23/1759641571.json"
"888490","710035","2025-10-23","26.00","AUD","1759641571","11310/2025-10-23/1759641571.json"
"796964","564300","2025-10-25","26.00","AUD","1759641571","11310/2025-10-25/1759641571.json"
"796964","564300","2025-10-26","26.00","AUD","1759641571","11310/2025-10-26/1759641571.json"
"796964","564300","2025-10-27","26.00","AUD","1759641571","11310/2025-10-27/1759641571.json"
"888490","710035","2025-10-27","26.00","AUD","1759641571","11310/2025-10-27/1759641571.json"
"796964","564300","2025-10-28","26.00","AUD","1759641571","11310/2025-10-28/1759641571.json"
"888490","710035","2025-10-28","26.00","AUD","1759641571","11310/2025-10-28/1759641571.json"
"796964","564300","2025-10-29","26.00","AUD","1759641571","11310/2025-10-29/1759641571.json"
"888490","710035","2025-10-29","26.00","AUD","1759641571","11310/2025-10-29/1759641571.json"
"796964","564300","2025-10-30","26.00","AUD","1759641571","11310/2025-10-30/1759641571.json"
"888490","710035","2025-10-30","26.00","AUD","1759641571","11310/2025-10-30/1759641571.json"
"796964","564300","2025-10-31","26.00","AUD","1759641571","11310/2025-10-31/1759641571.json"
"888490","710035","2025-10-31","26.00","AUD","1759641571","11310/2025-10-31/1759641571.json"
"796964","564300","2025-11-01","26.00","AUD","1759641571","11310/2025-11-01/1759641571.json"
"888490","710035","2025-11-01","26.00","AUD","1759641571","11310/2025-11-01/1759641571.json"
"796964","564300","2025-11-02","26.00","AUD","1759641571","11310/2025-11-02/1759641571.json"
"888490","710035","2025-11-02","26.00","AUD","1759641571","11310/2025-11-02/1759641571.json"
"888490","710035","2025-10-06","26.00","AUD","1759655874","11310/2025-10-06/1759655874.json"
"888490","710035","2025-10-07","26.00","AUD","1759655874","11310/2025-10-07/1759655874.json"
"796964","564300","2025-10-08","26.00","AUD","1759655874","11310/2025-10-08/1759655874.json"
"888490","710035","2025-10-08","26.00","AUD","1759655874","11310/2025-10-08/1759655874.json"
"796964","564300","2025-10-09","26.00","AUD","1759655874","11310/2025-10-09/1759655874.json"
"888490","710035","2025-10-09","26.00","AUD","1759655874","11310/2025-10-09/1759655874.json"
"796964","564300","2025-10-10","26.00","AUD","1759655874","11310/2025-10-10/1759655874.json"
"888490","710035","2025-10-10","26.00","AUD","1759655874","11310/2025-10-10/1759655874.json"
"796964","564300","2025-10-11","26.00","AUD","1759655874","11310/2025-10-11/1759655874.json"
"888490","710035","2025-10-11","26.00","AUD","1759655874","11310/2025-10-11/1759655874.json"
"796964","564300","2025-10-12","26.00","AUD","1759655874","11310/2025-10-12/1759655874.json"
"888490","710035","2025-10-12","26.00","AUD","1759655874","11310/2025-10-12/1759655874.json"
"796964","564300","2025-10-13","26.00","AUD","1759655874","11310/2025-10-13/1759655874.json"
"796964","564300","2025-10-15","26.00","AUD","1759655874","11310/2025-10-15/1759655874.json"
"888490","710035","2025-10-15","26.00","AUD","1759655874","11310/2025-10-15/1759655874.json"
"888490","710035","2025-10-16","26.00","AUD","1759655874","11310/2025-10-16/1759655874.json"
"796964","564300","2025-10-17","26.00","AUD","1759655874","11310/2025-10-17/1759655874.json"
"888490","710035","2025-10-17","26.00","AUD","1759655874","11310/2025-10-17/1759655874.json"
"796964","564300","2025-10-18","26.00","AUD","1759655874","11310/2025-10-18/1759655874.json"
"796964","564300","2025-10-19","26.00","AUD","1759655874","11310/2025-10-19/1759655874.json"
"888490","710035","2025-10-19","26.00","AUD","1759655874","11310/2025-10-19/1759655874.json"
"796964","564300","2025-10-20","26.00","AUD","1759655874","11310/2025-10-20/1759655874.json"
"888490","710035","2025-10-20","26.00","AUD","1759655874","11310/2025-10-20/1759655874.json"
"796964","564300","2025-10-21","26.00","AUD","1759655874","11310/2025-10-21/1759655874.json"
"888490","710035","2025-10-21","26.00","AUD","1759655874","11310/2025-10-21/1759655874.json"
"796964","564300","2025-10-22","26.00","AUD","1759655874","11310/2025-10-22/1759655874.json"
"888490","710035","2025-10-22","26.00","AUD","1759655874","11310/2025-10-22/1759655874.json"
"796964","564300","2025-10-23","26.00","AUD","1759655874","11310/2025-10-23/1759655874.json"
"888490","710035","2025-10-23","26.00","AUD","1759655874","11310/2025-10-23/1759655874.json"
"796964","564300","2025-10-25","26.00","AUD","1759655874","11310/2025-10-25/1759655874.json"
"796964","564300","2025-10-26","26.00","AUD","1759655874","11310/2025-10-26/1759655874.json"
"796964","564300","2025-10-27","26.00","AUD","1759655874","11310/2025-10-27/1759655874.json"
"888490","710035","2025-10-27","26.00","AUD","1759655874","11310/2025-10-27/1759655874.json"
"796964","564300","2025-10-28","26.00","AUD","1759655874","11310/2025-10-28/1759655874.json"
"888490","710035","2025-10-28","26.00","AUD","1759655874","11310/2025-10-28/1759655874.json"
"796964","564300","2025-10-29","26.00","AUD","1759655874","11310/2025-10-29/1759655874.json"
"888490","710035","2025-10-29","26.00","AUD","1759655874","11310/2025-10-29/1759655874.json"
"796964","564300","2025-10-30","26.00","AUD","1759655874","11310/2025-10-30/1759655874.json"
"888490","710035","2025-10-30","26.00","AUD","1759655874","11310/2025-10-30/1759655874.json"
"796964","564300","2025-10-31","26.00","AUD","1759655874","11310/2025-10-31/1759655874.json"
"888490","710035","2025-10-31","26.00","AUD","1759655874","11310/2025-10-31/1759655874.json"
"796964","564300","2025-11-01","26.00","AUD","1759655874","11310/2025-11-01/1759655874.json"
"888490","710035","2025-11-01","26.00","AUD","1759655874","11310/2025-11-01/1759655874.json"
"796964","564300","2025-11-02","26.00","AUD","1759655874","11310/2025-11-02/1759655874.json"
"888490","710035","2025-11-02","26.00","AUD","1759655874","11310/2025-11-02/1759655874.json"
"888490","710035","2025-10-06","26.00","AUD","1759671986","11310/2025-10-06/1759671986.json"
"888490","710035","2025-10-07","26.00","AUD","1759671986","11310/2025-10-07/1759671986.json"
"796964","564300","2025-10-08","26.00","AUD","1759671986","11310/2025-10-08/1759671986.json"
"888490","710035","2025-10-08","26.00","AUD","1759671986","11310/2025-10-08/1759671986.json"
"796964","564300","2025-10-09","26.00","AUD","1759671986","11310/2025-10-09/1759671986.json"
"888490","710035","2025-10-09","26.00","AUD","1759671986","11310/2025-10-09/1759671986.json"
"796964","564300","2025-10-10","26.00","AUD","1759671986","11310/2025-10-10/1759671986.json"
"888490","710035","2025-10-10","26.00","AUD","1759671986","11310/2025-10-10/1759671986.json"
"796964","564300","2025-10-11","26.00","AUD","1759671986","11310/2025-10-11/1759671986.json"
"888490","710035","2025-10-11","26.00","AUD","1759671986","11310/2025-10-11/1759671986.json"
"796964","564300","2025-10-12","26.00","AUD","1759671986","11310/2025-10-12/1759671986.json"
"888490","710035","2025-10-12","26.00","AUD","1759671986","11310/2025-10-12/1759671986.json"
"796964","564300","2025-10-13","26.00","AUD","1759671986","11310/2025-10-13/1759671986.json"
"796964","564300","2025-10-15","26.00","AUD","1759671986","11310/2025-10-15/1759671986.json"
"888490","710035","2025-10-15","26.00","AUD","1759671986","11310/2025-10-15/1759671986.json"
"888490","710035","2025-10-16","26.00","AUD","1759671986","11310/2025-10-16/1759671986.json"
"796964","564300","2025-10-17","26.00","AUD","1759671986","11310/2025-10-17/1759671986.json"
"888490","710035","2025-10-17","26.00","AUD","1759671986","11310/2025-10-17/1759671986.json"
"796964","564300","2025-10-18","26.00","AUD","1759671986","11310/2025-10-18/1759671986.json"
"796964","564300","2025-10-19","26.00","AUD","1759671986","11310/2025-10-19/1759671986.json"
"888490","710035","2025-10-19","26.00","AUD","1759671986","11310/2025-10-19/1759671986.json"
"796964","564300","2025-10-20","26.00","AUD","1759671986","11310/2025-10-20/1759671986.json"
"888490","710035","2025-10-20","26.00","AUD","1759671986","11310/2025-10-20/1759671986.json"
"796964","564300","2025-10-21","26.00","AUD","1759671986","11310/2025-10-21/1759671986.json"
"888490","710035","2025-10-21","26.00","AUD","1759671986","11310/2025-10-21/1759671986.json"
"796964","564300","2025-10-22","26.00","AUD","1759671986","11310/2025-10-22/1759671986.json"
"888490","710035","2025-10-22","26.00","AUD","1759671986","11310/2025-10-22/1759671986.json"
"796964","564300","2025-10-23","26.00","AUD","1759671986","11310/2025-10-23/1759671986.json"
"888490","710035","2025-10-23","26.00","AUD","1759671986","11310/2025-10-23/1759671986.json"
"796964","564300","2025-10-25","26.00","AUD","1759671986","11310/2025-10-25/1759671986.json"
"796964","564300","2025-10-26","26.00","AUD","1759671986","11310/2025-10-26/1759671986.json"
"796964","564300","2025-10-27","26.00","AUD","1759671986","11310/2025-10-27/1759671986.json"
"888490","710035","2025-10-27","26.00","AUD","1759671986","11310/2025-10-27/1759671986.json"
"796964","564300","2025-10-28","26.00","AUD","1759671986","11310/2025-10-28/1759671986.json"
"888490","710035","2025-10-28","26.00","AUD","1759671986","11310/2025-10-28/1759671986.json"
"796964","564300","2025-10-29","26.00","AUD","1759671986","11310/2025-10-29/1759671986.json"
"888490","710035","2025-10-29","26.00","AUD","1759671986","11310/2025-10-29/1759671986.json"
"796964","564300","2025-10-30","26.00","AUD","1759671986","11310/2025-10-30/1759671986.json"
"888490","710035","2025-10-30","26.00","AUD","1759671986","11310/2025-10-30/1759671986.json"
"796964","564300","2025-10-31","26.00","AUD","1759671986","11310/2025-10-31/1759671986.json"
"888490","710035","2025-10-31","26.00","AUD","1759671986","11310/2025-10-31/1759671986.json"
"796964","564300","2025-11-01","26.00","AUD","1759671986","11310/2025-11-01/1759671986.json"
"888490","710035","2025-11-01","26.00","AUD","1759671986","11310/2025-11-01/1759671986.json"
"796964","564300","2025-11-02","26.00","AUD","1759671986","11310/2025-11-02/1759671986.json"
"888490","710035","2025-11-02","26.00","AUD","1759671986","11310/2025-11-02/1759671986.json"
"888490","710035","2025-10-06","26.00","AUD","1759684878","11310/2025-10-06/1759684878.json"
"888490","710035","2025-10-07","26.00","AUD","1759684878","11310/2025-10-07/1759684878.json"
"796964","564300","2025-10-08","26.00","AUD","1759684878","11310/2025-10-08/1759684878.json"
"888490","710035","2025-10-08","26.00","AUD","1759684878","11310/2025-10-08/1759684878.json"
"796964","564300","2025-10-09","26.00","AUD","1759684878","11310/2025-10-09/1759684878.json"
"888490","710035","2025-10-09","26.00","AUD","1759684878","11310/2025-10-09/1759684878.json"
"796964","564300","2025-10-10","26.00","AUD","1759684878","11310/2025-10-10/1759684878.json"
"888490","710035","2025-10-10","26.00","AUD","1759684878","11310/2025-10-10/1759684878.json"
"796964","564300","2025-10-11","26.00","AUD","1759684878","11310/2025-10-11/1759684878.json"
"888490","710035","2025-10-11","26.00","AUD","1759684878","11310/2025-10-11/1759684878.json"
"796964","564300","2025-10-12","26.00","AUD","1759684878","11310/2025-10-12/1759684878.json"
"888490","710035","2025-10-12","26.00","AUD","1759684878","11310/2025-10-12/1759684878.json"
"796964","564300","2025-10-13","26.00","AUD","1759684878","11310/2025-10-13/1759684878.json"
"796964","564300","2025-10-15","26.00","AUD","1759684878","11310/2025-10-15/1759684878.json"
"888490","710035","2025-10-15","26.00","AUD","1759684878","11310/2025-10-15/1759684878.json"
"888490","710035","2025-10-16","26.00","AUD","1759684878","11310/2025-10-16/1759684878.json"
"796964","564300","2025-10-17","26.00","AUD","1759684878","11310/2025-10-17/1759684878.json"
"888490","710035","2025-10-17","26.00","AUD","1759684878","11310/2025-10-17/1759684878.json"
"796964","564300","2025-10-18","26.00","AUD","1759684878","11310/2025-10-18/1759684878.json"
"796964","564300","2025-10-19","26.00","AUD","1759684878","11310/2025-10-19/1759684878.json"
"888490","710035","2025-10-19","26.00","AUD","1759684878","11310/2025-10-19/1759684878.json"
"796964","564300","2025-10-20","26.00","AUD","1759684878","11310/2025-10-20/1759684878.json"
"888490","710035","2025-10-20","26.00","AUD","1759684878","11310/2025-10-20/1759684878.json"
"796964","564300","2025-10-21","26.00","AUD","1759684878","11310/2025-10-21/1759684878.json"
"888490","710035","2025-10-21","26.00","AUD","1759684878","11310/2025-10-21/1759684878.json"
"796964","564300","2025-10-22","26.00","AUD","1759684878","11310/2025-10-22/1759684878.json"
"888490","710035","2025-10-22","26.00","AUD","1759684878","11310/2025-10-22/1759684878.json"
"796964","564300","2025-10-23","26.00","AUD","1759684878","11310/2025-10-23/1759684878.json"
"888490","710035","2025-10-23","26.00","AUD","1759684878","11310/2025-10-23/1759684878.json"
"796964","564300","2025-10-25","26.00","AUD","1759684878","11310/2025-10-25/1759684878.json"
"796964","564300","2025-10-26","26.00","AUD","1759684878","11310/2025-10-26/1759684878.json"
"796964","564300","2025-10-27","26.00","AUD","1759684878","11310/2025-10-27/1759684878.json"
"888490","710035","2025-10-27","26.00","AUD","1759684878","11310/2025-10-27/1759684878.json"
"796964","564300","2025-10-28","26.00","AUD","1759684878","11310/2025-10-28/1759684878.json"
"888490","710035","2025-10-28","26.00","AUD","1759684878","11310/2025-10-28/1759684878.json"
"796964","564300","2025-10-29","26.00","AUD","1759684878","11310/2025-10-29/1759684878.json"
"888490","710035","2025-10-29","26.00","AUD","1759684878","11310/2025-10-29/1759684878.json"
"796964","564300","2025-10-30","26.00","AUD","1759684878","11310/2025-10-30/1759684878.json"
"888490","710035","2025-10-30","26.00","AUD","1759684878","11310/2025-10-30/1759684878.json"
"796964","564300","2025-10-31","26.00","AUD","1759684878","11310/2025-10-31/1759684878.json"
"888490","710035","2025-10-31","26.00","AUD","1759684878","11310/2025-10-31/1759684878.json"
"796964","564300","2025-11-01","26.00","AUD","1759684878","11310/2025-11-01/1759684878.json"
"888490","710035","2025-11-01","26.00","AUD","1759684878","11310/2025-11-01/1759684878.json"
"796964","564300","2025-11-02","26.00","AUD","1759684878","11310/2025-11-02/1759684878.json"
"888490","710035","2025-11-02","26.00","AUD","1759684878","11310/2025-11-02/1759684878.json"
"888490","710035","2025-10-06","26.00","AUD","1759699162","11310/2025-10-06/1759699162.json"
"888490","710035","2025-10-07","26.00","AUD","1759699162","11310/2025-10-07/1759699162.json"
"796964","564300","2025-10-08","26.00","AUD","1759699162","11310/2025-10-08/1759699162.json"
"888490","710035","2025-10-08","26.00","AUD","1759699162","11310/2025-10-08/1759699162.json"
"796964","564300","2025-10-09","26.00","AUD","1759699162","11310/2025-10-09/1759699162.json"
"888490","710035","2025-10-09","26.00","AUD","1759699162","11310/2025-10-09/1759699162.json"
"796964","564300","2025-10-10","26.00","AUD","1759699162","11310/2025-10-10/1759699162.json"
"888490","710035","2025-10-10","26.00","AUD","1759699162","11310/2025-10-10/1759699162.json"
"796964","564300","2025-10-11","26.00","AUD","1759699162","11310/2025-10-11/1759699162.json"
"888490","710035","2025-10-11","26.00","AUD","1759699162","11310/2025-10-11/1759699162.json"
"796964","564300","2025-10-12","26.00","AUD","1759699162","11310/2025-10-12/1759699162.json"
"888490","710035","2025-10-12","26.00","AUD","1759699162","11310/2025-10-12/1759699162.json"
"796964","564300","2025-10-13","26.00","AUD","1759699162","11310/2025-10-13/1759699162.json"
"796964","564300","2025-10-15","26.00","AUD","1759699162","11310/2025-10-15/1759699162.json"
"888490","710035","2025-10-15","26.00","AUD","1759699162","11310/2025-10-15/1759699162.json"
"888490","710035","2025-10-16","26.00","AUD","1759699162","11310/2025-10-16/1759699162.json"
"796964","564300","2025-10-17","26.00","AUD","1759699162","11310/2025-10-17/1759699162.json"
"888490","710035","2025-10-17","26.00","AUD","1759699162","11310/2025-10-17/1759699162.json"
"796964","564300","2025-10-18","26.00","AUD","1759699162","11310/2025-10-18/1759699162.json"
"796964","564300","2025-10-19","26.00","AUD","1759699162","11310/2025-10-19/1759699162.json"
"888490","710035","2025-10-19","26.00","AUD","1759699162","11310/2025-10-19/1759699162.json"
"796964","564300","2025-10-20","26.00","AUD","1759699162","11310/2025-10-20/1759699162.json"
"888490","710035","2025-10-20","26.00","AUD","1759699162","11310/2025-10-20/1759699162.json"
"796964","564300","2025-10-21","26.00","AUD","1759699162","11310/2025-10-21/1759699162.json"
"888490","710035","2025-10-21","26.00","AUD","1759699162","11310/2025-10-21/1759699162.json"
"796964","564300","2025-10-22","26.00","AUD","1759699162","11310/2025-10-22/1759699162.json"
"888490","710035","2025-10-22","26.00","AUD","1759699162","11310/2025-10-22/1759699162.json"
"796964","564300","2025-10-23","26.00","AUD","1759699162","11310/2025-10-23/1759699162.json"
"888490","710035","2025-10-23","26.00","AUD","1759699162","11310/2025-10-23/1759699162.json"
"796964","564300","2025-10-25","26.00","AUD","1759699162","11310/2025-10-25/1759699162.json"
"796964","564300","2025-10-26","26.00","AUD","1759699162","11310/2025-10-26/1759699162.json"
"796964","564300","2025-10-27","26.00","AUD","1759699162","11310/2025-10-27/1759699162.json"
"888490","710035","2025-10-27","26.00","AUD","1759699162","11310/2025-10-27/1759699162.json"
"796964","564300","2025-10-28","26.00","AUD","1759699162","11310/2025-10-28/1759699162.json"
"888490","710035","2025-10-28","26.00","AUD","1759699162","11310/2025-10-28/1759699162.json"
"796964","564300","2025-10-29","26.00","AUD","1759699162","11310/2025-10-29/1759699162.json"
"888490","710035","2025-10-29","26.00","AUD","1759699162","11310/2025-10-29/1759699162.json"
"796964","564300","2025-10-30","26.00","AUD","1759699162","11310/2025-10-30/1759699162.json"
"888490","710035","2025-10-30","26.00","AUD","1759699162","11310/2025-10-30/1759699162.json"
"796964","564300","2025-10-31","26.00","AUD","1759699162","11310/2025-10-31/1759699162.json"
"888490","710035","2025-10-31","26.00","AUD","1759699162","11310/2025-10-31/1759699162.json"
"796964","564300","2025-11-01","26.00","AUD","1759699162","11310/2025-11-01/1759699162.json"
"888490","710035","2025-11-01","26.00","AUD","1759699162","11310/2025-11-01/1759699162.json"
"796964","564300","2025-11-02","26.00","AUD","1759699162","11310/2025-11-02/1759699162.json"
"888490","710035","2025-11-02","26.00","AUD","1759699162","11310/2025-11-02/1759699162.json"
"888490","710035","2025-10-07","26.00","AUD","1759721655","11310/2025-10-07/1759721655.json"
"796964","564300","2025-10-08","26.00","AUD","1759721655","11310/2025-10-08/1759721655.json"
"888490","710035","2025-10-08","26.00","AUD","1759721655","11310/2025-10-08/1759721655.json"
"796964","564300","2025-10-09","26.00","AUD","1759721655","11310/2025-10-09/1759721655.json"
"888490","710035","2025-10-09","26.00","AUD","1759721655","11310/2025-10-09/1759721655.json"
"796964","564300","2025-10-10","26.00","AUD","1759721655","11310/2025-10-10/1759721655.json"
"888490","710035","2025-10-10","26.00","AUD","1759721655","11310/2025-10-10/1759721655.json"
"796964","564300","2025-10-13","26.00","AUD","1759721655","11310/2025-10-13/1759721655.json"
"796964","564300","2025-10-12","26.00","AUD","1759721655","11310/2025-10-12/1759721655.json"
"888490","710035","2025-10-12","26.00","AUD","1759721655","11310/2025-10-12/1759721655.json"
"796964","564300","2025-10-11","26.00","AUD","1759721655","11310/2025-10-11/1759721655.json"
"888490","710035","2025-10-11","26.00","AUD","1759721655","11310/2025-10-11/1759721655.json"
"796964","564300","2025-10-15","26.00","AUD","1759721655","11310/2025-10-15/1759721655.json"
"888490","710035","2025-10-15","26.00","AUD","1759721655","11310/2025-10-15/1759721655.json"
"888490","710035","2025-10-16","26.00","AUD","1759721655","11310/2025-10-16/1759721655.json"
"796964","564300","2025-10-17","26.00","AUD","1759721655","11310/2025-10-17/1759721655.json"
"888490","710035","2025-10-17","26.00","AUD","1759721655","11310/2025-10-17/1759721655.json"
"796964","564300","2025-10-18","26.00","AUD","1759721655","11310/2025-10-18/1759721655.json"
"796964","564300","2025-10-19","26.00","AUD","1759721655","11310/2025-10-19/1759721655.json"
"888490","710035","2025-10-19","26.00","AUD","1759721655","11310/2025-10-19/1759721655.json"
"796964","564300","2025-10-20","26.00","AUD","1759721655","11310/2025-10-20/1759721655.json"
"888490","710035","2025-10-20","26.00","AUD","1759721655","11310/2025-10-20/1759721655.json"
"796964","564300","2025-10-21","26.00","AUD","1759721655","11310/2025-10-21/1759721655.json"
"888490","710035","2025-10-21","26.00","AUD","1759721655","11310/2025-10-21/1759721655.json"
"796964","564300","2025-10-23","26.00","AUD","1759721655","11310/2025-10-23/1759721655.json"
"888490","710035","2025-10-23","26.00","AUD","1759721655","11310/2025-10-23/1759721655.json"
"796964","564300","2025-10-22","26.00","AUD","1759721655","11310/2025-10-22/1759721655.json"
"888490","710035","2025-10-22","26.00","AUD","1759721655","11310/2025-10-22/1759721655.json"
"796964","564300","2025-10-25","26.00","AUD","1759721655","11310/2025-10-25/1759721655.json"
"796964","564300","2025-10-27","26.00","AUD","1759721655","11310/2025-10-27/1759721655.json"
"888490","710035","2025-10-27","26.00","AUD","1759721655","11310/2025-10-27/1759721655.json"
"796964","564300","2025-10-29","26.00","AUD","1759721655","11310/2025-10-29/1759721655.json"
"888490","710035","2025-10-29","26.00","AUD","1759721655","11310/2025-10-29/1759721655.json"
"796964","564300","2025-10-28","26.00","AUD","1759721655","11310/2025-10-28/1759721655.json"
"888490","710035","2025-10-28","26.00","AUD","1759721655","11310/2025-10-28/1759721655.json"
"796964","564300","2025-10-30","26.00","AUD","1759721655","11310/2025-10-30/1759721655.json"
"888490","710035","2025-10-30","26.00","AUD","1759721655","11310/2025-10-30/1759721655.json"
"796964","564300","2025-10-31","26.00","AUD","1759721655","11310/2025-10-31/1759721655.json"
"888490","710035","2025-10-31","26.00","AUD","1759721655","11310/2025-10-31/1759721655.json"
"796964","564300","2025-11-02","26.00","AUD","1759721655","11310/2025-11-02/1759721655.json"
"888490","710035","2025-11-02","26.00","AUD","1759721655","11310/2025-11-02/1759721655.json"
"796964","564300","2025-11-01","26.00","AUD","1759721655","11310/2025-11-01/1759721655.json"
"888490","710035","2025-11-01","26.00","AUD","1759721655","11310/2025-11-01/1759721655.json"
"796964","564300","2025-10-26","26.00","AUD","1759721655","11310/2025-10-26/1759721655.json"
"888490","710035","2025-10-07","26.00","AUD","1759726912","11310/2025-10-07/1759726912.json"
"796964","564300","2025-10-09","26.00","AUD","1759726912","11310/2025-10-09/1759726912.json"
"888490","710035","2025-10-09","26.00","AUD","1759726912","11310/2025-10-09/1759726912.json"
"796964","564300","2025-10-08","26.00","AUD","1759726912","11310/2025-10-08/1759726912.json"
"888490","710035","2025-10-08","26.00","AUD","1759726912","11310/2025-10-08/1759726912.json"
"796964","564300","2025-10-10","26.00","AUD","1759726912","11310/2025-10-10/1759726912.json"
"888490","710035","2025-10-10","26.00","AUD","1759726912","11310/2025-10-10/1759726912.json"
"796964","564300","2025-10-11","26.00","AUD","1759726912","11310/2025-10-11/1759726912.json"
"888490","710035","2025-10-11","26.00","AUD","1759726912","11310/2025-10-11/1759726912.json"
"796964","564300","2025-10-12","26.00","AUD","1759726912","11310/2025-10-12/1759726912.json"
"888490","710035","2025-10-12","26.00","AUD","1759726912","11310/2025-10-12/1759726912.json"
"796964","564300","2025-10-13","26.00","AUD","1759726912","11310/2025-10-13/1759726912.json"
"796964","564300","2025-10-17","26.00","AUD","1759726912","11310/2025-10-17/1759726912.json"
"888490","710035","2025-10-17","26.00","AUD","1759726912","11310/2025-10-17/1759726912.json"
"796964","564300","2025-10-15","26.00","AUD","1759726912","11310/2025-10-15/1759726912.json"
"888490","710035","2025-10-15","26.00","AUD","1759726912","11310/2025-10-15/1759726912.json"
"888490","710035","2025-10-16","26.00","AUD","1759726912","11310/2025-10-16/1759726912.json"
"796964","564300","2025-10-18","26.00","AUD","1759726912","11310/2025-10-18/1759726912.json"
"796964","564300","2025-10-19","26.00","AUD","1759726912","11310/2025-10-19/1759726912.json"
"888490","710035","2025-10-19","26.00","AUD","1759726912","11310/2025-10-19/1759726912.json"
"796964","564300","2025-10-20","26.00","AUD","1759726912","11310/2025-10-20/1759726912.json"
"888490","710035","2025-10-20","26.00","AUD","1759726912","11310/2025-10-20/1759726912.json"
"796964","564300","2025-10-21","26.00","AUD","1759726912","11310/2025-10-21/1759726912.json"
"888490","710035","2025-10-21","26.00","AUD","1759726912","11310/2025-10-21/1759726912.json"
"796964","564300","2025-10-22","26.00","AUD","1759726912","11310/2025-10-22/1759726912.json"
"888490","710035","2025-10-22","26.00","AUD","1759726912","11310/2025-10-22/1759726912.json"
"796964","564300","2025-10-23","26.00","AUD","1759726912","11310/2025-10-23/1759726912.json"
"888490","710035","2025-10-23","26.00","AUD","1759726912","11310/2025-10-23/1759726912.json"
"796964","564300","2025-10-25","26.00","AUD","1759726912","11310/2025-10-25/1759726912.json"
"796964","564300","2025-10-26","26.00","AUD","1759726912","11310/2025-10-26/1759726912.json"
"796964","564300","2025-10-28","26.00","AUD","1759726912","11310/2025-10-28/1759726912.json"
"888490","710035","2025-10-28","26.00","AUD","1759726912","11310/2025-10-28/1759726912.json"
"796964","564300","2025-10-27","26.00","AUD","1759726912","11310/2025-10-27/1759726912.json"
"888490","710035","2025-10-27","26.00","AUD","1759726912","11310/2025-10-27/1759726912.json"
"796964","564300","2025-10-29","26.00","AUD","1759726912","11310/2025-10-29/1759726912.json"
"888490","710035","2025-10-29","26.00","AUD","1759726912","11310/2025-10-29/1759726912.json"
"796964","564300","2025-10-30","26.00","AUD","1759726912","11310/2025-10-30/1759726912.json"
"888490","710035","2025-10-30","26.00","AUD","1759726912","11310/2025-10-30/1759726912.json"
"796964","564300","2025-11-01","26.00","AUD","1759726912","11310/2025-11-01/1759726912.json"
"888490","710035","2025-11-01","26.00","AUD","1759726912","11310/2025-11-01/1759726912.json"
"796964","564300","2025-10-31","26.00","AUD","1759726912","11310/2025-10-31/1759726912.json"
"888490","710035","2025-10-31","26.00","AUD","1759726912","11310/2025-10-31/1759726912.json"
"796964","564300","2025-11-02","26.00","AUD","1759726912","11310/2025-11-02/1759726912.json"
"888490","710035","2025-11-02","26.00","AUD","1759726912","11310/2025-11-02/1759726912.json"
"796964","564300","2025-10-08","26.00","AUD","1759741854","11310/2025-10-08/1759741854.json"
"888490","710035","2025-10-08","26.00","AUD","1759741854","11310/2025-10-08/1759741854.json"
"796964","564300","2025-10-09","26.00","AUD","1759741854","11310/2025-10-09/1759741854.json"
"888490","710035","2025-10-07","26.00","AUD","1759741854","11310/2025-10-07/1759741854.json"
"888490","710035","2025-10-09","26.00","AUD","1759741854","11310/2025-10-09/1759741854.json"
"796964","564300","2025-10-10","26.00","AUD","1759741854","11310/2025-10-10/1759741854.json"
"888490","710035","2025-10-10","26.00","AUD","1759741854","11310/2025-10-10/1759741854.json"
"796964","564300","2025-10-11","26.00","AUD","1759741854","11310/2025-10-11/1759741854.json"
"888490","710035","2025-10-11","26.00","AUD","1759741854","11310/2025-10-11/1759741854.json"
"796964","564300","2025-10-13","26.00","AUD","1759741854","11310/2025-10-13/1759741854.json"
"796964","564300","2025-10-12","26.00","AUD","1759741854","11310/2025-10-12/1759741854.json"
"888490","710035","2025-10-12","26.00","AUD","1759741854","11310/2025-10-12/1759741854.json"
"888490","710035","2025-10-16","26.00","AUD","1759741854","11310/2025-10-16/1759741854.json"
"796964","564300","2025-10-15","26.00","AUD","1759741854","11310/2025-10-15/1759741854.json"
"888490","710035","2025-10-15","26.00","AUD","1759741854","11310/2025-10-15/1759741854.json"
"796964","564300","2025-10-17","26.00","AUD","1759741854","11310/2025-10-17/1759741854.json"
"888490","710035","2025-10-17","26.00","AUD","1759741854","11310/2025-10-17/1759741854.json"
"796964","564300","2025-10-20","26.00","AUD","1759741854","11310/2025-10-20/1759741854.json"
"888490","710035","2025-10-20","26.00","AUD","1759741854","11310/2025-10-20/1759741854.json"
"796964","564300","2025-10-18","26.00","AUD","1759741854","11310/2025-10-18/1759741854.json"
"796964","564300","2025-10-19","26.00","AUD","1759741854","11310/2025-10-19/1759741854.json"
"888490","710035","2025-10-19","26.00","AUD","1759741854","11310/2025-10-19/1759741854.json"
"796964","564300","2025-10-21","26.00","AUD","1759741854","11310/2025-10-21/1759741854.json"
"888490","710035","2025-10-21","26.00","AUD","1759741854","11310/2025-10-21/1759741854.json"
"796964","564300","2025-10-22","26.00","AUD","1759741854","11310/2025-10-22/1759741854.json"
"888490","710035","2025-10-22","26.00","AUD","1759741854","11310/2025-10-22/1759741854.json"
"796964","564300","2025-10-23","26.00","AUD","1759741854","11310/2025-10-23/1759741854.json"
"888490","710035","2025-10-23","26.00","AUD","1759741854","11310/2025-10-23/1759741854.json"
"796964","564300","2025-10-25","26.00","AUD","1759741854","11310/2025-10-25/1759741854.json"
"796964","564300","2025-10-28","26.00","AUD","1759741854","11310/2025-10-28/1759741854.json"
"888490","710035","2025-10-28","26.00","AUD","1759741854","11310/2025-10-28/1759741854.json"
"796964","564300","2025-10-26","26.00","AUD","1759741854","11310/2025-10-26/1759741854.json"
"796964","564300","2025-10-27","26.00","AUD","1759741854","11310/2025-10-27/1759741854.json"
"888490","710035","2025-10-27","26.00","AUD","1759741854","11310/2025-10-27/1759741854.json"
"796964","564300","2025-10-29","26.00","AUD","1759741854","11310/2025-10-29/1759741854.json"
"888490","710035","2025-10-29","26.00","AUD","1759741854","11310/2025-10-29/1759741854.json"
"796964","564300","2025-10-31","26.00","AUD","1759741854","11310/2025-10-31/1759741854.json"
"888490","710035","2025-10-31","26.00","AUD","1759741854","11310/2025-10-31/1759741854.json"
"796964","564300","2025-11-01","26.00","AUD","1759741854","11310/2025-11-01/1759741854.json"
"796964","564300","2025-10-30","26.00","AUD","1759741854","11310/2025-10-30/1759741854.json"
"888490","710035","2025-11-01","26.00","AUD","1759741854","11310/2025-11-01/1759741854.json"
"888490","710035","2025-10-30","26.00","AUD","1759741854","11310/2025-10-30/1759741854.json"
"796964","564300","2025-11-02","26.00","AUD","1759741854","11310/2025-11-02/1759741854.json"
"888490","710035","2025-11-02","26.00","AUD","1759741854","11310/2025-11-02/1759741854.json"
"796964","564300","2025-10-08","26.00","AUD","1759759269","11310/2025-10-08/1759759269.json"
"888490","710035","2025-10-08","26.00","AUD","1759759269","11310/2025-10-08/1759759269.json"
"888490","710035","2025-10-07","26.00","AUD","1759759269","11310/2025-10-07/1759759269.json"
"796964","564300","2025-10-09","26.00","AUD","1759759269","11310/2025-10-09/1759759269.json"
"888490","710035","2025-10-09","26.00","AUD","1759759269","11310/2025-10-09/1759759269.json"
"796964","564300","2025-10-10","26.00","AUD","1759759269","11310/2025-10-10/1759759269.json"
"888490","710035","2025-10-10","26.00","AUD","1759759269","11310/2025-10-10/1759759269.json"
"796964","564300","2025-10-12","26.00","AUD","1759759269","11310/2025-10-12/1759759269.json"
"888490","710035","2025-10-12","26.00","AUD","1759759269","11310/2025-10-12/1759759269.json"
"796964","564300","2025-10-13","26.00","AUD","1759759269","11310/2025-10-13/1759759269.json"
"796964","564300","2025-10-11","26.00","AUD","1759759269","11310/2025-10-11/1759759269.json"
"888490","710035","2025-10-11","26.00","AUD","1759759269","11310/2025-10-11/1759759269.json"
"796964","564300","2025-10-15","26.00","AUD","1759759269","11310/2025-10-15/1759759269.json"
"888490","710035","2025-10-15","26.00","AUD","1759759269","11310/2025-10-15/1759759269.json"
"888490","710035","2025-10-16","26.00","AUD","1759759269","11310/2025-10-16/1759759269.json"
"796964","564300","2025-10-17","26.00","AUD","1759759269","11310/2025-10-17/1759759269.json"
"888490","710035","2025-10-17","26.00","AUD","1759759269","11310/2025-10-17/1759759269.json"
"796964","564300","2025-10-18","26.00","AUD","1759759269","11310/2025-10-18/1759759269.json"
"796964","564300","2025-10-19","26.00","AUD","1759759269","11310/2025-10-19/1759759269.json"
"888490","710035","2025-10-19","26.00","AUD","1759759269","11310/2025-10-19/1759759269.json"
"796964","564300","2025-10-20","26.00","AUD","1759759269","11310/2025-10-20/1759759269.json"
"888490","710035","2025-10-20","26.00","AUD","1759759269","11310/2025-10-20/1759759269.json"
"796964","564300","2025-10-21","26.00","AUD","1759759269","11310/2025-10-21/1759759269.json"
"888490","710035","2025-10-21","26.00","AUD","1759759269","11310/2025-10-21/1759759269.json"
"796964","564300","2025-10-22","26.00","AUD","1759759269","11310/2025-10-22/1759759269.json"
"888490","710035","2025-10-22","26.00","AUD","1759759269","11310/2025-10-22/1759759269.json"
"796964","564300","2025-10-23","26.00","AUD","1759759269","11310/2025-10-23/1759759269.json"
"888490","710035","2025-10-23","26.00","AUD","1759759269","11310/2025-10-23/1759759269.json"
"796964","564300","2025-10-27","26.00","AUD","1759759269","11310/2025-10-27/1759759269.json"
"888490","710035","2025-10-27","26.00","AUD","1759759269","11310/2025-10-27/1759759269.json"
"796964","564300","2025-10-28","26.00","AUD","1759759269","11310/2025-10-28/1759759269.json"
"888490","710035","2025-10-28","26.00","AUD","1759759269","11310/2025-10-28/1759759269.json"
"796964","564300","2025-10-25","26.00","AUD","1759759269","11310/2025-10-25/1759759269.json"
"796964","564300","2025-10-26","26.00","AUD","1759759269","11310/2025-10-26/1759759269.json"
"796964","564300","2025-10-29","26.00","AUD","1759759269","11310/2025-10-29/1759759269.json"
"888490","710035","2025-10-29","26.00","AUD","1759759269","11310/2025-10-29/1759759269.json"
"796964","564300","2025-10-30","26.00","AUD","1759759269","11310/2025-10-30/1759759269.json"
"888490","710035","2025-10-30","26.00","AUD","1759759269","11310/2025-10-30/1759759269.json"
"796964","564300","2025-11-01","26.00","AUD","1759759269","11310/2025-11-01/1759759269.json"
"888490","710035","2025-11-01","26.00","AUD","1759759269","11310/2025-11-01/1759759269.json"
"796964","564300","2025-10-31","26.00","AUD","1759759269","11310/2025-10-31/1759759269.json"
"888490","710035","2025-10-31","26.00","AUD","1759759269","11310/2025-10-31/1759759269.json"
"796964","564300","2025-11-02","26.00","AUD","1759759269","11310/2025-11-02/1759759269.json"
"888490","710035","2025-11-02","26.00","AUD","1759759269","11310/2025-11-02/1759759269.json"
"796964","564300","2025-10-08","26.00","AUD","1759770476","11310/2025-10-08/1759770476.json"
"888490","710035","2025-10-08","26.00","AUD","1759770476","11310/2025-10-08/1759770476.json"
"888490","710035","2025-10-07","26.00","AUD","1759770476","11310/2025-10-07/1759770476.json"
"796964","564300","2025-10-09","26.00","AUD","1759770476","11310/2025-10-09/1759770476.json"
"888490","710035","2025-10-09","26.00","AUD","1759770476","11310/2025-10-09/1759770476.json"
"796964","564300","2025-10-10","26.00","AUD","1759770476","11310/2025-10-10/1759770476.json"
"888490","710035","2025-10-10","26.00","AUD","1759770476","11310/2025-10-10/1759770476.json"
"796964","564300","2025-10-11","26.00","AUD","1759770476","11310/2025-10-11/1759770476.json"
"888490","710035","2025-10-11","26.00","AUD","1759770476","11310/2025-10-11/1759770476.json"
"796964","564300","2025-10-12","26.00","AUD","1759770476","11310/2025-10-12/1759770476.json"
"888490","710035","2025-10-12","26.00","AUD","1759770476","11310/2025-10-12/1759770476.json"
"796964","564300","2025-10-13","26.00","AUD","1759770476","11310/2025-10-13/1759770476.json"
"796964","564300","2025-10-17","26.00","AUD","1759770476","11310/2025-10-17/1759770476.json"
"888490","710035","2025-10-17","26.00","AUD","1759770476","11310/2025-10-17/1759770476.json"
"796964","564300","2025-10-18","26.00","AUD","1759770476","11310/2025-10-18/1759770476.json"
"888490","710035","2025-10-16","26.00","AUD","1759770476","11310/2025-10-16/1759770476.json"
"796964","564300","2025-10-15","26.00","AUD","1759770476","11310/2025-10-15/1759770476.json"
"888490","710035","2025-10-15","26.00","AUD","1759770476","11310/2025-10-15/1759770476.json"
"796964","564300","2025-10-20","26.00","AUD","1759770476","11310/2025-10-20/1759770476.json"
"888490","710035","2025-10-20","26.00","AUD","1759770476","11310/2025-10-20/1759770476.json"
"796964","564300","2025-10-19","26.00","AUD","1759770476","11310/2025-10-19/1759770476.json"
"888490","710035","2025-10-19","26.00","AUD","1759770476","11310/2025-10-19/1759770476.json"
"796964","564300","2025-10-21","26.00","AUD","1759770476","11310/2025-10-21/1759770476.json"
"888490","710035","2025-10-21","26.00","AUD","1759770476","11310/2025-10-21/1759770476.json"
"796964","564300","2025-10-22","26.00","AUD","1759770476","11310/2025-10-22/1759770476.json"
"888490","710035","2025-10-22","26.00","AUD","1759770476","11310/2025-10-22/1759770476.json"
"796964","564300","2025-10-23","26.00","AUD","1759770476","11310/2025-10-23/1759770476.json"
"888490","710035","2025-10-23","26.00","AUD","1759770476","11310/2025-10-23/1759770476.json"
"796964","564300","2025-10-26","26.00","AUD","1759770476","11310/2025-10-26/1759770476.json"
"796964","564300","2025-10-27","26.00","AUD","1759770476","11310/2025-10-27/1759770476.json"
"888490","710035","2025-10-27","26.00","AUD","1759770476","11310/2025-10-27/1759770476.json"
"796964","564300","2025-10-25","26.00","AUD","1759770476","11310/2025-10-25/1759770476.json"
"796964","564300","2025-10-29","26.00","AUD","1759770476","11310/2025-10-29/1759770476.json"
"888490","710035","2025-10-29","26.00","AUD","1759770476","11310/2025-10-29/1759770476.json"
"796964","564300","2025-10-28","26.00","AUD","1759770476","11310/2025-10-28/1759770476.json"
"888490","710035","2025-10-28","26.00","AUD","1759770476","11310/2025-10-28/1759770476.json"
"796964","564300","2025-10-30","26.00","AUD","1759770476","11310/2025-10-30/1759770476.json"
"888490","710035","2025-10-30","26.00","AUD","1759770476","11310/2025-10-30/1759770476.json"
"796964","564300","2025-10-31","26.00","AUD","1759770476","11310/2025-10-31/1759770476.json"
"888490","710035","2025-10-31","26.00","AUD","1759770476","11310/2025-10-31/1759770476.json"
"796964","564300","2025-11-01","26.00","AUD","1759770476","11310/2025-11-01/1759770476.json"
"796964","564300","2025-11-02","26.00","AUD","1759770476","11310/2025-11-02/1759770476.json"
"888490","710035","2025-11-01","26.00","AUD","1759770476","11310/2025-11-01/1759770476.json"
"888490","710035","2025-11-02","26.00","AUD","1759770476","11310/2025-11-02/1759770476.json"
"796964","564300","2025-10-08","26.00","AUD","1759784282","11310/2025-10-08/1759784282.json"
"888490","710035","2025-10-08","26.00","AUD","1759784282","11310/2025-10-08/1759784282.json"
"796964","564300","2025-10-09","26.00","AUD","1759784282","11310/2025-10-09/1759784282.json"
"888490","710035","2025-10-09","26.00","AUD","1759784282","11310/2025-10-09/1759784282.json"
"888490","710035","2025-10-07","26.00","AUD","1759784282","11310/2025-10-07/1759784282.json"
"796964","564300","2025-10-10","26.00","AUD","1759784282","11310/2025-10-10/1759784282.json"
"888490","710035","2025-10-10","26.00","AUD","1759784282","11310/2025-10-10/1759784282.json"
"796964","564300","2025-10-11","26.00","AUD","1759784282","11310/2025-10-11/1759784282.json"
"888490","710035","2025-10-11","26.00","AUD","1759784282","11310/2025-10-11/1759784282.json"
"796964","564300","2025-10-12","26.00","AUD","1759784282","11310/2025-10-12/1759784282.json"
"888490","710035","2025-10-12","26.00","AUD","1759784282","11310/2025-10-12/1759784282.json"
"796964","564300","2025-10-13","26.00","AUD","1759784282","11310/2025-10-13/1759784282.json"
"796964","564300","2025-10-15","26.00","AUD","1759784282","11310/2025-10-15/1759784282.json"
"888490","710035","2025-10-15","26.00","AUD","1759784282","11310/2025-10-15/1759784282.json"
"796964","564300","2025-10-17","26.00","AUD","1759784282","11310/2025-10-17/1759784282.json"
"888490","710035","2025-10-17","26.00","AUD","1759784282","11310/2025-10-17/1759784282.json"
"888490","710035","2025-10-16","26.00","AUD","1759784282","11310/2025-10-16/1759784282.json"
"796964","564300","2025-10-18","26.00","AUD","1759784282","11310/2025-10-18/1759784282.json"
"796964","564300","2025-10-19","26.00","AUD","1759784282","11310/2025-10-19/1759784282.json"
"888490","710035","2025-10-19","26.00","AUD","1759784282","11310/2025-10-19/1759784282.json"
"796964","564300","2025-10-20","26.00","AUD","1759784282","11310/2025-10-20/1759784282.json"
"888490","710035","2025-10-20","26.00","AUD","1759784282","11310/2025-10-20/1759784282.json"
"796964","564300","2025-10-22","26.00","AUD","1759784282","11310/2025-10-22/1759784282.json"
"888490","710035","2025-10-22","26.00","AUD","1759784282","11310/2025-10-22/1759784282.json"
"796964","564300","2025-10-21","26.00","AUD","1759784282","11310/2025-10-21/1759784282.json"
"796964","564300","2025-10-23","26.00","AUD","1759784282","11310/2025-10-23/1759784282.json"
"888490","710035","2025-10-21","26.00","AUD","1759784282","11310/2025-10-21/1759784282.json"
"888490","710035","2025-10-23","26.00","AUD","1759784282","11310/2025-10-23/1759784282.json"
"796964","564300","2025-10-25","26.00","AUD","1759784282","11310/2025-10-25/1759784282.json"
"796964","564300","2025-10-26","26.00","AUD","1759784282","11310/2025-10-26/1759784282.json"
"796964","564300","2025-10-28","26.00","AUD","1759784282","11310/2025-10-28/1759784282.json"
"888490","710035","2025-10-28","26.00","AUD","1759784282","11310/2025-10-28/1759784282.json"
"796964","564300","2025-10-29","26.00","AUD","1759784282","11310/2025-10-29/1759784282.json"
"888490","710035","2025-10-29","26.00","AUD","1759784282","11310/2025-10-29/1759784282.json"
"796964","564300","2025-10-30","26.00","AUD","1759784282","11310/2025-10-30/1759784282.json"
"888490","710035","2025-10-30","26.00","AUD","1759784282","11310/2025-10-30/1759784282.json"
"796964","564300","2025-10-31","26.00","AUD","1759784282","11310/2025-10-31/1759784282.json"
"796964","564300","2025-11-01","26.00","AUD","1759784282","11310/2025-11-01/1759784282.json"
"888490","710035","2025-11-01","26.00","AUD","1759784282","11310/2025-11-01/1759784282.json"
"888490","710035","2025-10-31","26.00","AUD","1759784282","11310/2025-10-31/1759784282.json"
"796964","564300","2025-11-02","26.00","AUD","1759784282","11310/2025-11-02/1759784282.json"
"888490","710035","2025-11-02","26.00","AUD","1759784282","11310/2025-11-02/1759784282.json"
"796964","564300","2025-10-27","26.00","AUD","1759784282","11310/2025-10-27/1759784282.json"
"888490","710035","2025-10-27","26.00","AUD","1759784282","11310/2025-10-27/1759784282.json"
"796964","564300","2025-10-08","26.00","AUD","1759807845","11310/2025-10-08/1759807845.json"
"888490","710035","2025-10-08","26.00","AUD","1759807845","11310/2025-10-08/1759807845.json"
"796964","564300","2025-10-09","26.00","AUD","1759807845","11310/2025-10-09/1759807845.json"
"888490","710035","2025-10-09","26.00","AUD","1759807845","11310/2025-10-09/1759807845.json"
"796964","564300","2025-10-10","26.00","AUD","1759807845","11310/2025-10-10/1759807845.json"
"888490","710035","2025-10-10","26.00","AUD","1759807845","11310/2025-10-10/1759807845.json"
"796964","564300","2025-10-13","26.00","AUD","1759807845","11310/2025-10-13/1759807845.json"
"796964","564300","2025-10-12","26.00","AUD","1759807845","11310/2025-10-12/1759807845.json"
"888490","710035","2025-10-12","26.00","AUD","1759807845","11310/2025-10-12/1759807845.json"
"796964","564300","2025-10-11","26.00","AUD","1759807845","11310/2025-10-11/1759807845.json"
"888490","710035","2025-10-11","26.00","AUD","1759807845","11310/2025-10-11/1759807845.json"
"796964","564300","2025-10-15","26.00","AUD","1759807845","11310/2025-10-15/1759807845.json"
"888490","710035","2025-10-15","26.00","AUD","1759807845","11310/2025-10-15/1759807845.json"
"888490","710035","2025-10-16","26.00","AUD","1759807845","11310/2025-10-16/1759807845.json"
"796964","564300","2025-10-18","26.00","AUD","1759807845","11310/2025-10-18/1759807845.json"
"796964","564300","2025-10-17","26.00","AUD","1759807845","11310/2025-10-17/1759807845.json"
"888490","710035","2025-10-17","26.00","AUD","1759807845","11310/2025-10-17/1759807845.json"
"796964","564300","2025-10-19","26.00","AUD","1759807845","11310/2025-10-19/1759807845.json"
"888490","710035","2025-10-19","26.00","AUD","1759807845","11310/2025-10-19/1759807845.json"
"796964","564300","2025-10-20","26.00","AUD","1759807845","11310/2025-10-20/1759807845.json"
"888490","710035","2025-10-20","26.00","AUD","1759807845","11310/2025-10-20/1759807845.json"
"796964","564300","2025-10-22","26.00","AUD","1759807845","11310/2025-10-22/1759807845.json"
"888490","710035","2025-10-22","26.00","AUD","1759807845","11310/2025-10-22/1759807845.json"
"796964","564300","2025-10-21","26.00","AUD","1759807845","11310/2025-10-21/1759807845.json"
"888490","710035","2025-10-21","26.00","AUD","1759807845","11310/2025-10-21/1759807845.json"
"796964","564300","2025-10-23","26.00","AUD","1759807845","11310/2025-10-23/1759807845.json"
"888490","710035","2025-10-23","26.00","AUD","1759807845","11310/2025-10-23/1759807845.json"
"796964","564300","2025-10-26","26.00","AUD","1759807845","11310/2025-10-26/1759807845.json"
"796964","564300","2025-10-25","26.00","AUD","1759807845","11310/2025-10-25/1759807845.json"
"796964","564300","2025-10-27","26.00","AUD","1759807845","11310/2025-10-27/1759807845.json"
"888490","710035","2025-10-27","26.00","AUD","1759807845","11310/2025-10-27/1759807845.json"
"796964","564300","2025-10-28","26.00","AUD","1759807845","11310/2025-10-28/1759807845.json"
"888490","710035","2025-10-28","26.00","AUD","1759807845","11310/2025-10-28/1759807845.json"
"796964","564300","2025-10-30","26.00","AUD","1759807845","11310/2025-10-30/1759807845.json"
"888490","710035","2025-10-30","26.00","AUD","1759807845","11310/2025-10-30/1759807845.json"
"796964","564300","2025-10-29","26.00","AUD","1759807845","11310/2025-10-29/1759807845.json"
"888490","710035","2025-10-29","26.00","AUD","1759807845","11310/2025-10-29/1759807845.json"
"796964","564300","2025-10-31","26.00","AUD","1759807845","11310/2025-10-31/1759807845.json"
"888490","710035","2025-10-31","26.00","AUD","1759807845","11310/2025-10-31/1759807845.json"
"796964","564300","2025-11-01","26.00","AUD","1759807845","11310/2025-11-01/1759807845.json"
"888490","710035","2025-11-01","26.00","AUD","1759807845","11310/2025-11-01/1759807845.json"
"796964","564300","2025-11-02","26.00","AUD","1759807845","11310/2025-11-02/1759807845.json"
"888490","710035","2025-11-02","26.00","AUD","1759807845","11310/2025-11-02/1759807845.json"
"796964","564300","2025-10-10","26.00","AUD","1759813266","11310/2025-10-10/1759813266.json"
"888490","710035","2025-10-10","26.00","AUD","1759813266","11310/2025-10-10/1759813266.json"
"796964","564300","2025-10-09","26.00","AUD","1759813266","11310/2025-10-09/1759813266.json"
"888490","710035","2025-10-09","26.00","AUD","1759813266","11310/2025-10-09/1759813266.json"
"796964","564300","2025-10-08","26.00","AUD","1759813266","11310/2025-10-08/1759813266.json"
"888490","710035","2025-10-08","26.00","AUD","1759813266","11310/2025-10-08/1759813266.json"
"796964","564300","2025-10-12","26.00","AUD","1759813266","11310/2025-10-12/1759813266.json"
"888490","710035","2025-10-12","26.00","AUD","1759813266","11310/2025-10-12/1759813266.json"
"796964","564300","2025-10-11","26.00","AUD","1759813266","11310/2025-10-11/1759813266.json"
"888490","710035","2025-10-11","26.00","AUD","1759813266","11310/2025-10-11/1759813266.json"
"796964","564300","2025-10-13","26.00","AUD","1759813266","11310/2025-10-13/1759813266.json"
"888490","710035","2025-10-16","26.00","AUD","1759813266","11310/2025-10-16/1759813266.json"
"796964","564300","2025-10-15","26.00","AUD","1759813266","11310/2025-10-15/1759813266.json"
"888490","710035","2025-10-15","26.00","AUD","1759813266","11310/2025-10-15/1759813266.json"
"796964","564300","2025-10-17","26.00","AUD","1759813266","11310/2025-10-17/1759813266.json"
"888490","710035","2025-10-17","26.00","AUD","1759813266","11310/2025-10-17/1759813266.json"
"796964","564300","2025-10-18","26.00","AUD","1759813266","11310/2025-10-18/1759813266.json"
"796964","564300","2025-10-20","26.00","AUD","1759813266","11310/2025-10-20/1759813266.json"
"888490","710035","2025-10-20","26.00","AUD","1759813266","11310/2025-10-20/1759813266.json"
"796964","564300","2025-10-19","26.00","AUD","1759813266","11310/2025-10-19/1759813266.json"
"888490","710035","2025-10-19","26.00","AUD","1759813266","11310/2025-10-19/1759813266.json"
"796964","564300","2025-10-22","26.00","AUD","1759813266","11310/2025-10-22/1759813266.json"
"888490","710035","2025-10-22","26.00","AUD","1759813266","11310/2025-10-22/1759813266.json"
"796964","564300","2025-10-23","26.00","AUD","1759813266","11310/2025-10-23/1759813266.json"
"888490","710035","2025-10-23","26.00","AUD","1759813266","11310/2025-10-23/1759813266.json"
"796964","564300","2025-10-21","26.00","AUD","1759813266","11310/2025-10-21/1759813266.json"
"888490","710035","2025-10-21","26.00","AUD","1759813266","11310/2025-10-21/1759813266.json"
"796964","564300","2025-10-25","26.00","AUD","1759813266","11310/2025-10-25/1759813266.json"
"796964","564300","2025-10-26","26.00","AUD","1759813266","11310/2025-10-26/1759813266.json"
"796964","564300","2025-10-27","26.00","AUD","1759813266","11310/2025-10-27/1759813266.json"
"888490","710035","2025-10-27","26.00","AUD","1759813266","11310/2025-10-27/1759813266.json"
"796964","564300","2025-10-28","26.00","AUD","1759813266","11310/2025-10-28/1759813266.json"
"888490","710035","2025-10-28","26.00","AUD","1759813266","11310/2025-10-28/1759813266.json"
"796964","564300","2025-10-29","26.00","AUD","1759813266","11310/2025-10-29/1759813266.json"
"888490","710035","2025-10-29","26.00","AUD","1759813266","11310/2025-10-29/1759813266.json"
"796964","564300","2025-10-30","26.00","AUD","1759813266","11310/2025-10-30/1759813266.json"
"888490","710035","2025-10-30","26.00","AUD","1759813266","11310/2025-10-30/1759813266.json"
"796964","564300","2025-11-01","26.00","AUD","1759813266","11310/2025-11-01/1759813266.json"
"888490","710035","2025-11-01","26.00","AUD","1759813266","11310/2025-11-01/1759813266.json"
"796964","564300","2025-11-02","26.00","AUD","1759813266","11310/2025-11-02/1759813266.json"
"888490","710035","2025-11-02","26.00","AUD","1759813266","11310/2025-11-02/1759813266.json"
"796964","564300","2025-10-31","26.00","AUD","1759813266","11310/2025-10-31/1759813266.json"
"888490","710035","2025-10-31","26.00","AUD","1759813266","11310/2025-10-31/1759813266.json"
"796964","564300","2025-10-08","26.00","AUD","1759828250","11310/2025-10-08/1759828250.json"
"888490","710035","2025-10-08","26.00","AUD","1759828250","11310/2025-10-08/1759828250.json"
"796964","564300","2025-10-10","26.00","AUD","1759828250","11310/2025-10-10/1759828250.json"
"888490","710035","2025-10-10","26.00","AUD","1759828250","11310/2025-10-10/1759828250.json"
"796964","564300","2025-10-09","26.00","AUD","1759828250","11310/2025-10-09/1759828250.json"
"888490","710035","2025-10-09","26.00","AUD","1759828250","11310/2025-10-09/1759828250.json"
"796964","564300","2025-10-11","26.00","AUD","1759828250","11310/2025-10-11/1759828250.json"
"888490","710035","2025-10-11","26.00","AUD","1759828250","11310/2025-10-11/1759828250.json"
"796964","564300","2025-10-13","26.00","AUD","1759828250","11310/2025-10-13/1759828250.json"
"796964","564300","2025-10-12","26.00","AUD","1759828250","11310/2025-10-12/1759828250.json"
"888490","710035","2025-10-12","26.00","AUD","1759828250","11310/2025-10-12/1759828250.json"
"796964","564300","2025-10-15","26.00","AUD","1759828250","11310/2025-10-15/1759828250.json"
"888490","710035","2025-10-15","26.00","AUD","1759828250","11310/2025-10-15/1759828250.json"
"888490","710035","2025-10-16","26.00","AUD","1759828250","11310/2025-10-16/1759828250.json"
"796964","564300","2025-10-17","26.00","AUD","1759828250","11310/2025-10-17/1759828250.json"
"888490","710035","2025-10-17","26.00","AUD","1759828250","11310/2025-10-17/1759828250.json"
"796964","564300","2025-10-18","26.00","AUD","1759828250","11310/2025-10-18/1759828250.json"
"796964","564300","2025-10-19","26.00","AUD","1759828250","11310/2025-10-19/1759828250.json"
"888490","710035","2025-10-19","26.00","AUD","1759828250","11310/2025-10-19/1759828250.json"
"796964","564300","2025-10-22","26.00","AUD","1759828250","11310/2025-10-22/1759828250.json"
"888490","710035","2025-10-22","26.00","AUD","1759828250","11310/2025-10-22/1759828250.json"
"796964","564300","2025-10-21","26.00","AUD","1759828250","11310/2025-10-21/1759828250.json"
"888490","710035","2025-10-21","26.00","AUD","1759828250","11310/2025-10-21/1759828250.json"
"796964","564300","2025-10-20","26.00","AUD","1759828250","11310/2025-10-20/1759828250.json"
"888490","710035","2025-10-20","26.00","AUD","1759828250","11310/2025-10-20/1759828250.json"
"796964","564300","2025-10-23","26.00","AUD","1759828250","11310/2025-10-23/1759828250.json"
"888490","710035","2025-10-23","26.00","AUD","1759828250","11310/2025-10-23/1759828250.json"
"796964","564300","2025-10-25","26.00","AUD","1759828250","11310/2025-10-25/1759828250.json"
"796964","564300","2025-10-26","26.00","AUD","1759828250","11310/2025-10-26/1759828250.json"
"796964","564300","2025-10-28","26.00","AUD","1759828250","11310/2025-10-28/1759828250.json"
"888490","710035","2025-10-28","26.00","AUD","1759828250","11310/2025-10-28/1759828250.json"
"796964","564300","2025-10-27","26.00","AUD","1759828250","11310/2025-10-27/1759828250.json"
"888490","710035","2025-10-27","26.00","AUD","1759828250","11310/2025-10-27/1759828250.json"
"796964","564300","2025-10-29","26.00","AUD","1759828250","11310/2025-10-29/1759828250.json"
"888490","710035","2025-10-29","26.00","AUD","1759828250","11310/2025-10-29/1759828250.json"
"796964","564300","2025-10-30","26.00","AUD","1759828250","11310/2025-10-30/1759828250.json"
"888490","710035","2025-10-30","26.00","AUD","1759828250","11310/2025-10-30/1759828250.json"
"796964","564300","2025-11-01","26.00","AUD","1759828250","11310/2025-11-01/1759828250.json"
"888490","710035","2025-11-01","26.00","AUD","1759828250","11310/2025-11-01/1759828250.json"
"796964","564300","2025-10-31","26.00","AUD","1759828250","11310/2025-10-31/1759828250.json"
"888490","710035","2025-10-31","26.00","AUD","1759828250","11310/2025-10-31/1759828250.json"
"796964","564300","2025-11-02","26.00","AUD","1759828250","11310/2025-11-02/1759828250.json"
"888490","710035","2025-11-02","26.00","AUD","1759828250","11310/2025-11-02/1759828250.json"
"796964","564300","2025-10-10","26.00","AUD","1759845715","11310/2025-10-10/1759845715.json"
"888490","710035","2025-10-10","26.00","AUD","1759845715","11310/2025-10-10/1759845715.json"
"796964","564300","2025-10-11","26.00","AUD","1759845715","11310/2025-10-11/1759845715.json"
"888490","710035","2025-10-11","26.00","AUD","1759845715","11310/2025-10-11/1759845715.json"
"796964","564300","2025-10-12","26.00","AUD","1759845715","11310/2025-10-12/1759845715.json"
"888490","710035","2025-10-12","26.00","AUD","1759845715","11310/2025-10-12/1759845715.json"
"796964","564300","2025-10-13","26.00","AUD","1759845715","11310/2025-10-13/1759845715.json"
"796964","564300","2025-10-15","26.00","AUD","1759845715","11310/2025-10-15/1759845715.json"
"888490","710035","2025-10-15","26.00","AUD","1759845715","11310/2025-10-15/1759845715.json"
"888490","710035","2025-10-16","26.00","AUD","1759845715","11310/2025-10-16/1759845715.json"
"796964","564300","2025-10-17","26.00","AUD","1759845715","11310/2025-10-17/1759845715.json"
"888490","710035","2025-10-17","26.00","AUD","1759845715","11310/2025-10-17/1759845715.json"
"796964","564300","2025-10-19","26.00","AUD","1759845715","11310/2025-10-19/1759845715.json"
"888490","710035","2025-10-19","26.00","AUD","1759845715","11310/2025-10-19/1759845715.json"
"796964","564300","2025-10-18","26.00","AUD","1759845715","11310/2025-10-18/1759845715.json"
"796964","564300","2025-10-20","26.00","AUD","1759845715","11310/2025-10-20/1759845715.json"
"888490","710035","2025-10-20","26.00","AUD","1759845715","11310/2025-10-20/1759845715.json"
"796964","564300","2025-10-21","26.00","AUD","1759845715","11310/2025-10-21/1759845715.json"
"888490","710035","2025-10-21","26.00","AUD","1759845715","11310/2025-10-21/1759845715.json"
"796964","564300","2025-10-22","26.00","AUD","1759845715","11310/2025-10-22/1759845715.json"
"888490","710035","2025-10-22","26.00","AUD","1759845715","11310/2025-10-22/1759845715.json"
"796964","564300","2025-10-25","26.00","AUD","1759845715","11310/2025-10-25/1759845715.json"
"796964","564300","2025-10-26","26.00","AUD","1759845715","11310/2025-10-26/1759845715.json"
"796964","564300","2025-10-23","26.00","AUD","1759845715","11310/2025-10-23/1759845715.json"
"888490","710035","2025-10-23","26.00","AUD","1759845715","11310/2025-10-23/1759845715.json"
"796964","564300","2025-10-27","26.00","AUD","1759845715","11310/2025-10-27/1759845715.json"
"888490","710035","2025-10-27","26.00","AUD","1759845715","11310/2025-10-27/1759845715.json"
"796964","564300","2025-10-28","26.00","AUD","1759845715","11310/2025-10-28/1759845715.json"
"888490","710035","2025-10-28","26.00","AUD","1759845715","11310/2025-10-28/1759845715.json"
"796964","564300","2025-10-29","26.00","AUD","1759845715","11310/2025-10-29/1759845715.json"
"888490","710035","2025-10-29","26.00","AUD","1759845715","11310/2025-10-29/1759845715.json"
"796964","564300","2025-10-30","26.00","AUD","1759845715","11310/2025-10-30/1759845715.json"
"888490","710035","2025-10-30","26.00","AUD","1759845715","11310/2025-10-30/1759845715.json"
"796964","564300","2025-10-31","26.00","AUD","1759845715","11310/2025-10-31/1759845715.json"
"888490","710035","2025-10-31","26.00","AUD","1759845715","11310/2025-10-31/1759845715.json"
"796964","564300","2025-11-02","26.00","AUD","1759845715","11310/2025-11-02/1759845715.json"
"888490","710035","2025-11-02","26.00","AUD","1759845715","11310/2025-11-02/1759845715.json"
"796964","564300","2025-11-01","26.00","AUD","1759845715","11310/2025-11-01/1759845715.json"
"888490","710035","2025-11-01","26.00","AUD","1759845715","11310/2025-11-01/1759845715.json"
"796964","564300","2025-10-10","26.00","AUD","1759856864","11310/2025-10-10/1759856864.json"
"888490","710035","2025-10-10","26.00","AUD","1759856864","11310/2025-10-10/1759856864.json"
"796964","564300","2025-10-11","26.00","AUD","1759856864","11310/2025-10-11/1759856864.json"
"888490","710035","2025-10-11","26.00","AUD","1759856864","11310/2025-10-11/1759856864.json"
"796964","564300","2025-10-13","26.00","AUD","1759856864","11310/2025-10-13/1759856864.json"
"888490","710035","2025-10-12","26.00","AUD","1759856864","11310/2025-10-12/1759856864.json"
"796964","564300","2025-10-15","26.00","AUD","1759856864","11310/2025-10-15/1759856864.json"
"888490","710035","2025-10-15","26.00","AUD","1759856864","11310/2025-10-15/1759856864.json"
"796964","564300","2025-10-17","26.00","AUD","1759856864","11310/2025-10-17/1759856864.json"
"888490","710035","2025-10-17","26.00","AUD","1759856864","11310/2025-10-17/1759856864.json"
"888490","710035","2025-10-16","26.00","AUD","1759856864","11310/2025-10-16/1759856864.json"
"796964","564300","2025-10-18","26.00","AUD","1759856864","11310/2025-10-18/1759856864.json"
"796964","564300","2025-10-20","26.00","AUD","1759856864","11310/2025-10-20/1759856864.json"
"888490","710035","2025-10-20","26.00","AUD","1759856864","11310/2025-10-20/1759856864.json"
"796964","564300","2025-10-19","26.00","AUD","1759856864","11310/2025-10-19/1759856864.json"
"888490","710035","2025-10-19","26.00","AUD","1759856864","11310/2025-10-19/1759856864.json"
"796964","564300","2025-10-21","26.00","AUD","1759856864","11310/2025-10-21/1759856864.json"
"888490","710035","2025-10-21","26.00","AUD","1759856864","11310/2025-10-21/1759856864.json"
"796964","564300","2025-10-22","26.00","AUD","1759856864","11310/2025-10-22/1759856864.json"
"888490","710035","2025-10-22","26.00","AUD","1759856864","11310/2025-10-22/1759856864.json"
"796964","564300","2025-10-23","26.00","AUD","1759856864","11310/2025-10-23/1759856864.json"
"888490","710035","2025-10-23","26.00","AUD","1759856864","11310/2025-10-23/1759856864.json"
"796964","564300","2025-10-25","26.00","AUD","1759856864","11310/2025-10-25/1759856864.json"
"796964","564300","2025-10-26","26.00","AUD","1759856864","11310/2025-10-26/1759856864.json"
"796964","564300","2025-10-27","26.00","AUD","1759856864","11310/2025-10-27/1759856864.json"
"888490","710035","2025-10-27","26.00","AUD","1759856864","11310/2025-10-27/1759856864.json"
"796964","564300","2025-10-28","26.00","AUD","1759856864","11310/2025-10-28/1759856864.json"
"888490","710035","2025-10-28","26.00","AUD","1759856864","11310/2025-10-28/1759856864.json"
"796964","564300","2025-10-29","26.00","AUD","1759856864","11310/2025-10-29/1759856864.json"
"888490","710035","2025-10-29","26.00","AUD","1759856864","11310/2025-10-29/1759856864.json"
"796964","564300","2025-10-30","26.00","AUD","1759856864","11310/2025-10-30/1759856864.json"
"888490","710035","2025-10-30","26.00","AUD","1759856864","11310/2025-10-30/1759856864.json"
"796964","564300","2025-10-31","26.00","AUD","1759856864","11310/2025-10-31/1759856864.json"
"888490","710035","2025-10-31","26.00","AUD","1759856864","11310/2025-10-31/1759856864.json"
"796964","564300","2025-11-01","26.00","AUD","1759856864","11310/2025-11-01/1759856864.json"
"888490","710035","2025-11-01","26.00","AUD","1759856864","11310/2025-11-01/1759856864.json"
"796964","564300","2025-11-02","26.00","AUD","1759856864","11310/2025-11-02/1759856864.json"
"888490","710035","2025-11-02","26.00","AUD","1759856864","11310/2025-11-02/1759856864.json"
"796964","564300","2025-10-10","26.00","AUD","1759870624","11310/2025-10-10/1759870624.json"
"888490","710035","2025-10-10","26.00","AUD","1759870624","11310/2025-10-10/1759870624.json"
"796964","564300","2025-10-11","26.00","AUD","1759870624","11310/2025-10-11/1759870624.json"
"888490","710035","2025-10-11","26.00","AUD","1759870624","11310/2025-10-11/1759870624.json"
"888490","710035","2025-10-12","26.00","AUD","1759870624","11310/2025-10-12/1759870624.json"
"796964","564300","2025-10-15","26.00","AUD","1759870624","11310/2025-10-15/1759870624.json"
"888490","710035","2025-10-15","26.00","AUD","1759870624","11310/2025-10-15/1759870624.json"
"796964","564300","2025-10-13","26.00","AUD","1759870624","11310/2025-10-13/1759870624.json"
"888490","710035","2025-10-16","26.00","AUD","1759870624","11310/2025-10-16/1759870624.json"
"796964","564300","2025-10-17","26.00","AUD","1759870624","11310/2025-10-17/1759870624.json"
"888490","710035","2025-10-17","26.00","AUD","1759870624","11310/2025-10-17/1759870624.json"
"796964","564300","2025-10-18","26.00","AUD","1759870624","11310/2025-10-18/1759870624.json"
"796964","564300","2025-10-19","26.00","AUD","1759870624","11310/2025-10-19/1759870624.json"
"888490","710035","2025-10-19","26.00","AUD","1759870624","11310/2025-10-19/1759870624.json"
"796964","564300","2025-10-20","26.00","AUD","1759870624","11310/2025-10-20/1759870624.json"
"888490","710035","2025-10-20","26.00","AUD","1759870624","11310/2025-10-20/1759870624.json"
"796964","564300","2025-10-21","26.00","AUD","1759870624","11310/2025-10-21/1759870624.json"
"888490","710035","2025-10-21","26.00","AUD","1759870624","11310/2025-10-21/1759870624.json"
"796964","564300","2025-10-22","26.00","AUD","1759870624","11310/2025-10-22/1759870624.json"
"888490","710035","2025-10-22","26.00","AUD","1759870624","11310/2025-10-22/1759870624.json"
"796964","564300","2025-10-23","26.00","AUD","1759870624","11310/2025-10-23/1759870624.json"
"888490","710035","2025-10-23","26.00","AUD","1759870624","11310/2025-10-23/1759870624.json"
"796964","564300","2025-10-25","26.00","AUD","1759870624","11310/2025-10-25/1759870624.json"
"796964","564300","2025-10-26","26.00","AUD","1759870624","11310/2025-10-26/1759870624.json"
"796964","564300","2025-10-27","26.00","AUD","1759870624","11310/2025-10-27/1759870624.json"
"888490","710035","2025-10-27","26.00","AUD","1759870624","11310/2025-10-27/1759870624.json"
"796964","564300","2025-10-29","26.00","AUD","1759870624","11310/2025-10-29/1759870624.json"
"888490","710035","2025-10-29","26.00","AUD","1759870624","11310/2025-10-29/1759870624.json"
"796964","564300","2025-10-28","26.00","AUD","1759870624","11310/2025-10-28/1759870624.json"
"888490","710035","2025-10-28","26.00","AUD","1759870624","11310/2025-10-28/1759870624.json"
"796964","564300","2025-10-30","26.00","AUD","1759870624","11310/2025-10-30/1759870624.json"
"888490","710035","2025-10-30","26.00","AUD","1759870624","11310/2025-10-30/1759870624.json"
"796964","564300","2025-10-31","26.00","AUD","1759870624","11310/2025-10-31/1759870624.json"
"888490","710035","2025-10-31","26.00","AUD","1759870624","11310/2025-10-31/1759870624.json"
"796964","564300","2025-11-01","26.00","AUD","1759870624","11310/2025-11-01/1759870624.json"
"888490","710035","2025-11-01","26.00","AUD","1759870624","11310/2025-11-01/1759870624.json"
"796964","564300","2025-11-02","26.00","AUD","1759870624","11310/2025-11-02/1759870624.json"
"888490","710035","2025-11-02","26.00","AUD","1759870624","11310/2025-11-02/1759870624.json"
"796964","564300","2025-10-10","26.00","AUD","1759894015","11310/2025-10-10/1759894015.json"
"888490","710035","2025-10-10","26.00","AUD","1759894015","11310/2025-10-10/1759894015.json"
"796964","564300","2025-10-11","26.00","AUD","1759894015","11310/2025-10-11/1759894015.json"
"888490","710035","2025-10-11","26.00","AUD","1759894015","11310/2025-10-11/1759894015.json"
"796964","564300","2025-10-13","26.00","AUD","1759894015","11310/2025-10-13/1759894015.json"
"796964","564300","2025-10-15","26.00","AUD","1759894015","11310/2025-10-15/1759894015.json"
"888490","710035","2025-10-15","26.00","AUD","1759894015","11310/2025-10-15/1759894015.json"
"888490","710035","2025-10-16","26.00","AUD","1759894015","11310/2025-10-16/1759894015.json"
"888490","710035","2025-10-12","26.00","AUD","1759894015","11310/2025-10-12/1759894015.json"
"796964","564300","2025-10-18","26.00","AUD","1759894015","11310/2025-10-18/1759894015.json"
"796964","564300","2025-10-17","26.00","AUD","1759894015","11310/2025-10-17/1759894015.json"
"888490","710035","2025-10-17","26.00","AUD","1759894015","11310/2025-10-17/1759894015.json"
"796964","564300","2025-10-19","26.00","AUD","1759894015","11310/2025-10-19/1759894015.json"
"888490","710035","2025-10-19","26.00","AUD","1759894015","11310/2025-10-19/1759894015.json"
"796964","564300","2025-10-20","26.00","AUD","1759894015","11310/2025-10-20/1759894015.json"
"888490","710035","2025-10-20","26.00","AUD","1759894015","11310/2025-10-20/1759894015.json"
"796964","564300","2025-10-21","26.00","AUD","1759894015","11310/2025-10-21/1759894015.json"
"888490","710035","2025-10-21","26.00","AUD","1759894015","11310/2025-10-21/1759894015.json"
"796964","564300","2025-10-22","26.00","AUD","1759894015","11310/2025-10-22/1759894015.json"
"888490","710035","2025-10-22","26.00","AUD","1759894015","11310/2025-10-22/1759894015.json"
"796964","564300","2025-10-23","26.00","AUD","1759894015","11310/2025-10-23/1759894015.json"
"888490","710035","2025-10-23","26.00","AUD","1759894015","11310/2025-10-23/1759894015.json"
"796964","564300","2025-10-25","26.00","AUD","1759894015","11310/2025-10-25/1759894015.json"
"796964","564300","2025-10-26","26.00","AUD","1759894015","11310/2025-10-26/1759894015.json"
"796964","564300","2025-10-27","26.00","AUD","1759894015","11310/2025-10-27/1759894015.json"
"888490","710035","2025-10-27","26.00","AUD","1759894015","11310/2025-10-27/1759894015.json"
"796964","564300","2025-10-29","26.00","AUD","1759894015","11310/2025-10-29/1759894015.json"
"888490","710035","2025-10-29","26.00","AUD","1759894015","11310/2025-10-29/1759894015.json"
"796964","564300","2025-10-28","26.00","AUD","1759894015","11310/2025-10-28/1759894015.json"
"888490","710035","2025-10-28","26.00","AUD","1759894015","11310/2025-10-28/1759894015.json"
"796964","564300","2025-10-30","26.00","AUD","1759894015","11310/2025-10-30/1759894015.json"
"888490","710035","2025-10-30","26.00","AUD","1759894015","11310/2025-10-30/1759894015.json"
"796964","564300","2025-10-31","26.00","AUD","1759894015","11310/2025-10-31/1759894015.json"
"888490","710035","2025-10-31","26.00","AUD","1759894015","11310/2025-10-31/1759894015.json"
"796964","564300","2025-11-02","26.00","AUD","1759894015","11310/2025-11-02/1759894015.json"
"888490","710035","2025-11-02","26.00","AUD","1759894015","11310/2025-11-02/1759894015.json"
"796964","564300","2025-11-01","26.00","AUD","1759894015","11310/2025-11-01/1759894015.json"
"888490","710035","2025-11-01","26.00","AUD","1759894015","11310/2025-11-01/1759894015.json"
"796964","564300","2025-10-11","26.00","AUD","1759899941","11310/2025-10-11/1759899941.json"
"888490","710035","2025-10-11","26.00","AUD","1759899941","11310/2025-10-11/1759899941.json"
"796964","564300","2025-10-10","26.00","AUD","1759899941","11310/2025-10-10/1759899941.json"
"888490","710035","2025-10-10","26.00","AUD","1759899941","11310/2025-10-10/1759899941.json"
"796964","564300","2025-10-13","26.00","AUD","1759899941","11310/2025-10-13/1759899941.json"
"796964","564300","2025-10-15","26.00","AUD","1759899941","11310/2025-10-15/1759899941.json"
"888490","710035","2025-10-15","26.00","AUD","1759899941","11310/2025-10-15/1759899941.json"
"888490","710035","2025-10-12","26.00","AUD","1759899941","11310/2025-10-12/1759899941.json"
"796964","564300","2025-10-17","26.00","AUD","1759899941","11310/2025-10-17/1759899941.json"
"888490","710035","2025-10-17","26.00","AUD","1759899941","11310/2025-10-17/1759899941.json"
"796964","564300","2025-10-18","26.00","AUD","1759899941","11310/2025-10-18/1759899941.json"
"888490","710035","2025-10-16","26.00","AUD","1759899941","11310/2025-10-16/1759899941.json"
"796964","564300","2025-10-19","26.00","AUD","1759899941","11310/2025-10-19/1759899941.json"
"888490","710035","2025-10-19","26.00","AUD","1759899941","11310/2025-10-19/1759899941.json"
"796964","564300","2025-10-20","26.00","AUD","1759899941","11310/2025-10-20/1759899941.json"
"888490","710035","2025-10-20","26.00","AUD","1759899941","11310/2025-10-20/1759899941.json"
"796964","564300","2025-10-21","26.00","AUD","1759899941","11310/2025-10-21/1759899941.json"
"888490","710035","2025-10-21","26.00","AUD","1759899941","11310/2025-10-21/1759899941.json"
"796964","564300","2025-10-22","26.00","AUD","1759899941","11310/2025-10-22/1759899941.json"
"888490","710035","2025-10-22","26.00","AUD","1759899941","11310/2025-10-22/1759899941.json"
"796964","564300","2025-10-23","26.00","AUD","1759899941","11310/2025-10-23/1759899941.json"
"888490","710035","2025-10-23","26.00","AUD","1759899941","11310/2025-10-23/1759899941.json"
"796964","564300","2025-10-26","26.00","AUD","1759899941","11310/2025-10-26/1759899941.json"
"796964","564300","2025-10-25","26.00","AUD","1759899941","11310/2025-10-25/1759899941.json"
"796964","564300","2025-10-27","26.00","AUD","1759899941","11310/2025-10-27/1759899941.json"
"888490","710035","2025-10-27","26.00","AUD","1759899941","11310/2025-10-27/1759899941.json"
"796964","564300","2025-10-28","26.00","AUD","1759899941","11310/2025-10-28/1759899941.json"
"888490","710035","2025-10-28","26.00","AUD","1759899941","11310/2025-10-28/1759899941.json"
"796964","564300","2025-10-30","26.00","AUD","1759899941","11310/2025-10-30/1759899941.json"
"888490","710035","2025-10-30","26.00","AUD","1759899941","11310/2025-10-30/1759899941.json"
"796964","564300","2025-10-29","26.00","AUD","1759899941","11310/2025-10-29/1759899941.json"
"888490","710035","2025-10-29","26.00","AUD","1759899941","11310/2025-10-29/1759899941.json"
"796964","564300","2025-10-31","26.00","AUD","1759899941","11310/2025-10-31/1759899941.json"
"888490","710035","2025-10-31","26.00","AUD","1759899941","11310/2025-10-31/1759899941.json"
"796964","564300","2025-11-01","26.00","AUD","1759899941","11310/2025-11-01/1759899941.json"
"888490","710035","2025-11-01","26.00","AUD","1759899941","11310/2025-11-01/1759899941.json"
"796964","564300","2025-11-02","26.00","AUD","1759899941","11310/2025-11-02/1759899941.json"
"888490","710035","2025-11-02","26.00","AUD","1759899941","11310/2025-11-02/1759899941.json"
"796964","564300","2025-10-10","26.00","AUD","1759914783","11310/2025-10-10/1759914783.json"
"888490","710035","2025-10-10","26.00","AUD","1759914783","11310/2025-10-10/1759914783.json"
"796964","564300","2025-10-11","26.00","AUD","1759914783","11310/2025-10-11/1759914783.json"
"888490","710035","2025-10-11","26.00","AUD","1759914783","11310/2025-10-11/1759914783.json"
"796964","564300","2025-10-13","26.00","AUD","1759914783","11310/2025-10-13/1759914783.json"
"796964","564300","2025-10-15","26.00","AUD","1759914783","11310/2025-10-15/1759914783.json"
"888490","710035","2025-10-15","26.00","AUD","1759914783","11310/2025-10-15/1759914783.json"
"888490","710035","2025-10-12","26.00","AUD","1759914783","11310/2025-10-12/1759914783.json"
"888490","710035","2025-10-16","26.00","AUD","1759914783","11310/2025-10-16/1759914783.json"
"796964","564300","2025-10-17","26.00","AUD","1759914783","11310/2025-10-17/1759914783.json"
"888490","710035","2025-10-17","26.00","AUD","1759914783","11310/2025-10-17/1759914783.json"
"796964","564300","2025-10-19","26.00","AUD","1759914783","11310/2025-10-19/1759914783.json"
"888490","710035","2025-10-19","26.00","AUD","1759914783","11310/2025-10-19/1759914783.json"
"796964","564300","2025-10-20","26.00","AUD","1759914783","11310/2025-10-20/1759914783.json"
"888490","710035","2025-10-20","26.00","AUD","1759914783","11310/2025-10-20/1759914783.json"
"796964","564300","2025-10-18","26.00","AUD","1759914783","11310/2025-10-18/1759914783.json"
"796964","564300","2025-10-22","26.00","AUD","1759914783","11310/2025-10-22/1759914783.json"
"888490","710035","2025-10-22","26.00","AUD","1759914783","11310/2025-10-22/1759914783.json"
"796964","564300","2025-10-21","26.00","AUD","1759914783","11310/2025-10-21/1759914783.json"
"888490","710035","2025-10-21","26.00","AUD","1759914783","11310/2025-10-21/1759914783.json"
"796964","564300","2025-10-23","26.00","AUD","1759914783","11310/2025-10-23/1759914783.json"
"888490","710035","2025-10-23","26.00","AUD","1759914783","11310/2025-10-23/1759914783.json"
"796964","564300","2025-10-25","26.00","AUD","1759914783","11310/2025-10-25/1759914783.json"
"796964","564300","2025-10-26","26.00","AUD","1759914783","11310/2025-10-26/1759914783.json"
"796964","564300","2025-10-27","26.00","AUD","1759914783","11310/2025-10-27/1759914783.json"
"888490","710035","2025-10-27","26.00","AUD","1759914783","11310/2025-10-27/1759914783.json"
"796964","564300","2025-10-28","26.00","AUD","1759914783","11310/2025-10-28/1759914783.json"
"888490","710035","2025-10-28","26.00","AUD","1759914783","11310/2025-10-28/1759914783.json"
"796964","564300","2025-10-29","26.00","AUD","1759914783","11310/2025-10-29/1759914783.json"
"888490","710035","2025-10-29","26.00","AUD","1759914783","11310/2025-10-29/1759914783.json"
"796964","564300","2025-10-30","26.00","AUD","1759914783","11310/2025-10-30/1759914783.json"
"888490","710035","2025-10-30","26.00","AUD","1759914783","11310/2025-10-30/1759914783.json"
"796964","564300","2025-10-31","26.00","AUD","1759914783","11310/2025-10-31/1759914783.json"
"888490","710035","2025-10-31","26.00","AUD","1759914783","11310/2025-10-31/1759914783.json"
"796964","564300","2025-11-01","26.00","AUD","1759914783","11310/2025-11-01/1759914783.json"
"888490","710035","2025-11-01","26.00","AUD","1759914783","11310/2025-11-01/1759914783.json"
"796964","564300","2025-11-02","26.00","AUD","1759914783","11310/2025-11-02/1759914783.json"
"888490","710035","2025-11-02","26.00","AUD","1759914783","11310/2025-11-02/1759914783.json"
"796964","564300","2025-10-10","26.00","AUD","1759932250","11310/2025-10-10/1759932250.json"
"888490","710035","2025-10-10","26.00","AUD","1759932250","11310/2025-10-10/1759932250.json"
"796964","564300","2025-10-11","26.00","AUD","1759932250","11310/2025-10-11/1759932250.json"
"888490","710035","2025-10-11","26.00","AUD","1759932250","11310/2025-10-11/1759932250.json"
"888490","710035","2025-10-12","26.00","AUD","1759932250","11310/2025-10-12/1759932250.json"
"796964","564300","2025-10-13","26.00","AUD","1759932250","11310/2025-10-13/1759932250.json"
"888490","710035","2025-10-16","26.00","AUD","1759932250","11310/2025-10-16/1759932250.json"
"796964","564300","2025-10-15","26.00","AUD","1759932250","11310/2025-10-15/1759932250.json"
"888490","710035","2025-10-15","26.00","AUD","1759932250","11310/2025-10-15/1759932250.json"
"796964","564300","2025-10-17","26.00","AUD","1759932250","11310/2025-10-17/1759932250.json"
"888490","710035","2025-10-17","26.00","AUD","1759932250","11310/2025-10-17/1759932250.json"
"796964","564300","2025-10-18","26.00","AUD","1759932250","11310/2025-10-18/1759932250.json"
"796964","564300","2025-10-19","26.00","AUD","1759932250","11310/2025-10-19/1759932250.json"
"888490","710035","2025-10-19","26.00","AUD","1759932250","11310/2025-10-19/1759932250.json"
"796964","564300","2025-10-20","26.00","AUD","1759932250","11310/2025-10-20/1759932250.json"
"888490","710035","2025-10-20","26.00","AUD","1759932250","11310/2025-10-20/1759932250.json"
"796964","564300","2025-10-21","26.00","AUD","1759932250","11310/2025-10-21/1759932250.json"
"888490","710035","2025-10-21","26.00","AUD","1759932250","11310/2025-10-21/1759932250.json"
"796964","564300","2025-10-22","26.00","AUD","1759932250","11310/2025-10-22/1759932250.json"
"888490","710035","2025-10-22","26.00","AUD","1759932250","11310/2025-10-22/1759932250.json"
"796964","564300","2025-10-23","26.00","AUD","1759932250","11310/2025-10-23/1759932250.json"
"888490","710035","2025-10-23","26.00","AUD","1759932250","11310/2025-10-23/1759932250.json"
"796964","564300","2025-10-26","26.00","AUD","1759932250","11310/2025-10-26/1759932250.json"
"796964","564300","2025-10-25","26.00","AUD","1759932250","11310/2025-10-25/1759932250.json"
"796964","564300","2025-10-27","26.00","AUD","1759932250","11310/2025-10-27/1759932250.json"
"888490","710035","2025-10-27","26.00","AUD","1759932250","11310/2025-10-27/1759932250.json"
"796964","564300","2025-10-28","26.00","AUD","1759932250","11310/2025-10-28/1759932250.json"
"888490","710035","2025-10-28","26.00","AUD","1759932250","11310/2025-10-28/1759932250.json"
"796964","564300","2025-10-29","26.00","AUD","1759932250","11310/2025-10-29/1759932250.json"
"888490","710035","2025-10-29","26.00","AUD","1759932250","11310/2025-10-29/1759932250.json"
"796964","564300","2025-10-30","26.00","AUD","1759932250","11310/2025-10-30/1759932250.json"
"888490","710035","2025-10-30","26.00","AUD","1759932250","11310/2025-10-30/1759932250.json"
"796964","564300","2025-11-01","26.00","AUD","1759932250","11310/2025-11-01/1759932250.json"
"888490","710035","2025-11-01","26.00","AUD","1759932250","11310/2025-11-01/1759932250.json"
"796964","564300","2025-11-02","26.00","AUD","1759932250","11310/2025-11-02/1759932250.json"
"888490","710035","2025-11-02","26.00","AUD","1759932250","11310/2025-11-02/1759932250.json"
"796964","564300","2025-10-31","26.00","AUD","1759932250","11310/2025-10-31/1759932250.json"
"888490","710035","2025-10-31","26.00","AUD","1759932250","11310/2025-10-31/1759932250.json"
"796964","564300","2025-10-10","26.00","AUD","1759943369","11310/2025-10-10/1759943369.json"
"888490","710035","2025-10-10","26.00","AUD","1759943369","11310/2025-10-10/1759943369.json"
"796964","564300","2025-10-11","26.00","AUD","1759943369","11310/2025-10-11/1759943369.json"
"888490","710035","2025-10-11","26.00","AUD","1759943369","11310/2025-10-11/1759943369.json"
"888490","710035","2025-10-12","26.00","AUD","1759943369","11310/2025-10-12/1759943369.json"
"796964","564300","2025-10-13","26.00","AUD","1759943369","11310/2025-10-13/1759943369.json"
"888490","710035","2025-10-16","26.00","AUD","1759943369","11310/2025-10-16/1759943369.json"
"796964","564300","2025-10-15","26.00","AUD","1759943369","11310/2025-10-15/1759943369.json"
"888490","710035","2025-10-15","26.00","AUD","1759943369","11310/2025-10-15/1759943369.json"
"796964","564300","2025-10-17","26.00","AUD","1759943369","11310/2025-10-17/1759943369.json"
"888490","710035","2025-10-17","26.00","AUD","1759943369","11310/2025-10-17/1759943369.json"
"796964","564300","2025-10-18","26.00","AUD","1759943369","11310/2025-10-18/1759943369.json"
"796964","564300","2025-10-19","26.00","AUD","1759943369","11310/2025-10-19/1759943369.json"
"888490","710035","2025-10-19","26.00","AUD","1759943369","11310/2025-10-19/1759943369.json"
"796964","564300","2025-10-20","26.00","AUD","1759943369","11310/2025-10-20/1759943369.json"
"888490","710035","2025-10-20","26.00","AUD","1759943369","11310/2025-10-20/1759943369.json"
"796964","564300","2025-10-21","26.00","AUD","1759943369","11310/2025-10-21/1759943369.json"
"888490","710035","2025-10-21","26.00","AUD","1759943369","11310/2025-10-21/1759943369.json"
"796964","564300","2025-10-23","26.00","AUD","1759943369","11310/2025-10-23/1759943369.json"
"888490","710035","2025-10-23","26.00","AUD","1759943369","11310/2025-10-23/1759943369.json"
"796964","564300","2025-10-22","26.00","AUD","1759943369","11310/2025-10-22/1759943369.json"
"888490","710035","2025-10-22","26.00","AUD","1759943369","11310/2025-10-22/1759943369.json"
"796964","564300","2025-10-25","26.00","AUD","1759943369","11310/2025-10-25/1759943369.json"
"796964","564300","2025-10-26","26.00","AUD","1759943369","11310/2025-10-26/1759943369.json"
"796964","564300","2025-10-27","26.00","AUD","1759943369","11310/2025-10-27/1759943369.json"
"888490","710035","2025-10-27","26.00","AUD","1759943369","11310/2025-10-27/1759943369.json"
"796964","564300","2025-10-31","26.00","AUD","1759943369","11310/2025-10-31/1759943369.json"
"888490","710035","2025-10-31","26.00","AUD","1759943369","11310/2025-10-31/1759943369.json"
"796964","564300","2025-10-29","26.00","AUD","1759943369","11310/2025-10-29/1759943369.json"
"888490","710035","2025-10-29","26.00","AUD","1759943369","11310/2025-10-29/1759943369.json"
"796964","564300","2025-10-30","26.00","AUD","1759943369","11310/2025-10-30/1759943369.json"
"888490","710035","2025-10-30","26.00","AUD","1759943369","11310/2025-10-30/1759943369.json"
"796964","564300","2025-10-28","26.00","AUD","1759943369","11310/2025-10-28/1759943369.json"
"888490","710035","2025-10-28","26.00","AUD","1759943369","11310/2025-10-28/1759943369.json"
"796964","564300","2025-11-01","26.00","AUD","1759943369","11310/2025-11-01/1759943369.json"
"888490","710035","2025-11-01","26.00","AUD","1759943369","11310/2025-11-01/1759943369.json"
"796964","564300","2025-11-02","26.00","AUD","1759943369","11310/2025-11-02/1759943369.json"
"888490","710035","2025-11-02","26.00","AUD","1759943369","11310/2025-11-02/1759943369.json"
"796964","564300","2025-10-11","26.00","AUD","1759957055","11310/2025-10-11/1759957055.json"
"888490","710035","2025-10-11","26.00","AUD","1759957055","11310/2025-10-11/1759957055.json"
"796964","564300","2025-10-10","26.00","AUD","1759957055","11310/2025-10-10/1759957055.json"
"888490","710035","2025-10-10","26.00","AUD","1759957055","11310/2025-10-10/1759957055.json"
"888490","710035","2025-10-12","26.00","AUD","1759957055","11310/2025-10-12/1759957055.json"
"796964","564300","2025-10-15","26.00","AUD","1759957055","11310/2025-10-15/1759957055.json"
"888490","710035","2025-10-15","26.00","AUD","1759957055","11310/2025-10-15/1759957055.json"
"888490","710035","2025-10-16","26.00","AUD","1759957055","11310/2025-10-16/1759957055.json"
"796964","564300","2025-10-18","26.00","AUD","1759957055","11310/2025-10-18/1759957055.json"
"796964","564300","2025-10-17","26.00","AUD","1759957055","11310/2025-10-17/1759957055.json"
"888490","710035","2025-10-17","26.00","AUD","1759957055","11310/2025-10-17/1759957055.json"
"796964","564300","2025-10-19","26.00","AUD","1759957055","11310/2025-10-19/1759957055.json"
"888490","710035","2025-10-19","26.00","AUD","1759957055","11310/2025-10-19/1759957055.json"
"796964","564300","2025-10-20","26.00","AUD","1759957055","11310/2025-10-20/1759957055.json"
"888490","710035","2025-10-20","26.00","AUD","1759957055","11310/2025-10-20/1759957055.json"
"796964","564300","2025-10-21","26.00","AUD","1759957055","11310/2025-10-21/1759957055.json"
"888490","710035","2025-10-21","26.00","AUD","1759957055","11310/2025-10-21/1759957055.json"
"796964","564300","2025-10-22","26.00","AUD","1759957055","11310/2025-10-22/1759957055.json"
"888490","710035","2025-10-22","26.00","AUD","1759957055","11310/2025-10-22/1759957055.json"
"796964","564300","2025-10-23","26.00","AUD","1759957055","11310/2025-10-23/1759957055.json"
"888490","710035","2025-10-23","26.00","AUD","1759957055","11310/2025-10-23/1759957055.json"
"796964","564300","2025-10-13","26.00","AUD","1759957055","11310/2025-10-13/1759957055.json"
"796964","564300","2025-10-26","26.00","AUD","1759957055","11310/2025-10-26/1759957055.json"
"796964","564300","2025-10-25","26.00","AUD","1759957055","11310/2025-10-25/1759957055.json"
"796964","564300","2025-10-27","26.00","AUD","1759957055","11310/2025-10-27/1759957055.json"
"888490","710035","2025-10-27","26.00","AUD","1759957055","11310/2025-10-27/1759957055.json"
"796964","564300","2025-10-29","26.00","AUD","1759957055","11310/2025-10-29/1759957055.json"
"888490","710035","2025-10-29","26.00","AUD","1759957055","11310/2025-10-29/1759957055.json"
"796964","564300","2025-10-28","26.00","AUD","1759957055","11310/2025-10-28/1759957055.json"
"888490","710035","2025-10-28","26.00","AUD","1759957055","11310/2025-10-28/1759957055.json"
"796964","564300","2025-10-30","26.00","AUD","1759957055","11310/2025-10-30/1759957055.json"
"888490","710035","2025-10-30","26.00","AUD","1759957055","11310/2025-10-30/1759957055.json"
"796964","564300","2025-10-31","26.00","AUD","1759957055","11310/2025-10-31/1759957055.json"
"888490","710035","2025-10-31","26.00","AUD","1759957055","11310/2025-10-31/1759957055.json"
"796964","564300","2025-11-01","26.00","AUD","1759957055","11310/2025-11-01/1759957055.json"
"888490","710035","2025-11-01","26.00","AUD","1759957055","11310/2025-11-01/1759957055.json"
"796964","564300","2025-11-02","26.00","AUD","1759957055","11310/2025-11-02/1759957055.json"
"888490","710035","2025-11-02","26.00","AUD","1759957055","11310/2025-11-02/1759957055.json"
"888490","710035","2025-10-12","26.00","AUD","1759980651","11310/2025-10-12/1759980651.json"
"888490","710035","2025-10-11","26.00","AUD","1759980651","11310/2025-10-11/1759980651.json"
"888490","710035","2025-10-10","26.00","AUD","1759980651","11310/2025-10-10/1759980651.json"
"796964","564300","2025-10-13","26.00","AUD","1759980651","11310/2025-10-13/1759980651.json"
"796964","564300","2025-10-15","26.00","AUD","1759980651","11310/2025-10-15/1759980651.json"
"888490","710035","2025-10-15","26.00","AUD","1759980651","11310/2025-10-15/1759980651.json"
"888490","710035","2025-10-16","26.00","AUD","1759980651","11310/2025-10-16/1759980651.json"
"796964","564300","2025-10-18","26.00","AUD","1759980651","11310/2025-10-18/1759980651.json"
"796964","564300","2025-10-17","26.00","AUD","1759980651","11310/2025-10-17/1759980651.json"
"888490","710035","2025-10-17","26.00","AUD","1759980651","11310/2025-10-17/1759980651.json"
"796964","564300","2025-10-19","26.00","AUD","1759980651","11310/2025-10-19/1759980651.json"
"888490","710035","2025-10-19","26.00","AUD","1759980651","11310/2025-10-19/1759980651.json"
"796964","564300","2025-10-20","26.00","AUD","1759980651","11310/2025-10-20/1759980651.json"
"888490","710035","2025-10-20","26.00","AUD","1759980651","11310/2025-10-20/1759980651.json"
"796964","564300","2025-10-22","26.00","AUD","1759980651","11310/2025-10-22/1759980651.json"
"888490","710035","2025-10-22","26.00","AUD","1759980651","11310/2025-10-22/1759980651.json"
"796964","564300","2025-10-23","26.00","AUD","1759980651","11310/2025-10-23/1759980651.json"
"888490","710035","2025-10-23","26.00","AUD","1759980651","11310/2025-10-23/1759980651.json"
"796964","564300","2025-10-21","26.00","AUD","1759980651","11310/2025-10-21/1759980651.json"
"888490","710035","2025-10-21","26.00","AUD","1759980651","11310/2025-10-21/1759980651.json"
"796964","564300","2025-10-28","26.00","AUD","1759980651","11310/2025-10-28/1759980651.json"
"888490","710035","2025-10-28","26.00","AUD","1759980651","11310/2025-10-28/1759980651.json"
"796964","564300","2025-10-26","26.00","AUD","1759980651","11310/2025-10-26/1759980651.json"
"796964","564300","2025-10-27","26.00","AUD","1759980651","11310/2025-10-27/1759980651.json"
"888490","710035","2025-10-27","26.00","AUD","1759980651","11310/2025-10-27/1759980651.json"
"796964","564300","2025-10-25","26.00","AUD","1759980651","11310/2025-10-25/1759980651.json"
"796964","564300","2025-10-29","26.00","AUD","1759980651","11310/2025-10-29/1759980651.json"
"888490","710035","2025-10-29","26.00","AUD","1759980651","11310/2025-10-29/1759980651.json"
"796964","564300","2025-10-30","26.00","AUD","1759980651","11310/2025-10-30/1759980651.json"
"888490","710035","2025-10-30","26.00","AUD","1759980651","11310/2025-10-30/1759980651.json"
"796964","564300","2025-10-31","26.00","AUD","1759980651","11310/2025-10-31/1759980651.json"
"888490","710035","2025-10-31","26.00","AUD","1759980651","11310/2025-10-31/1759980651.json"
"796964","564300","2025-11-01","26.00","AUD","1759980651","11310/2025-11-01/1759980651.json"
"888490","710035","2025-11-01","26.00","AUD","1759980651","11310/2025-11-01/1759980651.json"
"796964","564300","2025-11-02","26.00","AUD","1759980651","11310/2025-11-02/1759980651.json"
"888490","710035","2025-11-02","26.00","AUD","1759980651","11310/2025-11-02/1759980651.json"
"888490","710035","2025-10-10","26.00","AUD","1759986279","11310/2025-10-10/1759986279.json"
"888490","710035","2025-10-12","26.00","AUD","1759986279","11310/2025-10-12/1759986279.json"
"888490","710035","2025-10-11","26.00","AUD","1759986279","11310/2025-10-11/1759986279.json"
"796964","564300","2025-10-13","26.00","AUD","1759986279","11310/2025-10-13/1759986279.json"
"796964","564300","2025-10-15","26.00","AUD","1759986279","11310/2025-10-15/1759986279.json"
"888490","710035","2025-10-15","26.00","AUD","1759986279","11310/2025-10-15/1759986279.json"
"888490","710035","2025-10-16","26.00","AUD","1759986279","11310/2025-10-16/1759986279.json"
"796964","564300","2025-10-17","26.00","AUD","1759986279","11310/2025-10-17/1759986279.json"
"888490","710035","2025-10-17","26.00","AUD","1759986279","11310/2025-10-17/1759986279.json"
"796964","564300","2025-10-18","26.00","AUD","1759986279","11310/2025-10-18/1759986279.json"
"796964","564300","2025-10-20","26.00","AUD","1759986279","11310/2025-10-20/1759986279.json"
"888490","710035","2025-10-20","26.00","AUD","1759986279","11310/2025-10-20/1759986279.json"
"796964","564300","2025-10-19","26.00","AUD","1759986279","11310/2025-10-19/1759986279.json"
"888490","710035","2025-10-19","26.00","AUD","1759986279","11310/2025-10-19/1759986279.json"
"796964","564300","2025-10-21","26.00","AUD","1759986279","11310/2025-10-21/1759986279.json"
"888490","710035","2025-10-21","26.00","AUD","1759986279","11310/2025-10-21/1759986279.json"
"796964","564300","2025-10-22","26.00","AUD","1759986279","11310/2025-10-22/1759986279.json"
"888490","710035","2025-10-22","26.00","AUD","1759986279","11310/2025-10-22/1759986279.json"
"796964","564300","2025-10-23","26.00","AUD","1759986279","11310/2025-10-23/1759986279.json"
"888490","710035","2025-10-23","26.00","AUD","1759986279","11310/2025-10-23/1759986279.json"
"796964","564300","2025-10-25","26.00","AUD","1759986279","11310/2025-10-25/1759986279.json"
"796964","564300","2025-10-26","26.00","AUD","1759986279","11310/2025-10-26/1759986279.json"
"796964","564300","2025-10-28","26.00","AUD","1759986279","11310/2025-10-28/1759986279.json"
"888490","710035","2025-10-28","26.00","AUD","1759986279","11310/2025-10-28/1759986279.json"
"796964","564300","2025-10-30","26.00","AUD","1759986279","11310/2025-10-30/1759986279.json"
"888490","710035","2025-10-30","26.00","AUD","1759986279","11310/2025-10-30/1759986279.json"
"796964","564300","2025-10-29","26.00","AUD","1759986279","11310/2025-10-29/1759986279.json"
"888490","710035","2025-10-29","26.00","AUD","1759986279","11310/2025-10-29/1759986279.json"
"796964","564300","2025-10-31","26.00","AUD","1759986279","11310/2025-10-31/1759986279.json"
"888490","710035","2025-10-31","26.00","AUD","1759986279","11310/2025-10-31/1759986279.json"
"796964","564300","2025-11-02","26.00","AUD","1759986279","11310/2025-11-02/1759986279.json"
"888490","710035","2025-11-02","26.00","AUD","1759986279","11310/2025-11-02/1759986279.json"
"796964","564300","2025-11-01","26.00","AUD","1759986279","11310/2025-11-01/1759986279.json"
"888490","710035","2025-11-01","26.00","AUD","1759986279","11310/2025-11-01/1759986279.json"
"796964","564300","2025-10-27","26.00","AUD","1759986279","11310/2025-10-27/1759986279.json"
"888490","710035","2025-10-27","26.00","AUD","1759986279","11310/2025-10-27/1759986279.json"
"888490","710035","2025-10-10","26.00","AUD","1760000999","11310/2025-10-10/1760000999.json"
"888490","710035","2025-10-11","26.00","AUD","1760000999","11310/2025-10-11/1760000999.json"
"888490","710035","2025-10-12","26.00","AUD","1760000999","11310/2025-10-12/1760000999.json"
"888490","710035","2025-10-16","26.00","AUD","1760000999","11310/2025-10-16/1760000999.json"
"796964","564300","2025-10-15","26.00","AUD","1760000999","11310/2025-10-15/1760000999.json"
"888490","710035","2025-10-15","26.00","AUD","1760000999","11310/2025-10-15/1760000999.json"
"796964","564300","2025-10-18","26.00","AUD","1760000999","11310/2025-10-18/1760000999.json"
"796964","564300","2025-10-17","26.00","AUD","1760000999","11310/2025-10-17/1760000999.json"
"888490","710035","2025-10-17","26.00","AUD","1760000999","11310/2025-10-17/1760000999.json"
"796964","564300","2025-10-19","26.00","AUD","1760000999","11310/2025-10-19/1760000999.json"
"888490","710035","2025-10-19","26.00","AUD","1760000999","11310/2025-10-19/1760000999.json"
"796964","564300","2025-10-22","26.00","AUD","1760000999","11310/2025-10-22/1760000999.json"
"888490","710035","2025-10-22","26.00","AUD","1760000999","11310/2025-10-22/1760000999.json"
"796964","564300","2025-10-21","26.00","AUD","1760000999","11310/2025-10-21/1760000999.json"
"888490","710035","2025-10-21","26.00","AUD","1760000999","11310/2025-10-21/1760000999.json"
"796964","564300","2025-10-20","26.00","AUD","1760000999","11310/2025-10-20/1760000999.json"
"888490","710035","2025-10-20","26.00","AUD","1760000999","11310/2025-10-20/1760000999.json"
"796964","564300","2025-10-23","26.00","AUD","1760000999","11310/2025-10-23/1760000999.json"
"888490","710035","2025-10-23","26.00","AUD","1760000999","11310/2025-10-23/1760000999.json"
"796964","564300","2025-10-13","26.00","AUD","1760000999","11310/2025-10-13/1760000999.json"
"796964","564300","2025-10-25","26.00","AUD","1760000999","11310/2025-10-25/1760000999.json"
"796964","564300","2025-10-26","26.00","AUD","1760000999","11310/2025-10-26/1760000999.json"
"796964","564300","2025-10-27","26.00","AUD","1760000999","11310/2025-10-27/1760000999.json"
"888490","710035","2025-10-27","26.00","AUD","1760000999","11310/2025-10-27/1760000999.json"
"796964","564300","2025-10-28","26.00","AUD","1760000999","11310/2025-10-28/1760000999.json"
"888490","710035","2025-10-28","26.00","AUD","1760000999","11310/2025-10-28/1760000999.json"
"796964","564300","2025-10-29","26.00","AUD","1760000999","11310/2025-10-29/1760000999.json"
"888490","710035","2025-10-29","26.00","AUD","1760000999","11310/2025-10-29/1760000999.json"
"796964","564300","2025-10-30","26.00","AUD","1760000999","11310/2025-10-30/1760000999.json"
"888490","710035","2025-10-30","26.00","AUD","1760000999","11310/2025-10-30/1760000999.json"
"796964","564300","2025-10-31","26.00","AUD","1760000999","11310/2025-10-31/1760000999.json"
"888490","710035","2025-10-31","26.00","AUD","1760000999","11310/2025-10-31/1760000999.json"
"796964","564300","2025-11-01","26.00","AUD","1760000999","11310/2025-11-01/1760000999.json"
"888490","710035","2025-11-01","26.00","AUD","1760000999","11310/2025-11-01/1760000999.json"
"796964","564300","2025-11-02","26.00","AUD","1760000999","11310/2025-11-02/1760000999.json"
"888490","710035","2025-11-02","26.00","AUD","1760000999","11310/2025-11-02/1760000999.json"
"888490","710035","2025-10-10","26.00","AUD","1760018493","11310/2025-10-10/1760018493.json"
"888490","710035","2025-10-11","26.00","AUD","1760018493","11310/2025-10-11/1760018493.json"
"796964","564300","2025-10-13","26.00","AUD","1760018493","11310/2025-10-13/1760018493.json"
"888490","710035","2025-10-12","26.00","AUD","1760018493","11310/2025-10-12/1760018493.json"
"796964","564300","2025-10-15","26.00","AUD","1760018493","11310/2025-10-15/1760018493.json"
"888490","710035","2025-10-15","26.00","AUD","1760018493","11310/2025-10-15/1760018493.json"
"888490","710035","2025-10-16","26.00","AUD","1760018493","11310/2025-10-16/1760018493.json"
"796964","564300","2025-10-17","26.00","AUD","1760018493","11310/2025-10-17/1760018493.json"
"888490","710035","2025-10-17","26.00","AUD","1760018493","11310/2025-10-17/1760018493.json"
"796964","564300","2025-10-18","26.00","AUD","1760018493","11310/2025-10-18/1760018493.json"
"796964","564300","2025-10-19","26.00","AUD","1760018493","11310/2025-10-19/1760018493.json"
"888490","710035","2025-10-19","26.00","AUD","1760018493","11310/2025-10-19/1760018493.json"
"796964","564300","2025-10-20","26.00","AUD","1760018493","11310/2025-10-20/1760018493.json"
"888490","710035","2025-10-20","26.00","AUD","1760018493","11310/2025-10-20/1760018493.json"
"796964","564300","2025-10-21","26.00","AUD","1760018493","11310/2025-10-21/1760018493.json"
"888490","710035","2025-10-21","26.00","AUD","1760018493","11310/2025-10-21/1760018493.json"
"796964","564300","2025-10-22","26.00","AUD","1760018493","11310/2025-10-22/1760018493.json"
"888490","710035","2025-10-22","26.00","AUD","1760018493","11310/2025-10-22/1760018493.json"
"796964","564300","2025-10-23","26.00","AUD","1760018493","11310/2025-10-23/1760018493.json"
"888490","710035","2025-10-23","26.00","AUD","1760018493","11310/2025-10-23/1760018493.json"
"796964","564300","2025-10-25","26.00","AUD","1760018493","11310/2025-10-25/1760018493.json"
"796964","564300","2025-10-26","26.00","AUD","1760018493","11310/2025-10-26/1760018493.json"
"796964","564300","2025-10-27","26.00","AUD","1760018493","11310/2025-10-27/1760018493.json"
"888490","710035","2025-10-27","26.00","AUD","1760018493","11310/2025-10-27/1760018493.json"
"796964","564300","2025-10-28","26.00","AUD","1760018493","11310/2025-10-28/1760018493.json"
"888490","710035","2025-10-28","26.00","AUD","1760018493","11310/2025-10-28/1760018493.json"
"796964","564300","2025-10-29","26.00","AUD","1760018493","11310/2025-10-29/1760018493.json"
"888490","710035","2025-10-29","26.00","AUD","1760018493","11310/2025-10-29/1760018493.json"
"796964","564300","2025-10-30","26.00","AUD","1760018493","11310/2025-10-30/1760018493.json"
"888490","710035","2025-10-30","26.00","AUD","1760018493","11310/2025-10-30/1760018493.json"
"796964","564300","2025-10-31","26.00","AUD","1760018493","11310/2025-10-31/1760018493.json"
"888490","710035","2025-10-31","26.00","AUD","1760018493","11310/2025-10-31/1760018493.json"
"796964","564300","2025-11-01","26.00","AUD","1760018493","11310/2025-11-01/1760018493.json"
"888490","710035","2025-11-01","26.00","AUD","1760018493","11310/2025-11-01/1760018493.json"
"796964","564300","2025-11-02","26.00","AUD","1760018493","11310/2025-11-02/1760018493.json"
"888490","710035","2025-11-02","26.00","AUD","1760018493","11310/2025-11-02/1760018493.json"
"888490","710035","2025-10-11","26.00","AUD","1760030203","11310/2025-10-11/1760030203.json"
"888490","710035","2025-10-10","26.00","AUD","1760030203","11310/2025-10-10/1760030203.json"
"888490","710035","2025-10-12","26.00","AUD","1760030203","11310/2025-10-12/1760030203.json"
"796964","564300","2025-10-13","26.00","AUD","1760030203","11310/2025-10-13/1760030203.json"
"796964","564300","2025-10-15","26.00","AUD","1760030203","11310/2025-10-15/1760030203.json"
"888490","710035","2025-10-15","26.00","AUD","1760030203","11310/2025-10-15/1760030203.json"
"888490","710035","2025-10-16","26.00","AUD","1760030203","11310/2025-10-16/1760030203.json"
"796964","564300","2025-10-17","26.00","AUD","1760030203","11310/2025-10-17/1760030203.json"
"888490","710035","2025-10-17","26.00","AUD","1760030203","11310/2025-10-17/1760030203.json"
"796964","564300","2025-10-18","26.00","AUD","1760030203","11310/2025-10-18/1760030203.json"
"796964","564300","2025-10-19","26.00","AUD","1760030203","11310/2025-10-19/1760030203.json"
"888490","710035","2025-10-19","26.00","AUD","1760030203","11310/2025-10-19/1760030203.json"
"796964","564300","2025-10-20","26.00","AUD","1760030203","11310/2025-10-20/1760030203.json"
"888490","710035","2025-10-20","26.00","AUD","1760030203","11310/2025-10-20/1760030203.json"
"796964","564300","2025-10-22","26.00","AUD","1760030203","11310/2025-10-22/1760030203.json"
"888490","710035","2025-10-22","26.00","AUD","1760030203","11310/2025-10-22/1760030203.json"
"796964","564300","2025-10-21","26.00","AUD","1760030203","11310/2025-10-21/1760030203.json"
"888490","710035","2025-10-21","26.00","AUD","1760030203","11310/2025-10-21/1760030203.json"
"796964","564300","2025-10-23","26.00","AUD","1760030203","11310/2025-10-23/1760030203.json"
"888490","710035","2025-10-23","26.00","AUD","1760030203","11310/2025-10-23/1760030203.json"
"796964","564300","2025-10-25","26.00","AUD","1760030203","11310/2025-10-25/1760030203.json"
"796964","564300","2025-10-27","26.00","AUD","1760030203","11310/2025-10-27/1760030203.json"
"888490","710035","2025-10-27","26.00","AUD","1760030203","11310/2025-10-27/1760030203.json"
"796964","564300","2025-10-26","26.00","AUD","1760030203","11310/2025-10-26/1760030203.json"
"796964","564300","2025-10-28","26.00","AUD","1760030203","11310/2025-10-28/1760030203.json"
"888490","710035","2025-10-28","26.00","AUD","1760030203","11310/2025-10-28/1760030203.json"
"796964","564300","2025-10-29","26.00","AUD","1760030203","11310/2025-10-29/1760030203.json"
"888490","710035","2025-10-29","26.00","AUD","1760030203","11310/2025-10-29/1760030203.json"
"796964","564300","2025-10-30","26.00","AUD","1760030203","11310/2025-10-30/1760030203.json"
"888490","710035","2025-10-30","26.00","AUD","1760030203","11310/2025-10-30/1760030203.json"
"796964","564300","2025-10-31","26.00","AUD","1760030203","11310/2025-10-31/1760030203.json"
"888490","710035","2025-10-31","26.00","AUD","1760030203","11310/2025-10-31/1760030203.json"
"796964","564300","2025-11-01","26.00","AUD","1760030203","11310/2025-11-01/1760030203.json"
"888490","710035","2025-11-01","26.00","AUD","1760030203","11310/2025-11-01/1760030203.json"
"796964","564300","2025-11-02","26.00","AUD","1760030203","11310/2025-11-02/1760030203.json"
"888490","710035","2025-11-02","26.00","AUD","1760030203","11310/2025-11-02/1760030203.json"
"888490","710035","2025-10-10","26.00","AUD","1760043672","11310/2025-10-10/1760043672.json"
"888490","710035","2025-10-12","26.00","AUD","1760043672","11310/2025-10-12/1760043672.json"
"888490","710035","2025-10-11","26.00","AUD","1760043672","11310/2025-10-11/1760043672.json"
"796964","564300","2025-10-13","26.00","AUD","1760043672","11310/2025-10-13/1760043672.json"
"796964","564300","2025-10-15","26.00","AUD","1760043672","11310/2025-10-15/1760043672.json"
"888490","710035","2025-10-15","26.00","AUD","1760043672","11310/2025-10-15/1760043672.json"
"888490","710035","2025-10-16","26.00","AUD","1760043672","11310/2025-10-16/1760043672.json"
"796964","564300","2025-10-17","26.00","AUD","1760043672","11310/2025-10-17/1760043672.json"
"888490","710035","2025-10-17","26.00","AUD","1760043672","11310/2025-10-17/1760043672.json"
"796964","564300","2025-10-18","26.00","AUD","1760043672","11310/2025-10-18/1760043672.json"
"796964","564300","2025-10-19","26.00","AUD","1760043672","11310/2025-10-19/1760043672.json"
"888490","710035","2025-10-19","26.00","AUD","1760043672","11310/2025-10-19/1760043672.json"
"796964","564300","2025-10-20","26.00","AUD","1760043672","11310/2025-10-20/1760043672.json"
"888490","710035","2025-10-20","26.00","AUD","1760043672","11310/2025-10-20/1760043672.json"
"796964","564300","2025-10-22","26.00","AUD","1760043672","11310/2025-10-22/1760043672.json"
"888490","710035","2025-10-22","26.00","AUD","1760043672","11310/2025-10-22/1760043672.json"
"796964","564300","2025-10-21","26.00","AUD","1760043672","11310/2025-10-21/1760043672.json"
"888490","710035","2025-10-21","26.00","AUD","1760043672","11310/2025-10-21/1760043672.json"
"796964","564300","2025-10-23","26.00","AUD","1760043672","11310/2025-10-23/1760043672.json"
"888490","710035","2025-10-23","26.00","AUD","1760043672","11310/2025-10-23/1760043672.json"
"796964","564300","2025-10-25","26.00","AUD","1760043672","11310/2025-10-25/1760043672.json"
"796964","564300","2025-10-28","26.00","AUD","1760043672","11310/2025-10-28/1760043672.json"
"888490","710035","2025-10-28","26.00","AUD","1760043672","11310/2025-10-28/1760043672.json"
"796964","564300","2025-10-30","26.00","AUD","1760043672","11310/2025-10-30/1760043672.json"
"888490","710035","2025-10-30","26.00","AUD","1760043672","11310/2025-10-30/1760043672.json"
"796964","564300","2025-10-27","26.00","AUD","1760043672","11310/2025-10-27/1760043672.json"
"888490","710035","2025-10-27","26.00","AUD","1760043672","11310/2025-10-27/1760043672.json"
"796964","564300","2025-10-29","26.00","AUD","1760043672","11310/2025-10-29/1760043672.json"
"888490","710035","2025-10-29","26.00","AUD","1760043672","11310/2025-10-29/1760043672.json"
"796964","564300","2025-11-01","26.00","AUD","1760043672","11310/2025-11-01/1760043672.json"
"888490","710035","2025-11-01","26.00","AUD","1760043672","11310/2025-11-01/1760043672.json"
"796964","564300","2025-11-02","26.00","AUD","1760043672","11310/2025-11-02/1760043672.json"
"888490","710035","2025-11-02","26.00","AUD","1760043672","11310/2025-11-02/1760043672.json"
"796964","564300","2025-10-26","26.00","AUD","1760043672","11310/2025-10-26/1760043672.json"
"796964","564300","2025-10-31","26.00","AUD","1760043672","11310/2025-10-31/1760043672.json"
"888490","710035","2025-10-31","26.00","AUD","1760043672","11310/2025-10-31/1760043672.json"
"888490","710035","2025-10-12","26.00","AUD","1760067055","11310/2025-10-12/1760067055.json"
"888490","710035","2025-10-11","26.00","AUD","1760067055","11310/2025-10-11/1760067055.json"
"796964","564300","2025-10-13","26.00","AUD","1760067055","11310/2025-10-13/1760067055.json"
"796964","564300","2025-10-15","26.00","AUD","1760067055","11310/2025-10-15/1760067055.json"
"888490","710035","2025-10-15","26.00","AUD","1760067055","11310/2025-10-15/1760067055.json"
"796964","564300","2025-10-17","26.00","AUD","1760067055","11310/2025-10-17/1760067055.json"
"888490","710035","2025-10-17","26.00","AUD","1760067055","11310/2025-10-17/1760067055.json"
"796964","564300","2025-10-18","26.00","AUD","1760067055","11310/2025-10-18/1760067055.json"
"888490","710035","2025-10-16","26.00","AUD","1760067055","11310/2025-10-16/1760067055.json"
"796964","564300","2025-10-19","26.00","AUD","1760067055","11310/2025-10-19/1760067055.json"
"888490","710035","2025-10-19","26.00","AUD","1760067055","11310/2025-10-19/1760067055.json"
"796964","564300","2025-10-21","26.00","AUD","1760067055","11310/2025-10-21/1760067055.json"
"888490","710035","2025-10-21","26.00","AUD","1760067055","11310/2025-10-21/1760067055.json"
"796964","564300","2025-10-20","26.00","AUD","1760067055","11310/2025-10-20/1760067055.json"
"888490","710035","2025-10-20","26.00","AUD","1760067055","11310/2025-10-20/1760067055.json"
"796964","564300","2025-10-22","26.00","AUD","1760067055","11310/2025-10-22/1760067055.json"
"888490","710035","2025-10-22","26.00","AUD","1760067055","11310/2025-10-22/1760067055.json"
"796964","564300","2025-10-23","26.00","AUD","1760067055","11310/2025-10-23/1760067055.json"
"888490","710035","2025-10-23","26.00","AUD","1760067055","11310/2025-10-23/1760067055.json"
"796964","564300","2025-10-26","26.00","AUD","1760067055","11310/2025-10-26/1760067055.json"
"796964","564300","2025-10-27","26.00","AUD","1760067055","11310/2025-10-27/1760067055.json"
"888490","710035","2025-10-27","26.00","AUD","1760067055","11310/2025-10-27/1760067055.json"
"796964","564300","2025-10-25","26.00","AUD","1760067055","11310/2025-10-25/1760067055.json"
"796964","564300","2025-10-28","26.00","AUD","1760067055","11310/2025-10-28/1760067055.json"
"888490","710035","2025-10-28","26.00","AUD","1760067055","11310/2025-10-28/1760067055.json"
"796964","564300","2025-10-29","26.00","AUD","1760067055","11310/2025-10-29/1760067055.json"
"888490","710035","2025-10-29","26.00","AUD","1760067055","11310/2025-10-29/1760067055.json"
"796964","564300","2025-10-30","26.00","AUD","1760067055","11310/2025-10-30/1760067055.json"
"888490","710035","2025-10-30","26.00","AUD","1760067055","11310/2025-10-30/1760067055.json"
"796964","564300","2025-10-31","26.00","AUD","1760067055","11310/2025-10-31/1760067055.json"
"888490","710035","2025-10-31","26.00","AUD","1760067055","11310/2025-10-31/1760067055.json"
"796964","564300","2025-11-01","26.00","AUD","1760067055","11310/2025-11-01/1760067055.json"
"888490","710035","2025-11-01","26.00","AUD","1760067055","11310/2025-11-01/1760067055.json"
"796964","564300","2025-11-02","26.00","AUD","1760067055","11310/2025-11-02/1760067055.json"
"888490","710035","2025-11-02","26.00","AUD","1760067055","11310/2025-11-02/1760067055.json"
"888490","710035","2025-10-12","26.00","AUD","1760072517","11310/2025-10-12/1760072517.json"
"888490","710035","2025-10-11","26.00","AUD","1760072517","11310/2025-10-11/1760072517.json"
"796964","564300","2025-10-13","26.00","AUD","1760072517","11310/2025-10-13/1760072517.json"
"796964","564300","2025-10-15","26.00","AUD","1760072517","11310/2025-10-15/1760072517.json"
"888490","710035","2025-10-15","26.00","AUD","1760072517","11310/2025-10-15/1760072517.json"
"796964","564300","2025-10-17","26.00","AUD","1760072517","11310/2025-10-17/1760072517.json"
"888490","710035","2025-10-17","26.00","AUD","1760072517","11310/2025-10-17/1760072517.json"
"888490","710035","2025-10-16","26.00","AUD","1760072517","11310/2025-10-16/1760072517.json"
"796964","564300","2025-10-18","26.00","AUD","1760072517","11310/2025-10-18/1760072517.json"
"796964","564300","2025-10-19","26.00","AUD","1760072517","11310/2025-10-19/1760072517.json"
"888490","710035","2025-10-19","26.00","AUD","1760072517","11310/2025-10-19/1760072517.json"
"796964","564300","2025-10-21","26.00","AUD","1760072517","11310/2025-10-21/1760072517.json"
"888490","710035","2025-10-21","26.00","AUD","1760072517","11310/2025-10-21/1760072517.json"
"796964","564300","2025-10-22","26.00","AUD","1760072517","11310/2025-10-22/1760072517.json"
"888490","710035","2025-10-22","26.00","AUD","1760072517","11310/2025-10-22/1760072517.json"
"796964","564300","2025-10-20","26.00","AUD","1760072517","11310/2025-10-20/1760072517.json"
"888490","710035","2025-10-20","26.00","AUD","1760072517","11310/2025-10-20/1760072517.json"
"796964","564300","2025-10-23","26.00","AUD","1760072517","11310/2025-10-23/1760072517.json"
"888490","710035","2025-10-23","26.00","AUD","1760072517","11310/2025-10-23/1760072517.json"
"796964","564300","2025-10-25","26.00","AUD","1760072517","11310/2025-10-25/1760072517.json"
"796964","564300","2025-10-26","26.00","AUD","1760072517","11310/2025-10-26/1760072517.json"
"796964","564300","2025-10-27","26.00","AUD","1760072517","11310/2025-10-27/1760072517.json"
"888490","710035","2025-10-27","26.00","AUD","1760072517","11310/2025-10-27/1760072517.json"
"796964","564300","2025-10-28","26.00","AUD","1760072517","11310/2025-10-28/1760072517.json"
"888490","710035","2025-10-28","26.00","AUD","1760072517","11310/2025-10-28/1760072517.json"
"796964","564300","2025-10-29","26.00","AUD","1760072517","11310/2025-10-29/1760072517.json"
"888490","710035","2025-10-29","26.00","AUD","1760072517","11310/2025-10-29/1760072517.json"
"796964","564300","2025-11-01","26.00","AUD","1760072517","11310/2025-11-01/1760072517.json"
"888490","710035","2025-11-01","26.00","AUD","1760072517","11310/2025-11-01/1760072517.json"
"796964","564300","2025-10-30","26.00","AUD","1760072517","11310/2025-10-30/1760072517.json"
"888490","710035","2025-10-30","26.00","AUD","1760072517","11310/2025-10-30/1760072517.json"
"796964","564300","2025-10-31","26.00","AUD","1760072517","11310/2025-10-31/1760072517.json"
"888490","710035","2025-10-31","26.00","AUD","1760072517","11310/2025-10-31/1760072517.json"
"796964","564300","2025-11-02","26.00","AUD","1760072517","11310/2025-11-02/1760072517.json"
"888490","710035","2025-11-02","26.00","AUD","1760072517","11310/2025-11-02/1760072517.json"
"888490","710035","2025-10-11","26.00","AUD","1760087523","11310/2025-10-11/1760087523.json"
"888490","710035","2025-10-12","26.00","AUD","1760087523","11310/2025-10-12/1760087523.json"
"796964","564300","2025-10-13","26.00","AUD","1760087523","11310/2025-10-13/1760087523.json"
"888490","710035","2025-10-16","26.00","AUD","1760087523","11310/2025-10-16/1760087523.json"
"796964","564300","2025-10-15","26.00","AUD","1760087523","11310/2025-10-15/1760087523.json"
"888490","710035","2025-10-15","26.00","AUD","1760087523","11310/2025-10-15/1760087523.json"
"796964","564300","2025-10-17","26.00","AUD","1760087523","11310/2025-10-17/1760087523.json"
"888490","710035","2025-10-17","26.00","AUD","1760087523","11310/2025-10-17/1760087523.json"
"796964","564300","2025-10-19","26.00","AUD","1760087523","11310/2025-10-19/1760087523.json"
"888490","710035","2025-10-19","26.00","AUD","1760087523","11310/2025-10-19/1760087523.json"
"796964","564300","2025-10-18","26.00","AUD","1760087523","11310/2025-10-18/1760087523.json"
"796964","564300","2025-10-20","26.00","AUD","1760087523","11310/2025-10-20/1760087523.json"
"888490","710035","2025-10-20","26.00","AUD","1760087523","11310/2025-10-20/1760087523.json"
"796964","564300","2025-10-21","26.00","AUD","1760087523","11310/2025-10-21/1760087523.json"
"888490","710035","2025-10-21","26.00","AUD","1760087523","11310/2025-10-21/1760087523.json"
"796964","564300","2025-10-22","26.00","AUD","1760087523","11310/2025-10-22/1760087523.json"
"888490","710035","2025-10-22","26.00","AUD","1760087523","11310/2025-10-22/1760087523.json"
"796964","564300","2025-10-23","26.00","AUD","1760087523","11310/2025-10-23/1760087523.json"
"888490","710035","2025-10-23","26.00","AUD","1760087523","11310/2025-10-23/1760087523.json"
"796964","564300","2025-10-26","26.00","AUD","1760087523","11310/2025-10-26/1760087523.json"
"796964","564300","2025-10-25","26.00","AUD","1760087523","11310/2025-10-25/1760087523.json"
"796964","564300","2025-10-27","26.00","AUD","1760087523","11310/2025-10-27/1760087523.json"
"888490","710035","2025-10-27","26.00","AUD","1760087523","11310/2025-10-27/1760087523.json"
"796964","564300","2025-10-28","26.00","AUD","1760087523","11310/2025-10-28/1760087523.json"
"888490","710035","2025-10-28","26.00","AUD","1760087523","11310/2025-10-28/1760087523.json"
"796964","564300","2025-10-29","26.00","AUD","1760087523","11310/2025-10-29/1760087523.json"
"888490","710035","2025-10-29","26.00","AUD","1760087523","11310/2025-10-29/1760087523.json"
"796964","564300","2025-10-30","26.00","AUD","1760087523","11310/2025-10-30/1760087523.json"
"888490","710035","2025-10-30","26.00","AUD","1760087523","11310/2025-10-30/1760087523.json"
"796964","564300","2025-10-31","26.00","AUD","1760087523","11310/2025-10-31/1760087523.json"
"888490","710035","2025-10-31","26.00","AUD","1760087523","11310/2025-10-31/1760087523.json"
"796964","564300","2025-11-01","26.00","AUD","1760087523","11310/2025-11-01/1760087523.json"
"888490","710035","2025-11-01","26.00","AUD","1760087523","11310/2025-11-01/1760087523.json"
"796964","564300","2025-11-02","26.00","AUD","1760087523","11310/2025-11-02/1760087523.json"
"888490","710035","2025-11-02","26.00","AUD","1760087523","11310/2025-11-02/1760087523.json"
"888490","710035","2025-10-11","26.00","AUD","1760103944","11310/2025-10-11/1760103944.json"
"796964","564300","2025-10-13","26.00","AUD","1760103944","11310/2025-10-13/1760103944.json"
"888490","710035","2025-10-12","26.00","AUD","1760103944","11310/2025-10-12/1760103944.json"
"796964","564300","2025-10-17","26.00","AUD","1760103944","11310/2025-10-17/1760103944.json"
"888490","710035","2025-10-17","26.00","AUD","1760103944","11310/2025-10-17/1760103944.json"
"796964","564300","2025-10-15","26.00","AUD","1760103944","11310/2025-10-15/1760103944.json"
"888490","710035","2025-10-15","26.00","AUD","1760103944","11310/2025-10-15/1760103944.json"
"888490","710035","2025-10-16","26.00","AUD","1760103944","11310/2025-10-16/1760103944.json"
"796964","564300","2025-10-18","26.00","AUD","1760103944","11310/2025-10-18/1760103944.json"
"796964","564300","2025-10-19","26.00","AUD","1760103944","11310/2025-10-19/1760103944.json"
"888490","710035","2025-10-19","26.00","AUD","1760103944","11310/2025-10-19/1760103944.json"
"796964","564300","2025-10-21","26.00","AUD","1760103944","11310/2025-10-21/1760103944.json"
"888490","710035","2025-10-21","26.00","AUD","1760103944","11310/2025-10-21/1760103944.json"
"796964","564300","2025-10-22","26.00","AUD","1760103944","11310/2025-10-22/1760103944.json"
"888490","710035","2025-10-22","26.00","AUD","1760103944","11310/2025-10-22/1760103944.json"
"796964","564300","2025-10-23","26.00","AUD","1760103944","11310/2025-10-23/1760103944.json"
"888490","710035","2025-10-23","26.00","AUD","1760103944","11310/2025-10-23/1760103944.json"
"796964","564300","2025-10-20","26.00","AUD","1760103944","11310/2025-10-20/1760103944.json"
"888490","710035","2025-10-20","26.00","AUD","1760103944","11310/2025-10-20/1760103944.json"
"796964","564300","2025-10-25","26.00","AUD","1760103944","11310/2025-10-25/1760103944.json"
"796964","564300","2025-10-26","26.00","AUD","1760103944","11310/2025-10-26/1760103944.json"
"796964","564300","2025-10-27","26.00","AUD","1760103944","11310/2025-10-27/1760103944.json"
"888490","710035","2025-10-27","26.00","AUD","1760103944","11310/2025-10-27/1760103944.json"
"796964","564300","2025-10-28","26.00","AUD","1760103944","11310/2025-10-28/1760103944.json"
"888490","710035","2025-10-28","26.00","AUD","1760103944","11310/2025-10-28/1760103944.json"
"796964","564300","2025-10-29","26.00","AUD","1760103944","11310/2025-10-29/1760103944.json"
"888490","710035","2025-10-29","26.00","AUD","1760103944","11310/2025-10-29/1760103944.json"
"796964","564300","2025-10-30","26.00","AUD","1760103944","11310/2025-10-30/1760103944.json"
"888490","710035","2025-10-30","26.00","AUD","1760103944","11310/2025-10-30/1760103944.json"
"796964","564300","2025-10-31","26.00","AUD","1760103944","11310/2025-10-31/1760103944.json"
"888490","710035","2025-10-31","26.00","AUD","1760103944","11310/2025-10-31/1760103944.json"
"796964","564300","2025-11-01","26.00","AUD","1760103944","11310/2025-11-01/1760103944.json"
"888490","710035","2025-11-01","26.00","AUD","1760103944","11310/2025-11-01/1760103944.json"
"796964","564300","2025-11-02","26.00","AUD","1760103944","11310/2025-11-02/1760103944.json"
"888490","710035","2025-11-02","26.00","AUD","1760103944","11310/2025-11-02/1760103944.json"
"888490","710035","2025-10-11","26.00","AUD","1760116160","11310/2025-10-11/1760116160.json"
"796964","564300","2025-10-13","26.00","AUD","1760116160","11310/2025-10-13/1760116160.json"
"888490","710035","2025-10-12","26.00","AUD","1760116160","11310/2025-10-12/1760116160.json"
"888490","710035","2025-10-16","26.00","AUD","1760116160","11310/2025-10-16/1760116160.json"
"796964","564300","2025-10-15","26.00","AUD","1760116160","11310/2025-10-15/1760116160.json"
"888490","710035","2025-10-15","26.00","AUD","1760116160","11310/2025-10-15/1760116160.json"
"796964","564300","2025-10-18","26.00","AUD","1760116160","11310/2025-10-18/1760116160.json"
"796964","564300","2025-10-17","26.00","AUD","1760116160","11310/2025-10-17/1760116160.json"
"888490","710035","2025-10-17","26.00","AUD","1760116160","11310/2025-10-17/1760116160.json"
"796964","564300","2025-10-20","26.00","AUD","1760116160","11310/2025-10-20/1760116160.json"
"888490","710035","2025-10-20","26.00","AUD","1760116160","11310/2025-10-20/1760116160.json"
"796964","564300","2025-10-19","26.00","AUD","1760116160","11310/2025-10-19/1760116160.json"
"888490","710035","2025-10-19","26.00","AUD","1760116160","11310/2025-10-19/1760116160.json"
"796964","564300","2025-10-22","26.00","AUD","1760116160","11310/2025-10-22/1760116160.json"
"888490","710035","2025-10-22","26.00","AUD","1760116160","11310/2025-10-22/1760116160.json"
"796964","564300","2025-10-21","26.00","AUD","1760116160","11310/2025-10-21/1760116160.json"
"888490","710035","2025-10-21","26.00","AUD","1760116160","11310/2025-10-21/1760116160.json"
"796964","564300","2025-10-23","26.00","AUD","1760116160","11310/2025-10-23/1760116160.json"
"888490","710035","2025-10-23","26.00","AUD","1760116160","11310/2025-10-23/1760116160.json"
"796964","564300","2025-10-25","26.00","AUD","1760116160","11310/2025-10-25/1760116160.json"
"796964","564300","2025-10-26","26.00","AUD","1760116160","11310/2025-10-26/1760116160.json"
"796964","564300","2025-10-30","26.00","AUD","1760116160","11310/2025-10-30/1760116160.json"
"888490","710035","2025-10-30","26.00","AUD","1760116160","11310/2025-10-30/1760116160.json"
"796964","564300","2025-10-29","26.00","AUD","1760116160","11310/2025-10-29/1760116160.json"
"888490","710035","2025-10-29","26.00","AUD","1760116160","11310/2025-10-29/1760116160.json"
"796964","564300","2025-10-28","26.00","AUD","1760116160","11310/2025-10-28/1760116160.json"
"888490","710035","2025-10-28","26.00","AUD","1760116160","11310/2025-10-28/1760116160.json"
"796964","564300","2025-10-27","26.00","AUD","1760116160","11310/2025-10-27/1760116160.json"
"888490","710035","2025-10-27","26.00","AUD","1760116160","11310/2025-10-27/1760116160.json"
"796964","564300","2025-11-02","26.00","AUD","1760116160","11310/2025-11-02/1760116160.json"
"888490","710035","2025-11-02","26.00","AUD","1760116160","11310/2025-11-02/1760116160.json"
"796964","564300","2025-10-31","26.00","AUD","1760116160","11310/2025-10-31/1760116160.json"
"888490","710035","2025-10-31","26.00","AUD","1760116160","11310/2025-10-31/1760116160.json"
"796964","564300","2025-11-01","26.00","AUD","1760116160","11310/2025-11-01/1760116160.json"
"888490","710035","2025-11-01","26.00","AUD","1760116160","11310/2025-11-01/1760116160.json"
"888490","710035","2025-10-11","26.00","AUD","1760129734","11310/2025-10-11/1760129734.json"
"796964","564300","2025-10-13","26.00","AUD","1760129734","11310/2025-10-13/1760129734.json"
"888490","710035","2025-10-12","26.00","AUD","1760129734","11310/2025-10-12/1760129734.json"
"796964","564300","2025-10-15","26.00","AUD","1760129734","11310/2025-10-15/1760129734.json"
"888490","710035","2025-10-15","26.00","AUD","1760129734","11310/2025-10-15/1760129734.json"
"888490","710035","2025-10-16","26.00","AUD","1760129734","11310/2025-10-16/1760129734.json"
"796964","564300","2025-10-18","26.00","AUD","1760129734","11310/2025-10-18/1760129734.json"
"796964","564300","2025-10-17","26.00","AUD","1760129734","11310/2025-10-17/1760129734.json"
"888490","710035","2025-10-17","26.00","AUD","1760129734","11310/2025-10-17/1760129734.json"
"796964","564300","2025-10-19","26.00","AUD","1760129734","11310/2025-10-19/1760129734.json"
"888490","710035","2025-10-19","26.00","AUD","1760129734","11310/2025-10-19/1760129734.json"
"796964","564300","2025-10-20","26.00","AUD","1760129734","11310/2025-10-20/1760129734.json"
"888490","710035","2025-10-20","26.00","AUD","1760129734","11310/2025-10-20/1760129734.json"
"796964","564300","2025-10-21","26.00","AUD","1760129734","11310/2025-10-21/1760129734.json"
"888490","710035","2025-10-21","26.00","AUD","1760129734","11310/2025-10-21/1760129734.json"
"796964","564300","2025-10-22","26.00","AUD","1760129734","11310/2025-10-22/1760129734.json"
"888490","710035","2025-10-22","26.00","AUD","1760129734","11310/2025-10-22/1760129734.json"
"796964","564300","2025-10-23","26.00","AUD","1760129734","11310/2025-10-23/1760129734.json"
"888490","710035","2025-10-23","26.00","AUD","1760129734","11310/2025-10-23/1760129734.json"
"796964","564300","2025-10-25","26.00","AUD","1760129734","11310/2025-10-25/1760129734.json"
"796964","564300","2025-10-26","26.00","AUD","1760129734","11310/2025-10-26/1760129734.json"
"796964","564300","2025-10-27","26.00","AUD","1760129734","11310/2025-10-27/1760129734.json"
"888490","710035","2025-10-27","26.00","AUD","1760129734","11310/2025-10-27/1760129734.json"
"796964","564300","2025-10-29","26.00","AUD","1760129734","11310/2025-10-29/1760129734.json"
"888490","710035","2025-10-29","26.00","AUD","1760129734","11310/2025-10-29/1760129734.json"
"796964","564300","2025-10-30","26.00","AUD","1760129734","11310/2025-10-30/1760129734.json"
"888490","710035","2025-10-30","26.00","AUD","1760129734","11310/2025-10-30/1760129734.json"
"796964","564300","2025-10-28","26.00","AUD","1760129734","11310/2025-10-28/1760129734.json"
"888490","710035","2025-10-28","26.00","AUD","1760129734","11310/2025-10-28/1760129734.json"
"796964","564300","2025-10-31","26.00","AUD","1760129734","11310/2025-10-31/1760129734.json"
"888490","710035","2025-10-31","26.00","AUD","1760129734","11310/2025-10-31/1760129734.json"
"796964","564300","2025-11-01","26.00","AUD","1760129734","11310/2025-11-01/1760129734.json"
"888490","710035","2025-11-01","26.00","AUD","1760129734","11310/2025-11-01/1760129734.json"
"796964","564300","2025-11-02","26.00","AUD","1760129734","11310/2025-11-02/1760129734.json"
"888490","710035","2025-11-02","26.00","AUD","1760129734","11310/2025-11-02/1760129734.json"
"888490","710035","2025-10-12","26.00","AUD","1760152943","11310/2025-10-12/1760152943.json"
"796964","564300","2025-10-13","26.00","AUD","1760152943","11310/2025-10-13/1760152943.json"
"796964","564300","2025-10-15","26.00","AUD","1760152943","11310/2025-10-15/1760152943.json"
"888490","710035","2025-10-15","26.00","AUD","1760152943","11310/2025-10-15/1760152943.json"
"888490","710035","2025-10-16","26.00","AUD","1760152943","11310/2025-10-16/1760152943.json"
"796964","564300","2025-10-18","26.00","AUD","1760152943","11310/2025-10-18/1760152943.json"
"796964","564300","2025-10-17","26.00","AUD","1760152943","11310/2025-10-17/1760152943.json"
"888490","710035","2025-10-17","26.00","AUD","1760152943","11310/2025-10-17/1760152943.json"
"796964","564300","2025-10-19","26.00","AUD","1760152943","11310/2025-10-19/1760152943.json"
"888490","710035","2025-10-19","26.00","AUD","1760152943","11310/2025-10-19/1760152943.json"
"796964","564300","2025-10-20","26.00","AUD","1760152943","11310/2025-10-20/1760152943.json"
"888490","710035","2025-10-20","26.00","AUD","1760152943","11310/2025-10-20/1760152943.json"
"796964","564300","2025-10-22","26.00","AUD","1760152943","11310/2025-10-22/1760152943.json"
"888490","710035","2025-10-22","26.00","AUD","1760152943","11310/2025-10-22/1760152943.json"
"796964","564300","2025-10-21","26.00","AUD","1760152943","11310/2025-10-21/1760152943.json"
"888490","710035","2025-10-21","26.00","AUD","1760152943","11310/2025-10-21/1760152943.json"
"796964","564300","2025-10-23","26.00","AUD","1760152943","11310/2025-10-23/1760152943.json"
"888490","710035","2025-10-23","26.00","AUD","1760152943","11310/2025-10-23/1760152943.json"
"796964","564300","2025-10-26","26.00","AUD","1760152943","11310/2025-10-26/1760152943.json"
"796964","564300","2025-10-25","26.00","AUD","1760152943","11310/2025-10-25/1760152943.json"
"796964","564300","2025-10-27","26.00","AUD","1760152943","11310/2025-10-27/1760152943.json"
"888490","710035","2025-10-27","26.00","AUD","1760152943","11310/2025-10-27/1760152943.json"
"796964","564300","2025-10-28","26.00","AUD","1760152943","11310/2025-10-28/1760152943.json"
"888490","710035","2025-10-28","26.00","AUD","1760152943","11310/2025-10-28/1760152943.json"
"796964","564300","2025-10-30","26.00","AUD","1760152943","11310/2025-10-30/1760152943.json"
"888490","710035","2025-10-30","26.00","AUD","1760152943","11310/2025-10-30/1760152943.json"
"796964","564300","2025-10-29","26.00","AUD","1760152943","11310/2025-10-29/1760152943.json"
"888490","710035","2025-10-29","26.00","AUD","1760152943","11310/2025-10-29/1760152943.json"
"796964","564300","2025-10-31","26.00","AUD","1760152943","11310/2025-10-31/1760152943.json"
"888490","710035","2025-10-31","26.00","AUD","1760152943","11310/2025-10-31/1760152943.json"
"796964","564300","2025-11-01","26.00","AUD","1760152943","11310/2025-11-01/1760152943.json"
"888490","710035","2025-11-01","26.00","AUD","1760152943","11310/2025-11-01/1760152943.json"
"796964","564300","2025-11-02","26.00","AUD","1760152943","11310/2025-11-02/1760152943.json"
"888490","710035","2025-11-02","26.00","AUD","1760152943","11310/2025-11-02/1760152943.json"
"888490","710035","2025-10-12","26.00","AUD","1760158817","11310/2025-10-12/1760158817.json"
"796964","564300","2025-10-13","26.00","AUD","1760158817","11310/2025-10-13/1760158817.json"
"796964","564300","2025-10-15","26.00","AUD","1760158817","11310/2025-10-15/1760158817.json"
"888490","710035","2025-10-15","26.00","AUD","1760158817","11310/2025-10-15/1760158817.json"
"796964","564300","2025-10-18","26.00","AUD","1760158817","11310/2025-10-18/1760158817.json"
"888490","710035","2025-10-16","26.00","AUD","1760158817","11310/2025-10-16/1760158817.json"
"796964","564300","2025-10-17","26.00","AUD","1760158817","11310/2025-10-17/1760158817.json"
"888490","710035","2025-10-17","26.00","AUD","1760158817","11310/2025-10-17/1760158817.json"
"796964","564300","2025-10-19","26.00","AUD","1760158817","11310/2025-10-19/1760158817.json"
"888490","710035","2025-10-19","26.00","AUD","1760158817","11310/2025-10-19/1760158817.json"
"796964","564300","2025-10-20","26.00","AUD","1760158817","11310/2025-10-20/1760158817.json"
"888490","710035","2025-10-20","26.00","AUD","1760158817","11310/2025-10-20/1760158817.json"
"796964","564300","2025-10-21","26.00","AUD","1760158817","11310/2025-10-21/1760158817.json"
"888490","710035","2025-10-21","26.00","AUD","1760158817","11310/2025-10-21/1760158817.json"
"796964","564300","2025-10-22","26.00","AUD","1760158817","11310/2025-10-22/1760158817.json"
"888490","710035","2025-10-22","26.00","AUD","1760158817","11310/2025-10-22/1760158817.json"
"796964","564300","2025-10-23","26.00","AUD","1760158817","11310/2025-10-23/1760158817.json"
"888490","710035","2025-10-23","26.00","AUD","1760158817","11310/2025-10-23/1760158817.json"
"796964","564300","2025-10-25","26.00","AUD","1760158817","11310/2025-10-25/1760158817.json"
"796964","564300","2025-10-26","26.00","AUD","1760158817","11310/2025-10-26/1760158817.json"
"796964","564300","2025-10-27","26.00","AUD","1760158817","11310/2025-10-27/1760158817.json"
"888490","710035","2025-10-27","26.00","AUD","1760158817","11310/2025-10-27/1760158817.json"
"796964","564300","2025-10-29","26.00","AUD","1760158817","11310/2025-10-29/1760158817.json"
"888490","710035","2025-10-29","26.00","AUD","1760158817","11310/2025-10-29/1760158817.json"
"796964","564300","2025-10-28","26.00","AUD","1760158817","11310/2025-10-28/1760158817.json"
"888490","710035","2025-10-28","26.00","AUD","1760158817","11310/2025-10-28/1760158817.json"
"796964","564300","2025-10-30","26.00","AUD","1760158817","11310/2025-10-30/1760158817.json"
"888490","710035","2025-10-30","26.00","AUD","1760158817","11310/2025-10-30/1760158817.json"
"796964","564300","2025-10-31","26.00","AUD","1760158817","11310/2025-10-31/1760158817.json"
"888490","710035","2025-10-31","26.00","AUD","1760158817","11310/2025-10-31/1760158817.json"
"796964","564300","2025-11-01","26.00","AUD","1760158817","11310/2025-11-01/1760158817.json"
"888490","710035","2025-11-01","26.00","AUD","1760158817","11310/2025-11-01/1760158817.json"
"796964","564300","2025-11-02","26.00","AUD","1760158817","11310/2025-11-02/1760158817.json"
"888490","710035","2025-11-02","26.00","AUD","1760158817","11310/2025-11-02/1760158817.json"
"888490","710035","2025-10-12","26.00","AUD","1760173456","11310/2025-10-12/1760173456.json"
"796964","564300","2025-10-13","26.00","AUD","1760173456","11310/2025-10-13/1760173456.json"
"796964","564300","2025-10-17","26.00","AUD","1760173456","11310/2025-10-17/1760173456.json"
"888490","710035","2025-10-17","26.00","AUD","1760173456","11310/2025-10-17/1760173456.json"
"796964","564300","2025-10-15","26.00","AUD","1760173456","11310/2025-10-15/1760173456.json"
"888490","710035","2025-10-15","26.00","AUD","1760173456","11310/2025-10-15/1760173456.json"
"796964","564300","2025-10-18","26.00","AUD","1760173456","11310/2025-10-18/1760173456.json"
"796964","564300","2025-10-19","26.00","AUD","1760173456","11310/2025-10-19/1760173456.json"
"888490","710035","2025-10-19","26.00","AUD","1760173456","11310/2025-10-19/1760173456.json"
"796964","564300","2025-10-20","26.00","AUD","1760173456","11310/2025-10-20/1760173456.json"
"888490","710035","2025-10-20","26.00","AUD","1760173456","11310/2025-10-20/1760173456.json"
"796964","564300","2025-10-21","26.00","AUD","1760173456","11310/2025-10-21/1760173456.json"
"888490","710035","2025-10-21","26.00","AUD","1760173456","11310/2025-10-21/1760173456.json"
"796964","564300","2025-10-22","26.00","AUD","1760173456","11310/2025-10-22/1760173456.json"
"888490","710035","2025-10-22","26.00","AUD","1760173456","11310/2025-10-22/1760173456.json"
"888490","710035","2025-10-16","26.00","AUD","1760173456","11310/2025-10-16/1760173456.json"
"796964","564300","2025-10-24","26.00","AUD","1760173456","11310/2025-10-24/1760173456.json"
"796964","564300","2025-10-23","26.00","AUD","1760173456","11310/2025-10-23/1760173456.json"
"888490","710035","2025-10-23","26.00","AUD","1760173456","11310/2025-10-23/1760173456.json"
"796964","564300","2025-10-25","26.00","AUD","1760173456","11310/2025-10-25/1760173456.json"
"796964","564300","2025-10-27","26.00","AUD","1760173456","11310/2025-10-27/1760173456.json"
"888490","710035","2025-10-27","26.00","AUD","1760173456","11310/2025-10-27/1760173456.json"
"796964","564300","2025-10-28","26.00","AUD","1760173456","11310/2025-10-28/1760173456.json"
"888490","710035","2025-10-28","26.00","AUD","1760173456","11310/2025-10-28/1760173456.json"
"796964","564300","2025-10-26","26.00","AUD","1760173456","11310/2025-10-26/1760173456.json"
"796964","564300","2025-10-29","26.00","AUD","1760173456","11310/2025-10-29/1760173456.json"
"888490","710035","2025-10-29","26.00","AUD","1760173456","11310/2025-10-29/1760173456.json"
"796964","564300","2025-10-30","26.00","AUD","1760173456","11310/2025-10-30/1760173456.json"
"888490","710035","2025-10-30","26.00","AUD","1760173456","11310/2025-10-30/1760173456.json"
"796964","564300","2025-10-31","26.00","AUD","1760173456","11310/2025-10-31/1760173456.json"
"888490","710035","2025-10-31","26.00","AUD","1760173456","11310/2025-10-31/1760173456.json"
"796964","564300","2025-11-02","26.00","AUD","1760173456","11310/2025-11-02/1760173456.json"
"888490","710035","2025-11-02","26.00","AUD","1760173456","11310/2025-11-02/1760173456.json"
"796964","564300","2025-11-01","26.00","AUD","1760173456","11310/2025-11-01/1760173456.json"
"888490","710035","2025-11-01","26.00","AUD","1760173456","11310/2025-11-01/1760173456.json"
"796964","564300","2025-10-13","26.00","AUD","1760189178","11310/2025-10-13/1760189178.json"
"888490","710035","2025-10-12","26.00","AUD","1760189178","11310/2025-10-12/1760189178.json"
"888490","710035","2025-10-16","26.00","AUD","1760189178","11310/2025-10-16/1760189178.json"
"796964","564300","2025-10-17","26.00","AUD","1760189178","11310/2025-10-17/1760189178.json"
"796964","564300","2025-10-15","26.00","AUD","1760189178","11310/2025-10-15/1760189178.json"
"888490","710035","2025-10-17","26.00","AUD","1760189178","11310/2025-10-17/1760189178.json"
"888490","710035","2025-10-15","26.00","AUD","1760189178","11310/2025-10-15/1760189178.json"
"796964","564300","2025-10-18","26.00","AUD","1760189178","11310/2025-10-18/1760189178.json"
"796964","564300","2025-10-19","26.00","AUD","1760189178","11310/2025-10-19/1760189178.json"
"888490","710035","2025-10-19","26.00","AUD","1760189178","11310/2025-10-19/1760189178.json"
"796964","564300","2025-10-22","26.00","AUD","1760189178","11310/2025-10-22/1760189178.json"
"888490","710035","2025-10-22","26.00","AUD","1760189178","11310/2025-10-22/1760189178.json"
"796964","564300","2025-10-21","26.00","AUD","1760189178","11310/2025-10-21/1760189178.json"
"888490","710035","2025-10-21","26.00","AUD","1760189178","11310/2025-10-21/1760189178.json"
"796964","564300","2025-10-20","26.00","AUD","1760189178","11310/2025-10-20/1760189178.json"
"888490","710035","2025-10-20","26.00","AUD","1760189178","11310/2025-10-20/1760189178.json"
"796964","564300","2025-10-24","26.00","AUD","1760189178","11310/2025-10-24/1760189178.json"
"796964","564300","2025-10-25","26.00","AUD","1760189178","11310/2025-10-25/1760189178.json"
"796964","564300","2025-10-23","26.00","AUD","1760189178","11310/2025-10-23/1760189178.json"
"888490","710035","2025-10-23","26.00","AUD","1760189178","11310/2025-10-23/1760189178.json"
"796964","564300","2025-10-26","26.00","AUD","1760189178","11310/2025-10-26/1760189178.json"
"796964","564300","2025-10-27","26.00","AUD","1760189178","11310/2025-10-27/1760189178.json"
"888490","710035","2025-10-27","26.00","AUD","1760189178","11310/2025-10-27/1760189178.json"
"796964","564300","2025-10-28","26.00","AUD","1760189178","11310/2025-10-28/1760189178.json"
"888490","710035","2025-10-28","26.00","AUD","1760189178","11310/2025-10-28/1760189178.json"
"796964","564300","2025-10-30","26.00","AUD","1760189178","11310/2025-10-30/1760189178.json"
"888490","710035","2025-10-30","26.00","AUD","1760189178","11310/2025-10-30/1760189178.json"
"796964","564300","2025-10-31","26.00","AUD","1760189178","11310/2025-10-31/1760189178.json"
"888490","710035","2025-10-31","26.00","AUD","1760189178","11310/2025-10-31/1760189178.json"
"796964","564300","2025-11-01","26.00","AUD","1760189178","11310/2025-11-01/1760189178.json"
"888490","710035","2025-11-01","26.00","AUD","1760189178","11310/2025-11-01/1760189178.json"
"796964","564300","2025-11-02","26.00","AUD","1760189178","11310/2025-11-02/1760189178.json"
"888490","710035","2025-11-02","26.00","AUD","1760189178","11310/2025-11-02/1760189178.json"
"796964","564300","2025-10-29","26.00","AUD","1760189178","11310/2025-10-29/1760189178.json"
"888490","710035","2025-10-29","26.00","AUD","1760189178","11310/2025-10-29/1760189178.json"
"888490","710035","2025-10-12","26.00","AUD","1760201938","11310/2025-10-12/1760201938.json"
"796964","564300","2025-10-13","26.00","AUD","1760201938","11310/2025-10-13/1760201938.json"
"796964","564300","2025-10-15","26.00","AUD","1760201938","11310/2025-10-15/1760201938.json"
"888490","710035","2025-10-15","26.00","AUD","1760201938","11310/2025-10-15/1760201938.json"
"796964","564300","2025-10-17","26.00","AUD","1760201938","11310/2025-10-17/1760201938.json"
"888490","710035","2025-10-17","26.00","AUD","1760201938","11310/2025-10-17/1760201938.json"
"888490","710035","2025-10-16","26.00","AUD","1760201938","11310/2025-10-16/1760201938.json"
"796964","564300","2025-10-19","26.00","AUD","1760201938","11310/2025-10-19/1760201938.json"
"888490","710035","2025-10-19","26.00","AUD","1760201938","11310/2025-10-19/1760201938.json"
"796964","564300","2025-10-18","26.00","AUD","1760201938","11310/2025-10-18/1760201938.json"
"796964","564300","2025-10-21","26.00","AUD","1760201938","11310/2025-10-21/1760201938.json"
"888490","710035","2025-10-21","26.00","AUD","1760201938","11310/2025-10-21/1760201938.json"
"796964","564300","2025-10-20","26.00","AUD","1760201938","11310/2025-10-20/1760201938.json"
"888490","710035","2025-10-20","26.00","AUD","1760201938","11310/2025-10-20/1760201938.json"
"796964","564300","2025-10-22","26.00","AUD","1760201938","11310/2025-10-22/1760201938.json"
"888490","710035","2025-10-22","26.00","AUD","1760201938","11310/2025-10-22/1760201938.json"
"796964","564300","2025-10-23","26.00","AUD","1760201938","11310/2025-10-23/1760201938.json"
"888490","710035","2025-10-23","26.00","AUD","1760201938","11310/2025-10-23/1760201938.json"
"796964","564300","2025-10-24","26.00","AUD","1760201938","11310/2025-10-24/1760201938.json"
"796964","564300","2025-10-25","26.00","AUD","1760201938","11310/2025-10-25/1760201938.json"
"796964","564300","2025-10-29","26.00","AUD","1760201938","11310/2025-10-29/1760201938.json"
"888490","710035","2025-10-29","26.00","AUD","1760201938","11310/2025-10-29/1760201938.json"
"796964","564300","2025-10-27","26.00","AUD","1760201938","11310/2025-10-27/1760201938.json"
"888490","710035","2025-10-27","26.00","AUD","1760201938","11310/2025-10-27/1760201938.json"
"796964","564300","2025-10-26","26.00","AUD","1760201938","11310/2025-10-26/1760201938.json"
"796964","564300","2025-10-28","26.00","AUD","1760201938","11310/2025-10-28/1760201938.json"
"888490","710035","2025-10-28","26.00","AUD","1760201938","11310/2025-10-28/1760201938.json"
"888490","710035","2025-10-31","26.00","AUD","1760201938","11310/2025-10-31/1760201938.json"
"796964","564300","2025-10-30","26.00","AUD","1760201938","11310/2025-10-30/1760201938.json"
"888490","710035","2025-10-30","26.00","AUD","1760201938","11310/2025-10-30/1760201938.json"
"888490","710035","2025-11-01","26.00","AUD","1760201938","11310/2025-11-01/1760201938.json"
"796964","564300","2025-11-02","26.00","AUD","1760201938","11310/2025-11-02/1760201938.json"
"888490","710035","2025-11-02","26.00","AUD","1760201938","11310/2025-11-02/1760201938.json"
"888490","710035","2025-10-12","26.00","AUD","1760215929","11310/2025-10-12/1760215929.json"
"796964","564300","2025-10-13","26.00","AUD","1760215929","11310/2025-10-13/1760215929.json"
"796964","564300","2025-10-15","26.00","AUD","1760215929","11310/2025-10-15/1760215929.json"
"888490","710035","2025-10-15","26.00","AUD","1760215929","11310/2025-10-15/1760215929.json"
"888490","710035","2025-10-16","26.00","AUD","1760215929","11310/2025-10-16/1760215929.json"
"796964","564300","2025-10-17","26.00","AUD","1760215929","11310/2025-10-17/1760215929.json"
"888490","710035","2025-10-17","26.00","AUD","1760215929","11310/2025-10-17/1760215929.json"
"796964","564300","2025-10-18","26.00","AUD","1760215929","11310/2025-10-18/1760215929.json"
"796964","564300","2025-10-19","26.00","AUD","1760215929","11310/2025-10-19/1760215929.json"
"888490","710035","2025-10-19","26.00","AUD","1760215929","11310/2025-10-19/1760215929.json"
"796964","564300","2025-10-21","26.00","AUD","1760215929","11310/2025-10-21/1760215929.json"
"888490","710035","2025-10-21","26.00","AUD","1760215929","11310/2025-10-21/1760215929.json"
"796964","564300","2025-10-20","26.00","AUD","1760215929","11310/2025-10-20/1760215929.json"
"888490","710035","2025-10-20","26.00","AUD","1760215929","11310/2025-10-20/1760215929.json"
"796964","564300","2025-10-23","26.00","AUD","1760215929","11310/2025-10-23/1760215929.json"
"888490","710035","2025-10-23","26.00","AUD","1760215929","11310/2025-10-23/1760215929.json"
"796964","564300","2025-10-22","26.00","AUD","1760215929","11310/2025-10-22/1760215929.json"
"888490","710035","2025-10-22","26.00","AUD","1760215929","11310/2025-10-22/1760215929.json"
"796964","564300","2025-10-24","26.00","AUD","1760215929","11310/2025-10-24/1760215929.json"
"796964","564300","2025-10-25","26.00","AUD","1760215929","11310/2025-10-25/1760215929.json"
"796964","564300","2025-10-27","26.00","AUD","1760215929","11310/2025-10-27/1760215929.json"
"888490","710035","2025-10-27","26.00","AUD","1760215929","11310/2025-10-27/1760215929.json"
"796964","564300","2025-10-26","26.00","AUD","1760215929","11310/2025-10-26/1760215929.json"
"796964","564300","2025-10-28","26.00","AUD","1760215929","11310/2025-10-28/1760215929.json"
"888490","710035","2025-10-28","26.00","AUD","1760215929","11310/2025-10-28/1760215929.json"
"888490","710035","2025-10-31","26.00","AUD","1760215929","11310/2025-10-31/1760215929.json"
"796964","564300","2025-10-29","26.00","AUD","1760215929","11310/2025-10-29/1760215929.json"
"888490","710035","2025-10-29","26.00","AUD","1760215929","11310/2025-10-29/1760215929.json"
"796964","564300","2025-10-30","26.00","AUD","1760215929","11310/2025-10-30/1760215929.json"
"888490","710035","2025-10-30","26.00","AUD","1760215929","11310/2025-10-30/1760215929.json"
"888490","710035","2025-11-01","26.00","AUD","1760215929","11310/2025-11-01/1760215929.json"
"796964","564300","2025-11-02","26.00","AUD","1760215929","11310/2025-11-02/1760215929.json"
"888490","710035","2025-11-02","26.00","AUD","1760215929","11310/2025-11-02/1760215929.json"
"796964","564300","2025-10-13","26.00","AUD","1760239959","11310/2025-10-13/1760239959.json"
"796964","564300","2025-10-15","26.00","AUD","1760239959","11310/2025-10-15/1760239959.json"
"888490","710035","2025-10-15","26.00","AUD","1760239959","11310/2025-10-15/1760239959.json"
"888490","710035","2025-10-16","26.00","AUD","1760239959","11310/2025-10-16/1760239959.json"
"888490","710035","2025-10-19","26.00","AUD","1760239959","11310/2025-10-19/1760239959.json"
"796964","564300","2025-10-17","26.00","AUD","1760239959","11310/2025-10-17/1760239959.json"
"888490","710035","2025-10-17","26.00","AUD","1760239959","11310/2025-10-17/1760239959.json"
"888490","710035","2025-10-20","26.00","AUD","1760239959","11310/2025-10-20/1760239959.json"
"888490","710035","2025-10-22","26.00","AUD","1760239959","11310/2025-10-22/1760239959.json"
"888490","710035","2025-10-21","26.00","AUD","1760239959","11310/2025-10-21/1760239959.json"
"796964","564300","2025-10-23","26.00","AUD","1760239959","11310/2025-10-23/1760239959.json"
"888490","710035","2025-10-23","26.00","AUD","1760239959","11310/2025-10-23/1760239959.json"
"796964","564300","2025-10-26","26.00","AUD","1760239959","11310/2025-10-26/1760239959.json"
"796964","564300","2025-10-24","26.00","AUD","1760239959","11310/2025-10-24/1760239959.json"
"888490","710035","2025-10-24","26.00","AUD","1760239959","11310/2025-10-24/1760239959.json"
"888490","710035","2025-10-27","26.00","AUD","1760239959","11310/2025-10-27/1760239959.json"
"796964","564300","2025-10-29","26.00","AUD","1760239959","11310/2025-10-29/1760239959.json"
"796964","564300","2025-10-30","26.00","AUD","1760239959","11310/2025-10-30/1760239959.json"
"888490","710035","2025-10-30","26.00","AUD","1760239959","11310/2025-10-30/1760239959.json"
"888490","710035","2025-10-31","26.00","AUD","1760239959","11310/2025-10-31/1760239959.json"
"888490","710035","2025-11-01","26.00","AUD","1760239959","11310/2025-11-01/1760239959.json"
"796964","564300","2025-11-03","26.00","AUD","1760239959","11310/2025-11-03/1760239959.json"
"888490","710035","2025-11-03","26.00","AUD","1760239959","11310/2025-11-03/1760239959.json"
"796964","564300","2025-11-02","26.00","AUD","1760239959","11310/2025-11-02/1760239959.json"
"888490","710035","2025-11-02","26.00","AUD","1760239959","11310/2025-11-02/1760239959.json"
"796964","564300","2025-11-04","26.00","AUD","1760239959","11310/2025-11-04/1760239959.json"
"888490","710035","2025-11-04","26.00","AUD","1760239959","11310/2025-11-04/1760239959.json"
"796964","564300","2025-11-06","26.00","AUD","1760239959","11310/2025-11-06/1760239959.json"
"888490","710035","2025-11-06","26.00","AUD","1760239959","11310/2025-11-06/1760239959.json"
"796964","564300","2025-11-07","26.00","AUD","1760239959","11310/2025-11-07/1760239959.json"
"888490","710035","2025-11-07","26.00","AUD","1760239959","11310/2025-11-07/1760239959.json"
"796964","564300","2025-11-08","26.00","AUD","1760239959","11310/2025-11-08/1760239959.json"
"796964","564300","2025-11-09","26.00","AUD","1760239959","11310/2025-11-09/1760239959.json"
"888490","710035","2025-11-09","26.00","AUD","1760239959","11310/2025-11-09/1760239959.json"
"796964","564300","2025-11-10","26.00","AUD","1760239959","11310/2025-11-10/1760239959.json"
"888490","710035","2025-11-10","26.00","AUD","1760239959","11310/2025-11-10/1760239959.json"
"888490","710035","2025-11-11","26.00","AUD","1760239959","11310/2025-11-11/1760239959.json"
"796964","564300","2025-11-12","26.00","AUD","1760239959","11310/2025-11-12/1760239959.json"
"888490","710035","2025-11-13","28.00","AUD","1760239959","11310/2025-11-13/1760239959.json"
"796964","564300","2025-11-14","28.00","AUD","1760239959","11310/2025-11-14/1760239959.json"
"796964","564300","2025-11-15","28.00","AUD","1760239959","11310/2025-11-15/1760239959.json"
"888490","710035","2025-11-15","28.00","AUD","1760239959","11310/2025-11-15/1760239959.json"
"796964","564300","2025-11-16","28.00","AUD","1760239959","11310/2025-11-16/1760239959.json"
"888490","710035","2025-11-17","28.00","AUD","1760239959","11310/2025-11-17/1760239959.json"
"796964","564300","2025-11-19","28.00","AUD","1760239959","11310/2025-11-19/1760239959.json"
"796964","564300","2025-11-18","28.00","AUD","1760239959","11310/2025-11-18/1760239959.json"
"888490","710035","2025-11-19","28.00","AUD","1760239959","11310/2025-11-19/1760239959.json"
"888490","710035","2025-11-18","28.00","AUD","1760239959","11310/2025-11-18/1760239959.json"
"796964","564300","2025-11-20","28.00","AUD","1760239959","11310/2025-11-20/1760239959.json"
"888490","710035","2025-11-20","28.00","AUD","1760239959","11310/2025-11-20/1760239959.json"
"796964","564300","2025-11-21","28.00","AUD","1760239959","11310/2025-11-21/1760239959.json"
"796964","564300","2025-11-22","28.00","AUD","1760239959","11310/2025-11-22/1760239959.json"
"796964","564300","2025-11-23","28.00","AUD","1760239959","11310/2025-11-23/1760239959.json"
"888490","710035","2025-11-23","28.00","AUD","1760239959","11310/2025-11-23/1760239959.json"
"796964","564300","2025-11-26","28.00","AUD","1760239959","11310/2025-11-26/1760239959.json"
"888490","710035","2025-11-26","28.00","AUD","1760239959","11310/2025-11-26/1760239959.json"
"796964","564300","2025-11-29","28.00","AUD","1760239959","11310/2025-11-29/1760239959.json"
"888490","710035","2025-11-29","28.00","AUD","1760239959","11310/2025-11-29/1760239959.json"
"796964","564300","2025-11-27","28.00","AUD","1760239959","11310/2025-11-27/1760239959.json"
"888490","710035","2025-11-27","28.00","AUD","1760239959","11310/2025-11-27/1760239959.json"
"796964","564300","2025-11-30","28.00","AUD","1760239959","11310/2025-11-30/1760239959.json"
"888490","710035","2025-11-30","28.00","AUD","1760239959","11310/2025-11-30/1760239959.json"
"796964","564300","2025-12-02","28.00","AUD","1760239959","11310/2025-12-02/1760239959.json"
"888490","710035","2025-12-02","28.00","AUD","1760239959","11310/2025-12-02/1760239959.json"
"796964","564300","2025-12-03","28.00","AUD","1760239959","11310/2025-12-03/1760239959.json"
"888490","710035","2025-12-03","28.00","AUD","1760239959","11310/2025-12-03/1760239959.json"
"796964","564300","2025-12-05","28.00","AUD","1760239959","11310/2025-12-05/1760239959.json"
"888490","710035","2025-12-05","28.00","AUD","1760239959","11310/2025-12-05/1760239959.json"
"888490","710035","2025-12-04","28.00","AUD","1760239959","11310/2025-12-04/1760239959.json"
"796964","564300","2025-12-06","28.00","AUD","1760239959","11310/2025-12-06/1760239959.json"
"888490","710035","2025-12-06","28.00","AUD","1760239959","11310/2025-12-06/1760239959.json"
"796964","564300","2025-10-15","26.00","AUD","1760245040","11310/2025-10-15/1760245040.json"
"888490","710035","2025-10-15","26.00","AUD","1760245040","11310/2025-10-15/1760245040.json"
"796964","564300","2025-10-13","26.00","AUD","1760245040","11310/2025-10-13/1760245040.json"
"888490","710035","2025-10-16","26.00","AUD","1760245040","11310/2025-10-16/1760245040.json"
"796964","564300","2025-10-17","26.00","AUD","1760245040","11310/2025-10-17/1760245040.json"
"888490","710035","2025-10-17","26.00","AUD","1760245040","11310/2025-10-17/1760245040.json"
"888490","710035","2025-10-19","26.00","AUD","1760245040","11310/2025-10-19/1760245040.json"
"888490","710035","2025-10-21","26.00","AUD","1760245040","11310/2025-10-21/1760245040.json"
"888490","710035","2025-10-20","26.00","AUD","1760245040","11310/2025-10-20/1760245040.json"
"888490","710035","2025-10-22","26.00","AUD","1760245040","11310/2025-10-22/1760245040.json"
"796964","564300","2025-10-23","26.00","AUD","1760245040","11310/2025-10-23/1760245040.json"
"888490","710035","2025-10-23","26.00","AUD","1760245040","11310/2025-10-23/1760245040.json"
"796964","564300","2025-10-24","26.00","AUD","1760245040","11310/2025-10-24/1760245040.json"
"888490","710035","2025-10-24","26.00","AUD","1760245040","11310/2025-10-24/1760245040.json"
"796964","564300","2025-10-26","26.00","AUD","1760245040","11310/2025-10-26/1760245040.json"
"888490","710035","2025-10-27","26.00","AUD","1760245040","11310/2025-10-27/1760245040.json"
"796964","564300","2025-10-29","26.00","AUD","1760245040","11310/2025-10-29/1760245040.json"
"796964","564300","2025-10-30","26.00","AUD","1760245040","11310/2025-10-30/1760245040.json"
"888490","710035","2025-10-30","26.00","AUD","1760245040","11310/2025-10-30/1760245040.json"
"888490","710035","2025-10-31","26.00","AUD","1760245040","11310/2025-10-31/1760245040.json"
"888490","710035","2025-11-01","26.00","AUD","1760245040","11310/2025-11-01/1760245040.json"
"796964","564300","2025-11-04","26.00","AUD","1760245040","11310/2025-11-04/1760245040.json"
"888490","710035","2025-11-04","26.00","AUD","1760245040","11310/2025-11-04/1760245040.json"
"796964","564300","2025-11-02","26.00","AUD","1760245040","11310/2025-11-02/1760245040.json"
"888490","710035","2025-11-02","26.00","AUD","1760245040","11310/2025-11-02/1760245040.json"
"796964","564300","2025-11-07","26.00","AUD","1760245040","11310/2025-11-07/1760245040.json"
"888490","710035","2025-11-07","26.00","AUD","1760245040","11310/2025-11-07/1760245040.json"
"796964","564300","2025-11-06","26.00","AUD","1760245040","11310/2025-11-06/1760245040.json"
"888490","710035","2025-11-06","26.00","AUD","1760245040","11310/2025-11-06/1760245040.json"
"796964","564300","2025-11-08","26.00","AUD","1760245040","11310/2025-11-08/1760245040.json"
"796964","564300","2025-11-09","26.00","AUD","1760245040","11310/2025-11-09/1760245040.json"
"888490","710035","2025-11-09","26.00","AUD","1760245040","11310/2025-11-09/1760245040.json"
"796964","564300","2025-11-03","26.00","AUD","1760245040","11310/2025-11-03/1760245040.json"
"888490","710035","2025-11-03","26.00","AUD","1760245040","11310/2025-11-03/1760245040.json"
"888490","710035","2025-11-11","26.00","AUD","1760245040","11310/2025-11-11/1760245040.json"
"796964","564300","2025-11-10","26.00","AUD","1760245040","11310/2025-11-10/1760245040.json"
"888490","710035","2025-11-10","26.00","AUD","1760245040","11310/2025-11-10/1760245040.json"
"796964","564300","2025-11-12","26.00","AUD","1760245040","11310/2025-11-12/1760245040.json"
"888490","710035","2025-11-13","28.00","AUD","1760245040","11310/2025-11-13/1760245040.json"
"796964","564300","2025-11-14","28.00","AUD","1760245040","11310/2025-11-14/1760245040.json"
"796964","564300","2025-11-15","28.00","AUD","1760245040","11310/2025-11-15/1760245040.json"
"888490","710035","2025-11-15","28.00","AUD","1760245040","11310/2025-11-15/1760245040.json"
"796964","564300","2025-11-16","28.00","AUD","1760245040","11310/2025-11-16/1760245040.json"
"888490","710035","2025-11-17","28.00","AUD","1760245040","11310/2025-11-17/1760245040.json"
"796964","564300","2025-11-18","28.00","AUD","1760245040","11310/2025-11-18/1760245040.json"
"888490","710035","2025-11-18","28.00","AUD","1760245040","11310/2025-11-18/1760245040.json"
"796964","564300","2025-11-19","28.00","AUD","1760245040","11310/2025-11-19/1760245040.json"
"888490","710035","2025-11-19","28.00","AUD","1760245040","11310/2025-11-19/1760245040.json"
"796964","564300","2025-11-20","28.00","AUD","1760245040","11310/2025-11-20/1760245040.json"
"888490","710035","2025-11-20","28.00","AUD","1760245040","11310/2025-11-20/1760245040.json"
"796964","564300","2025-11-21","28.00","AUD","1760245040","11310/2025-11-21/1760245040.json"
"796964","564300","2025-11-22","28.00","AUD","1760245040","11310/2025-11-22/1760245040.json"
"796964","564300","2025-11-23","28.00","AUD","1760245040","11310/2025-11-23/1760245040.json"
"888490","710035","2025-11-23","28.00","AUD","1760245040","11310/2025-11-23/1760245040.json"
"796964","564300","2025-11-26","28.00","AUD","1760245040","11310/2025-11-26/1760245040.json"
"796964","564300","2025-11-27","28.00","AUD","1760245040","11310/2025-11-27/1760245040.json"
"888490","710035","2025-11-27","28.00","AUD","1760245040","11310/2025-11-27/1760245040.json"
"888490","710035","2025-11-26","28.00","AUD","1760245040","11310/2025-11-26/1760245040.json"
"796964","564300","2025-11-29","28.00","AUD","1760245040","11310/2025-11-29/1760245040.json"
"888490","710035","2025-11-29","28.00","AUD","1760245040","11310/2025-11-29/1760245040.json"
"796964","564300","2025-11-30","28.00","AUD","1760245040","11310/2025-11-30/1760245040.json"
"888490","710035","2025-11-30","28.00","AUD","1760245040","11310/2025-11-30/1760245040.json"
"796964","564300","2025-12-03","28.00","AUD","1760245040","11310/2025-12-03/1760245040.json"
"888490","710035","2025-12-03","28.00","AUD","1760245040","11310/2025-12-03/1760245040.json"
"796964","564300","2025-12-02","28.00","AUD","1760245040","11310/2025-12-02/1760245040.json"
"888490","710035","2025-12-02","28.00","AUD","1760245040","11310/2025-12-02/1760245040.json"
"796964","564300","2025-12-05","28.00","AUD","1760245040","11310/2025-12-05/1760245040.json"
"888490","710035","2025-12-05","28.00","AUD","1760245040","11310/2025-12-05/1760245040.json"
"888490","710035","2025-12-04","28.00","AUD","1760245040","11310/2025-12-04/1760245040.json"
"796964","564300","2025-12-06","28.00","AUD","1760245040","11310/2025-12-06/1760245040.json"
"888490","710035","2025-12-06","28.00","AUD","1760245040","11310/2025-12-06/1760245040.json"
"796964","564300","2025-10-13","26.00","AUD","1760259699","11310/2025-10-13/1760259699.json"
"796964","564300","2025-10-15","26.00","AUD","1760259699","11310/2025-10-15/1760259699.json"
"888490","710035","2025-10-15","26.00","AUD","1760259699","11310/2025-10-15/1760259699.json"
"796964","564300","2025-10-17","26.00","AUD","1760259699","11310/2025-10-17/1760259699.json"
"888490","710035","2025-10-17","26.00","AUD","1760259699","11310/2025-10-17/1760259699.json"
"888490","710035","2025-10-16","26.00","AUD","1760259699","11310/2025-10-16/1760259699.json"
"888490","710035","2025-10-19","26.00","AUD","1760259699","11310/2025-10-19/1760259699.json"
"888490","710035","2025-10-20","26.00","AUD","1760259699","11310/2025-10-20/1760259699.json"
"796964","564300","2025-10-23","26.00","AUD","1760259699","11310/2025-10-23/1760259699.json"
"888490","710035","2025-10-23","26.00","AUD","1760259699","11310/2025-10-23/1760259699.json"
"888490","710035","2025-10-21","26.00","AUD","1760259699","11310/2025-10-21/1760259699.json"
"888490","710035","2025-10-22","26.00","AUD","1760259699","11310/2025-10-22/1760259699.json"
"796964","564300","2025-10-24","26.00","AUD","1760259699","11310/2025-10-24/1760259699.json"
"888490","710035","2025-10-24","26.00","AUD","1760259699","11310/2025-10-24/1760259699.json"
"796964","564300","2025-10-26","26.00","AUD","1760259699","11310/2025-10-26/1760259699.json"
"888490","710035","2025-10-27","26.00","AUD","1760259699","11310/2025-10-27/1760259699.json"
"796964","564300","2025-10-29","26.00","AUD","1760259699","11310/2025-10-29/1760259699.json"
"888490","710035","2025-10-31","26.00","AUD","1760259699","11310/2025-10-31/1760259699.json"
"796964","564300","2025-10-30","26.00","AUD","1760259699","11310/2025-10-30/1760259699.json"
"888490","710035","2025-10-30","26.00","AUD","1760259699","11310/2025-10-30/1760259699.json"
"888490","710035","2025-11-01","26.00","AUD","1760259699","11310/2025-11-01/1760259699.json"
"796964","564300","2025-11-03","26.00","AUD","1760259699","11310/2025-11-03/1760259699.json"
"888490","710035","2025-11-03","26.00","AUD","1760259699","11310/2025-11-03/1760259699.json"
"796964","564300","2025-11-02","26.00","AUD","1760259699","11310/2025-11-02/1760259699.json"
"888490","710035","2025-11-02","26.00","AUD","1760259699","11310/2025-11-02/1760259699.json"
"796964","564300","2025-11-04","26.00","AUD","1760259699","11310/2025-11-04/1760259699.json"
"888490","710035","2025-11-04","26.00","AUD","1760259699","11310/2025-11-04/1760259699.json"
"796964","564300","2025-11-06","26.00","AUD","1760259699","11310/2025-11-06/1760259699.json"
"888490","710035","2025-11-06","26.00","AUD","1760259699","11310/2025-11-06/1760259699.json"
"796964","564300","2025-11-08","26.00","AUD","1760259699","11310/2025-11-08/1760259699.json"
"796964","564300","2025-11-07","26.00","AUD","1760259699","11310/2025-11-07/1760259699.json"
"888490","710035","2025-11-07","26.00","AUD","1760259699","11310/2025-11-07/1760259699.json"
"796964","564300","2025-11-09","26.00","AUD","1760259699","11310/2025-11-09/1760259699.json"
"888490","710035","2025-11-09","26.00","AUD","1760259699","11310/2025-11-09/1760259699.json"
"888490","710035","2025-11-11","26.00","AUD","1760259699","11310/2025-11-11/1760259699.json"
"796964","564300","2025-11-10","26.00","AUD","1760259699","11310/2025-11-10/1760259699.json"
"888490","710035","2025-11-10","26.00","AUD","1760259699","11310/2025-11-10/1760259699.json"
"796964","564300","2025-11-12","26.00","AUD","1760259699","11310/2025-11-12/1760259699.json"
"888490","710035","2025-11-13","28.00","AUD","1760259699","11310/2025-11-13/1760259699.json"
"796964","564300","2025-11-14","28.00","AUD","1760259699","11310/2025-11-14/1760259699.json"
"796964","564300","2025-11-15","28.00","AUD","1760259699","11310/2025-11-15/1760259699.json"
"888490","710035","2025-11-15","28.00","AUD","1760259699","11310/2025-11-15/1760259699.json"
"796964","564300","2025-11-16","28.00","AUD","1760259699","11310/2025-11-16/1760259699.json"
"888490","710035","2025-11-17","28.00","AUD","1760259699","11310/2025-11-17/1760259699.json"
"796964","564300","2025-11-19","28.00","AUD","1760259699","11310/2025-11-19/1760259699.json"
"888490","710035","2025-11-19","28.00","AUD","1760259699","11310/2025-11-19/1760259699.json"
"796964","564300","2025-11-20","28.00","AUD","1760259699","11310/2025-11-20/1760259699.json"
"888490","710035","2025-11-20","28.00","AUD","1760259699","11310/2025-11-20/1760259699.json"
"796964","564300","2025-11-18","28.00","AUD","1760259699","11310/2025-11-18/1760259699.json"
"888490","710035","2025-11-18","28.00","AUD","1760259699","11310/2025-11-18/1760259699.json"
"796964","564300","2025-11-21","28.00","AUD","1760259699","11310/2025-11-21/1760259699.json"
"796964","564300","2025-11-22","28.00","AUD","1760259699","11310/2025-11-22/1760259699.json"
"796964","564300","2025-11-23","28.00","AUD","1760259699","11310/2025-11-23/1760259699.json"
"888490","710035","2025-11-23","28.00","AUD","1760259699","11310/2025-11-23/1760259699.json"
"796964","564300","2025-11-27","28.00","AUD","1760259699","11310/2025-11-27/1760259699.json"
"888490","710035","2025-11-27","28.00","AUD","1760259699","11310/2025-11-27/1760259699.json"
"796964","564300","2025-11-26","28.00","AUD","1760259699","11310/2025-11-26/1760259699.json"
"888490","710035","2025-11-26","28.00","AUD","1760259699","11310/2025-11-26/1760259699.json"
"796964","564300","2025-11-29","28.00","AUD","1760259699","11310/2025-11-29/1760259699.json"
"888490","710035","2025-11-29","28.00","AUD","1760259699","11310/2025-11-29/1760259699.json"
"796964","564300","2025-11-30","28.00","AUD","1760259699","11310/2025-11-30/1760259699.json"
"888490","710035","2025-11-30","28.00","AUD","1760259699","11310/2025-11-30/1760259699.json"
"796964","564300","2025-12-03","28.00","AUD","1760259699","11310/2025-12-03/1760259699.json"
"888490","710035","2025-12-03","28.00","AUD","1760259699","11310/2025-12-03/1760259699.json"
"796964","564300","2025-12-02","28.00","AUD","1760259699","11310/2025-12-02/1760259699.json"
"888490","710035","2025-12-02","28.00","AUD","1760259699","11310/2025-12-02/1760259699.json"
"888490","710035","2025-12-04","28.00","AUD","1760259699","11310/2025-12-04/1760259699.json"
"796964","564300","2025-12-05","28.00","AUD","1760259699","11310/2025-12-05/1760259699.json"
"888490","710035","2025-12-05","28.00","AUD","1760259699","11310/2025-12-05/1760259699.json"
"796964","564300","2025-12-06","28.00","AUD","1760259699","11310/2025-12-06/1760259699.json"
"888490","710035","2025-12-06","28.00","AUD","1760259699","11310/2025-12-06/1760259699.json"
"796964","564300","2025-10-15","26.00","AUD","1760275691","11310/2025-10-15/1760275691.json"
"888490","710035","2025-10-15","26.00","AUD","1760275691","11310/2025-10-15/1760275691.json"
"796964","564300","2025-10-13","26.00","AUD","1760275691","11310/2025-10-13/1760275691.json"
"796964","564300","2025-10-17","26.00","AUD","1760275691","11310/2025-10-17/1760275691.json"
"888490","710035","2025-10-17","26.00","AUD","1760275691","11310/2025-10-17/1760275691.json"
"888490","710035","2025-10-16","26.00","AUD","1760275691","11310/2025-10-16/1760275691.json"
"888490","710035","2025-10-19","26.00","AUD","1760275691","11310/2025-10-19/1760275691.json"
"888490","710035","2025-10-22","26.00","AUD","1760275691","11310/2025-10-22/1760275691.json"
"796964","564300","2025-10-23","26.00","AUD","1760275691","11310/2025-10-23/1760275691.json"
"888490","710035","2025-10-23","26.00","AUD","1760275691","11310/2025-10-23/1760275691.json"
"888490","710035","2025-10-21","26.00","AUD","1760275691","11310/2025-10-21/1760275691.json"
"888490","710035","2025-10-20","26.00","AUD","1760275691","11310/2025-10-20/1760275691.json"
"796964","564300","2025-10-24","26.00","AUD","1760275691","11310/2025-10-24/1760275691.json"
"888490","710035","2025-10-24","26.00","AUD","1760275691","11310/2025-10-24/1760275691.json"
"888490","710035","2025-10-27","26.00","AUD","1760275691","11310/2025-10-27/1760275691.json"
"796964","564300","2025-10-26","26.00","AUD","1760275691","11310/2025-10-26/1760275691.json"
"796964","564300","2025-10-29","26.00","AUD","1760275691","11310/2025-10-29/1760275691.json"
"796964","564300","2025-10-30","26.00","AUD","1760275691","11310/2025-10-30/1760275691.json"
"888490","710035","2025-10-30","26.00","AUD","1760275691","11310/2025-10-30/1760275691.json"
"888490","710035","2025-10-31","26.00","AUD","1760275691","11310/2025-10-31/1760275691.json"
"888490","710035","2025-11-01","26.00","AUD","1760275691","11310/2025-11-01/1760275691.json"
"796964","564300","2025-11-02","26.00","AUD","1760275691","11310/2025-11-02/1760275691.json"
"888490","710035","2025-11-02","26.00","AUD","1760275691","11310/2025-11-02/1760275691.json"
"796964","564300","2025-11-03","26.00","AUD","1760275691","11310/2025-11-03/1760275691.json"
"888490","710035","2025-11-03","26.00","AUD","1760275691","11310/2025-11-03/1760275691.json"
"796964","564300","2025-11-04","26.00","AUD","1760275691","11310/2025-11-04/1760275691.json"
"888490","710035","2025-11-04","26.00","AUD","1760275691","11310/2025-11-04/1760275691.json"
"796964","564300","2025-11-06","26.00","AUD","1760275691","11310/2025-11-06/1760275691.json"
"888490","710035","2025-11-06","26.00","AUD","1760275691","11310/2025-11-06/1760275691.json"
"796964","564300","2025-11-07","26.00","AUD","1760275691","11310/2025-11-07/1760275691.json"
"888490","710035","2025-11-07","26.00","AUD","1760275691","11310/2025-11-07/1760275691.json"
"796964","564300","2025-11-08","26.00","AUD","1760275691","11310/2025-11-08/1760275691.json"
"796964","564300","2025-11-10","26.00","AUD","1760275691","11310/2025-11-10/1760275691.json"
"888490","710035","2025-11-10","26.00","AUD","1760275691","11310/2025-11-10/1760275691.json"
"796964","564300","2025-11-09","26.00","AUD","1760275691","11310/2025-11-09/1760275691.json"
"888490","710035","2025-11-09","26.00","AUD","1760275691","11310/2025-11-09/1760275691.json"
"888490","710035","2025-11-11","26.00","AUD","1760275691","11310/2025-11-11/1760275691.json"
"796964","564300","2025-11-12","26.00","AUD","1760275691","11310/2025-11-12/1760275691.json"
"888490","710035","2025-11-13","28.00","AUD","1760275691","11310/2025-11-13/1760275691.json"
"796964","564300","2025-11-14","28.00","AUD","1760275691","11310/2025-11-14/1760275691.json"
"796964","564300","2025-11-15","28.00","AUD","1760275691","11310/2025-11-15/1760275691.json"
"888490","710035","2025-11-15","28.00","AUD","1760275691","11310/2025-11-15/1760275691.json"
"796964","564300","2025-11-16","28.00","AUD","1760275691","11310/2025-11-16/1760275691.json"
"888490","710035","2025-11-17","28.00","AUD","1760275691","11310/2025-11-17/1760275691.json"
"796964","564300","2025-11-18","28.00","AUD","1760275691","11310/2025-11-18/1760275691.json"
"888490","710035","2025-11-18","28.00","AUD","1760275691","11310/2025-11-18/1760275691.json"
"796964","564300","2025-11-19","28.00","AUD","1760275691","11310/2025-11-19/1760275691.json"
"888490","710035","2025-11-19","28.00","AUD","1760275691","11310/2025-11-19/1760275691.json"
"796964","564300","2025-11-20","28.00","AUD","1760275691","11310/2025-11-20/1760275691.json"
"888490","710035","2025-11-20","28.00","AUD","1760275691","11310/2025-11-20/1760275691.json"
"796964","564300","2025-11-21","28.00","AUD","1760275691","11310/2025-11-21/1760275691.json"
"796964","564300","2025-11-22","28.00","AUD","1760275691","11310/2025-11-22/1760275691.json"
"796964","564300","2025-11-23","28.00","AUD","1760275691","11310/2025-11-23/1760275691.json"
"888490","710035","2025-11-23","28.00","AUD","1760275691","11310/2025-11-23/1760275691.json"
"796964","564300","2025-11-26","28.00","AUD","1760275691","11310/2025-11-26/1760275691.json"
"888490","710035","2025-11-26","28.00","AUD","1760275691","11310/2025-11-26/1760275691.json"
"796964","564300","2025-11-27","28.00","AUD","1760275691","11310/2025-11-27/1760275691.json"
"888490","710035","2025-11-27","28.00","AUD","1760275691","11310/2025-11-27/1760275691.json"
"796964","564300","2025-11-29","28.00","AUD","1760275691","11310/2025-11-29/1760275691.json"
"888490","710035","2025-11-29","28.00","AUD","1760275691","11310/2025-11-29/1760275691.json"
"796964","564300","2025-11-30","28.00","AUD","1760275691","11310/2025-11-30/1760275691.json"
"888490","710035","2025-11-30","28.00","AUD","1760275691","11310/2025-11-30/1760275691.json"
"796964","564300","2025-12-02","28.00","AUD","1760275691","11310/2025-12-02/1760275691.json"
"888490","710035","2025-12-02","28.00","AUD","1760275691","11310/2025-12-02/1760275691.json"
"796964","564300","2025-12-03","28.00","AUD","1760275691","11310/2025-12-03/1760275691.json"
"888490","710035","2025-12-03","28.00","AUD","1760275691","11310/2025-12-03/1760275691.json"
"888490","710035","2025-12-04","28.00","AUD","1760275691","11310/2025-12-04/1760275691.json"
"796964","564300","2025-12-06","28.00","AUD","1760275691","11310/2025-12-06/1760275691.json"
"888490","710035","2025-12-06","28.00","AUD","1760275691","11310/2025-12-06/1760275691.json"
"796964","564300","2025-12-05","28.00","AUD","1760275691","11310/2025-12-05/1760275691.json"
"888490","710035","2025-12-05","28.00","AUD","1760275691","11310/2025-12-05/1760275691.json"
"796964","564300","2025-10-13","26.00","AUD","1760288631","11310/2025-10-13/1760288631.json"
"796964","564300","2025-10-15","26.00","AUD","1760288631","11310/2025-10-15/1760288631.json"
"888490","710035","2025-10-15","26.00","AUD","1760288631","11310/2025-10-15/1760288631.json"
"888490","710035","2025-10-16","26.00","AUD","1760288631","11310/2025-10-16/1760288631.json"
"888490","710035","2025-10-19","26.00","AUD","1760288631","11310/2025-10-19/1760288631.json"
"796964","564300","2025-10-17","26.00","AUD","1760288631","11310/2025-10-17/1760288631.json"
"888490","710035","2025-10-17","26.00","AUD","1760288631","11310/2025-10-17/1760288631.json"
"888490","710035","2025-10-21","26.00","AUD","1760288631","11310/2025-10-21/1760288631.json"
"888490","710035","2025-10-22","26.00","AUD","1760288631","11310/2025-10-22/1760288631.json"
"796964","564300","2025-10-23","26.00","AUD","1760288631","11310/2025-10-23/1760288631.json"
"888490","710035","2025-10-23","26.00","AUD","1760288631","11310/2025-10-23/1760288631.json"
"888490","710035","2025-10-20","26.00","AUD","1760288631","11310/2025-10-20/1760288631.json"
"796964","564300","2025-10-24","26.00","AUD","1760288631","11310/2025-10-24/1760288631.json"
"888490","710035","2025-10-24","26.00","AUD","1760288631","11310/2025-10-24/1760288631.json"
"796964","564300","2025-10-26","26.00","AUD","1760288631","11310/2025-10-26/1760288631.json"
"888490","710035","2025-10-27","26.00","AUD","1760288631","11310/2025-10-27/1760288631.json"
"796964","564300","2025-10-29","26.00","AUD","1760288631","11310/2025-10-29/1760288631.json"
"888490","710035","2025-10-31","26.00","AUD","1760288631","11310/2025-10-31/1760288631.json"
"796964","564300","2025-10-30","26.00","AUD","1760288631","11310/2025-10-30/1760288631.json"
"888490","710035","2025-10-30","26.00","AUD","1760288631","11310/2025-10-30/1760288631.json"
"888490","710035","2025-11-01","26.00","AUD","1760288631","11310/2025-11-01/1760288631.json"
"796964","564300","2025-11-02","26.00","AUD","1760288631","11310/2025-11-02/1760288631.json"
"888490","710035","2025-11-02","26.00","AUD","1760288631","11310/2025-11-02/1760288631.json"
"796964","564300","2025-11-03","26.00","AUD","1760288631","11310/2025-11-03/1760288631.json"
"888490","710035","2025-11-03","26.00","AUD","1760288631","11310/2025-11-03/1760288631.json"
"796964","564300","2025-11-04","26.00","AUD","1760288631","11310/2025-11-04/1760288631.json"
"888490","710035","2025-11-04","26.00","AUD","1760288631","11310/2025-11-04/1760288631.json"
"796964","564300","2025-11-06","26.00","AUD","1760288631","11310/2025-11-06/1760288631.json"
"888490","710035","2025-11-06","26.00","AUD","1760288631","11310/2025-11-06/1760288631.json"
"796964","564300","2025-11-07","26.00","AUD","1760288631","11310/2025-11-07/1760288631.json"
"888490","710035","2025-11-07","26.00","AUD","1760288631","11310/2025-11-07/1760288631.json"
"796964","564300","2025-11-08","26.00","AUD","1760288631","11310/2025-11-08/1760288631.json"
"796964","564300","2025-11-09","26.00","AUD","1760288631","11310/2025-11-09/1760288631.json"
"888490","710035","2025-11-09","26.00","AUD","1760288631","11310/2025-11-09/1760288631.json"
"888490","710035","2025-11-11","26.00","AUD","1760288631","11310/2025-11-11/1760288631.json"
"796964","564300","2025-11-10","26.00","AUD","1760288631","11310/2025-11-10/1760288631.json"
"888490","710035","2025-11-10","26.00","AUD","1760288631","11310/2025-11-10/1760288631.json"
"796964","564300","2025-11-12","26.00","AUD","1760288631","11310/2025-11-12/1760288631.json"
"888490","710035","2025-11-13","28.00","AUD","1760288631","11310/2025-11-13/1760288631.json"
"796964","564300","2025-11-14","28.00","AUD","1760288631","11310/2025-11-14/1760288631.json"
"796964","564300","2025-11-15","28.00","AUD","1760288631","11310/2025-11-15/1760288631.json"
"888490","710035","2025-11-15","28.00","AUD","1760288631","11310/2025-11-15/1760288631.json"
"888490","710035","2025-11-17","28.00","AUD","1760288631","11310/2025-11-17/1760288631.json"
"796964","564300","2025-11-16","28.00","AUD","1760288631","11310/2025-11-16/1760288631.json"
"796964","564300","2025-11-18","28.00","AUD","1760288631","11310/2025-11-18/1760288631.json"
"888490","710035","2025-11-18","28.00","AUD","1760288631","11310/2025-11-18/1760288631.json"
"796964","564300","2025-11-19","28.00","AUD","1760288631","11310/2025-11-19/1760288631.json"
"888490","710035","2025-11-19","28.00","AUD","1760288631","11310/2025-11-19/1760288631.json"
"796964","564300","2025-11-21","28.00","AUD","1760288631","11310/2025-11-21/1760288631.json"
"796964","564300","2025-11-20","28.00","AUD","1760288631","11310/2025-11-20/1760288631.json"
"888490","710035","2025-11-20","28.00","AUD","1760288631","11310/2025-11-20/1760288631.json"
"796964","564300","2025-11-22","28.00","AUD","1760288631","11310/2025-11-22/1760288631.json"
"796964","564300","2025-11-23","28.00","AUD","1760288631","11310/2025-11-23/1760288631.json"
"888490","710035","2025-11-23","28.00","AUD","1760288631","11310/2025-11-23/1760288631.json"
"796964","564300","2025-11-26","28.00","AUD","1760288631","11310/2025-11-26/1760288631.json"
"888490","710035","2025-11-26","28.00","AUD","1760288631","11310/2025-11-26/1760288631.json"
"796964","564300","2025-11-27","28.00","AUD","1760288631","11310/2025-11-27/1760288631.json"
"888490","710035","2025-11-27","28.00","AUD","1760288631","11310/2025-11-27/1760288631.json"
"796964","564300","2025-11-29","28.00","AUD","1760288631","11310/2025-11-29/1760288631.json"
"888490","710035","2025-11-29","28.00","AUD","1760288631","11310/2025-11-29/1760288631.json"
"796964","564300","2025-11-30","28.00","AUD","1760288631","11310/2025-11-30/1760288631.json"
"888490","710035","2025-11-30","28.00","AUD","1760288631","11310/2025-11-30/1760288631.json"
"796964","564300","2025-12-03","28.00","AUD","1760288631","11310/2025-12-03/1760288631.json"
"888490","710035","2025-12-03","28.00","AUD","1760288631","11310/2025-12-03/1760288631.json"
"888490","710035","2025-12-04","28.00","AUD","1760288631","11310/2025-12-04/1760288631.json"
"796964","564300","2025-12-02","28.00","AUD","1760288631","11310/2025-12-02/1760288631.json"
"888490","710035","2025-12-02","28.00","AUD","1760288631","11310/2025-12-02/1760288631.json"
"796964","564300","2025-12-05","28.00","AUD","1760288631","11310/2025-12-05/1760288631.json"
"888490","710035","2025-12-05","28.00","AUD","1760288631","11310/2025-12-05/1760288631.json"
"796964","564300","2025-12-06","28.00","AUD","1760288631","11310/2025-12-06/1760288631.json"
"888490","710035","2025-12-06","28.00","AUD","1760288631","11310/2025-12-06/1760288631.json"
"796964","564300","2025-10-15","26.00","AUD","1760302430","11310/2025-10-15/1760302430.json"
"888490","710035","2025-10-15","26.00","AUD","1760302430","11310/2025-10-15/1760302430.json"
"796964","564300","2025-10-13","26.00","AUD","1760302430","11310/2025-10-13/1760302430.json"
"888490","710035","2025-10-16","26.00","AUD","1760302430","11310/2025-10-16/1760302430.json"
"796964","564300","2025-10-17","26.00","AUD","1760302430","11310/2025-10-17/1760302430.json"
"888490","710035","2025-10-17","26.00","AUD","1760302430","11310/2025-10-17/1760302430.json"
"888490","710035","2025-10-19","26.00","AUD","1760302430","11310/2025-10-19/1760302430.json"
"888490","710035","2025-10-20","26.00","AUD","1760302430","11310/2025-10-20/1760302430.json"
"888490","710035","2025-10-21","26.00","AUD","1760302430","11310/2025-10-21/1760302430.json"
"888490","710035","2025-10-22","26.00","AUD","1760302430","11310/2025-10-22/1760302430.json"
"796964","564300","2025-10-23","26.00","AUD","1760302430","11310/2025-10-23/1760302430.json"
"888490","710035","2025-10-23","26.00","AUD","1760302430","11310/2025-10-23/1760302430.json"
"796964","564300","2025-10-24","26.00","AUD","1760302430","11310/2025-10-24/1760302430.json"
"888490","710035","2025-10-24","26.00","AUD","1760302430","11310/2025-10-24/1760302430.json"
"888490","710035","2025-10-27","26.00","AUD","1760302430","11310/2025-10-27/1760302430.json"
"796964","564300","2025-10-26","26.00","AUD","1760302430","11310/2025-10-26/1760302430.json"
"796964","564300","2025-10-29","26.00","AUD","1760302430","11310/2025-10-29/1760302430.json"
"796964","564300","2025-10-30","26.00","AUD","1760302430","11310/2025-10-30/1760302430.json"
"888490","710035","2025-10-30","26.00","AUD","1760302430","11310/2025-10-30/1760302430.json"
"888490","710035","2025-10-31","26.00","AUD","1760302430","11310/2025-10-31/1760302430.json"
"888490","710035","2025-11-01","26.00","AUD","1760302430","11310/2025-11-01/1760302430.json"
"796964","564300","2025-11-03","26.00","AUD","1760302430","11310/2025-11-03/1760302430.json"
"888490","710035","2025-11-03","26.00","AUD","1760302430","11310/2025-11-03/1760302430.json"
"796964","564300","2025-11-04","26.00","AUD","1760302430","11310/2025-11-04/1760302430.json"
"888490","710035","2025-11-04","26.00","AUD","1760302430","11310/2025-11-04/1760302430.json"
"796964","564300","2025-11-02","26.00","AUD","1760302430","11310/2025-11-02/1760302430.json"
"888490","710035","2025-11-02","26.00","AUD","1760302430","11310/2025-11-02/1760302430.json"
"796964","564300","2025-11-07","26.00","AUD","1760302430","11310/2025-11-07/1760302430.json"
"888490","710035","2025-11-07","26.00","AUD","1760302430","11310/2025-11-07/1760302430.json"
"796964","564300","2025-11-06","26.00","AUD","1760302430","11310/2025-11-06/1760302430.json"
"888490","710035","2025-11-06","26.00","AUD","1760302430","11310/2025-11-06/1760302430.json"
"796964","564300","2025-11-08","26.00","AUD","1760302430","11310/2025-11-08/1760302430.json"
"796964","564300","2025-11-09","26.00","AUD","1760302430","11310/2025-11-09/1760302430.json"
"888490","710035","2025-11-09","26.00","AUD","1760302430","11310/2025-11-09/1760302430.json"
"796964","564300","2025-11-10","26.00","AUD","1760302430","11310/2025-11-10/1760302430.json"
"888490","710035","2025-11-10","26.00","AUD","1760302430","11310/2025-11-10/1760302430.json"
"888490","710035","2025-11-13","28.00","AUD","1760302430","11310/2025-11-13/1760302430.json"
"796964","564300","2025-11-14","28.00","AUD","1760302430","11310/2025-11-14/1760302430.json"
"796964","564300","2025-11-12","26.00","AUD","1760302430","11310/2025-11-12/1760302430.json"
"888490","710035","2025-11-11","26.00","AUD","1760302430","11310/2025-11-11/1760302430.json"
"796964","564300","2025-11-15","28.00","AUD","1760302430","11310/2025-11-15/1760302430.json"
"888490","710035","2025-11-15","28.00","AUD","1760302430","11310/2025-11-15/1760302430.json"
"796964","564300","2025-11-16","28.00","AUD","1760302430","11310/2025-11-16/1760302430.json"
"888490","710035","2025-11-17","28.00","AUD","1760302430","11310/2025-11-17/1760302430.json"
"796964","564300","2025-11-19","28.00","AUD","1760302430","11310/2025-11-19/1760302430.json"
"888490","710035","2025-11-19","28.00","AUD","1760302430","11310/2025-11-19/1760302430.json"
"796964","564300","2025-11-18","28.00","AUD","1760302430","11310/2025-11-18/1760302430.json"
"888490","710035","2025-11-18","28.00","AUD","1760302430","11310/2025-11-18/1760302430.json"
"796964","564300","2025-11-21","28.00","AUD","1760302430","11310/2025-11-21/1760302430.json"
"796964","564300","2025-11-20","28.00","AUD","1760302430","11310/2025-11-20/1760302430.json"
"888490","710035","2025-11-20","28.00","AUD","1760302430","11310/2025-11-20/1760302430.json"
"796964","564300","2025-11-22","28.00","AUD","1760302430","11310/2025-11-22/1760302430.json"
"796964","564300","2025-11-23","28.00","AUD","1760302430","11310/2025-11-23/1760302430.json"
"888490","710035","2025-11-23","28.00","AUD","1760302430","11310/2025-11-23/1760302430.json"
"796964","564300","2025-11-27","28.00","AUD","1760302430","11310/2025-11-27/1760302430.json"
"888490","710035","2025-11-27","28.00","AUD","1760302430","11310/2025-11-27/1760302430.json"
"796964","564300","2025-11-26","28.00","AUD","1760302430","11310/2025-11-26/1760302430.json"
"888490","710035","2025-11-26","28.00","AUD","1760302430","11310/2025-11-26/1760302430.json"
"796964","564300","2025-11-29","28.00","AUD","1760302430","11310/2025-11-29/1760302430.json"
"888490","710035","2025-11-29","28.00","AUD","1760302430","11310/2025-11-29/1760302430.json"
"796964","564300","2025-11-30","28.00","AUD","1760302430","11310/2025-11-30/1760302430.json"
"888490","710035","2025-11-30","28.00","AUD","1760302430","11310/2025-11-30/1760302430.json"
"796964","564300","2025-12-02","28.00","AUD","1760302430","11310/2025-12-02/1760302430.json"
"888490","710035","2025-12-02","28.00","AUD","1760302430","11310/2025-12-02/1760302430.json"
"796964","564300","2025-12-03","28.00","AUD","1760302430","11310/2025-12-03/1760302430.json"
"888490","710035","2025-12-03","28.00","AUD","1760302430","11310/2025-12-03/1760302430.json"
"796964","564300","2025-12-05","28.00","AUD","1760302430","11310/2025-12-05/1760302430.json"
"888490","710035","2025-12-05","28.00","AUD","1760302430","11310/2025-12-05/1760302430.json"
"888490","710035","2025-12-04","28.00","AUD","1760302430","11310/2025-12-04/1760302430.json"
"796964","564300","2025-12-06","28.00","AUD","1760302430","11310/2025-12-06/1760302430.json"
"888490","710035","2025-12-06","28.00","AUD","1760302430","11310/2025-12-06/1760302430.json"
"796964","564300","2025-10-15","26.00","AUD","1760327555","11310/2025-10-15/1760327555.json"
"888490","710035","2025-10-15","26.00","AUD","1760327555","11310/2025-10-15/1760327555.json"
"888490","710035","2025-10-16","26.00","AUD","1760327555","11310/2025-10-16/1760327555.json"
"796964","564300","2025-10-17","26.00","AUD","1760327555","11310/2025-10-17/1760327555.json"
"888490","710035","2025-10-17","26.00","AUD","1760327555","11310/2025-10-17/1760327555.json"
"888490","710035","2025-10-20","26.00","AUD","1760327555","11310/2025-10-20/1760327555.json"
"888490","710035","2025-10-19","26.00","AUD","1760327555","11310/2025-10-19/1760327555.json"
"888490","710035","2025-10-21","26.00","AUD","1760327555","11310/2025-10-21/1760327555.json"
"888490","710035","2025-10-22","26.00","AUD","1760327555","11310/2025-10-22/1760327555.json"
"796964","564300","2025-10-23","26.00","AUD","1760327555","11310/2025-10-23/1760327555.json"
"888490","710035","2025-10-23","26.00","AUD","1760327555","11310/2025-10-23/1760327555.json"
"796964","564300","2025-10-24","26.00","AUD","1760327555","11310/2025-10-24/1760327555.json"
"888490","710035","2025-10-24","26.00","AUD","1760327555","11310/2025-10-24/1760327555.json"
"796964","564300","2025-10-26","26.00","AUD","1760327555","11310/2025-10-26/1760327555.json"
"888490","710035","2025-10-27","26.00","AUD","1760327555","11310/2025-10-27/1760327555.json"
"796964","564300","2025-10-29","26.00","AUD","1760327555","11310/2025-10-29/1760327555.json"
"796964","564300","2025-10-30","26.00","AUD","1760327555","11310/2025-10-30/1760327555.json"
"888490","710035","2025-10-30","26.00","AUD","1760327555","11310/2025-10-30/1760327555.json"
"888490","710035","2025-11-01","26.00","AUD","1760327555","11310/2025-11-01/1760327555.json"
"796964","564300","2025-11-02","26.00","AUD","1760327555","11310/2025-11-02/1760327555.json"
"888490","710035","2025-11-02","26.00","AUD","1760327555","11310/2025-11-02/1760327555.json"
"888490","710035","2025-10-31","26.00","AUD","1760327555","11310/2025-10-31/1760327555.json"
"796964","564300","2025-11-03","26.00","AUD","1760327555","11310/2025-11-03/1760327555.json"
"888490","710035","2025-11-03","26.00","AUD","1760327555","11310/2025-11-03/1760327555.json"
"796964","564300","2025-11-04","26.00","AUD","1760327555","11310/2025-11-04/1760327555.json"
"888490","710035","2025-11-04","26.00","AUD","1760327555","11310/2025-11-04/1760327555.json"
"796964","564300","2025-11-06","26.00","AUD","1760327555","11310/2025-11-06/1760327555.json"
"888490","710035","2025-11-06","26.00","AUD","1760327555","11310/2025-11-06/1760327555.json"
"796964","564300","2025-11-07","26.00","AUD","1760327555","11310/2025-11-07/1760327555.json"
"888490","710035","2025-11-07","26.00","AUD","1760327555","11310/2025-11-07/1760327555.json"
"796964","564300","2025-11-09","26.00","AUD","1760327555","11310/2025-11-09/1760327555.json"
"888490","710035","2025-11-09","26.00","AUD","1760327555","11310/2025-11-09/1760327555.json"
"796964","564300","2025-11-10","26.00","AUD","1760327555","11310/2025-11-10/1760327555.json"
"888490","710035","2025-11-10","26.00","AUD","1760327555","11310/2025-11-10/1760327555.json"
"796964","564300","2025-11-08","26.00","AUD","1760327555","11310/2025-11-08/1760327555.json"
"796964","564300","2025-11-12","26.00","AUD","1760327555","11310/2025-11-12/1760327555.json"
"888490","710035","2025-11-13","28.00","AUD","1760327555","11310/2025-11-13/1760327555.json"
"888490","710035","2025-11-11","26.00","AUD","1760327555","11310/2025-11-11/1760327555.json"
"796964","564300","2025-11-14","28.00","AUD","1760327555","11310/2025-11-14/1760327555.json"
"796964","564300","2025-11-15","28.00","AUD","1760327555","11310/2025-11-15/1760327555.json"
"888490","710035","2025-11-15","28.00","AUD","1760327555","11310/2025-11-15/1760327555.json"
"796964","564300","2025-11-16","28.00","AUD","1760327555","11310/2025-11-16/1760327555.json"
"888490","710035","2025-11-17","28.00","AUD","1760327555","11310/2025-11-17/1760327555.json"
"796964","564300","2025-11-18","28.00","AUD","1760327555","11310/2025-11-18/1760327555.json"
"888490","710035","2025-11-18","28.00","AUD","1760327555","11310/2025-11-18/1760327555.json"
"796964","564300","2025-11-19","28.00","AUD","1760327555","11310/2025-11-19/1760327555.json"
"888490","710035","2025-11-19","28.00","AUD","1760327555","11310/2025-11-19/1760327555.json"
"796964","564300","2025-11-20","28.00","AUD","1760327555","11310/2025-11-20/1760327555.json"
"888490","710035","2025-11-20","28.00","AUD","1760327555","11310/2025-11-20/1760327555.json"
"796964","564300","2025-11-22","28.00","AUD","1760327555","11310/2025-11-22/1760327555.json"
"796964","564300","2025-11-21","28.00","AUD","1760327555","11310/2025-11-21/1760327555.json"
"796964","564300","2025-11-23","28.00","AUD","1760327555","11310/2025-11-23/1760327555.json"
"888490","710035","2025-11-23","28.00","AUD","1760327555","11310/2025-11-23/1760327555.json"
"796964","564300","2025-11-26","28.00","AUD","1760327555","11310/2025-11-26/1760327555.json"
"888490","710035","2025-11-26","28.00","AUD","1760327555","11310/2025-11-26/1760327555.json"
"796964","564300","2025-11-27","28.00","AUD","1760327555","11310/2025-11-27/1760327555.json"
"888490","710035","2025-11-27","28.00","AUD","1760327555","11310/2025-11-27/1760327555.json"
"796964","564300","2025-11-29","28.00","AUD","1760327555","11310/2025-11-29/1760327555.json"
"888490","710035","2025-11-29","28.00","AUD","1760327555","11310/2025-11-29/1760327555.json"
"796964","564300","2025-11-30","28.00","AUD","1760327555","11310/2025-11-30/1760327555.json"
"888490","710035","2025-11-30","28.00","AUD","1760327555","11310/2025-11-30/1760327555.json"
"796964","564300","2025-12-02","28.00","AUD","1760327555","11310/2025-12-02/1760327555.json"
"888490","710035","2025-12-02","28.00","AUD","1760327555","11310/2025-12-02/1760327555.json"
"888490","710035","2025-12-04","28.00","AUD","1760327555","11310/2025-12-04/1760327555.json"
"796964","564300","2025-12-03","28.00","AUD","1760327555","11310/2025-12-03/1760327555.json"
"888490","710035","2025-12-03","28.00","AUD","1760327555","11310/2025-12-03/1760327555.json"
"796964","564300","2025-12-05","28.00","AUD","1760327555","11310/2025-12-05/1760327555.json"
"888490","710035","2025-12-05","28.00","AUD","1760327555","11310/2025-12-05/1760327555.json"
"796964","564300","2025-12-06","28.00","AUD","1760327555","11310/2025-12-06/1760327555.json"
"888490","710035","2025-12-06","28.00","AUD","1760327555","11310/2025-12-06/1760327555.json"
"796964","564300","2025-10-15","26.00","AUD","1760331785","11310/2025-10-15/1760331785.json"
"888490","710035","2025-10-15","26.00","AUD","1760331785","11310/2025-10-15/1760331785.json"
"888490","710035","2025-10-16","26.00","AUD","1760331785","11310/2025-10-16/1760331785.json"
"796964","564300","2025-10-17","26.00","AUD","1760331785","11310/2025-10-17/1760331785.json"
"888490","710035","2025-10-17","26.00","AUD","1760331785","11310/2025-10-17/1760331785.json"
"888490","710035","2025-10-19","26.00","AUD","1760331785","11310/2025-10-19/1760331785.json"
"888490","710035","2025-10-20","26.00","AUD","1760331785","11310/2025-10-20/1760331785.json"
"888490","710035","2025-10-21","26.00","AUD","1760331785","11310/2025-10-21/1760331785.json"
"796964","564300","2025-10-23","26.00","AUD","1760331785","11310/2025-10-23/1760331785.json"
"888490","710035","2025-10-23","26.00","AUD","1760331785","11310/2025-10-23/1760331785.json"
"888490","710035","2025-10-22","26.00","AUD","1760331785","11310/2025-10-22/1760331785.json"
"796964","564300","2025-10-24","26.00","AUD","1760331785","11310/2025-10-24/1760331785.json"
"888490","710035","2025-10-24","26.00","AUD","1760331785","11310/2025-10-24/1760331785.json"
"796964","564300","2025-10-26","26.00","AUD","1760331785","11310/2025-10-26/1760331785.json"
"888490","710035","2025-10-27","26.00","AUD","1760331785","11310/2025-10-27/1760331785.json"
"796964","564300","2025-10-29","26.00","AUD","1760331785","11310/2025-10-29/1760331785.json"
"796964","564300","2025-10-30","26.00","AUD","1760331785","11310/2025-10-30/1760331785.json"
"888490","710035","2025-10-30","26.00","AUD","1760331785","11310/2025-10-30/1760331785.json"
"888490","710035","2025-10-31","26.00","AUD","1760331785","11310/2025-10-31/1760331785.json"
"888490","710035","2025-11-01","26.00","AUD","1760331785","11310/2025-11-01/1760331785.json"
"796964","564300","2025-11-02","26.00","AUD","1760331785","11310/2025-11-02/1760331785.json"
"888490","710035","2025-11-02","26.00","AUD","1760331785","11310/2025-11-02/1760331785.json"
"796964","564300","2025-11-03","26.00","AUD","1760331785","11310/2025-11-03/1760331785.json"
"888490","710035","2025-11-03","26.00","AUD","1760331785","11310/2025-11-03/1760331785.json"
"796964","564300","2025-11-04","26.00","AUD","1760331785","11310/2025-11-04/1760331785.json"
"888490","710035","2025-11-04","26.00","AUD","1760331785","11310/2025-11-04/1760331785.json"
"796964","564300","2025-11-07","26.00","AUD","1760331785","11310/2025-11-07/1760331785.json"
"888490","710035","2025-11-07","26.00","AUD","1760331785","11310/2025-11-07/1760331785.json"
"796964","564300","2025-11-09","26.00","AUD","1760331785","11310/2025-11-09/1760331785.json"
"888490","710035","2025-11-09","26.00","AUD","1760331785","11310/2025-11-09/1760331785.json"
"796964","564300","2025-11-06","26.00","AUD","1760331785","11310/2025-11-06/1760331785.json"
"888490","710035","2025-11-06","26.00","AUD","1760331785","11310/2025-11-06/1760331785.json"
"796964","564300","2025-11-08","26.00","AUD","1760331785","11310/2025-11-08/1760331785.json"
"796964","564300","2025-11-10","26.00","AUD","1760331785","11310/2025-11-10/1760331785.json"
"888490","710035","2025-11-10","26.00","AUD","1760331785","11310/2025-11-10/1760331785.json"
"888490","710035","2025-11-11","26.00","AUD","1760331785","11310/2025-11-11/1760331785.json"
"796964","564300","2025-11-12","26.00","AUD","1760331785","11310/2025-11-12/1760331785.json"
"796964","564300","2025-11-14","28.00","AUD","1760331785","11310/2025-11-14/1760331785.json"
"796964","564300","2025-11-15","28.00","AUD","1760331785","11310/2025-11-15/1760331785.json"
"888490","710035","2025-11-15","28.00","AUD","1760331785","11310/2025-11-15/1760331785.json"
"796964","564300","2025-11-16","28.00","AUD","1760331785","11310/2025-11-16/1760331785.json"
"888490","710035","2025-11-13","28.00","AUD","1760331785","11310/2025-11-13/1760331785.json"
"888490","710035","2025-11-17","28.00","AUD","1760331785","11310/2025-11-17/1760331785.json"
"796964","564300","2025-11-18","28.00","AUD","1760331785","11310/2025-11-18/1760331785.json"
"888490","710035","2025-11-18","28.00","AUD","1760331785","11310/2025-11-18/1760331785.json"
"796964","564300","2025-11-19","28.00","AUD","1760331785","11310/2025-11-19/1760331785.json"
"888490","710035","2025-11-19","28.00","AUD","1760331785","11310/2025-11-19/1760331785.json"
"796964","564300","2025-11-20","28.00","AUD","1760331785","11310/2025-11-20/1760331785.json"
"888490","710035","2025-11-20","28.00","AUD","1760331785","11310/2025-11-20/1760331785.json"
"796964","564300","2025-11-21","28.00","AUD","1760331785","11310/2025-11-21/1760331785.json"
"796964","564300","2025-11-22","28.00","AUD","1760331785","11310/2025-11-22/1760331785.json"
"796964","564300","2025-11-23","28.00","AUD","1760331785","11310/2025-11-23/1760331785.json"
"888490","710035","2025-11-23","28.00","AUD","1760331785","11310/2025-11-23/1760331785.json"
"796964","564300","2025-11-26","28.00","AUD","1760331785","11310/2025-11-26/1760331785.json"
"888490","710035","2025-11-26","28.00","AUD","1760331785","11310/2025-11-26/1760331785.json"
"796964","564300","2025-11-27","28.00","AUD","1760331785","11310/2025-11-27/1760331785.json"
"888490","710035","2025-11-27","28.00","AUD","1760331785","11310/2025-11-27/1760331785.json"
"796964","564300","2025-11-29","28.00","AUD","1760331785","11310/2025-11-29/1760331785.json"
"888490","710035","2025-11-29","28.00","AUD","1760331785","11310/2025-11-29/1760331785.json"
"796964","564300","2025-11-30","28.00","AUD","1760331785","11310/2025-11-30/1760331785.json"
"888490","710035","2025-11-30","28.00","AUD","1760331785","11310/2025-11-30/1760331785.json"
"796964","564300","2025-12-02","28.00","AUD","1760331785","11310/2025-12-02/1760331785.json"
"888490","710035","2025-12-02","28.00","AUD","1760331785","11310/2025-12-02/1760331785.json"
"796964","564300","2025-12-03","28.00","AUD","1760331785","11310/2025-12-03/1760331785.json"
"888490","710035","2025-12-03","28.00","AUD","1760331785","11310/2025-12-03/1760331785.json"
"888490","710035","2025-12-04","28.00","AUD","1760331785","11310/2025-12-04/1760331785.json"
"796964","564300","2025-12-06","28.00","AUD","1760331785","11310/2025-12-06/1760331785.json"
"888490","710035","2025-12-06","28.00","AUD","1760331785","11310/2025-12-06/1760331785.json"
"796964","564300","2025-12-05","28.00","AUD","1760331785","11310/2025-12-05/1760331785.json"
"888490","710035","2025-12-05","28.00","AUD","1760331785","11310/2025-12-05/1760331785.json"
"888490","710035","2025-10-16","26.00","AUD","1760346899","11310/2025-10-16/1760346899.json"
"796964","564300","2025-10-15","26.00","AUD","1760346899","11310/2025-10-15/1760346899.json"
"888490","710035","2025-10-15","26.00","AUD","1760346899","11310/2025-10-15/1760346899.json"
"796964","564300","2025-10-17","26.00","AUD","1760346899","11310/2025-10-17/1760346899.json"
"888490","710035","2025-10-17","26.00","AUD","1760346899","11310/2025-10-17/1760346899.json"
"888490","710035","2025-10-20","26.00","AUD","1760346899","11310/2025-10-20/1760346899.json"
"888490","710035","2025-10-19","26.00","AUD","1760346899","11310/2025-10-19/1760346899.json"
"888490","710035","2025-10-22","26.00","AUD","1760346899","11310/2025-10-22/1760346899.json"
"888490","710035","2025-10-21","26.00","AUD","1760346899","11310/2025-10-21/1760346899.json"
"796964","564300","2025-10-23","26.00","AUD","1760346899","11310/2025-10-23/1760346899.json"
"796964","564300","2025-10-24","26.00","AUD","1760346899","11310/2025-10-24/1760346899.json"
"888490","710035","2025-10-23","26.00","AUD","1760346899","11310/2025-10-23/1760346899.json"
"888490","710035","2025-10-24","26.00","AUD","1760346899","11310/2025-10-24/1760346899.json"
"796964","564300","2025-10-26","26.00","AUD","1760346899","11310/2025-10-26/1760346899.json"
"888490","710035","2025-10-27","26.00","AUD","1760346899","11310/2025-10-27/1760346899.json"
"796964","564300","2025-10-29","26.00","AUD","1760346899","11310/2025-10-29/1760346899.json"
"888490","710035","2025-10-31","26.00","AUD","1760346899","11310/2025-10-31/1760346899.json"
"796964","564300","2025-10-30","26.00","AUD","1760346899","11310/2025-10-30/1760346899.json"
"888490","710035","2025-10-30","26.00","AUD","1760346899","11310/2025-10-30/1760346899.json"
"888490","710035","2025-11-01","26.00","AUD","1760346899","11310/2025-11-01/1760346899.json"
"796964","564300","2025-11-02","26.00","AUD","1760346899","11310/2025-11-02/1760346899.json"
"888490","710035","2025-11-02","26.00","AUD","1760346899","11310/2025-11-02/1760346899.json"
"796964","564300","2025-11-03","26.00","AUD","1760346899","11310/2025-11-03/1760346899.json"
"888490","710035","2025-11-03","26.00","AUD","1760346899","11310/2025-11-03/1760346899.json"
"796964","564300","2025-11-04","26.00","AUD","1760346899","11310/2025-11-04/1760346899.json"
"888490","710035","2025-11-04","26.00","AUD","1760346899","11310/2025-11-04/1760346899.json"
"796964","564300","2025-11-07","26.00","AUD","1760346899","11310/2025-11-07/1760346899.json"
"888490","710035","2025-11-07","26.00","AUD","1760346899","11310/2025-11-07/1760346899.json"
"796964","564300","2025-11-08","26.00","AUD","1760346899","11310/2025-11-08/1760346899.json"
"796964","564300","2025-11-06","26.00","AUD","1760346899","11310/2025-11-06/1760346899.json"
"888490","710035","2025-11-06","26.00","AUD","1760346899","11310/2025-11-06/1760346899.json"
"796964","564300","2025-11-09","26.00","AUD","1760346899","11310/2025-11-09/1760346899.json"
"888490","710035","2025-11-09","26.00","AUD","1760346899","11310/2025-11-09/1760346899.json"
"796964","564300","2025-11-10","26.00","AUD","1760346899","11310/2025-11-10/1760346899.json"
"888490","710035","2025-11-10","26.00","AUD","1760346899","11310/2025-11-10/1760346899.json"
"888490","710035","2025-11-11","26.00","AUD","1760346899","11310/2025-11-11/1760346899.json"
"796964","564300","2025-11-12","26.00","AUD","1760346899","11310/2025-11-12/1760346899.json"
"796964","564300","2025-11-14","28.00","AUD","1760346899","11310/2025-11-14/1760346899.json"
"888490","710035","2025-11-13","28.00","AUD","1760346899","11310/2025-11-13/1760346899.json"
"796964","564300","2025-11-15","28.00","AUD","1760346899","11310/2025-11-15/1760346899.json"
"888490","710035","2025-11-15","28.00","AUD","1760346899","11310/2025-11-15/1760346899.json"
"796964","564300","2025-11-16","28.00","AUD","1760346899","11310/2025-11-16/1760346899.json"
"888490","710035","2025-11-17","28.00","AUD","1760346899","11310/2025-11-17/1760346899.json"
"796964","564300","2025-11-19","28.00","AUD","1760346899","11310/2025-11-19/1760346899.json"
"888490","710035","2025-11-19","28.00","AUD","1760346899","11310/2025-11-19/1760346899.json"
"796964","564300","2025-11-18","28.00","AUD","1760346899","11310/2025-11-18/1760346899.json"
"888490","710035","2025-11-18","28.00","AUD","1760346899","11310/2025-11-18/1760346899.json"
"796964","564300","2025-11-21","28.00","AUD","1760346899","11310/2025-11-21/1760346899.json"
"796964","564300","2025-11-20","28.00","AUD","1760346899","11310/2025-11-20/1760346899.json"
"888490","710035","2025-11-20","28.00","AUD","1760346899","11310/2025-11-20/1760346899.json"
"796964","564300","2025-11-22","28.00","AUD","1760346899","11310/2025-11-22/1760346899.json"
"796964","564300","2025-11-23","28.00","AUD","1760346899","11310/2025-11-23/1760346899.json"
"888490","710035","2025-11-23","28.00","AUD","1760346899","11310/2025-11-23/1760346899.json"
"796964","564300","2025-11-26","28.00","AUD","1760346899","11310/2025-11-26/1760346899.json"
"888490","710035","2025-11-26","28.00","AUD","1760346899","11310/2025-11-26/1760346899.json"
"796964","564300","2025-11-27","28.00","AUD","1760346899","11310/2025-11-27/1760346899.json"
"888490","710035","2025-11-27","28.00","AUD","1760346899","11310/2025-11-27/1760346899.json"
"796964","564300","2025-11-29","28.00","AUD","1760346899","11310/2025-11-29/1760346899.json"
"888490","710035","2025-11-29","28.00","AUD","1760346899","11310/2025-11-29/1760346899.json"
"796964","564300","2025-11-30","28.00","AUD","1760346899","11310/2025-11-30/1760346899.json"
"888490","710035","2025-11-30","28.00","AUD","1760346899","11310/2025-11-30/1760346899.json"
"796964","564300","2025-12-02","28.00","AUD","1760346899","11310/2025-12-02/1760346899.json"
"888490","710035","2025-12-02","28.00","AUD","1760346899","11310/2025-12-02/1760346899.json"
"796964","564300","2025-12-03","28.00","AUD","1760346899","11310/2025-12-03/1760346899.json"
"888490","710035","2025-12-03","28.00","AUD","1760346899","11310/2025-12-03/1760346899.json"
"796964","564300","2025-12-06","28.00","AUD","1760346899","11310/2025-12-06/1760346899.json"
"888490","710035","2025-12-06","28.00","AUD","1760346899","11310/2025-12-06/1760346899.json"
"796964","564300","2025-12-05","28.00","AUD","1760346899","11310/2025-12-05/1760346899.json"
"888490","710035","2025-12-05","28.00","AUD","1760346899","11310/2025-12-05/1760346899.json"
"888490","710035","2025-12-04","28.00","AUD","1760346899","11310/2025-12-04/1760346899.json"
"888490","710035","2025-10-16","26.00","AUD","1760364210","11310/2025-10-16/1760364210.json"
"796964","564300","2025-10-15","26.00","AUD","1760364210","11310/2025-10-15/1760364210.json"
"888490","710035","2025-10-15","26.00","AUD","1760364210","11310/2025-10-15/1760364210.json"
"796964","564300","2025-10-17","26.00","AUD","1760364210","11310/2025-10-17/1760364210.json"
"888490","710035","2025-10-17","26.00","AUD","1760364210","11310/2025-10-17/1760364210.json"
"888490","710035","2025-10-19","26.00","AUD","1760364210","11310/2025-10-19/1760364210.json"
"888490","710035","2025-10-21","26.00","AUD","1760364210","11310/2025-10-21/1760364210.json"
"888490","710035","2025-10-20","26.00","AUD","1760364210","11310/2025-10-20/1760364210.json"
"888490","710035","2025-10-22","26.00","AUD","1760364210","11310/2025-10-22/1760364210.json"
"796964","564300","2025-10-23","26.00","AUD","1760364210","11310/2025-10-23/1760364210.json"
"888490","710035","2025-10-23","26.00","AUD","1760364210","11310/2025-10-23/1760364210.json"
"796964","564300","2025-10-24","26.00","AUD","1760364210","11310/2025-10-24/1760364210.json"
"888490","710035","2025-10-24","26.00","AUD","1760364210","11310/2025-10-24/1760364210.json"
"796964","564300","2025-10-26","26.00","AUD","1760364210","11310/2025-10-26/1760364210.json"
"888490","710035","2025-10-27","26.00","AUD","1760364210","11310/2025-10-27/1760364210.json"
"796964","564300","2025-10-30","26.00","AUD","1760364210","11310/2025-10-30/1760364210.json"
"888490","710035","2025-10-30","26.00","AUD","1760364210","11310/2025-10-30/1760364210.json"
"796964","564300","2025-10-29","26.00","AUD","1760364210","11310/2025-10-29/1760364210.json"
"888490","710035","2025-10-31","26.00","AUD","1760364210","11310/2025-10-31/1760364210.json"
"888490","710035","2025-11-01","26.00","AUD","1760364210","11310/2025-11-01/1760364210.json"
"796964","564300","2025-11-02","26.00","AUD","1760364210","11310/2025-11-02/1760364210.json"
"888490","710035","2025-11-02","26.00","AUD","1760364210","11310/2025-11-02/1760364210.json"
"796964","564300","2025-11-03","26.00","AUD","1760364210","11310/2025-11-03/1760364210.json"
"888490","710035","2025-11-03","26.00","AUD","1760364210","11310/2025-11-03/1760364210.json"
"796964","564300","2025-11-04","26.00","AUD","1760364210","11310/2025-11-04/1760364210.json"
"888490","710035","2025-11-04","26.00","AUD","1760364210","11310/2025-11-04/1760364210.json"
"796964","564300","2025-11-06","26.00","AUD","1760364210","11310/2025-11-06/1760364210.json"
"888490","710035","2025-11-06","26.00","AUD","1760364210","11310/2025-11-06/1760364210.json"
"796964","564300","2025-11-08","26.00","AUD","1760364210","11310/2025-11-08/1760364210.json"
"796964","564300","2025-11-07","26.00","AUD","1760364210","11310/2025-11-07/1760364210.json"
"888490","710035","2025-11-07","26.00","AUD","1760364210","11310/2025-11-07/1760364210.json"
"796964","564300","2025-11-09","26.00","AUD","1760364210","11310/2025-11-09/1760364210.json"
"888490","710035","2025-11-09","26.00","AUD","1760364210","11310/2025-11-09/1760364210.json"
"796964","564300","2025-11-10","26.00","AUD","1760364210","11310/2025-11-10/1760364210.json"
"888490","710035","2025-11-10","26.00","AUD","1760364210","11310/2025-11-10/1760364210.json"
"888490","710035","2025-11-11","26.00","AUD","1760364210","11310/2025-11-11/1760364210.json"
"796964","564300","2025-11-12","26.00","AUD","1760364210","11310/2025-11-12/1760364210.json"
"888490","710035","2025-11-13","28.00","AUD","1760364210","11310/2025-11-13/1760364210.json"
"796964","564300","2025-11-14","28.00","AUD","1760364210","11310/2025-11-14/1760364210.json"
"796964","564300","2025-11-16","28.00","AUD","1760364210","11310/2025-11-16/1760364210.json"
"796964","564300","2025-11-15","28.00","AUD","1760364210","11310/2025-11-15/1760364210.json"
"888490","710035","2025-11-15","28.00","AUD","1760364210","11310/2025-11-15/1760364210.json"
"888490","710035","2025-11-17","28.00","AUD","1760364210","11310/2025-11-17/1760364210.json"
"796964","564300","2025-11-18","28.00","AUD","1760364210","11310/2025-11-18/1760364210.json"
"888490","710035","2025-11-18","28.00","AUD","1760364210","11310/2025-11-18/1760364210.json"
"796964","564300","2025-11-19","28.00","AUD","1760364210","11310/2025-11-19/1760364210.json"
"888490","710035","2025-11-19","28.00","AUD","1760364210","11310/2025-11-19/1760364210.json"
"796964","564300","2025-11-20","28.00","AUD","1760364210","11310/2025-11-20/1760364210.json"
"888490","710035","2025-11-20","28.00","AUD","1760364210","11310/2025-11-20/1760364210.json"
"796964","564300","2025-11-21","28.00","AUD","1760364210","11310/2025-11-21/1760364210.json"
"796964","564300","2025-11-22","28.00","AUD","1760364210","11310/2025-11-22/1760364210.json"
"796964","564300","2025-11-23","28.00","AUD","1760364210","11310/2025-11-23/1760364210.json"
"888490","710035","2025-11-23","28.00","AUD","1760364210","11310/2025-11-23/1760364210.json"
"796964","564300","2025-11-26","28.00","AUD","1760364210","11310/2025-11-26/1760364210.json"
"888490","710035","2025-11-26","28.00","AUD","1760364210","11310/2025-11-26/1760364210.json"
"796964","564300","2025-11-27","28.00","AUD","1760364210","11310/2025-11-27/1760364210.json"
"888490","710035","2025-11-27","28.00","AUD","1760364210","11310/2025-11-27/1760364210.json"
"796964","564300","2025-11-29","28.00","AUD","1760364210","11310/2025-11-29/1760364210.json"
"888490","710035","2025-11-29","28.00","AUD","1760364210","11310/2025-11-29/1760364210.json"
"796964","564300","2025-12-02","28.00","AUD","1760364210","11310/2025-12-02/1760364210.json"
"888490","710035","2025-12-02","28.00","AUD","1760364210","11310/2025-12-02/1760364210.json"
"796964","564300","2025-11-30","28.00","AUD","1760364210","11310/2025-11-30/1760364210.json"
"888490","710035","2025-11-30","28.00","AUD","1760364210","11310/2025-11-30/1760364210.json"
"888490","710035","2025-12-04","28.00","AUD","1760364210","11310/2025-12-04/1760364210.json"
"796964","564300","2025-12-03","28.00","AUD","1760364210","11310/2025-12-03/1760364210.json"
"888490","710035","2025-12-03","28.00","AUD","1760364210","11310/2025-12-03/1760364210.json"
"796964","564300","2025-12-05","28.00","AUD","1760364210","11310/2025-12-05/1760364210.json"
"888490","710035","2025-12-05","28.00","AUD","1760364210","11310/2025-12-05/1760364210.json"
"796964","564300","2025-12-06","28.00","AUD","1760364210","11310/2025-12-06/1760364210.json"
"888490","710035","2025-12-06","28.00","AUD","1760364210","11310/2025-12-06/1760364210.json"
"796964","564300","2025-10-15","26.00","AUD","1760375475","11310/2025-10-15/1760375475.json"
"888490","710035","2025-10-15","26.00","AUD","1760375475","11310/2025-10-15/1760375475.json"
"888490","710035","2025-10-16","26.00","AUD","1760375475","11310/2025-10-16/1760375475.json"
"796964","564300","2025-10-17","26.00","AUD","1760375475","11310/2025-10-17/1760375475.json"
"888490","710035","2025-10-17","26.00","AUD","1760375475","11310/2025-10-17/1760375475.json"
"888490","710035","2025-10-20","26.00","AUD","1760375475","11310/2025-10-20/1760375475.json"
"888490","710035","2025-10-19","26.00","AUD","1760375475","11310/2025-10-19/1760375475.json"
"888490","710035","2025-10-21","26.00","AUD","1760375475","11310/2025-10-21/1760375475.json"
"888490","710035","2025-10-22","26.00","AUD","1760375475","11310/2025-10-22/1760375475.json"
"796964","564300","2025-10-23","26.00","AUD","1760375475","11310/2025-10-23/1760375475.json"
"888490","710035","2025-10-23","26.00","AUD","1760375475","11310/2025-10-23/1760375475.json"
"796964","564300","2025-10-24","26.00","AUD","1760375475","11310/2025-10-24/1760375475.json"
"888490","710035","2025-10-24","26.00","AUD","1760375475","11310/2025-10-24/1760375475.json"
"796964","564300","2025-10-26","26.00","AUD","1760375475","11310/2025-10-26/1760375475.json"
"888490","710035","2025-10-27","26.00","AUD","1760375475","11310/2025-10-27/1760375475.json"
"796964","564300","2025-10-29","26.00","AUD","1760375475","11310/2025-10-29/1760375475.json"
"888490","710035","2025-10-31","26.00","AUD","1760375475","11310/2025-10-31/1760375475.json"
"888490","710035","2025-11-01","26.00","AUD","1760375475","11310/2025-11-01/1760375475.json"
"796964","564300","2025-10-30","26.00","AUD","1760375475","11310/2025-10-30/1760375475.json"
"888490","710035","2025-10-30","26.00","AUD","1760375475","11310/2025-10-30/1760375475.json"
"796964","564300","2025-11-02","26.00","AUD","1760375475","11310/2025-11-02/1760375475.json"
"888490","710035","2025-11-02","26.00","AUD","1760375475","11310/2025-11-02/1760375475.json"
"796964","564300","2025-11-03","26.00","AUD","1760375475","11310/2025-11-03/1760375475.json"
"888490","710035","2025-11-03","26.00","AUD","1760375475","11310/2025-11-03/1760375475.json"
"796964","564300","2025-11-04","26.00","AUD","1760375475","11310/2025-11-04/1760375475.json"
"888490","710035","2025-11-04","26.00","AUD","1760375475","11310/2025-11-04/1760375475.json"
"796964","564300","2025-11-06","26.00","AUD","1760375475","11310/2025-11-06/1760375475.json"
"888490","710035","2025-11-06","26.00","AUD","1760375475","11310/2025-11-06/1760375475.json"
"796964","564300","2025-11-07","26.00","AUD","1760375475","11310/2025-11-07/1760375475.json"
"888490","710035","2025-11-07","26.00","AUD","1760375475","11310/2025-11-07/1760375475.json"
"796964","564300","2025-11-08","26.00","AUD","1760375475","11310/2025-11-08/1760375475.json"
"796964","564300","2025-11-09","26.00","AUD","1760375475","11310/2025-11-09/1760375475.json"
"888490","710035","2025-11-09","26.00","AUD","1760375475","11310/2025-11-09/1760375475.json"
"796964","564300","2025-11-10","26.00","AUD","1760375475","11310/2025-11-10/1760375475.json"
"888490","710035","2025-11-10","26.00","AUD","1760375475","11310/2025-11-10/1760375475.json"
"888490","710035","2025-11-11","26.00","AUD","1760375475","11310/2025-11-11/1760375475.json"
"796964","564300","2025-11-12","26.00","AUD","1760375475","11310/2025-11-12/1760375475.json"
"796964","564300","2025-11-14","28.00","AUD","1760375475","11310/2025-11-14/1760375475.json"
"888490","710035","2025-11-13","28.00","AUD","1760375475","11310/2025-11-13/1760375475.json"
"796964","564300","2025-11-15","28.00","AUD","1760375475","11310/2025-11-15/1760375475.json"
"888490","710035","2025-11-15","28.00","AUD","1760375475","11310/2025-11-15/1760375475.json"
"796964","564300","2025-11-16","28.00","AUD","1760375475","11310/2025-11-16/1760375475.json"
"796964","564300","2025-11-18","28.00","AUD","1760375475","11310/2025-11-18/1760375475.json"
"888490","710035","2025-11-18","28.00","AUD","1760375475","11310/2025-11-18/1760375475.json"
"888490","710035","2025-11-17","28.00","AUD","1760375475","11310/2025-11-17/1760375475.json"
"796964","564300","2025-11-19","28.00","AUD","1760375475","11310/2025-11-19/1760375475.json"
"888490","710035","2025-11-19","28.00","AUD","1760375475","11310/2025-11-19/1760375475.json"
"796964","564300","2025-11-20","28.00","AUD","1760375475","11310/2025-11-20/1760375475.json"
"888490","710035","2025-11-20","28.00","AUD","1760375475","11310/2025-11-20/1760375475.json"
"796964","564300","2025-11-22","28.00","AUD","1760375475","11310/2025-11-22/1760375475.json"
"796964","564300","2025-11-23","28.00","AUD","1760375475","11310/2025-11-23/1760375475.json"
"888490","710035","2025-11-23","28.00","AUD","1760375475","11310/2025-11-23/1760375475.json"
"796964","564300","2025-11-21","28.00","AUD","1760375475","11310/2025-11-21/1760375475.json"
"796964","564300","2025-11-26","28.00","AUD","1760375475","11310/2025-11-26/1760375475.json"
"888490","710035","2025-11-26","28.00","AUD","1760375475","11310/2025-11-26/1760375475.json"
"796964","564300","2025-11-27","28.00","AUD","1760375475","11310/2025-11-27/1760375475.json"
"888490","710035","2025-11-27","28.00","AUD","1760375475","11310/2025-11-27/1760375475.json"
"796964","564300","2025-11-29","28.00","AUD","1760375475","11310/2025-11-29/1760375475.json"
"888490","710035","2025-11-29","28.00","AUD","1760375475","11310/2025-11-29/1760375475.json"
"796964","564300","2025-11-30","28.00","AUD","1760375475","11310/2025-11-30/1760375475.json"
"888490","710035","2025-11-30","28.00","AUD","1760375475","11310/2025-11-30/1760375475.json"
"796964","564300","2025-12-03","28.00","AUD","1760375475","11310/2025-12-03/1760375475.json"
"888490","710035","2025-12-03","28.00","AUD","1760375475","11310/2025-12-03/1760375475.json"
"796964","564300","2025-12-02","28.00","AUD","1760375475","11310/2025-12-02/1760375475.json"
"888490","710035","2025-12-02","28.00","AUD","1760375475","11310/2025-12-02/1760375475.json"
"888490","710035","2025-12-04","28.00","AUD","1760375475","11310/2025-12-04/1760375475.json"
"796964","564300","2025-12-05","28.00","AUD","1760375475","11310/2025-12-05/1760375475.json"
"888490","710035","2025-12-05","28.00","AUD","1760375475","11310/2025-12-05/1760375475.json"
"796964","564300","2025-12-06","28.00","AUD","1760375475","11310/2025-12-06/1760375475.json"
"888490","710035","2025-12-06","28.00","AUD","1760375475","11310/2025-12-06/1760375475.json"
"888490","710035","2025-10-16","26.00","AUD","1760389208","11310/2025-10-16/1760389208.json"
"796964","564300","2025-10-15","26.00","AUD","1760389208","11310/2025-10-15/1760389208.json"
"888490","710035","2025-10-15","26.00","AUD","1760389208","11310/2025-10-15/1760389208.json"
"796964","564300","2025-10-17","26.00","AUD","1760389208","11310/2025-10-17/1760389208.json"
"888490","710035","2025-10-17","26.00","AUD","1760389208","11310/2025-10-17/1760389208.json"
"888490","710035","2025-10-20","26.00","AUD","1760389208","11310/2025-10-20/1760389208.json"
"888490","710035","2025-10-22","26.00","AUD","1760389208","11310/2025-10-22/1760389208.json"
"888490","710035","2025-10-21","26.00","AUD","1760389208","11310/2025-10-21/1760389208.json"
"888490","710035","2025-10-19","26.00","AUD","1760389208","11310/2025-10-19/1760389208.json"
"796964","564300","2025-10-23","26.00","AUD","1760389208","11310/2025-10-23/1760389208.json"
"888490","710035","2025-10-23","26.00","AUD","1760389208","11310/2025-10-23/1760389208.json"
"796964","564300","2025-10-24","26.00","AUD","1760389208","11310/2025-10-24/1760389208.json"
"888490","710035","2025-10-24","26.00","AUD","1760389208","11310/2025-10-24/1760389208.json"
"796964","564300","2025-10-26","26.00","AUD","1760389208","11310/2025-10-26/1760389208.json"
"888490","710035","2025-10-27","26.00","AUD","1760389208","11310/2025-10-27/1760389208.json"
"796964","564300","2025-10-29","26.00","AUD","1760389208","11310/2025-10-29/1760389208.json"
"796964","564300","2025-10-30","26.00","AUD","1760389208","11310/2025-10-30/1760389208.json"
"888490","710035","2025-10-30","26.00","AUD","1760389208","11310/2025-10-30/1760389208.json"
"888490","710035","2025-10-31","26.00","AUD","1760389208","11310/2025-10-31/1760389208.json"
"888490","710035","2025-11-01","26.00","AUD","1760389208","11310/2025-11-01/1760389208.json"
"796964","564300","2025-11-02","26.00","AUD","1760389208","11310/2025-11-02/1760389208.json"
"888490","710035","2025-11-02","26.00","AUD","1760389208","11310/2025-11-02/1760389208.json"
"796964","564300","2025-11-03","26.00","AUD","1760389208","11310/2025-11-03/1760389208.json"
"888490","710035","2025-11-03","26.00","AUD","1760389208","11310/2025-11-03/1760389208.json"
"796964","564300","2025-11-04","26.00","AUD","1760389208","11310/2025-11-04/1760389208.json"
"888490","710035","2025-11-04","26.00","AUD","1760389208","11310/2025-11-04/1760389208.json"
"796964","564300","2025-11-06","26.00","AUD","1760389208","11310/2025-11-06/1760389208.json"
"888490","710035","2025-11-06","26.00","AUD","1760389208","11310/2025-11-06/1760389208.json"
"796964","564300","2025-11-07","26.00","AUD","1760389208","11310/2025-11-07/1760389208.json"
"888490","710035","2025-11-07","26.00","AUD","1760389208","11310/2025-11-07/1760389208.json"
"796964","564300","2025-11-08","26.00","AUD","1760389208","11310/2025-11-08/1760389208.json"
"796964","564300","2025-11-09","26.00","AUD","1760389208","11310/2025-11-09/1760389208.json"
"888490","710035","2025-11-09","26.00","AUD","1760389208","11310/2025-11-09/1760389208.json"
"796964","564300","2025-11-10","26.00","AUD","1760389208","11310/2025-11-10/1760389208.json"
"888490","710035","2025-11-10","26.00","AUD","1760389208","11310/2025-11-10/1760389208.json"
"888490","710035","2025-11-11","26.00","AUD","1760389208","11310/2025-11-11/1760389208.json"
"796964","564300","2025-11-12","26.00","AUD","1760389208","11310/2025-11-12/1760389208.json"
"888490","710035","2025-11-13","28.00","AUD","1760389208","11310/2025-11-13/1760389208.json"
"796964","564300","2025-11-14","28.00","AUD","1760389208","11310/2025-11-14/1760389208.json"
"796964","564300","2025-11-15","28.00","AUD","1760389208","11310/2025-11-15/1760389208.json"
"888490","710035","2025-11-15","28.00","AUD","1760389208","11310/2025-11-15/1760389208.json"
"888490","710035","2025-11-17","28.00","AUD","1760389208","11310/2025-11-17/1760389208.json"
"796964","564300","2025-11-16","28.00","AUD","1760389208","11310/2025-11-16/1760389208.json"
"796964","564300","2025-11-18","28.00","AUD","1760389208","11310/2025-11-18/1760389208.json"
"888490","710035","2025-11-18","28.00","AUD","1760389208","11310/2025-11-18/1760389208.json"
"796964","564300","2025-11-19","28.00","AUD","1760389208","11310/2025-11-19/1760389208.json"
"888490","710035","2025-11-19","28.00","AUD","1760389208","11310/2025-11-19/1760389208.json"
"796964","564300","2025-11-20","28.00","AUD","1760389208","11310/2025-11-20/1760389208.json"
"888490","710035","2025-11-20","28.00","AUD","1760389208","11310/2025-11-20/1760389208.json"
"796964","564300","2025-11-21","28.00","AUD","1760389208","11310/2025-11-21/1760389208.json"
"796964","564300","2025-11-23","28.00","AUD","1760389208","11310/2025-11-23/1760389208.json"
"888490","710035","2025-11-23","28.00","AUD","1760389208","11310/2025-11-23/1760389208.json"
"796964","564300","2025-11-26","28.00","AUD","1760389208","11310/2025-11-26/1760389208.json"
"888490","710035","2025-11-26","28.00","AUD","1760389208","11310/2025-11-26/1760389208.json"
"796964","564300","2025-11-27","28.00","AUD","1760389208","11310/2025-11-27/1760389208.json"
"888490","710035","2025-11-27","28.00","AUD","1760389208","11310/2025-11-27/1760389208.json"
"796964","564300","2025-11-29","28.00","AUD","1760389208","11310/2025-11-29/1760389208.json"
"888490","710035","2025-11-29","28.00","AUD","1760389208","11310/2025-11-29/1760389208.json"
"796964","564300","2025-11-30","28.00","AUD","1760389208","11310/2025-11-30/1760389208.json"
"888490","710035","2025-11-30","28.00","AUD","1760389208","11310/2025-11-30/1760389208.json"
"796964","564300","2025-12-02","28.00","AUD","1760389208","11310/2025-12-02/1760389208.json"
"888490","710035","2025-12-02","28.00","AUD","1760389208","11310/2025-12-02/1760389208.json"
"888490","710035","2025-12-04","28.00","AUD","1760389208","11310/2025-12-04/1760389208.json"
"796964","564300","2025-12-03","28.00","AUD","1760389208","11310/2025-12-03/1760389208.json"
"888490","710035","2025-12-03","28.00","AUD","1760389208","11310/2025-12-03/1760389208.json"
"796964","564300","2025-11-22","28.00","AUD","1760389208","11310/2025-11-22/1760389208.json"
"796964","564300","2025-12-05","28.00","AUD","1760389208","11310/2025-12-05/1760389208.json"
"888490","710035","2025-12-05","28.00","AUD","1760389208","11310/2025-12-05/1760389208.json"
"796964","564300","2025-12-06","28.00","AUD","1760389208","11310/2025-12-06/1760389208.json"
"888490","710035","2025-12-06","28.00","AUD","1760389208","11310/2025-12-06/1760389208.json"
"888490","710035","2025-10-16","26.00","AUD","1760412659","11310/2025-10-16/1760412659.json"
"796964","564300","2025-10-15","26.00","AUD","1760412659","11310/2025-10-15/1760412659.json"
"888490","710035","2025-10-15","26.00","AUD","1760412659","11310/2025-10-15/1760412659.json"
"796964","564300","2025-10-17","26.00","AUD","1760412659","11310/2025-10-17/1760412659.json"
"888490","710035","2025-10-17","26.00","AUD","1760412659","11310/2025-10-17/1760412659.json"
"888490","710035","2025-10-19","26.00","AUD","1760412659","11310/2025-10-19/1760412659.json"
"888490","710035","2025-10-20","26.00","AUD","1760412659","11310/2025-10-20/1760412659.json"
"796964","564300","2025-10-23","26.00","AUD","1760412659","11310/2025-10-23/1760412659.json"
"888490","710035","2025-10-23","26.00","AUD","1760412659","11310/2025-10-23/1760412659.json"
"796964","564300","2025-10-24","26.00","AUD","1760412659","11310/2025-10-24/1760412659.json"
"888490","710035","2025-10-24","26.00","AUD","1760412659","11310/2025-10-24/1760412659.json"
"888490","710035","2025-10-22","26.00","AUD","1760412659","11310/2025-10-22/1760412659.json"
"888490","710035","2025-10-21","26.00","AUD","1760412659","11310/2025-10-21/1760412659.json"
"888490","710035","2025-10-27","26.00","AUD","1760412659","11310/2025-10-27/1760412659.json"
"796964","564300","2025-10-26","26.00","AUD","1760412659","11310/2025-10-26/1760412659.json"
"796964","564300","2025-10-29","26.00","AUD","1760412659","11310/2025-10-29/1760412659.json"
"888490","710035","2025-10-31","26.00","AUD","1760412659","11310/2025-10-31/1760412659.json"
"796964","564300","2025-10-30","26.00","AUD","1760412659","11310/2025-10-30/1760412659.json"
"888490","710035","2025-10-30","26.00","AUD","1760412659","11310/2025-10-30/1760412659.json"
"888490","710035","2025-11-01","26.00","AUD","1760412659","11310/2025-11-01/1760412659.json"
"796964","564300","2025-11-03","26.00","AUD","1760412659","11310/2025-11-03/1760412659.json"
"888490","710035","2025-11-03","26.00","AUD","1760412659","11310/2025-11-03/1760412659.json"
"796964","564300","2025-11-04","26.00","AUD","1760412659","11310/2025-11-04/1760412659.json"
"888490","710035","2025-11-04","26.00","AUD","1760412659","11310/2025-11-04/1760412659.json"
"796964","564300","2025-11-02","26.00","AUD","1760412659","11310/2025-11-02/1760412659.json"
"888490","710035","2025-11-02","26.00","AUD","1760412659","11310/2025-11-02/1760412659.json"
"796964","564300","2025-11-06","26.00","AUD","1760412659","11310/2025-11-06/1760412659.json"
"888490","710035","2025-11-06","26.00","AUD","1760412659","11310/2025-11-06/1760412659.json"
"796964","564300","2025-11-07","26.00","AUD","1760412659","11310/2025-11-07/1760412659.json"
"888490","710035","2025-11-07","26.00","AUD","1760412659","11310/2025-11-07/1760412659.json"
"796964","564300","2025-11-08","26.00","AUD","1760412659","11310/2025-11-08/1760412659.json"
"796964","564300","2025-11-09","26.00","AUD","1760412659","11310/2025-11-09/1760412659.json"
"888490","710035","2025-11-09","26.00","AUD","1760412659","11310/2025-11-09/1760412659.json"
"796964","564300","2025-11-10","26.00","AUD","1760412659","11310/2025-11-10/1760412659.json"
"888490","710035","2025-11-10","26.00","AUD","1760412659","11310/2025-11-10/1760412659.json"
"888490","710035","2025-11-11","26.00","AUD","1760412659","11310/2025-11-11/1760412659.json"
"888490","710035","2025-11-13","28.00","AUD","1760412659","11310/2025-11-13/1760412659.json"
"796964","564300","2025-11-12","26.00","AUD","1760412659","11310/2025-11-12/1760412659.json"
"796964","564300","2025-11-14","28.00","AUD","1760412659","11310/2025-11-14/1760412659.json"
"796964","564300","2025-11-15","28.00","AUD","1760412659","11310/2025-11-15/1760412659.json"
"888490","710035","2025-11-15","28.00","AUD","1760412659","11310/2025-11-15/1760412659.json"
"888490","710035","2025-11-17","28.00","AUD","1760412659","11310/2025-11-17/1760412659.json"
"796964","564300","2025-11-18","28.00","AUD","1760412659","11310/2025-11-18/1760412659.json"
"888490","710035","2025-11-18","28.00","AUD","1760412659","11310/2025-11-18/1760412659.json"
"796964","564300","2025-11-16","28.00","AUD","1760412659","11310/2025-11-16/1760412659.json"
"796964","564300","2025-11-19","28.00","AUD","1760412659","11310/2025-11-19/1760412659.json"
"888490","710035","2025-11-19","28.00","AUD","1760412659","11310/2025-11-19/1760412659.json"
"796964","564300","2025-11-20","28.00","AUD","1760412659","11310/2025-11-20/1760412659.json"
"888490","710035","2025-11-20","28.00","AUD","1760412659","11310/2025-11-20/1760412659.json"
"796964","564300","2025-11-21","28.00","AUD","1760412659","11310/2025-11-21/1760412659.json"
"796964","564300","2025-11-22","28.00","AUD","1760412659","11310/2025-11-22/1760412659.json"
"796964","564300","2025-11-23","28.00","AUD","1760412659","11310/2025-11-23/1760412659.json"
"888490","710035","2025-11-23","28.00","AUD","1760412659","11310/2025-11-23/1760412659.json"
"796964","564300","2025-11-26","28.00","AUD","1760412659","11310/2025-11-26/1760412659.json"
"888490","710035","2025-11-26","28.00","AUD","1760412659","11310/2025-11-26/1760412659.json"
"796964","564300","2025-11-27","28.00","AUD","1760412659","11310/2025-11-27/1760412659.json"
"888490","710035","2025-11-27","28.00","AUD","1760412659","11310/2025-11-27/1760412659.json"
"796964","564300","2025-11-29","28.00","AUD","1760412659","11310/2025-11-29/1760412659.json"
"888490","710035","2025-11-29","28.00","AUD","1760412659","11310/2025-11-29/1760412659.json"
"796964","564300","2025-11-30","28.00","AUD","1760412659","11310/2025-11-30/1760412659.json"
"888490","710035","2025-11-30","28.00","AUD","1760412659","11310/2025-11-30/1760412659.json"
"796964","564300","2025-12-02","28.00","AUD","1760412659","11310/2025-12-02/1760412659.json"
"888490","710035","2025-12-02","28.00","AUD","1760412659","11310/2025-12-02/1760412659.json"
"796964","564300","2025-12-03","28.00","AUD","1760412659","11310/2025-12-03/1760412659.json"
"888490","710035","2025-12-03","28.00","AUD","1760412659","11310/2025-12-03/1760412659.json"
"888490","710035","2025-12-04","28.00","AUD","1760412659","11310/2025-12-04/1760412659.json"
"796964","564300","2025-12-06","28.00","AUD","1760412659","11310/2025-12-06/1760412659.json"
"888490","710035","2025-12-06","28.00","AUD","1760412659","11310/2025-12-06/1760412659.json"
"796964","564300","2025-12-05","28.00","AUD","1760412659","11310/2025-12-05/1760412659.json"
"888490","710035","2025-12-05","28.00","AUD","1760412659","11310/2025-12-05/1760412659.json"
"796964","564300","2025-10-15","26.00","AUD","1760418151","11310/2025-10-15/1760418151.json"
"888490","710035","2025-10-15","26.00","AUD","1760418151","11310/2025-10-15/1760418151.json"
"888490","710035","2025-10-16","26.00","AUD","1760418151","11310/2025-10-16/1760418151.json"
"796964","564300","2025-10-17","26.00","AUD","1760418151","11310/2025-10-17/1760418151.json"
"888490","710035","2025-10-17","26.00","AUD","1760418151","11310/2025-10-17/1760418151.json"
"888490","710035","2025-10-21","26.00","AUD","1760418151","11310/2025-10-21/1760418151.json"
"888490","710035","2025-10-20","26.00","AUD","1760418151","11310/2025-10-20/1760418151.json"
"888490","710035","2025-10-19","26.00","AUD","1760418151","11310/2025-10-19/1760418151.json"
"888490","710035","2025-10-22","26.00","AUD","1760418151","11310/2025-10-22/1760418151.json"
"796964","564300","2025-10-23","26.00","AUD","1760418151","11310/2025-10-23/1760418151.json"
"888490","710035","2025-10-23","26.00","AUD","1760418151","11310/2025-10-23/1760418151.json"
"796964","564300","2025-10-24","26.00","AUD","1760418151","11310/2025-10-24/1760418151.json"
"888490","710035","2025-10-24","26.00","AUD","1760418151","11310/2025-10-24/1760418151.json"
"796964","564300","2025-10-26","26.00","AUD","1760418151","11310/2025-10-26/1760418151.json"
"888490","710035","2025-10-27","26.00","AUD","1760418151","11310/2025-10-27/1760418151.json"
"796964","564300","2025-10-30","26.00","AUD","1760418151","11310/2025-10-30/1760418151.json"
"888490","710035","2025-10-30","26.00","AUD","1760418151","11310/2025-10-30/1760418151.json"
"796964","564300","2025-10-29","26.00","AUD","1760418151","11310/2025-10-29/1760418151.json"
"888490","710035","2025-10-31","26.00","AUD","1760418151","11310/2025-10-31/1760418151.json"
"796964","564300","2025-11-03","26.00","AUD","1760418151","11310/2025-11-03/1760418151.json"
"888490","710035","2025-11-03","26.00","AUD","1760418151","11310/2025-11-03/1760418151.json"
"796964","564300","2025-11-02","26.00","AUD","1760418151","11310/2025-11-02/1760418151.json"
"888490","710035","2025-11-02","26.00","AUD","1760418151","11310/2025-11-02/1760418151.json"
"888490","710035","2025-11-01","26.00","AUD","1760418151","11310/2025-11-01/1760418151.json"
"796964","564300","2025-11-04","26.00","AUD","1760418151","11310/2025-11-04/1760418151.json"
"888490","710035","2025-11-04","26.00","AUD","1760418151","11310/2025-11-04/1760418151.json"
"796964","564300","2025-11-06","26.00","AUD","1760418151","11310/2025-11-06/1760418151.json"
"888490","710035","2025-11-06","26.00","AUD","1760418151","11310/2025-11-06/1760418151.json"
"796964","564300","2025-11-07","26.00","AUD","1760418151","11310/2025-11-07/1760418151.json"
"888490","710035","2025-11-07","26.00","AUD","1760418151","11310/2025-11-07/1760418151.json"
"796964","564300","2025-11-08","26.00","AUD","1760418151","11310/2025-11-08/1760418151.json"
"796964","564300","2025-11-10","26.00","AUD","1760418151","11310/2025-11-10/1760418151.json"
"888490","710035","2025-11-10","26.00","AUD","1760418151","11310/2025-11-10/1760418151.json"
"796964","564300","2025-11-09","26.00","AUD","1760418151","11310/2025-11-09/1760418151.json"
"888490","710035","2025-11-09","26.00","AUD","1760418151","11310/2025-11-09/1760418151.json"
"888490","710035","2025-11-11","26.00","AUD","1760418151","11310/2025-11-11/1760418151.json"
"796964","564300","2025-11-12","26.00","AUD","1760418151","11310/2025-11-12/1760418151.json"
"796964","564300","2025-11-14","28.00","AUD","1760418151","11310/2025-11-14/1760418151.json"
"888490","710035","2025-11-13","28.00","AUD","1760418151","11310/2025-11-13/1760418151.json"
"796964","564300","2025-11-15","28.00","AUD","1760418151","11310/2025-11-15/1760418151.json"
"888490","710035","2025-11-15","28.00","AUD","1760418151","11310/2025-11-15/1760418151.json"
"796964","564300","2025-11-16","28.00","AUD","1760418151","11310/2025-11-16/1760418151.json"
"796964","564300","2025-11-18","28.00","AUD","1760418151","11310/2025-11-18/1760418151.json"
"888490","710035","2025-11-18","28.00","AUD","1760418151","11310/2025-11-18/1760418151.json"
"796964","564300","2025-11-19","28.00","AUD","1760418151","11310/2025-11-19/1760418151.json"
"888490","710035","2025-11-19","28.00","AUD","1760418151","11310/2025-11-19/1760418151.json"
"796964","564300","2025-11-20","28.00","AUD","1760418151","11310/2025-11-20/1760418151.json"
"888490","710035","2025-11-20","28.00","AUD","1760418151","11310/2025-11-20/1760418151.json"
"888490","710035","2025-11-17","28.00","AUD","1760418151","11310/2025-11-17/1760418151.json"
"796964","564300","2025-11-21","28.00","AUD","1760418151","11310/2025-11-21/1760418151.json"
"796964","564300","2025-11-22","28.00","AUD","1760418151","11310/2025-11-22/1760418151.json"
"796964","564300","2025-11-23","28.00","AUD","1760418151","11310/2025-11-23/1760418151.json"
"888490","710035","2025-11-23","28.00","AUD","1760418151","11310/2025-11-23/1760418151.json"
"796964","564300","2025-11-26","28.00","AUD","1760418151","11310/2025-11-26/1760418151.json"
"888490","710035","2025-11-26","28.00","AUD","1760418151","11310/2025-11-26/1760418151.json"
"796964","564300","2025-11-27","28.00","AUD","1760418151","11310/2025-11-27/1760418151.json"
"888490","710035","2025-11-27","28.00","AUD","1760418151","11310/2025-11-27/1760418151.json"
"796964","564300","2025-11-29","28.00","AUD","1760418151","11310/2025-11-29/1760418151.json"
"888490","710035","2025-11-29","28.00","AUD","1760418151","11310/2025-11-29/1760418151.json"
"796964","564300","2025-11-30","28.00","AUD","1760418151","11310/2025-11-30/1760418151.json"
"888490","710035","2025-11-30","28.00","AUD","1760418151","11310/2025-11-30/1760418151.json"
"796964","564300","2025-12-02","28.00","AUD","1760418151","11310/2025-12-02/1760418151.json"
"888490","710035","2025-12-02","28.00","AUD","1760418151","11310/2025-12-02/1760418151.json"
"796964","564300","2025-12-03","28.00","AUD","1760418151","11310/2025-12-03/1760418151.json"
"888490","710035","2025-12-03","28.00","AUD","1760418151","11310/2025-12-03/1760418151.json"
"888490","710035","2025-12-04","28.00","AUD","1760418151","11310/2025-12-04/1760418151.json"
"796964","564300","2025-12-05","28.00","AUD","1760418151","11310/2025-12-05/1760418151.json"
"888490","710035","2025-12-05","28.00","AUD","1760418151","11310/2025-12-05/1760418151.json"
"796964","564300","2025-12-06","28.00","AUD","1760418151","11310/2025-12-06/1760418151.json"
"888490","710035","2025-12-06","28.00","AUD","1760418151","11310/2025-12-06/1760418151.json"
"796964","564300","2025-10-15","26.00","AUD","1760432842","11310/2025-10-15/1760432842.json"
"888490","710035","2025-10-15","26.00","AUD","1760432842","11310/2025-10-15/1760432842.json"
"888490","710035","2025-10-16","26.00","AUD","1760432842","11310/2025-10-16/1760432842.json"
"796964","564300","2025-10-17","26.00","AUD","1760432842","11310/2025-10-17/1760432842.json"
"888490","710035","2025-10-17","26.00","AUD","1760432842","11310/2025-10-17/1760432842.json"
"888490","710035","2025-10-19","26.00","AUD","1760432842","11310/2025-10-19/1760432842.json"
"888490","710035","2025-10-20","26.00","AUD","1760432842","11310/2025-10-20/1760432842.json"
"888490","710035","2025-10-21","26.00","AUD","1760432842","11310/2025-10-21/1760432842.json"
"888490","710035","2025-10-22","26.00","AUD","1760432842","11310/2025-10-22/1760432842.json"
"796964","564300","2025-10-23","26.00","AUD","1760432842","11310/2025-10-23/1760432842.json"
"888490","710035","2025-10-23","26.00","AUD","1760432842","11310/2025-10-23/1760432842.json"
"796964","564300","2025-10-24","26.00","AUD","1760432842","11310/2025-10-24/1760432842.json"
"888490","710035","2025-10-24","26.00","AUD","1760432842","11310/2025-10-24/1760432842.json"
"888490","710035","2025-10-27","26.00","AUD","1760432842","11310/2025-10-27/1760432842.json"
"796964","564300","2025-10-29","26.00","AUD","1760432842","11310/2025-10-29/1760432842.json"
"796964","564300","2025-10-26","26.00","AUD","1760432842","11310/2025-10-26/1760432842.json"
"796964","564300","2025-10-30","26.00","AUD","1760432842","11310/2025-10-30/1760432842.json"
"888490","710035","2025-10-30","26.00","AUD","1760432842","11310/2025-10-30/1760432842.json"
"888490","710035","2025-10-31","26.00","AUD","1760432842","11310/2025-10-31/1760432842.json"
"888490","710035","2025-11-01","26.00","AUD","1760432842","11310/2025-11-01/1760432842.json"
"796964","564300","2025-11-02","26.00","AUD","1760432842","11310/2025-11-02/1760432842.json"
"888490","710035","2025-11-02","26.00","AUD","1760432842","11310/2025-11-02/1760432842.json"
"796964","564300","2025-11-04","26.00","AUD","1760432842","11310/2025-11-04/1760432842.json"
"888490","710035","2025-11-04","26.00","AUD","1760432842","11310/2025-11-04/1760432842.json"
"796964","564300","2025-11-03","26.00","AUD","1760432842","11310/2025-11-03/1760432842.json"
"888490","710035","2025-11-03","26.00","AUD","1760432842","11310/2025-11-03/1760432842.json"
"796964","564300","2025-11-07","26.00","AUD","1760432842","11310/2025-11-07/1760432842.json"
"888490","710035","2025-11-07","26.00","AUD","1760432842","11310/2025-11-07/1760432842.json"
"796964","564300","2025-11-06","26.00","AUD","1760432842","11310/2025-11-06/1760432842.json"
"888490","710035","2025-11-06","26.00","AUD","1760432842","11310/2025-11-06/1760432842.json"
"796964","564300","2025-11-08","26.00","AUD","1760432842","11310/2025-11-08/1760432842.json"
"796964","564300","2025-11-09","26.00","AUD","1760432842","11310/2025-11-09/1760432842.json"
"888490","710035","2025-11-09","26.00","AUD","1760432842","11310/2025-11-09/1760432842.json"
"796964","564300","2025-11-10","26.00","AUD","1760432842","11310/2025-11-10/1760432842.json"
"888490","710035","2025-11-10","26.00","AUD","1760432842","11310/2025-11-10/1760432842.json"
"888490","710035","2025-11-11","26.00","AUD","1760432842","11310/2025-11-11/1760432842.json"
"888490","710035","2025-11-13","28.00","AUD","1760432842","11310/2025-11-13/1760432842.json"
"796964","564300","2025-11-12","26.00","AUD","1760432842","11310/2025-11-12/1760432842.json"
"796964","564300","2025-11-14","28.00","AUD","1760432842","11310/2025-11-14/1760432842.json"
"796964","564300","2025-11-15","28.00","AUD","1760432842","11310/2025-11-15/1760432842.json"
"888490","710035","2025-11-15","28.00","AUD","1760432842","11310/2025-11-15/1760432842.json"
"796964","564300","2025-11-16","28.00","AUD","1760432842","11310/2025-11-16/1760432842.json"
"888490","710035","2025-11-17","28.00","AUD","1760432842","11310/2025-11-17/1760432842.json"
"796964","564300","2025-11-18","28.00","AUD","1760432842","11310/2025-11-18/1760432842.json"
"888490","710035","2025-11-18","28.00","AUD","1760432842","11310/2025-11-18/1760432842.json"
"796964","564300","2025-11-19","28.00","AUD","1760432842","11310/2025-11-19/1760432842.json"
"888490","710035","2025-11-19","28.00","AUD","1760432842","11310/2025-11-19/1760432842.json"
"796964","564300","2025-11-20","28.00","AUD","1760432842","11310/2025-11-20/1760432842.json"
"888490","710035","2025-11-20","28.00","AUD","1760432842","11310/2025-11-20/1760432842.json"
"796964","564300","2025-11-21","28.00","AUD","1760432842","11310/2025-11-21/1760432842.json"
"796964","564300","2025-11-22","28.00","AUD","1760432842","11310/2025-11-22/1760432842.json"
"796964","564300","2025-11-23","28.00","AUD","1760432842","11310/2025-11-23/1760432842.json"
"888490","710035","2025-11-23","28.00","AUD","1760432842","11310/2025-11-23/1760432842.json"
"796964","564300","2025-11-26","28.00","AUD","1760432842","11310/2025-11-26/1760432842.json"
"888490","710035","2025-11-26","28.00","AUD","1760432842","11310/2025-11-26/1760432842.json"
"796964","564300","2025-11-27","28.00","AUD","1760432842","11310/2025-11-27/1760432842.json"
"888490","710035","2025-11-27","28.00","AUD","1760432842","11310/2025-11-27/1760432842.json"
"796964","564300","2025-11-29","28.00","AUD","1760432842","11310/2025-11-29/1760432842.json"
"888490","710035","2025-11-29","28.00","AUD","1760432842","11310/2025-11-29/1760432842.json"
"796964","564300","2025-11-30","28.00","AUD","1760432842","11310/2025-11-30/1760432842.json"
"888490","710035","2025-11-30","28.00","AUD","1760432842","11310/2025-11-30/1760432842.json"
"796964","564300","2025-12-02","28.00","AUD","1760432842","11310/2025-12-02/1760432842.json"
"888490","710035","2025-12-02","28.00","AUD","1760432842","11310/2025-12-02/1760432842.json"
"888490","710035","2025-12-04","28.00","AUD","1760432842","11310/2025-12-04/1760432842.json"
"796964","564300","2025-12-05","28.00","AUD","1760432842","11310/2025-12-05/1760432842.json"
"888490","710035","2025-12-05","28.00","AUD","1760432842","11310/2025-12-05/1760432842.json"
"796964","564300","2025-12-03","28.00","AUD","1760432842","11310/2025-12-03/1760432842.json"
"888490","710035","2025-12-03","28.00","AUD","1760432842","11310/2025-12-03/1760432842.json"
"796964","564300","2025-12-06","28.00","AUD","1760432842","11310/2025-12-06/1760432842.json"
"888490","710035","2025-12-06","28.00","AUD","1760432842","11310/2025-12-06/1760432842.json"
"796964","564300","2025-10-15","26.00","AUD","1760450538","11310/2025-10-15/1760450538.json"
"888490","710035","2025-10-15","26.00","AUD","1760450538","11310/2025-10-15/1760450538.json"
"888490","710035","2025-10-16","26.00","AUD","1760450538","11310/2025-10-16/1760450538.json"
"796964","564300","2025-10-17","26.00","AUD","1760450538","11310/2025-10-17/1760450538.json"
"888490","710035","2025-10-17","26.00","AUD","1760450538","11310/2025-10-17/1760450538.json"
"888490","710035","2025-10-20","26.00","AUD","1760450538","11310/2025-10-20/1760450538.json"
"888490","710035","2025-10-19","26.00","AUD","1760450538","11310/2025-10-19/1760450538.json"
"888490","710035","2025-10-22","26.00","AUD","1760450538","11310/2025-10-22/1760450538.json"
"888490","710035","2025-10-21","26.00","AUD","1760450538","11310/2025-10-21/1760450538.json"
"796964","564300","2025-10-23","26.00","AUD","1760450538","11310/2025-10-23/1760450538.json"
"888490","710035","2025-10-23","26.00","AUD","1760450538","11310/2025-10-23/1760450538.json"
"796964","564300","2025-10-24","26.00","AUD","1760450538","11310/2025-10-24/1760450538.json"
"888490","710035","2025-10-24","26.00","AUD","1760450538","11310/2025-10-24/1760450538.json"
"796964","564300","2025-10-26","26.00","AUD","1760450538","11310/2025-10-26/1760450538.json"
"888490","710035","2025-10-27","26.00","AUD","1760450538","11310/2025-10-27/1760450538.json"
"796964","564300","2025-10-30","26.00","AUD","1760450538","11310/2025-10-30/1760450538.json"
"888490","710035","2025-10-30","26.00","AUD","1760450538","11310/2025-10-30/1760450538.json"
"796964","564300","2025-10-29","26.00","AUD","1760450538","11310/2025-10-29/1760450538.json"
"888490","710035","2025-10-31","26.00","AUD","1760450538","11310/2025-10-31/1760450538.json"
"888490","710035","2025-11-01","26.00","AUD","1760450538","11310/2025-11-01/1760450538.json"
"796964","564300","2025-11-02","26.00","AUD","1760450538","11310/2025-11-02/1760450538.json"
"888490","710035","2025-11-02","26.00","AUD","1760450538","11310/2025-11-02/1760450538.json"
"796964","564300","2025-11-03","26.00","AUD","1760450538","11310/2025-11-03/1760450538.json"
"888490","710035","2025-11-03","26.00","AUD","1760450538","11310/2025-11-03/1760450538.json"
"796964","564300","2025-11-04","26.00","AUD","1760450538","11310/2025-11-04/1760450538.json"
"888490","710035","2025-11-04","26.00","AUD","1760450538","11310/2025-11-04/1760450538.json"
"796964","564300","2025-11-06","26.00","AUD","1760450538","11310/2025-11-06/1760450538.json"
"888490","710035","2025-11-06","26.00","AUD","1760450538","11310/2025-11-06/1760450538.json"
"796964","564300","2025-11-07","26.00","AUD","1760450538","11310/2025-11-07/1760450538.json"
"888490","710035","2025-11-07","26.00","AUD","1760450538","11310/2025-11-07/1760450538.json"
"796964","564300","2025-11-08","26.00","AUD","1760450538","11310/2025-11-08/1760450538.json"
"796964","564300","2025-11-10","26.00","AUD","1760450538","11310/2025-11-10/1760450538.json"
"888490","710035","2025-11-10","26.00","AUD","1760450538","11310/2025-11-10/1760450538.json"
"796964","564300","2025-11-09","26.00","AUD","1760450538","11310/2025-11-09/1760450538.json"
"888490","710035","2025-11-09","26.00","AUD","1760450538","11310/2025-11-09/1760450538.json"
"888490","710035","2025-11-11","26.00","AUD","1760450538","11310/2025-11-11/1760450538.json"
"796964","564300","2025-11-12","26.00","AUD","1760450538","11310/2025-11-12/1760450538.json"
"796964","564300","2025-11-14","28.00","AUD","1760450538","11310/2025-11-14/1760450538.json"
"888490","710035","2025-11-13","28.00","AUD","1760450538","11310/2025-11-13/1760450538.json"
"796964","564300","2025-11-15","28.00","AUD","1760450538","11310/2025-11-15/1760450538.json"
"888490","710035","2025-11-15","28.00","AUD","1760450538","11310/2025-11-15/1760450538.json"
"796964","564300","2025-11-16","28.00","AUD","1760450538","11310/2025-11-16/1760450538.json"
"888490","710035","2025-11-17","28.00","AUD","1760450538","11310/2025-11-17/1760450538.json"
"796964","564300","2025-11-18","28.00","AUD","1760450538","11310/2025-11-18/1760450538.json"
"888490","710035","2025-11-18","28.00","AUD","1760450538","11310/2025-11-18/1760450538.json"
"796964","564300","2025-11-19","28.00","AUD","1760450538","11310/2025-11-19/1760450538.json"
"888490","710035","2025-11-19","28.00","AUD","1760450538","11310/2025-11-19/1760450538.json"
"796964","564300","2025-11-20","28.00","AUD","1760450538","11310/2025-11-20/1760450538.json"
"888490","710035","2025-11-20","28.00","AUD","1760450538","11310/2025-11-20/1760450538.json"
"796964","564300","2025-11-21","28.00","AUD","1760450538","11310/2025-11-21/1760450538.json"
"796964","564300","2025-11-22","28.00","AUD","1760450538","11310/2025-11-22/1760450538.json"
"796964","564300","2025-11-23","28.00","AUD","1760450538","11310/2025-11-23/1760450538.json"
"888490","710035","2025-11-23","28.00","AUD","1760450538","11310/2025-11-23/1760450538.json"
"796964","564300","2025-11-26","28.00","AUD","1760450538","11310/2025-11-26/1760450538.json"
"888490","710035","2025-11-26","28.00","AUD","1760450538","11310/2025-11-26/1760450538.json"
"796964","564300","2025-11-27","28.00","AUD","1760450538","11310/2025-11-27/1760450538.json"
"888490","710035","2025-11-27","28.00","AUD","1760450538","11310/2025-11-27/1760450538.json"
"796964","564300","2025-11-29","28.00","AUD","1760450538","11310/2025-11-29/1760450538.json"
"888490","710035","2025-11-29","28.00","AUD","1760450538","11310/2025-11-29/1760450538.json"
"796964","564300","2025-11-30","28.00","AUD","1760450538","11310/2025-11-30/1760450538.json"
"888490","710035","2025-11-30","28.00","AUD","1760450538","11310/2025-11-30/1760450538.json"
"796964","564300","2025-12-02","28.00","AUD","1760450538","11310/2025-12-02/1760450538.json"
"888490","710035","2025-12-02","28.00","AUD","1760450538","11310/2025-12-02/1760450538.json"
"796964","564300","2025-12-03","28.00","AUD","1760450538","11310/2025-12-03/1760450538.json"
"888490","710035","2025-12-03","28.00","AUD","1760450538","11310/2025-12-03/1760450538.json"
"888490","710035","2025-12-04","28.00","AUD","1760450538","11310/2025-12-04/1760450538.json"
"796964","564300","2025-12-05","28.00","AUD","1760450538","11310/2025-12-05/1760450538.json"
"888490","710035","2025-12-05","28.00","AUD","1760450538","11310/2025-12-05/1760450538.json"
"796964","564300","2025-12-06","28.00","AUD","1760450538","11310/2025-12-06/1760450538.json"
"888490","710035","2025-12-06","28.00","AUD","1760450538","11310/2025-12-06/1760450538.json"
"796964","564300","2025-10-15","26.00","AUD","1760461899","11310/2025-10-15/1760461899.json"
"888490","710035","2025-10-15","26.00","AUD","1760461899","11310/2025-10-15/1760461899.json"
"888490","710035","2025-10-16","26.00","AUD","1760461899","11310/2025-10-16/1760461899.json"
"796964","564300","2025-10-17","26.00","AUD","1760461899","11310/2025-10-17/1760461899.json"
"888490","710035","2025-10-17","26.00","AUD","1760461899","11310/2025-10-17/1760461899.json"
"888490","710035","2025-10-19","26.00","AUD","1760461899","11310/2025-10-19/1760461899.json"
"888490","710035","2025-10-21","26.00","AUD","1760461899","11310/2025-10-21/1760461899.json"
"888490","710035","2025-10-20","26.00","AUD","1760461899","11310/2025-10-20/1760461899.json"
"888490","710035","2025-10-22","26.00","AUD","1760461899","11310/2025-10-22/1760461899.json"
"796964","564300","2025-10-24","26.00","AUD","1760461899","11310/2025-10-24/1760461899.json"
"888490","710035","2025-10-24","26.00","AUD","1760461899","11310/2025-10-24/1760461899.json"
"796964","564300","2025-10-23","26.00","AUD","1760461899","11310/2025-10-23/1760461899.json"
"888490","710035","2025-10-23","26.00","AUD","1760461899","11310/2025-10-23/1760461899.json"
"796964","564300","2025-10-26","26.00","AUD","1760461899","11310/2025-10-26/1760461899.json"
"888490","710035","2025-10-27","26.00","AUD","1760461899","11310/2025-10-27/1760461899.json"
"796964","564300","2025-10-29","26.00","AUD","1760461899","11310/2025-10-29/1760461899.json"
"796964","564300","2025-10-30","26.00","AUD","1760461899","11310/2025-10-30/1760461899.json"
"888490","710035","2025-10-30","26.00","AUD","1760461899","11310/2025-10-30/1760461899.json"
"888490","710035","2025-10-31","26.00","AUD","1760461899","11310/2025-10-31/1760461899.json"
"888490","710035","2025-11-01","26.00","AUD","1760461899","11310/2025-11-01/1760461899.json"
"796964","564300","2025-11-02","26.00","AUD","1760461899","11310/2025-11-02/1760461899.json"
"888490","710035","2025-11-02","26.00","AUD","1760461899","11310/2025-11-02/1760461899.json"
"796964","564300","2025-11-03","26.00","AUD","1760461899","11310/2025-11-03/1760461899.json"
"888490","710035","2025-11-03","26.00","AUD","1760461899","11310/2025-11-03/1760461899.json"
"796964","564300","2025-11-04","26.00","AUD","1760461899","11310/2025-11-04/1760461899.json"
"888490","710035","2025-11-04","26.00","AUD","1760461899","11310/2025-11-04/1760461899.json"
"796964","564300","2025-11-06","26.00","AUD","1760461899","11310/2025-11-06/1760461899.json"
"888490","710035","2025-11-06","26.00","AUD","1760461899","11310/2025-11-06/1760461899.json"
"796964","564300","2025-11-07","26.00","AUD","1760461899","11310/2025-11-07/1760461899.json"
"888490","710035","2025-11-07","26.00","AUD","1760461899","11310/2025-11-07/1760461899.json"
"796964","564300","2025-11-08","26.00","AUD","1760461899","11310/2025-11-08/1760461899.json"
"796964","564300","2025-11-09","26.00","AUD","1760461899","11310/2025-11-09/1760461899.json"
"888490","710035","2025-11-09","26.00","AUD","1760461899","11310/2025-11-09/1760461899.json"
"796964","564300","2025-11-10","26.00","AUD","1760461899","11310/2025-11-10/1760461899.json"
"888490","710035","2025-11-10","26.00","AUD","1760461899","11310/2025-11-10/1760461899.json"
"888490","710035","2025-11-11","26.00","AUD","1760461899","11310/2025-11-11/1760461899.json"
"796964","564300","2025-11-12","26.00","AUD","1760461899","11310/2025-11-12/1760461899.json"
"796964","564300","2025-11-14","28.00","AUD","1760461899","11310/2025-11-14/1760461899.json"
"796964","564300","2025-11-15","28.00","AUD","1760461899","11310/2025-11-15/1760461899.json"
"888490","710035","2025-11-15","28.00","AUD","1760461899","11310/2025-11-15/1760461899.json"
"796964","564300","2025-11-16","28.00","AUD","1760461899","11310/2025-11-16/1760461899.json"
"888490","710035","2025-11-13","28.00","AUD","1760461899","11310/2025-11-13/1760461899.json"
"796964","564300","2025-11-18","28.00","AUD","1760461899","11310/2025-11-18/1760461899.json"
"888490","710035","2025-11-18","28.00","AUD","1760461899","11310/2025-11-18/1760461899.json"
"888490","710035","2025-11-17","28.00","AUD","1760461899","11310/2025-11-17/1760461899.json"
"796964","564300","2025-11-19","28.00","AUD","1760461899","11310/2025-11-19/1760461899.json"
"888490","710035","2025-11-19","28.00","AUD","1760461899","11310/2025-11-19/1760461899.json"
"796964","564300","2025-11-20","28.00","AUD","1760461899","11310/2025-11-20/1760461899.json"
"888490","710035","2025-11-20","28.00","AUD","1760461899","11310/2025-11-20/1760461899.json"
"796964","564300","2025-11-21","28.00","AUD","1760461899","11310/2025-11-21/1760461899.json"
"796964","564300","2025-11-22","28.00","AUD","1760461899","11310/2025-11-22/1760461899.json"
"796964","564300","2025-11-23","28.00","AUD","1760461899","11310/2025-11-23/1760461899.json"
"888490","710035","2025-11-23","28.00","AUD","1760461899","11310/2025-11-23/1760461899.json"
"796964","564300","2025-11-26","28.00","AUD","1760461899","11310/2025-11-26/1760461899.json"
"888490","710035","2025-11-26","28.00","AUD","1760461899","11310/2025-11-26/1760461899.json"
"796964","564300","2025-11-27","28.00","AUD","1760461899","11310/2025-11-27/1760461899.json"
"888490","710035","2025-11-27","28.00","AUD","1760461899","11310/2025-11-27/1760461899.json"
"796964","564300","2025-11-29","28.00","AUD","1760461899","11310/2025-11-29/1760461899.json"
"888490","710035","2025-11-29","28.00","AUD","1760461899","11310/2025-11-29/1760461899.json"
"796964","564300","2025-12-02","28.00","AUD","1760461899","11310/2025-12-02/1760461899.json"
"888490","710035","2025-12-02","28.00","AUD","1760461899","11310/2025-12-02/1760461899.json"
"796964","564300","2025-11-30","28.00","AUD","1760461899","11310/2025-11-30/1760461899.json"
"888490","710035","2025-11-30","28.00","AUD","1760461899","11310/2025-11-30/1760461899.json"
"796964","564300","2025-12-03","28.00","AUD","1760461899","11310/2025-12-03/1760461899.json"
"888490","710035","2025-12-03","28.00","AUD","1760461899","11310/2025-12-03/1760461899.json"
"796964","564300","2025-12-05","28.00","AUD","1760461899","11310/2025-12-05/1760461899.json"
"888490","710035","2025-12-05","28.00","AUD","1760461899","11310/2025-12-05/1760461899.json"
"888490","710035","2025-12-04","28.00","AUD","1760461899","11310/2025-12-04/1760461899.json"
"796964","564300","2025-12-06","28.00","AUD","1760461899","11310/2025-12-06/1760461899.json"
"888490","710035","2025-12-06","28.00","AUD","1760461899","11310/2025-12-06/1760461899.json"
"796964","564300","2025-10-15","26.00","AUD","1760475624","11310/2025-10-15/1760475624.json"
"888490","710035","2025-10-15","26.00","AUD","1760475624","11310/2025-10-15/1760475624.json"
"888490","710035","2025-10-16","26.00","AUD","1760475624","11310/2025-10-16/1760475624.json"
"796964","564300","2025-10-17","26.00","AUD","1760475624","11310/2025-10-17/1760475624.json"
"888490","710035","2025-10-17","26.00","AUD","1760475624","11310/2025-10-17/1760475624.json"
"888490","710035","2025-10-20","26.00","AUD","1760475624","11310/2025-10-20/1760475624.json"
"888490","710035","2025-10-19","26.00","AUD","1760475624","11310/2025-10-19/1760475624.json"
"888490","710035","2025-10-22","26.00","AUD","1760475624","11310/2025-10-22/1760475624.json"
"888490","710035","2025-10-21","26.00","AUD","1760475624","11310/2025-10-21/1760475624.json"
"796964","564300","2025-10-23","26.00","AUD","1760475624","11310/2025-10-23/1760475624.json"
"888490","710035","2025-10-23","26.00","AUD","1760475624","11310/2025-10-23/1760475624.json"
"796964","564300","2025-10-24","26.00","AUD","1760475624","11310/2025-10-24/1760475624.json"
"888490","710035","2025-10-24","26.00","AUD","1760475624","11310/2025-10-24/1760475624.json"
"796964","564300","2025-10-26","26.00","AUD","1760475624","11310/2025-10-26/1760475624.json"
"888490","710035","2025-10-27","26.00","AUD","1760475624","11310/2025-10-27/1760475624.json"
"796964","564300","2025-10-30","26.00","AUD","1760475624","11310/2025-10-30/1760475624.json"
"888490","710035","2025-10-30","26.00","AUD","1760475624","11310/2025-10-30/1760475624.json"
"888490","710035","2025-11-01","26.00","AUD","1760475624","11310/2025-11-01/1760475624.json"
"888490","710035","2025-10-31","26.00","AUD","1760475624","11310/2025-10-31/1760475624.json"
"796964","564300","2025-10-29","26.00","AUD","1760475624","11310/2025-10-29/1760475624.json"
"796964","564300","2025-11-02","26.00","AUD","1760475624","11310/2025-11-02/1760475624.json"
"888490","710035","2025-11-02","26.00","AUD","1760475624","11310/2025-11-02/1760475624.json"
"796964","564300","2025-11-03","26.00","AUD","1760475624","11310/2025-11-03/1760475624.json"
"888490","710035","2025-11-03","26.00","AUD","1760475624","11310/2025-11-03/1760475624.json"
"796964","564300","2025-11-04","26.00","AUD","1760475624","11310/2025-11-04/1760475624.json"
"888490","710035","2025-11-04","26.00","AUD","1760475624","11310/2025-11-04/1760475624.json"
"796964","564300","2025-11-07","26.00","AUD","1760475624","11310/2025-11-07/1760475624.json"
"888490","710035","2025-11-07","26.00","AUD","1760475624","11310/2025-11-07/1760475624.json"
"796964","564300","2025-11-06","26.00","AUD","1760475624","11310/2025-11-06/1760475624.json"
"888490","710035","2025-11-06","26.00","AUD","1760475624","11310/2025-11-06/1760475624.json"
"796964","564300","2025-11-08","26.00","AUD","1760475624","11310/2025-11-08/1760475624.json"
"796964","564300","2025-11-09","26.00","AUD","1760475624","11310/2025-11-09/1760475624.json"
"888490","710035","2025-11-09","26.00","AUD","1760475624","11310/2025-11-09/1760475624.json"
"796964","564300","2025-11-10","26.00","AUD","1760475624","11310/2025-11-10/1760475624.json"
"888490","710035","2025-11-10","26.00","AUD","1760475624","11310/2025-11-10/1760475624.json"
"888490","710035","2025-11-11","26.00","AUD","1760475624","11310/2025-11-11/1760475624.json"
"796964","564300","2025-11-12","26.00","AUD","1760475624","11310/2025-11-12/1760475624.json"
"888490","710035","2025-11-13","28.00","AUD","1760475624","11310/2025-11-13/1760475624.json"
"796964","564300","2025-11-14","28.00","AUD","1760475624","11310/2025-11-14/1760475624.json"
"796964","564300","2025-11-15","28.00","AUD","1760475624","11310/2025-11-15/1760475624.json"
"888490","710035","2025-11-15","28.00","AUD","1760475624","11310/2025-11-15/1760475624.json"
"796964","564300","2025-11-16","28.00","AUD","1760475624","11310/2025-11-16/1760475624.json"
"888490","710035","2025-11-17","28.00","AUD","1760475624","11310/2025-11-17/1760475624.json"
"796964","564300","2025-11-19","28.00","AUD","1760475624","11310/2025-11-19/1760475624.json"
"888490","710035","2025-11-19","28.00","AUD","1760475624","11310/2025-11-19/1760475624.json"
"796964","564300","2025-11-21","28.00","AUD","1760475624","11310/2025-11-21/1760475624.json"
"796964","564300","2025-11-20","28.00","AUD","1760475624","11310/2025-11-20/1760475624.json"
"888490","710035","2025-11-20","28.00","AUD","1760475624","11310/2025-11-20/1760475624.json"
"796964","564300","2025-11-18","28.00","AUD","1760475624","11310/2025-11-18/1760475624.json"
"888490","710035","2025-11-18","28.00","AUD","1760475624","11310/2025-11-18/1760475624.json"
"796964","564300","2025-11-22","28.00","AUD","1760475624","11310/2025-11-22/1760475624.json"
"796964","564300","2025-11-23","28.00","AUD","1760475624","11310/2025-11-23/1760475624.json"
"888490","710035","2025-11-23","28.00","AUD","1760475624","11310/2025-11-23/1760475624.json"
"796964","564300","2025-11-26","28.00","AUD","1760475624","11310/2025-11-26/1760475624.json"
"888490","710035","2025-11-26","28.00","AUD","1760475624","11310/2025-11-26/1760475624.json"
"796964","564300","2025-11-27","28.00","AUD","1760475624","11310/2025-11-27/1760475624.json"
"888490","710035","2025-11-27","28.00","AUD","1760475624","11310/2025-11-27/1760475624.json"
"796964","564300","2025-11-29","28.00","AUD","1760475624","11310/2025-11-29/1760475624.json"
"888490","710035","2025-11-29","28.00","AUD","1760475624","11310/2025-11-29/1760475624.json"
"796964","564300","2025-11-30","28.00","AUD","1760475624","11310/2025-11-30/1760475624.json"
"888490","710035","2025-11-30","28.00","AUD","1760475624","11310/2025-11-30/1760475624.json"
"796964","564300","2025-12-02","28.00","AUD","1760475624","11310/2025-12-02/1760475624.json"
"888490","710035","2025-12-02","28.00","AUD","1760475624","11310/2025-12-02/1760475624.json"
"796964","564300","2025-12-03","28.00","AUD","1760475624","11310/2025-12-03/1760475624.json"
"888490","710035","2025-12-03","28.00","AUD","1760475624","11310/2025-12-03/1760475624.json"
"888490","710035","2025-12-04","28.00","AUD","1760475624","11310/2025-12-04/1760475624.json"
"796964","564300","2025-12-05","28.00","AUD","1760475624","11310/2025-12-05/1760475624.json"
"888490","710035","2025-12-05","28.00","AUD","1760475624","11310/2025-12-05/1760475624.json"
"796964","564300","2025-12-06","28.00","AUD","1760475624","11310/2025-12-06/1760475624.json"
"888490","710035","2025-12-06","28.00","AUD","1760475624","11310/2025-12-06/1760475624.json"
"888490","710035","2025-10-16","26.00","AUD","1760499390","11310/2025-10-16/1760499390.json"
"796964","564300","2025-10-17","26.00","AUD","1760499390","11310/2025-10-17/1760499390.json"
"888490","710035","2025-10-17","26.00","AUD","1760499390","11310/2025-10-17/1760499390.json"
"888490","710035","2025-10-20","26.00","AUD","1760499390","11310/2025-10-20/1760499390.json"
"888490","710035","2025-10-21","26.00","AUD","1760499390","11310/2025-10-21/1760499390.json"
"796964","564300","2025-10-19","26.00","AUD","1760499390","11310/2025-10-19/1760499390.json"
"888490","710035","2025-10-19","26.00","AUD","1760499390","11310/2025-10-19/1760499390.json"
"796964","564300","2025-10-18","26.00","AUD","1760499390","11310/2025-10-18/1760499390.json"
"888490","710035","2025-10-18","26.00","AUD","1760499390","11310/2025-10-18/1760499390.json"
"888490","710035","2025-10-22","26.00","AUD","1760499390","11310/2025-10-22/1760499390.json"
"796964","564300","2025-10-23","26.00","AUD","1760499390","11310/2025-10-23/1760499390.json"
"888490","710035","2025-10-23","26.00","AUD","1760499390","11310/2025-10-23/1760499390.json"
"796964","564300","2025-10-24","26.00","AUD","1760499390","11310/2025-10-24/1760499390.json"
"888490","710035","2025-10-24","26.00","AUD","1760499390","11310/2025-10-24/1760499390.json"
"796964","564300","2025-10-26","26.00","AUD","1760499390","11310/2025-10-26/1760499390.json"
"888490","710035","2025-10-27","26.00","AUD","1760499390","11310/2025-10-27/1760499390.json"
"796964","564300","2025-10-29","26.00","AUD","1760499390","11310/2025-10-29/1760499390.json"
"796964","564300","2025-10-30","26.00","AUD","1760499390","11310/2025-10-30/1760499390.json"
"888490","710035","2025-10-30","26.00","AUD","1760499390","11310/2025-10-30/1760499390.json"
"888490","710035","2025-10-31","26.00","AUD","1760499390","11310/2025-10-31/1760499390.json"
"888490","710035","2025-11-01","26.00","AUD","1760499390","11310/2025-11-01/1760499390.json"
"796964","564300","2025-11-02","26.00","AUD","1760499390","11310/2025-11-02/1760499390.json"
"888490","710035","2025-11-02","26.00","AUD","1760499390","11310/2025-11-02/1760499390.json"
"796964","564300","2025-11-03","26.00","AUD","1760499390","11310/2025-11-03/1760499390.json"
"796964","564300","2025-11-04","26.00","AUD","1760499390","11310/2025-11-04/1760499390.json"
"888490","710035","2025-11-03","26.00","AUD","1760499390","11310/2025-11-03/1760499390.json"
"888490","710035","2025-11-04","26.00","AUD","1760499390","11310/2025-11-04/1760499390.json"
"796964","564300","2025-11-07","26.00","AUD","1760499390","11310/2025-11-07/1760499390.json"
"888490","710035","2025-11-07","26.00","AUD","1760499390","11310/2025-11-07/1760499390.json"
"796964","564300","2025-11-06","26.00","AUD","1760499390","11310/2025-11-06/1760499390.json"
"888490","710035","2025-11-06","26.00","AUD","1760499390","11310/2025-11-06/1760499390.json"
"796964","564300","2025-11-08","26.00","AUD","1760499390","11310/2025-11-08/1760499390.json"
"796964","564300","2025-11-09","26.00","AUD","1760499390","11310/2025-11-09/1760499390.json"
"888490","710035","2025-11-09","26.00","AUD","1760499390","11310/2025-11-09/1760499390.json"
"796964","564300","2025-11-10","26.00","AUD","1760499390","11310/2025-11-10/1760499390.json"
"888490","710035","2025-11-10","26.00","AUD","1760499390","11310/2025-11-10/1760499390.json"
"796964","564300","2025-11-12","26.00","AUD","1760499390","11310/2025-11-12/1760499390.json"
"888490","710035","2025-11-11","26.00","AUD","1760499390","11310/2025-11-11/1760499390.json"
"888490","710035","2025-11-13","28.00","AUD","1760499390","11310/2025-11-13/1760499390.json"
"796964","564300","2025-11-14","28.00","AUD","1760499390","11310/2025-11-14/1760499390.json"
"796964","564300","2025-11-16","28.00","AUD","1760499390","11310/2025-11-16/1760499390.json"
"796964","564300","2025-11-15","28.00","AUD","1760499390","11310/2025-11-15/1760499390.json"
"888490","710035","2025-11-15","28.00","AUD","1760499390","11310/2025-11-15/1760499390.json"
"888490","710035","2025-11-17","28.00","AUD","1760499390","11310/2025-11-17/1760499390.json"
"796964","564300","2025-11-18","28.00","AUD","1760499390","11310/2025-11-18/1760499390.json"
"888490","710035","2025-11-18","28.00","AUD","1760499390","11310/2025-11-18/1760499390.json"
"796964","564300","2025-11-19","28.00","AUD","1760499390","11310/2025-11-19/1760499390.json"
"888490","710035","2025-11-19","28.00","AUD","1760499390","11310/2025-11-19/1760499390.json"
"796964","564300","2025-11-21","28.00","AUD","1760499390","11310/2025-11-21/1760499390.json"
"796964","564300","2025-11-20","28.00","AUD","1760499390","11310/2025-11-20/1760499390.json"
"888490","710035","2025-11-20","28.00","AUD","1760499390","11310/2025-11-20/1760499390.json"
"796964","564300","2025-11-22","28.00","AUD","1760499390","11310/2025-11-22/1760499390.json"
"796964","564300","2025-11-23","28.00","AUD","1760499390","11310/2025-11-23/1760499390.json"
"888490","710035","2025-11-23","28.00","AUD","1760499390","11310/2025-11-23/1760499390.json"
"796964","564300","2025-11-26","28.00","AUD","1760499390","11310/2025-11-26/1760499390.json"
"888490","710035","2025-11-26","28.00","AUD","1760499390","11310/2025-11-26/1760499390.json"
"796964","564300","2025-11-27","28.00","AUD","1760499390","11310/2025-11-27/1760499390.json"
"888490","710035","2025-11-27","28.00","AUD","1760499390","11310/2025-11-27/1760499390.json"
"796964","564300","2025-11-29","28.00","AUD","1760499390","11310/2025-11-29/1760499390.json"
"888490","710035","2025-11-29","28.00","AUD","1760499390","11310/2025-11-29/1760499390.json"
"796964","564300","2025-11-30","28.00","AUD","1760499390","11310/2025-11-30/1760499390.json"
"888490","710035","2025-11-30","28.00","AUD","1760499390","11310/2025-11-30/1760499390.json"
"796964","564300","2025-12-02","28.00","AUD","1760499390","11310/2025-12-02/1760499390.json"
"888490","710035","2025-12-02","28.00","AUD","1760499390","11310/2025-12-02/1760499390.json"
"796964","564300","2025-12-03","28.00","AUD","1760499390","11310/2025-12-03/1760499390.json"
"888490","710035","2025-12-03","28.00","AUD","1760499390","11310/2025-12-03/1760499390.json"
"888490","710035","2025-12-04","28.00","AUD","1760499390","11310/2025-12-04/1760499390.json"
"796964","564300","2025-12-05","28.00","AUD","1760499390","11310/2025-12-05/1760499390.json"
"888490","710035","2025-12-05","28.00","AUD","1760499390","11310/2025-12-05/1760499390.json"
"796964","564300","2025-12-06","28.00","AUD","1760499390","11310/2025-12-06/1760499390.json"
"888490","710035","2025-12-06","28.00","AUD","1760499390","11310/2025-12-06/1760499390.json"
"888490","710035","2025-10-16","26.00","AUD","1760504685","11310/2025-10-16/1760504685.json"
"796964","564300","2025-10-18","26.00","AUD","1760504685","11310/2025-10-18/1760504685.json"
"888490","710035","2025-10-18","26.00","AUD","1760504685","11310/2025-10-18/1760504685.json"
"796964","564300","2025-10-17","26.00","AUD","1760504685","11310/2025-10-17/1760504685.json"
"888490","710035","2025-10-17","26.00","AUD","1760504685","11310/2025-10-17/1760504685.json"
"888490","710035","2025-10-20","26.00","AUD","1760504685","11310/2025-10-20/1760504685.json"
"888490","710035","2025-10-21","26.00","AUD","1760504685","11310/2025-10-21/1760504685.json"
"796964","564300","2025-10-19","26.00","AUD","1760504685","11310/2025-10-19/1760504685.json"
"888490","710035","2025-10-19","26.00","AUD","1760504685","11310/2025-10-19/1760504685.json"
"888490","710035","2025-10-22","26.00","AUD","1760504685","11310/2025-10-22/1760504685.json"
"796964","564300","2025-10-23","26.00","AUD","1760504685","11310/2025-10-23/1760504685.json"
"888490","710035","2025-10-23","26.00","AUD","1760504685","11310/2025-10-23/1760504685.json"
"796964","564300","2025-10-24","26.00","AUD","1760504685","11310/2025-10-24/1760504685.json"
"888490","710035","2025-10-24","26.00","AUD","1760504685","11310/2025-10-24/1760504685.json"
"888490","710035","2025-10-27","26.00","AUD","1760504685","11310/2025-10-27/1760504685.json"
"796964","564300","2025-10-29","26.00","AUD","1760504685","11310/2025-10-29/1760504685.json"
"796964","564300","2025-10-26","26.00","AUD","1760504685","11310/2025-10-26/1760504685.json"
"796964","564300","2025-10-30","26.00","AUD","1760504685","11310/2025-10-30/1760504685.json"
"888490","710035","2025-10-30","26.00","AUD","1760504685","11310/2025-10-30/1760504685.json"
"888490","710035","2025-10-31","26.00","AUD","1760504685","11310/2025-10-31/1760504685.json"
"888490","710035","2025-11-01","26.00","AUD","1760504685","11310/2025-11-01/1760504685.json"
"796964","564300","2025-11-02","26.00","AUD","1760504685","11310/2025-11-02/1760504685.json"
"888490","710035","2025-11-02","26.00","AUD","1760504685","11310/2025-11-02/1760504685.json"
"796964","564300","2025-11-03","26.00","AUD","1760504685","11310/2025-11-03/1760504685.json"
"888490","710035","2025-11-03","26.00","AUD","1760504685","11310/2025-11-03/1760504685.json"
"796964","564300","2025-11-04","26.00","AUD","1760504685","11310/2025-11-04/1760504685.json"
"888490","710035","2025-11-04","26.00","AUD","1760504685","11310/2025-11-04/1760504685.json"
"796964","564300","2025-11-06","26.00","AUD","1760504685","11310/2025-11-06/1760504685.json"
"888490","710035","2025-11-06","26.00","AUD","1760504685","11310/2025-11-06/1760504685.json"
"796964","564300","2025-11-08","26.00","AUD","1760504685","11310/2025-11-08/1760504685.json"
"796964","564300","2025-11-09","26.00","AUD","1760504685","11310/2025-11-09/1760504685.json"
"888490","710035","2025-11-09","26.00","AUD","1760504685","11310/2025-11-09/1760504685.json"
"796964","564300","2025-11-10","26.00","AUD","1760504685","11310/2025-11-10/1760504685.json"
"888490","710035","2025-11-10","26.00","AUD","1760504685","11310/2025-11-10/1760504685.json"
"796964","564300","2025-11-12","26.00","AUD","1760504685","11310/2025-11-12/1760504685.json"
"888490","710035","2025-11-13","28.00","AUD","1760504685","11310/2025-11-13/1760504685.json"
"888490","710035","2025-11-11","26.00","AUD","1760504685","11310/2025-11-11/1760504685.json"
"796964","564300","2025-11-07","26.00","AUD","1760504685","11310/2025-11-07/1760504685.json"
"888490","710035","2025-11-07","26.00","AUD","1760504685","11310/2025-11-07/1760504685.json"
"796964","564300","2025-11-14","28.00","AUD","1760504685","11310/2025-11-14/1760504685.json"
"796964","564300","2025-11-15","28.00","AUD","1760504685","11310/2025-11-15/1760504685.json"
"888490","710035","2025-11-15","28.00","AUD","1760504685","11310/2025-11-15/1760504685.json"
"796964","564300","2025-11-16","28.00","AUD","1760504685","11310/2025-11-16/1760504685.json"
"888490","710035","2025-11-17","28.00","AUD","1760504685","11310/2025-11-17/1760504685.json"
"796964","564300","2025-11-18","28.00","AUD","1760504685","11310/2025-11-18/1760504685.json"
"888490","710035","2025-11-18","28.00","AUD","1760504685","11310/2025-11-18/1760504685.json"
"796964","564300","2025-11-19","28.00","AUD","1760504685","11310/2025-11-19/1760504685.json"
"888490","710035","2025-11-19","28.00","AUD","1760504685","11310/2025-11-19/1760504685.json"
"796964","564300","2025-11-20","28.00","AUD","1760504685","11310/2025-11-20/1760504685.json"
"888490","710035","2025-11-20","28.00","AUD","1760504685","11310/2025-11-20/1760504685.json"
"796964","564300","2025-11-21","28.00","AUD","1760504685","11310/2025-11-21/1760504685.json"
"796964","564300","2025-11-22","28.00","AUD","1760504685","11310/2025-11-22/1760504685.json"
"796964","564300","2025-11-23","28.00","AUD","1760504685","11310/2025-11-23/1760504685.json"
"888490","710035","2025-11-23","28.00","AUD","1760504685","11310/2025-11-23/1760504685.json"
"796964","564300","2025-11-26","28.00","AUD","1760504685","11310/2025-11-26/1760504685.json"
"888490","710035","2025-11-26","28.00","AUD","1760504685","11310/2025-11-26/1760504685.json"
"796964","564300","2025-11-27","28.00","AUD","1760504685","11310/2025-11-27/1760504685.json"
"888490","710035","2025-11-27","28.00","AUD","1760504685","11310/2025-11-27/1760504685.json"
"796964","564300","2025-11-29","28.00","AUD","1760504685","11310/2025-11-29/1760504685.json"
"888490","710035","2025-11-29","28.00","AUD","1760504685","11310/2025-11-29/1760504685.json"
"796964","564300","2025-11-30","28.00","AUD","1760504685","11310/2025-11-30/1760504685.json"
"888490","710035","2025-11-30","28.00","AUD","1760504685","11310/2025-11-30/1760504685.json"
"796964","564300","2025-12-02","28.00","AUD","1760504685","11310/2025-12-02/1760504685.json"
"888490","710035","2025-12-02","28.00","AUD","1760504685","11310/2025-12-02/1760504685.json"
"796964","564300","2025-12-03","28.00","AUD","1760504685","11310/2025-12-03/1760504685.json"
"888490","710035","2025-12-03","28.00","AUD","1760504685","11310/2025-12-03/1760504685.json"
"888490","710035","2025-12-04","28.00","AUD","1760504685","11310/2025-12-04/1760504685.json"
"796964","564300","2025-12-05","28.00","AUD","1760504685","11310/2025-12-05/1760504685.json"
"888490","710035","2025-12-05","28.00","AUD","1760504685","11310/2025-12-05/1760504685.json"
"796964","564300","2025-12-06","28.00","AUD","1760504685","11310/2025-12-06/1760504685.json"
"888490","710035","2025-12-06","28.00","AUD","1760504685","11310/2025-12-06/1760504685.json"
"796964","564300","2025-10-17","26.00","AUD","1760519785","11310/2025-10-17/1760519785.json"
"888490","710035","2025-10-17","26.00","AUD","1760519785","11310/2025-10-17/1760519785.json"
"796964","564300","2025-10-18","26.00","AUD","1760519785","11310/2025-10-18/1760519785.json"
"888490","710035","2025-10-18","26.00","AUD","1760519785","11310/2025-10-18/1760519785.json"
"888490","710035","2025-10-16","26.00","AUD","1760519785","11310/2025-10-16/1760519785.json"
"888490","710035","2025-10-21","26.00","AUD","1760519785","11310/2025-10-21/1760519785.json"
"888490","710035","2025-10-20","26.00","AUD","1760519785","11310/2025-10-20/1760519785.json"
"888490","710035","2025-10-22","26.00","AUD","1760519785","11310/2025-10-22/1760519785.json"
"796964","564300","2025-10-19","26.00","AUD","1760519785","11310/2025-10-19/1760519785.json"
"888490","710035","2025-10-19","26.00","AUD","1760519785","11310/2025-10-19/1760519785.json"
"796964","564300","2025-10-23","26.00","AUD","1760519785","11310/2025-10-23/1760519785.json"
"888490","710035","2025-10-23","26.00","AUD","1760519785","11310/2025-10-23/1760519785.json"
"796964","564300","2025-10-24","26.00","AUD","1760519785","11310/2025-10-24/1760519785.json"
"888490","710035","2025-10-24","26.00","AUD","1760519785","11310/2025-10-24/1760519785.json"
"796964","564300","2025-10-26","26.00","AUD","1760519785","11310/2025-10-26/1760519785.json"
"888490","710035","2025-10-27","26.00","AUD","1760519785","11310/2025-10-27/1760519785.json"
"796964","564300","2025-10-29","26.00","AUD","1760519785","11310/2025-10-29/1760519785.json"
"796964","564300","2025-10-30","26.00","AUD","1760519785","11310/2025-10-30/1760519785.json"
"888490","710035","2025-10-30","26.00","AUD","1760519785","11310/2025-10-30/1760519785.json"
"888490","710035","2025-10-31","26.00","AUD","1760519785","11310/2025-10-31/1760519785.json"
"888490","710035","2025-11-01","26.00","AUD","1760519785","11310/2025-11-01/1760519785.json"
"796964","564300","2025-11-02","26.00","AUD","1760519785","11310/2025-11-02/1760519785.json"
"888490","710035","2025-11-02","26.00","AUD","1760519785","11310/2025-11-02/1760519785.json"
"796964","564300","2025-11-03","26.00","AUD","1760519785","11310/2025-11-03/1760519785.json"
"888490","710035","2025-11-03","26.00","AUD","1760519785","11310/2025-11-03/1760519785.json"
"796964","564300","2025-11-04","26.00","AUD","1760519785","11310/2025-11-04/1760519785.json"
"888490","710035","2025-11-04","26.00","AUD","1760519785","11310/2025-11-04/1760519785.json"
"796964","564300","2025-11-06","26.00","AUD","1760519785","11310/2025-11-06/1760519785.json"
"888490","710035","2025-11-06","26.00","AUD","1760519785","11310/2025-11-06/1760519785.json"
"796964","564300","2025-11-07","26.00","AUD","1760519785","11310/2025-11-07/1760519785.json"
"888490","710035","2025-11-07","26.00","AUD","1760519785","11310/2025-11-07/1760519785.json"
"796964","564300","2025-11-08","26.00","AUD","1760519785","11310/2025-11-08/1760519785.json"
"796964","564300","2025-11-09","26.00","AUD","1760519785","11310/2025-11-09/1760519785.json"
"888490","710035","2025-11-09","26.00","AUD","1760519785","11310/2025-11-09/1760519785.json"
"796964","564300","2025-11-10","26.00","AUD","1760519785","11310/2025-11-10/1760519785.json"
"888490","710035","2025-11-10","26.00","AUD","1760519785","11310/2025-11-10/1760519785.json"
"888490","710035","2025-11-11","26.00","AUD","1760519785","11310/2025-11-11/1760519785.json"
"796964","564300","2025-11-12","26.00","AUD","1760519785","11310/2025-11-12/1760519785.json"
"888490","710035","2025-11-13","28.00","AUD","1760519785","11310/2025-11-13/1760519785.json"
"796964","564300","2025-11-14","28.00","AUD","1760519785","11310/2025-11-14/1760519785.json"
"796964","564300","2025-11-16","28.00","AUD","1760519785","11310/2025-11-16/1760519785.json"
"796964","564300","2025-11-15","28.00","AUD","1760519785","11310/2025-11-15/1760519785.json"
"888490","710035","2025-11-15","28.00","AUD","1760519785","11310/2025-11-15/1760519785.json"
"888490","710035","2025-11-17","28.00","AUD","1760519785","11310/2025-11-17/1760519785.json"
"796964","564300","2025-11-18","28.00","AUD","1760519785","11310/2025-11-18/1760519785.json"
"888490","710035","2025-11-18","28.00","AUD","1760519785","11310/2025-11-18/1760519785.json"
"796964","564300","2025-11-20","28.00","AUD","1760519785","11310/2025-11-20/1760519785.json"
"888490","710035","2025-11-20","28.00","AUD","1760519785","11310/2025-11-20/1760519785.json"
"796964","564300","2025-11-19","28.00","AUD","1760519785","11310/2025-11-19/1760519785.json"
"888490","710035","2025-11-19","28.00","AUD","1760519785","11310/2025-11-19/1760519785.json"
"796964","564300","2025-11-21","28.00","AUD","1760519785","11310/2025-11-21/1760519785.json"
"796964","564300","2025-11-23","28.00","AUD","1760519785","11310/2025-11-23/1760519785.json"
"888490","710035","2025-11-23","28.00","AUD","1760519785","11310/2025-11-23/1760519785.json"
"796964","564300","2025-11-22","28.00","AUD","1760519785","11310/2025-11-22/1760519785.json"
"796964","564300","2025-11-26","28.00","AUD","1760519785","11310/2025-11-26/1760519785.json"
"888490","710035","2025-11-26","28.00","AUD","1760519785","11310/2025-11-26/1760519785.json"
"796964","564300","2025-11-27","28.00","AUD","1760519785","11310/2025-11-27/1760519785.json"
"888490","710035","2025-11-27","28.00","AUD","1760519785","11310/2025-11-27/1760519785.json"
"796964","564300","2025-11-29","28.00","AUD","1760519785","11310/2025-11-29/1760519785.json"
"888490","710035","2025-11-29","28.00","AUD","1760519785","11310/2025-11-29/1760519785.json"
"796964","564300","2025-11-30","28.00","AUD","1760519785","11310/2025-11-30/1760519785.json"
"888490","710035","2025-11-30","28.00","AUD","1760519785","11310/2025-11-30/1760519785.json"
"796964","564300","2025-12-03","28.00","AUD","1760519785","11310/2025-12-03/1760519785.json"
"888490","710035","2025-12-03","28.00","AUD","1760519785","11310/2025-12-03/1760519785.json"
"796964","564300","2025-12-02","28.00","AUD","1760519785","11310/2025-12-02/1760519785.json"
"888490","710035","2025-12-02","28.00","AUD","1760519785","11310/2025-12-02/1760519785.json"
"888490","710035","2025-12-04","28.00","AUD","1760519785","11310/2025-12-04/1760519785.json"
"796964","564300","2025-12-05","28.00","AUD","1760519785","11310/2025-12-05/1760519785.json"
"888490","710035","2025-12-05","28.00","AUD","1760519785","11310/2025-12-05/1760519785.json"
"796964","564300","2025-12-06","28.00","AUD","1760519785","11310/2025-12-06/1760519785.json"
"888490","710035","2025-12-06","28.00","AUD","1760519785","11310/2025-12-06/1760519785.json"
"888490","710035","2025-10-16","26.00","AUD","1760537297","11310/2025-10-16/1760537297.json"
"796964","564300","2025-10-17","26.00","AUD","1760537297","11310/2025-10-17/1760537297.json"
"888490","710035","2025-10-17","26.00","AUD","1760537297","11310/2025-10-17/1760537297.json"
"796964","564300","2025-10-18","26.00","AUD","1760537297","11310/2025-10-18/1760537297.json"
"888490","710035","2025-10-18","26.00","AUD","1760537297","11310/2025-10-18/1760537297.json"
"796964","564300","2025-10-19","26.00","AUD","1760537297","11310/2025-10-19/1760537297.json"
"888490","710035","2025-10-19","26.00","AUD","1760537297","11310/2025-10-19/1760537297.json"
"888490","710035","2025-10-21","26.00","AUD","1760537297","11310/2025-10-21/1760537297.json"
"888490","710035","2025-10-20","26.00","AUD","1760537297","11310/2025-10-20/1760537297.json"
"888490","710035","2025-10-22","26.00","AUD","1760537297","11310/2025-10-22/1760537297.json"
"796964","564300","2025-10-23","26.00","AUD","1760537297","11310/2025-10-23/1760537297.json"
"888490","710035","2025-10-23","26.00","AUD","1760537297","11310/2025-10-23/1760537297.json"
"796964","564300","2025-10-24","26.00","AUD","1760537297","11310/2025-10-24/1760537297.json"
"888490","710035","2025-10-24","26.00","AUD","1760537297","11310/2025-10-24/1760537297.json"
"888490","710035","2025-10-27","26.00","AUD","1760537297","11310/2025-10-27/1760537297.json"
"796964","564300","2025-10-26","26.00","AUD","1760537297","11310/2025-10-26/1760537297.json"
"796964","564300","2025-10-29","26.00","AUD","1760537297","11310/2025-10-29/1760537297.json"
"796964","564300","2025-10-30","26.00","AUD","1760537297","11310/2025-10-30/1760537297.json"
"888490","710035","2025-10-30","26.00","AUD","1760537297","11310/2025-10-30/1760537297.json"
"888490","710035","2025-10-31","26.00","AUD","1760537297","11310/2025-10-31/1760537297.json"
"796964","564300","2025-11-03","26.00","AUD","1760537297","11310/2025-11-03/1760537297.json"
"888490","710035","2025-11-03","26.00","AUD","1760537297","11310/2025-11-03/1760537297.json"
"796964","564300","2025-11-02","26.00","AUD","1760537297","11310/2025-11-02/1760537297.json"
"888490","710035","2025-11-02","26.00","AUD","1760537297","11310/2025-11-02/1760537297.json"
"796964","564300","2025-11-04","26.00","AUD","1760537297","11310/2025-11-04/1760537297.json"
"888490","710035","2025-11-04","26.00","AUD","1760537297","11310/2025-11-04/1760537297.json"
"888490","710035","2025-11-01","26.00","AUD","1760537297","11310/2025-11-01/1760537297.json"
"796964","564300","2025-11-08","26.00","AUD","1760537297","11310/2025-11-08/1760537297.json"
"796964","564300","2025-11-07","26.00","AUD","1760537297","11310/2025-11-07/1760537297.json"
"888490","710035","2025-11-07","26.00","AUD","1760537297","11310/2025-11-07/1760537297.json"
"796964","564300","2025-11-06","26.00","AUD","1760537297","11310/2025-11-06/1760537297.json"
"888490","710035","2025-11-06","26.00","AUD","1760537297","11310/2025-11-06/1760537297.json"
"796964","564300","2025-11-09","26.00","AUD","1760537297","11310/2025-11-09/1760537297.json"
"888490","710035","2025-11-09","26.00","AUD","1760537297","11310/2025-11-09/1760537297.json"
"888490","710035","2025-11-11","26.00","AUD","1760537297","11310/2025-11-11/1760537297.json"
"796964","564300","2025-11-12","26.00","AUD","1760537297","11310/2025-11-12/1760537297.json"
"796964","564300","2025-11-10","26.00","AUD","1760537297","11310/2025-11-10/1760537297.json"
"888490","710035","2025-11-10","26.00","AUD","1760537297","11310/2025-11-10/1760537297.json"
"888490","710035","2025-11-13","28.00","AUD","1760537297","11310/2025-11-13/1760537297.json"
"796964","564300","2025-11-16","28.00","AUD","1760537297","11310/2025-11-16/1760537297.json"
"796964","564300","2025-11-15","28.00","AUD","1760537297","11310/2025-11-15/1760537297.json"
"888490","710035","2025-11-15","28.00","AUD","1760537297","11310/2025-11-15/1760537297.json"
"796964","564300","2025-11-14","28.00","AUD","1760537297","11310/2025-11-14/1760537297.json"
"796964","564300","2025-11-18","28.00","AUD","1760537297","11310/2025-11-18/1760537297.json"
"888490","710035","2025-11-18","28.00","AUD","1760537297","11310/2025-11-18/1760537297.json"
"888490","710035","2025-11-17","28.00","AUD","1760537297","11310/2025-11-17/1760537297.json"
"796964","564300","2025-11-20","28.00","AUD","1760537297","11310/2025-11-20/1760537297.json"
"888490","710035","2025-11-20","28.00","AUD","1760537297","11310/2025-11-20/1760537297.json"
"796964","564300","2025-11-19","28.00","AUD","1760537297","11310/2025-11-19/1760537297.json"
"888490","710035","2025-11-19","28.00","AUD","1760537297","11310/2025-11-19/1760537297.json"
"796964","564300","2025-11-21","28.00","AUD","1760537297","11310/2025-11-21/1760537297.json"
"796964","564300","2025-11-22","28.00","AUD","1760537297","11310/2025-11-22/1760537297.json"
"796964","564300","2025-11-23","28.00","AUD","1760537297","11310/2025-11-23/1760537297.json"
"888490","710035","2025-11-23","28.00","AUD","1760537297","11310/2025-11-23/1760537297.json"
"796964","564300","2025-11-26","28.00","AUD","1760537297","11310/2025-11-26/1760537297.json"
"888490","710035","2025-11-26","28.00","AUD","1760537297","11310/2025-11-26/1760537297.json"
"796964","564300","2025-11-27","28.00","AUD","1760537297","11310/2025-11-27/1760537297.json"
"888490","710035","2025-11-27","28.00","AUD","1760537297","11310/2025-11-27/1760537297.json"
"796964","564300","2025-11-29","28.00","AUD","1760537297","11310/2025-11-29/1760537297.json"
"888490","710035","2025-11-29","28.00","AUD","1760537297","11310/2025-11-29/1760537297.json"
"796964","564300","2025-11-30","28.00","AUD","1760537297","11310/2025-11-30/1760537297.json"
"888490","710035","2025-11-30","28.00","AUD","1760537297","11310/2025-11-30/1760537297.json"
"796964","564300","2025-12-02","28.00","AUD","1760537297","11310/2025-12-02/1760537297.json"
"888490","710035","2025-12-02","28.00","AUD","1760537297","11310/2025-12-02/1760537297.json"
"888490","710035","2025-12-04","28.00","AUD","1760537297","11310/2025-12-04/1760537297.json"
"796964","564300","2025-12-03","28.00","AUD","1760537297","11310/2025-12-03/1760537297.json"
"888490","710035","2025-12-03","28.00","AUD","1760537297","11310/2025-12-03/1760537297.json"
"796964","564300","2025-12-05","28.00","AUD","1760537297","11310/2025-12-05/1760537297.json"
"888490","710035","2025-12-05","28.00","AUD","1760537297","11310/2025-12-05/1760537297.json"
"796964","564300","2025-12-06","28.00","AUD","1760537297","11310/2025-12-06/1760537297.json"
"888490","710035","2025-12-06","28.00","AUD","1760537297","11310/2025-12-06/1760537297.json"
"796964","564300","2025-10-18","26.00","AUD","1760548220","11310/2025-10-18/1760548220.json"
"888490","710035","2025-10-16","26.00","AUD","1760548220","11310/2025-10-16/1760548220.json"
"796964","564300","2025-10-17","26.00","AUD","1760548220","11310/2025-10-17/1760548220.json"
"888490","710035","2025-10-17","26.00","AUD","1760548220","11310/2025-10-17/1760548220.json"
"796964","564300","2025-10-19","26.00","AUD","1760548220","11310/2025-10-19/1760548220.json"
"796964","564300","2025-10-23","26.00","AUD","1760548220","11310/2025-10-23/1760548220.json"
"796964","564300","2025-10-24","26.00","AUD","1760548220","11310/2025-10-24/1760548220.json"
"888490","710035","2025-10-24","26.00","AUD","1760548220","11310/2025-10-24/1760548220.json"
"796964","564300","2025-10-26","26.00","AUD","1760548220","11310/2025-10-26/1760548220.json"
"888490","710035","2025-10-27","26.00","AUD","1760548220","11310/2025-10-27/1760548220.json"
"796964","564300","2025-10-29","26.00","AUD","1760548220","11310/2025-10-29/1760548220.json"
"888490","710035","2025-10-31","26.00","AUD","1760548220","11310/2025-10-31/1760548220.json"
"796964","564300","2025-10-30","26.00","AUD","1760548220","11310/2025-10-30/1760548220.json"
"888490","710035","2025-10-30","26.00","AUD","1760548220","11310/2025-10-30/1760548220.json"
"888490","710035","2025-11-01","26.00","AUD","1760548220","11310/2025-11-01/1760548220.json"
"796964","564300","2025-11-02","26.00","AUD","1760548220","11310/2025-11-02/1760548220.json"
"888490","710035","2025-11-02","26.00","AUD","1760548220","11310/2025-11-02/1760548220.json"
"796964","564300","2025-11-04","26.00","AUD","1760548220","11310/2025-11-04/1760548220.json"
"888490","710035","2025-11-04","26.00","AUD","1760548220","11310/2025-11-04/1760548220.json"
"796964","564300","2025-11-03","26.00","AUD","1760548220","11310/2025-11-03/1760548220.json"
"888490","710035","2025-11-03","26.00","AUD","1760548220","11310/2025-11-03/1760548220.json"
"796964","564300","2025-11-06","26.00","AUD","1760548220","11310/2025-11-06/1760548220.json"
"888490","710035","2025-11-06","26.00","AUD","1760548220","11310/2025-11-06/1760548220.json"
"796964","564300","2025-11-07","26.00","AUD","1760548220","11310/2025-11-07/1760548220.json"
"888490","710035","2025-11-07","26.00","AUD","1760548220","11310/2025-11-07/1760548220.json"
"796964","564300","2025-11-08","26.00","AUD","1760548220","11310/2025-11-08/1760548220.json"
"796964","564300","2025-11-09","26.00","AUD","1760548220","11310/2025-11-09/1760548220.json"
"888490","710035","2025-11-09","26.00","AUD","1760548220","11310/2025-11-09/1760548220.json"
"796964","564300","2025-11-10","26.00","AUD","1760548220","11310/2025-11-10/1760548220.json"
"888490","710035","2025-11-10","26.00","AUD","1760548220","11310/2025-11-10/1760548220.json"
"888490","710035","2025-11-11","26.00","AUD","1760548220","11310/2025-11-11/1760548220.json"
"796964","564300","2025-11-12","26.00","AUD","1760548220","11310/2025-11-12/1760548220.json"
"888490","710035","2025-11-13","28.00","AUD","1760548220","11310/2025-11-13/1760548220.json"
"796964","564300","2025-11-14","28.00","AUD","1760548220","11310/2025-11-14/1760548220.json"
"796964","564300","2025-11-15","28.00","AUD","1760548220","11310/2025-11-15/1760548220.json"
"888490","710035","2025-11-15","28.00","AUD","1760548220","11310/2025-11-15/1760548220.json"
"796964","564300","2025-11-16","28.00","AUD","1760548220","11310/2025-11-16/1760548220.json"
"796964","564300","2025-11-18","28.00","AUD","1760548220","11310/2025-11-18/1760548220.json"
"888490","710035","2025-11-18","28.00","AUD","1760548220","11310/2025-11-18/1760548220.json"
"888490","710035","2025-11-17","28.00","AUD","1760548220","11310/2025-11-17/1760548220.json"
"796964","564300","2025-11-19","28.00","AUD","1760548220","11310/2025-11-19/1760548220.json"
"888490","710035","2025-11-19","28.00","AUD","1760548220","11310/2025-11-19/1760548220.json"
"796964","564300","2025-11-20","28.00","AUD","1760548220","11310/2025-11-20/1760548220.json"
"888490","710035","2025-11-20","28.00","AUD","1760548220","11310/2025-11-20/1760548220.json"
"796964","564300","2025-11-21","28.00","AUD","1760548220","11310/2025-11-21/1760548220.json"
"796964","564300","2025-11-22","28.00","AUD","1760548220","11310/2025-11-22/1760548220.json"
"796964","564300","2025-11-23","28.00","AUD","1760548220","11310/2025-11-23/1760548220.json"
"888490","710035","2025-11-23","28.00","AUD","1760548220","11310/2025-11-23/1760548220.json"
"796964","564300","2025-11-26","28.00","AUD","1760548220","11310/2025-11-26/1760548220.json"
"888490","710035","2025-11-26","28.00","AUD","1760548220","11310/2025-11-26/1760548220.json"
"796964","564300","2025-11-27","28.00","AUD","1760548220","11310/2025-11-27/1760548220.json"
"888490","710035","2025-11-27","28.00","AUD","1760548220","11310/2025-11-27/1760548220.json"
"796964","564300","2025-11-30","28.00","AUD","1760548220","11310/2025-11-30/1760548220.json"
"888490","710035","2025-11-30","28.00","AUD","1760548220","11310/2025-11-30/1760548220.json"
"796964","564300","2025-11-29","28.00","AUD","1760548220","11310/2025-11-29/1760548220.json"
"888490","710035","2025-11-29","28.00","AUD","1760548220","11310/2025-11-29/1760548220.json"
"796964","564300","2025-12-03","28.00","AUD","1760548220","11310/2025-12-03/1760548220.json"
"888490","710035","2025-12-03","28.00","AUD","1760548220","11310/2025-12-03/1760548220.json"
"796964","564300","2025-12-02","28.00","AUD","1760548220","11310/2025-12-02/1760548220.json"
"888490","710035","2025-12-02","28.00","AUD","1760548220","11310/2025-12-02/1760548220.json"
"888490","710035","2025-12-04","28.00","AUD","1760548220","11310/2025-12-04/1760548220.json"
"796964","564300","2025-12-05","28.00","AUD","1760548220","11310/2025-12-05/1760548220.json"
"888490","710035","2025-12-05","28.00","AUD","1760548220","11310/2025-12-05/1760548220.json"
"796964","564300","2025-12-06","28.00","AUD","1760548220","11310/2025-12-06/1760548220.json"
"888490","710035","2025-12-06","28.00","AUD","1760548220","11310/2025-12-06/1760548220.json"
"796964","564300","2025-10-17","26.00","AUD","1760562110","11310/2025-10-17/1760562110.json"
"888490","710035","2025-10-17","26.00","AUD","1760562110","11310/2025-10-17/1760562110.json"
"796964","564300","2025-10-18","26.00","AUD","1760562110","11310/2025-10-18/1760562110.json"
"796964","564300","2025-10-19","26.00","AUD","1760562110","11310/2025-10-19/1760562110.json"
"796964","564300","2025-10-23","26.00","AUD","1760562110","11310/2025-10-23/1760562110.json"
"796964","564300","2025-10-24","26.00","AUD","1760562110","11310/2025-10-24/1760562110.json"
"888490","710035","2025-10-24","26.00","AUD","1760562110","11310/2025-10-24/1760562110.json"
"796964","564300","2025-10-26","26.00","AUD","1760562110","11310/2025-10-26/1760562110.json"
"888490","710035","2025-10-27","26.00","AUD","1760562110","11310/2025-10-27/1760562110.json"
"796964","564300","2025-10-30","26.00","AUD","1760562110","11310/2025-10-30/1760562110.json"
"888490","710035","2025-10-30","26.00","AUD","1760562110","11310/2025-10-30/1760562110.json"
"888490","710035","2025-10-31","26.00","AUD","1760562110","11310/2025-10-31/1760562110.json"
"796964","564300","2025-10-29","26.00","AUD","1760562110","11310/2025-10-29/1760562110.json"
"796964","564300","2025-11-03","26.00","AUD","1760562110","11310/2025-11-03/1760562110.json"
"888490","710035","2025-11-03","26.00","AUD","1760562110","11310/2025-11-03/1760562110.json"
"796964","564300","2025-11-02","26.00","AUD","1760562110","11310/2025-11-02/1760562110.json"
"888490","710035","2025-11-02","26.00","AUD","1760562110","11310/2025-11-02/1760562110.json"
"796964","564300","2025-11-04","26.00","AUD","1760562110","11310/2025-11-04/1760562110.json"
"888490","710035","2025-11-04","26.00","AUD","1760562110","11310/2025-11-04/1760562110.json"
"888490","710035","2025-11-01","26.00","AUD","1760562110","11310/2025-11-01/1760562110.json"
"796964","564300","2025-11-07","26.00","AUD","1760562110","11310/2025-11-07/1760562110.json"
"888490","710035","2025-11-07","26.00","AUD","1760562110","11310/2025-11-07/1760562110.json"
"796964","564300","2025-11-06","26.00","AUD","1760562110","11310/2025-11-06/1760562110.json"
"888490","710035","2025-11-06","26.00","AUD","1760562110","11310/2025-11-06/1760562110.json"
"796964","564300","2025-11-09","26.00","AUD","1760562110","11310/2025-11-09/1760562110.json"
"888490","710035","2025-11-09","26.00","AUD","1760562110","11310/2025-11-09/1760562110.json"
"796964","564300","2025-11-10","26.00","AUD","1760562110","11310/2025-11-10/1760562110.json"
"888490","710035","2025-11-10","26.00","AUD","1760562110","11310/2025-11-10/1760562110.json"
"796964","564300","2025-11-08","26.00","AUD","1760562110","11310/2025-11-08/1760562110.json"
"888490","710035","2025-11-11","26.00","AUD","1760562110","11310/2025-11-11/1760562110.json"
"796964","564300","2025-11-12","26.00","AUD","1760562110","11310/2025-11-12/1760562110.json"
"796964","564300","2025-11-14","28.00","AUD","1760562110","11310/2025-11-14/1760562110.json"
"888490","710035","2025-11-13","28.00","AUD","1760562110","11310/2025-11-13/1760562110.json"
"796964","564300","2025-11-15","28.00","AUD","1760562110","11310/2025-11-15/1760562110.json"
"888490","710035","2025-11-15","28.00","AUD","1760562110","11310/2025-11-15/1760562110.json"
"796964","564300","2025-11-16","28.00","AUD","1760562110","11310/2025-11-16/1760562110.json"
"888490","710035","2025-11-17","28.00","AUD","1760562110","11310/2025-11-17/1760562110.json"
"796964","564300","2025-11-18","28.00","AUD","1760562110","11310/2025-11-18/1760562110.json"
"888490","710035","2025-11-18","28.00","AUD","1760562110","11310/2025-11-18/1760562110.json"
"796964","564300","2025-11-19","28.00","AUD","1760562110","11310/2025-11-19/1760562110.json"
"888490","710035","2025-11-19","28.00","AUD","1760562110","11310/2025-11-19/1760562110.json"
"796964","564300","2025-11-20","28.00","AUD","1760562110","11310/2025-11-20/1760562110.json"
"888490","710035","2025-11-20","28.00","AUD","1760562110","11310/2025-11-20/1760562110.json"
"796964","564300","2025-11-21","28.00","AUD","1760562110","11310/2025-11-21/1760562110.json"
"796964","564300","2025-11-22","28.00","AUD","1760562110","11310/2025-11-22/1760562110.json"
"796964","564300","2025-11-23","28.00","AUD","1760562110","11310/2025-11-23/1760562110.json"
"888490","710035","2025-11-23","28.00","AUD","1760562110","11310/2025-11-23/1760562110.json"
"796964","564300","2025-11-26","28.00","AUD","1760562110","11310/2025-11-26/1760562110.json"
"888490","710035","2025-11-26","28.00","AUD","1760562110","11310/2025-11-26/1760562110.json"
"796964","564300","2025-11-30","28.00","AUD","1760562110","11310/2025-11-30/1760562110.json"
"888490","710035","2025-11-30","28.00","AUD","1760562110","11310/2025-11-30/1760562110.json"
"796964","564300","2025-11-27","28.00","AUD","1760562110","11310/2025-11-27/1760562110.json"
"888490","710035","2025-11-27","28.00","AUD","1760562110","11310/2025-11-27/1760562110.json"
"796964","564300","2025-11-29","28.00","AUD","1760562110","11310/2025-11-29/1760562110.json"
"888490","710035","2025-11-29","28.00","AUD","1760562110","11310/2025-11-29/1760562110.json"
"796964","564300","2025-12-02","28.00","AUD","1760562110","11310/2025-12-02/1760562110.json"
"888490","710035","2025-12-02","28.00","AUD","1760562110","11310/2025-12-02/1760562110.json"
"796964","564300","2025-12-03","28.00","AUD","1760562110","11310/2025-12-03/1760562110.json"
"888490","710035","2025-12-03","28.00","AUD","1760562110","11310/2025-12-03/1760562110.json"
"888490","710035","2025-12-04","28.00","AUD","1760562110","11310/2025-12-04/1760562110.json"
"796964","564300","2025-12-05","28.00","AUD","1760562110","11310/2025-12-05/1760562110.json"
"888490","710035","2025-12-05","28.00","AUD","1760562110","11310/2025-12-05/1760562110.json"
"796964","564300","2025-12-06","28.00","AUD","1760562110","11310/2025-12-06/1760562110.json"
"888490","710035","2025-12-06","28.00","AUD","1760562110","11310/2025-12-06/1760562110.json"
"796964","564300","2025-10-19","26.00","AUD","1760585716","11310/2025-10-19/1760585716.json"
"796964","564300","2025-10-17","26.00","AUD","1760585716","11310/2025-10-17/1760585716.json"
"888490","710035","2025-10-17","26.00","AUD","1760585716","11310/2025-10-17/1760585716.json"
"796964","564300","2025-10-23","26.00","AUD","1760585716","11310/2025-10-23/1760585716.json"
"796964","564300","2025-10-24","26.00","AUD","1760585716","11310/2025-10-24/1760585716.json"
"888490","710035","2025-10-24","26.00","AUD","1760585716","11310/2025-10-24/1760585716.json"
"888490","710035","2025-10-27","26.00","AUD","1760585716","11310/2025-10-27/1760585716.json"
"796964","564300","2025-10-26","26.00","AUD","1760585716","11310/2025-10-26/1760585716.json"
"796964","564300","2025-10-29","26.00","AUD","1760585716","11310/2025-10-29/1760585716.json"
"888490","710035","2025-10-31","26.00","AUD","1760585716","11310/2025-10-31/1760585716.json"
"796964","564300","2025-10-30","26.00","AUD","1760585716","11310/2025-10-30/1760585716.json"
"888490","710035","2025-10-30","26.00","AUD","1760585716","11310/2025-10-30/1760585716.json"
"888490","710035","2025-11-01","26.00","AUD","1760585716","11310/2025-11-01/1760585716.json"
"796964","564300","2025-11-02","26.00","AUD","1760585716","11310/2025-11-02/1760585716.json"
"888490","710035","2025-11-02","26.00","AUD","1760585716","11310/2025-11-02/1760585716.json"
"796964","564300","2025-11-04","26.00","AUD","1760585716","11310/2025-11-04/1760585716.json"
"888490","710035","2025-11-04","26.00","AUD","1760585716","11310/2025-11-04/1760585716.json"
"796964","564300","2025-11-03","26.00","AUD","1760585716","11310/2025-11-03/1760585716.json"
"888490","710035","2025-11-03","26.00","AUD","1760585716","11310/2025-11-03/1760585716.json"
"796964","564300","2025-11-07","26.00","AUD","1760585716","11310/2025-11-07/1760585716.json"
"888490","710035","2025-11-07","26.00","AUD","1760585716","11310/2025-11-07/1760585716.json"
"796964","564300","2025-11-06","26.00","AUD","1760585716","11310/2025-11-06/1760585716.json"
"888490","710035","2025-11-06","26.00","AUD","1760585716","11310/2025-11-06/1760585716.json"
"796964","564300","2025-11-08","26.00","AUD","1760585716","11310/2025-11-08/1760585716.json"
"796964","564300","2025-11-09","26.00","AUD","1760585716","11310/2025-11-09/1760585716.json"
"888490","710035","2025-11-09","26.00","AUD","1760585716","11310/2025-11-09/1760585716.json"
"888490","710035","2025-11-11","26.00","AUD","1760585716","11310/2025-11-11/1760585716.json"
"796964","564300","2025-11-10","26.00","AUD","1760585716","11310/2025-11-10/1760585716.json"
"888490","710035","2025-11-10","26.00","AUD","1760585716","11310/2025-11-10/1760585716.json"
"796964","564300","2025-11-12","26.00","AUD","1760585716","11310/2025-11-12/1760585716.json"
"888490","710035","2025-11-13","28.00","AUD","1760585716","11310/2025-11-13/1760585716.json"
"796964","564300","2025-11-14","28.00","AUD","1760585716","11310/2025-11-14/1760585716.json"
"796964","564300","2025-11-16","28.00","AUD","1760585716","11310/2025-11-16/1760585716.json"
"796964","564300","2025-11-15","28.00","AUD","1760585716","11310/2025-11-15/1760585716.json"
"888490","710035","2025-11-15","28.00","AUD","1760585716","11310/2025-11-15/1760585716.json"
"888490","710035","2025-11-17","28.00","AUD","1760585716","11310/2025-11-17/1760585716.json"
"796964","564300","2025-11-20","28.00","AUD","1760585716","11310/2025-11-20/1760585716.json"
"888490","710035","2025-11-20","28.00","AUD","1760585716","11310/2025-11-20/1760585716.json"
"796964","564300","2025-11-19","28.00","AUD","1760585716","11310/2025-11-19/1760585716.json"
"888490","710035","2025-11-19","28.00","AUD","1760585716","11310/2025-11-19/1760585716.json"
"796964","564300","2025-11-18","28.00","AUD","1760585716","11310/2025-11-18/1760585716.json"
"888490","710035","2025-11-18","28.00","AUD","1760585716","11310/2025-11-18/1760585716.json"
"796964","564300","2025-11-21","28.00","AUD","1760585716","11310/2025-11-21/1760585716.json"
"796964","564300","2025-11-23","28.00","AUD","1760585716","11310/2025-11-23/1760585716.json"
"888490","710035","2025-11-23","28.00","AUD","1760585716","11310/2025-11-23/1760585716.json"
"796964","564300","2025-11-22","28.00","AUD","1760585716","11310/2025-11-22/1760585716.json"
"796964","564300","2025-11-26","28.00","AUD","1760585716","11310/2025-11-26/1760585716.json"
"888490","710035","2025-11-26","28.00","AUD","1760585716","11310/2025-11-26/1760585716.json"
"796964","564300","2025-11-29","28.00","AUD","1760585716","11310/2025-11-29/1760585716.json"
"888490","710035","2025-11-29","28.00","AUD","1760585716","11310/2025-11-29/1760585716.json"
"796964","564300","2025-11-27","28.00","AUD","1760585716","11310/2025-11-27/1760585716.json"
"888490","710035","2025-11-27","28.00","AUD","1760585716","11310/2025-11-27/1760585716.json"
"796964","564300","2025-12-02","28.00","AUD","1760585716","11310/2025-12-02/1760585716.json"
"796964","564300","2025-11-30","28.00","AUD","1760585716","11310/2025-11-30/1760585716.json"
"888490","710035","2025-12-02","28.00","AUD","1760585716","11310/2025-12-02/1760585716.json"
"888490","710035","2025-11-30","28.00","AUD","1760585716","11310/2025-11-30/1760585716.json"
"796964","564300","2025-12-03","28.00","AUD","1760585716","11310/2025-12-03/1760585716.json"
"888490","710035","2025-12-03","28.00","AUD","1760585716","11310/2025-12-03/1760585716.json"
"796964","564300","2025-12-06","28.00","AUD","1760585716","11310/2025-12-06/1760585716.json"
"888490","710035","2025-12-06","28.00","AUD","1760585716","11310/2025-12-06/1760585716.json"
"796964","564300","2025-12-05","28.00","AUD","1760585716","11310/2025-12-05/1760585716.json"
"888490","710035","2025-12-05","28.00","AUD","1760585716","11310/2025-12-05/1760585716.json"
"888490","710035","2025-12-04","28.00","AUD","1760585716","11310/2025-12-04/1760585716.json"
"796964","564300","2025-10-19","26.00","AUD","1760590976","11310/2025-10-19/1760590976.json"
"796964","564300","2025-10-17","26.00","AUD","1760590976","11310/2025-10-17/1760590976.json"
"888490","710035","2025-10-17","26.00","AUD","1760590976","11310/2025-10-17/1760590976.json"
"796964","564300","2025-10-23","26.00","AUD","1760590976","11310/2025-10-23/1760590976.json"
"796964","564300","2025-10-24","26.00","AUD","1760590976","11310/2025-10-24/1760590976.json"
"888490","710035","2025-10-24","26.00","AUD","1760590976","11310/2025-10-24/1760590976.json"
"888490","710035","2025-10-27","26.00","AUD","1760590976","11310/2025-10-27/1760590976.json"
"796964","564300","2025-10-26","26.00","AUD","1760590976","11310/2025-10-26/1760590976.json"
"796964","564300","2025-10-29","26.00","AUD","1760590976","11310/2025-10-29/1760590976.json"
"796964","564300","2025-10-30","26.00","AUD","1760590976","11310/2025-10-30/1760590976.json"
"888490","710035","2025-10-30","26.00","AUD","1760590976","11310/2025-10-30/1760590976.json"
"888490","710035","2025-10-31","26.00","AUD","1760590976","11310/2025-10-31/1760590976.json"
"796964","564300","2025-11-02","26.00","AUD","1760590976","11310/2025-11-02/1760590976.json"
"888490","710035","2025-11-02","26.00","AUD","1760590976","11310/2025-11-02/1760590976.json"
"888490","710035","2025-11-01","26.00","AUD","1760590976","11310/2025-11-01/1760590976.json"
"796964","564300","2025-11-03","26.00","AUD","1760590976","11310/2025-11-03/1760590976.json"
"888490","710035","2025-11-03","26.00","AUD","1760590976","11310/2025-11-03/1760590976.json"
"796964","564300","2025-11-06","26.00","AUD","1760590976","11310/2025-11-06/1760590976.json"
"888490","710035","2025-11-06","26.00","AUD","1760590976","11310/2025-11-06/1760590976.json"
"796964","564300","2025-11-07","26.00","AUD","1760590976","11310/2025-11-07/1760590976.json"
"888490","710035","2025-11-07","26.00","AUD","1760590976","11310/2025-11-07/1760590976.json"
"796964","564300","2025-11-04","26.00","AUD","1760590976","11310/2025-11-04/1760590976.json"
"888490","710035","2025-11-04","26.00","AUD","1760590976","11310/2025-11-04/1760590976.json"
"796964","564300","2025-11-08","26.00","AUD","1760590976","11310/2025-11-08/1760590976.json"
"796964","564300","2025-11-09","26.00","AUD","1760590976","11310/2025-11-09/1760590976.json"
"888490","710035","2025-11-09","26.00","AUD","1760590976","11310/2025-11-09/1760590976.json"
"796964","564300","2025-11-10","26.00","AUD","1760590976","11310/2025-11-10/1760590976.json"
"888490","710035","2025-11-10","26.00","AUD","1760590976","11310/2025-11-10/1760590976.json"
"888490","710035","2025-11-11","26.00","AUD","1760590976","11310/2025-11-11/1760590976.json"
"888490","710035","2025-11-13","28.00","AUD","1760590976","11310/2025-11-13/1760590976.json"
"796964","564300","2025-11-12","26.00","AUD","1760590976","11310/2025-11-12/1760590976.json"
"796964","564300","2025-11-14","28.00","AUD","1760590976","11310/2025-11-14/1760590976.json"
"796964","564300","2025-11-15","28.00","AUD","1760590976","11310/2025-11-15/1760590976.json"
"888490","710035","2025-11-15","28.00","AUD","1760590976","11310/2025-11-15/1760590976.json"
"796964","564300","2025-11-16","28.00","AUD","1760590976","11310/2025-11-16/1760590976.json"
"888490","710035","2025-11-17","28.00","AUD","1760590976","11310/2025-11-17/1760590976.json"
"796964","564300","2025-11-19","28.00","AUD","1760590976","11310/2025-11-19/1760590976.json"
"888490","710035","2025-11-19","28.00","AUD","1760590976","11310/2025-11-19/1760590976.json"
"796964","564300","2025-11-20","28.00","AUD","1760590976","11310/2025-11-20/1760590976.json"
"888490","710035","2025-11-20","28.00","AUD","1760590976","11310/2025-11-20/1760590976.json"
"796964","564300","2025-11-18","28.00","AUD","1760590976","11310/2025-11-18/1760590976.json"
"888490","710035","2025-11-18","28.00","AUD","1760590976","11310/2025-11-18/1760590976.json"
"796964","564300","2025-11-21","28.00","AUD","1760590976","11310/2025-11-21/1760590976.json"
"796964","564300","2025-11-22","28.00","AUD","1760590976","11310/2025-11-22/1760590976.json"
"796964","564300","2025-11-23","28.00","AUD","1760590976","11310/2025-11-23/1760590976.json"
"888490","710035","2025-11-23","28.00","AUD","1760590976","11310/2025-11-23/1760590976.json"
"796964","564300","2025-11-26","28.00","AUD","1760590976","11310/2025-11-26/1760590976.json"
"888490","710035","2025-11-26","28.00","AUD","1760590976","11310/2025-11-26/1760590976.json"
"796964","564300","2025-11-27","28.00","AUD","1760590976","11310/2025-11-27/1760590976.json"
"888490","710035","2025-11-27","28.00","AUD","1760590976","11310/2025-11-27/1760590976.json"
"796964","564300","2025-11-29","28.00","AUD","1760590976","11310/2025-11-29/1760590976.json"
"796964","564300","2025-11-30","28.00","AUD","1760590976","11310/2025-11-30/1760590976.json"
"888490","710035","2025-11-29","28.00","AUD","1760590976","11310/2025-11-29/1760590976.json"
"888490","710035","2025-11-30","28.00","AUD","1760590976","11310/2025-11-30/1760590976.json"
"888490","710035","2025-12-04","28.00","AUD","1760590976","11310/2025-12-04/1760590976.json"
"796964","564300","2025-12-03","28.00","AUD","1760590976","11310/2025-12-03/1760590976.json"
"888490","710035","2025-12-03","28.00","AUD","1760590976","11310/2025-12-03/1760590976.json"
"796964","564300","2025-12-05","28.00","AUD","1760590976","11310/2025-12-05/1760590976.json"
"888490","710035","2025-12-05","28.00","AUD","1760590976","11310/2025-12-05/1760590976.json"
"796964","564300","2025-12-02","28.00","AUD","1760590976","11310/2025-12-02/1760590976.json"
"888490","710035","2025-12-02","28.00","AUD","1760590976","11310/2025-12-02/1760590976.json"
"796964","564300","2025-12-06","28.00","AUD","1760590976","11310/2025-12-06/1760590976.json"
"888490","710035","2025-12-06","28.00","AUD","1760590976","11310/2025-12-06/1760590976.json"
"796964","564300","2025-10-17","26.00","AUD","1760606151","11310/2025-10-17/1760606151.json"
"888490","710035","2025-10-17","26.00","AUD","1760606151","11310/2025-10-17/1760606151.json"
"796964","564300","2025-10-19","26.00","AUD","1760606151","11310/2025-10-19/1760606151.json"
"796964","564300","2025-10-24","26.00","AUD","1760606151","11310/2025-10-24/1760606151.json"
"888490","710035","2025-10-24","26.00","AUD","1760606151","11310/2025-10-24/1760606151.json"
"796964","564300","2025-10-26","26.00","AUD","1760606151","11310/2025-10-26/1760606151.json"
"888490","710035","2025-10-27","26.00","AUD","1760606151","11310/2025-10-27/1760606151.json"
"796964","564300","2025-10-29","26.00","AUD","1760606151","11310/2025-10-29/1760606151.json"
"796964","564300","2025-10-30","26.00","AUD","1760606151","11310/2025-10-30/1760606151.json"
"888490","710035","2025-10-30","26.00","AUD","1760606151","11310/2025-10-30/1760606151.json"
"888490","710035","2025-10-31","26.00","AUD","1760606151","11310/2025-10-31/1760606151.json"
"888490","710035","2025-11-01","26.00","AUD","1760606151","11310/2025-11-01/1760606151.json"
"796964","564300","2025-11-02","26.00","AUD","1760606151","11310/2025-11-02/1760606151.json"
"888490","710035","2025-11-02","26.00","AUD","1760606151","11310/2025-11-02/1760606151.json"
"796964","564300","2025-11-03","26.00","AUD","1760606151","11310/2025-11-03/1760606151.json"
"888490","710035","2025-11-03","26.00","AUD","1760606151","11310/2025-11-03/1760606151.json"
"796964","564300","2025-11-04","26.00","AUD","1760606151","11310/2025-11-04/1760606151.json"
"888490","710035","2025-11-04","26.00","AUD","1760606151","11310/2025-11-04/1760606151.json"
"796964","564300","2025-11-06","26.00","AUD","1760606151","11310/2025-11-06/1760606151.json"
"888490","710035","2025-11-06","26.00","AUD","1760606151","11310/2025-11-06/1760606151.json"
"796964","564300","2025-11-07","26.00","AUD","1760606151","11310/2025-11-07/1760606151.json"
"888490","710035","2025-11-07","26.00","AUD","1760606151","11310/2025-11-07/1760606151.json"
"796964","564300","2025-11-08","26.00","AUD","1760606151","11310/2025-11-08/1760606151.json"
"796964","564300","2025-11-09","26.00","AUD","1760606151","11310/2025-11-09/1760606151.json"
"888490","710035","2025-11-09","26.00","AUD","1760606151","11310/2025-11-09/1760606151.json"
"796964","564300","2025-11-10","26.00","AUD","1760606151","11310/2025-11-10/1760606151.json"
"888490","710035","2025-11-10","26.00","AUD","1760606151","11310/2025-11-10/1760606151.json"
"796964","564300","2025-11-12","26.00","AUD","1760606151","11310/2025-11-12/1760606151.json"
"888490","710035","2025-11-11","26.00","AUD","1760606151","11310/2025-11-11/1760606151.json"
"888490","710035","2025-11-13","28.00","AUD","1760606151","11310/2025-11-13/1760606151.json"
"796964","564300","2025-11-14","28.00","AUD","1760606151","11310/2025-11-14/1760606151.json"
"796964","564300","2025-11-15","28.00","AUD","1760606151","11310/2025-11-15/1760606151.json"
"888490","710035","2025-11-15","28.00","AUD","1760606151","11310/2025-11-15/1760606151.json"
"796964","564300","2025-11-16","28.00","AUD","1760606151","11310/2025-11-16/1760606151.json"
"796964","564300","2025-11-18","28.00","AUD","1760606151","11310/2025-11-18/1760606151.json"
"888490","710035","2025-11-18","28.00","AUD","1760606151","11310/2025-11-18/1760606151.json"
"888490","710035","2025-11-17","28.00","AUD","1760606151","11310/2025-11-17/1760606151.json"
"796964","564300","2025-11-19","28.00","AUD","1760606151","11310/2025-11-19/1760606151.json"
"888490","710035","2025-11-19","28.00","AUD","1760606151","11310/2025-11-19/1760606151.json"
"796964","564300","2025-11-20","28.00","AUD","1760606151","11310/2025-11-20/1760606151.json"
"888490","710035","2025-11-20","28.00","AUD","1760606151","11310/2025-11-20/1760606151.json"
"796964","564300","2025-11-21","28.00","AUD","1760606151","11310/2025-11-21/1760606151.json"
"796964","564300","2025-11-23","28.00","AUD","1760606151","11310/2025-11-23/1760606151.json"
"888490","710035","2025-11-23","28.00","AUD","1760606151","11310/2025-11-23/1760606151.json"
"796964","564300","2025-11-22","28.00","AUD","1760606151","11310/2025-11-22/1760606151.json"
"796964","564300","2025-11-26","28.00","AUD","1760606151","11310/2025-11-26/1760606151.json"
"888490","710035","2025-11-26","28.00","AUD","1760606151","11310/2025-11-26/1760606151.json"
"796964","564300","2025-11-29","28.00","AUD","1760606151","11310/2025-11-29/1760606151.json"
"888490","710035","2025-11-29","28.00","AUD","1760606151","11310/2025-11-29/1760606151.json"
"796964","564300","2025-11-27","28.00","AUD","1760606151","11310/2025-11-27/1760606151.json"
"888490","710035","2025-11-27","28.00","AUD","1760606151","11310/2025-11-27/1760606151.json"
"796964","564300","2025-11-30","28.00","AUD","1760606151","11310/2025-11-30/1760606151.json"
"888490","710035","2025-11-30","28.00","AUD","1760606151","11310/2025-11-30/1760606151.json"
"796964","564300","2025-12-03","28.00","AUD","1760606151","11310/2025-12-03/1760606151.json"
"888490","710035","2025-12-03","28.00","AUD","1760606151","11310/2025-12-03/1760606151.json"
"796964","564300","2025-12-02","28.00","AUD","1760606151","11310/2025-12-02/1760606151.json"
"888490","710035","2025-12-02","28.00","AUD","1760606151","11310/2025-12-02/1760606151.json"
"888490","710035","2025-12-04","28.00","AUD","1760606151","11310/2025-12-04/1760606151.json"
"796964","564300","2025-12-06","28.00","AUD","1760606151","11310/2025-12-06/1760606151.json"
"888490","710035","2025-12-06","28.00","AUD","1760606151","11310/2025-12-06/1760606151.json"
"796964","564300","2025-12-05","28.00","AUD","1760606151","11310/2025-12-05/1760606151.json"
"888490","710035","2025-12-05","28.00","AUD","1760606151","11310/2025-12-05/1760606151.json"
"796964","564300","2025-10-17","26.00","AUD","1760623538","11310/2025-10-17/1760623538.json"
"888490","710035","2025-10-17","26.00","AUD","1760623538","11310/2025-10-17/1760623538.json"
"796964","564300","2025-10-19","26.00","AUD","1760623538","11310/2025-10-19/1760623538.json"
"796964","564300","2025-10-24","26.00","AUD","1760623538","11310/2025-10-24/1760623538.json"
"888490","710035","2025-10-24","26.00","AUD","1760623538","11310/2025-10-24/1760623538.json"
"796964","564300","2025-10-26","26.00","AUD","1760623538","11310/2025-10-26/1760623538.json"
"888490","710035","2025-10-27","26.00","AUD","1760623538","11310/2025-10-27/1760623538.json"
"796964","564300","2025-10-30","26.00","AUD","1760623538","11310/2025-10-30/1760623538.json"
"888490","710035","2025-10-30","26.00","AUD","1760623538","11310/2025-10-30/1760623538.json"
"796964","564300","2025-10-29","26.00","AUD","1760623538","11310/2025-10-29/1760623538.json"
"888490","710035","2025-10-31","26.00","AUD","1760623538","11310/2025-10-31/1760623538.json"
"888490","710035","2025-11-01","26.00","AUD","1760623538","11310/2025-11-01/1760623538.json"
"796964","564300","2025-11-03","26.00","AUD","1760623538","11310/2025-11-03/1760623538.json"
"888490","710035","2025-11-03","26.00","AUD","1760623538","11310/2025-11-03/1760623538.json"
"796964","564300","2025-11-02","26.00","AUD","1760623538","11310/2025-11-02/1760623538.json"
"888490","710035","2025-11-02","26.00","AUD","1760623538","11310/2025-11-02/1760623538.json"
"796964","564300","2025-11-04","26.00","AUD","1760623538","11310/2025-11-04/1760623538.json"
"888490","710035","2025-11-04","26.00","AUD","1760623538","11310/2025-11-04/1760623538.json"
"796964","564300","2025-11-06","26.00","AUD","1760623538","11310/2025-11-06/1760623538.json"
"888490","710035","2025-11-06","26.00","AUD","1760623538","11310/2025-11-06/1760623538.json"
"796964","564300","2025-11-08","26.00","AUD","1760623538","11310/2025-11-08/1760623538.json"
"796964","564300","2025-11-07","26.00","AUD","1760623538","11310/2025-11-07/1760623538.json"
"888490","710035","2025-11-07","26.00","AUD","1760623538","11310/2025-11-07/1760623538.json"
"796964","564300","2025-11-09","26.00","AUD","1760623538","11310/2025-11-09/1760623538.json"
"888490","710035","2025-11-09","26.00","AUD","1760623538","11310/2025-11-09/1760623538.json"
"796964","564300","2025-11-10","26.00","AUD","1760623538","11310/2025-11-10/1760623538.json"
"888490","710035","2025-11-10","26.00","AUD","1760623538","11310/2025-11-10/1760623538.json"
"796964","564300","2025-11-12","26.00","AUD","1760623538","11310/2025-11-12/1760623538.json"
"888490","710035","2025-11-11","26.00","AUD","1760623538","11310/2025-11-11/1760623538.json"
"888490","710035","2025-11-13","28.00","AUD","1760623538","11310/2025-11-13/1760623538.json"
"796964","564300","2025-11-14","28.00","AUD","1760623538","11310/2025-11-14/1760623538.json"
"796964","564300","2025-11-15","28.00","AUD","1760623538","11310/2025-11-15/1760623538.json"
"888490","710035","2025-11-15","28.00","AUD","1760623538","11310/2025-11-15/1760623538.json"
"796964","564300","2025-11-16","28.00","AUD","1760623538","11310/2025-11-16/1760623538.json"
"888490","710035","2025-11-17","28.00","AUD","1760623538","11310/2025-11-17/1760623538.json"
"796964","564300","2025-11-18","28.00","AUD","1760623538","11310/2025-11-18/1760623538.json"
"888490","710035","2025-11-18","28.00","AUD","1760623538","11310/2025-11-18/1760623538.json"
"796964","564300","2025-11-19","28.00","AUD","1760623538","11310/2025-11-19/1760623538.json"
"888490","710035","2025-11-19","28.00","AUD","1760623538","11310/2025-11-19/1760623538.json"
"796964","564300","2025-11-20","28.00","AUD","1760623538","11310/2025-11-20/1760623538.json"
"888490","710035","2025-11-20","28.00","AUD","1760623538","11310/2025-11-20/1760623538.json"
"796964","564300","2025-11-21","28.00","AUD","1760623538","11310/2025-11-21/1760623538.json"
"796964","564300","2025-11-22","28.00","AUD","1760623538","11310/2025-11-22/1760623538.json"
"796964","564300","2025-11-23","28.00","AUD","1760623538","11310/2025-11-23/1760623538.json"
"888490","710035","2025-11-23","28.00","AUD","1760623538","11310/2025-11-23/1760623538.json"
"796964","564300","2025-11-27","28.00","AUD","1760623538","11310/2025-11-27/1760623538.json"
"888490","710035","2025-11-27","28.00","AUD","1760623538","11310/2025-11-27/1760623538.json"
"796964","564300","2025-11-26","28.00","AUD","1760623538","11310/2025-11-26/1760623538.json"
"888490","710035","2025-11-26","28.00","AUD","1760623538","11310/2025-11-26/1760623538.json"
"796964","564300","2025-11-29","28.00","AUD","1760623538","11310/2025-11-29/1760623538.json"
"888490","710035","2025-11-29","28.00","AUD","1760623538","11310/2025-11-29/1760623538.json"
"796964","564300","2025-11-30","28.00","AUD","1760623538","11310/2025-11-30/1760623538.json"
"888490","710035","2025-11-30","28.00","AUD","1760623538","11310/2025-11-30/1760623538.json"
"796964","564300","2025-12-02","28.00","AUD","1760623538","11310/2025-12-02/1760623538.json"
"888490","710035","2025-12-02","28.00","AUD","1760623538","11310/2025-12-02/1760623538.json"
"796964","564300","2025-12-03","28.00","AUD","1760623538","11310/2025-12-03/1760623538.json"
"888490","710035","2025-12-03","28.00","AUD","1760623538","11310/2025-12-03/1760623538.json"
"888490","710035","2025-12-04","28.00","AUD","1760623538","11310/2025-12-04/1760623538.json"
"796964","564300","2025-12-06","28.00","AUD","1760623538","11310/2025-12-06/1760623538.json"
"888490","710035","2025-12-06","28.00","AUD","1760623538","11310/2025-12-06/1760623538.json"
"796964","564300","2025-12-05","28.00","AUD","1760623538","11310/2025-12-05/1760623538.json"
"888490","710035","2025-12-05","28.00","AUD","1760623538","11310/2025-12-05/1760623538.json"
"796964","564300","2025-10-19","26.00","AUD","1760634865","11310/2025-10-19/1760634865.json"
"796964","564300","2025-10-17","26.00","AUD","1760634865","11310/2025-10-17/1760634865.json"
"888490","710035","2025-10-17","26.00","AUD","1760634865","11310/2025-10-17/1760634865.json"
"796964","564300","2025-10-24","26.00","AUD","1760634865","11310/2025-10-24/1760634865.json"
"888490","710035","2025-10-24","26.00","AUD","1760634865","11310/2025-10-24/1760634865.json"
"796964","564300","2025-10-26","26.00","AUD","1760634865","11310/2025-10-26/1760634865.json"
"888490","710035","2025-10-27","26.00","AUD","1760634865","11310/2025-10-27/1760634865.json"
"796964","564300","2025-10-29","26.00","AUD","1760634865","11310/2025-10-29/1760634865.json"
"796964","564300","2025-10-30","26.00","AUD","1760634865","11310/2025-10-30/1760634865.json"
"888490","710035","2025-10-30","26.00","AUD","1760634865","11310/2025-10-30/1760634865.json"
"888490","710035","2025-10-31","26.00","AUD","1760634865","11310/2025-10-31/1760634865.json"
"888490","710035","2025-11-01","26.00","AUD","1760634865","11310/2025-11-01/1760634865.json"
"796964","564300","2025-11-02","26.00","AUD","1760634865","11310/2025-11-02/1760634865.json"
"888490","710035","2025-11-02","26.00","AUD","1760634865","11310/2025-11-02/1760634865.json"
"796964","564300","2025-11-03","26.00","AUD","1760634865","11310/2025-11-03/1760634865.json"
"888490","710035","2025-11-03","26.00","AUD","1760634865","11310/2025-11-03/1760634865.json"
"796964","564300","2025-11-04","26.00","AUD","1760634865","11310/2025-11-04/1760634865.json"
"888490","710035","2025-11-04","26.00","AUD","1760634865","11310/2025-11-04/1760634865.json"
"796964","564300","2025-11-07","26.00","AUD","1760634865","11310/2025-11-07/1760634865.json"
"888490","710035","2025-11-07","26.00","AUD","1760634865","11310/2025-11-07/1760634865.json"
"796964","564300","2025-11-06","26.00","AUD","1760634865","11310/2025-11-06/1760634865.json"
"888490","710035","2025-11-06","26.00","AUD","1760634865","11310/2025-11-06/1760634865.json"
"796964","564300","2025-11-08","26.00","AUD","1760634865","11310/2025-11-08/1760634865.json"
"796964","564300","2025-11-10","26.00","AUD","1760634865","11310/2025-11-10/1760634865.json"
"888490","710035","2025-11-10","26.00","AUD","1760634865","11310/2025-11-10/1760634865.json"
"888490","710035","2025-11-11","26.00","AUD","1760634865","11310/2025-11-11/1760634865.json"
"796964","564300","2025-11-12","26.00","AUD","1760634865","11310/2025-11-12/1760634865.json"
"888490","710035","2025-11-13","28.00","AUD","1760634865","11310/2025-11-13/1760634865.json"
"796964","564300","2025-11-14","28.00","AUD","1760634865","11310/2025-11-14/1760634865.json"
"796964","564300","2025-11-15","28.00","AUD","1760634865","11310/2025-11-15/1760634865.json"
"888490","710035","2025-11-15","28.00","AUD","1760634865","11310/2025-11-15/1760634865.json"
"796964","564300","2025-11-16","28.00","AUD","1760634865","11310/2025-11-16/1760634865.json"
"888490","710035","2025-11-17","28.00","AUD","1760634865","11310/2025-11-17/1760634865.json"
"796964","564300","2025-11-18","28.00","AUD","1760634865","11310/2025-11-18/1760634865.json"
"888490","710035","2025-11-18","28.00","AUD","1760634865","11310/2025-11-18/1760634865.json"
"796964","564300","2025-11-19","28.00","AUD","1760634865","11310/2025-11-19/1760634865.json"
"888490","710035","2025-11-19","28.00","AUD","1760634865","11310/2025-11-19/1760634865.json"
"796964","564300","2025-11-20","28.00","AUD","1760634865","11310/2025-11-20/1760634865.json"
"888490","710035","2025-11-20","28.00","AUD","1760634865","11310/2025-11-20/1760634865.json"
"796964","564300","2025-11-21","28.00","AUD","1760634865","11310/2025-11-21/1760634865.json"
"796964","564300","2025-11-22","28.00","AUD","1760634865","11310/2025-11-22/1760634865.json"
"796964","564300","2025-11-23","28.00","AUD","1760634865","11310/2025-11-23/1760634865.json"
"888490","710035","2025-11-23","28.00","AUD","1760634865","11310/2025-11-23/1760634865.json"
"796964","564300","2025-11-26","28.00","AUD","1760634865","11310/2025-11-26/1760634865.json"
"888490","710035","2025-11-26","28.00","AUD","1760634865","11310/2025-11-26/1760634865.json"
"796964","564300","2025-11-27","28.00","AUD","1760634865","11310/2025-11-27/1760634865.json"
"888490","710035","2025-11-27","28.00","AUD","1760634865","11310/2025-11-27/1760634865.json"
"796964","564300","2025-11-29","28.00","AUD","1760634865","11310/2025-11-29/1760634865.json"
"888490","710035","2025-11-29","28.00","AUD","1760634865","11310/2025-11-29/1760634865.json"
"796964","564300","2025-11-30","28.00","AUD","1760634865","11310/2025-11-30/1760634865.json"
"888490","710035","2025-11-30","28.00","AUD","1760634865","11310/2025-11-30/1760634865.json"
"796964","564300","2025-11-09","26.00","AUD","1760634865","11310/2025-11-09/1760634865.json"
"888490","710035","2025-11-09","26.00","AUD","1760634865","11310/2025-11-09/1760634865.json"
"796964","564300","2025-12-02","28.00","AUD","1760634865","11310/2025-12-02/1760634865.json"
"888490","710035","2025-12-02","28.00","AUD","1760634865","11310/2025-12-02/1760634865.json"
"796964","564300","2025-12-03","28.00","AUD","1760634865","11310/2025-12-03/1760634865.json"
"888490","710035","2025-12-03","28.00","AUD","1760634865","11310/2025-12-03/1760634865.json"
"888490","710035","2025-12-04","28.00","AUD","1760634865","11310/2025-12-04/1760634865.json"
"796964","564300","2025-12-05","28.00","AUD","1760634865","11310/2025-12-05/1760634865.json"
"888490","710035","2025-12-05","28.00","AUD","1760634865","11310/2025-12-05/1760634865.json"
"796964","564300","2025-12-06","28.00","AUD","1760634865","11310/2025-12-06/1760634865.json"
"888490","710035","2025-12-06","28.00","AUD","1760634865","11310/2025-12-06/1760634865.json"
"796964","564300","2025-10-19","26.00","AUD","1760648427","11310/2025-10-19/1760648427.json"
"796964","564300","2025-10-17","26.00","AUD","1760648427","11310/2025-10-17/1760648427.json"
"888490","710035","2025-10-17","26.00","AUD","1760648427","11310/2025-10-17/1760648427.json"
"796964","564300","2025-10-24","26.00","AUD","1760648427","11310/2025-10-24/1760648427.json"
"888490","710035","2025-10-24","26.00","AUD","1760648427","11310/2025-10-24/1760648427.json"
"796964","564300","2025-10-26","26.00","AUD","1760648427","11310/2025-10-26/1760648427.json"
"796964","564300","2025-10-29","26.00","AUD","1760648427","11310/2025-10-29/1760648427.json"
"796964","564300","2025-10-30","26.00","AUD","1760648427","11310/2025-10-30/1760648427.json"
"888490","710035","2025-10-30","26.00","AUD","1760648427","11310/2025-10-30/1760648427.json"
"888490","710035","2025-10-31","26.00","AUD","1760648427","11310/2025-10-31/1760648427.json"
"888490","710035","2025-10-27","26.00","AUD","1760648427","11310/2025-10-27/1760648427.json"
"888490","710035","2025-11-01","26.00","AUD","1760648427","11310/2025-11-01/1760648427.json"
"796964","564300","2025-11-04","26.00","AUD","1760648427","11310/2025-11-04/1760648427.json"
"888490","710035","2025-11-04","26.00","AUD","1760648427","11310/2025-11-04/1760648427.json"
"796964","564300","2025-11-02","26.00","AUD","1760648427","11310/2025-11-02/1760648427.json"
"888490","710035","2025-11-02","26.00","AUD","1760648427","11310/2025-11-02/1760648427.json"
"796964","564300","2025-11-03","26.00","AUD","1760648427","11310/2025-11-03/1760648427.json"
"888490","710035","2025-11-03","26.00","AUD","1760648427","11310/2025-11-03/1760648427.json"
"796964","564300","2025-11-06","26.00","AUD","1760648427","11310/2025-11-06/1760648427.json"
"888490","710035","2025-11-06","26.00","AUD","1760648427","11310/2025-11-06/1760648427.json"
"796964","564300","2025-11-08","26.00","AUD","1760648427","11310/2025-11-08/1760648427.json"
"796964","564300","2025-11-07","26.00","AUD","1760648427","11310/2025-11-07/1760648427.json"
"888490","710035","2025-11-07","26.00","AUD","1760648427","11310/2025-11-07/1760648427.json"
"796964","564300","2025-11-09","26.00","AUD","1760648427","11310/2025-11-09/1760648427.json"
"888490","710035","2025-11-09","26.00","AUD","1760648427","11310/2025-11-09/1760648427.json"
"796964","564300","2025-11-10","26.00","AUD","1760648427","11310/2025-11-10/1760648427.json"
"888490","710035","2025-11-10","26.00","AUD","1760648427","11310/2025-11-10/1760648427.json"
"796964","564300","2025-11-12","26.00","AUD","1760648427","11310/2025-11-12/1760648427.json"
"888490","710035","2025-11-11","26.00","AUD","1760648427","11310/2025-11-11/1760648427.json"
"888490","710035","2025-11-13","28.00","AUD","1760648427","11310/2025-11-13/1760648427.json"
"796964","564300","2025-11-14","28.00","AUD","1760648427","11310/2025-11-14/1760648427.json"
"796964","564300","2025-11-15","28.00","AUD","1760648427","11310/2025-11-15/1760648427.json"
"888490","710035","2025-11-15","28.00","AUD","1760648427","11310/2025-11-15/1760648427.json"
"796964","564300","2025-11-16","28.00","AUD","1760648427","11310/2025-11-16/1760648427.json"
"888490","710035","2025-11-17","28.00","AUD","1760648427","11310/2025-11-17/1760648427.json"
"796964","564300","2025-11-18","28.00","AUD","1760648427","11310/2025-11-18/1760648427.json"
"888490","710035","2025-11-18","28.00","AUD","1760648427","11310/2025-11-18/1760648427.json"
"796964","564300","2025-11-20","28.00","AUD","1760648427","11310/2025-11-20/1760648427.json"
"888490","710035","2025-11-20","28.00","AUD","1760648427","11310/2025-11-20/1760648427.json"
"796964","564300","2025-11-19","28.00","AUD","1760648427","11310/2025-11-19/1760648427.json"
"888490","710035","2025-11-19","28.00","AUD","1760648427","11310/2025-11-19/1760648427.json"
"796964","564300","2025-11-21","28.00","AUD","1760648427","11310/2025-11-21/1760648427.json"
"796964","564300","2025-11-22","28.00","AUD","1760648427","11310/2025-11-22/1760648427.json"
"796964","564300","2025-11-23","28.00","AUD","1760648427","11310/2025-11-23/1760648427.json"
"888490","710035","2025-11-23","28.00","AUD","1760648427","11310/2025-11-23/1760648427.json"
"796964","564300","2025-11-27","28.00","AUD","1760648427","11310/2025-11-27/1760648427.json"
"888490","710035","2025-11-27","28.00","AUD","1760648427","11310/2025-11-27/1760648427.json"
"796964","564300","2025-11-26","28.00","AUD","1760648427","11310/2025-11-26/1760648427.json"
"888490","710035","2025-11-26","28.00","AUD","1760648427","11310/2025-11-26/1760648427.json"
"796964","564300","2025-11-29","28.00","AUD","1760648427","11310/2025-11-29/1760648427.json"
"888490","710035","2025-11-29","28.00","AUD","1760648427","11310/2025-11-29/1760648427.json"
"796964","564300","2025-12-02","28.00","AUD","1760648427","11310/2025-12-02/1760648427.json"
"888490","710035","2025-12-02","28.00","AUD","1760648427","11310/2025-12-02/1760648427.json"
"796964","564300","2025-12-03","28.00","AUD","1760648427","11310/2025-12-03/1760648427.json"
"888490","710035","2025-12-03","28.00","AUD","1760648427","11310/2025-12-03/1760648427.json"
"888490","710035","2025-12-04","28.00","AUD","1760648427","11310/2025-12-04/1760648427.json"
"796964","564300","2025-12-05","28.00","AUD","1760648427","11310/2025-12-05/1760648427.json"
"888490","710035","2025-12-05","28.00","AUD","1760648427","11310/2025-12-05/1760648427.json"
"796964","564300","2025-12-06","28.00","AUD","1760648427","11310/2025-12-06/1760648427.json"
"888490","710035","2025-12-06","28.00","AUD","1760648427","11310/2025-12-06/1760648427.json"
"796964","564300","2025-11-30","28.00","AUD","1760648427","11310/2025-11-30/1760648427.json"
"888490","710035","2025-11-30","28.00","AUD","1760648427","11310/2025-11-30/1760648427.json"
"796964","564300","2025-10-24","26.00","AUD","1760671996","11310/2025-10-24/1760671996.json"
"888490","710035","2025-10-24","26.00","AUD","1760671996","11310/2025-10-24/1760671996.json"
"796964","564300","2025-10-26","26.00","AUD","1760671996","11310/2025-10-26/1760671996.json"
"888490","710035","2025-10-27","26.00","AUD","1760671996","11310/2025-10-27/1760671996.json"
"796964","564300","2025-10-29","26.00","AUD","1760671996","11310/2025-10-29/1760671996.json"
"888490","710035","2025-10-31","26.00","AUD","1760671996","11310/2025-10-31/1760671996.json"
"888490","710035","2025-11-01","26.00","AUD","1760671996","11310/2025-11-01/1760671996.json"
"796964","564300","2025-10-30","26.00","AUD","1760671996","11310/2025-10-30/1760671996.json"
"888490","710035","2025-10-30","26.00","AUD","1760671996","11310/2025-10-30/1760671996.json"
"796964","564300","2025-11-02","26.00","AUD","1760671996","11310/2025-11-02/1760671996.json"
"888490","710035","2025-11-02","26.00","AUD","1760671996","11310/2025-11-02/1760671996.json"
"796964","564300","2025-11-04","26.00","AUD","1760671996","11310/2025-11-04/1760671996.json"
"888490","710035","2025-11-04","26.00","AUD","1760671996","11310/2025-11-04/1760671996.json"
"796964","564300","2025-11-03","26.00","AUD","1760671996","11310/2025-11-03/1760671996.json"
"888490","710035","2025-11-03","26.00","AUD","1760671996","11310/2025-11-03/1760671996.json"
"796964","564300","2025-11-06","26.00","AUD","1760671996","11310/2025-11-06/1760671996.json"
"888490","710035","2025-11-06","26.00","AUD","1760671996","11310/2025-11-06/1760671996.json"
"796964","564300","2025-11-08","26.00","AUD","1760671996","11310/2025-11-08/1760671996.json"
"796964","564300","2025-11-09","26.00","AUD","1760671996","11310/2025-11-09/1760671996.json"
"888490","710035","2025-11-09","26.00","AUD","1760671996","11310/2025-11-09/1760671996.json"
"796964","564300","2025-11-07","26.00","AUD","1760671996","11310/2025-11-07/1760671996.json"
"888490","710035","2025-11-07","26.00","AUD","1760671996","11310/2025-11-07/1760671996.json"
"796964","564300","2025-11-10","26.00","AUD","1760671996","11310/2025-11-10/1760671996.json"
"888490","710035","2025-11-10","26.00","AUD","1760671996","11310/2025-11-10/1760671996.json"
"888490","710035","2025-11-13","28.00","AUD","1760671996","11310/2025-11-13/1760671996.json"
"796964","564300","2025-11-12","26.00","AUD","1760671996","11310/2025-11-12/1760671996.json"
"888490","710035","2025-11-11","26.00","AUD","1760671996","11310/2025-11-11/1760671996.json"
"796964","564300","2025-11-15","28.00","AUD","1760671996","11310/2025-11-15/1760671996.json"
"888490","710035","2025-11-15","28.00","AUD","1760671996","11310/2025-11-15/1760671996.json"
"888490","710035","2025-11-17","28.00","AUD","1760671996","11310/2025-11-17/1760671996.json"
"796964","564300","2025-11-16","28.00","AUD","1760671996","11310/2025-11-16/1760671996.json"
"796964","564300","2025-11-14","28.00","AUD","1760671996","11310/2025-11-14/1760671996.json"
"796964","564300","2025-11-18","28.00","AUD","1760671996","11310/2025-11-18/1760671996.json"
"888490","710035","2025-11-18","28.00","AUD","1760671996","11310/2025-11-18/1760671996.json"
"796964","564300","2025-11-20","28.00","AUD","1760671996","11310/2025-11-20/1760671996.json"
"888490","710035","2025-11-20","28.00","AUD","1760671996","11310/2025-11-20/1760671996.json"
"796964","564300","2025-11-21","28.00","AUD","1760671996","11310/2025-11-21/1760671996.json"
"796964","564300","2025-11-23","28.00","AUD","1760671996","11310/2025-11-23/1760671996.json"
"888490","710035","2025-11-23","28.00","AUD","1760671996","11310/2025-11-23/1760671996.json"
"796964","564300","2025-11-22","28.00","AUD","1760671996","11310/2025-11-22/1760671996.json"
"796964","564300","2025-11-26","28.00","AUD","1760671996","11310/2025-11-26/1760671996.json"
"888490","710035","2025-11-26","28.00","AUD","1760671996","11310/2025-11-26/1760671996.json"
"796964","564300","2025-11-27","28.00","AUD","1760671996","11310/2025-11-27/1760671996.json"
"888490","710035","2025-11-27","28.00","AUD","1760671996","11310/2025-11-27/1760671996.json"
"796964","564300","2025-11-29","28.00","AUD","1760671996","11310/2025-11-29/1760671996.json"
"888490","710035","2025-11-29","28.00","AUD","1760671996","11310/2025-11-29/1760671996.json"
"796964","564300","2025-11-30","28.00","AUD","1760671996","11310/2025-11-30/1760671996.json"
"888490","710035","2025-11-30","28.00","AUD","1760671996","11310/2025-11-30/1760671996.json"
"796964","564300","2025-12-02","28.00","AUD","1760671996","11310/2025-12-02/1760671996.json"
"888490","710035","2025-12-02","28.00","AUD","1760671996","11310/2025-12-02/1760671996.json"
"796964","564300","2025-12-03","28.00","AUD","1760671996","11310/2025-12-03/1760671996.json"
"888490","710035","2025-12-03","28.00","AUD","1760671996","11310/2025-12-03/1760671996.json"
"888490","710035","2025-12-04","28.00","AUD","1760671996","11310/2025-12-04/1760671996.json"
"796964","564300","2025-12-05","28.00","AUD","1760671996","11310/2025-12-05/1760671996.json"
"888490","710035","2025-12-05","28.00","AUD","1760671996","11310/2025-12-05/1760671996.json"
"796964","564300","2025-12-06","28.00","AUD","1760671996","11310/2025-12-06/1760671996.json"
"888490","710035","2025-12-06","28.00","AUD","1760671996","11310/2025-12-06/1760671996.json"
"796964","564300","2025-11-19","28.00","AUD","1760671996","11310/2025-11-19/1760671996.json"
"888490","710035","2025-11-19","28.00","AUD","1760671996","11310/2025-11-19/1760671996.json"
"796964","564300","2025-10-24","26.00","AUD","1760677425","11310/2025-10-24/1760677425.json"
"888490","710035","2025-10-24","26.00","AUD","1760677425","11310/2025-10-24/1760677425.json"
"796964","564300","2025-10-26","26.00","AUD","1760677425","11310/2025-10-26/1760677425.json"
"888490","710035","2025-10-27","26.00","AUD","1760677425","11310/2025-10-27/1760677425.json"
"796964","564300","2025-10-29","26.00","AUD","1760677425","11310/2025-10-29/1760677425.json"
"888490","710035","2025-10-31","26.00","AUD","1760677425","11310/2025-10-31/1760677425.json"
"796964","564300","2025-10-30","26.00","AUD","1760677425","11310/2025-10-30/1760677425.json"
"888490","710035","2025-10-30","26.00","AUD","1760677425","11310/2025-10-30/1760677425.json"
"796964","564300","2025-11-02","26.00","AUD","1760677425","11310/2025-11-02/1760677425.json"
"888490","710035","2025-11-02","26.00","AUD","1760677425","11310/2025-11-02/1760677425.json"
"888490","710035","2025-11-01","26.00","AUD","1760677425","11310/2025-11-01/1760677425.json"
"796964","564300","2025-11-03","26.00","AUD","1760677425","11310/2025-11-03/1760677425.json"
"888490","710035","2025-11-03","26.00","AUD","1760677425","11310/2025-11-03/1760677425.json"
"796964","564300","2025-11-04","26.00","AUD","1760677425","11310/2025-11-04/1760677425.json"
"888490","710035","2025-11-04","26.00","AUD","1760677425","11310/2025-11-04/1760677425.json"
"796964","564300","2025-11-06","26.00","AUD","1760677425","11310/2025-11-06/1760677425.json"
"888490","710035","2025-11-06","26.00","AUD","1760677425","11310/2025-11-06/1760677425.json"
"796964","564300","2025-11-07","26.00","AUD","1760677425","11310/2025-11-07/1760677425.json"
"888490","710035","2025-11-07","26.00","AUD","1760677425","11310/2025-11-07/1760677425.json"
"796964","564300","2025-11-08","26.00","AUD","1760677425","11310/2025-11-08/1760677425.json"
"796964","564300","2025-11-09","26.00","AUD","1760677425","11310/2025-11-09/1760677425.json"
"888490","710035","2025-11-09","26.00","AUD","1760677425","11310/2025-11-09/1760677425.json"
"796964","564300","2025-11-10","26.00","AUD","1760677425","11310/2025-11-10/1760677425.json"
"888490","710035","2025-11-10","26.00","AUD","1760677425","11310/2025-11-10/1760677425.json"
"888490","710035","2025-11-11","26.00","AUD","1760677425","11310/2025-11-11/1760677425.json"
"888490","710035","2025-11-13","28.00","AUD","1760677425","11310/2025-11-13/1760677425.json"
"796964","564300","2025-11-14","28.00","AUD","1760677425","11310/2025-11-14/1760677425.json"
"796964","564300","2025-11-15","28.00","AUD","1760677425","11310/2025-11-15/1760677425.json"
"888490","710035","2025-11-15","28.00","AUD","1760677425","11310/2025-11-15/1760677425.json"
"796964","564300","2025-11-16","28.00","AUD","1760677425","11310/2025-11-16/1760677425.json"
"796964","564300","2025-11-12","26.00","AUD","1760677425","11310/2025-11-12/1760677425.json"
"796964","564300","2025-11-18","28.00","AUD","1760677425","11310/2025-11-18/1760677425.json"
"888490","710035","2025-11-18","28.00","AUD","1760677425","11310/2025-11-18/1760677425.json"
"888490","710035","2025-11-17","28.00","AUD","1760677425","11310/2025-11-17/1760677425.json"
"796964","564300","2025-11-19","28.00","AUD","1760677425","11310/2025-11-19/1760677425.json"
"888490","710035","2025-11-19","28.00","AUD","1760677425","11310/2025-11-19/1760677425.json"
"796964","564300","2025-11-20","28.00","AUD","1760677425","11310/2025-11-20/1760677425.json"
"888490","710035","2025-11-20","28.00","AUD","1760677425","11310/2025-11-20/1760677425.json"
"796964","564300","2025-11-21","28.00","AUD","1760677425","11310/2025-11-21/1760677425.json"
"796964","564300","2025-11-22","28.00","AUD","1760677425","11310/2025-11-22/1760677425.json"
"796964","564300","2025-11-23","28.00","AUD","1760677425","11310/2025-11-23/1760677425.json"
"888490","710035","2025-11-23","28.00","AUD","1760677425","11310/2025-11-23/1760677425.json"
"796964","564300","2025-11-26","28.00","AUD","1760677425","11310/2025-11-26/1760677425.json"
"888490","710035","2025-11-26","28.00","AUD","1760677425","11310/2025-11-26/1760677425.json"
"796964","564300","2025-11-27","28.00","AUD","1760677425","11310/2025-11-27/1760677425.json"
"888490","710035","2025-11-27","28.00","AUD","1760677425","11310/2025-11-27/1760677425.json"
"796964","564300","2025-11-29","28.00","AUD","1760677425","11310/2025-11-29/1760677425.json"
"888490","710035","2025-11-29","28.00","AUD","1760677425","11310/2025-11-29/1760677425.json"
"796964","564300","2025-12-02","28.00","AUD","1760677425","11310/2025-12-02/1760677425.json"
"888490","710035","2025-12-02","28.00","AUD","1760677425","11310/2025-12-02/1760677425.json"
"796964","564300","2025-11-30","28.00","AUD","1760677425","11310/2025-11-30/1760677425.json"
"888490","710035","2025-11-30","28.00","AUD","1760677425","11310/2025-11-30/1760677425.json"
"796964","564300","2025-12-03","28.00","AUD","1760677425","11310/2025-12-03/1760677425.json"
"888490","710035","2025-12-03","28.00","AUD","1760677425","11310/2025-12-03/1760677425.json"
"888490","710035","2025-12-04","28.00","AUD","1760677425","11310/2025-12-04/1760677425.json"
"796964","564300","2025-12-05","28.00","AUD","1760677425","11310/2025-12-05/1760677425.json"
"888490","710035","2025-12-05","28.00","AUD","1760677425","11310/2025-12-05/1760677425.json"
"796964","564300","2025-12-06","28.00","AUD","1760677425","11310/2025-12-06/1760677425.json"
"888490","710035","2025-12-06","28.00","AUD","1760677425","11310/2025-12-06/1760677425.json"
"796964","564300","2025-10-24","26.00","AUD","1760692263","11310/2025-10-24/1760692263.json"
"888490","710035","2025-10-24","26.00","AUD","1760692263","11310/2025-10-24/1760692263.json"
"796964","564300","2025-10-26","26.00","AUD","1760692263","11310/2025-10-26/1760692263.json"
"888490","710035","2025-10-27","26.00","AUD","1760692263","11310/2025-10-27/1760692263.json"
"796964","564300","2025-10-30","26.00","AUD","1760692263","11310/2025-10-30/1760692263.json"
"888490","710035","2025-10-30","26.00","AUD","1760692263","11310/2025-10-30/1760692263.json"
"888490","710035","2025-10-31","26.00","AUD","1760692263","11310/2025-10-31/1760692263.json"
"796964","564300","2025-10-29","26.00","AUD","1760692263","11310/2025-10-29/1760692263.json"
"888490","710035","2025-11-01","26.00","AUD","1760692263","11310/2025-11-01/1760692263.json"
"796964","564300","2025-11-02","26.00","AUD","1760692263","11310/2025-11-02/1760692263.json"
"888490","710035","2025-11-02","26.00","AUD","1760692263","11310/2025-11-02/1760692263.json"
"796964","564300","2025-11-03","26.00","AUD","1760692263","11310/2025-11-03/1760692263.json"
"888490","710035","2025-11-03","26.00","AUD","1760692263","11310/2025-11-03/1760692263.json"
"796964","564300","2025-11-04","26.00","AUD","1760692263","11310/2025-11-04/1760692263.json"
"888490","710035","2025-11-04","26.00","AUD","1760692263","11310/2025-11-04/1760692263.json"
"796964","564300","2025-11-06","26.00","AUD","1760692263","11310/2025-11-06/1760692263.json"
"888490","710035","2025-11-06","26.00","AUD","1760692263","11310/2025-11-06/1760692263.json"
"796964","564300","2025-11-07","26.00","AUD","1760692263","11310/2025-11-07/1760692263.json"
"888490","710035","2025-11-07","26.00","AUD","1760692263","11310/2025-11-07/1760692263.json"
"796964","564300","2025-11-08","26.00","AUD","1760692263","11310/2025-11-08/1760692263.json"
"796964","564300","2025-11-09","26.00","AUD","1760692263","11310/2025-11-09/1760692263.json"
"888490","710035","2025-11-09","26.00","AUD","1760692263","11310/2025-11-09/1760692263.json"
"796964","564300","2025-11-10","26.00","AUD","1760692263","11310/2025-11-10/1760692263.json"
"888490","710035","2025-11-10","26.00","AUD","1760692263","11310/2025-11-10/1760692263.json"
"888490","710035","2025-11-11","26.00","AUD","1760692263","11310/2025-11-11/1760692263.json"
"888490","710035","2025-11-13","28.00","AUD","1760692263","11310/2025-11-13/1760692263.json"
"796964","564300","2025-11-12","26.00","AUD","1760692263","11310/2025-11-12/1760692263.json"
"796964","564300","2025-11-14","28.00","AUD","1760692263","11310/2025-11-14/1760692263.json"
"796964","564300","2025-11-15","28.00","AUD","1760692263","11310/2025-11-15/1760692263.json"
"888490","710035","2025-11-15","28.00","AUD","1760692263","11310/2025-11-15/1760692263.json"
"888490","710035","2025-11-17","28.00","AUD","1760692263","11310/2025-11-17/1760692263.json"
"796964","564300","2025-11-18","28.00","AUD","1760692263","11310/2025-11-18/1760692263.json"
"888490","710035","2025-11-18","28.00","AUD","1760692263","11310/2025-11-18/1760692263.json"
"796964","564300","2025-11-19","28.00","AUD","1760692263","11310/2025-11-19/1760692263.json"
"888490","710035","2025-11-19","28.00","AUD","1760692263","11310/2025-11-19/1760692263.json"
"796964","564300","2025-11-16","28.00","AUD","1760692263","11310/2025-11-16/1760692263.json"
"796964","564300","2025-11-20","28.00","AUD","1760692263","11310/2025-11-20/1760692263.json"
"888490","710035","2025-11-20","28.00","AUD","1760692263","11310/2025-11-20/1760692263.json"
"796964","564300","2025-11-22","28.00","AUD","1760692263","11310/2025-11-22/1760692263.json"
"796964","564300","2025-11-21","28.00","AUD","1760692263","11310/2025-11-21/1760692263.json"
"796964","564300","2025-11-23","28.00","AUD","1760692263","11310/2025-11-23/1760692263.json"
"888490","710035","2025-11-23","28.00","AUD","1760692263","11310/2025-11-23/1760692263.json"
"796964","564300","2025-11-26","28.00","AUD","1760692263","11310/2025-11-26/1760692263.json"
"888490","710035","2025-11-26","28.00","AUD","1760692263","11310/2025-11-26/1760692263.json"
"796964","564300","2025-11-27","28.00","AUD","1760692263","11310/2025-11-27/1760692263.json"
"888490","710035","2025-11-27","28.00","AUD","1760692263","11310/2025-11-27/1760692263.json"
"796964","564300","2025-11-29","28.00","AUD","1760692263","11310/2025-11-29/1760692263.json"
"888490","710035","2025-11-29","28.00","AUD","1760692263","11310/2025-11-29/1760692263.json"
"796964","564300","2025-11-30","28.00","AUD","1760692263","11310/2025-11-30/1760692263.json"
"888490","710035","2025-11-30","28.00","AUD","1760692263","11310/2025-11-30/1760692263.json"
"796964","564300","2025-12-02","28.00","AUD","1760692263","11310/2025-12-02/1760692263.json"
"888490","710035","2025-12-02","28.00","AUD","1760692263","11310/2025-12-02/1760692263.json"
"796964","564300","2025-12-03","28.00","AUD","1760692263","11310/2025-12-03/1760692263.json"
"888490","710035","2025-12-03","28.00","AUD","1760692263","11310/2025-12-03/1760692263.json"
"888490","710035","2025-12-04","28.00","AUD","1760692263","11310/2025-12-04/1760692263.json"
"796964","564300","2025-12-05","28.00","AUD","1760692263","11310/2025-12-05/1760692263.json"
"888490","710035","2025-12-05","28.00","AUD","1760692263","11310/2025-12-05/1760692263.json"
"796964","564300","2025-12-06","28.00","AUD","1760692263","11310/2025-12-06/1760692263.json"
"888490","710035","2025-12-06","28.00","AUD","1760692263","11310/2025-12-06/1760692263.json"
"796964","564300","2025-10-24","26.00","AUD","1760708638","11310/2025-10-24/1760708638.json"
"888490","710035","2025-10-24","26.00","AUD","1760708638","11310/2025-10-24/1760708638.json"
"888490","710035","2025-10-27","26.00","AUD","1760708638","11310/2025-10-27/1760708638.json"
"796964","564300","2025-10-26","26.00","AUD","1760708638","11310/2025-10-26/1760708638.json"
"796964","564300","2025-10-29","26.00","AUD","1760708638","11310/2025-10-29/1760708638.json"
"796964","564300","2025-10-30","26.00","AUD","1760708638","11310/2025-10-30/1760708638.json"
"888490","710035","2025-10-30","26.00","AUD","1760708638","11310/2025-10-30/1760708638.json"
"888490","710035","2025-11-01","26.00","AUD","1760708638","11310/2025-11-01/1760708638.json"
"796964","564300","2025-11-02","26.00","AUD","1760708638","11310/2025-11-02/1760708638.json"
"888490","710035","2025-11-02","26.00","AUD","1760708638","11310/2025-11-02/1760708638.json"
"888490","710035","2025-10-31","26.00","AUD","1760708638","11310/2025-10-31/1760708638.json"
"796964","564300","2025-11-03","26.00","AUD","1760708638","11310/2025-11-03/1760708638.json"
"888490","710035","2025-11-03","26.00","AUD","1760708638","11310/2025-11-03/1760708638.json"
"796964","564300","2025-11-04","26.00","AUD","1760708638","11310/2025-11-04/1760708638.json"
"888490","710035","2025-11-04","26.00","AUD","1760708638","11310/2025-11-04/1760708638.json"
"796964","564300","2025-11-06","26.00","AUD","1760708638","11310/2025-11-06/1760708638.json"
"888490","710035","2025-11-06","26.00","AUD","1760708638","11310/2025-11-06/1760708638.json"
"796964","564300","2025-11-07","26.00","AUD","1760708638","11310/2025-11-07/1760708638.json"
"888490","710035","2025-11-07","26.00","AUD","1760708638","11310/2025-11-07/1760708638.json"
"796964","564300","2025-11-08","26.00","AUD","1760708638","11310/2025-11-08/1760708638.json"
"796964","564300","2025-11-09","26.00","AUD","1760708638","11310/2025-11-09/1760708638.json"
"888490","710035","2025-11-09","26.00","AUD","1760708638","11310/2025-11-09/1760708638.json"
"796964","564300","2025-11-10","26.00","AUD","1760708638","11310/2025-11-10/1760708638.json"
"888490","710035","2025-11-10","26.00","AUD","1760708638","11310/2025-11-10/1760708638.json"
"888490","710035","2025-11-11","26.00","AUD","1760708638","11310/2025-11-11/1760708638.json"
"796964","564300","2025-11-12","26.00","AUD","1760708638","11310/2025-11-12/1760708638.json"
"888490","710035","2025-11-13","28.00","AUD","1760708638","11310/2025-11-13/1760708638.json"
"796964","564300","2025-11-15","28.00","AUD","1760708638","11310/2025-11-15/1760708638.json"
"888490","710035","2025-11-15","28.00","AUD","1760708638","11310/2025-11-15/1760708638.json"
"796964","564300","2025-11-16","28.00","AUD","1760708638","11310/2025-11-16/1760708638.json"
"796964","564300","2025-11-14","28.00","AUD","1760708638","11310/2025-11-14/1760708638.json"
"888490","710035","2025-11-17","28.00","AUD","1760708638","11310/2025-11-17/1760708638.json"
"796964","564300","2025-11-20","28.00","AUD","1760708638","11310/2025-11-20/1760708638.json"
"888490","710035","2025-11-20","28.00","AUD","1760708638","11310/2025-11-20/1760708638.json"
"796964","564300","2025-11-19","28.00","AUD","1760708638","11310/2025-11-19/1760708638.json"
"888490","710035","2025-11-19","28.00","AUD","1760708638","11310/2025-11-19/1760708638.json"
"796964","564300","2025-11-18","28.00","AUD","1760708638","11310/2025-11-18/1760708638.json"
"888490","710035","2025-11-18","28.00","AUD","1760708638","11310/2025-11-18/1760708638.json"
"796964","564300","2025-11-21","28.00","AUD","1760708638","11310/2025-11-21/1760708638.json"
"796964","564300","2025-11-23","28.00","AUD","1760708638","11310/2025-11-23/1760708638.json"
"888490","710035","2025-11-23","28.00","AUD","1760708638","11310/2025-11-23/1760708638.json"
"796964","564300","2025-11-22","28.00","AUD","1760708638","11310/2025-11-22/1760708638.json"
"796964","564300","2025-11-26","28.00","AUD","1760708638","11310/2025-11-26/1760708638.json"
"888490","710035","2025-11-26","28.00","AUD","1760708638","11310/2025-11-26/1760708638.json"
"796964","564300","2025-11-27","28.00","AUD","1760708638","11310/2025-11-27/1760708638.json"
"888490","710035","2025-11-27","28.00","AUD","1760708638","11310/2025-11-27/1760708638.json"
"796964","564300","2025-11-29","28.00","AUD","1760708638","11310/2025-11-29/1760708638.json"
"888490","710035","2025-11-29","28.00","AUD","1760708638","11310/2025-11-29/1760708638.json"
"796964","564300","2025-11-30","28.00","AUD","1760708638","11310/2025-11-30/1760708638.json"
"888490","710035","2025-11-30","28.00","AUD","1760708638","11310/2025-11-30/1760708638.json"
"796964","564300","2025-12-02","28.00","AUD","1760708638","11310/2025-12-02/1760708638.json"
"888490","710035","2025-12-02","28.00","AUD","1760708638","11310/2025-12-02/1760708638.json"
"796964","564300","2025-12-03","28.00","AUD","1760708638","11310/2025-12-03/1760708638.json"
"888490","710035","2025-12-03","28.00","AUD","1760708638","11310/2025-12-03/1760708638.json"
"796964","564300","2025-12-05","28.00","AUD","1760708638","11310/2025-12-05/1760708638.json"
"888490","710035","2025-12-05","28.00","AUD","1760708638","11310/2025-12-05/1760708638.json"
"888490","710035","2025-12-04","28.00","AUD","1760708638","11310/2025-12-04/1760708638.json"
"796964","564300","2025-12-06","28.00","AUD","1760708638","11310/2025-12-06/1760708638.json"
"888490","710035","2025-12-06","28.00","AUD","1760708638","11310/2025-12-06/1760708638.json"
"796964","564300","2025-10-24","26.00","AUD","1760720876","11310/2025-10-24/1760720876.json"
"888490","710035","2025-10-24","26.00","AUD","1760720876","11310/2025-10-24/1760720876.json"
"796964","564300","2025-10-26","26.00","AUD","1760720876","11310/2025-10-26/1760720876.json"
"796964","564300","2025-10-29","26.00","AUD","1760720876","11310/2025-10-29/1760720876.json"
"888490","710035","2025-10-27","26.00","AUD","1760720876","11310/2025-10-27/1760720876.json"
"796964","564300","2025-10-30","26.00","AUD","1760720876","11310/2025-10-30/1760720876.json"
"888490","710035","2025-10-30","26.00","AUD","1760720876","11310/2025-10-30/1760720876.json"
"888490","710035","2025-10-31","26.00","AUD","1760720876","11310/2025-10-31/1760720876.json"
"888490","710035","2025-11-01","26.00","AUD","1760720876","11310/2025-11-01/1760720876.json"
"796964","564300","2025-11-02","26.00","AUD","1760720876","11310/2025-11-02/1760720876.json"
"888490","710035","2025-11-02","26.00","AUD","1760720876","11310/2025-11-02/1760720876.json"
"796964","564300","2025-11-03","26.00","AUD","1760720876","11310/2025-11-03/1760720876.json"
"888490","710035","2025-11-03","26.00","AUD","1760720876","11310/2025-11-03/1760720876.json"
"796964","564300","2025-11-04","26.00","AUD","1760720876","11310/2025-11-04/1760720876.json"
"888490","710035","2025-11-04","26.00","AUD","1760720876","11310/2025-11-04/1760720876.json"
"796964","564300","2025-11-06","26.00","AUD","1760720876","11310/2025-11-06/1760720876.json"
"888490","710035","2025-11-06","26.00","AUD","1760720876","11310/2025-11-06/1760720876.json"
"796964","564300","2025-11-07","26.00","AUD","1760720876","11310/2025-11-07/1760720876.json"
"888490","710035","2025-11-07","26.00","AUD","1760720876","11310/2025-11-07/1760720876.json"
"796964","564300","2025-11-09","26.00","AUD","1760720876","11310/2025-11-09/1760720876.json"
"888490","710035","2025-11-09","26.00","AUD","1760720876","11310/2025-11-09/1760720876.json"
"796964","564300","2025-11-08","26.00","AUD","1760720876","11310/2025-11-08/1760720876.json"
"796964","564300","2025-11-10","26.00","AUD","1760720876","11310/2025-11-10/1760720876.json"
"888490","710035","2025-11-10","26.00","AUD","1760720876","11310/2025-11-10/1760720876.json"
"888490","710035","2025-11-11","26.00","AUD","1760720876","11310/2025-11-11/1760720876.json"
"888490","710035","2025-11-13","28.00","AUD","1760720876","11310/2025-11-13/1760720876.json"
"796964","564300","2025-11-14","28.00","AUD","1760720876","11310/2025-11-14/1760720876.json"
"796964","564300","2025-11-12","26.00","AUD","1760720876","11310/2025-11-12/1760720876.json"
"796964","564300","2025-11-15","28.00","AUD","1760720876","11310/2025-11-15/1760720876.json"
"888490","710035","2025-11-15","28.00","AUD","1760720876","11310/2025-11-15/1760720876.json"
"796964","564300","2025-11-18","28.00","AUD","1760720876","11310/2025-11-18/1760720876.json"
"888490","710035","2025-11-18","28.00","AUD","1760720876","11310/2025-11-18/1760720876.json"
"888490","710035","2025-11-17","28.00","AUD","1760720876","11310/2025-11-17/1760720876.json"
"796964","564300","2025-11-16","28.00","AUD","1760720876","11310/2025-11-16/1760720876.json"
"796964","564300","2025-11-19","28.00","AUD","1760720876","11310/2025-11-19/1760720876.json"
"888490","710035","2025-11-19","28.00","AUD","1760720876","11310/2025-11-19/1760720876.json"
"796964","564300","2025-11-21","28.00","AUD","1760720876","11310/2025-11-21/1760720876.json"
"796964","564300","2025-11-20","28.00","AUD","1760720876","11310/2025-11-20/1760720876.json"
"888490","710035","2025-11-20","28.00","AUD","1760720876","11310/2025-11-20/1760720876.json"
"796964","564300","2025-11-22","28.00","AUD","1760720876","11310/2025-11-22/1760720876.json"
"796964","564300","2025-11-26","28.00","AUD","1760720876","11310/2025-11-26/1760720876.json"
"888490","710035","2025-11-26","28.00","AUD","1760720876","11310/2025-11-26/1760720876.json"
"796964","564300","2025-11-23","28.00","AUD","1760720876","11310/2025-11-23/1760720876.json"
"888490","710035","2025-11-23","28.00","AUD","1760720876","11310/2025-11-23/1760720876.json"
"796964","564300","2025-11-27","28.00","AUD","1760720876","11310/2025-11-27/1760720876.json"
"888490","710035","2025-11-27","28.00","AUD","1760720876","11310/2025-11-27/1760720876.json"
"796964","564300","2025-11-30","28.00","AUD","1760720876","11310/2025-11-30/1760720876.json"
"888490","710035","2025-11-30","28.00","AUD","1760720876","11310/2025-11-30/1760720876.json"
"796964","564300","2025-11-29","28.00","AUD","1760720876","11310/2025-11-29/1760720876.json"
"888490","710035","2025-11-29","28.00","AUD","1760720876","11310/2025-11-29/1760720876.json"
"796964","564300","2025-12-02","28.00","AUD","1760720876","11310/2025-12-02/1760720876.json"
"888490","710035","2025-12-02","28.00","AUD","1760720876","11310/2025-12-02/1760720876.json"
"796964","564300","2025-12-03","28.00","AUD","1760720876","11310/2025-12-03/1760720876.json"
"888490","710035","2025-12-03","28.00","AUD","1760720876","11310/2025-12-03/1760720876.json"
"888490","710035","2025-12-04","28.00","AUD","1760720876","11310/2025-12-04/1760720876.json"
"796964","564300","2025-12-05","28.00","AUD","1760720876","11310/2025-12-05/1760720876.json"
"888490","710035","2025-12-05","28.00","AUD","1760720876","11310/2025-12-05/1760720876.json"
"796964","564300","2025-12-06","28.00","AUD","1760720876","11310/2025-12-06/1760720876.json"
"888490","710035","2025-12-06","28.00","AUD","1760720876","11310/2025-12-06/1760720876.json"
"796964","564300","2025-10-24","26.00","AUD","1760734564","11310/2025-10-24/1760734564.json"
"888490","710035","2025-10-24","26.00","AUD","1760734564","11310/2025-10-24/1760734564.json"
"888490","710035","2025-10-27","26.00","AUD","1760734564","11310/2025-10-27/1760734564.json"
"796964","564300","2025-10-26","26.00","AUD","1760734564","11310/2025-10-26/1760734564.json"
"796964","564300","2025-10-29","26.00","AUD","1760734564","11310/2025-10-29/1760734564.json"
"796964","564300","2025-10-30","26.00","AUD","1760734564","11310/2025-10-30/1760734564.json"
"888490","710035","2025-10-30","26.00","AUD","1760734564","11310/2025-10-30/1760734564.json"
"796964","564300","2025-11-02","26.00","AUD","1760734564","11310/2025-11-02/1760734564.json"
"888490","710035","2025-11-02","26.00","AUD","1760734564","11310/2025-11-02/1760734564.json"
"888490","710035","2025-11-01","26.00","AUD","1760734564","11310/2025-11-01/1760734564.json"
"796964","564300","2025-11-03","26.00","AUD","1760734564","11310/2025-11-03/1760734564.json"
"888490","710035","2025-11-03","26.00","AUD","1760734564","11310/2025-11-03/1760734564.json"
"796964","564300","2025-11-04","26.00","AUD","1760734564","11310/2025-11-04/1760734564.json"
"888490","710035","2025-11-04","26.00","AUD","1760734564","11310/2025-11-04/1760734564.json"
"888490","710035","2025-10-31","26.00","AUD","1760734564","11310/2025-10-31/1760734564.json"
"796964","564300","2025-11-06","26.00","AUD","1760734564","11310/2025-11-06/1760734564.json"
"888490","710035","2025-11-06","26.00","AUD","1760734564","11310/2025-11-06/1760734564.json"
"796964","564300","2025-11-07","26.00","AUD","1760734564","11310/2025-11-07/1760734564.json"
"888490","710035","2025-11-07","26.00","AUD","1760734564","11310/2025-11-07/1760734564.json"
"796964","564300","2025-11-09","26.00","AUD","1760734564","11310/2025-11-09/1760734564.json"
"888490","710035","2025-11-09","26.00","AUD","1760734564","11310/2025-11-09/1760734564.json"
"796964","564300","2025-11-08","26.00","AUD","1760734564","11310/2025-11-08/1760734564.json"
"796964","564300","2025-11-10","26.00","AUD","1760734564","11310/2025-11-10/1760734564.json"
"888490","710035","2025-11-10","26.00","AUD","1760734564","11310/2025-11-10/1760734564.json"
"796964","564300","2025-11-12","26.00","AUD","1760734564","11310/2025-11-12/1760734564.json"
"888490","710035","2025-11-13","28.00","AUD","1760734564","11310/2025-11-13/1760734564.json"
"796964","564300","2025-11-14","28.00","AUD","1760734564","11310/2025-11-14/1760734564.json"
"888490","710035","2025-11-11","26.00","AUD","1760734564","11310/2025-11-11/1760734564.json"
"796964","564300","2025-11-16","28.00","AUD","1760734564","11310/2025-11-16/1760734564.json"
"796964","564300","2025-11-15","28.00","AUD","1760734564","11310/2025-11-15/1760734564.json"
"888490","710035","2025-11-15","28.00","AUD","1760734564","11310/2025-11-15/1760734564.json"
"888490","710035","2025-11-17","28.00","AUD","1760734564","11310/2025-11-17/1760734564.json"
"796964","564300","2025-11-18","28.00","AUD","1760734564","11310/2025-11-18/1760734564.json"
"888490","710035","2025-11-18","28.00","AUD","1760734564","11310/2025-11-18/1760734564.json"
"796964","564300","2025-11-19","28.00","AUD","1760734564","11310/2025-11-19/1760734564.json"
"888490","710035","2025-11-19","28.00","AUD","1760734564","11310/2025-11-19/1760734564.json"
"796964","564300","2025-11-20","28.00","AUD","1760734564","11310/2025-11-20/1760734564.json"
"888490","710035","2025-11-20","28.00","AUD","1760734564","11310/2025-11-20/1760734564.json"
"796964","564300","2025-11-21","28.00","AUD","1760734564","11310/2025-11-21/1760734564.json"
"796964","564300","2025-11-23","28.00","AUD","1760734564","11310/2025-11-23/1760734564.json"
"888490","710035","2025-11-23","28.00","AUD","1760734564","11310/2025-11-23/1760734564.json"
"796964","564300","2025-11-22","28.00","AUD","1760734564","11310/2025-11-22/1760734564.json"
"796964","564300","2025-11-27","28.00","AUD","1760734564","11310/2025-11-27/1760734564.json"
"888490","710035","2025-11-27","28.00","AUD","1760734564","11310/2025-11-27/1760734564.json"
"796964","564300","2025-11-26","28.00","AUD","1760734564","11310/2025-11-26/1760734564.json"
"888490","710035","2025-11-26","28.00","AUD","1760734564","11310/2025-11-26/1760734564.json"
"796964","564300","2025-11-29","28.00","AUD","1760734564","11310/2025-11-29/1760734564.json"
"888490","710035","2025-11-29","28.00","AUD","1760734564","11310/2025-11-29/1760734564.json"
"796964","564300","2025-11-30","28.00","AUD","1760734564","11310/2025-11-30/1760734564.json"
"888490","710035","2025-11-30","28.00","AUD","1760734564","11310/2025-11-30/1760734564.json"
"796964","564300","2025-12-03","28.00","AUD","1760734564","11310/2025-12-03/1760734564.json"
"888490","710035","2025-12-03","28.00","AUD","1760734564","11310/2025-12-03/1760734564.json"
"888490","710035","2025-12-04","28.00","AUD","1760734564","11310/2025-12-04/1760734564.json"
"796964","564300","2025-12-05","28.00","AUD","1760734564","11310/2025-12-05/1760734564.json"
"888490","710035","2025-12-05","28.00","AUD","1760734564","11310/2025-12-05/1760734564.json"
"796964","564300","2025-12-02","28.00","AUD","1760734564","11310/2025-12-02/1760734564.json"
"888490","710035","2025-12-02","28.00","AUD","1760734564","11310/2025-12-02/1760734564.json"
"796964","564300","2025-12-06","28.00","AUD","1760734564","11310/2025-12-06/1760734564.json"
"888490","710035","2025-12-06","28.00","AUD","1760734564","11310/2025-12-06/1760734564.json"
"796964","564300","2025-10-24","26.00","AUD","1760758104","11310/2025-10-24/1760758104.json"
"888490","710035","2025-10-24","26.00","AUD","1760758104","11310/2025-10-24/1760758104.json"
"796964","564300","2025-10-26","26.00","AUD","1760758104","11310/2025-10-26/1760758104.json"
"888490","710035","2025-10-27","26.00","AUD","1760758104","11310/2025-10-27/1760758104.json"
"796964","564300","2025-10-29","26.00","AUD","1760758104","11310/2025-10-29/1760758104.json"
"796964","564300","2025-10-30","26.00","AUD","1760758104","11310/2025-10-30/1760758104.json"
"888490","710035","2025-10-30","26.00","AUD","1760758104","11310/2025-10-30/1760758104.json"
"888490","710035","2025-10-31","26.00","AUD","1760758104","11310/2025-10-31/1760758104.json"
"888490","710035","2025-11-01","26.00","AUD","1760758104","11310/2025-11-01/1760758104.json"
"796964","564300","2025-11-02","26.00","AUD","1760758104","11310/2025-11-02/1760758104.json"
"888490","710035","2025-11-02","26.00","AUD","1760758104","11310/2025-11-02/1760758104.json"
"796964","564300","2025-11-03","26.00","AUD","1760758104","11310/2025-11-03/1760758104.json"
"888490","710035","2025-11-03","26.00","AUD","1760758104","11310/2025-11-03/1760758104.json"
"796964","564300","2025-11-04","26.00","AUD","1760758104","11310/2025-11-04/1760758104.json"
"888490","710035","2025-11-04","26.00","AUD","1760758104","11310/2025-11-04/1760758104.json"
"796964","564300","2025-11-06","26.00","AUD","1760758104","11310/2025-11-06/1760758104.json"
"888490","710035","2025-11-06","26.00","AUD","1760758104","11310/2025-11-06/1760758104.json"
"796964","564300","2025-11-07","26.00","AUD","1760758104","11310/2025-11-07/1760758104.json"
"888490","710035","2025-11-07","26.00","AUD","1760758104","11310/2025-11-07/1760758104.json"
"796964","564300","2025-11-08","26.00","AUD","1760758104","11310/2025-11-08/1760758104.json"
"796964","564300","2025-11-09","26.00","AUD","1760758104","11310/2025-11-09/1760758104.json"
"888490","710035","2025-11-09","26.00","AUD","1760758104","11310/2025-11-09/1760758104.json"
"796964","564300","2025-11-10","26.00","AUD","1760758104","11310/2025-11-10/1760758104.json"
"888490","710035","2025-11-10","26.00","AUD","1760758104","11310/2025-11-10/1760758104.json"
"796964","564300","2025-11-12","26.00","AUD","1760758104","11310/2025-11-12/1760758104.json"
"888490","710035","2025-11-11","26.00","AUD","1760758104","11310/2025-11-11/1760758104.json"
"888490","710035","2025-11-13","28.00","AUD","1760758104","11310/2025-11-13/1760758104.json"
"796964","564300","2025-11-14","28.00","AUD","1760758104","11310/2025-11-14/1760758104.json"
"796964","564300","2025-11-16","28.00","AUD","1760758104","11310/2025-11-16/1760758104.json"
"796964","564300","2025-11-15","28.00","AUD","1760758104","11310/2025-11-15/1760758104.json"
"888490","710035","2025-11-15","28.00","AUD","1760758104","11310/2025-11-15/1760758104.json"
"888490","710035","2025-11-17","28.00","AUD","1760758104","11310/2025-11-17/1760758104.json"
"796964","564300","2025-11-19","28.00","AUD","1760758104","11310/2025-11-19/1760758104.json"
"888490","710035","2025-11-19","28.00","AUD","1760758104","11310/2025-11-19/1760758104.json"
"796964","564300","2025-11-18","28.00","AUD","1760758104","11310/2025-11-18/1760758104.json"
"888490","710035","2025-11-18","28.00","AUD","1760758104","11310/2025-11-18/1760758104.json"
"796964","564300","2025-11-21","28.00","AUD","1760758104","11310/2025-11-21/1760758104.json"
"796964","564300","2025-11-20","28.00","AUD","1760758104","11310/2025-11-20/1760758104.json"
"888490","710035","2025-11-20","28.00","AUD","1760758104","11310/2025-11-20/1760758104.json"
"796964","564300","2025-11-22","28.00","AUD","1760758104","11310/2025-11-22/1760758104.json"
"796964","564300","2025-11-23","28.00","AUD","1760758104","11310/2025-11-23/1760758104.json"
"888490","710035","2025-11-23","28.00","AUD","1760758104","11310/2025-11-23/1760758104.json"
"796964","564300","2025-11-26","28.00","AUD","1760758104","11310/2025-11-26/1760758104.json"
"888490","710035","2025-11-26","28.00","AUD","1760758104","11310/2025-11-26/1760758104.json"
"796964","564300","2025-11-27","28.00","AUD","1760758104","11310/2025-11-27/1760758104.json"
"888490","710035","2025-11-27","28.00","AUD","1760758104","11310/2025-11-27/1760758104.json"
"796964","564300","2025-11-29","28.00","AUD","1760758104","11310/2025-11-29/1760758104.json"
"888490","710035","2025-11-29","28.00","AUD","1760758104","11310/2025-11-29/1760758104.json"
"796964","564300","2025-11-30","28.00","AUD","1760758104","11310/2025-11-30/1760758104.json"
"888490","710035","2025-11-30","28.00","AUD","1760758104","11310/2025-11-30/1760758104.json"
"796964","564300","2025-12-02","28.00","AUD","1760758104","11310/2025-12-02/1760758104.json"
"888490","710035","2025-12-02","28.00","AUD","1760758104","11310/2025-12-02/1760758104.json"
"796964","564300","2025-12-03","28.00","AUD","1760758104","11310/2025-12-03/1760758104.json"
"888490","710035","2025-12-03","28.00","AUD","1760758104","11310/2025-12-03/1760758104.json"
"888490","710035","2025-12-04","28.00","AUD","1760758104","11310/2025-12-04/1760758104.json"
"796964","564300","2025-12-05","28.00","AUD","1760758104","11310/2025-12-05/1760758104.json"
"888490","710035","2025-12-05","28.00","AUD","1760758104","11310/2025-12-05/1760758104.json"
"796964","564300","2025-12-06","28.00","AUD","1760758104","11310/2025-12-06/1760758104.json"
"888490","710035","2025-12-06","28.00","AUD","1760758104","11310/2025-12-06/1760758104.json"
"796964","564300","2025-10-24","26.00","AUD","1760763824","11310/2025-10-24/1760763824.json"
"888490","710035","2025-10-24","26.00","AUD","1760763824","11310/2025-10-24/1760763824.json"
"796964","564300","2025-10-26","26.00","AUD","1760763824","11310/2025-10-26/1760763824.json"
"888490","710035","2025-10-27","26.00","AUD","1760763824","11310/2025-10-27/1760763824.json"
"796964","564300","2025-10-29","26.00","AUD","1760763824","11310/2025-10-29/1760763824.json"
"796964","564300","2025-10-30","26.00","AUD","1760763824","11310/2025-10-30/1760763824.json"
"888490","710035","2025-10-30","26.00","AUD","1760763824","11310/2025-10-30/1760763824.json"
"888490","710035","2025-10-31","26.00","AUD","1760763824","11310/2025-10-31/1760763824.json"
"796964","564300","2025-11-02","26.00","AUD","1760763824","11310/2025-11-02/1760763824.json"
"888490","710035","2025-11-02","26.00","AUD","1760763824","11310/2025-11-02/1760763824.json"
"888490","710035","2025-11-01","26.00","AUD","1760763824","11310/2025-11-01/1760763824.json"
"796964","564300","2025-11-03","26.00","AUD","1760763824","11310/2025-11-03/1760763824.json"
"888490","710035","2025-11-03","26.00","AUD","1760763824","11310/2025-11-03/1760763824.json"
"796964","564300","2025-11-04","26.00","AUD","1760763824","11310/2025-11-04/1760763824.json"
"888490","710035","2025-11-04","26.00","AUD","1760763824","11310/2025-11-04/1760763824.json"
"796964","564300","2025-11-07","26.00","AUD","1760763824","11310/2025-11-07/1760763824.json"
"888490","710035","2025-11-07","26.00","AUD","1760763824","11310/2025-11-07/1760763824.json"
"796964","564300","2025-11-06","26.00","AUD","1760763824","11310/2025-11-06/1760763824.json"
"888490","710035","2025-11-06","26.00","AUD","1760763824","11310/2025-11-06/1760763824.json"
"796964","564300","2025-11-09","26.00","AUD","1760763824","11310/2025-11-09/1760763824.json"
"888490","710035","2025-11-09","26.00","AUD","1760763824","11310/2025-11-09/1760763824.json"
"796964","564300","2025-11-10","26.00","AUD","1760763824","11310/2025-11-10/1760763824.json"
"888490","710035","2025-11-10","26.00","AUD","1760763824","11310/2025-11-10/1760763824.json"
"796964","564300","2025-11-08","26.00","AUD","1760763824","11310/2025-11-08/1760763824.json"
"888490","710035","2025-11-11","26.00","AUD","1760763824","11310/2025-11-11/1760763824.json"
"796964","564300","2025-11-12","26.00","AUD","1760763824","11310/2025-11-12/1760763824.json"
"888490","710035","2025-11-13","28.00","AUD","1760763824","11310/2025-11-13/1760763824.json"
"796964","564300","2025-11-14","28.00","AUD","1760763824","11310/2025-11-14/1760763824.json"
"796964","564300","2025-11-15","28.00","AUD","1760763824","11310/2025-11-15/1760763824.json"
"888490","710035","2025-11-15","28.00","AUD","1760763824","11310/2025-11-15/1760763824.json"
"796964","564300","2025-11-16","28.00","AUD","1760763824","11310/2025-11-16/1760763824.json"
"796964","564300","2025-11-18","28.00","AUD","1760763824","11310/2025-11-18/1760763824.json"
"888490","710035","2025-11-18","28.00","AUD","1760763824","11310/2025-11-18/1760763824.json"
"888490","710035","2025-11-17","28.00","AUD","1760763824","11310/2025-11-17/1760763824.json"
"796964","564300","2025-11-19","28.00","AUD","1760763824","11310/2025-11-19/1760763824.json"
"888490","710035","2025-11-19","28.00","AUD","1760763824","11310/2025-11-19/1760763824.json"
"796964","564300","2025-11-20","28.00","AUD","1760763824","11310/2025-11-20/1760763824.json"
"888490","710035","2025-11-20","28.00","AUD","1760763824","11310/2025-11-20/1760763824.json"
"796964","564300","2025-11-22","28.00","AUD","1760763824","11310/2025-11-22/1760763824.json"
"796964","564300","2025-11-23","28.00","AUD","1760763824","11310/2025-11-23/1760763824.json"
"888490","710035","2025-11-23","28.00","AUD","1760763824","11310/2025-11-23/1760763824.json"
"796964","564300","2025-11-21","28.00","AUD","1760763824","11310/2025-11-21/1760763824.json"
"796964","564300","2025-11-27","28.00","AUD","1760763824","11310/2025-11-27/1760763824.json"
"888490","710035","2025-11-27","28.00","AUD","1760763824","11310/2025-11-27/1760763824.json"
"796964","564300","2025-11-26","28.00","AUD","1760763824","11310/2025-11-26/1760763824.json"
"888490","710035","2025-11-26","28.00","AUD","1760763824","11310/2025-11-26/1760763824.json"
"796964","564300","2025-11-29","28.00","AUD","1760763824","11310/2025-11-29/1760763824.json"
"888490","710035","2025-11-29","28.00","AUD","1760763824","11310/2025-11-29/1760763824.json"
"796964","564300","2025-11-30","28.00","AUD","1760763824","11310/2025-11-30/1760763824.json"
"888490","710035","2025-11-30","28.00","AUD","1760763824","11310/2025-11-30/1760763824.json"
"796964","564300","2025-12-02","28.00","AUD","1760763824","11310/2025-12-02/1760763824.json"
"888490","710035","2025-12-02","28.00","AUD","1760763824","11310/2025-12-02/1760763824.json"
"796964","564300","2025-12-03","28.00","AUD","1760763824","11310/2025-12-03/1760763824.json"
"888490","710035","2025-12-03","28.00","AUD","1760763824","11310/2025-12-03/1760763824.json"
"888490","710035","2025-12-04","28.00","AUD","1760763824","11310/2025-12-04/1760763824.json"
"796964","564300","2025-12-05","28.00","AUD","1760763824","11310/2025-12-05/1760763824.json"
"888490","710035","2025-12-05","28.00","AUD","1760763824","11310/2025-12-05/1760763824.json"
"796964","564300","2025-12-06","28.00","AUD","1760763824","11310/2025-12-06/1760763824.json"
"888490","710035","2025-12-06","28.00","AUD","1760763824","11310/2025-12-06/1760763824.json"
"796964","564300","2025-10-24","26.00","AUD","1760778188","11310/2025-10-24/1760778188.json"
"888490","710035","2025-10-24","26.00","AUD","1760778188","11310/2025-10-24/1760778188.json"
"796964","564300","2025-10-26","26.00","AUD","1760778188","11310/2025-10-26/1760778188.json"
"796964","564300","2025-10-29","26.00","AUD","1760778188","11310/2025-10-29/1760778188.json"
"888490","710035","2025-10-27","26.00","AUD","1760778188","11310/2025-10-27/1760778188.json"
"796964","564300","2025-10-30","26.00","AUD","1760778188","11310/2025-10-30/1760778188.json"
"888490","710035","2025-10-30","26.00","AUD","1760778188","11310/2025-10-30/1760778188.json"
"888490","710035","2025-11-01","26.00","AUD","1760778188","11310/2025-11-01/1760778188.json"
"888490","710035","2025-10-31","26.00","AUD","1760778188","11310/2025-10-31/1760778188.json"
"796964","564300","2025-11-02","26.00","AUD","1760778188","11310/2025-11-02/1760778188.json"
"888490","710035","2025-11-02","26.00","AUD","1760778188","11310/2025-11-02/1760778188.json"
"796964","564300","2025-11-03","26.00","AUD","1760778188","11310/2025-11-03/1760778188.json"
"888490","710035","2025-11-03","26.00","AUD","1760778188","11310/2025-11-03/1760778188.json"
"796964","564300","2025-11-04","26.00","AUD","1760778188","11310/2025-11-04/1760778188.json"
"888490","710035","2025-11-04","26.00","AUD","1760778188","11310/2025-11-04/1760778188.json"
"796964","564300","2025-11-06","26.00","AUD","1760778188","11310/2025-11-06/1760778188.json"
"888490","710035","2025-11-06","26.00","AUD","1760778188","11310/2025-11-06/1760778188.json"
"796964","564300","2025-11-08","26.00","AUD","1760778188","11310/2025-11-08/1760778188.json"
"796964","564300","2025-11-07","26.00","AUD","1760778188","11310/2025-11-07/1760778188.json"
"888490","710035","2025-11-07","26.00","AUD","1760778188","11310/2025-11-07/1760778188.json"
"796964","564300","2025-11-09","26.00","AUD","1760778188","11310/2025-11-09/1760778188.json"
"888490","710035","2025-11-09","26.00","AUD","1760778188","11310/2025-11-09/1760778188.json"
"796964","564300","2025-11-10","26.00","AUD","1760778188","11310/2025-11-10/1760778188.json"
"888490","710035","2025-11-10","26.00","AUD","1760778188","11310/2025-11-10/1760778188.json"
"888490","710035","2025-11-11","26.00","AUD","1760778188","11310/2025-11-11/1760778188.json"
"888490","710035","2025-11-13","28.00","AUD","1760778188","11310/2025-11-13/1760778188.json"
"796964","564300","2025-11-14","28.00","AUD","1760778188","11310/2025-11-14/1760778188.json"
"796964","564300","2025-11-12","26.00","AUD","1760778188","11310/2025-11-12/1760778188.json"
"796964","564300","2025-11-15","28.00","AUD","1760778188","11310/2025-11-15/1760778188.json"
"888490","710035","2025-11-15","28.00","AUD","1760778188","11310/2025-11-15/1760778188.json"
"888490","710035","2025-11-17","28.00","AUD","1760778188","11310/2025-11-17/1760778188.json"
"796964","564300","2025-11-16","28.00","AUD","1760778188","11310/2025-11-16/1760778188.json"
"796964","564300","2025-11-18","28.00","AUD","1760778188","11310/2025-11-18/1760778188.json"
"888490","710035","2025-11-18","28.00","AUD","1760778188","11310/2025-11-18/1760778188.json"
"796964","564300","2025-11-19","28.00","AUD","1760778188","11310/2025-11-19/1760778188.json"
"888490","710035","2025-11-19","28.00","AUD","1760778188","11310/2025-11-19/1760778188.json"
"796964","564300","2025-11-20","28.00","AUD","1760778188","11310/2025-11-20/1760778188.json"
"888490","710035","2025-11-20","28.00","AUD","1760778188","11310/2025-11-20/1760778188.json"
"796964","564300","2025-11-21","28.00","AUD","1760778188","11310/2025-11-21/1760778188.json"
"796964","564300","2025-11-23","28.00","AUD","1760778188","11310/2025-11-23/1760778188.json"
"888490","710035","2025-11-23","28.00","AUD","1760778188","11310/2025-11-23/1760778188.json"
"796964","564300","2025-11-22","28.00","AUD","1760778188","11310/2025-11-22/1760778188.json"
"796964","564300","2025-11-26","28.00","AUD","1760778188","11310/2025-11-26/1760778188.json"
"888490","710035","2025-11-26","28.00","AUD","1760778188","11310/2025-11-26/1760778188.json"
"796964","564300","2025-11-29","28.00","AUD","1760778188","11310/2025-11-29/1760778188.json"
"888490","710035","2025-11-29","28.00","AUD","1760778188","11310/2025-11-29/1760778188.json"
"796964","564300","2025-11-27","28.00","AUD","1760778188","11310/2025-11-27/1760778188.json"
"888490","710035","2025-11-27","28.00","AUD","1760778188","11310/2025-11-27/1760778188.json"
"796964","564300","2025-11-30","28.00","AUD","1760778188","11310/2025-11-30/1760778188.json"
"888490","710035","2025-11-30","28.00","AUD","1760778188","11310/2025-11-30/1760778188.json"
"796964","564300","2025-12-02","28.00","AUD","1760778188","11310/2025-12-02/1760778188.json"
"888490","710035","2025-12-02","28.00","AUD","1760778188","11310/2025-12-02/1760778188.json"
"796964","564300","2025-12-03","28.00","AUD","1760778188","11310/2025-12-03/1760778188.json"
"888490","710035","2025-12-03","28.00","AUD","1760778188","11310/2025-12-03/1760778188.json"
"888490","710035","2025-12-04","28.00","AUD","1760778188","11310/2025-12-04/1760778188.json"
"796964","564300","2025-12-05","28.00","AUD","1760778188","11310/2025-12-05/1760778188.json"
"888490","710035","2025-12-05","28.00","AUD","1760778188","11310/2025-12-05/1760778188.json"
"796964","564300","2025-12-06","28.00","AUD","1760778188","11310/2025-12-06/1760778188.json"
"888490","710035","2025-12-06","28.00","AUD","1760778188","11310/2025-12-06/1760778188.json"
"796964","564300","2025-10-24","26.00","AUD","1760794110","11310/2025-10-24/1760794110.json"
"888490","710035","2025-10-24","26.00","AUD","1760794110","11310/2025-10-24/1760794110.json"
"796964","564300","2025-10-26","26.00","AUD","1760794110","11310/2025-10-26/1760794110.json"
"888490","710035","2025-10-26","26.00","AUD","1760794110","11310/2025-10-26/1760794110.json"
"888490","710035","2025-10-27","26.00","AUD","1760794110","11310/2025-10-27/1760794110.json"
"796964","564300","2025-10-29","26.00","AUD","1760794110","11310/2025-10-29/1760794110.json"
"796964","564300","2025-10-30","26.00","AUD","1760794110","11310/2025-10-30/1760794110.json"
"888490","710035","2025-10-30","26.00","AUD","1760794110","11310/2025-10-30/1760794110.json"
"888490","710035","2025-10-31","26.00","AUD","1760794110","11310/2025-10-31/1760794110.json"
"888490","710035","2025-11-01","26.00","AUD","1760794110","11310/2025-11-01/1760794110.json"
"796964","564300","2025-11-03","26.00","AUD","1760794110","11310/2025-11-03/1760794110.json"
"888490","710035","2025-11-03","26.00","AUD","1760794110","11310/2025-11-03/1760794110.json"
"796964","564300","2025-11-02","26.00","AUD","1760794110","11310/2025-11-02/1760794110.json"
"888490","710035","2025-11-02","26.00","AUD","1760794110","11310/2025-11-02/1760794110.json"
"796964","564300","2025-11-04","26.00","AUD","1760794110","11310/2025-11-04/1760794110.json"
"888490","710035","2025-11-04","26.00","AUD","1760794110","11310/2025-11-04/1760794110.json"
"796964","564300","2025-11-06","26.00","AUD","1760794110","11310/2025-11-06/1760794110.json"
"888490","710035","2025-11-06","26.00","AUD","1760794110","11310/2025-11-06/1760794110.json"
"796964","564300","2025-11-07","26.00","AUD","1760794110","11310/2025-11-07/1760794110.json"
"888490","710035","2025-11-07","26.00","AUD","1760794110","11310/2025-11-07/1760794110.json"
"796964","564300","2025-11-09","26.00","AUD","1760794110","11310/2025-11-09/1760794110.json"
"888490","710035","2025-11-09","26.00","AUD","1760794110","11310/2025-11-09/1760794110.json"
"796964","564300","2025-11-08","26.00","AUD","1760794110","11310/2025-11-08/1760794110.json"
"796964","564300","2025-11-10","26.00","AUD","1760794110","11310/2025-11-10/1760794110.json"
"888490","710035","2025-11-10","26.00","AUD","1760794110","11310/2025-11-10/1760794110.json"
"796964","564300","2025-11-12","26.00","AUD","1760794110","11310/2025-11-12/1760794110.json"
"888490","710035","2025-11-11","26.00","AUD","1760794110","11310/2025-11-11/1760794110.json"
"796964","564300","2025-11-14","28.00","AUD","1760794110","11310/2025-11-14/1760794110.json"
"888490","710035","2025-11-13","28.00","AUD","1760794110","11310/2025-11-13/1760794110.json"
"796964","564300","2025-11-16","28.00","AUD","1760794110","11310/2025-11-16/1760794110.json"
"796964","564300","2025-11-18","28.00","AUD","1760794110","11310/2025-11-18/1760794110.json"
"888490","710035","2025-11-18","28.00","AUD","1760794110","11310/2025-11-18/1760794110.json"
"888490","710035","2025-11-17","28.00","AUD","1760794110","11310/2025-11-17/1760794110.json"
"796964","564300","2025-11-19","28.00","AUD","1760794110","11310/2025-11-19/1760794110.json"
"888490","710035","2025-11-19","28.00","AUD","1760794110","11310/2025-11-19/1760794110.json"
"796964","564300","2025-11-20","28.00","AUD","1760794110","11310/2025-11-20/1760794110.json"
"888490","710035","2025-11-20","28.00","AUD","1760794110","11310/2025-11-20/1760794110.json"
"796964","564300","2025-11-21","28.00","AUD","1760794110","11310/2025-11-21/1760794110.json"
"796964","564300","2025-11-22","28.00","AUD","1760794110","11310/2025-11-22/1760794110.json"
"796964","564300","2025-11-23","28.00","AUD","1760794110","11310/2025-11-23/1760794110.json"
"888490","710035","2025-11-23","28.00","AUD","1760794110","11310/2025-11-23/1760794110.json"
"796964","564300","2025-11-26","28.00","AUD","1760794110","11310/2025-11-26/1760794110.json"
"888490","710035","2025-11-26","28.00","AUD","1760794110","11310/2025-11-26/1760794110.json"
"796964","564300","2025-11-27","28.00","AUD","1760794110","11310/2025-11-27/1760794110.json"
"888490","710035","2025-11-27","28.00","AUD","1760794110","11310/2025-11-27/1760794110.json"
"796964","564300","2025-11-29","28.00","AUD","1760794110","11310/2025-11-29/1760794110.json"
"888490","710035","2025-11-29","28.00","AUD","1760794110","11310/2025-11-29/1760794110.json"
"796964","564300","2025-11-30","28.00","AUD","1760794110","11310/2025-11-30/1760794110.json"
"888490","710035","2025-11-30","28.00","AUD","1760794110","11310/2025-11-30/1760794110.json"
"796964","564300","2025-12-02","28.00","AUD","1760794110","11310/2025-12-02/1760794110.json"
"888490","710035","2025-12-02","28.00","AUD","1760794110","11310/2025-12-02/1760794110.json"
"796964","564300","2025-12-03","28.00","AUD","1760794110","11310/2025-12-03/1760794110.json"
"888490","710035","2025-12-03","28.00","AUD","1760794110","11310/2025-12-03/1760794110.json"
"796964","564300","2025-12-05","28.00","AUD","1760794110","11310/2025-12-05/1760794110.json"
"888490","710035","2025-12-05","28.00","AUD","1760794110","11310/2025-12-05/1760794110.json"
"796964","564300","2025-12-06","28.00","AUD","1760794110","11310/2025-12-06/1760794110.json"
"888490","710035","2025-12-06","28.00","AUD","1760794110","11310/2025-12-06/1760794110.json"
"888490","710035","2025-12-04","28.00","AUD","1760794110","11310/2025-12-04/1760794110.json"
"796964","564300","2025-11-15","28.00","AUD","1760794110","11310/2025-11-15/1760794110.json"
"888490","710035","2025-11-15","28.00","AUD","1760794110","11310/2025-11-15/1760794110.json"
"796964","564300","2025-10-24","26.00","AUD","1760807220","11310/2025-10-24/1760807220.json"
"888490","710035","2025-10-24","26.00","AUD","1760807220","11310/2025-10-24/1760807220.json"
"796964","564300","2025-10-26","26.00","AUD","1760807220","11310/2025-10-26/1760807220.json"
"888490","710035","2025-10-26","26.00","AUD","1760807220","11310/2025-10-26/1760807220.json"
"888490","710035","2025-10-27","26.00","AUD","1760807220","11310/2025-10-27/1760807220.json"
"796964","564300","2025-10-29","26.00","AUD","1760807220","11310/2025-10-29/1760807220.json"
"796964","564300","2025-10-30","26.00","AUD","1760807220","11310/2025-10-30/1760807220.json"
"888490","710035","2025-10-30","26.00","AUD","1760807220","11310/2025-10-30/1760807220.json"
"888490","710035","2025-10-31","26.00","AUD","1760807220","11310/2025-10-31/1760807220.json"
"888490","710035","2025-11-01","26.00","AUD","1760807220","11310/2025-11-01/1760807220.json"
"796964","564300","2025-11-02","26.00","AUD","1760807220","11310/2025-11-02/1760807220.json"
"888490","710035","2025-11-02","26.00","AUD","1760807220","11310/2025-11-02/1760807220.json"
"796964","564300","2025-11-03","26.00","AUD","1760807220","11310/2025-11-03/1760807220.json"
"888490","710035","2025-11-03","26.00","AUD","1760807220","11310/2025-11-03/1760807220.json"
"796964","564300","2025-11-04","26.00","AUD","1760807220","11310/2025-11-04/1760807220.json"
"888490","710035","2025-11-04","26.00","AUD","1760807220","11310/2025-11-04/1760807220.json"
"796964","564300","2025-11-07","26.00","AUD","1760807220","11310/2025-11-07/1760807220.json"
"888490","710035","2025-11-07","26.00","AUD","1760807220","11310/2025-11-07/1760807220.json"
"796964","564300","2025-11-06","26.00","AUD","1760807220","11310/2025-11-06/1760807220.json"
"888490","710035","2025-11-06","26.00","AUD","1760807220","11310/2025-11-06/1760807220.json"
"796964","564300","2025-11-10","26.00","AUD","1760807220","11310/2025-11-10/1760807220.json"
"888490","710035","2025-11-10","26.00","AUD","1760807220","11310/2025-11-10/1760807220.json"
"796964","564300","2025-11-08","26.00","AUD","1760807220","11310/2025-11-08/1760807220.json"
"796964","564300","2025-11-09","26.00","AUD","1760807220","11310/2025-11-09/1760807220.json"
"888490","710035","2025-11-09","26.00","AUD","1760807220","11310/2025-11-09/1760807220.json"
"888490","710035","2025-11-11","26.00","AUD","1760807220","11310/2025-11-11/1760807220.json"
"796964","564300","2025-11-12","26.00","AUD","1760807220","11310/2025-11-12/1760807220.json"
"888490","710035","2025-11-13","28.00","AUD","1760807220","11310/2025-11-13/1760807220.json"
"796964","564300","2025-11-14","28.00","AUD","1760807220","11310/2025-11-14/1760807220.json"
"796964","564300","2025-11-15","28.00","AUD","1760807220","11310/2025-11-15/1760807220.json"
"888490","710035","2025-11-15","28.00","AUD","1760807220","11310/2025-11-15/1760807220.json"
"796964","564300","2025-11-16","28.00","AUD","1760807220","11310/2025-11-16/1760807220.json"
"888490","710035","2025-11-17","28.00","AUD","1760807220","11310/2025-11-17/1760807220.json"
"796964","564300","2025-11-18","28.00","AUD","1760807220","11310/2025-11-18/1760807220.json"
"888490","710035","2025-11-18","28.00","AUD","1760807220","11310/2025-11-18/1760807220.json"
"796964","564300","2025-11-19","28.00","AUD","1760807220","11310/2025-11-19/1760807220.json"
"888490","710035","2025-11-19","28.00","AUD","1760807220","11310/2025-11-19/1760807220.json"
"796964","564300","2025-11-20","28.00","AUD","1760807220","11310/2025-11-20/1760807220.json"
"888490","710035","2025-11-20","28.00","AUD","1760807220","11310/2025-11-20/1760807220.json"
"796964","564300","2025-11-21","28.00","AUD","1760807220","11310/2025-11-21/1760807220.json"
"796964","564300","2025-11-22","28.00","AUD","1760807220","11310/2025-11-22/1760807220.json"
"796964","564300","2025-11-23","28.00","AUD","1760807220","11310/2025-11-23/1760807220.json"
"888490","710035","2025-11-23","28.00","AUD","1760807220","11310/2025-11-23/1760807220.json"
"796964","564300","2025-11-26","28.00","AUD","1760807220","11310/2025-11-26/1760807220.json"
"888490","710035","2025-11-26","28.00","AUD","1760807220","11310/2025-11-26/1760807220.json"
"796964","564300","2025-11-29","28.00","AUD","1760807220","11310/2025-11-29/1760807220.json"
"888490","710035","2025-11-29","28.00","AUD","1760807220","11310/2025-11-29/1760807220.json"
"796964","564300","2025-11-30","28.00","AUD","1760807220","11310/2025-11-30/1760807220.json"
"888490","710035","2025-11-30","28.00","AUD","1760807220","11310/2025-11-30/1760807220.json"
"796964","564300","2025-11-27","28.00","AUD","1760807220","11310/2025-11-27/1760807220.json"
"888490","710035","2025-11-27","28.00","AUD","1760807220","11310/2025-11-27/1760807220.json"
"796964","564300","2025-12-02","28.00","AUD","1760807220","11310/2025-12-02/1760807220.json"
"888490","710035","2025-12-02","28.00","AUD","1760807220","11310/2025-12-02/1760807220.json"
"888490","710035","2025-12-04","28.00","AUD","1760807220","11310/2025-12-04/1760807220.json"
"796964","564300","2025-12-03","28.00","AUD","1760807220","11310/2025-12-03/1760807220.json"
"888490","710035","2025-12-03","28.00","AUD","1760807220","11310/2025-12-03/1760807220.json"
"796964","564300","2025-12-05","28.00","AUD","1760807220","11310/2025-12-05/1760807220.json"
"888490","710035","2025-12-05","28.00","AUD","1760807220","11310/2025-12-05/1760807220.json"
"796964","564300","2025-12-06","28.00","AUD","1760807220","11310/2025-12-06/1760807220.json"
"888490","710035","2025-12-06","28.00","AUD","1760807220","11310/2025-12-06/1760807220.json"
"796964","564300","2025-10-24","26.00","AUD","1760821173","11310/2025-10-24/1760821173.json"
"888490","710035","2025-10-24","26.00","AUD","1760821173","11310/2025-10-24/1760821173.json"
"796964","564300","2025-10-26","26.00","AUD","1760821173","11310/2025-10-26/1760821173.json"
"888490","710035","2025-10-26","26.00","AUD","1760821173","11310/2025-10-26/1760821173.json"
"796964","564300","2025-10-29","26.00","AUD","1760821173","11310/2025-10-29/1760821173.json"
"888490","710035","2025-10-27","26.00","AUD","1760821173","11310/2025-10-27/1760821173.json"
"796964","564300","2025-10-30","26.00","AUD","1760821173","11310/2025-10-30/1760821173.json"
"888490","710035","2025-10-30","26.00","AUD","1760821173","11310/2025-10-30/1760821173.json"
"888490","710035","2025-10-31","26.00","AUD","1760821173","11310/2025-10-31/1760821173.json"
"888490","710035","2025-11-01","26.00","AUD","1760821173","11310/2025-11-01/1760821173.json"
"796964","564300","2025-11-02","26.00","AUD","1760821173","11310/2025-11-02/1760821173.json"
"888490","710035","2025-11-02","26.00","AUD","1760821173","11310/2025-11-02/1760821173.json"
"796964","564300","2025-11-06","26.00","AUD","1760821173","11310/2025-11-06/1760821173.json"
"888490","710035","2025-11-06","26.00","AUD","1760821173","11310/2025-11-06/1760821173.json"
"796964","564300","2025-11-04","26.00","AUD","1760821173","11310/2025-11-04/1760821173.json"
"888490","710035","2025-11-04","26.00","AUD","1760821173","11310/2025-11-04/1760821173.json"
"796964","564300","2025-11-08","26.00","AUD","1760821173","11310/2025-11-08/1760821173.json"
"796964","564300","2025-11-09","26.00","AUD","1760821173","11310/2025-11-09/1760821173.json"
"888490","710035","2025-11-09","26.00","AUD","1760821173","11310/2025-11-09/1760821173.json"
"796964","564300","2025-11-07","26.00","AUD","1760821173","11310/2025-11-07/1760821173.json"
"888490","710035","2025-11-07","26.00","AUD","1760821173","11310/2025-11-07/1760821173.json"
"888490","710035","2025-11-11","26.00","AUD","1760821173","11310/2025-11-11/1760821173.json"
"796964","564300","2025-11-10","26.00","AUD","1760821173","11310/2025-11-10/1760821173.json"
"888490","710035","2025-11-10","26.00","AUD","1760821173","11310/2025-11-10/1760821173.json"
"796964","564300","2025-11-12","26.00","AUD","1760821173","11310/2025-11-12/1760821173.json"
"796964","564300","2025-11-14","28.00","AUD","1760821173","11310/2025-11-14/1760821173.json"
"888490","710035","2025-11-13","28.00","AUD","1760821173","11310/2025-11-13/1760821173.json"
"796964","564300","2025-11-15","28.00","AUD","1760821173","11310/2025-11-15/1760821173.json"
"888490","710035","2025-11-15","28.00","AUD","1760821173","11310/2025-11-15/1760821173.json"
"888490","710035","2025-11-17","28.00","AUD","1760821173","11310/2025-11-17/1760821173.json"
"796964","564300","2025-11-03","26.00","AUD","1760821173","11310/2025-11-03/1760821173.json"
"888490","710035","2025-11-03","26.00","AUD","1760821173","11310/2025-11-03/1760821173.json"
"796964","564300","2025-11-16","28.00","AUD","1760821173","11310/2025-11-16/1760821173.json"
"796964","564300","2025-11-18","28.00","AUD","1760821173","11310/2025-11-18/1760821173.json"
"888490","710035","2025-11-18","28.00","AUD","1760821173","11310/2025-11-18/1760821173.json"
"796964","564300","2025-11-19","28.00","AUD","1760821173","11310/2025-11-19/1760821173.json"
"888490","710035","2025-11-19","28.00","AUD","1760821173","11310/2025-11-19/1760821173.json"
"796964","564300","2025-11-20","28.00","AUD","1760821173","11310/2025-11-20/1760821173.json"
"888490","710035","2025-11-20","28.00","AUD","1760821173","11310/2025-11-20/1760821173.json"
"796964","564300","2025-11-21","28.00","AUD","1760821173","11310/2025-11-21/1760821173.json"
"796964","564300","2025-11-22","28.00","AUD","1760821173","11310/2025-11-22/1760821173.json"
"796964","564300","2025-11-26","28.00","AUD","1760821173","11310/2025-11-26/1760821173.json"
"888490","710035","2025-11-26","28.00","AUD","1760821173","11310/2025-11-26/1760821173.json"
"796964","564300","2025-11-23","28.00","AUD","1760821173","11310/2025-11-23/1760821173.json"
"888490","710035","2025-11-23","28.00","AUD","1760821173","11310/2025-11-23/1760821173.json"
"796964","564300","2025-11-27","28.00","AUD","1760821173","11310/2025-11-27/1760821173.json"
"888490","710035","2025-11-27","28.00","AUD","1760821173","11310/2025-11-27/1760821173.json"
"796964","564300","2025-11-29","28.00","AUD","1760821173","11310/2025-11-29/1760821173.json"
"888490","710035","2025-11-29","28.00","AUD","1760821173","11310/2025-11-29/1760821173.json"
"796964","564300","2025-11-30","28.00","AUD","1760821173","11310/2025-11-30/1760821173.json"
"888490","710035","2025-11-30","28.00","AUD","1760821173","11310/2025-11-30/1760821173.json"
"796964","564300","2025-12-02","28.00","AUD","1760821173","11310/2025-12-02/1760821173.json"
"888490","710035","2025-12-02","28.00","AUD","1760821173","11310/2025-12-02/1760821173.json"
"888490","710035","2025-12-04","28.00","AUD","1760821173","11310/2025-12-04/1760821173.json"
"796964","564300","2025-12-03","28.00","AUD","1760821173","11310/2025-12-03/1760821173.json"
"888490","710035","2025-12-03","28.00","AUD","1760821173","11310/2025-12-03/1760821173.json"
"796964","564300","2025-12-05","28.00","AUD","1760821173","11310/2025-12-05/1760821173.json"
"888490","710035","2025-12-05","28.00","AUD","1760821173","11310/2025-12-05/1760821173.json"
"796964","564300","2025-12-06","28.00","AUD","1760821173","11310/2025-12-06/1760821173.json"
"888490","710035","2025-12-06","28.00","AUD","1760821173","11310/2025-12-06/1760821173.json"
"796964","564300","2025-10-24","26.00","AUD","1760846235","11310/2025-10-24/1760846235.json"
"888490","710035","2025-10-24","26.00","AUD","1760846235","11310/2025-10-24/1760846235.json"
"796964","564300","2025-10-26","26.00","AUD","1760846235","11310/2025-10-26/1760846235.json"
"888490","710035","2025-10-26","26.00","AUD","1760846235","11310/2025-10-26/1760846235.json"
"796964","564300","2025-10-29","26.00","AUD","1760846235","11310/2025-10-29/1760846235.json"
"888490","710035","2025-10-27","26.00","AUD","1760846235","11310/2025-10-27/1760846235.json"
"796964","564300","2025-10-30","26.00","AUD","1760846235","11310/2025-10-30/1760846235.json"
"888490","710035","2025-10-30","26.00","AUD","1760846235","11310/2025-10-30/1760846235.json"
"888490","710035","2025-10-31","26.00","AUD","1760846235","11310/2025-10-31/1760846235.json"
"888490","710035","2025-11-01","26.00","AUD","1760846235","11310/2025-11-01/1760846235.json"
"796964","564300","2025-11-02","26.00","AUD","1760846235","11310/2025-11-02/1760846235.json"
"888490","710035","2025-11-02","26.00","AUD","1760846235","11310/2025-11-02/1760846235.json"
"796964","564300","2025-11-03","26.00","AUD","1760846235","11310/2025-11-03/1760846235.json"
"888490","710035","2025-11-03","26.00","AUD","1760846235","11310/2025-11-03/1760846235.json"
"796964","564300","2025-11-04","26.00","AUD","1760846235","11310/2025-11-04/1760846235.json"
"888490","710035","2025-11-04","26.00","AUD","1760846235","11310/2025-11-04/1760846235.json"
"796964","564300","2025-11-07","26.00","AUD","1760846235","11310/2025-11-07/1760846235.json"
"888490","710035","2025-11-07","26.00","AUD","1760846235","11310/2025-11-07/1760846235.json"
"796964","564300","2025-11-06","26.00","AUD","1760846235","11310/2025-11-06/1760846235.json"
"888490","710035","2025-11-06","26.00","AUD","1760846235","11310/2025-11-06/1760846235.json"
"796964","564300","2025-11-08","26.00","AUD","1760846235","11310/2025-11-08/1760846235.json"
"796964","564300","2025-11-09","26.00","AUD","1760846235","11310/2025-11-09/1760846235.json"
"888490","710035","2025-11-09","26.00","AUD","1760846235","11310/2025-11-09/1760846235.json"
"888490","710035","2025-11-11","26.00","AUD","1760846235","11310/2025-11-11/1760846235.json"
"796964","564300","2025-11-10","26.00","AUD","1760846235","11310/2025-11-10/1760846235.json"
"888490","710035","2025-11-10","26.00","AUD","1760846235","11310/2025-11-10/1760846235.json"
"796964","564300","2025-11-12","26.00","AUD","1760846235","11310/2025-11-12/1760846235.json"
"888490","710035","2025-11-13","28.00","AUD","1760846235","11310/2025-11-13/1760846235.json"
"796964","564300","2025-11-14","28.00","AUD","1760846235","11310/2025-11-14/1760846235.json"
"796964","564300","2025-11-15","28.00","AUD","1760846235","11310/2025-11-15/1760846235.json"
"888490","710035","2025-11-15","28.00","AUD","1760846235","11310/2025-11-15/1760846235.json"
"796964","564300","2025-11-16","28.00","AUD","1760846235","11310/2025-11-16/1760846235.json"
"888490","710035","2025-11-17","28.00","AUD","1760846235","11310/2025-11-17/1760846235.json"
"796964","564300","2025-11-19","28.00","AUD","1760846235","11310/2025-11-19/1760846235.json"
"888490","710035","2025-11-19","28.00","AUD","1760846235","11310/2025-11-19/1760846235.json"
"796964","564300","2025-11-18","28.00","AUD","1760846235","11310/2025-11-18/1760846235.json"
"888490","710035","2025-11-18","28.00","AUD","1760846235","11310/2025-11-18/1760846235.json"
"796964","564300","2025-11-20","28.00","AUD","1760846235","11310/2025-11-20/1760846235.json"
"796964","564300","2025-11-21","28.00","AUD","1760846235","11310/2025-11-21/1760846235.json"
"888490","710035","2025-11-20","28.00","AUD","1760846235","11310/2025-11-20/1760846235.json"
"796964","564300","2025-11-23","28.00","AUD","1760846235","11310/2025-11-23/1760846235.json"
"888490","710035","2025-11-23","28.00","AUD","1760846235","11310/2025-11-23/1760846235.json"
"796964","564300","2025-11-22","28.00","AUD","1760846235","11310/2025-11-22/1760846235.json"
"796964","564300","2025-11-26","28.00","AUD","1760846235","11310/2025-11-26/1760846235.json"
"888490","710035","2025-11-26","28.00","AUD","1760846235","11310/2025-11-26/1760846235.json"
"796964","564300","2025-11-27","28.00","AUD","1760846235","11310/2025-11-27/1760846235.json"
"888490","710035","2025-11-27","28.00","AUD","1760846235","11310/2025-11-27/1760846235.json"
"796964","564300","2025-11-29","28.00","AUD","1760846235","11310/2025-11-29/1760846235.json"
"888490","710035","2025-11-29","28.00","AUD","1760846235","11310/2025-11-29/1760846235.json"
"796964","564300","2025-11-30","28.00","AUD","1760846235","11310/2025-11-30/1760846235.json"
"888490","710035","2025-11-30","28.00","AUD","1760846235","11310/2025-11-30/1760846235.json"
"796964","564300","2025-12-03","28.00","AUD","1760846235","11310/2025-12-03/1760846235.json"
"888490","710035","2025-12-03","28.00","AUD","1760846235","11310/2025-12-03/1760846235.json"
"796964","564300","2025-12-02","28.00","AUD","1760846235","11310/2025-12-02/1760846235.json"
"888490","710035","2025-12-02","28.00","AUD","1760846235","11310/2025-12-02/1760846235.json"
"888490","710035","2025-12-04","28.00","AUD","1760846235","11310/2025-12-04/1760846235.json"
"796964","564300","2025-12-05","28.00","AUD","1760846235","11310/2025-12-05/1760846235.json"
"888490","710035","2025-12-05","28.00","AUD","1760846235","11310/2025-12-05/1760846235.json"
"796964","564300","2025-12-06","28.00","AUD","1760846235","11310/2025-12-06/1760846235.json"
"888490","710035","2025-12-06","28.00","AUD","1760846235","11310/2025-12-06/1760846235.json"
"796964","564300","2025-10-26","26.00","AUD","1760850206","11310/2025-10-26/1760850206.json"
"888490","710035","2025-10-26","26.00","AUD","1760850206","11310/2025-10-26/1760850206.json"
"796964","564300","2025-10-24","26.00","AUD","1760850206","11310/2025-10-24/1760850206.json"
"888490","710035","2025-10-24","26.00","AUD","1760850206","11310/2025-10-24/1760850206.json"
"796964","564300","2025-10-29","26.00","AUD","1760850206","11310/2025-10-29/1760850206.json"
"796964","564300","2025-10-30","26.00","AUD","1760850206","11310/2025-10-30/1760850206.json"
"888490","710035","2025-10-27","26.00","AUD","1760850206","11310/2025-10-27/1760850206.json"
"888490","710035","2025-10-30","26.00","AUD","1760850206","11310/2025-10-30/1760850206.json"
"888490","710035","2025-11-01","26.00","AUD","1760850206","11310/2025-11-01/1760850206.json"
"888490","710035","2025-10-31","26.00","AUD","1760850206","11310/2025-10-31/1760850206.json"
"796964","564300","2025-11-02","26.00","AUD","1760850206","11310/2025-11-02/1760850206.json"
"888490","710035","2025-11-02","26.00","AUD","1760850206","11310/2025-11-02/1760850206.json"
"796964","564300","2025-11-03","26.00","AUD","1760850206","11310/2025-11-03/1760850206.json"
"888490","710035","2025-11-03","26.00","AUD","1760850206","11310/2025-11-03/1760850206.json"
"796964","564300","2025-11-04","26.00","AUD","1760850206","11310/2025-11-04/1760850206.json"
"888490","710035","2025-11-04","26.00","AUD","1760850206","11310/2025-11-04/1760850206.json"
"796964","564300","2025-11-07","26.00","AUD","1760850206","11310/2025-11-07/1760850206.json"
"888490","710035","2025-11-07","26.00","AUD","1760850206","11310/2025-11-07/1760850206.json"
"796964","564300","2025-11-06","26.00","AUD","1760850206","11310/2025-11-06/1760850206.json"
"888490","710035","2025-11-06","26.00","AUD","1760850206","11310/2025-11-06/1760850206.json"
"796964","564300","2025-11-08","26.00","AUD","1760850206","11310/2025-11-08/1760850206.json"
"796964","564300","2025-11-09","26.00","AUD","1760850206","11310/2025-11-09/1760850206.json"
"888490","710035","2025-11-09","26.00","AUD","1760850206","11310/2025-11-09/1760850206.json"
"796964","564300","2025-11-10","26.00","AUD","1760850206","11310/2025-11-10/1760850206.json"
"888490","710035","2025-11-10","26.00","AUD","1760850206","11310/2025-11-10/1760850206.json"
"796964","564300","2025-11-12","26.00","AUD","1760850206","11310/2025-11-12/1760850206.json"
"888490","710035","2025-11-11","26.00","AUD","1760850206","11310/2025-11-11/1760850206.json"
"888490","710035","2025-11-13","28.00","AUD","1760850206","11310/2025-11-13/1760850206.json"
"796964","564300","2025-11-14","28.00","AUD","1760850206","11310/2025-11-14/1760850206.json"
"888490","710035","2025-11-17","28.00","AUD","1760850206","11310/2025-11-17/1760850206.json"
"796964","564300","2025-11-15","28.00","AUD","1760850206","11310/2025-11-15/1760850206.json"
"888490","710035","2025-11-15","28.00","AUD","1760850206","11310/2025-11-15/1760850206.json"
"796964","564300","2025-11-16","28.00","AUD","1760850206","11310/2025-11-16/1760850206.json"
"796964","564300","2025-11-18","28.00","AUD","1760850206","11310/2025-11-18/1760850206.json"
"888490","710035","2025-11-18","28.00","AUD","1760850206","11310/2025-11-18/1760850206.json"
"796964","564300","2025-11-19","28.00","AUD","1760850206","11310/2025-11-19/1760850206.json"
"888490","710035","2025-11-19","28.00","AUD","1760850206","11310/2025-11-19/1760850206.json"
"796964","564300","2025-11-22","28.00","AUD","1760850206","11310/2025-11-22/1760850206.json"
"796964","564300","2025-11-21","28.00","AUD","1760850206","11310/2025-11-21/1760850206.json"
"796964","564300","2025-11-20","28.00","AUD","1760850206","11310/2025-11-20/1760850206.json"
"888490","710035","2025-11-20","28.00","AUD","1760850206","11310/2025-11-20/1760850206.json"
"796964","564300","2025-11-26","28.00","AUD","1760850206","11310/2025-11-26/1760850206.json"
"888490","710035","2025-11-26","28.00","AUD","1760850206","11310/2025-11-26/1760850206.json"
"796964","564300","2025-11-23","28.00","AUD","1760850206","11310/2025-11-23/1760850206.json"
"888490","710035","2025-11-23","28.00","AUD","1760850206","11310/2025-11-23/1760850206.json"
"796964","564300","2025-11-27","28.00","AUD","1760850206","11310/2025-11-27/1760850206.json"
"888490","710035","2025-11-27","28.00","AUD","1760850206","11310/2025-11-27/1760850206.json"
"796964","564300","2025-11-29","28.00","AUD","1760850206","11310/2025-11-29/1760850206.json"
"888490","710035","2025-11-29","28.00","AUD","1760850206","11310/2025-11-29/1760850206.json"
"796964","564300","2025-11-30","28.00","AUD","1760850206","11310/2025-11-30/1760850206.json"
"888490","710035","2025-11-30","28.00","AUD","1760850206","11310/2025-11-30/1760850206.json"
"796964","564300","2025-12-02","28.00","AUD","1760850206","11310/2025-12-02/1760850206.json"
"888490","710035","2025-12-02","28.00","AUD","1760850206","11310/2025-12-02/1760850206.json"
"796964","564300","2025-12-03","28.00","AUD","1760850206","11310/2025-12-03/1760850206.json"
"888490","710035","2025-12-03","28.00","AUD","1760850206","11310/2025-12-03/1760850206.json"
"888490","710035","2025-12-04","28.00","AUD","1760850206","11310/2025-12-04/1760850206.json"
"796964","564300","2025-12-06","28.00","AUD","1760850206","11310/2025-12-06/1760850206.json"
"888490","710035","2025-12-06","28.00","AUD","1760850206","11310/2025-12-06/1760850206.json"
"796964","564300","2025-12-05","28.00","AUD","1760850206","11310/2025-12-05/1760850206.json"
"888490","710035","2025-12-05","28.00","AUD","1760850206","11310/2025-12-05/1760850206.json"
"796964","564300","2025-10-24","26.00","AUD","1760864424","11310/2025-10-24/1760864424.json"
"888490","710035","2025-10-24","26.00","AUD","1760864424","11310/2025-10-24/1760864424.json"
"796964","564300","2025-10-26","26.00","AUD","1760864424","11310/2025-10-26/1760864424.json"
"888490","710035","2025-10-26","26.00","AUD","1760864424","11310/2025-10-26/1760864424.json"
"888490","710035","2025-10-27","26.00","AUD","1760864424","11310/2025-10-27/1760864424.json"
"796964","564300","2025-10-29","26.00","AUD","1760864424","11310/2025-10-29/1760864424.json"
"796964","564300","2025-10-30","26.00","AUD","1760864424","11310/2025-10-30/1760864424.json"
"888490","710035","2025-10-30","26.00","AUD","1760864424","11310/2025-10-30/1760864424.json"
"888490","710035","2025-11-01","26.00","AUD","1760864424","11310/2025-11-01/1760864424.json"
"888490","710035","2025-10-31","26.00","AUD","1760864424","11310/2025-10-31/1760864424.json"
"796964","564300","2025-11-03","26.00","AUD","1760864424","11310/2025-11-03/1760864424.json"
"888490","710035","2025-11-03","26.00","AUD","1760864424","11310/2025-11-03/1760864424.json"
"796964","564300","2025-11-02","26.00","AUD","1760864424","11310/2025-11-02/1760864424.json"
"888490","710035","2025-11-02","26.00","AUD","1760864424","11310/2025-11-02/1760864424.json"
"796964","564300","2025-11-04","26.00","AUD","1760864424","11310/2025-11-04/1760864424.json"
"888490","710035","2025-11-04","26.00","AUD","1760864424","11310/2025-11-04/1760864424.json"
"796964","564300","2025-11-08","26.00","AUD","1760864424","11310/2025-11-08/1760864424.json"
"796964","564300","2025-11-07","26.00","AUD","1760864424","11310/2025-11-07/1760864424.json"
"888490","710035","2025-11-07","26.00","AUD","1760864424","11310/2025-11-07/1760864424.json"
"796964","564300","2025-11-06","26.00","AUD","1760864424","11310/2025-11-06/1760864424.json"
"888490","710035","2025-11-06","26.00","AUD","1760864424","11310/2025-11-06/1760864424.json"
"796964","564300","2025-11-09","26.00","AUD","1760864424","11310/2025-11-09/1760864424.json"
"888490","710035","2025-11-09","26.00","AUD","1760864424","11310/2025-11-09/1760864424.json"
"888490","710035","2025-11-11","26.00","AUD","1760864424","11310/2025-11-11/1760864424.json"
"796964","564300","2025-11-10","26.00","AUD","1760864424","11310/2025-11-10/1760864424.json"
"888490","710035","2025-11-10","26.00","AUD","1760864424","11310/2025-11-10/1760864424.json"
"888490","710035","2025-11-13","28.00","AUD","1760864424","11310/2025-11-13/1760864424.json"
"796964","564300","2025-11-12","26.00","AUD","1760864424","11310/2025-11-12/1760864424.json"
"796964","564300","2025-11-15","28.00","AUD","1760864424","11310/2025-11-15/1760864424.json"
"888490","710035","2025-11-15","28.00","AUD","1760864424","11310/2025-11-15/1760864424.json"
"796964","564300","2025-11-16","28.00","AUD","1760864424","11310/2025-11-16/1760864424.json"
"796964","564300","2025-11-14","28.00","AUD","1760864424","11310/2025-11-14/1760864424.json"
"888490","710035","2025-11-17","28.00","AUD","1760864424","11310/2025-11-17/1760864424.json"
"796964","564300","2025-11-18","28.00","AUD","1760864424","11310/2025-11-18/1760864424.json"
"888490","710035","2025-11-18","28.00","AUD","1760864424","11310/2025-11-18/1760864424.json"
"796964","564300","2025-11-19","28.00","AUD","1760864424","11310/2025-11-19/1760864424.json"
"888490","710035","2025-11-19","28.00","AUD","1760864424","11310/2025-11-19/1760864424.json"
"796964","564300","2025-11-20","28.00","AUD","1760864424","11310/2025-11-20/1760864424.json"
"888490","710035","2025-11-20","28.00","AUD","1760864424","11310/2025-11-20/1760864424.json"
"796964","564300","2025-11-21","28.00","AUD","1760864424","11310/2025-11-21/1760864424.json"
"796964","564300","2025-11-22","28.00","AUD","1760864424","11310/2025-11-22/1760864424.json"
"796964","564300","2025-11-23","28.00","AUD","1760864424","11310/2025-11-23/1760864424.json"
"888490","710035","2025-11-23","28.00","AUD","1760864424","11310/2025-11-23/1760864424.json"
"796964","564300","2025-11-26","28.00","AUD","1760864424","11310/2025-11-26/1760864424.json"
"888490","710035","2025-11-26","28.00","AUD","1760864424","11310/2025-11-26/1760864424.json"
"796964","564300","2025-11-29","28.00","AUD","1760864424","11310/2025-11-29/1760864424.json"
"888490","710035","2025-11-29","28.00","AUD","1760864424","11310/2025-11-29/1760864424.json"
"796964","564300","2025-11-27","28.00","AUD","1760864424","11310/2025-11-27/1760864424.json"
"888490","710035","2025-11-27","28.00","AUD","1760864424","11310/2025-11-27/1760864424.json"
"796964","564300","2025-12-03","28.00","AUD","1760864424","11310/2025-12-03/1760864424.json"
"888490","710035","2025-12-03","28.00","AUD","1760864424","11310/2025-12-03/1760864424.json"
"796964","564300","2025-11-30","28.00","AUD","1760864424","11310/2025-11-30/1760864424.json"
"888490","710035","2025-11-30","28.00","AUD","1760864424","11310/2025-11-30/1760864424.json"
"796964","564300","2025-12-02","28.00","AUD","1760864424","11310/2025-12-02/1760864424.json"
"888490","710035","2025-12-02","28.00","AUD","1760864424","11310/2025-12-02/1760864424.json"
"888490","710035","2025-12-04","28.00","AUD","1760864424","11310/2025-12-04/1760864424.json"
"796964","564300","2025-12-06","28.00","AUD","1760864424","11310/2025-12-06/1760864424.json"
"888490","710035","2025-12-06","28.00","AUD","1760864424","11310/2025-12-06/1760864424.json"
"796964","564300","2025-12-05","28.00","AUD","1760864424","11310/2025-12-05/1760864424.json"
"888490","710035","2025-12-05","28.00","AUD","1760864424","11310/2025-12-05/1760864424.json"
"796964","564300","2025-10-24","26.00","AUD","1760880604","11310/2025-10-24/1760880604.json"
"888490","710035","2025-10-24","26.00","AUD","1760880604","11310/2025-10-24/1760880604.json"
"796964","564300","2025-10-26","26.00","AUD","1760880604","11310/2025-10-26/1760880604.json"
"888490","710035","2025-10-26","26.00","AUD","1760880604","11310/2025-10-26/1760880604.json"
"888490","710035","2025-10-27","26.00","AUD","1760880604","11310/2025-10-27/1760880604.json"
"796964","564300","2025-10-30","26.00","AUD","1760880604","11310/2025-10-30/1760880604.json"
"888490","710035","2025-10-30","26.00","AUD","1760880604","11310/2025-10-30/1760880604.json"
"888490","710035","2025-10-31","26.00","AUD","1760880604","11310/2025-10-31/1760880604.json"
"796964","564300","2025-10-29","26.00","AUD","1760880604","11310/2025-10-29/1760880604.json"
"888490","710035","2025-11-01","26.00","AUD","1760880604","11310/2025-11-01/1760880604.json"
"796964","564300","2025-11-02","26.00","AUD","1760880604","11310/2025-11-02/1760880604.json"
"888490","710035","2025-11-02","26.00","AUD","1760880604","11310/2025-11-02/1760880604.json"
"796964","564300","2025-11-04","26.00","AUD","1760880604","11310/2025-11-04/1760880604.json"
"888490","710035","2025-11-04","26.00","AUD","1760880604","11310/2025-11-04/1760880604.json"
"796964","564300","2025-11-03","26.00","AUD","1760880604","11310/2025-11-03/1760880604.json"
"888490","710035","2025-11-03","26.00","AUD","1760880604","11310/2025-11-03/1760880604.json"
"796964","564300","2025-11-06","26.00","AUD","1760880604","11310/2025-11-06/1760880604.json"
"888490","710035","2025-11-06","26.00","AUD","1760880604","11310/2025-11-06/1760880604.json"
"796964","564300","2025-11-07","26.00","AUD","1760880604","11310/2025-11-07/1760880604.json"
"888490","710035","2025-11-07","26.00","AUD","1760880604","11310/2025-11-07/1760880604.json"
"796964","564300","2025-11-08","26.00","AUD","1760880604","11310/2025-11-08/1760880604.json"
"796964","564300","2025-11-09","26.00","AUD","1760880604","11310/2025-11-09/1760880604.json"
"888490","710035","2025-11-09","26.00","AUD","1760880604","11310/2025-11-09/1760880604.json"
"796964","564300","2025-11-10","26.00","AUD","1760880604","11310/2025-11-10/1760880604.json"
"888490","710035","2025-11-10","26.00","AUD","1760880604","11310/2025-11-10/1760880604.json"
"888490","710035","2025-11-11","26.00","AUD","1760880604","11310/2025-11-11/1760880604.json"
"796964","564300","2025-11-12","26.00","AUD","1760880604","11310/2025-11-12/1760880604.json"
"888490","710035","2025-11-13","28.00","AUD","1760880604","11310/2025-11-13/1760880604.json"
"796964","564300","2025-11-14","28.00","AUD","1760880604","11310/2025-11-14/1760880604.json"
"796964","564300","2025-11-15","28.00","AUD","1760880604","11310/2025-11-15/1760880604.json"
"888490","710035","2025-11-15","28.00","AUD","1760880604","11310/2025-11-15/1760880604.json"
"796964","564300","2025-11-16","28.00","AUD","1760880604","11310/2025-11-16/1760880604.json"
"888490","710035","2025-11-17","28.00","AUD","1760880604","11310/2025-11-17/1760880604.json"
"796964","564300","2025-11-18","28.00","AUD","1760880604","11310/2025-11-18/1760880604.json"
"888490","710035","2025-11-18","28.00","AUD","1760880604","11310/2025-11-18/1760880604.json"
"796964","564300","2025-11-19","28.00","AUD","1760880604","11310/2025-11-19/1760880604.json"
"888490","710035","2025-11-19","28.00","AUD","1760880604","11310/2025-11-19/1760880604.json"
"796964","564300","2025-11-21","28.00","AUD","1760880604","11310/2025-11-21/1760880604.json"
"796964","564300","2025-11-20","28.00","AUD","1760880604","11310/2025-11-20/1760880604.json"
"888490","710035","2025-11-20","28.00","AUD","1760880604","11310/2025-11-20/1760880604.json"
"796964","564300","2025-11-22","28.00","AUD","1760880604","11310/2025-11-22/1760880604.json"
"796964","564300","2025-11-23","28.00","AUD","1760880604","11310/2025-11-23/1760880604.json"
"888490","710035","2025-11-23","28.00","AUD","1760880604","11310/2025-11-23/1760880604.json"
"796964","564300","2025-11-26","28.00","AUD","1760880604","11310/2025-11-26/1760880604.json"
"888490","710035","2025-11-26","28.00","AUD","1760880604","11310/2025-11-26/1760880604.json"
"796964","564300","2025-11-27","28.00","AUD","1760880604","11310/2025-11-27/1760880604.json"
"888490","710035","2025-11-27","28.00","AUD","1760880604","11310/2025-11-27/1760880604.json"
"796964","564300","2025-11-29","28.00","AUD","1760880604","11310/2025-11-29/1760880604.json"
"888490","710035","2025-11-29","28.00","AUD","1760880604","11310/2025-11-29/1760880604.json"
"796964","564300","2025-11-30","28.00","AUD","1760880604","11310/2025-11-30/1760880604.json"
"888490","710035","2025-11-30","28.00","AUD","1760880604","11310/2025-11-30/1760880604.json"
"796964","564300","2025-12-02","28.00","AUD","1760880604","11310/2025-12-02/1760880604.json"
"888490","710035","2025-12-02","28.00","AUD","1760880604","11310/2025-12-02/1760880604.json"
"796964","564300","2025-12-03","28.00","AUD","1760880604","11310/2025-12-03/1760880604.json"
"888490","710035","2025-12-03","28.00","AUD","1760880604","11310/2025-12-03/1760880604.json"
"796964","564300","2025-12-05","28.00","AUD","1760880604","11310/2025-12-05/1760880604.json"
"888490","710035","2025-12-05","28.00","AUD","1760880604","11310/2025-12-05/1760880604.json"
"888490","710035","2025-12-04","28.00","AUD","1760880604","11310/2025-12-04/1760880604.json"
"796964","564300","2025-12-06","28.00","AUD","1760880604","11310/2025-12-06/1760880604.json"
"888490","710035","2025-12-06","28.00","AUD","1760880604","11310/2025-12-06/1760880604.json"
"796964","564300","2025-10-26","26.00","AUD","1760893360","11310/2025-10-26/1760893360.json"
"888490","710035","2025-10-26","26.00","AUD","1760893360","11310/2025-10-26/1760893360.json"
"888490","710035","2025-10-27","26.00","AUD","1760893360","11310/2025-10-27/1760893360.json"
"796964","564300","2025-10-29","26.00","AUD","1760893360","11310/2025-10-29/1760893360.json"
"796964","564300","2025-10-30","26.00","AUD","1760893360","11310/2025-10-30/1760893360.json"
"888490","710035","2025-10-30","26.00","AUD","1760893360","11310/2025-10-30/1760893360.json"
"888490","710035","2025-10-31","26.00","AUD","1760893360","11310/2025-10-31/1760893360.json"
"796964","564300","2025-11-02","26.00","AUD","1760893360","11310/2025-11-02/1760893360.json"
"888490","710035","2025-11-02","26.00","AUD","1760893360","11310/2025-11-02/1760893360.json"
"888490","710035","2025-11-01","26.00","AUD","1760893360","11310/2025-11-01/1760893360.json"
"796964","564300","2025-11-03","26.00","AUD","1760893360","11310/2025-11-03/1760893360.json"
"888490","710035","2025-11-03","26.00","AUD","1760893360","11310/2025-11-03/1760893360.json"
"796964","564300","2025-11-04","26.00","AUD","1760893360","11310/2025-11-04/1760893360.json"
"888490","710035","2025-11-04","26.00","AUD","1760893360","11310/2025-11-04/1760893360.json"
"796964","564300","2025-11-06","26.00","AUD","1760893360","11310/2025-11-06/1760893360.json"
"888490","710035","2025-11-06","26.00","AUD","1760893360","11310/2025-11-06/1760893360.json"
"796964","564300","2025-11-07","26.00","AUD","1760893360","11310/2025-11-07/1760893360.json"
"888490","710035","2025-11-07","26.00","AUD","1760893360","11310/2025-11-07/1760893360.json"
"796964","564300","2025-11-08","26.00","AUD","1760893360","11310/2025-11-08/1760893360.json"
"796964","564300","2025-11-09","26.00","AUD","1760893360","11310/2025-11-09/1760893360.json"
"888490","710035","2025-11-09","26.00","AUD","1760893360","11310/2025-11-09/1760893360.json"
"796964","564300","2025-11-10","26.00","AUD","1760893360","11310/2025-11-10/1760893360.json"
"888490","710035","2025-11-10","26.00","AUD","1760893360","11310/2025-11-10/1760893360.json"
"888490","710035","2025-11-11","26.00","AUD","1760893360","11310/2025-11-11/1760893360.json"
"796964","564300","2025-10-24","26.00","AUD","1760893360","11310/2025-10-24/1760893360.json"
"888490","710035","2025-10-24","26.00","AUD","1760893360","11310/2025-10-24/1760893360.json"
"888490","710035","2025-11-13","28.00","AUD","1760893360","11310/2025-11-13/1760893360.json"
"796964","564300","2025-11-12","26.00","AUD","1760893360","11310/2025-11-12/1760893360.json"
"796964","564300","2025-11-14","28.00","AUD","1760893360","11310/2025-11-14/1760893360.json"
"796964","564300","2025-11-16","28.00","AUD","1760893360","11310/2025-11-16/1760893360.json"
"796964","564300","2025-11-15","28.00","AUD","1760893360","11310/2025-11-15/1760893360.json"
"888490","710035","2025-11-15","28.00","AUD","1760893360","11310/2025-11-15/1760893360.json"
"888490","710035","2025-11-17","28.00","AUD","1760893360","11310/2025-11-17/1760893360.json"
"796964","564300","2025-11-18","28.00","AUD","1760893360","11310/2025-11-18/1760893360.json"
"888490","710035","2025-11-18","28.00","AUD","1760893360","11310/2025-11-18/1760893360.json"
"796964","564300","2025-11-20","28.00","AUD","1760893360","11310/2025-11-20/1760893360.json"
"888490","710035","2025-11-20","28.00","AUD","1760893360","11310/2025-11-20/1760893360.json"
"796964","564300","2025-11-19","28.00","AUD","1760893360","11310/2025-11-19/1760893360.json"
"888490","710035","2025-11-19","28.00","AUD","1760893360","11310/2025-11-19/1760893360.json"
"796964","564300","2025-11-21","28.00","AUD","1760893360","11310/2025-11-21/1760893360.json"
"796964","564300","2025-11-22","28.00","AUD","1760893360","11310/2025-11-22/1760893360.json"
"796964","564300","2025-11-23","28.00","AUD","1760893360","11310/2025-11-23/1760893360.json"
"888490","710035","2025-11-23","28.00","AUD","1760893360","11310/2025-11-23/1760893360.json"
"796964","564300","2025-11-26","28.00","AUD","1760893360","11310/2025-11-26/1760893360.json"
"888490","710035","2025-11-26","28.00","AUD","1760893360","11310/2025-11-26/1760893360.json"
"796964","564300","2025-11-27","28.00","AUD","1760893360","11310/2025-11-27/1760893360.json"
"888490","710035","2025-11-27","28.00","AUD","1760893360","11310/2025-11-27/1760893360.json"
"796964","564300","2025-11-30","28.00","AUD","1760893360","11310/2025-11-30/1760893360.json"
"888490","710035","2025-11-30","28.00","AUD","1760893360","11310/2025-11-30/1760893360.json"
"796964","564300","2025-11-29","28.00","AUD","1760893360","11310/2025-11-29/1760893360.json"
"888490","710035","2025-11-29","28.00","AUD","1760893360","11310/2025-11-29/1760893360.json"
"796964","564300","2025-12-02","28.00","AUD","1760893360","11310/2025-12-02/1760893360.json"
"888490","710035","2025-12-02","28.00","AUD","1760893360","11310/2025-12-02/1760893360.json"
"796964","564300","2025-12-03","28.00","AUD","1760893360","11310/2025-12-03/1760893360.json"
"888490","710035","2025-12-03","28.00","AUD","1760893360","11310/2025-12-03/1760893360.json"
"888490","710035","2025-12-04","28.00","AUD","1760893360","11310/2025-12-04/1760893360.json"
"796964","564300","2025-12-05","28.00","AUD","1760893360","11310/2025-12-05/1760893360.json"
"888490","710035","2025-12-05","28.00","AUD","1760893360","11310/2025-12-05/1760893360.json"
"796964","564300","2025-12-06","28.00","AUD","1760893360","11310/2025-12-06/1760893360.json"
"888490","710035","2025-12-06","28.00","AUD","1760893360","11310/2025-12-06/1760893360.json"
"796964","564300","2025-10-24","26.00","AUD","1760907442","11310/2025-10-24/1760907442.json"
"888490","710035","2025-10-24","26.00","AUD","1760907442","11310/2025-10-24/1760907442.json"
"796964","564300","2025-10-26","26.00","AUD","1760907442","11310/2025-10-26/1760907442.json"
"888490","710035","2025-10-26","26.00","AUD","1760907442","11310/2025-10-26/1760907442.json"
"888490","710035","2025-10-27","26.00","AUD","1760907442","11310/2025-10-27/1760907442.json"
"796964","564300","2025-10-30","26.00","AUD","1760907442","11310/2025-10-30/1760907442.json"
"888490","710035","2025-10-30","26.00","AUD","1760907442","11310/2025-10-30/1760907442.json"
"888490","710035","2025-10-31","26.00","AUD","1760907442","11310/2025-10-31/1760907442.json"
"796964","564300","2025-10-29","26.00","AUD","1760907442","11310/2025-10-29/1760907442.json"
"796964","564300","2025-11-02","26.00","AUD","1760907442","11310/2025-11-02/1760907442.json"
"888490","710035","2025-11-02","26.00","AUD","1760907442","11310/2025-11-02/1760907442.json"
"888490","710035","2025-11-01","26.00","AUD","1760907442","11310/2025-11-01/1760907442.json"
"796964","564300","2025-11-03","26.00","AUD","1760907442","11310/2025-11-03/1760907442.json"
"888490","710035","2025-11-03","26.00","AUD","1760907442","11310/2025-11-03/1760907442.json"
"796964","564300","2025-11-04","26.00","AUD","1760907442","11310/2025-11-04/1760907442.json"
"888490","710035","2025-11-04","26.00","AUD","1760907442","11310/2025-11-04/1760907442.json"
"796964","564300","2025-11-08","26.00","AUD","1760907442","11310/2025-11-08/1760907442.json"
"796964","564300","2025-11-07","26.00","AUD","1760907442","11310/2025-11-07/1760907442.json"
"888490","710035","2025-11-07","26.00","AUD","1760907442","11310/2025-11-07/1760907442.json"
"796964","564300","2025-11-06","26.00","AUD","1760907442","11310/2025-11-06/1760907442.json"
"888490","710035","2025-11-06","26.00","AUD","1760907442","11310/2025-11-06/1760907442.json"
"796964","564300","2025-11-10","26.00","AUD","1760907442","11310/2025-11-10/1760907442.json"
"888490","710035","2025-11-10","26.00","AUD","1760907442","11310/2025-11-10/1760907442.json"
"796964","564300","2025-11-09","26.00","AUD","1760907442","11310/2025-11-09/1760907442.json"
"888490","710035","2025-11-09","26.00","AUD","1760907442","11310/2025-11-09/1760907442.json"
"796964","564300","2025-11-12","26.00","AUD","1760907442","11310/2025-11-12/1760907442.json"
"888490","710035","2025-11-11","26.00","AUD","1760907442","11310/2025-11-11/1760907442.json"
"888490","710035","2025-11-13","28.00","AUD","1760907442","11310/2025-11-13/1760907442.json"
"796964","564300","2025-11-14","28.00","AUD","1760907442","11310/2025-11-14/1760907442.json"
"796964","564300","2025-11-15","28.00","AUD","1760907442","11310/2025-11-15/1760907442.json"
"888490","710035","2025-11-15","28.00","AUD","1760907442","11310/2025-11-15/1760907442.json"
"796964","564300","2025-11-16","28.00","AUD","1760907442","11310/2025-11-16/1760907442.json"
"888490","710035","2025-11-17","28.00","AUD","1760907442","11310/2025-11-17/1760907442.json"
"796964","564300","2025-11-18","28.00","AUD","1760907442","11310/2025-11-18/1760907442.json"
"888490","710035","2025-11-18","28.00","AUD","1760907442","11310/2025-11-18/1760907442.json"
"796964","564300","2025-11-19","28.00","AUD","1760907442","11310/2025-11-19/1760907442.json"
"888490","710035","2025-11-19","28.00","AUD","1760907442","11310/2025-11-19/1760907442.json"
"796964","564300","2025-11-21","28.00","AUD","1760907442","11310/2025-11-21/1760907442.json"
"796964","564300","2025-11-20","28.00","AUD","1760907442","11310/2025-11-20/1760907442.json"
"888490","710035","2025-11-20","28.00","AUD","1760907442","11310/2025-11-20/1760907442.json"
"796964","564300","2025-11-22","28.00","AUD","1760907442","11310/2025-11-22/1760907442.json"
"796964","564300","2025-11-23","28.00","AUD","1760907442","11310/2025-11-23/1760907442.json"
"888490","710035","2025-11-23","28.00","AUD","1760907442","11310/2025-11-23/1760907442.json"
"796964","564300","2025-11-26","28.00","AUD","1760907442","11310/2025-11-26/1760907442.json"
"888490","710035","2025-11-26","28.00","AUD","1760907442","11310/2025-11-26/1760907442.json"
"796964","564300","2025-11-27","28.00","AUD","1760907442","11310/2025-11-27/1760907442.json"
"888490","710035","2025-11-27","28.00","AUD","1760907442","11310/2025-11-27/1760907442.json"
"796964","564300","2025-11-29","28.00","AUD","1760907442","11310/2025-11-29/1760907442.json"
"888490","710035","2025-11-29","28.00","AUD","1760907442","11310/2025-11-29/1760907442.json"
"796964","564300","2025-11-30","28.00","AUD","1760907442","11310/2025-11-30/1760907442.json"
"888490","710035","2025-11-30","28.00","AUD","1760907442","11310/2025-11-30/1760907442.json"
"796964","564300","2025-12-02","28.00","AUD","1760907442","11310/2025-12-02/1760907442.json"
"888490","710035","2025-12-02","28.00","AUD","1760907442","11310/2025-12-02/1760907442.json"
"796964","564300","2025-12-03","28.00","AUD","1760907442","11310/2025-12-03/1760907442.json"
"888490","710035","2025-12-03","28.00","AUD","1760907442","11310/2025-12-03/1760907442.json"
"888490","710035","2025-12-04","28.00","AUD","1760907442","11310/2025-12-04/1760907442.json"
"796964","564300","2025-12-06","28.00","AUD","1760907442","11310/2025-12-06/1760907442.json"
"888490","710035","2025-12-06","28.00","AUD","1760907442","11310/2025-12-06/1760907442.json"
"796964","564300","2025-12-05","28.00","AUD","1760907442","11310/2025-12-05/1760907442.json"
"888490","710035","2025-12-05","28.00","AUD","1760907442","11310/2025-12-05/1760907442.json"
"796964","564300","2025-10-24","26.00","AUD","1760932972","11310/2025-10-24/1760932972.json"
"888490","710035","2025-10-27","26.00","AUD","1760932972","11310/2025-10-27/1760932972.json"
"796964","564300","2025-10-26","26.00","AUD","1760932972","11310/2025-10-26/1760932972.json"
"796964","564300","2025-10-30","26.00","AUD","1760932972","11310/2025-10-30/1760932972.json"
"888490","710035","2025-10-30","26.00","AUD","1760932972","11310/2025-10-30/1760932972.json"
"796964","564300","2025-10-29","26.00","AUD","1760932972","11310/2025-10-29/1760932972.json"
"888490","710035","2025-10-31","26.00","AUD","1760932972","11310/2025-10-31/1760932972.json"
"888490","710035","2025-11-01","26.00","AUD","1760932972","11310/2025-11-01/1760932972.json"
"796964","564300","2025-11-02","26.00","AUD","1760932972","11310/2025-11-02/1760932972.json"
"888490","710035","2025-11-02","26.00","AUD","1760932972","11310/2025-11-02/1760932972.json"
"796964","564300","2025-11-03","26.00","AUD","1760932972","11310/2025-11-03/1760932972.json"
"888490","710035","2025-11-03","26.00","AUD","1760932972","11310/2025-11-03/1760932972.json"
"796964","564300","2025-11-04","26.00","AUD","1760932972","11310/2025-11-04/1760932972.json"
"888490","710035","2025-11-04","26.00","AUD","1760932972","11310/2025-11-04/1760932972.json"
"796964","564300","2025-11-07","26.00","AUD","1760932972","11310/2025-11-07/1760932972.json"
"888490","710035","2025-11-07","26.00","AUD","1760932972","11310/2025-11-07/1760932972.json"
"796964","564300","2025-11-06","26.00","AUD","1760932972","11310/2025-11-06/1760932972.json"
"888490","710035","2025-11-06","26.00","AUD","1760932972","11310/2025-11-06/1760932972.json"
"796964","564300","2025-11-08","26.00","AUD","1760932972","11310/2025-11-08/1760932972.json"
"888490","710035","2025-11-11","26.00","AUD","1760932972","11310/2025-11-11/1760932972.json"
"796964","564300","2025-11-09","26.00","AUD","1760932972","11310/2025-11-09/1760932972.json"
"796964","564300","2025-11-10","26.00","AUD","1760932972","11310/2025-11-10/1760932972.json"
"888490","710035","2025-11-09","26.00","AUD","1760932972","11310/2025-11-09/1760932972.json"
"888490","710035","2025-11-10","26.00","AUD","1760932972","11310/2025-11-10/1760932972.json"
"796964","564300","2025-11-12","26.00","AUD","1760932972","11310/2025-11-12/1760932972.json"
"796964","564300","2025-11-15","28.00","AUD","1760932972","11310/2025-11-15/1760932972.json"
"888490","710035","2025-11-15","28.00","AUD","1760932972","11310/2025-11-15/1760932972.json"
"796964","564300","2025-11-14","28.00","AUD","1760932972","11310/2025-11-14/1760932972.json"
"888490","710035","2025-11-13","28.00","AUD","1760932972","11310/2025-11-13/1760932972.json"
"796964","564300","2025-11-16","28.00","AUD","1760932972","11310/2025-11-16/1760932972.json"
"796964","564300","2025-11-19","28.00","AUD","1760932972","11310/2025-11-19/1760932972.json"
"888490","710035","2025-11-19","28.00","AUD","1760932972","11310/2025-11-19/1760932972.json"
"796964","564300","2025-11-18","28.00","AUD","1760932972","11310/2025-11-18/1760932972.json"
"888490","710035","2025-11-18","28.00","AUD","1760932972","11310/2025-11-18/1760932972.json"
"888490","710035","2025-11-17","28.00","AUD","1760932972","11310/2025-11-17/1760932972.json"
"796964","564300","2025-11-20","28.00","AUD","1760932972","11310/2025-11-20/1760932972.json"
"888490","710035","2025-11-20","28.00","AUD","1760932972","11310/2025-11-20/1760932972.json"
"796964","564300","2025-11-22","28.00","AUD","1760932972","11310/2025-11-22/1760932972.json"
"796964","564300","2025-11-21","28.00","AUD","1760932972","11310/2025-11-21/1760932972.json"
"796964","564300","2025-11-23","28.00","AUD","1760932972","11310/2025-11-23/1760932972.json"
"888490","710035","2025-11-23","28.00","AUD","1760932972","11310/2025-11-23/1760932972.json"
"796964","564300","2025-11-27","28.00","AUD","1760932972","11310/2025-11-27/1760932972.json"
"888490","710035","2025-11-27","28.00","AUD","1760932972","11310/2025-11-27/1760932972.json"
"796964","564300","2025-11-26","28.00","AUD","1760932972","11310/2025-11-26/1760932972.json"
"888490","710035","2025-11-26","28.00","AUD","1760932972","11310/2025-11-26/1760932972.json"
"796964","564300","2025-11-29","28.00","AUD","1760932972","11310/2025-11-29/1760932972.json"
"888490","710035","2025-11-29","28.00","AUD","1760932972","11310/2025-11-29/1760932972.json"
"796964","564300","2025-11-30","28.00","AUD","1760932972","11310/2025-11-30/1760932972.json"
"888490","710035","2025-11-30","28.00","AUD","1760932972","11310/2025-11-30/1760932972.json"
"796964","564300","2025-12-02","28.00","AUD","1760932972","11310/2025-12-02/1760932972.json"
"888490","710035","2025-12-02","28.00","AUD","1760932972","11310/2025-12-02/1760932972.json"
"796964","564300","2025-12-03","28.00","AUD","1760932972","11310/2025-12-03/1760932972.json"
"888490","710035","2025-12-03","28.00","AUD","1760932972","11310/2025-12-03/1760932972.json"
"888490","710035","2025-12-04","28.00","AUD","1760932972","11310/2025-12-04/1760932972.json"
"796964","564300","2025-12-05","28.00","AUD","1760932972","11310/2025-12-05/1760932972.json"
"796964","564300","2025-12-06","28.00","AUD","1760932972","11310/2025-12-06/1760932972.json"
"888490","710035","2025-12-06","28.00","AUD","1760932972","11310/2025-12-06/1760932972.json"
"888490","710035","2025-12-05","28.00","AUD","1760932972","11310/2025-12-05/1760932972.json"
"796964","564300","2025-10-26","26.00","AUD","1760937018","11310/2025-10-26/1760937018.json"
"796964","564300","2025-10-24","26.00","AUD","1760937018","11310/2025-10-24/1760937018.json"
"796964","564300","2025-10-29","26.00","AUD","1760937018","11310/2025-10-29/1760937018.json"
"888490","710035","2025-10-27","26.00","AUD","1760937018","11310/2025-10-27/1760937018.json"
"888490","710035","2025-11-01","26.00","AUD","1760937018","11310/2025-11-01/1760937018.json"
"888490","710035","2025-10-31","26.00","AUD","1760937018","11310/2025-10-31/1760937018.json"
"796964","564300","2025-10-30","26.00","AUD","1760937018","11310/2025-10-30/1760937018.json"
"888490","710035","2025-10-30","26.00","AUD","1760937018","11310/2025-10-30/1760937018.json"
"796964","564300","2025-11-02","26.00","AUD","1760937018","11310/2025-11-02/1760937018.json"
"888490","710035","2025-11-02","26.00","AUD","1760937018","11310/2025-11-02/1760937018.json"
"796964","564300","2025-11-03","26.00","AUD","1760937018","11310/2025-11-03/1760937018.json"
"888490","710035","2025-11-03","26.00","AUD","1760937018","11310/2025-11-03/1760937018.json"
"796964","564300","2025-11-04","26.00","AUD","1760937018","11310/2025-11-04/1760937018.json"
"888490","710035","2025-11-04","26.00","AUD","1760937018","11310/2025-11-04/1760937018.json"
"796964","564300","2025-11-06","26.00","AUD","1760937018","11310/2025-11-06/1760937018.json"
"888490","710035","2025-11-06","26.00","AUD","1760937018","11310/2025-11-06/1760937018.json"
"796964","564300","2025-11-08","26.00","AUD","1760937018","11310/2025-11-08/1760937018.json"
"796964","564300","2025-11-09","26.00","AUD","1760937018","11310/2025-11-09/1760937018.json"
"888490","710035","2025-11-09","26.00","AUD","1760937018","11310/2025-11-09/1760937018.json"
"796964","564300","2025-11-07","26.00","AUD","1760937018","11310/2025-11-07/1760937018.json"
"888490","710035","2025-11-07","26.00","AUD","1760937018","11310/2025-11-07/1760937018.json"
"888490","710035","2025-11-11","26.00","AUD","1760937018","11310/2025-11-11/1760937018.json"
"888490","710035","2025-11-13","28.00","AUD","1760937018","11310/2025-11-13/1760937018.json"
"796964","564300","2025-11-12","26.00","AUD","1760937018","11310/2025-11-12/1760937018.json"
"796964","564300","2025-11-14","28.00","AUD","1760937018","11310/2025-11-14/1760937018.json"
"796964","564300","2025-11-15","28.00","AUD","1760937018","11310/2025-11-15/1760937018.json"
"888490","710035","2025-11-15","28.00","AUD","1760937018","11310/2025-11-15/1760937018.json"
"888490","710035","2025-11-17","28.00","AUD","1760937018","11310/2025-11-17/1760937018.json"
"796964","564300","2025-11-16","28.00","AUD","1760937018","11310/2025-11-16/1760937018.json"
"796964","564300","2025-11-18","28.00","AUD","1760937018","11310/2025-11-18/1760937018.json"
"888490","710035","2025-11-18","28.00","AUD","1760937018","11310/2025-11-18/1760937018.json"
"796964","564300","2025-11-19","28.00","AUD","1760937018","11310/2025-11-19/1760937018.json"
"888490","710035","2025-11-19","28.00","AUD","1760937018","11310/2025-11-19/1760937018.json"
"796964","564300","2025-11-20","28.00","AUD","1760937018","11310/2025-11-20/1760937018.json"
"888490","710035","2025-11-20","28.00","AUD","1760937018","11310/2025-11-20/1760937018.json"
"796964","564300","2025-11-10","26.00","AUD","1760937018","11310/2025-11-10/1760937018.json"
"888490","710035","2025-11-10","26.00","AUD","1760937018","11310/2025-11-10/1760937018.json"
"796964","564300","2025-11-21","28.00","AUD","1760937018","11310/2025-11-21/1760937018.json"
"796964","564300","2025-11-23","28.00","AUD","1760937018","11310/2025-11-23/1760937018.json"
"888490","710035","2025-11-23","28.00","AUD","1760937018","11310/2025-11-23/1760937018.json"
"796964","564300","2025-11-22","28.00","AUD","1760937018","11310/2025-11-22/1760937018.json"
"796964","564300","2025-11-26","28.00","AUD","1760937018","11310/2025-11-26/1760937018.json"
"888490","710035","2025-11-26","28.00","AUD","1760937018","11310/2025-11-26/1760937018.json"
"796964","564300","2025-11-27","28.00","AUD","1760937018","11310/2025-11-27/1760937018.json"
"888490","710035","2025-11-27","28.00","AUD","1760937018","11310/2025-11-27/1760937018.json"
"796964","564300","2025-11-29","28.00","AUD","1760937018","11310/2025-11-29/1760937018.json"
"888490","710035","2025-11-29","28.00","AUD","1760937018","11310/2025-11-29/1760937018.json"
"796964","564300","2025-11-30","28.00","AUD","1760937018","11310/2025-11-30/1760937018.json"
"888490","710035","2025-11-30","28.00","AUD","1760937018","11310/2025-11-30/1760937018.json"
"796964","564300","2025-12-02","28.00","AUD","1760937018","11310/2025-12-02/1760937018.json"
"888490","710035","2025-12-02","28.00","AUD","1760937018","11310/2025-12-02/1760937018.json"
"796964","564300","2025-12-03","28.00","AUD","1760937018","11310/2025-12-03/1760937018.json"
"888490","710035","2025-12-03","28.00","AUD","1760937018","11310/2025-12-03/1760937018.json"
"888490","710035","2025-12-04","28.00","AUD","1760937018","11310/2025-12-04/1760937018.json"
"796964","564300","2025-12-05","28.00","AUD","1760937018","11310/2025-12-05/1760937018.json"
"888490","710035","2025-12-05","28.00","AUD","1760937018","11310/2025-12-05/1760937018.json"
"796964","564300","2025-12-06","28.00","AUD","1760937018","11310/2025-12-06/1760937018.json"
"888490","710035","2025-12-06","28.00","AUD","1760937018","11310/2025-12-06/1760937018.json"
"796964","564300","2025-10-24","26.00","AUD","1760951521","11310/2025-10-24/1760951521.json"
"796964","564300","2025-10-26","26.00","AUD","1760951521","11310/2025-10-26/1760951521.json"
"888490","710035","2025-10-27","26.00","AUD","1760951521","11310/2025-10-27/1760951521.json"
"796964","564300","2025-10-30","26.00","AUD","1760951521","11310/2025-10-30/1760951521.json"
"888490","710035","2025-10-30","26.00","AUD","1760951521","11310/2025-10-30/1760951521.json"
"888490","710035","2025-10-31","26.00","AUD","1760951521","11310/2025-10-31/1760951521.json"
"796964","564300","2025-10-29","26.00","AUD","1760951521","11310/2025-10-29/1760951521.json"
"888490","710035","2025-11-01","26.00","AUD","1760951521","11310/2025-11-01/1760951521.json"
"796964","564300","2025-11-02","26.00","AUD","1760951521","11310/2025-11-02/1760951521.json"
"888490","710035","2025-11-02","26.00","AUD","1760951521","11310/2025-11-02/1760951521.json"
"796964","564300","2025-11-04","26.00","AUD","1760951521","11310/2025-11-04/1760951521.json"
"888490","710035","2025-11-04","26.00","AUD","1760951521","11310/2025-11-04/1760951521.json"
"796964","564300","2025-11-03","26.00","AUD","1760951521","11310/2025-11-03/1760951521.json"
"888490","710035","2025-11-03","26.00","AUD","1760951521","11310/2025-11-03/1760951521.json"
"796964","564300","2025-11-06","26.00","AUD","1760951521","11310/2025-11-06/1760951521.json"
"888490","710035","2025-11-06","26.00","AUD","1760951521","11310/2025-11-06/1760951521.json"
"796964","564300","2025-11-07","26.00","AUD","1760951521","11310/2025-11-07/1760951521.json"
"888490","710035","2025-11-07","26.00","AUD","1760951521","11310/2025-11-07/1760951521.json"
"796964","564300","2025-11-08","26.00","AUD","1760951521","11310/2025-11-08/1760951521.json"
"796964","564300","2025-11-09","26.00","AUD","1760951521","11310/2025-11-09/1760951521.json"
"888490","710035","2025-11-09","26.00","AUD","1760951521","11310/2025-11-09/1760951521.json"
"796964","564300","2025-11-10","26.00","AUD","1760951521","11310/2025-11-10/1760951521.json"
"888490","710035","2025-11-10","26.00","AUD","1760951521","11310/2025-11-10/1760951521.json"
"888490","710035","2025-11-11","26.00","AUD","1760951521","11310/2025-11-11/1760951521.json"
"796964","564300","2025-11-12","26.00","AUD","1760951521","11310/2025-11-12/1760951521.json"
"796964","564300","2025-11-14","28.00","AUD","1760951521","11310/2025-11-14/1760951521.json"
"888490","710035","2025-11-13","28.00","AUD","1760951521","11310/2025-11-13/1760951521.json"
"796964","564300","2025-11-15","28.00","AUD","1760951521","11310/2025-11-15/1760951521.json"
"888490","710035","2025-11-15","28.00","AUD","1760951521","11310/2025-11-15/1760951521.json"
"796964","564300","2025-11-16","28.00","AUD","1760951521","11310/2025-11-16/1760951521.json"
"888490","710035","2025-11-17","28.00","AUD","1760951521","11310/2025-11-17/1760951521.json"
"796964","564300","2025-11-18","28.00","AUD","1760951521","11310/2025-11-18/1760951521.json"
"888490","710035","2025-11-18","28.00","AUD","1760951521","11310/2025-11-18/1760951521.json"
"796964","564300","2025-11-19","28.00","AUD","1760951521","11310/2025-11-19/1760951521.json"
"888490","710035","2025-11-19","28.00","AUD","1760951521","11310/2025-11-19/1760951521.json"
"796964","564300","2025-11-20","28.00","AUD","1760951521","11310/2025-11-20/1760951521.json"
"888490","710035","2025-11-20","28.00","AUD","1760951521","11310/2025-11-20/1760951521.json"
"796964","564300","2025-11-21","28.00","AUD","1760951521","11310/2025-11-21/1760951521.json"
"796964","564300","2025-11-22","28.00","AUD","1760951521","11310/2025-11-22/1760951521.json"
"796964","564300","2025-11-23","28.00","AUD","1760951521","11310/2025-11-23/1760951521.json"
"888490","710035","2025-11-23","28.00","AUD","1760951521","11310/2025-11-23/1760951521.json"
"796964","564300","2025-11-26","28.00","AUD","1760951521","11310/2025-11-26/1760951521.json"
"888490","710035","2025-11-26","28.00","AUD","1760951521","11310/2025-11-26/1760951521.json"
"796964","564300","2025-11-27","28.00","AUD","1760951521","11310/2025-11-27/1760951521.json"
"888490","710035","2025-11-27","28.00","AUD","1760951521","11310/2025-11-27/1760951521.json"
"796964","564300","2025-11-29","28.00","AUD","1760951521","11310/2025-11-29/1760951521.json"
"888490","710035","2025-11-29","28.00","AUD","1760951521","11310/2025-11-29/1760951521.json"
"796964","564300","2025-11-30","28.00","AUD","1760951521","11310/2025-11-30/1760951521.json"
"888490","710035","2025-11-30","28.00","AUD","1760951521","11310/2025-11-30/1760951521.json"
"796964","564300","2025-12-02","28.00","AUD","1760951521","11310/2025-12-02/1760951521.json"
"888490","710035","2025-12-02","28.00","AUD","1760951521","11310/2025-12-02/1760951521.json"
"796964","564300","2025-12-03","28.00","AUD","1760951521","11310/2025-12-03/1760951521.json"
"888490","710035","2025-12-03","28.00","AUD","1760951521","11310/2025-12-03/1760951521.json"
"888490","710035","2025-12-04","28.00","AUD","1760951521","11310/2025-12-04/1760951521.json"
"796964","564300","2025-12-06","28.00","AUD","1760951521","11310/2025-12-06/1760951521.json"
"888490","710035","2025-12-06","28.00","AUD","1760951521","11310/2025-12-06/1760951521.json"
"796964","564300","2025-12-05","28.00","AUD","1760951521","11310/2025-12-05/1760951521.json"
"888490","710035","2025-12-05","28.00","AUD","1760951521","11310/2025-12-05/1760951521.json"
"796964","564300","2025-10-24","26.00","AUD","1760968940","11310/2025-10-24/1760968940.json"
"796964","564300","2025-10-26","26.00","AUD","1760968940","11310/2025-10-26/1760968940.json"
"888490","710035","2025-10-27","26.00","AUD","1760968940","11310/2025-10-27/1760968940.json"
"796964","564300","2025-10-29","26.00","AUD","1760968940","11310/2025-10-29/1760968940.json"
"796964","564300","2025-10-30","26.00","AUD","1760968940","11310/2025-10-30/1760968940.json"
"888490","710035","2025-10-30","26.00","AUD","1760968940","11310/2025-10-30/1760968940.json"
"888490","710035","2025-10-31","26.00","AUD","1760968940","11310/2025-10-31/1760968940.json"
"888490","710035","2025-11-01","26.00","AUD","1760968940","11310/2025-11-01/1760968940.json"
"796964","564300","2025-11-02","26.00","AUD","1760968940","11310/2025-11-02/1760968940.json"
"888490","710035","2025-11-02","26.00","AUD","1760968940","11310/2025-11-02/1760968940.json"
"796964","564300","2025-11-03","26.00","AUD","1760968940","11310/2025-11-03/1760968940.json"
"888490","710035","2025-11-03","26.00","AUD","1760968940","11310/2025-11-03/1760968940.json"
"796964","564300","2025-11-04","26.00","AUD","1760968940","11310/2025-11-04/1760968940.json"
"888490","710035","2025-11-04","26.00","AUD","1760968940","11310/2025-11-04/1760968940.json"
"796964","564300","2025-11-07","26.00","AUD","1760968940","11310/2025-11-07/1760968940.json"
"888490","710035","2025-11-07","26.00","AUD","1760968940","11310/2025-11-07/1760968940.json"
"796964","564300","2025-11-09","26.00","AUD","1760968940","11310/2025-11-09/1760968940.json"
"888490","710035","2025-11-09","26.00","AUD","1760968940","11310/2025-11-09/1760968940.json"
"796964","564300","2025-11-08","26.00","AUD","1760968940","11310/2025-11-08/1760968940.json"
"796964","564300","2025-11-06","26.00","AUD","1760968940","11310/2025-11-06/1760968940.json"
"888490","710035","2025-11-06","26.00","AUD","1760968940","11310/2025-11-06/1760968940.json"
"796964","564300","2025-11-10","26.00","AUD","1760968940","11310/2025-11-10/1760968940.json"
"888490","710035","2025-11-10","26.00","AUD","1760968940","11310/2025-11-10/1760968940.json"
"888490","710035","2025-11-11","26.00","AUD","1760968940","11310/2025-11-11/1760968940.json"
"796964","564300","2025-11-12","26.00","AUD","1760968940","11310/2025-11-12/1760968940.json"
"888490","710035","2025-11-13","28.00","AUD","1760968940","11310/2025-11-13/1760968940.json"
"796964","564300","2025-11-14","28.00","AUD","1760968940","11310/2025-11-14/1760968940.json"
"796964","564300","2025-11-15","28.00","AUD","1760968940","11310/2025-11-15/1760968940.json"
"888490","710035","2025-11-15","28.00","AUD","1760968940","11310/2025-11-15/1760968940.json"
"796964","564300","2025-11-16","28.00","AUD","1760968940","11310/2025-11-16/1760968940.json"
"888490","710035","2025-11-17","28.00","AUD","1760968940","11310/2025-11-17/1760968940.json"
"796964","564300","2025-11-18","28.00","AUD","1760968940","11310/2025-11-18/1760968940.json"
"888490","710035","2025-11-18","28.00","AUD","1760968940","11310/2025-11-18/1760968940.json"
"796964","564300","2025-11-19","28.00","AUD","1760968940","11310/2025-11-19/1760968940.json"
"888490","710035","2025-11-19","28.00","AUD","1760968940","11310/2025-11-19/1760968940.json"
"796964","564300","2025-11-20","28.00","AUD","1760968940","11310/2025-11-20/1760968940.json"
"888490","710035","2025-11-20","28.00","AUD","1760968940","11310/2025-11-20/1760968940.json"
"796964","564300","2025-11-21","28.00","AUD","1760968940","11310/2025-11-21/1760968940.json"
"796964","564300","2025-11-22","28.00","AUD","1760968940","11310/2025-11-22/1760968940.json"
"796964","564300","2025-11-23","28.00","AUD","1760968940","11310/2025-11-23/1760968940.json"
"888490","710035","2025-11-23","28.00","AUD","1760968940","11310/2025-11-23/1760968940.json"
"796964","564300","2025-11-27","28.00","AUD","1760968940","11310/2025-11-27/1760968940.json"
"888490","710035","2025-11-27","28.00","AUD","1760968940","11310/2025-11-27/1760968940.json"
"796964","564300","2025-11-26","28.00","AUD","1760968940","11310/2025-11-26/1760968940.json"
"888490","710035","2025-11-26","28.00","AUD","1760968940","11310/2025-11-26/1760968940.json"
"796964","564300","2025-11-29","28.00","AUD","1760968940","11310/2025-11-29/1760968940.json"
"888490","710035","2025-11-29","28.00","AUD","1760968940","11310/2025-11-29/1760968940.json"
"796964","564300","2025-11-30","28.00","AUD","1760968940","11310/2025-11-30/1760968940.json"
"888490","710035","2025-11-30","28.00","AUD","1760968940","11310/2025-11-30/1760968940.json"
"796964","564300","2025-12-02","28.00","AUD","1760968940","11310/2025-12-02/1760968940.json"
"888490","710035","2025-12-02","28.00","AUD","1760968940","11310/2025-12-02/1760968940.json"
"796964","564300","2025-12-03","28.00","AUD","1760968940","11310/2025-12-03/1760968940.json"
"888490","710035","2025-12-03","28.00","AUD","1760968940","11310/2025-12-03/1760968940.json"
"796964","564300","2025-12-05","28.00","AUD","1760968940","11310/2025-12-05/1760968940.json"
"888490","710035","2025-12-05","28.00","AUD","1760968940","11310/2025-12-05/1760968940.json"
"888490","710035","2025-12-04","28.00","AUD","1760968940","11310/2025-12-04/1760968940.json"
"796964","564300","2025-12-06","28.00","AUD","1760968940","11310/2025-12-06/1760968940.json"
"888490","710035","2025-12-06","28.00","AUD","1760968940","11310/2025-12-06/1760968940.json"
"796964","564300","2025-10-24","26.00","AUD","1760980180","11310/2025-10-24/1760980180.json"
"796964","564300","2025-10-26","26.00","AUD","1760980180","11310/2025-10-26/1760980180.json"
"888490","710035","2025-10-27","26.00","AUD","1760980180","11310/2025-10-27/1760980180.json"
"796964","564300","2025-10-29","26.00","AUD","1760980180","11310/2025-10-29/1760980180.json"
"796964","564300","2025-10-30","26.00","AUD","1760980180","11310/2025-10-30/1760980180.json"
"888490","710035","2025-10-30","26.00","AUD","1760980180","11310/2025-10-30/1760980180.json"
"888490","710035","2025-11-01","26.00","AUD","1760980180","11310/2025-11-01/1760980180.json"
"888490","710035","2025-10-31","26.00","AUD","1760980180","11310/2025-10-31/1760980180.json"
"796964","564300","2025-11-03","26.00","AUD","1760980180","11310/2025-11-03/1760980180.json"
"888490","710035","2025-11-03","26.00","AUD","1760980180","11310/2025-11-03/1760980180.json"
"796964","564300","2025-11-04","26.00","AUD","1760980180","11310/2025-11-04/1760980180.json"
"888490","710035","2025-11-04","26.00","AUD","1760980180","11310/2025-11-04/1760980180.json"
"796964","564300","2025-11-02","26.00","AUD","1760980180","11310/2025-11-02/1760980180.json"
"888490","710035","2025-11-02","26.00","AUD","1760980180","11310/2025-11-02/1760980180.json"
"796964","564300","2025-11-08","26.00","AUD","1760980180","11310/2025-11-08/1760980180.json"
"796964","564300","2025-11-07","26.00","AUD","1760980180","11310/2025-11-07/1760980180.json"
"888490","710035","2025-11-07","26.00","AUD","1760980180","11310/2025-11-07/1760980180.json"
"796964","564300","2025-11-06","26.00","AUD","1760980180","11310/2025-11-06/1760980180.json"
"888490","710035","2025-11-06","26.00","AUD","1760980180","11310/2025-11-06/1760980180.json"
"796964","564300","2025-11-09","26.00","AUD","1760980180","11310/2025-11-09/1760980180.json"
"888490","710035","2025-11-09","26.00","AUD","1760980180","11310/2025-11-09/1760980180.json"
"796964","564300","2025-11-12","26.00","AUD","1760980180","11310/2025-11-12/1760980180.json"
"796964","564300","2025-11-10","26.00","AUD","1760980180","11310/2025-11-10/1760980180.json"
"888490","710035","2025-11-10","26.00","AUD","1760980180","11310/2025-11-10/1760980180.json"
"888490","710035","2025-11-13","28.00","AUD","1760980180","11310/2025-11-13/1760980180.json"
"888490","710035","2025-11-11","26.00","AUD","1760980180","11310/2025-11-11/1760980180.json"
"888490","710035","2025-11-17","28.00","AUD","1760980180","11310/2025-11-17/1760980180.json"
"796964","564300","2025-11-14","28.00","AUD","1760980180","11310/2025-11-14/1760980180.json"
"796964","564300","2025-11-15","28.00","AUD","1760980180","11310/2025-11-15/1760980180.json"
"888490","710035","2025-11-15","28.00","AUD","1760980180","11310/2025-11-15/1760980180.json"
"796964","564300","2025-11-16","28.00","AUD","1760980180","11310/2025-11-16/1760980180.json"
"796964","564300","2025-11-18","28.00","AUD","1760980180","11310/2025-11-18/1760980180.json"
"888490","710035","2025-11-18","28.00","AUD","1760980180","11310/2025-11-18/1760980180.json"
"796964","564300","2025-11-20","28.00","AUD","1760980180","11310/2025-11-20/1760980180.json"
"888490","710035","2025-11-20","28.00","AUD","1760980180","11310/2025-11-20/1760980180.json"
"796964","564300","2025-11-19","28.00","AUD","1760980180","11310/2025-11-19/1760980180.json"
"888490","710035","2025-11-19","28.00","AUD","1760980180","11310/2025-11-19/1760980180.json"
"796964","564300","2025-11-21","28.00","AUD","1760980180","11310/2025-11-21/1760980180.json"
"796964","564300","2025-11-23","28.00","AUD","1760980180","11310/2025-11-23/1760980180.json"
"888490","710035","2025-11-23","28.00","AUD","1760980180","11310/2025-11-23/1760980180.json"
"796964","564300","2025-11-22","28.00","AUD","1760980180","11310/2025-11-22/1760980180.json"
"796964","564300","2025-11-27","28.00","AUD","1760980180","11310/2025-11-27/1760980180.json"
"888490","710035","2025-11-27","28.00","AUD","1760980180","11310/2025-11-27/1760980180.json"
"796964","564300","2025-11-26","28.00","AUD","1760980180","11310/2025-11-26/1760980180.json"
"888490","710035","2025-11-26","28.00","AUD","1760980180","11310/2025-11-26/1760980180.json"
"796964","564300","2025-11-29","28.00","AUD","1760980180","11310/2025-11-29/1760980180.json"
"888490","710035","2025-11-29","28.00","AUD","1760980180","11310/2025-11-29/1760980180.json"
"796964","564300","2025-11-30","28.00","AUD","1760980180","11310/2025-11-30/1760980180.json"
"888490","710035","2025-11-30","28.00","AUD","1760980180","11310/2025-11-30/1760980180.json"
"796964","564300","2025-12-02","28.00","AUD","1760980180","11310/2025-12-02/1760980180.json"
"888490","710035","2025-12-02","28.00","AUD","1760980180","11310/2025-12-02/1760980180.json"
"796964","564300","2025-12-03","28.00","AUD","1760980180","11310/2025-12-03/1760980180.json"
"888490","710035","2025-12-03","28.00","AUD","1760980180","11310/2025-12-03/1760980180.json"
"888490","710035","2025-12-04","28.00","AUD","1760980180","11310/2025-12-04/1760980180.json"
"796964","564300","2025-12-05","28.00","AUD","1760980180","11310/2025-12-05/1760980180.json"
"888490","710035","2025-12-05","28.00","AUD","1760980180","11310/2025-12-05/1760980180.json"
"796964","564300","2025-12-06","28.00","AUD","1760980180","11310/2025-12-06/1760980180.json"
"888490","710035","2025-12-06","28.00","AUD","1760980180","11310/2025-12-06/1760980180.json"
"796964","564300","2025-10-24","26.00","AUD","1760994268","11310/2025-10-24/1760994268.json"
"888490","710035","2025-10-27","26.00","AUD","1760994268","11310/2025-10-27/1760994268.json"
"796964","564300","2025-10-26","26.00","AUD","1760994268","11310/2025-10-26/1760994268.json"
"796964","564300","2025-10-29","26.00","AUD","1760994268","11310/2025-10-29/1760994268.json"
"888490","710035","2025-10-31","26.00","AUD","1760994268","11310/2025-10-31/1760994268.json"
"888490","710035","2025-11-01","26.00","AUD","1760994268","11310/2025-11-01/1760994268.json"
"796964","564300","2025-11-03","26.00","AUD","1760994268","11310/2025-11-03/1760994268.json"
"888490","710035","2025-11-03","26.00","AUD","1760994268","11310/2025-11-03/1760994268.json"
"796964","564300","2025-10-30","26.00","AUD","1760994268","11310/2025-10-30/1760994268.json"
"888490","710035","2025-10-30","26.00","AUD","1760994268","11310/2025-10-30/1760994268.json"
"796964","564300","2025-11-04","26.00","AUD","1760994268","11310/2025-11-04/1760994268.json"
"888490","710035","2025-11-04","26.00","AUD","1760994268","11310/2025-11-04/1760994268.json"
"796964","564300","2025-11-06","26.00","AUD","1760994268","11310/2025-11-06/1760994268.json"
"888490","710035","2025-11-06","26.00","AUD","1760994268","11310/2025-11-06/1760994268.json"
"796964","564300","2025-11-02","26.00","AUD","1760994268","11310/2025-11-02/1760994268.json"
"888490","710035","2025-11-02","26.00","AUD","1760994268","11310/2025-11-02/1760994268.json"
"796964","564300","2025-11-07","26.00","AUD","1760994268","11310/2025-11-07/1760994268.json"
"888490","710035","2025-11-07","26.00","AUD","1760994268","11310/2025-11-07/1760994268.json"
"796964","564300","2025-11-08","26.00","AUD","1760994268","11310/2025-11-08/1760994268.json"
"796964","564300","2025-11-09","26.00","AUD","1760994268","11310/2025-11-09/1760994268.json"
"888490","710035","2025-11-09","26.00","AUD","1760994268","11310/2025-11-09/1760994268.json"
"888490","710035","2025-11-11","26.00","AUD","1760994268","11310/2025-11-11/1760994268.json"
"796964","564300","2025-11-10","26.00","AUD","1760994268","11310/2025-11-10/1760994268.json"
"888490","710035","2025-11-10","26.00","AUD","1760994268","11310/2025-11-10/1760994268.json"
"796964","564300","2025-11-12","26.00","AUD","1760994268","11310/2025-11-12/1760994268.json"
"888490","710035","2025-11-13","28.00","AUD","1760994268","11310/2025-11-13/1760994268.json"
"796964","564300","2025-11-15","28.00","AUD","1760994268","11310/2025-11-15/1760994268.json"
"888490","710035","2025-11-15","28.00","AUD","1760994268","11310/2025-11-15/1760994268.json"
"796964","564300","2025-11-14","28.00","AUD","1760994268","11310/2025-11-14/1760994268.json"
"796964","564300","2025-11-16","28.00","AUD","1760994268","11310/2025-11-16/1760994268.json"
"888490","710035","2025-11-17","28.00","AUD","1760994268","11310/2025-11-17/1760994268.json"
"796964","564300","2025-11-19","28.00","AUD","1760994268","11310/2025-11-19/1760994268.json"
"796964","564300","2025-11-18","28.00","AUD","1760994268","11310/2025-11-18/1760994268.json"
"888490","710035","2025-11-19","28.00","AUD","1760994268","11310/2025-11-19/1760994268.json"
"888490","710035","2025-11-18","28.00","AUD","1760994268","11310/2025-11-18/1760994268.json"
"796964","564300","2025-11-20","28.00","AUD","1760994268","11310/2025-11-20/1760994268.json"
"888490","710035","2025-11-20","28.00","AUD","1760994268","11310/2025-11-20/1760994268.json"
"796964","564300","2025-11-21","28.00","AUD","1760994268","11310/2025-11-21/1760994268.json"
"796964","564300","2025-11-23","28.00","AUD","1760994268","11310/2025-11-23/1760994268.json"
"888490","710035","2025-11-23","28.00","AUD","1760994268","11310/2025-11-23/1760994268.json"
"796964","564300","2025-11-22","28.00","AUD","1760994268","11310/2025-11-22/1760994268.json"
"796964","564300","2025-11-26","28.00","AUD","1760994268","11310/2025-11-26/1760994268.json"
"888490","710035","2025-11-26","28.00","AUD","1760994268","11310/2025-11-26/1760994268.json"
"796964","564300","2025-11-27","28.00","AUD","1760994268","11310/2025-11-27/1760994268.json"
"888490","710035","2025-11-27","28.00","AUD","1760994268","11310/2025-11-27/1760994268.json"
"796964","564300","2025-11-29","28.00","AUD","1760994268","11310/2025-11-29/1760994268.json"
"888490","710035","2025-11-29","28.00","AUD","1760994268","11310/2025-11-29/1760994268.json"
"796964","564300","2025-11-30","28.00","AUD","1760994268","11310/2025-11-30/1760994268.json"
"888490","710035","2025-11-30","28.00","AUD","1760994268","11310/2025-11-30/1760994268.json"
"796964","564300","2025-12-03","28.00","AUD","1760994268","11310/2025-12-03/1760994268.json"
"888490","710035","2025-12-03","28.00","AUD","1760994268","11310/2025-12-03/1760994268.json"
"796964","564300","2025-12-02","28.00","AUD","1760994268","11310/2025-12-02/1760994268.json"
"888490","710035","2025-12-02","28.00","AUD","1760994268","11310/2025-12-02/1760994268.json"
"888490","710035","2025-12-04","28.00","AUD","1760994268","11310/2025-12-04/1760994268.json"
"796964","564300","2025-12-05","28.00","AUD","1760994268","11310/2025-12-05/1760994268.json"
"888490","710035","2025-12-05","28.00","AUD","1760994268","11310/2025-12-05/1760994268.json"
"796964","564300","2025-12-06","28.00","AUD","1760994268","11310/2025-12-06/1760994268.json"
"888490","710035","2025-12-06","28.00","AUD","1760994268","11310/2025-12-06/1760994268.json"
"796964","564300","2025-10-24","26.00","AUD","1761017905","11310/2025-10-24/1761017905.json"
"796964","564300","2025-10-26","26.00","AUD","1761017905","11310/2025-10-26/1761017905.json"
"796964","564300","2025-10-29","26.00","AUD","1761017905","11310/2025-10-29/1761017905.json"
"796964","564300","2025-10-30","26.00","AUD","1761017905","11310/2025-10-30/1761017905.json"
"888490","710035","2025-10-30","26.00","AUD","1761017905","11310/2025-10-30/1761017905.json"
"888490","710035","2025-10-27","26.00","AUD","1761017905","11310/2025-10-27/1761017905.json"
"888490","710035","2025-10-31","26.00","AUD","1761017905","11310/2025-10-31/1761017905.json"
"888490","710035","2025-11-01","26.00","AUD","1761017905","11310/2025-11-01/1761017905.json"
"796964","564300","2025-11-02","26.00","AUD","1761017905","11310/2025-11-02/1761017905.json"
"888490","710035","2025-11-02","26.00","AUD","1761017905","11310/2025-11-02/1761017905.json"
"796964","564300","2025-11-03","26.00","AUD","1761017905","11310/2025-11-03/1761017905.json"
"888490","710035","2025-11-03","26.00","AUD","1761017905","11310/2025-11-03/1761017905.json"
"796964","564300","2025-11-04","26.00","AUD","1761017905","11310/2025-11-04/1761017905.json"
"888490","710035","2025-11-04","26.00","AUD","1761017905","11310/2025-11-04/1761017905.json"
"796964","564300","2025-11-06","26.00","AUD","1761017905","11310/2025-11-06/1761017905.json"
"888490","710035","2025-11-06","26.00","AUD","1761017905","11310/2025-11-06/1761017905.json"
"796964","564300","2025-11-07","26.00","AUD","1761017905","11310/2025-11-07/1761017905.json"
"888490","710035","2025-11-07","26.00","AUD","1761017905","11310/2025-11-07/1761017905.json"
"796964","564300","2025-11-08","26.00","AUD","1761017905","11310/2025-11-08/1761017905.json"
"796964","564300","2025-11-09","26.00","AUD","1761017905","11310/2025-11-09/1761017905.json"
"888490","710035","2025-11-09","26.00","AUD","1761017905","11310/2025-11-09/1761017905.json"
"796964","564300","2025-11-10","26.00","AUD","1761017905","11310/2025-11-10/1761017905.json"
"888490","710035","2025-11-10","26.00","AUD","1761017905","11310/2025-11-10/1761017905.json"
"888490","710035","2025-11-11","26.00","AUD","1761017905","11310/2025-11-11/1761017905.json"
"796964","564300","2025-11-12","26.00","AUD","1761017905","11310/2025-11-12/1761017905.json"
"796964","564300","2025-11-14","28.00","AUD","1761017905","11310/2025-11-14/1761017905.json"
"888490","710035","2025-11-13","28.00","AUD","1761017905","11310/2025-11-13/1761017905.json"
"796964","564300","2025-11-15","28.00","AUD","1761017905","11310/2025-11-15/1761017905.json"
"888490","710035","2025-11-15","28.00","AUD","1761017905","11310/2025-11-15/1761017905.json"
"796964","564300","2025-11-16","28.00","AUD","1761017905","11310/2025-11-16/1761017905.json"
"796964","564300","2025-11-18","28.00","AUD","1761017905","11310/2025-11-18/1761017905.json"
"888490","710035","2025-11-18","28.00","AUD","1761017905","11310/2025-11-18/1761017905.json"
"796964","564300","2025-11-19","28.00","AUD","1761017905","11310/2025-11-19/1761017905.json"
"888490","710035","2025-11-19","28.00","AUD","1761017905","11310/2025-11-19/1761017905.json"
"888490","710035","2025-11-17","28.00","AUD","1761017905","11310/2025-11-17/1761017905.json"
"796964","564300","2025-11-20","28.00","AUD","1761017905","11310/2025-11-20/1761017905.json"
"888490","710035","2025-11-20","28.00","AUD","1761017905","11310/2025-11-20/1761017905.json"
"796964","564300","2025-11-22","28.00","AUD","1761017905","11310/2025-11-22/1761017905.json"
"796964","564300","2025-11-21","28.00","AUD","1761017905","11310/2025-11-21/1761017905.json"
"796964","564300","2025-11-23","28.00","AUD","1761017905","11310/2025-11-23/1761017905.json"
"888490","710035","2025-11-23","28.00","AUD","1761017905","11310/2025-11-23/1761017905.json"
"796964","564300","2025-11-27","28.00","AUD","1761017905","11310/2025-11-27/1761017905.json"
"888490","710035","2025-11-27","28.00","AUD","1761017905","11310/2025-11-27/1761017905.json"
"796964","564300","2025-11-26","28.00","AUD","1761017905","11310/2025-11-26/1761017905.json"
"888490","710035","2025-11-26","28.00","AUD","1761017905","11310/2025-11-26/1761017905.json"
"796964","564300","2025-11-29","28.00","AUD","1761017905","11310/2025-11-29/1761017905.json"
"888490","710035","2025-11-29","28.00","AUD","1761017905","11310/2025-11-29/1761017905.json"
"796964","564300","2025-11-30","28.00","AUD","1761017905","11310/2025-11-30/1761017905.json"
"888490","710035","2025-11-30","28.00","AUD","1761017905","11310/2025-11-30/1761017905.json"
"796964","564300","2025-12-02","28.00","AUD","1761017905","11310/2025-12-02/1761017905.json"
"888490","710035","2025-12-02","28.00","AUD","1761017905","11310/2025-12-02/1761017905.json"
"796964","564300","2025-12-03","28.00","AUD","1761017905","11310/2025-12-03/1761017905.json"
"888490","710035","2025-12-03","28.00","AUD","1761017905","11310/2025-12-03/1761017905.json"
"888490","710035","2025-12-04","28.00","AUD","1761017905","11310/2025-12-04/1761017905.json"
"796964","564300","2025-12-05","28.00","AUD","1761017905","11310/2025-12-05/1761017905.json"
"888490","710035","2025-12-05","28.00","AUD","1761017905","11310/2025-12-05/1761017905.json"
"796964","564300","2025-12-06","28.00","AUD","1761017905","11310/2025-12-06/1761017905.json"
"888490","710035","2025-12-06","28.00","AUD","1761017905","11310/2025-12-06/1761017905.json"
"796964","564300","2025-10-24","26.00","AUD","1761023034","11310/2025-10-24/1761023034.json"
"888490","710035","2025-10-27","26.00","AUD","1761023034","11310/2025-10-27/1761023034.json"
"796964","564300","2025-10-26","26.00","AUD","1761023034","11310/2025-10-26/1761023034.json"
"796964","564300","2025-10-29","26.00","AUD","1761023034","11310/2025-10-29/1761023034.json"
"796964","564300","2025-10-30","26.00","AUD","1761023034","11310/2025-10-30/1761023034.json"
"888490","710035","2025-10-30","26.00","AUD","1761023034","11310/2025-10-30/1761023034.json"
"796964","564300","2025-11-04","26.00","AUD","1761023034","11310/2025-11-04/1761023034.json"
"888490","710035","2025-11-04","26.00","AUD","1761023034","11310/2025-11-04/1761023034.json"
"796964","564300","2025-11-02","26.00","AUD","1761023034","11310/2025-11-02/1761023034.json"
"888490","710035","2025-11-02","26.00","AUD","1761023034","11310/2025-11-02/1761023034.json"
"796964","564300","2025-11-03","26.00","AUD","1761023034","11310/2025-11-03/1761023034.json"
"888490","710035","2025-11-03","26.00","AUD","1761023034","11310/2025-11-03/1761023034.json"
"796964","564300","2025-11-07","26.00","AUD","1761023034","11310/2025-11-07/1761023034.json"
"888490","710035","2025-11-07","26.00","AUD","1761023034","11310/2025-11-07/1761023034.json"
"796964","564300","2025-11-06","26.00","AUD","1761023034","11310/2025-11-06/1761023034.json"
"888490","710035","2025-11-06","26.00","AUD","1761023034","11310/2025-11-06/1761023034.json"
"796964","564300","2025-11-08","26.00","AUD","1761023034","11310/2025-11-08/1761023034.json"
"796964","564300","2025-11-09","26.00","AUD","1761023034","11310/2025-11-09/1761023034.json"
"888490","710035","2025-11-09","26.00","AUD","1761023034","11310/2025-11-09/1761023034.json"
"796964","564300","2025-11-10","26.00","AUD","1761023034","11310/2025-11-10/1761023034.json"
"888490","710035","2025-11-10","26.00","AUD","1761023034","11310/2025-11-10/1761023034.json"
"888490","710035","2025-11-11","26.00","AUD","1761023034","11310/2025-11-11/1761023034.json"
"888490","710035","2025-11-13","28.00","AUD","1761023034","11310/2025-11-13/1761023034.json"
"796964","564300","2025-11-12","26.00","AUD","1761023034","11310/2025-11-12/1761023034.json"
"796964","564300","2025-11-16","28.00","AUD","1761023034","11310/2025-11-16/1761023034.json"
"796964","564300","2025-11-15","28.00","AUD","1761023034","11310/2025-11-15/1761023034.json"
"888490","710035","2025-11-15","28.00","AUD","1761023034","11310/2025-11-15/1761023034.json"
"796964","564300","2025-11-14","28.00","AUD","1761023034","11310/2025-11-14/1761023034.json"
"888490","710035","2025-11-17","28.00","AUD","1761023034","11310/2025-11-17/1761023034.json"
"796964","564300","2025-11-18","28.00","AUD","1761023034","11310/2025-11-18/1761023034.json"
"888490","710035","2025-11-18","28.00","AUD","1761023034","11310/2025-11-18/1761023034.json"
"796964","564300","2025-11-19","28.00","AUD","1761023034","11310/2025-11-19/1761023034.json"
"888490","710035","2025-11-19","28.00","AUD","1761023034","11310/2025-11-19/1761023034.json"
"796964","564300","2025-11-20","28.00","AUD","1761023034","11310/2025-11-20/1761023034.json"
"888490","710035","2025-11-20","28.00","AUD","1761023034","11310/2025-11-20/1761023034.json"
"796964","564300","2025-11-21","28.00","AUD","1761023034","11310/2025-11-21/1761023034.json"
"796964","564300","2025-11-23","28.00","AUD","1761023034","11310/2025-11-23/1761023034.json"
"888490","710035","2025-11-23","28.00","AUD","1761023034","11310/2025-11-23/1761023034.json"
"796964","564300","2025-11-22","28.00","AUD","1761023034","11310/2025-11-22/1761023034.json"
"796964","564300","2025-11-27","28.00","AUD","1761023034","11310/2025-11-27/1761023034.json"
"888490","710035","2025-11-27","28.00","AUD","1761023034","11310/2025-11-27/1761023034.json"
"796964","564300","2025-11-26","28.00","AUD","1761023034","11310/2025-11-26/1761023034.json"
"888490","710035","2025-11-26","28.00","AUD","1761023034","11310/2025-11-26/1761023034.json"
"796964","564300","2025-11-29","28.00","AUD","1761023034","11310/2025-11-29/1761023034.json"
"888490","710035","2025-11-29","28.00","AUD","1761023034","11310/2025-11-29/1761023034.json"
"796964","564300","2025-11-30","28.00","AUD","1761023034","11310/2025-11-30/1761023034.json"
"888490","710035","2025-11-30","28.00","AUD","1761023034","11310/2025-11-30/1761023034.json"
"796964","564300","2025-12-03","28.00","AUD","1761023034","11310/2025-12-03/1761023034.json"
"888490","710035","2025-12-03","28.00","AUD","1761023034","11310/2025-12-03/1761023034.json"
"796964","564300","2025-12-02","28.00","AUD","1761023034","11310/2025-12-02/1761023034.json"
"888490","710035","2025-12-02","28.00","AUD","1761023034","11310/2025-12-02/1761023034.json"
"888490","710035","2025-12-04","28.00","AUD","1761023034","11310/2025-12-04/1761023034.json"
"796964","564300","2025-12-05","28.00","AUD","1761023034","11310/2025-12-05/1761023034.json"
"888490","710035","2025-12-05","28.00","AUD","1761023034","11310/2025-12-05/1761023034.json"
"796964","564300","2025-12-06","28.00","AUD","1761023034","11310/2025-12-06/1761023034.json"
"888490","710035","2025-12-06","28.00","AUD","1761023034","11310/2025-12-06/1761023034.json"
"796964","564300","2025-10-24","26.00","AUD","1761038316","11310/2025-10-24/1761038316.json"
"888490","710035","2025-10-27","26.00","AUD","1761038316","11310/2025-10-27/1761038316.json"
"796964","564300","2025-10-26","26.00","AUD","1761038316","11310/2025-10-26/1761038316.json"
"796964","564300","2025-10-29","26.00","AUD","1761038316","11310/2025-10-29/1761038316.json"
"796964","564300","2025-10-30","26.00","AUD","1761038316","11310/2025-10-30/1761038316.json"
"888490","710035","2025-10-30","26.00","AUD","1761038316","11310/2025-10-30/1761038316.json"
"796964","564300","2025-11-02","26.00","AUD","1761038316","11310/2025-11-02/1761038316.json"
"888490","710035","2025-11-02","26.00","AUD","1761038316","11310/2025-11-02/1761038316.json"
"796964","564300","2025-11-03","26.00","AUD","1761038316","11310/2025-11-03/1761038316.json"
"888490","710035","2025-11-03","26.00","AUD","1761038316","11310/2025-11-03/1761038316.json"
"796964","564300","2025-11-04","26.00","AUD","1761038316","11310/2025-11-04/1761038316.json"
"888490","710035","2025-11-04","26.00","AUD","1761038316","11310/2025-11-04/1761038316.json"
"796964","564300","2025-11-09","26.00","AUD","1761038316","11310/2025-11-09/1761038316.json"
"888490","710035","2025-11-09","26.00","AUD","1761038316","11310/2025-11-09/1761038316.json"
"796964","564300","2025-11-08","26.00","AUD","1761038316","11310/2025-11-08/1761038316.json"
"796964","564300","2025-11-07","26.00","AUD","1761038316","11310/2025-11-07/1761038316.json"
"888490","710035","2025-11-07","26.00","AUD","1761038316","11310/2025-11-07/1761038316.json"
"796964","564300","2025-11-06","26.00","AUD","1761038316","11310/2025-11-06/1761038316.json"
"888490","710035","2025-11-06","26.00","AUD","1761038316","11310/2025-11-06/1761038316.json"
"888490","710035","2025-11-11","26.00","AUD","1761038316","11310/2025-11-11/1761038316.json"
"888490","710035","2025-11-13","28.00","AUD","1761038316","11310/2025-11-13/1761038316.json"
"796964","564300","2025-11-10","26.00","AUD","1761038316","11310/2025-11-10/1761038316.json"
"888490","710035","2025-11-10","26.00","AUD","1761038316","11310/2025-11-10/1761038316.json"
"796964","564300","2025-11-16","28.00","AUD","1761038316","11310/2025-11-16/1761038316.json"
"796964","564300","2025-11-14","28.00","AUD","1761038316","11310/2025-11-14/1761038316.json"
"796964","564300","2025-11-15","28.00","AUD","1761038316","11310/2025-11-15/1761038316.json"
"888490","710035","2025-11-15","28.00","AUD","1761038316","11310/2025-11-15/1761038316.json"
"796964","564300","2025-11-12","26.00","AUD","1761038316","11310/2025-11-12/1761038316.json"
"796964","564300","2025-11-18","28.00","AUD","1761038316","11310/2025-11-18/1761038316.json"
"888490","710035","2025-11-18","28.00","AUD","1761038316","11310/2025-11-18/1761038316.json"
"796964","564300","2025-11-20","28.00","AUD","1761038316","11310/2025-11-20/1761038316.json"
"888490","710035","2025-11-20","28.00","AUD","1761038316","11310/2025-11-20/1761038316.json"
"796964","564300","2025-11-19","28.00","AUD","1761038316","11310/2025-11-19/1761038316.json"
"888490","710035","2025-11-19","28.00","AUD","1761038316","11310/2025-11-19/1761038316.json"
"888490","710035","2025-11-17","28.00","AUD","1761038316","11310/2025-11-17/1761038316.json"
"796964","564300","2025-11-23","28.00","AUD","1761038316","11310/2025-11-23/1761038316.json"
"888490","710035","2025-11-23","28.00","AUD","1761038316","11310/2025-11-23/1761038316.json"
"796964","564300","2025-11-22","28.00","AUD","1761038316","11310/2025-11-22/1761038316.json"
"796964","564300","2025-11-21","28.00","AUD","1761038316","11310/2025-11-21/1761038316.json"
"796964","564300","2025-11-27","28.00","AUD","1761038316","11310/2025-11-27/1761038316.json"
"888490","710035","2025-11-27","28.00","AUD","1761038316","11310/2025-11-27/1761038316.json"
"796964","564300","2025-11-26","28.00","AUD","1761038316","11310/2025-11-26/1761038316.json"
"888490","710035","2025-11-26","28.00","AUD","1761038316","11310/2025-11-26/1761038316.json"
"796964","564300","2025-11-29","28.00","AUD","1761038316","11310/2025-11-29/1761038316.json"
"888490","710035","2025-11-29","28.00","AUD","1761038316","11310/2025-11-29/1761038316.json"
"796964","564300","2025-11-30","28.00","AUD","1761038316","11310/2025-11-30/1761038316.json"
"888490","710035","2025-11-30","28.00","AUD","1761038316","11310/2025-11-30/1761038316.json"
"796964","564300","2025-12-02","28.00","AUD","1761038316","11310/2025-12-02/1761038316.json"
"888490","710035","2025-12-02","28.00","AUD","1761038316","11310/2025-12-02/1761038316.json"
"888490","710035","2025-12-04","28.00","AUD","1761038316","11310/2025-12-04/1761038316.json"
"796964","564300","2025-12-05","28.00","AUD","1761038316","11310/2025-12-05/1761038316.json"
"888490","710035","2025-12-05","28.00","AUD","1761038316","11310/2025-12-05/1761038316.json"
"796964","564300","2025-12-03","28.00","AUD","1761038316","11310/2025-12-03/1761038316.json"
"888490","710035","2025-12-03","28.00","AUD","1761038316","11310/2025-12-03/1761038316.json"
"796964","564300","2025-12-06","28.00","AUD","1761038316","11310/2025-12-06/1761038316.json"
"888490","710035","2025-12-06","28.00","AUD","1761038316","11310/2025-12-06/1761038316.json"
"796964","564300","2025-10-24","26.00","AUD","1761055811","11310/2025-10-24/1761055811.json"
"888490","710035","2025-10-27","26.00","AUD","1761055811","11310/2025-10-27/1761055811.json"
"796964","564300","2025-10-26","26.00","AUD","1761055811","11310/2025-10-26/1761055811.json"
"796964","564300","2025-10-29","26.00","AUD","1761055811","11310/2025-10-29/1761055811.json"
"796964","564300","2025-10-30","26.00","AUD","1761055811","11310/2025-10-30/1761055811.json"
"888490","710035","2025-10-30","26.00","AUD","1761055811","11310/2025-10-30/1761055811.json"
"796964","564300","2025-11-03","26.00","AUD","1761055811","11310/2025-11-03/1761055811.json"
"888490","710035","2025-11-03","26.00","AUD","1761055811","11310/2025-11-03/1761055811.json"
"796964","564300","2025-11-02","26.00","AUD","1761055811","11310/2025-11-02/1761055811.json"
"888490","710035","2025-11-02","26.00","AUD","1761055811","11310/2025-11-02/1761055811.json"
"796964","564300","2025-11-04","26.00","AUD","1761055811","11310/2025-11-04/1761055811.json"
"888490","710035","2025-11-04","26.00","AUD","1761055811","11310/2025-11-04/1761055811.json"
"796964","564300","2025-11-07","26.00","AUD","1761055811","11310/2025-11-07/1761055811.json"
"888490","710035","2025-11-07","26.00","AUD","1761055811","11310/2025-11-07/1761055811.json"
"796964","564300","2025-11-08","26.00","AUD","1761055811","11310/2025-11-08/1761055811.json"
"796964","564300","2025-11-09","26.00","AUD","1761055811","11310/2025-11-09/1761055811.json"
"888490","710035","2025-11-09","26.00","AUD","1761055811","11310/2025-11-09/1761055811.json"
"796964","564300","2025-11-06","26.00","AUD","1761055811","11310/2025-11-06/1761055811.json"
"888490","710035","2025-11-06","26.00","AUD","1761055811","11310/2025-11-06/1761055811.json"
"796964","564300","2025-11-10","26.00","AUD","1761055811","11310/2025-11-10/1761055811.json"
"888490","710035","2025-11-10","26.00","AUD","1761055811","11310/2025-11-10/1761055811.json"
"888490","710035","2025-11-11","26.00","AUD","1761055811","11310/2025-11-11/1761055811.json"
"796964","564300","2025-11-12","26.00","AUD","1761055811","11310/2025-11-12/1761055811.json"
"888490","710035","2025-11-13","28.00","AUD","1761055811","11310/2025-11-13/1761055811.json"
"796964","564300","2025-11-14","28.00","AUD","1761055811","11310/2025-11-14/1761055811.json"
"796964","564300","2025-11-15","28.00","AUD","1761055811","11310/2025-11-15/1761055811.json"
"888490","710035","2025-11-15","28.00","AUD","1761055811","11310/2025-11-15/1761055811.json"
"796964","564300","2025-11-16","28.00","AUD","1761055811","11310/2025-11-16/1761055811.json"
"888490","710035","2025-11-17","28.00","AUD","1761055811","11310/2025-11-17/1761055811.json"
"796964","564300","2025-11-18","28.00","AUD","1761055811","11310/2025-11-18/1761055811.json"
"888490","710035","2025-11-18","28.00","AUD","1761055811","11310/2025-11-18/1761055811.json"
"796964","564300","2025-11-20","28.00","AUD","1761055811","11310/2025-11-20/1761055811.json"
"888490","710035","2025-11-20","28.00","AUD","1761055811","11310/2025-11-20/1761055811.json"
"796964","564300","2025-11-21","28.00","AUD","1761055811","11310/2025-11-21/1761055811.json"
"796964","564300","2025-11-22","28.00","AUD","1761055811","11310/2025-11-22/1761055811.json"
"796964","564300","2025-11-19","28.00","AUD","1761055811","11310/2025-11-19/1761055811.json"
"888490","710035","2025-11-19","28.00","AUD","1761055811","11310/2025-11-19/1761055811.json"
"796964","564300","2025-11-23","28.00","AUD","1761055811","11310/2025-11-23/1761055811.json"
"888490","710035","2025-11-23","28.00","AUD","1761055811","11310/2025-11-23/1761055811.json"
"796964","564300","2025-11-27","28.00","AUD","1761055811","11310/2025-11-27/1761055811.json"
"888490","710035","2025-11-27","28.00","AUD","1761055811","11310/2025-11-27/1761055811.json"
"796964","564300","2025-11-26","28.00","AUD","1761055811","11310/2025-11-26/1761055811.json"
"888490","710035","2025-11-26","28.00","AUD","1761055811","11310/2025-11-26/1761055811.json"
"796964","564300","2025-11-29","28.00","AUD","1761055811","11310/2025-11-29/1761055811.json"
"888490","710035","2025-11-29","28.00","AUD","1761055811","11310/2025-11-29/1761055811.json"
"796964","564300","2025-11-30","28.00","AUD","1761055811","11310/2025-11-30/1761055811.json"
"888490","710035","2025-11-30","28.00","AUD","1761055811","11310/2025-11-30/1761055811.json"
"796964","564300","2025-12-02","28.00","AUD","1761055811","11310/2025-12-02/1761055811.json"
"888490","710035","2025-12-02","28.00","AUD","1761055811","11310/2025-12-02/1761055811.json"
"796964","564300","2025-12-05","28.00","AUD","1761055811","11310/2025-12-05/1761055811.json"
"888490","710035","2025-12-05","28.00","AUD","1761055811","11310/2025-12-05/1761055811.json"
"796964","564300","2025-12-03","28.00","AUD","1761055811","11310/2025-12-03/1761055811.json"
"888490","710035","2025-12-03","28.00","AUD","1761055811","11310/2025-12-03/1761055811.json"
"888490","710035","2025-12-04","28.00","AUD","1761055811","11310/2025-12-04/1761055811.json"
"796964","564300","2025-12-06","28.00","AUD","1761055811","11310/2025-12-06/1761055811.json"
"888490","710035","2025-12-06","28.00","AUD","1761055811","11310/2025-12-06/1761055811.json"
"796964","564300","2025-10-24","26.00","AUD","1761066544","11310/2025-10-24/1761066544.json"
"796964","564300","2025-10-26","26.00","AUD","1761066544","11310/2025-10-26/1761066544.json"
"888490","710035","2025-10-27","26.00","AUD","1761066544","11310/2025-10-27/1761066544.json"
"796964","564300","2025-10-30","26.00","AUD","1761066544","11310/2025-10-30/1761066544.json"
"888490","710035","2025-10-30","26.00","AUD","1761066544","11310/2025-10-30/1761066544.json"
"796964","564300","2025-10-29","26.00","AUD","1761066544","11310/2025-10-29/1761066544.json"
"796964","564300","2025-11-02","26.00","AUD","1761066544","11310/2025-11-02/1761066544.json"
"888490","710035","2025-11-02","26.00","AUD","1761066544","11310/2025-11-02/1761066544.json"
"796964","564300","2025-11-04","26.00","AUD","1761066544","11310/2025-11-04/1761066544.json"
"888490","710035","2025-11-04","26.00","AUD","1761066544","11310/2025-11-04/1761066544.json"
"796964","564300","2025-11-03","26.00","AUD","1761066544","11310/2025-11-03/1761066544.json"
"888490","710035","2025-11-03","26.00","AUD","1761066544","11310/2025-11-03/1761066544.json"
"796964","564300","2025-11-06","26.00","AUD","1761066544","11310/2025-11-06/1761066544.json"
"888490","710035","2025-11-06","26.00","AUD","1761066544","11310/2025-11-06/1761066544.json"
"796964","564300","2025-11-08","26.00","AUD","1761066544","11310/2025-11-08/1761066544.json"
"796964","564300","2025-11-07","26.00","AUD","1761066544","11310/2025-11-07/1761066544.json"
"888490","710035","2025-11-07","26.00","AUD","1761066544","11310/2025-11-07/1761066544.json"
"796964","564300","2025-11-09","26.00","AUD","1761066544","11310/2025-11-09/1761066544.json"
"888490","710035","2025-11-09","26.00","AUD","1761066544","11310/2025-11-09/1761066544.json"
"796964","564300","2025-11-10","26.00","AUD","1761066544","11310/2025-11-10/1761066544.json"
"888490","710035","2025-11-10","26.00","AUD","1761066544","11310/2025-11-10/1761066544.json"
"888490","710035","2025-11-11","26.00","AUD","1761066544","11310/2025-11-11/1761066544.json"
"888490","710035","2025-11-13","28.00","AUD","1761066544","11310/2025-11-13/1761066544.json"
"796964","564300","2025-11-12","26.00","AUD","1761066544","11310/2025-11-12/1761066544.json"
"796964","564300","2025-11-14","28.00","AUD","1761066544","11310/2025-11-14/1761066544.json"
"796964","564300","2025-11-15","28.00","AUD","1761066544","11310/2025-11-15/1761066544.json"
"888490","710035","2025-11-15","28.00","AUD","1761066544","11310/2025-11-15/1761066544.json"
"796964","564300","2025-11-16","28.00","AUD","1761066544","11310/2025-11-16/1761066544.json"
"888490","710035","2025-11-17","28.00","AUD","1761066544","11310/2025-11-17/1761066544.json"
"796964","564300","2025-11-18","28.00","AUD","1761066544","11310/2025-11-18/1761066544.json"
"888490","710035","2025-11-18","28.00","AUD","1761066544","11310/2025-11-18/1761066544.json"
"796964","564300","2025-11-21","28.00","AUD","1761066544","11310/2025-11-21/1761066544.json"
"796964","564300","2025-11-20","28.00","AUD","1761066544","11310/2025-11-20/1761066544.json"
"888490","710035","2025-11-20","28.00","AUD","1761066544","11310/2025-11-20/1761066544.json"
"796964","564300","2025-11-19","28.00","AUD","1761066544","11310/2025-11-19/1761066544.json"
"888490","710035","2025-11-19","28.00","AUD","1761066544","11310/2025-11-19/1761066544.json"
"796964","564300","2025-11-23","28.00","AUD","1761066544","11310/2025-11-23/1761066544.json"
"888490","710035","2025-11-23","28.00","AUD","1761066544","11310/2025-11-23/1761066544.json"
"796964","564300","2025-11-22","28.00","AUD","1761066544","11310/2025-11-22/1761066544.json"
"796964","564300","2025-11-26","28.00","AUD","1761066544","11310/2025-11-26/1761066544.json"
"888490","710035","2025-11-26","28.00","AUD","1761066544","11310/2025-11-26/1761066544.json"
"796964","564300","2025-11-27","28.00","AUD","1761066544","11310/2025-11-27/1761066544.json"
"888490","710035","2025-11-27","28.00","AUD","1761066544","11310/2025-11-27/1761066544.json"
"796964","564300","2025-11-29","28.00","AUD","1761066544","11310/2025-11-29/1761066544.json"
"888490","710035","2025-11-29","28.00","AUD","1761066544","11310/2025-11-29/1761066544.json"
"796964","564300","2025-11-30","28.00","AUD","1761066544","11310/2025-11-30/1761066544.json"
"888490","710035","2025-11-30","28.00","AUD","1761066544","11310/2025-11-30/1761066544.json"
"796964","564300","2025-12-03","28.00","AUD","1761066544","11310/2025-12-03/1761066544.json"
"888490","710035","2025-12-03","28.00","AUD","1761066544","11310/2025-12-03/1761066544.json"
"796964","564300","2025-12-02","28.00","AUD","1761066544","11310/2025-12-02/1761066544.json"
"888490","710035","2025-12-02","28.00","AUD","1761066544","11310/2025-12-02/1761066544.json"
"888490","710035","2025-12-04","28.00","AUD","1761066544","11310/2025-12-04/1761066544.json"
"796964","564300","2025-12-06","28.00","AUD","1761066544","11310/2025-12-06/1761066544.json"
"888490","710035","2025-12-06","28.00","AUD","1761066544","11310/2025-12-06/1761066544.json"
"796964","564300","2025-12-05","28.00","AUD","1761066544","11310/2025-12-05/1761066544.json"
"888490","710035","2025-12-05","28.00","AUD","1761066544","11310/2025-12-05/1761066544.json"
"796964","564300","2025-10-24","26.00","AUD","1761080658","11310/2025-10-24/1761080658.json"
"796964","564300","2025-10-26","26.00","AUD","1761080658","11310/2025-10-26/1761080658.json"
"888490","710035","2025-10-27","26.00","AUD","1761080658","11310/2025-10-27/1761080658.json"
"796964","564300","2025-10-29","26.00","AUD","1761080658","11310/2025-10-29/1761080658.json"
"796964","564300","2025-10-30","26.00","AUD","1761080658","11310/2025-10-30/1761080658.json"
"888490","710035","2025-10-30","26.00","AUD","1761080658","11310/2025-10-30/1761080658.json"
"796964","564300","2025-11-02","26.00","AUD","1761080658","11310/2025-11-02/1761080658.json"
"888490","710035","2025-11-02","26.00","AUD","1761080658","11310/2025-11-02/1761080658.json"
"796964","564300","2025-11-03","26.00","AUD","1761080658","11310/2025-11-03/1761080658.json"
"888490","710035","2025-11-03","26.00","AUD","1761080658","11310/2025-11-03/1761080658.json"
"796964","564300","2025-11-04","26.00","AUD","1761080658","11310/2025-11-04/1761080658.json"
"888490","710035","2025-11-04","26.00","AUD","1761080658","11310/2025-11-04/1761080658.json"
"796964","564300","2025-11-06","26.00","AUD","1761080658","11310/2025-11-06/1761080658.json"
"888490","710035","2025-11-06","26.00","AUD","1761080658","11310/2025-11-06/1761080658.json"
"796964","564300","2025-11-07","26.00","AUD","1761080658","11310/2025-11-07/1761080658.json"
"888490","710035","2025-11-07","26.00","AUD","1761080658","11310/2025-11-07/1761080658.json"
"796964","564300","2025-11-08","26.00","AUD","1761080658","11310/2025-11-08/1761080658.json"
"796964","564300","2025-11-09","26.00","AUD","1761080658","11310/2025-11-09/1761080658.json"
"888490","710035","2025-11-09","26.00","AUD","1761080658","11310/2025-11-09/1761080658.json"
"888490","710035","2025-11-11","26.00","AUD","1761080658","11310/2025-11-11/1761080658.json"
"796964","564300","2025-11-10","26.00","AUD","1761080658","11310/2025-11-10/1761080658.json"
"888490","710035","2025-11-10","26.00","AUD","1761080658","11310/2025-11-10/1761080658.json"
"888490","710035","2025-11-13","28.00","AUD","1761080658","11310/2025-11-13/1761080658.json"
"796964","564300","2025-11-12","26.00","AUD","1761080658","11310/2025-11-12/1761080658.json"
"796964","564300","2025-11-14","28.00","AUD","1761080658","11310/2025-11-14/1761080658.json"
"796964","564300","2025-11-15","28.00","AUD","1761080658","11310/2025-11-15/1761080658.json"
"888490","710035","2025-11-15","28.00","AUD","1761080658","11310/2025-11-15/1761080658.json"
"796964","564300","2025-11-16","28.00","AUD","1761080658","11310/2025-11-16/1761080658.json"
"888490","710035","2025-11-17","28.00","AUD","1761080658","11310/2025-11-17/1761080658.json"
"796964","564300","2025-11-18","28.00","AUD","1761080658","11310/2025-11-18/1761080658.json"
"888490","710035","2025-11-18","28.00","AUD","1761080658","11310/2025-11-18/1761080658.json"
"796964","564300","2025-11-19","28.00","AUD","1761080658","11310/2025-11-19/1761080658.json"
"888490","710035","2025-11-19","28.00","AUD","1761080658","11310/2025-11-19/1761080658.json"
"796964","564300","2025-11-20","28.00","AUD","1761080658","11310/2025-11-20/1761080658.json"
"888490","710035","2025-11-20","28.00","AUD","1761080658","11310/2025-11-20/1761080658.json"
"796964","564300","2025-11-22","28.00","AUD","1761080658","11310/2025-11-22/1761080658.json"
"796964","564300","2025-11-21","28.00","AUD","1761080658","11310/2025-11-21/1761080658.json"
"796964","564300","2025-11-26","28.00","AUD","1761080658","11310/2025-11-26/1761080658.json"
"888490","710035","2025-11-26","28.00","AUD","1761080658","11310/2025-11-26/1761080658.json"
"796964","564300","2025-11-23","28.00","AUD","1761080658","11310/2025-11-23/1761080658.json"
"888490","710035","2025-11-23","28.00","AUD","1761080658","11310/2025-11-23/1761080658.json"
"796964","564300","2025-11-27","28.00","AUD","1761080658","11310/2025-11-27/1761080658.json"
"888490","710035","2025-11-27","28.00","AUD","1761080658","11310/2025-11-27/1761080658.json"
"796964","564300","2025-11-30","28.00","AUD","1761080658","11310/2025-11-30/1761080658.json"
"888490","710035","2025-11-30","28.00","AUD","1761080658","11310/2025-11-30/1761080658.json"
"796964","564300","2025-11-29","28.00","AUD","1761080658","11310/2025-11-29/1761080658.json"
"888490","710035","2025-11-29","28.00","AUD","1761080658","11310/2025-11-29/1761080658.json"
"796964","564300","2025-12-02","28.00","AUD","1761080658","11310/2025-12-02/1761080658.json"
"888490","710035","2025-12-02","28.00","AUD","1761080658","11310/2025-12-02/1761080658.json"
"796964","564300","2025-12-03","28.00","AUD","1761080658","11310/2025-12-03/1761080658.json"
"888490","710035","2025-12-03","28.00","AUD","1761080658","11310/2025-12-03/1761080658.json"
"888490","710035","2025-12-04","28.00","AUD","1761080658","11310/2025-12-04/1761080658.json"
"796964","564300","2025-12-05","28.00","AUD","1761080658","11310/2025-12-05/1761080658.json"
"888490","710035","2025-12-05","28.00","AUD","1761080658","11310/2025-12-05/1761080658.json"
"796964","564300","2025-12-06","28.00","AUD","1761080658","11310/2025-12-06/1761080658.json"
"888490","710035","2025-12-06","28.00","AUD","1761080658","11310/2025-12-06/1761080658.json"
"796964","564300","2025-10-24","26.00","AUD","1761105360","11310/2025-10-24/1761105360.json"
"796964","564300","2025-10-29","26.00","AUD","1761105360","11310/2025-10-29/1761105360.json"
"888490","710035","2025-10-27","26.00","AUD","1761105360","11310/2025-10-27/1761105360.json"
"796964","564300","2025-10-30","26.00","AUD","1761105360","11310/2025-10-30/1761105360.json"
"888490","710035","2025-10-30","26.00","AUD","1761105360","11310/2025-10-30/1761105360.json"
"796964","564300","2025-11-02","26.00","AUD","1761105360","11310/2025-11-02/1761105360.json"
"888490","710035","2025-11-02","26.00","AUD","1761105360","11310/2025-11-02/1761105360.json"
"796964","564300","2025-11-03","26.00","AUD","1761105360","11310/2025-11-03/1761105360.json"
"888490","710035","2025-11-03","26.00","AUD","1761105360","11310/2025-11-03/1761105360.json"
"796964","564300","2025-11-04","26.00","AUD","1761105360","11310/2025-11-04/1761105360.json"
"888490","710035","2025-11-04","26.00","AUD","1761105360","11310/2025-11-04/1761105360.json"
"796964","564300","2025-11-06","26.00","AUD","1761105360","11310/2025-11-06/1761105360.json"
"888490","710035","2025-11-06","26.00","AUD","1761105360","11310/2025-11-06/1761105360.json"
"796964","564300","2025-11-07","26.00","AUD","1761105360","11310/2025-11-07/1761105360.json"
"888490","710035","2025-11-07","26.00","AUD","1761105360","11310/2025-11-07/1761105360.json"
"796964","564300","2025-11-08","26.00","AUD","1761105360","11310/2025-11-08/1761105360.json"
"796964","564300","2025-11-09","26.00","AUD","1761105360","11310/2025-11-09/1761105360.json"
"888490","710035","2025-11-09","26.00","AUD","1761105360","11310/2025-11-09/1761105360.json"
"796964","564300","2025-11-10","26.00","AUD","1761105360","11310/2025-11-10/1761105360.json"
"888490","710035","2025-11-10","26.00","AUD","1761105360","11310/2025-11-10/1761105360.json"
"888490","710035","2025-11-11","26.00","AUD","1761105360","11310/2025-11-11/1761105360.json"
"796964","564300","2025-11-12","26.00","AUD","1761105360","11310/2025-11-12/1761105360.json"
"888490","710035","2025-11-13","28.00","AUD","1761105360","11310/2025-11-13/1761105360.json"
"796964","564300","2025-11-14","28.00","AUD","1761105360","11310/2025-11-14/1761105360.json"
"796964","564300","2025-11-15","28.00","AUD","1761105360","11310/2025-11-15/1761105360.json"
"888490","710035","2025-11-15","28.00","AUD","1761105360","11310/2025-11-15/1761105360.json"
"796964","564300","2025-11-16","28.00","AUD","1761105360","11310/2025-11-16/1761105360.json"
"888490","710035","2025-11-17","28.00","AUD","1761105360","11310/2025-11-17/1761105360.json"
"796964","564300","2025-11-18","28.00","AUD","1761105360","11310/2025-11-18/1761105360.json"
"888490","710035","2025-11-18","28.00","AUD","1761105360","11310/2025-11-18/1761105360.json"
"796964","564300","2025-11-19","28.00","AUD","1761105360","11310/2025-11-19/1761105360.json"
"888490","710035","2025-11-19","28.00","AUD","1761105360","11310/2025-11-19/1761105360.json"
"796964","564300","2025-11-20","28.00","AUD","1761105360","11310/2025-11-20/1761105360.json"
"888490","710035","2025-11-20","28.00","AUD","1761105360","11310/2025-11-20/1761105360.json"
"796964","564300","2025-11-21","28.00","AUD","1761105360","11310/2025-11-21/1761105360.json"
"796964","564300","2025-11-22","28.00","AUD","1761105360","11310/2025-11-22/1761105360.json"
"796964","564300","2025-11-23","28.00","AUD","1761105360","11310/2025-11-23/1761105360.json"
"888490","710035","2025-11-23","28.00","AUD","1761105360","11310/2025-11-23/1761105360.json"
"796964","564300","2025-11-26","28.00","AUD","1761105360","11310/2025-11-26/1761105360.json"
"888490","710035","2025-11-26","28.00","AUD","1761105360","11310/2025-11-26/1761105360.json"
"796964","564300","2025-11-27","28.00","AUD","1761105360","11310/2025-11-27/1761105360.json"
"888490","710035","2025-11-27","28.00","AUD","1761105360","11310/2025-11-27/1761105360.json"
"796964","564300","2025-11-29","28.00","AUD","1761105360","11310/2025-11-29/1761105360.json"
"888490","710035","2025-11-29","28.00","AUD","1761105360","11310/2025-11-29/1761105360.json"
"796964","564300","2025-11-30","28.00","AUD","1761105360","11310/2025-11-30/1761105360.json"
"888490","710035","2025-11-30","28.00","AUD","1761105360","11310/2025-11-30/1761105360.json"
"796964","564300","2025-12-02","28.00","AUD","1761105360","11310/2025-12-02/1761105360.json"
"888490","710035","2025-12-02","28.00","AUD","1761105360","11310/2025-12-02/1761105360.json"
"796964","564300","2025-12-03","28.00","AUD","1761105360","11310/2025-12-03/1761105360.json"
"888490","710035","2025-12-03","28.00","AUD","1761105360","11310/2025-12-03/1761105360.json"
"888490","710035","2025-12-04","28.00","AUD","1761105360","11310/2025-12-04/1761105360.json"
"796964","564300","2025-12-05","28.00","AUD","1761105360","11310/2025-12-05/1761105360.json"
"888490","710035","2025-12-05","28.00","AUD","1761105360","11310/2025-12-05/1761105360.json"
"796964","564300","2025-12-06","28.00","AUD","1761105360","11310/2025-12-06/1761105360.json"
"888490","710035","2025-12-06","28.00","AUD","1761105360","11310/2025-12-06/1761105360.json"
"796964","564300","2025-10-24","26.00","AUD","1761109536","11310/2025-10-24/1761109536.json"
"888490","710035","2025-10-27","26.00","AUD","1761109536","11310/2025-10-27/1761109536.json"
"796964","564300","2025-10-29","26.00","AUD","1761109536","11310/2025-10-29/1761109536.json"
"796964","564300","2025-10-30","26.00","AUD","1761109536","11310/2025-10-30/1761109536.json"
"888490","710035","2025-10-30","26.00","AUD","1761109536","11310/2025-10-30/1761109536.json"
"796964","564300","2025-11-02","26.00","AUD","1761109536","11310/2025-11-02/1761109536.json"
"888490","710035","2025-11-02","26.00","AUD","1761109536","11310/2025-11-02/1761109536.json"
"796964","564300","2025-11-04","26.00","AUD","1761109536","11310/2025-11-04/1761109536.json"
"888490","710035","2025-11-04","26.00","AUD","1761109536","11310/2025-11-04/1761109536.json"
"796964","564300","2025-11-03","26.00","AUD","1761109536","11310/2025-11-03/1761109536.json"
"888490","710035","2025-11-03","26.00","AUD","1761109536","11310/2025-11-03/1761109536.json"
"796964","564300","2025-11-06","26.00","AUD","1761109536","11310/2025-11-06/1761109536.json"
"888490","710035","2025-11-06","26.00","AUD","1761109536","11310/2025-11-06/1761109536.json"
"796964","564300","2025-11-08","26.00","AUD","1761109536","11310/2025-11-08/1761109536.json"
"796964","564300","2025-11-09","26.00","AUD","1761109536","11310/2025-11-09/1761109536.json"
"888490","710035","2025-11-09","26.00","AUD","1761109536","11310/2025-11-09/1761109536.json"
"796964","564300","2025-11-07","26.00","AUD","1761109536","11310/2025-11-07/1761109536.json"
"888490","710035","2025-11-07","26.00","AUD","1761109536","11310/2025-11-07/1761109536.json"
"796964","564300","2025-11-10","26.00","AUD","1761109536","11310/2025-11-10/1761109536.json"
"888490","710035","2025-11-10","26.00","AUD","1761109536","11310/2025-11-10/1761109536.json"
"888490","710035","2025-11-11","26.00","AUD","1761109536","11310/2025-11-11/1761109536.json"
"796964","564300","2025-11-12","26.00","AUD","1761109536","11310/2025-11-12/1761109536.json"
"888490","710035","2025-11-13","28.00","AUD","1761109536","11310/2025-11-13/1761109536.json"
"796964","564300","2025-11-14","28.00","AUD","1761109536","11310/2025-11-14/1761109536.json"
"888490","710035","2025-11-17","28.00","AUD","1761109536","11310/2025-11-17/1761109536.json"
"796964","564300","2025-11-16","28.00","AUD","1761109536","11310/2025-11-16/1761109536.json"
"796964","564300","2025-11-15","28.00","AUD","1761109536","11310/2025-11-15/1761109536.json"
"888490","710035","2025-11-15","28.00","AUD","1761109536","11310/2025-11-15/1761109536.json"
"796964","564300","2025-11-18","28.00","AUD","1761109536","11310/2025-11-18/1761109536.json"
"888490","710035","2025-11-18","28.00","AUD","1761109536","11310/2025-11-18/1761109536.json"
"796964","564300","2025-11-20","28.00","AUD","1761109536","11310/2025-11-20/1761109536.json"
"888490","710035","2025-11-20","28.00","AUD","1761109536","11310/2025-11-20/1761109536.json"
"796964","564300","2025-11-19","28.00","AUD","1761109536","11310/2025-11-19/1761109536.json"
"888490","710035","2025-11-19","28.00","AUD","1761109536","11310/2025-11-19/1761109536.json"
"796964","564300","2025-11-21","28.00","AUD","1761109536","11310/2025-11-21/1761109536.json"
"796964","564300","2025-11-22","28.00","AUD","1761109536","11310/2025-11-22/1761109536.json"
"796964","564300","2025-11-26","28.00","AUD","1761109536","11310/2025-11-26/1761109536.json"
"888490","710035","2025-11-26","28.00","AUD","1761109536","11310/2025-11-26/1761109536.json"
"796964","564300","2025-11-23","28.00","AUD","1761109536","11310/2025-11-23/1761109536.json"
"888490","710035","2025-11-23","28.00","AUD","1761109536","11310/2025-11-23/1761109536.json"
"796964","564300","2025-11-27","28.00","AUD","1761109536","11310/2025-11-27/1761109536.json"
"888490","710035","2025-11-27","28.00","AUD","1761109536","11310/2025-11-27/1761109536.json"
"796964","564300","2025-11-30","28.00","AUD","1761109536","11310/2025-11-30/1761109536.json"
"888490","710035","2025-11-30","28.00","AUD","1761109536","11310/2025-11-30/1761109536.json"
"796964","564300","2025-11-29","28.00","AUD","1761109536","11310/2025-11-29/1761109536.json"
"888490","710035","2025-11-29","28.00","AUD","1761109536","11310/2025-11-29/1761109536.json"
"796964","564300","2025-12-02","28.00","AUD","1761109536","11310/2025-12-02/1761109536.json"
"888490","710035","2025-12-02","28.00","AUD","1761109536","11310/2025-12-02/1761109536.json"
"888490","710035","2025-12-04","28.00","AUD","1761109536","11310/2025-12-04/1761109536.json"
"796964","564300","2025-12-03","28.00","AUD","1761109536","11310/2025-12-03/1761109536.json"
"888490","710035","2025-12-03","28.00","AUD","1761109536","11310/2025-12-03/1761109536.json"
"796964","564300","2025-12-05","28.00","AUD","1761109536","11310/2025-12-05/1761109536.json"
"888490","710035","2025-12-05","28.00","AUD","1761109536","11310/2025-12-05/1761109536.json"
"796964","564300","2025-12-06","28.00","AUD","1761109536","11310/2025-12-06/1761109536.json"
"888490","710035","2025-12-06","28.00","AUD","1761109536","11310/2025-12-06/1761109536.json"
"796964","564300","2025-10-24","26.00","AUD","1761124696","11310/2025-10-24/1761124696.json"
"888490","710035","2025-10-27","26.00","AUD","1761124696","11310/2025-10-27/1761124696.json"
"796964","564300","2025-10-29","26.00","AUD","1761124696","11310/2025-10-29/1761124696.json"
"796964","564300","2025-10-30","26.00","AUD","1761124696","11310/2025-10-30/1761124696.json"
"888490","710035","2025-10-30","26.00","AUD","1761124696","11310/2025-10-30/1761124696.json"
"796964","564300","2025-11-02","26.00","AUD","1761124696","11310/2025-11-02/1761124696.json"
"888490","710035","2025-11-02","26.00","AUD","1761124696","11310/2025-11-02/1761124696.json"
"796964","564300","2025-11-03","26.00","AUD","1761124696","11310/2025-11-03/1761124696.json"
"888490","710035","2025-11-03","26.00","AUD","1761124696","11310/2025-11-03/1761124696.json"
"796964","564300","2025-11-04","26.00","AUD","1761124696","11310/2025-11-04/1761124696.json"
"888490","710035","2025-11-04","26.00","AUD","1761124696","11310/2025-11-04/1761124696.json"
"796964","564300","2025-11-06","26.00","AUD","1761124696","11310/2025-11-06/1761124696.json"
"888490","710035","2025-11-06","26.00","AUD","1761124696","11310/2025-11-06/1761124696.json"
"796964","564300","2025-11-07","26.00","AUD","1761124696","11310/2025-11-07/1761124696.json"
"888490","710035","2025-11-07","26.00","AUD","1761124696","11310/2025-11-07/1761124696.json"
"796964","564300","2025-11-08","26.00","AUD","1761124696","11310/2025-11-08/1761124696.json"
"796964","564300","2025-11-09","26.00","AUD","1761124696","11310/2025-11-09/1761124696.json"
"888490","710035","2025-11-09","26.00","AUD","1761124696","11310/2025-11-09/1761124696.json"
"796964","564300","2025-11-10","26.00","AUD","1761124696","11310/2025-11-10/1761124696.json"
"888490","710035","2025-11-10","26.00","AUD","1761124696","11310/2025-11-10/1761124696.json"
"888490","710035","2025-11-13","28.00","AUD","1761124696","11310/2025-11-13/1761124696.json"
"796964","564300","2025-11-14","28.00","AUD","1761124696","11310/2025-11-14/1761124696.json"
"796964","564300","2025-11-12","26.00","AUD","1761124696","11310/2025-11-12/1761124696.json"
"796964","564300","2025-11-15","28.00","AUD","1761124696","11310/2025-11-15/1761124696.json"
"888490","710035","2025-11-15","28.00","AUD","1761124696","11310/2025-11-15/1761124696.json"
"796964","564300","2025-11-16","28.00","AUD","1761124696","11310/2025-11-16/1761124696.json"
"888490","710035","2025-11-17","28.00","AUD","1761124696","11310/2025-11-17/1761124696.json"
"796964","564300","2025-11-18","28.00","AUD","1761124696","11310/2025-11-18/1761124696.json"
"888490","710035","2025-11-18","28.00","AUD","1761124696","11310/2025-11-18/1761124696.json"
"796964","564300","2025-11-19","28.00","AUD","1761124696","11310/2025-11-19/1761124696.json"
"796964","564300","2025-11-20","28.00","AUD","1761124696","11310/2025-11-20/1761124696.json"
"888490","710035","2025-11-19","28.00","AUD","1761124696","11310/2025-11-19/1761124696.json"
"888490","710035","2025-11-20","28.00","AUD","1761124696","11310/2025-11-20/1761124696.json"
"796964","564300","2025-11-21","28.00","AUD","1761124696","11310/2025-11-21/1761124696.json"
"796964","564300","2025-11-22","28.00","AUD","1761124696","11310/2025-11-22/1761124696.json"
"796964","564300","2025-11-23","28.00","AUD","1761124696","11310/2025-11-23/1761124696.json"
"888490","710035","2025-11-23","28.00","AUD","1761124696","11310/2025-11-23/1761124696.json"
"888490","710035","2025-11-11","26.00","AUD","1761124696","11310/2025-11-11/1761124696.json"
"796964","564300","2025-11-26","28.00","AUD","1761124696","11310/2025-11-26/1761124696.json"
"888490","710035","2025-11-26","28.00","AUD","1761124696","11310/2025-11-26/1761124696.json"
"796964","564300","2025-11-27","28.00","AUD","1761124696","11310/2025-11-27/1761124696.json"
"888490","710035","2025-11-27","28.00","AUD","1761124696","11310/2025-11-27/1761124696.json"
"796964","564300","2025-11-30","28.00","AUD","1761124696","11310/2025-11-30/1761124696.json"
"888490","710035","2025-11-30","28.00","AUD","1761124696","11310/2025-11-30/1761124696.json"
"796964","564300","2025-11-29","28.00","AUD","1761124696","11310/2025-11-29/1761124696.json"
"888490","710035","2025-11-29","28.00","AUD","1761124696","11310/2025-11-29/1761124696.json"
"888490","710035","2025-12-04","28.00","AUD","1761124696","11310/2025-12-04/1761124696.json"
"796964","564300","2025-12-02","28.00","AUD","1761124696","11310/2025-12-02/1761124696.json"
"888490","710035","2025-12-02","28.00","AUD","1761124696","11310/2025-12-02/1761124696.json"
"796964","564300","2025-12-03","28.00","AUD","1761124696","11310/2025-12-03/1761124696.json"
"888490","710035","2025-12-03","28.00","AUD","1761124696","11310/2025-12-03/1761124696.json"
"796964","564300","2025-12-05","28.00","AUD","1761124696","11310/2025-12-05/1761124696.json"
"888490","710035","2025-12-05","28.00","AUD","1761124696","11310/2025-12-05/1761124696.json"
"796964","564300","2025-12-06","28.00","AUD","1761124696","11310/2025-12-06/1761124696.json"
"888490","710035","2025-12-06","28.00","AUD","1761124696","11310/2025-12-06/1761124696.json"
"796964","564300","2025-10-24","26.00","AUD","1761142157","11310/2025-10-24/1761142157.json"
"796964","564300","2025-10-29","26.00","AUD","1761142157","11310/2025-10-29/1761142157.json"
"888490","710035","2025-10-27","26.00","AUD","1761142157","11310/2025-10-27/1761142157.json"
"796964","564300","2025-10-30","26.00","AUD","1761142157","11310/2025-10-30/1761142157.json"
"888490","710035","2025-10-30","26.00","AUD","1761142157","11310/2025-10-30/1761142157.json"
"796964","564300","2025-11-02","26.00","AUD","1761142157","11310/2025-11-02/1761142157.json"
"888490","710035","2025-11-02","26.00","AUD","1761142157","11310/2025-11-02/1761142157.json"
"796964","564300","2025-11-03","26.00","AUD","1761142157","11310/2025-11-03/1761142157.json"
"888490","710035","2025-11-03","26.00","AUD","1761142157","11310/2025-11-03/1761142157.json"
"796964","564300","2025-11-04","26.00","AUD","1761142157","11310/2025-11-04/1761142157.json"
"888490","710035","2025-11-04","26.00","AUD","1761142157","11310/2025-11-04/1761142157.json"
"796964","564300","2025-11-06","26.00","AUD","1761142157","11310/2025-11-06/1761142157.json"
"888490","710035","2025-11-06","26.00","AUD","1761142157","11310/2025-11-06/1761142157.json"
"796964","564300","2025-11-07","26.00","AUD","1761142157","11310/2025-11-07/1761142157.json"
"888490","710035","2025-11-07","26.00","AUD","1761142157","11310/2025-11-07/1761142157.json"
"796964","564300","2025-11-09","26.00","AUD","1761142157","11310/2025-11-09/1761142157.json"
"888490","710035","2025-11-09","26.00","AUD","1761142157","11310/2025-11-09/1761142157.json"
"796964","564300","2025-11-08","26.00","AUD","1761142157","11310/2025-11-08/1761142157.json"
"796964","564300","2025-11-10","26.00","AUD","1761142157","11310/2025-11-10/1761142157.json"
"888490","710035","2025-11-10","26.00","AUD","1761142157","11310/2025-11-10/1761142157.json"
"888490","710035","2025-11-11","26.00","AUD","1761142157","11310/2025-11-11/1761142157.json"
"796964","564300","2025-11-12","26.00","AUD","1761142157","11310/2025-11-12/1761142157.json"
"888490","710035","2025-11-13","28.00","AUD","1761142157","11310/2025-11-13/1761142157.json"
"796964","564300","2025-11-14","28.00","AUD","1761142157","11310/2025-11-14/1761142157.json"
"796964","564300","2025-11-15","28.00","AUD","1761142157","11310/2025-11-15/1761142157.json"
"888490","710035","2025-11-15","28.00","AUD","1761142157","11310/2025-11-15/1761142157.json"
"888490","710035","2025-11-17","28.00","AUD","1761142157","11310/2025-11-17/1761142157.json"
"796964","564300","2025-11-16","28.00","AUD","1761142157","11310/2025-11-16/1761142157.json"
"796964","564300","2025-11-18","28.00","AUD","1761142157","11310/2025-11-18/1761142157.json"
"888490","710035","2025-11-18","28.00","AUD","1761142157","11310/2025-11-18/1761142157.json"
"796964","564300","2025-11-19","28.00","AUD","1761142157","11310/2025-11-19/1761142157.json"
"888490","710035","2025-11-19","28.00","AUD","1761142157","11310/2025-11-19/1761142157.json"
"796964","564300","2025-11-20","28.00","AUD","1761142157","11310/2025-11-20/1761142157.json"
"888490","710035","2025-11-20","28.00","AUD","1761142157","11310/2025-11-20/1761142157.json"
"796964","564300","2025-11-21","28.00","AUD","1761142157","11310/2025-11-21/1761142157.json"
"796964","564300","2025-11-22","28.00","AUD","1761142157","11310/2025-11-22/1761142157.json"
"796964","564300","2025-11-27","28.00","AUD","1761142157","11310/2025-11-27/1761142157.json"
"888490","710035","2025-11-27","28.00","AUD","1761142157","11310/2025-11-27/1761142157.json"
"796964","564300","2025-11-26","28.00","AUD","1761142157","11310/2025-11-26/1761142157.json"
"888490","710035","2025-11-26","28.00","AUD","1761142157","11310/2025-11-26/1761142157.json"
"796964","564300","2025-11-30","28.00","AUD","1761142157","11310/2025-11-30/1761142157.json"
"888490","710035","2025-11-30","28.00","AUD","1761142157","11310/2025-11-30/1761142157.json"
"796964","564300","2025-12-02","28.00","AUD","1761142157","11310/2025-12-02/1761142157.json"
"888490","710035","2025-12-02","28.00","AUD","1761142157","11310/2025-12-02/1761142157.json"
"796964","564300","2025-11-23","28.00","AUD","1761142157","11310/2025-11-23/1761142157.json"
"888490","710035","2025-11-23","28.00","AUD","1761142157","11310/2025-11-23/1761142157.json"
"796964","564300","2025-11-29","28.00","AUD","1761142157","11310/2025-11-29/1761142157.json"
"888490","710035","2025-11-29","28.00","AUD","1761142157","11310/2025-11-29/1761142157.json"
"888490","710035","2025-12-04","28.00","AUD","1761142157","11310/2025-12-04/1761142157.json"
"796964","564300","2025-12-03","28.00","AUD","1761142157","11310/2025-12-03/1761142157.json"
"888490","710035","2025-12-03","28.00","AUD","1761142157","11310/2025-12-03/1761142157.json"
"796964","564300","2025-12-05","28.00","AUD","1761142157","11310/2025-12-05/1761142157.json"
"888490","710035","2025-12-05","28.00","AUD","1761142157","11310/2025-12-05/1761142157.json"
"796964","564300","2025-12-06","28.00","AUD","1761142157","11310/2025-12-06/1761142157.json"
"888490","710035","2025-12-06","28.00","AUD","1761142157","11310/2025-12-06/1761142157.json"
"796964","564300","2025-10-24","26.00","AUD","1761153400","11310/2025-10-24/1761153400.json"
"888490","710035","2025-10-27","26.00","AUD","1761153400","11310/2025-10-27/1761153400.json"
"796964","564300","2025-10-29","26.00","AUD","1761153400","11310/2025-10-29/1761153400.json"
"796964","564300","2025-10-30","26.00","AUD","1761153400","11310/2025-10-30/1761153400.json"
"888490","710035","2025-10-30","26.00","AUD","1761153400","11310/2025-10-30/1761153400.json"
"796964","564300","2025-11-02","26.00","AUD","1761153400","11310/2025-11-02/1761153400.json"
"888490","710035","2025-11-02","26.00","AUD","1761153400","11310/2025-11-02/1761153400.json"
"796964","564300","2025-11-03","26.00","AUD","1761153400","11310/2025-11-03/1761153400.json"
"888490","710035","2025-11-03","26.00","AUD","1761153400","11310/2025-11-03/1761153400.json"
"796964","564300","2025-11-04","26.00","AUD","1761153400","11310/2025-11-04/1761153400.json"
"888490","710035","2025-11-04","26.00","AUD","1761153400","11310/2025-11-04/1761153400.json"
"796964","564300","2025-11-06","26.00","AUD","1761153400","11310/2025-11-06/1761153400.json"
"888490","710035","2025-11-06","26.00","AUD","1761153400","11310/2025-11-06/1761153400.json"
"796964","564300","2025-11-07","26.00","AUD","1761153400","11310/2025-11-07/1761153400.json"
"888490","710035","2025-11-07","26.00","AUD","1761153400","11310/2025-11-07/1761153400.json"
"796964","564300","2025-11-08","26.00","AUD","1761153400","11310/2025-11-08/1761153400.json"
"796964","564300","2025-11-09","26.00","AUD","1761153400","11310/2025-11-09/1761153400.json"
"888490","710035","2025-11-09","26.00","AUD","1761153400","11310/2025-11-09/1761153400.json"
"796964","564300","2025-11-10","26.00","AUD","1761153400","11310/2025-11-10/1761153400.json"
"888490","710035","2025-11-10","26.00","AUD","1761153400","11310/2025-11-10/1761153400.json"
"888490","710035","2025-11-11","26.00","AUD","1761153400","11310/2025-11-11/1761153400.json"
"796964","564300","2025-11-12","26.00","AUD","1761153400","11310/2025-11-12/1761153400.json"
"796964","564300","2025-11-14","28.00","AUD","1761153400","11310/2025-11-14/1761153400.json"
"888490","710035","2025-11-13","28.00","AUD","1761153400","11310/2025-11-13/1761153400.json"
"796964","564300","2025-11-16","28.00","AUD","1761153400","11310/2025-11-16/1761153400.json"
"796964","564300","2025-11-15","28.00","AUD","1761153400","11310/2025-11-15/1761153400.json"
"888490","710035","2025-11-15","28.00","AUD","1761153400","11310/2025-11-15/1761153400.json"
"796964","564300","2025-11-18","28.00","AUD","1761153400","11310/2025-11-18/1761153400.json"
"888490","710035","2025-11-18","28.00","AUD","1761153400","11310/2025-11-18/1761153400.json"
"888490","710035","2025-11-17","28.00","AUD","1761153400","11310/2025-11-17/1761153400.json"
"796964","564300","2025-11-21","28.00","AUD","1761153400","11310/2025-11-21/1761153400.json"
"796964","564300","2025-11-19","28.00","AUD","1761153400","11310/2025-11-19/1761153400.json"
"888490","710035","2025-11-19","28.00","AUD","1761153400","11310/2025-11-19/1761153400.json"
"796964","564300","2025-11-20","28.00","AUD","1761153400","11310/2025-11-20/1761153400.json"
"888490","710035","2025-11-20","28.00","AUD","1761153400","11310/2025-11-20/1761153400.json"
"796964","564300","2025-11-22","28.00","AUD","1761153400","11310/2025-11-22/1761153400.json"
"796964","564300","2025-11-23","28.00","AUD","1761153400","11310/2025-11-23/1761153400.json"
"888490","710035","2025-11-23","28.00","AUD","1761153400","11310/2025-11-23/1761153400.json"
"796964","564300","2025-11-26","28.00","AUD","1761153400","11310/2025-11-26/1761153400.json"
"888490","710035","2025-11-26","28.00","AUD","1761153400","11310/2025-11-26/1761153400.json"
"796964","564300","2025-11-27","28.00","AUD","1761153400","11310/2025-11-27/1761153400.json"
"888490","710035","2025-11-27","28.00","AUD","1761153400","11310/2025-11-27/1761153400.json"
"796964","564300","2025-11-29","28.00","AUD","1761153400","11310/2025-11-29/1761153400.json"
"888490","710035","2025-11-29","28.00","AUD","1761153400","11310/2025-11-29/1761153400.json"
"796964","564300","2025-11-30","28.00","AUD","1761153400","11310/2025-11-30/1761153400.json"
"888490","710035","2025-11-30","28.00","AUD","1761153400","11310/2025-11-30/1761153400.json"
"796964","564300","2025-12-03","28.00","AUD","1761153400","11310/2025-12-03/1761153400.json"
"888490","710035","2025-12-03","28.00","AUD","1761153400","11310/2025-12-03/1761153400.json"
"888490","710035","2025-12-04","28.00","AUD","1761153400","11310/2025-12-04/1761153400.json"
"796964","564300","2025-12-02","28.00","AUD","1761153400","11310/2025-12-02/1761153400.json"
"888490","710035","2025-12-02","28.00","AUD","1761153400","11310/2025-12-02/1761153400.json"
"796964","564300","2025-12-05","28.00","AUD","1761153400","11310/2025-12-05/1761153400.json"
"888490","710035","2025-12-05","28.00","AUD","1761153400","11310/2025-12-05/1761153400.json"
"796964","564300","2025-12-06","28.00","AUD","1761153400","11310/2025-12-06/1761153400.json"
"888490","710035","2025-12-06","28.00","AUD","1761153400","11310/2025-12-06/1761153400.json"
"796964","564300","2025-10-24","26.00","AUD","1761166777","11310/2025-10-24/1761166777.json"
"888490","710035","2025-10-27","26.00","AUD","1761166777","11310/2025-10-27/1761166777.json"
"796964","564300","2025-10-29","26.00","AUD","1761166777","11310/2025-10-29/1761166777.json"
"796964","564300","2025-10-30","26.00","AUD","1761166777","11310/2025-10-30/1761166777.json"
"888490","710035","2025-10-30","26.00","AUD","1761166777","11310/2025-10-30/1761166777.json"
"796964","564300","2025-11-02","26.00","AUD","1761166777","11310/2025-11-02/1761166777.json"
"888490","710035","2025-11-02","26.00","AUD","1761166777","11310/2025-11-02/1761166777.json"
"796964","564300","2025-11-03","26.00","AUD","1761166777","11310/2025-11-03/1761166777.json"
"888490","710035","2025-11-03","26.00","AUD","1761166777","11310/2025-11-03/1761166777.json"
"796964","564300","2025-11-04","26.00","AUD","1761166777","11310/2025-11-04/1761166777.json"
"888490","710035","2025-11-04","26.00","AUD","1761166777","11310/2025-11-04/1761166777.json"
"796964","564300","2025-11-06","26.00","AUD","1761166777","11310/2025-11-06/1761166777.json"
"888490","710035","2025-11-06","26.00","AUD","1761166777","11310/2025-11-06/1761166777.json"
"888490","710035","2025-11-07","26.00","AUD","1761166777","11310/2025-11-07/1761166777.json"
"796964","564300","2025-11-10","26.00","AUD","1761166777","11310/2025-11-10/1761166777.json"
"888490","710035","2025-11-10","26.00","AUD","1761166777","11310/2025-11-10/1761166777.json"
"888490","710035","2025-11-11","26.00","AUD","1761166777","11310/2025-11-11/1761166777.json"
"796964","564300","2025-11-09","26.00","AUD","1761166777","11310/2025-11-09/1761166777.json"
"888490","710035","2025-11-09","26.00","AUD","1761166777","11310/2025-11-09/1761166777.json"
"888490","710035","2025-11-13","28.00","AUD","1761166777","11310/2025-11-13/1761166777.json"
"796964","564300","2025-11-12","26.00","AUD","1761166777","11310/2025-11-12/1761166777.json"
"796964","564300","2025-11-15","28.00","AUD","1761166777","11310/2025-11-15/1761166777.json"
"888490","710035","2025-11-15","28.00","AUD","1761166777","11310/2025-11-15/1761166777.json"
"796964","564300","2025-11-14","28.00","AUD","1761166777","11310/2025-11-14/1761166777.json"
"796964","564300","2025-11-16","28.00","AUD","1761166777","11310/2025-11-16/1761166777.json"
"888490","710035","2025-11-17","28.00","AUD","1761166777","11310/2025-11-17/1761166777.json"
"796964","564300","2025-11-19","28.00","AUD","1761166777","11310/2025-11-19/1761166777.json"
"888490","710035","2025-11-19","28.00","AUD","1761166777","11310/2025-11-19/1761166777.json"
"796964","564300","2025-11-18","28.00","AUD","1761166777","11310/2025-11-18/1761166777.json"
"888490","710035","2025-11-18","28.00","AUD","1761166777","11310/2025-11-18/1761166777.json"
"796964","564300","2025-11-21","28.00","AUD","1761166777","11310/2025-11-21/1761166777.json"
"796964","564300","2025-11-20","28.00","AUD","1761166777","11310/2025-11-20/1761166777.json"
"796964","564300","2025-11-23","28.00","AUD","1761166777","11310/2025-11-23/1761166777.json"
"888490","710035","2025-11-23","28.00","AUD","1761166777","11310/2025-11-23/1761166777.json"
"888490","710035","2025-11-20","28.00","AUD","1761166777","11310/2025-11-20/1761166777.json"
"796964","564300","2025-11-22","28.00","AUD","1761166777","11310/2025-11-22/1761166777.json"
"796964","564300","2025-11-26","28.00","AUD","1761166777","11310/2025-11-26/1761166777.json"
"888490","710035","2025-11-26","28.00","AUD","1761166777","11310/2025-11-26/1761166777.json"
"796964","564300","2025-11-27","28.00","AUD","1761166777","11310/2025-11-27/1761166777.json"
"888490","710035","2025-11-27","28.00","AUD","1761166777","11310/2025-11-27/1761166777.json"
"796964","564300","2025-11-29","28.00","AUD","1761166777","11310/2025-11-29/1761166777.json"
"888490","710035","2025-11-29","28.00","AUD","1761166777","11310/2025-11-29/1761166777.json"
"796964","564300","2025-11-30","28.00","AUD","1761166777","11310/2025-11-30/1761166777.json"
"888490","710035","2025-11-30","28.00","AUD","1761166777","11310/2025-11-30/1761166777.json"
"796964","564300","2025-12-02","28.00","AUD","1761166777","11310/2025-12-02/1761166777.json"
"888490","710035","2025-12-02","28.00","AUD","1761166777","11310/2025-12-02/1761166777.json"
"796964","564300","2025-12-03","28.00","AUD","1761166777","11310/2025-12-03/1761166777.json"
"888490","710035","2025-12-03","28.00","AUD","1761166777","11310/2025-12-03/1761166777.json"
"888490","710035","2025-12-04","28.00","AUD","1761166777","11310/2025-12-04/1761166777.json"
"796964","564300","2025-12-05","28.00","AUD","1761166777","11310/2025-12-05/1761166777.json"
"888490","710035","2025-12-05","28.00","AUD","1761166777","11310/2025-12-05/1761166777.json"
"796964","564300","2025-12-06","28.00","AUD","1761166777","11310/2025-12-06/1761166777.json"
"888490","710035","2025-12-06","28.00","AUD","1761166777","11310/2025-12-06/1761166777.json"
"888490","710035","2025-10-27","26.00","AUD","1761190577","11310/2025-10-27/1761190577.json"
"796964","564300","2025-10-30","26.00","AUD","1761190577","11310/2025-10-30/1761190577.json"
"888490","710035","2025-10-30","26.00","AUD","1761190577","11310/2025-10-30/1761190577.json"
"796964","564300","2025-10-29","26.00","AUD","1761190577","11310/2025-10-29/1761190577.json"
"796964","564300","2025-11-03","26.00","AUD","1761190577","11310/2025-11-03/1761190577.json"
"888490","710035","2025-11-03","26.00","AUD","1761190577","11310/2025-11-03/1761190577.json"
"796964","564300","2025-11-02","26.00","AUD","1761190577","11310/2025-11-02/1761190577.json"
"888490","710035","2025-11-02","26.00","AUD","1761190577","11310/2025-11-02/1761190577.json"
"796964","564300","2025-11-04","26.00","AUD","1761190577","11310/2025-11-04/1761190577.json"
"888490","710035","2025-11-04","26.00","AUD","1761190577","11310/2025-11-04/1761190577.json"
"796964","564300","2025-11-06","26.00","AUD","1761190577","11310/2025-11-06/1761190577.json"
"888490","710035","2025-11-06","26.00","AUD","1761190577","11310/2025-11-06/1761190577.json"
"888490","710035","2025-11-07","26.00","AUD","1761190577","11310/2025-11-07/1761190577.json"
"888490","710035","2025-11-11","26.00","AUD","1761190577","11310/2025-11-11/1761190577.json"
"796964","564300","2025-11-10","26.00","AUD","1761190577","11310/2025-11-10/1761190577.json"
"888490","710035","2025-11-10","26.00","AUD","1761190577","11310/2025-11-10/1761190577.json"
"796964","564300","2025-11-09","26.00","AUD","1761190577","11310/2025-11-09/1761190577.json"
"888490","710035","2025-11-09","26.00","AUD","1761190577","11310/2025-11-09/1761190577.json"
"796964","564300","2025-11-12","26.00","AUD","1761190577","11310/2025-11-12/1761190577.json"
"796964","564300","2025-11-14","28.00","AUD","1761190577","11310/2025-11-14/1761190577.json"
"796964","564300","2025-11-15","28.00","AUD","1761190577","11310/2025-11-15/1761190577.json"
"888490","710035","2025-11-15","28.00","AUD","1761190577","11310/2025-11-15/1761190577.json"
"888490","710035","2025-11-13","28.00","AUD","1761190577","11310/2025-11-13/1761190577.json"
"888490","710035","2025-11-17","28.00","AUD","1761190577","11310/2025-11-17/1761190577.json"
"796964","564300","2025-11-18","28.00","AUD","1761190577","11310/2025-11-18/1761190577.json"
"888490","710035","2025-11-18","28.00","AUD","1761190577","11310/2025-11-18/1761190577.json"
"796964","564300","2025-11-19","28.00","AUD","1761190577","11310/2025-11-19/1761190577.json"
"888490","710035","2025-11-19","28.00","AUD","1761190577","11310/2025-11-19/1761190577.json"
"796964","564300","2025-11-16","28.00","AUD","1761190577","11310/2025-11-16/1761190577.json"
"796964","564300","2025-11-22","28.00","AUD","1761190577","11310/2025-11-22/1761190577.json"
"796964","564300","2025-11-21","28.00","AUD","1761190577","11310/2025-11-21/1761190577.json"
"796964","564300","2025-11-20","28.00","AUD","1761190577","11310/2025-11-20/1761190577.json"
"888490","710035","2025-11-20","28.00","AUD","1761190577","11310/2025-11-20/1761190577.json"
"796964","564300","2025-11-23","28.00","AUD","1761190577","11310/2025-11-23/1761190577.json"
"888490","710035","2025-11-23","28.00","AUD","1761190577","11310/2025-11-23/1761190577.json"
"796964","564300","2025-11-26","28.00","AUD","1761190577","11310/2025-11-26/1761190577.json"
"888490","710035","2025-11-26","28.00","AUD","1761190577","11310/2025-11-26/1761190577.json"
"796964","564300","2025-11-27","28.00","AUD","1761190577","11310/2025-11-27/1761190577.json"
"888490","710035","2025-11-27","28.00","AUD","1761190577","11310/2025-11-27/1761190577.json"
"796964","564300","2025-11-30","28.00","AUD","1761190577","11310/2025-11-30/1761190577.json"
"888490","710035","2025-11-30","28.00","AUD","1761190577","11310/2025-11-30/1761190577.json"
"796964","564300","2025-11-29","28.00","AUD","1761190577","11310/2025-11-29/1761190577.json"
"888490","710035","2025-11-29","28.00","AUD","1761190577","11310/2025-11-29/1761190577.json"
"796964","564300","2025-12-03","28.00","AUD","1761190577","11310/2025-12-03/1761190577.json"
"796964","564300","2025-12-02","28.00","AUD","1761190577","11310/2025-12-02/1761190577.json"
"888490","710035","2025-12-03","28.00","AUD","1761190577","11310/2025-12-03/1761190577.json"
"888490","710035","2025-12-02","28.00","AUD","1761190577","11310/2025-12-02/1761190577.json"
"888490","710035","2025-12-04","28.00","AUD","1761190577","11310/2025-12-04/1761190577.json"
"796964","564300","2025-12-05","28.00","AUD","1761190577","11310/2025-12-05/1761190577.json"
"888490","710035","2025-12-05","28.00","AUD","1761190577","11310/2025-12-05/1761190577.json"
"796964","564300","2025-12-06","28.00","AUD","1761190577","11310/2025-12-06/1761190577.json"
"888490","710035","2025-12-06","28.00","AUD","1761190577","11310/2025-12-06/1761190577.json"
"796964","564300","2025-10-29","26.00","AUD","1761195964","11310/2025-10-29/1761195964.json"
"888490","710035","2025-10-27","26.00","AUD","1761195964","11310/2025-10-27/1761195964.json"
"796964","564300","2025-10-30","26.00","AUD","1761195964","11310/2025-10-30/1761195964.json"
"888490","710035","2025-10-30","26.00","AUD","1761195964","11310/2025-10-30/1761195964.json"
"796964","564300","2025-11-02","26.00","AUD","1761195964","11310/2025-11-02/1761195964.json"
"888490","710035","2025-11-02","26.00","AUD","1761195964","11310/2025-11-02/1761195964.json"
"796964","564300","2025-11-03","26.00","AUD","1761195964","11310/2025-11-03/1761195964.json"
"888490","710035","2025-11-03","26.00","AUD","1761195964","11310/2025-11-03/1761195964.json"
"796964","564300","2025-11-04","26.00","AUD","1761195964","11310/2025-11-04/1761195964.json"
"888490","710035","2025-11-04","26.00","AUD","1761195964","11310/2025-11-04/1761195964.json"
"796964","564300","2025-11-06","26.00","AUD","1761195964","11310/2025-11-06/1761195964.json"
"888490","710035","2025-11-06","26.00","AUD","1761195964","11310/2025-11-06/1761195964.json"
"888490","710035","2025-11-07","26.00","AUD","1761195964","11310/2025-11-07/1761195964.json"
"796964","564300","2025-11-09","26.00","AUD","1761195964","11310/2025-11-09/1761195964.json"
"888490","710035","2025-11-09","26.00","AUD","1761195964","11310/2025-11-09/1761195964.json"
"796964","564300","2025-11-10","26.00","AUD","1761195964","11310/2025-11-10/1761195964.json"
"888490","710035","2025-11-10","26.00","AUD","1761195964","11310/2025-11-10/1761195964.json"
"888490","710035","2025-11-11","26.00","AUD","1761195964","11310/2025-11-11/1761195964.json"
"888490","710035","2025-11-13","28.00","AUD","1761195964","11310/2025-11-13/1761195964.json"
"796964","564300","2025-11-12","26.00","AUD","1761195964","11310/2025-11-12/1761195964.json"
"796964","564300","2025-11-14","28.00","AUD","1761195964","11310/2025-11-14/1761195964.json"
"796964","564300","2025-11-15","28.00","AUD","1761195964","11310/2025-11-15/1761195964.json"
"888490","710035","2025-11-15","28.00","AUD","1761195964","11310/2025-11-15/1761195964.json"
"796964","564300","2025-11-16","28.00","AUD","1761195964","11310/2025-11-16/1761195964.json"
"888490","710035","2025-11-17","28.00","AUD","1761195964","11310/2025-11-17/1761195964.json"
"796964","564300","2025-11-18","28.00","AUD","1761195964","11310/2025-11-18/1761195964.json"
"888490","710035","2025-11-18","28.00","AUD","1761195964","11310/2025-11-18/1761195964.json"
"796964","564300","2025-11-19","28.00","AUD","1761195964","11310/2025-11-19/1761195964.json"
"888490","710035","2025-11-19","28.00","AUD","1761195964","11310/2025-11-19/1761195964.json"
"796964","564300","2025-11-21","28.00","AUD","1761195964","11310/2025-11-21/1761195964.json"
"796964","564300","2025-11-20","28.00","AUD","1761195964","11310/2025-11-20/1761195964.json"
"888490","710035","2025-11-20","28.00","AUD","1761195964","11310/2025-11-20/1761195964.json"
"796964","564300","2025-11-22","28.00","AUD","1761195964","11310/2025-11-22/1761195964.json"
"796964","564300","2025-11-23","28.00","AUD","1761195964","11310/2025-11-23/1761195964.json"
"888490","710035","2025-11-23","28.00","AUD","1761195964","11310/2025-11-23/1761195964.json"
"796964","564300","2025-11-26","28.00","AUD","1761195964","11310/2025-11-26/1761195964.json"
"888490","710035","2025-11-26","28.00","AUD","1761195964","11310/2025-11-26/1761195964.json"
"796964","564300","2025-11-27","28.00","AUD","1761195964","11310/2025-11-27/1761195964.json"
"888490","710035","2025-11-27","28.00","AUD","1761195964","11310/2025-11-27/1761195964.json"
"796964","564300","2025-11-29","28.00","AUD","1761195964","11310/2025-11-29/1761195964.json"
"888490","710035","2025-11-29","28.00","AUD","1761195964","11310/2025-11-29/1761195964.json"
"796964","564300","2025-11-30","28.00","AUD","1761195964","11310/2025-11-30/1761195964.json"
"888490","710035","2025-11-30","28.00","AUD","1761195964","11310/2025-11-30/1761195964.json"
"796964","564300","2025-12-02","28.00","AUD","1761195964","11310/2025-12-02/1761195964.json"
"888490","710035","2025-12-02","28.00","AUD","1761195964","11310/2025-12-02/1761195964.json"
"796964","564300","2025-12-03","28.00","AUD","1761195964","11310/2025-12-03/1761195964.json"
"888490","710035","2025-12-03","28.00","AUD","1761195964","11310/2025-12-03/1761195964.json"
"888490","710035","2025-12-04","28.00","AUD","1761195964","11310/2025-12-04/1761195964.json"
"796964","564300","2025-12-05","28.00","AUD","1761195964","11310/2025-12-05/1761195964.json"
"888490","710035","2025-12-05","28.00","AUD","1761195964","11310/2025-12-05/1761195964.json"
"796964","564300","2025-12-06","28.00","AUD","1761195964","11310/2025-12-06/1761195964.json"
"888490","710035","2025-12-06","28.00","AUD","1761195964","11310/2025-12-06/1761195964.json"
"888490","710035","2025-10-27","26.00","AUD","1761211010","11310/2025-10-27/1761211010.json"
"796964","564300","2025-10-29","26.00","AUD","1761211010","11310/2025-10-29/1761211010.json"
"796964","564300","2025-10-30","26.00","AUD","1761211010","11310/2025-10-30/1761211010.json"
"888490","710035","2025-10-30","26.00","AUD","1761211010","11310/2025-10-30/1761211010.json"
"796964","564300","2025-11-02","26.00","AUD","1761211010","11310/2025-11-02/1761211010.json"
"888490","710035","2025-11-02","26.00","AUD","1761211010","11310/2025-11-02/1761211010.json"
"796964","564300","2025-11-04","26.00","AUD","1761211010","11310/2025-11-04/1761211010.json"
"888490","710035","2025-11-04","26.00","AUD","1761211010","11310/2025-11-04/1761211010.json"
"796964","564300","2025-11-03","26.00","AUD","1761211010","11310/2025-11-03/1761211010.json"
"888490","710035","2025-11-03","26.00","AUD","1761211010","11310/2025-11-03/1761211010.json"
"796964","564300","2025-11-06","26.00","AUD","1761211010","11310/2025-11-06/1761211010.json"
"888490","710035","2025-11-06","26.00","AUD","1761211010","11310/2025-11-06/1761211010.json"
"888490","710035","2025-11-07","26.00","AUD","1761211010","11310/2025-11-07/1761211010.json"
"796964","564300","2025-11-09","26.00","AUD","1761211010","11310/2025-11-09/1761211010.json"
"888490","710035","2025-11-09","26.00","AUD","1761211010","11310/2025-11-09/1761211010.json"
"796964","564300","2025-11-10","26.00","AUD","1761211010","11310/2025-11-10/1761211010.json"
"888490","710035","2025-11-10","26.00","AUD","1761211010","11310/2025-11-10/1761211010.json"
"796964","564300","2025-11-12","26.00","AUD","1761211010","11310/2025-11-12/1761211010.json"
"888490","710035","2025-11-11","26.00","AUD","1761211010","11310/2025-11-11/1761211010.json"
"888490","710035","2025-11-13","28.00","AUD","1761211010","11310/2025-11-13/1761211010.json"
"796964","564300","2025-11-14","28.00","AUD","1761211010","11310/2025-11-14/1761211010.json"
"796964","564300","2025-11-15","28.00","AUD","1761211010","11310/2025-11-15/1761211010.json"
"888490","710035","2025-11-15","28.00","AUD","1761211010","11310/2025-11-15/1761211010.json"
"796964","564300","2025-11-16","28.00","AUD","1761211010","11310/2025-11-16/1761211010.json"
"888490","710035","2025-11-17","28.00","AUD","1761211010","11310/2025-11-17/1761211010.json"
"796964","564300","2025-11-18","28.00","AUD","1761211010","11310/2025-11-18/1761211010.json"
"888490","710035","2025-11-18","28.00","AUD","1761211010","11310/2025-11-18/1761211010.json"
"796964","564300","2025-11-20","28.00","AUD","1761211010","11310/2025-11-20/1761211010.json"
"888490","710035","2025-11-20","28.00","AUD","1761211010","11310/2025-11-20/1761211010.json"
"796964","564300","2025-11-19","28.00","AUD","1761211010","11310/2025-11-19/1761211010.json"
"888490","710035","2025-11-19","28.00","AUD","1761211010","11310/2025-11-19/1761211010.json"
"796964","564300","2025-11-22","28.00","AUD","1761211010","11310/2025-11-22/1761211010.json"
"796964","564300","2025-11-21","28.00","AUD","1761211010","11310/2025-11-21/1761211010.json"
"796964","564300","2025-11-23","28.00","AUD","1761211010","11310/2025-11-23/1761211010.json"
"888490","710035","2025-11-23","28.00","AUD","1761211010","11310/2025-11-23/1761211010.json"
"796964","564300","2025-11-26","28.00","AUD","1761211010","11310/2025-11-26/1761211010.json"
"888490","710035","2025-11-26","28.00","AUD","1761211010","11310/2025-11-26/1761211010.json"
"796964","564300","2025-11-27","28.00","AUD","1761211010","11310/2025-11-27/1761211010.json"
"888490","710035","2025-11-27","28.00","AUD","1761211010","11310/2025-11-27/1761211010.json"
"796964","564300","2025-11-29","28.00","AUD","1761211010","11310/2025-11-29/1761211010.json"
"888490","710035","2025-11-29","28.00","AUD","1761211010","11310/2025-11-29/1761211010.json"
"796964","564300","2025-11-30","28.00","AUD","1761211010","11310/2025-11-30/1761211010.json"
"888490","710035","2025-11-30","28.00","AUD","1761211010","11310/2025-11-30/1761211010.json"
"796964","564300","2025-12-02","28.00","AUD","1761211010","11310/2025-12-02/1761211010.json"
"888490","710035","2025-12-02","28.00","AUD","1761211010","11310/2025-12-02/1761211010.json"
"888490","710035","2025-12-04","28.00","AUD","1761211010","11310/2025-12-04/1761211010.json"
"796964","564300","2025-12-03","28.00","AUD","1761211010","11310/2025-12-03/1761211010.json"
"888490","710035","2025-12-03","28.00","AUD","1761211010","11310/2025-12-03/1761211010.json"
"796964","564300","2025-12-06","28.00","AUD","1761211010","11310/2025-12-06/1761211010.json"
"888490","710035","2025-12-06","28.00","AUD","1761211010","11310/2025-12-06/1761211010.json"
"796964","564300","2025-12-05","28.00","AUD","1761211010","11310/2025-12-05/1761211010.json"
"888490","710035","2025-12-05","28.00","AUD","1761211010","11310/2025-12-05/1761211010.json"
"888490","710035","2025-10-27","26.00","AUD","1761228267","11310/2025-10-27/1761228267.json"
"796964","564300","2025-10-30","26.00","AUD","1761228267","11310/2025-10-30/1761228267.json"
"888490","710035","2025-10-30","26.00","AUD","1761228267","11310/2025-10-30/1761228267.json"
"796964","564300","2025-10-29","26.00","AUD","1761228267","11310/2025-10-29/1761228267.json"
"796964","564300","2025-11-02","26.00","AUD","1761228267","11310/2025-11-02/1761228267.json"
"888490","710035","2025-11-02","26.00","AUD","1761228267","11310/2025-11-02/1761228267.json"
"796964","564300","2025-11-04","26.00","AUD","1761228267","11310/2025-11-04/1761228267.json"
"888490","710035","2025-11-04","26.00","AUD","1761228267","11310/2025-11-04/1761228267.json"
"796964","564300","2025-11-03","26.00","AUD","1761228267","11310/2025-11-03/1761228267.json"
"888490","710035","2025-11-03","26.00","AUD","1761228267","11310/2025-11-03/1761228267.json"
"796964","564300","2025-11-06","26.00","AUD","1761228267","11310/2025-11-06/1761228267.json"
"888490","710035","2025-11-06","26.00","AUD","1761228267","11310/2025-11-06/1761228267.json"
"796964","564300","2025-11-09","26.00","AUD","1761228267","11310/2025-11-09/1761228267.json"
"888490","710035","2025-11-09","26.00","AUD","1761228267","11310/2025-11-09/1761228267.json"
"796964","564300","2025-11-10","26.00","AUD","1761228267","11310/2025-11-10/1761228267.json"
"888490","710035","2025-11-10","26.00","AUD","1761228267","11310/2025-11-10/1761228267.json"
"888490","710035","2025-11-11","26.00","AUD","1761228267","11310/2025-11-11/1761228267.json"
"796964","564300","2025-11-12","26.00","AUD","1761228267","11310/2025-11-12/1761228267.json"
"888490","710035","2025-11-13","28.00","AUD","1761228267","11310/2025-11-13/1761228267.json"
"796964","564300","2025-11-15","28.00","AUD","1761228267","11310/2025-11-15/1761228267.json"
"888490","710035","2025-11-15","28.00","AUD","1761228267","11310/2025-11-15/1761228267.json"
"796964","564300","2025-11-14","28.00","AUD","1761228267","11310/2025-11-14/1761228267.json"
"796964","564300","2025-11-16","28.00","AUD","1761228267","11310/2025-11-16/1761228267.json"
"888490","710035","2025-11-17","28.00","AUD","1761228267","11310/2025-11-17/1761228267.json"
"796964","564300","2025-11-18","28.00","AUD","1761228267","11310/2025-11-18/1761228267.json"
"888490","710035","2025-11-18","28.00","AUD","1761228267","11310/2025-11-18/1761228267.json"
"796964","564300","2025-11-19","28.00","AUD","1761228267","11310/2025-11-19/1761228267.json"
"888490","710035","2025-11-19","28.00","AUD","1761228267","11310/2025-11-19/1761228267.json"
"888490","710035","2025-11-07","26.00","AUD","1761228267","11310/2025-11-07/1761228267.json"
"796964","564300","2025-11-21","28.00","AUD","1761228267","11310/2025-11-21/1761228267.json"
"796964","564300","2025-11-20","28.00","AUD","1761228267","11310/2025-11-20/1761228267.json"
"888490","710035","2025-11-20","28.00","AUD","1761228267","11310/2025-11-20/1761228267.json"
"796964","564300","2025-11-22","28.00","AUD","1761228267","11310/2025-11-22/1761228267.json"
"796964","564300","2025-11-23","28.00","AUD","1761228267","11310/2025-11-23/1761228267.json"
"888490","710035","2025-11-23","28.00","AUD","1761228267","11310/2025-11-23/1761228267.json"
"796964","564300","2025-11-26","28.00","AUD","1761228267","11310/2025-11-26/1761228267.json"
"888490","710035","2025-11-26","28.00","AUD","1761228267","11310/2025-11-26/1761228267.json"
"796964","564300","2025-11-27","28.00","AUD","1761228267","11310/2025-11-27/1761228267.json"
"888490","710035","2025-11-27","28.00","AUD","1761228267","11310/2025-11-27/1761228267.json"
"796964","564300","2025-11-29","28.00","AUD","1761228267","11310/2025-11-29/1761228267.json"
"888490","710035","2025-11-29","28.00","AUD","1761228267","11310/2025-11-29/1761228267.json"
"796964","564300","2025-12-02","28.00","AUD","1761228267","11310/2025-12-02/1761228267.json"
"888490","710035","2025-12-02","28.00","AUD","1761228267","11310/2025-12-02/1761228267.json"
"796964","564300","2025-11-30","28.00","AUD","1761228267","11310/2025-11-30/1761228267.json"
"888490","710035","2025-11-30","28.00","AUD","1761228267","11310/2025-11-30/1761228267.json"
"796964","564300","2025-12-03","28.00","AUD","1761228267","11310/2025-12-03/1761228267.json"
"888490","710035","2025-12-03","28.00","AUD","1761228267","11310/2025-12-03/1761228267.json"
"796964","564300","2025-12-05","28.00","AUD","1761228267","11310/2025-12-05/1761228267.json"
"888490","710035","2025-12-05","28.00","AUD","1761228267","11310/2025-12-05/1761228267.json"
"888490","710035","2025-12-04","28.00","AUD","1761228267","11310/2025-12-04/1761228267.json"
"796964","564300","2025-12-06","28.00","AUD","1761228267","11310/2025-12-06/1761228267.json"
"888490","710035","2025-12-06","28.00","AUD","1761228267","11310/2025-12-06/1761228267.json"
"888490","710035","2025-10-27","26.00","AUD","1761239720","11310/2025-10-27/1761239720.json"
"796964","564300","2025-10-30","26.00","AUD","1761239720","11310/2025-10-30/1761239720.json"
"888490","710035","2025-10-30","26.00","AUD","1761239720","11310/2025-10-30/1761239720.json"
"796964","564300","2025-10-29","26.00","AUD","1761239720","11310/2025-10-29/1761239720.json"
"796964","564300","2025-11-02","26.00","AUD","1761239720","11310/2025-11-02/1761239720.json"
"888490","710035","2025-11-02","26.00","AUD","1761239720","11310/2025-11-02/1761239720.json"
"796964","564300","2025-11-03","26.00","AUD","1761239720","11310/2025-11-03/1761239720.json"
"888490","710035","2025-11-03","26.00","AUD","1761239720","11310/2025-11-03/1761239720.json"
"796964","564300","2025-11-04","26.00","AUD","1761239720","11310/2025-11-04/1761239720.json"
"888490","710035","2025-11-04","26.00","AUD","1761239720","11310/2025-11-04/1761239720.json"
"796964","564300","2025-11-06","26.00","AUD","1761239720","11310/2025-11-06/1761239720.json"
"888490","710035","2025-11-06","26.00","AUD","1761239720","11310/2025-11-06/1761239720.json"
"888490","710035","2025-11-07","26.00","AUD","1761239720","11310/2025-11-07/1761239720.json"
"796964","564300","2025-11-09","26.00","AUD","1761239720","11310/2025-11-09/1761239720.json"
"888490","710035","2025-11-09","26.00","AUD","1761239720","11310/2025-11-09/1761239720.json"
"796964","564300","2025-11-10","26.00","AUD","1761239720","11310/2025-11-10/1761239720.json"
"888490","710035","2025-11-10","26.00","AUD","1761239720","11310/2025-11-10/1761239720.json"
"888490","710035","2025-11-11","26.00","AUD","1761239720","11310/2025-11-11/1761239720.json"
"796964","564300","2025-11-12","26.00","AUD","1761239720","11310/2025-11-12/1761239720.json"
"888490","710035","2025-11-13","28.00","AUD","1761239720","11310/2025-11-13/1761239720.json"
"796964","564300","2025-11-14","28.00","AUD","1761239720","11310/2025-11-14/1761239720.json"
"796964","564300","2025-11-15","28.00","AUD","1761239720","11310/2025-11-15/1761239720.json"
"888490","710035","2025-11-15","28.00","AUD","1761239720","11310/2025-11-15/1761239720.json"
"796964","564300","2025-11-16","28.00","AUD","1761239720","11310/2025-11-16/1761239720.json"
"888490","710035","2025-11-17","28.00","AUD","1761239720","11310/2025-11-17/1761239720.json"
"796964","564300","2025-11-18","28.00","AUD","1761239720","11310/2025-11-18/1761239720.json"
"888490","710035","2025-11-18","28.00","AUD","1761239720","11310/2025-11-18/1761239720.json"
"796964","564300","2025-11-19","28.00","AUD","1761239720","11310/2025-11-19/1761239720.json"
"888490","710035","2025-11-19","28.00","AUD","1761239720","11310/2025-11-19/1761239720.json"
"796964","564300","2025-11-22","28.00","AUD","1761239720","11310/2025-11-22/1761239720.json"
"796964","564300","2025-11-20","28.00","AUD","1761239720","11310/2025-11-20/1761239720.json"
"888490","710035","2025-11-20","28.00","AUD","1761239720","11310/2025-11-20/1761239720.json"
"796964","564300","2025-11-21","28.00","AUD","1761239720","11310/2025-11-21/1761239720.json"
"796964","564300","2025-11-23","28.00","AUD","1761239720","11310/2025-11-23/1761239720.json"
"888490","710035","2025-11-23","28.00","AUD","1761239720","11310/2025-11-23/1761239720.json"
"796964","564300","2025-11-26","28.00","AUD","1761239720","11310/2025-11-26/1761239720.json"
"888490","710035","2025-11-26","28.00","AUD","1761239720","11310/2025-11-26/1761239720.json"
"796964","564300","2025-11-27","28.00","AUD","1761239720","11310/2025-11-27/1761239720.json"
"888490","710035","2025-11-27","28.00","AUD","1761239720","11310/2025-11-27/1761239720.json"
"796964","564300","2025-11-29","28.00","AUD","1761239720","11310/2025-11-29/1761239720.json"
"888490","710035","2025-11-29","28.00","AUD","1761239720","11310/2025-11-29/1761239720.json"
"796964","564300","2025-11-30","28.00","AUD","1761239720","11310/2025-11-30/1761239720.json"
"888490","710035","2025-11-30","28.00","AUD","1761239720","11310/2025-11-30/1761239720.json"
"796964","564300","2025-12-02","28.00","AUD","1761239720","11310/2025-12-02/1761239720.json"
"888490","710035","2025-12-02","28.00","AUD","1761239720","11310/2025-12-02/1761239720.json"
"796964","564300","2025-12-03","28.00","AUD","1761239720","11310/2025-12-03/1761239720.json"
"888490","710035","2025-12-03","28.00","AUD","1761239720","11310/2025-12-03/1761239720.json"
"796964","564300","2025-12-05","28.00","AUD","1761239720","11310/2025-12-05/1761239720.json"
"888490","710035","2025-12-05","28.00","AUD","1761239720","11310/2025-12-05/1761239720.json"
"888490","710035","2025-12-04","28.00","AUD","1761239720","11310/2025-12-04/1761239720.json"
"796964","564300","2025-12-06","28.00","AUD","1761239720","11310/2025-12-06/1761239720.json"
"888490","710035","2025-12-06","28.00","AUD","1761239720","11310/2025-12-06/1761239720.json"
"796964","564300","2025-10-29","26.00","AUD","1761253290","11310/2025-10-29/1761253290.json"
"888490","710035","2025-10-27","26.00","AUD","1761253290","11310/2025-10-27/1761253290.json"
"796964","564300","2025-10-30","26.00","AUD","1761253290","11310/2025-10-30/1761253290.json"
"888490","710035","2025-10-30","26.00","AUD","1761253290","11310/2025-10-30/1761253290.json"
"796964","564300","2025-11-02","26.00","AUD","1761253290","11310/2025-11-02/1761253290.json"
"888490","710035","2025-11-02","26.00","AUD","1761253290","11310/2025-11-02/1761253290.json"
"796964","564300","2025-11-03","26.00","AUD","1761253290","11310/2025-11-03/1761253290.json"
"888490","710035","2025-11-03","26.00","AUD","1761253290","11310/2025-11-03/1761253290.json"
"796964","564300","2025-11-04","26.00","AUD","1761253290","11310/2025-11-04/1761253290.json"
"888490","710035","2025-11-04","26.00","AUD","1761253290","11310/2025-11-04/1761253290.json"
"796964","564300","2025-11-06","26.00","AUD","1761253290","11310/2025-11-06/1761253290.json"
"888490","710035","2025-11-06","26.00","AUD","1761253290","11310/2025-11-06/1761253290.json"
"888490","710035","2025-11-07","26.00","AUD","1761253290","11310/2025-11-07/1761253290.json"
"796964","564300","2025-11-10","26.00","AUD","1761253290","11310/2025-11-10/1761253290.json"
"888490","710035","2025-11-10","26.00","AUD","1761253290","11310/2025-11-10/1761253290.json"
"796964","564300","2025-11-09","26.00","AUD","1761253290","11310/2025-11-09/1761253290.json"
"888490","710035","2025-11-09","26.00","AUD","1761253290","11310/2025-11-09/1761253290.json"
"888490","710035","2025-11-11","26.00","AUD","1761253290","11310/2025-11-11/1761253290.json"
"888490","710035","2025-11-13","28.00","AUD","1761253290","11310/2025-11-13/1761253290.json"
"796964","564300","2025-11-12","26.00","AUD","1761253290","11310/2025-11-12/1761253290.json"
"796964","564300","2025-11-14","28.00","AUD","1761253290","11310/2025-11-14/1761253290.json"
"796964","564300","2025-11-15","28.00","AUD","1761253290","11310/2025-11-15/1761253290.json"
"888490","710035","2025-11-15","28.00","AUD","1761253290","11310/2025-11-15/1761253290.json"
"796964","564300","2025-11-16","28.00","AUD","1761253290","11310/2025-11-16/1761253290.json"
"796964","564300","2025-11-18","28.00","AUD","1761253290","11310/2025-11-18/1761253290.json"
"888490","710035","2025-11-18","28.00","AUD","1761253290","11310/2025-11-18/1761253290.json"
"796964","564300","2025-11-19","28.00","AUD","1761253290","11310/2025-11-19/1761253290.json"
"888490","710035","2025-11-19","28.00","AUD","1761253290","11310/2025-11-19/1761253290.json"
"888490","710035","2025-11-17","28.00","AUD","1761253290","11310/2025-11-17/1761253290.json"
"796964","564300","2025-11-20","28.00","AUD","1761253290","11310/2025-11-20/1761253290.json"
"888490","710035","2025-11-20","28.00","AUD","1761253290","11310/2025-11-20/1761253290.json"
"796964","564300","2025-11-22","28.00","AUD","1761253290","11310/2025-11-22/1761253290.json"
"796964","564300","2025-11-21","28.00","AUD","1761253290","11310/2025-11-21/1761253290.json"
"796964","564300","2025-11-23","28.00","AUD","1761253290","11310/2025-11-23/1761253290.json"
"888490","710035","2025-11-23","28.00","AUD","1761253290","11310/2025-11-23/1761253290.json"
"796964","564300","2025-11-26","28.00","AUD","1761253290","11310/2025-11-26/1761253290.json"
"888490","710035","2025-11-26","28.00","AUD","1761253290","11310/2025-11-26/1761253290.json"
"796964","564300","2025-11-27","28.00","AUD","1761253290","11310/2025-11-27/1761253290.json"
"888490","710035","2025-11-27","28.00","AUD","1761253290","11310/2025-11-27/1761253290.json"
"796964","564300","2025-11-29","28.00","AUD","1761253290","11310/2025-11-29/1761253290.json"
"888490","710035","2025-11-29","28.00","AUD","1761253290","11310/2025-11-29/1761253290.json"
"796964","564300","2025-11-30","28.00","AUD","1761253290","11310/2025-11-30/1761253290.json"
"888490","710035","2025-11-30","28.00","AUD","1761253290","11310/2025-11-30/1761253290.json"
"796964","564300","2025-12-02","28.00","AUD","1761253290","11310/2025-12-02/1761253290.json"
"888490","710035","2025-12-02","28.00","AUD","1761253290","11310/2025-12-02/1761253290.json"
"796964","564300","2025-12-03","28.00","AUD","1761253290","11310/2025-12-03/1761253290.json"
"888490","710035","2025-12-03","28.00","AUD","1761253290","11310/2025-12-03/1761253290.json"
"888490","710035","2025-12-04","28.00","AUD","1761253290","11310/2025-12-04/1761253290.json"
"796964","564300","2025-12-05","28.00","AUD","1761253290","11310/2025-12-05/1761253290.json"
"888490","710035","2025-12-05","28.00","AUD","1761253290","11310/2025-12-05/1761253290.json"
"796964","564300","2025-12-06","28.00","AUD","1761253290","11310/2025-12-06/1761253290.json"
"888490","710035","2025-12-06","28.00","AUD","1761253290","11310/2025-12-06/1761253290.json"
"888490","710035","2025-10-27","26.00","AUD","1761276932","11310/2025-10-27/1761276932.json"
"796964","564300","2025-10-29","26.00","AUD","1761276932","11310/2025-10-29/1761276932.json"
"796964","564300","2025-10-30","26.00","AUD","1761276932","11310/2025-10-30/1761276932.json"
"888490","710035","2025-10-30","26.00","AUD","1761276932","11310/2025-10-30/1761276932.json"
"796964","564300","2025-11-03","26.00","AUD","1761276932","11310/2025-11-03/1761276932.json"
"888490","710035","2025-11-03","26.00","AUD","1761276932","11310/2025-11-03/1761276932.json"
"796964","564300","2025-11-04","26.00","AUD","1761276932","11310/2025-11-04/1761276932.json"
"796964","564300","2025-11-02","26.00","AUD","1761276932","11310/2025-11-02/1761276932.json"
"888490","710035","2025-11-04","26.00","AUD","1761276932","11310/2025-11-04/1761276932.json"
"888490","710035","2025-11-02","26.00","AUD","1761276932","11310/2025-11-02/1761276932.json"
"888490","710035","2025-11-07","26.00","AUD","1761276932","11310/2025-11-07/1761276932.json"
"796964","564300","2025-11-06","26.00","AUD","1761276932","11310/2025-11-06/1761276932.json"
"888490","710035","2025-11-06","26.00","AUD","1761276932","11310/2025-11-06/1761276932.json"
"796964","564300","2025-11-09","26.00","AUD","1761276932","11310/2025-11-09/1761276932.json"
"888490","710035","2025-11-09","26.00","AUD","1761276932","11310/2025-11-09/1761276932.json"
"796964","564300","2025-11-10","26.00","AUD","1761276932","11310/2025-11-10/1761276932.json"
"888490","710035","2025-11-10","26.00","AUD","1761276932","11310/2025-11-10/1761276932.json"
"796964","564300","2025-11-12","26.00","AUD","1761276932","11310/2025-11-12/1761276932.json"
"888490","710035","2025-11-11","26.00","AUD","1761276932","11310/2025-11-11/1761276932.json"
"888490","710035","2025-11-13","28.00","AUD","1761276932","11310/2025-11-13/1761276932.json"
"796964","564300","2025-11-16","28.00","AUD","1761276932","11310/2025-11-16/1761276932.json"
"796964","564300","2025-11-14","28.00","AUD","1761276932","11310/2025-11-14/1761276932.json"
"796964","564300","2025-11-15","28.00","AUD","1761276932","11310/2025-11-15/1761276932.json"
"888490","710035","2025-11-15","28.00","AUD","1761276932","11310/2025-11-15/1761276932.json"
"888490","710035","2025-11-17","28.00","AUD","1761276932","11310/2025-11-17/1761276932.json"
"796964","564300","2025-11-18","28.00","AUD","1761276932","11310/2025-11-18/1761276932.json"
"888490","710035","2025-11-18","28.00","AUD","1761276932","11310/2025-11-18/1761276932.json"
"796964","564300","2025-11-20","28.00","AUD","1761276932","11310/2025-11-20/1761276932.json"
"888490","710035","2025-11-20","28.00","AUD","1761276932","11310/2025-11-20/1761276932.json"
"796964","564300","2025-11-19","28.00","AUD","1761276932","11310/2025-11-19/1761276932.json"
"888490","710035","2025-11-19","28.00","AUD","1761276932","11310/2025-11-19/1761276932.json"
"796964","564300","2025-11-21","28.00","AUD","1761276932","11310/2025-11-21/1761276932.json"
"796964","564300","2025-11-22","28.00","AUD","1761276932","11310/2025-11-22/1761276932.json"
"796964","564300","2025-11-23","28.00","AUD","1761276932","11310/2025-11-23/1761276932.json"
"888490","710035","2025-11-23","28.00","AUD","1761276932","11310/2025-11-23/1761276932.json"
"796964","564300","2025-11-27","28.00","AUD","1761276932","11310/2025-11-27/1761276932.json"
"888490","710035","2025-11-27","28.00","AUD","1761276932","11310/2025-11-27/1761276932.json"
"796964","564300","2025-11-26","28.00","AUD","1761276932","11310/2025-11-26/1761276932.json"
"888490","710035","2025-11-26","28.00","AUD","1761276932","11310/2025-11-26/1761276932.json"
"796964","564300","2025-11-29","28.00","AUD","1761276932","11310/2025-11-29/1761276932.json"
"888490","710035","2025-11-29","28.00","AUD","1761276932","11310/2025-11-29/1761276932.json"
"796964","564300","2025-11-30","28.00","AUD","1761276932","11310/2025-11-30/1761276932.json"
"888490","710035","2025-11-30","28.00","AUD","1761276932","11310/2025-11-30/1761276932.json"
"796964","564300","2025-12-02","28.00","AUD","1761276932","11310/2025-12-02/1761276932.json"
"888490","710035","2025-12-02","28.00","AUD","1761276932","11310/2025-12-02/1761276932.json"
"796964","564300","2025-12-03","28.00","AUD","1761276932","11310/2025-12-03/1761276932.json"
"888490","710035","2025-12-03","28.00","AUD","1761276932","11310/2025-12-03/1761276932.json"
"796964","564300","2025-12-05","28.00","AUD","1761276932","11310/2025-12-05/1761276932.json"
"888490","710035","2025-12-05","28.00","AUD","1761276932","11310/2025-12-05/1761276932.json"
"888490","710035","2025-12-04","28.00","AUD","1761276932","11310/2025-12-04/1761276932.json"
"796964","564300","2025-12-06","28.00","AUD","1761276932","11310/2025-12-06/1761276932.json"
"888490","710035","2025-12-06","28.00","AUD","1761276932","11310/2025-12-06/1761276932.json"
"888490","710035","2025-10-27","26.00","AUD","1761282224","11310/2025-10-27/1761282224.json"
"796964","564300","2025-10-29","26.00","AUD","1761282224","11310/2025-10-29/1761282224.json"
"796964","564300","2025-10-30","26.00","AUD","1761282224","11310/2025-10-30/1761282224.json"
"888490","710035","2025-10-30","26.00","AUD","1761282224","11310/2025-10-30/1761282224.json"
"796964","564300","2025-11-03","26.00","AUD","1761282224","11310/2025-11-03/1761282224.json"
"888490","710035","2025-11-03","26.00","AUD","1761282224","11310/2025-11-03/1761282224.json"
"796964","564300","2025-11-02","26.00","AUD","1761282224","11310/2025-11-02/1761282224.json"
"888490","710035","2025-11-02","26.00","AUD","1761282224","11310/2025-11-02/1761282224.json"
"796964","564300","2025-11-04","26.00","AUD","1761282224","11310/2025-11-04/1761282224.json"
"888490","710035","2025-11-04","26.00","AUD","1761282224","11310/2025-11-04/1761282224.json"
"796964","564300","2025-11-06","26.00","AUD","1761282224","11310/2025-11-06/1761282224.json"
"888490","710035","2025-11-06","26.00","AUD","1761282224","11310/2025-11-06/1761282224.json"
"888490","710035","2025-11-07","26.00","AUD","1761282224","11310/2025-11-07/1761282224.json"
"796964","564300","2025-11-09","26.00","AUD","1761282224","11310/2025-11-09/1761282224.json"
"888490","710035","2025-11-09","26.00","AUD","1761282224","11310/2025-11-09/1761282224.json"
"796964","564300","2025-11-10","26.00","AUD","1761282224","11310/2025-11-10/1761282224.json"
"888490","710035","2025-11-10","26.00","AUD","1761282224","11310/2025-11-10/1761282224.json"
"888490","710035","2025-11-11","26.00","AUD","1761282224","11310/2025-11-11/1761282224.json"
"796964","564300","2025-11-12","26.00","AUD","1761282224","11310/2025-11-12/1761282224.json"
"888490","710035","2025-11-13","28.00","AUD","1761282224","11310/2025-11-13/1761282224.json"
"796964","564300","2025-11-14","28.00","AUD","1761282224","11310/2025-11-14/1761282224.json"
"796964","564300","2025-11-15","28.00","AUD","1761282224","11310/2025-11-15/1761282224.json"
"888490","710035","2025-11-15","28.00","AUD","1761282224","11310/2025-11-15/1761282224.json"
"796964","564300","2025-11-16","28.00","AUD","1761282224","11310/2025-11-16/1761282224.json"
"888490","710035","2025-11-17","28.00","AUD","1761282224","11310/2025-11-17/1761282224.json"
"796964","564300","2025-11-18","28.00","AUD","1761282224","11310/2025-11-18/1761282224.json"
"888490","710035","2025-11-18","28.00","AUD","1761282224","11310/2025-11-18/1761282224.json"
"796964","564300","2025-11-19","28.00","AUD","1761282224","11310/2025-11-19/1761282224.json"
"888490","710035","2025-11-19","28.00","AUD","1761282224","11310/2025-11-19/1761282224.json"
"796964","564300","2025-11-20","28.00","AUD","1761282224","11310/2025-11-20/1761282224.json"
"888490","710035","2025-11-20","28.00","AUD","1761282224","11310/2025-11-20/1761282224.json"
"796964","564300","2025-11-22","28.00","AUD","1761282224","11310/2025-11-22/1761282224.json"
"796964","564300","2025-11-21","28.00","AUD","1761282224","11310/2025-11-21/1761282224.json"
"796964","564300","2025-11-23","28.00","AUD","1761282224","11310/2025-11-23/1761282224.json"
"888490","710035","2025-11-23","28.00","AUD","1761282224","11310/2025-11-23/1761282224.json"
"796964","564300","2025-11-26","28.00","AUD","1761282224","11310/2025-11-26/1761282224.json"
"888490","710035","2025-11-26","28.00","AUD","1761282224","11310/2025-11-26/1761282224.json"
"796964","564300","2025-11-27","28.00","AUD","1761282224","11310/2025-11-27/1761282224.json"
"888490","710035","2025-11-27","28.00","AUD","1761282224","11310/2025-11-27/1761282224.json"
"796964","564300","2025-11-29","28.00","AUD","1761282224","11310/2025-11-29/1761282224.json"
"888490","710035","2025-11-29","28.00","AUD","1761282224","11310/2025-11-29/1761282224.json"
"796964","564300","2025-11-30","28.00","AUD","1761282224","11310/2025-11-30/1761282224.json"
"888490","710035","2025-11-30","28.00","AUD","1761282224","11310/2025-11-30/1761282224.json"
"796964","564300","2025-12-02","28.00","AUD","1761282224","11310/2025-12-02/1761282224.json"
"888490","710035","2025-12-02","28.00","AUD","1761282224","11310/2025-12-02/1761282224.json"
"796964","564300","2025-12-03","28.00","AUD","1761282224","11310/2025-12-03/1761282224.json"
"888490","710035","2025-12-03","28.00","AUD","1761282224","11310/2025-12-03/1761282224.json"
"888490","710035","2025-12-04","28.00","AUD","1761282224","11310/2025-12-04/1761282224.json"
"796964","564300","2025-12-06","28.00","AUD","1761282224","11310/2025-12-06/1761282224.json"
"888490","710035","2025-12-06","28.00","AUD","1761282224","11310/2025-12-06/1761282224.json"
"796964","564300","2025-12-05","28.00","AUD","1761282224","11310/2025-12-05/1761282224.json"
"888490","710035","2025-12-05","28.00","AUD","1761282224","11310/2025-12-05/1761282224.json"
"888490","710035","2025-10-27","26.00","AUD","1761297504","11310/2025-10-27/1761297504.json"
"796964","564300","2025-10-30","26.00","AUD","1761297504","11310/2025-10-30/1761297504.json"
"888490","710035","2025-10-30","26.00","AUD","1761297504","11310/2025-10-30/1761297504.json"
"796964","564300","2025-10-29","26.00","AUD","1761297504","11310/2025-10-29/1761297504.json"
"888490","710035","2025-11-02","26.00","AUD","1761297504","11310/2025-11-02/1761297504.json"
"796964","564300","2025-11-03","26.00","AUD","1761297504","11310/2025-11-03/1761297504.json"
"888490","710035","2025-11-03","26.00","AUD","1761297504","11310/2025-11-03/1761297504.json"
"796964","564300","2025-11-04","26.00","AUD","1761297504","11310/2025-11-04/1761297504.json"
"888490","710035","2025-11-04","26.00","AUD","1761297504","11310/2025-11-04/1761297504.json"
"796964","564300","2025-11-06","26.00","AUD","1761297504","11310/2025-11-06/1761297504.json"
"888490","710035","2025-11-06","26.00","AUD","1761297504","11310/2025-11-06/1761297504.json"
"888490","710035","2025-11-07","26.00","AUD","1761297504","11310/2025-11-07/1761297504.json"
"796964","564300","2025-11-09","26.00","AUD","1761297504","11310/2025-11-09/1761297504.json"
"888490","710035","2025-11-09","26.00","AUD","1761297504","11310/2025-11-09/1761297504.json"
"796964","564300","2025-11-10","26.00","AUD","1761297504","11310/2025-11-10/1761297504.json"
"888490","710035","2025-11-10","26.00","AUD","1761297504","11310/2025-11-10/1761297504.json"
"796964","564300","2025-11-12","26.00","AUD","1761297504","11310/2025-11-12/1761297504.json"
"888490","710035","2025-11-11","26.00","AUD","1761297504","11310/2025-11-11/1761297504.json"
"796964","564300","2025-11-14","28.00","AUD","1761297504","11310/2025-11-14/1761297504.json"
"888490","710035","2025-11-13","28.00","AUD","1761297504","11310/2025-11-13/1761297504.json"
"796964","564300","2025-11-15","28.00","AUD","1761297504","11310/2025-11-15/1761297504.json"
"888490","710035","2025-11-15","28.00","AUD","1761297504","11310/2025-11-15/1761297504.json"
"796964","564300","2025-11-16","28.00","AUD","1761297504","11310/2025-11-16/1761297504.json"
"888490","710035","2025-11-17","28.00","AUD","1761297504","11310/2025-11-17/1761297504.json"
"796964","564300","2025-11-18","28.00","AUD","1761297504","11310/2025-11-18/1761297504.json"
"888490","710035","2025-11-18","28.00","AUD","1761297504","11310/2025-11-18/1761297504.json"
"796964","564300","2025-11-19","28.00","AUD","1761297504","11310/2025-11-19/1761297504.json"
"888490","710035","2025-11-19","28.00","AUD","1761297504","11310/2025-11-19/1761297504.json"
"796964","564300","2025-11-20","28.00","AUD","1761297504","11310/2025-11-20/1761297504.json"
"888490","710035","2025-11-20","28.00","AUD","1761297504","11310/2025-11-20/1761297504.json"
"796964","564300","2025-11-21","28.00","AUD","1761297504","11310/2025-11-21/1761297504.json"
"796964","564300","2025-11-22","28.00","AUD","1761297504","11310/2025-11-22/1761297504.json"
"796964","564300","2025-11-23","28.00","AUD","1761297504","11310/2025-11-23/1761297504.json"
"888490","710035","2025-11-23","28.00","AUD","1761297504","11310/2025-11-23/1761297504.json"
"796964","564300","2025-11-27","28.00","AUD","1761297504","11310/2025-11-27/1761297504.json"
"888490","710035","2025-11-27","28.00","AUD","1761297504","11310/2025-11-27/1761297504.json"
"796964","564300","2025-11-26","28.00","AUD","1761297504","11310/2025-11-26/1761297504.json"
"888490","710035","2025-11-26","28.00","AUD","1761297504","11310/2025-11-26/1761297504.json"
"796964","564300","2025-11-29","28.00","AUD","1761297504","11310/2025-11-29/1761297504.json"
"888490","710035","2025-11-29","28.00","AUD","1761297504","11310/2025-11-29/1761297504.json"
"796964","564300","2025-12-02","28.00","AUD","1761297504","11310/2025-12-02/1761297504.json"
"888490","710035","2025-12-02","28.00","AUD","1761297504","11310/2025-12-02/1761297504.json"
"796964","564300","2025-11-30","28.00","AUD","1761297504","11310/2025-11-30/1761297504.json"
"888490","710035","2025-11-30","28.00","AUD","1761297504","11310/2025-11-30/1761297504.json"
"796964","564300","2025-12-03","28.00","AUD","1761297504","11310/2025-12-03/1761297504.json"
"888490","710035","2025-12-03","28.00","AUD","1761297504","11310/2025-12-03/1761297504.json"
"888490","710035","2025-12-04","28.00","AUD","1761297504","11310/2025-12-04/1761297504.json"
"796964","564300","2025-12-05","28.00","AUD","1761297504","11310/2025-12-05/1761297504.json"
"888490","710035","2025-12-05","28.00","AUD","1761297504","11310/2025-12-05/1761297504.json"
"796964","564300","2025-12-06","28.00","AUD","1761297504","11310/2025-12-06/1761297504.json"
"888490","710035","2025-12-06","28.00","AUD","1761297504","11310/2025-12-06/1761297504.json"
"888490","710035","2025-10-27","26.00","AUD","1761314762","11310/2025-10-27/1761314762.json"
"796964","564300","2025-10-29","26.00","AUD","1761314762","11310/2025-10-29/1761314762.json"
"796964","564300","2025-10-30","26.00","AUD","1761314762","11310/2025-10-30/1761314762.json"
"888490","710035","2025-10-30","26.00","AUD","1761314762","11310/2025-10-30/1761314762.json"
"888490","710035","2025-11-02","26.00","AUD","1761314762","11310/2025-11-02/1761314762.json"
"796964","564300","2025-11-03","26.00","AUD","1761314762","11310/2025-11-03/1761314762.json"
"888490","710035","2025-11-03","26.00","AUD","1761314762","11310/2025-11-03/1761314762.json"
"796964","564300","2025-11-04","26.00","AUD","1761314762","11310/2025-11-04/1761314762.json"
"888490","710035","2025-11-04","26.00","AUD","1761314762","11310/2025-11-04/1761314762.json"
"796964","564300","2025-11-06","26.00","AUD","1761314762","11310/2025-11-06/1761314762.json"
"888490","710035","2025-11-06","26.00","AUD","1761314762","11310/2025-11-06/1761314762.json"
"888490","710035","2025-11-07","26.00","AUD","1761314762","11310/2025-11-07/1761314762.json"
"796964","564300","2025-11-09","26.00","AUD","1761314762","11310/2025-11-09/1761314762.json"
"888490","710035","2025-11-09","26.00","AUD","1761314762","11310/2025-11-09/1761314762.json"
"796964","564300","2025-11-10","26.00","AUD","1761314762","11310/2025-11-10/1761314762.json"
"888490","710035","2025-11-10","26.00","AUD","1761314762","11310/2025-11-10/1761314762.json"
"888490","710035","2025-11-11","26.00","AUD","1761314762","11310/2025-11-11/1761314762.json"
"888490","710035","2025-11-13","28.00","AUD","1761314762","11310/2025-11-13/1761314762.json"
"796964","564300","2025-11-12","26.00","AUD","1761314762","11310/2025-11-12/1761314762.json"
"796964","564300","2025-11-14","28.00","AUD","1761314762","11310/2025-11-14/1761314762.json"
"796964","564300","2025-11-15","28.00","AUD","1761314762","11310/2025-11-15/1761314762.json"
"888490","710035","2025-11-15","28.00","AUD","1761314762","11310/2025-11-15/1761314762.json"
"796964","564300","2025-11-16","28.00","AUD","1761314762","11310/2025-11-16/1761314762.json"
"888490","710035","2025-11-17","28.00","AUD","1761314762","11310/2025-11-17/1761314762.json"
"796964","564300","2025-11-18","28.00","AUD","1761314762","11310/2025-11-18/1761314762.json"
"888490","710035","2025-11-18","28.00","AUD","1761314762","11310/2025-11-18/1761314762.json"
"796964","564300","2025-11-20","28.00","AUD","1761314762","11310/2025-11-20/1761314762.json"
"888490","710035","2025-11-20","28.00","AUD","1761314762","11310/2025-11-20/1761314762.json"
"796964","564300","2025-11-19","28.00","AUD","1761314762","11310/2025-11-19/1761314762.json"
"888490","710035","2025-11-19","28.00","AUD","1761314762","11310/2025-11-19/1761314762.json"
"796964","564300","2025-11-21","28.00","AUD","1761314762","11310/2025-11-21/1761314762.json"
"796964","564300","2025-11-22","28.00","AUD","1761314762","11310/2025-11-22/1761314762.json"
"796964","564300","2025-11-23","28.00","AUD","1761314762","11310/2025-11-23/1761314762.json"
"888490","710035","2025-11-23","28.00","AUD","1761314762","11310/2025-11-23/1761314762.json"
"796964","564300","2025-11-29","28.00","AUD","1761314762","11310/2025-11-29/1761314762.json"
"888490","710035","2025-11-29","28.00","AUD","1761314762","11310/2025-11-29/1761314762.json"
"796964","564300","2025-11-26","28.00","AUD","1761314762","11310/2025-11-26/1761314762.json"
"888490","710035","2025-11-26","28.00","AUD","1761314762","11310/2025-11-26/1761314762.json"
"796964","564300","2025-11-27","28.00","AUD","1761314762","11310/2025-11-27/1761314762.json"
"888490","710035","2025-11-27","28.00","AUD","1761314762","11310/2025-11-27/1761314762.json"
"796964","564300","2025-11-30","28.00","AUD","1761314762","11310/2025-11-30/1761314762.json"
"888490","710035","2025-11-30","28.00","AUD","1761314762","11310/2025-11-30/1761314762.json"
"796964","564300","2025-12-02","28.00","AUD","1761314762","11310/2025-12-02/1761314762.json"
"888490","710035","2025-12-02","28.00","AUD","1761314762","11310/2025-12-02/1761314762.json"
"796964","564300","2025-12-03","28.00","AUD","1761314762","11310/2025-12-03/1761314762.json"
"888490","710035","2025-12-03","28.00","AUD","1761314762","11310/2025-12-03/1761314762.json"
"888490","710035","2025-12-04","28.00","AUD","1761314762","11310/2025-12-04/1761314762.json"
"796964","564300","2025-12-06","28.00","AUD","1761314762","11310/2025-12-06/1761314762.json"
"888490","710035","2025-12-06","28.00","AUD","1761314762","11310/2025-12-06/1761314762.json"
"796964","564300","2025-12-05","28.00","AUD","1761314762","11310/2025-12-05/1761314762.json"
"888490","710035","2025-12-05","28.00","AUD","1761314762","11310/2025-12-05/1761314762.json"
"888490","710035","2025-10-27","26.00","AUD","1761325874","11310/2025-10-27/1761325874.json"
"796964","564300","2025-10-30","26.00","AUD","1761325874","11310/2025-10-30/1761325874.json"
"888490","710035","2025-10-30","26.00","AUD","1761325874","11310/2025-10-30/1761325874.json"
"796964","564300","2025-10-29","26.00","AUD","1761325874","11310/2025-10-29/1761325874.json"
"888490","710035","2025-11-02","26.00","AUD","1761325874","11310/2025-11-02/1761325874.json"
"796964","564300","2025-11-03","26.00","AUD","1761325874","11310/2025-11-03/1761325874.json"
"888490","710035","2025-11-03","26.00","AUD","1761325874","11310/2025-11-03/1761325874.json"
"796964","564300","2025-11-04","26.00","AUD","1761325874","11310/2025-11-04/1761325874.json"
"888490","710035","2025-11-04","26.00","AUD","1761325874","11310/2025-11-04/1761325874.json"
"796964","564300","2025-11-06","26.00","AUD","1761325874","11310/2025-11-06/1761325874.json"
"888490","710035","2025-11-06","26.00","AUD","1761325874","11310/2025-11-06/1761325874.json"
"888490","710035","2025-11-07","26.00","AUD","1761325874","11310/2025-11-07/1761325874.json"
"796964","564300","2025-11-10","26.00","AUD","1761325874","11310/2025-11-10/1761325874.json"
"888490","710035","2025-11-10","26.00","AUD","1761325874","11310/2025-11-10/1761325874.json"
"796964","564300","2025-11-12","26.00","AUD","1761325874","11310/2025-11-12/1761325874.json"
"888490","710035","2025-11-11","26.00","AUD","1761325874","11310/2025-11-11/1761325874.json"
"796964","564300","2025-11-09","26.00","AUD","1761325874","11310/2025-11-09/1761325874.json"
"888490","710035","2025-11-09","26.00","AUD","1761325874","11310/2025-11-09/1761325874.json"
"796964","564300","2025-11-15","28.00","AUD","1761325874","11310/2025-11-15/1761325874.json"
"888490","710035","2025-11-15","28.00","AUD","1761325874","11310/2025-11-15/1761325874.json"
"888490","710035","2025-11-13","28.00","AUD","1761325874","11310/2025-11-13/1761325874.json"
"796964","564300","2025-11-14","28.00","AUD","1761325874","11310/2025-11-14/1761325874.json"
"796964","564300","2025-11-16","28.00","AUD","1761325874","11310/2025-11-16/1761325874.json"
"888490","710035","2025-11-17","28.00","AUD","1761325874","11310/2025-11-17/1761325874.json"
"796964","564300","2025-11-18","28.00","AUD","1761325874","11310/2025-11-18/1761325874.json"
"888490","710035","2025-11-18","28.00","AUD","1761325874","11310/2025-11-18/1761325874.json"
"796964","564300","2025-11-20","28.00","AUD","1761325874","11310/2025-11-20/1761325874.json"
"888490","710035","2025-11-20","28.00","AUD","1761325874","11310/2025-11-20/1761325874.json"
"796964","564300","2025-11-19","28.00","AUD","1761325874","11310/2025-11-19/1761325874.json"
"888490","710035","2025-11-19","28.00","AUD","1761325874","11310/2025-11-19/1761325874.json"
"796964","564300","2025-11-21","28.00","AUD","1761325874","11310/2025-11-21/1761325874.json"
"796964","564300","2025-11-22","28.00","AUD","1761325874","11310/2025-11-22/1761325874.json"
"796964","564300","2025-11-23","28.00","AUD","1761325874","11310/2025-11-23/1761325874.json"
"888490","710035","2025-11-23","28.00","AUD","1761325874","11310/2025-11-23/1761325874.json"
"796964","564300","2025-11-27","28.00","AUD","1761325874","11310/2025-11-27/1761325874.json"
"888490","710035","2025-11-27","28.00","AUD","1761325874","11310/2025-11-27/1761325874.json"
"796964","564300","2025-11-26","28.00","AUD","1761325874","11310/2025-11-26/1761325874.json"
"888490","710035","2025-11-26","28.00","AUD","1761325874","11310/2025-11-26/1761325874.json"
"796964","564300","2025-11-30","28.00","AUD","1761325874","11310/2025-11-30/1761325874.json"
"888490","710035","2025-11-30","28.00","AUD","1761325874","11310/2025-11-30/1761325874.json"
"796964","564300","2025-11-29","28.00","AUD","1761325874","11310/2025-11-29/1761325874.json"
"888490","710035","2025-11-29","28.00","AUD","1761325874","11310/2025-11-29/1761325874.json"
"796964","564300","2025-12-02","28.00","AUD","1761325874","11310/2025-12-02/1761325874.json"
"888490","710035","2025-12-02","28.00","AUD","1761325874","11310/2025-12-02/1761325874.json"
"796964","564300","2025-12-03","28.00","AUD","1761325874","11310/2025-12-03/1761325874.json"
"888490","710035","2025-12-03","28.00","AUD","1761325874","11310/2025-12-03/1761325874.json"
"888490","710035","2025-12-04","28.00","AUD","1761325874","11310/2025-12-04/1761325874.json"
"796964","564300","2025-12-06","28.00","AUD","1761325874","11310/2025-12-06/1761325874.json"
"888490","710035","2025-12-06","28.00","AUD","1761325874","11310/2025-12-06/1761325874.json"
"796964","564300","2025-12-05","28.00","AUD","1761325874","11310/2025-12-05/1761325874.json"
"888490","710035","2025-12-05","28.00","AUD","1761325874","11310/2025-12-05/1761325874.json"
"888490","710035","2025-10-27","26.00","AUD","1761339558","11310/2025-10-27/1761339558.json"
"796964","564300","2025-10-29","26.00","AUD","1761339558","11310/2025-10-29/1761339558.json"
"796964","564300","2025-10-30","26.00","AUD","1761339558","11310/2025-10-30/1761339558.json"
"888490","710035","2025-10-30","26.00","AUD","1761339558","11310/2025-10-30/1761339558.json"
"796964","564300","2025-11-03","26.00","AUD","1761339558","11310/2025-11-03/1761339558.json"
"888490","710035","2025-11-03","26.00","AUD","1761339558","11310/2025-11-03/1761339558.json"
"888490","710035","2025-11-02","26.00","AUD","1761339558","11310/2025-11-02/1761339558.json"
"796964","564300","2025-11-04","26.00","AUD","1761339558","11310/2025-11-04/1761339558.json"
"888490","710035","2025-11-04","26.00","AUD","1761339558","11310/2025-11-04/1761339558.json"
"796964","564300","2025-11-06","26.00","AUD","1761339558","11310/2025-11-06/1761339558.json"
"888490","710035","2025-11-06","26.00","AUD","1761339558","11310/2025-11-06/1761339558.json"
"888490","710035","2025-11-07","26.00","AUD","1761339558","11310/2025-11-07/1761339558.json"
"796964","564300","2025-11-09","26.00","AUD","1761339558","11310/2025-11-09/1761339558.json"
"888490","710035","2025-11-09","26.00","AUD","1761339558","11310/2025-11-09/1761339558.json"
"796964","564300","2025-11-10","26.00","AUD","1761339558","11310/2025-11-10/1761339558.json"
"888490","710035","2025-11-10","26.00","AUD","1761339558","11310/2025-11-10/1761339558.json"
"888490","710035","2025-11-11","26.00","AUD","1761339558","11310/2025-11-11/1761339558.json"
"888490","710035","2025-11-13","28.00","AUD","1761339558","11310/2025-11-13/1761339558.json"
"796964","564300","2025-11-12","26.00","AUD","1761339558","11310/2025-11-12/1761339558.json"
"796964","564300","2025-11-14","28.00","AUD","1761339558","11310/2025-11-14/1761339558.json"
"796964","564300","2025-11-15","28.00","AUD","1761339558","11310/2025-11-15/1761339558.json"
"888490","710035","2025-11-15","28.00","AUD","1761339558","11310/2025-11-15/1761339558.json"
"888490","710035","2025-11-17","28.00","AUD","1761339558","11310/2025-11-17/1761339558.json"
"796964","564300","2025-11-16","28.00","AUD","1761339558","11310/2025-11-16/1761339558.json"
"796964","564300","2025-11-18","28.00","AUD","1761339558","11310/2025-11-18/1761339558.json"
"888490","710035","2025-11-18","28.00","AUD","1761339558","11310/2025-11-18/1761339558.json"
"796964","564300","2025-11-19","28.00","AUD","1761339558","11310/2025-11-19/1761339558.json"
"888490","710035","2025-11-19","28.00","AUD","1761339558","11310/2025-11-19/1761339558.json"
"796964","564300","2025-11-20","28.00","AUD","1761339558","11310/2025-11-20/1761339558.json"
"888490","710035","2025-11-20","28.00","AUD","1761339558","11310/2025-11-20/1761339558.json"
"796964","564300","2025-11-21","28.00","AUD","1761339558","11310/2025-11-21/1761339558.json"
"796964","564300","2025-11-22","28.00","AUD","1761339558","11310/2025-11-22/1761339558.json"
"796964","564300","2025-11-23","28.00","AUD","1761339558","11310/2025-11-23/1761339558.json"
"888490","710035","2025-11-23","28.00","AUD","1761339558","11310/2025-11-23/1761339558.json"
"796964","564300","2025-11-26","28.00","AUD","1761339558","11310/2025-11-26/1761339558.json"
"888490","710035","2025-11-26","28.00","AUD","1761339558","11310/2025-11-26/1761339558.json"
"796964","564300","2025-11-27","28.00","AUD","1761339558","11310/2025-11-27/1761339558.json"
"888490","710035","2025-11-27","28.00","AUD","1761339558","11310/2025-11-27/1761339558.json"
"796964","564300","2025-11-29","28.00","AUD","1761339558","11310/2025-11-29/1761339558.json"
"888490","710035","2025-11-29","28.00","AUD","1761339558","11310/2025-11-29/1761339558.json"
"796964","564300","2025-11-30","28.00","AUD","1761339558","11310/2025-11-30/1761339558.json"
"888490","710035","2025-11-30","28.00","AUD","1761339558","11310/2025-11-30/1761339558.json"
"796964","564300","2025-12-02","28.00","AUD","1761339558","11310/2025-12-02/1761339558.json"
"888490","710035","2025-12-02","28.00","AUD","1761339558","11310/2025-12-02/1761339558.json"
"796964","564300","2025-12-03","28.00","AUD","1761339558","11310/2025-12-03/1761339558.json"
"888490","710035","2025-12-03","28.00","AUD","1761339558","11310/2025-12-03/1761339558.json"
"888490","710035","2025-12-04","28.00","AUD","1761339558","11310/2025-12-04/1761339558.json"
"796964","564300","2025-12-05","28.00","AUD","1761339558","11310/2025-12-05/1761339558.json"
"888490","710035","2025-12-05","28.00","AUD","1761339558","11310/2025-12-05/1761339558.json"
"796964","564300","2025-12-06","28.00","AUD","1761339558","11310/2025-12-06/1761339558.json"
"888490","710035","2025-12-06","28.00","AUD","1761339558","11310/2025-12-06/1761339558.json"
"888490","710035","2025-10-27","26.00","AUD","1761363681","11310/2025-10-27/1761363681.json"
"796964","564300","2025-10-29","26.00","AUD","1761363681","11310/2025-10-29/1761363681.json"
"796964","564300","2025-10-30","26.00","AUD","1761363681","11310/2025-10-30/1761363681.json"
"888490","710035","2025-10-30","26.00","AUD","1761363681","11310/2025-10-30/1761363681.json"
"888490","710035","2025-11-02","26.00","AUD","1761363681","11310/2025-11-02/1761363681.json"
"796964","564300","2025-11-03","26.00","AUD","1761363681","11310/2025-11-03/1761363681.json"
"888490","710035","2025-11-03","26.00","AUD","1761363681","11310/2025-11-03/1761363681.json"
"796964","564300","2025-11-04","26.00","AUD","1761363681","11310/2025-11-04/1761363681.json"
"888490","710035","2025-11-04","26.00","AUD","1761363681","11310/2025-11-04/1761363681.json"
"796964","564300","2025-11-06","26.00","AUD","1761363681","11310/2025-11-06/1761363681.json"
"888490","710035","2025-11-06","26.00","AUD","1761363681","11310/2025-11-06/1761363681.json"
"888490","710035","2025-11-07","26.00","AUD","1761363681","11310/2025-11-07/1761363681.json"
"796964","564300","2025-11-09","26.00","AUD","1761363681","11310/2025-11-09/1761363681.json"
"888490","710035","2025-11-09","26.00","AUD","1761363681","11310/2025-11-09/1761363681.json"
"796964","564300","2025-11-12","26.00","AUD","1761363681","11310/2025-11-12/1761363681.json"
"796964","564300","2025-11-10","26.00","AUD","1761363681","11310/2025-11-10/1761363681.json"
"888490","710035","2025-11-10","26.00","AUD","1761363681","11310/2025-11-10/1761363681.json"
"888490","710035","2025-11-11","26.00","AUD","1761363681","11310/2025-11-11/1761363681.json"
"888490","710035","2025-11-13","28.00","AUD","1761363681","11310/2025-11-13/1761363681.json"
"796964","564300","2025-11-16","28.00","AUD","1761363681","11310/2025-11-16/1761363681.json"
"796964","564300","2025-11-15","28.00","AUD","1761363681","11310/2025-11-15/1761363681.json"
"888490","710035","2025-11-15","28.00","AUD","1761363681","11310/2025-11-15/1761363681.json"
"796964","564300","2025-11-14","28.00","AUD","1761363681","11310/2025-11-14/1761363681.json"
"888490","710035","2025-11-17","28.00","AUD","1761363681","11310/2025-11-17/1761363681.json"
"796964","564300","2025-11-18","28.00","AUD","1761363681","11310/2025-11-18/1761363681.json"
"888490","710035","2025-11-18","28.00","AUD","1761363681","11310/2025-11-18/1761363681.json"
"796964","564300","2025-11-19","28.00","AUD","1761363681","11310/2025-11-19/1761363681.json"
"888490","710035","2025-11-19","28.00","AUD","1761363681","11310/2025-11-19/1761363681.json"
"796964","564300","2025-11-20","28.00","AUD","1761363681","11310/2025-11-20/1761363681.json"
"888490","710035","2025-11-20","28.00","AUD","1761363681","11310/2025-11-20/1761363681.json"
"796964","564300","2025-11-21","28.00","AUD","1761363681","11310/2025-11-21/1761363681.json"
"796964","564300","2025-11-22","28.00","AUD","1761363681","11310/2025-11-22/1761363681.json"
"796964","564300","2025-11-26","28.00","AUD","1761363681","11310/2025-11-26/1761363681.json"
"888490","710035","2025-11-26","28.00","AUD","1761363681","11310/2025-11-26/1761363681.json"
"796964","564300","2025-11-23","28.00","AUD","1761363681","11310/2025-11-23/1761363681.json"
"888490","710035","2025-11-23","28.00","AUD","1761363681","11310/2025-11-23/1761363681.json"
"796964","564300","2025-11-29","28.00","AUD","1761363681","11310/2025-11-29/1761363681.json"
"888490","710035","2025-11-29","28.00","AUD","1761363681","11310/2025-11-29/1761363681.json"
"796964","564300","2025-11-27","28.00","AUD","1761363681","11310/2025-11-27/1761363681.json"
"888490","710035","2025-11-27","28.00","AUD","1761363681","11310/2025-11-27/1761363681.json"
"796964","564300","2025-11-30","28.00","AUD","1761363681","11310/2025-11-30/1761363681.json"
"888490","710035","2025-11-30","28.00","AUD","1761363681","11310/2025-11-30/1761363681.json"
"796964","564300","2025-12-03","28.00","AUD","1761363681","11310/2025-12-03/1761363681.json"
"888490","710035","2025-12-03","28.00","AUD","1761363681","11310/2025-12-03/1761363681.json"
"796964","564300","2025-12-02","28.00","AUD","1761363681","11310/2025-12-02/1761363681.json"
"888490","710035","2025-12-02","28.00","AUD","1761363681","11310/2025-12-02/1761363681.json"
"888490","710035","2025-12-04","28.00","AUD","1761363681","11310/2025-12-04/1761363681.json"
"796964","564300","2025-12-06","28.00","AUD","1761363681","11310/2025-12-06/1761363681.json"
"888490","710035","2025-12-06","28.00","AUD","1761363681","11310/2025-12-06/1761363681.json"
"796964","564300","2025-12-05","28.00","AUD","1761363681","11310/2025-12-05/1761363681.json"
"888490","710035","2025-12-05","28.00","AUD","1761363681","11310/2025-12-05/1761363681.json"
"888490","710035","2025-10-27","26.00","AUD","1761368455","11310/2025-10-27/1761368455.json"
"796964","564300","2025-10-29","26.00","AUD","1761368455","11310/2025-10-29/1761368455.json"
"796964","564300","2025-10-30","26.00","AUD","1761368455","11310/2025-10-30/1761368455.json"
"888490","710035","2025-10-30","26.00","AUD","1761368455","11310/2025-10-30/1761368455.json"
"888490","710035","2025-11-02","26.00","AUD","1761368455","11310/2025-11-02/1761368455.json"
"796964","564300","2025-11-04","26.00","AUD","1761368455","11310/2025-11-04/1761368455.json"
"888490","710035","2025-11-04","26.00","AUD","1761368455","11310/2025-11-04/1761368455.json"
"796964","564300","2025-11-03","26.00","AUD","1761368455","11310/2025-11-03/1761368455.json"
"888490","710035","2025-11-03","26.00","AUD","1761368455","11310/2025-11-03/1761368455.json"
"888490","710035","2025-11-07","26.00","AUD","1761368455","11310/2025-11-07/1761368455.json"
"796964","564300","2025-11-09","26.00","AUD","1761368455","11310/2025-11-09/1761368455.json"
"888490","710035","2025-11-09","26.00","AUD","1761368455","11310/2025-11-09/1761368455.json"
"796964","564300","2025-11-06","26.00","AUD","1761368455","11310/2025-11-06/1761368455.json"
"888490","710035","2025-11-06","26.00","AUD","1761368455","11310/2025-11-06/1761368455.json"
"796964","564300","2025-11-10","26.00","AUD","1761368455","11310/2025-11-10/1761368455.json"
"888490","710035","2025-11-10","26.00","AUD","1761368455","11310/2025-11-10/1761368455.json"
"796964","564300","2025-11-12","26.00","AUD","1761368455","11310/2025-11-12/1761368455.json"
"888490","710035","2025-11-11","26.00","AUD","1761368455","11310/2025-11-11/1761368455.json"
"888490","710035","2025-11-13","28.00","AUD","1761368455","11310/2025-11-13/1761368455.json"
"796964","564300","2025-11-14","28.00","AUD","1761368455","11310/2025-11-14/1761368455.json"
"796964","564300","2025-11-15","28.00","AUD","1761368455","11310/2025-11-15/1761368455.json"
"888490","710035","2025-11-15","28.00","AUD","1761368455","11310/2025-11-15/1761368455.json"
"796964","564300","2025-11-16","28.00","AUD","1761368455","11310/2025-11-16/1761368455.json"
"888490","710035","2025-11-17","28.00","AUD","1761368455","11310/2025-11-17/1761368455.json"
"796964","564300","2025-11-18","28.00","AUD","1761368455","11310/2025-11-18/1761368455.json"
"888490","710035","2025-11-18","28.00","AUD","1761368455","11310/2025-11-18/1761368455.json"
"796964","564300","2025-11-20","28.00","AUD","1761368455","11310/2025-11-20/1761368455.json"
"888490","710035","2025-11-20","28.00","AUD","1761368455","11310/2025-11-20/1761368455.json"
"796964","564300","2025-11-19","28.00","AUD","1761368455","11310/2025-11-19/1761368455.json"
"888490","710035","2025-11-19","28.00","AUD","1761368455","11310/2025-11-19/1761368455.json"
"796964","564300","2025-11-21","28.00","AUD","1761368455","11310/2025-11-21/1761368455.json"
"796964","564300","2025-11-22","28.00","AUD","1761368455","11310/2025-11-22/1761368455.json"
"796964","564300","2025-11-23","28.00","AUD","1761368455","11310/2025-11-23/1761368455.json"
"888490","710035","2025-11-23","28.00","AUD","1761368455","11310/2025-11-23/1761368455.json"
"796964","564300","2025-11-26","28.00","AUD","1761368455","11310/2025-11-26/1761368455.json"
"888490","710035","2025-11-26","28.00","AUD","1761368455","11310/2025-11-26/1761368455.json"
"796964","564300","2025-11-27","28.00","AUD","1761368455","11310/2025-11-27/1761368455.json"
"888490","710035","2025-11-27","28.00","AUD","1761368455","11310/2025-11-27/1761368455.json"
"796964","564300","2025-11-29","28.00","AUD","1761368455","11310/2025-11-29/1761368455.json"
"888490","710035","2025-11-29","28.00","AUD","1761368455","11310/2025-11-29/1761368455.json"
"796964","564300","2025-11-30","28.00","AUD","1761368455","11310/2025-11-30/1761368455.json"
"888490","710035","2025-11-30","28.00","AUD","1761368455","11310/2025-11-30/1761368455.json"
"796964","564300","2025-12-02","28.00","AUD","1761368455","11310/2025-12-02/1761368455.json"
"888490","710035","2025-12-02","28.00","AUD","1761368455","11310/2025-12-02/1761368455.json"
"888490","710035","2025-12-04","28.00","AUD","1761368455","11310/2025-12-04/1761368455.json"
"796964","564300","2025-12-03","28.00","AUD","1761368455","11310/2025-12-03/1761368455.json"
"888490","710035","2025-12-03","28.00","AUD","1761368455","11310/2025-12-03/1761368455.json"
"796964","564300","2025-12-05","28.00","AUD","1761368455","11310/2025-12-05/1761368455.json"
"888490","710035","2025-12-05","28.00","AUD","1761368455","11310/2025-12-05/1761368455.json"
"796964","564300","2025-12-06","28.00","AUD","1761368455","11310/2025-12-06/1761368455.json"
"888490","710035","2025-12-06","28.00","AUD","1761368455","11310/2025-12-06/1761368455.json"
"888490","710035","2025-10-27","26.00","AUD","1761382946","11310/2025-10-27/1761382946.json"
"796964","564300","2025-10-29","26.00","AUD","1761382946","11310/2025-10-29/1761382946.json"
"796964","564300","2025-10-30","26.00","AUD","1761382946","11310/2025-10-30/1761382946.json"
"888490","710035","2025-10-30","26.00","AUD","1761382946","11310/2025-10-30/1761382946.json"
"796964","564300","2025-11-03","26.00","AUD","1761382946","11310/2025-11-03/1761382946.json"
"888490","710035","2025-11-03","26.00","AUD","1761382946","11310/2025-11-03/1761382946.json"
"888490","710035","2025-11-02","26.00","AUD","1761382946","11310/2025-11-02/1761382946.json"
"796964","564300","2025-11-04","26.00","AUD","1761382946","11310/2025-11-04/1761382946.json"
"888490","710035","2025-11-04","26.00","AUD","1761382946","11310/2025-11-04/1761382946.json"
"796964","564300","2025-11-06","26.00","AUD","1761382946","11310/2025-11-06/1761382946.json"
"888490","710035","2025-11-06","26.00","AUD","1761382946","11310/2025-11-06/1761382946.json"
"888490","710035","2025-11-07","26.00","AUD","1761382946","11310/2025-11-07/1761382946.json"
"796964","564300","2025-11-09","26.00","AUD","1761382946","11310/2025-11-09/1761382946.json"
"888490","710035","2025-11-09","26.00","AUD","1761382946","11310/2025-11-09/1761382946.json"
"888490","710035","2025-11-11","26.00","AUD","1761382946","11310/2025-11-11/1761382946.json"
"796964","564300","2025-11-10","26.00","AUD","1761382946","11310/2025-11-10/1761382946.json"
"888490","710035","2025-11-10","26.00","AUD","1761382946","11310/2025-11-10/1761382946.json"
"796964","564300","2025-11-12","26.00","AUD","1761382946","11310/2025-11-12/1761382946.json"
"796964","564300","2025-11-14","28.00","AUD","1761382946","11310/2025-11-14/1761382946.json"
"888490","710035","2025-11-13","28.00","AUD","1761382946","11310/2025-11-13/1761382946.json"
"796964","564300","2025-11-15","28.00","AUD","1761382946","11310/2025-11-15/1761382946.json"
"888490","710035","2025-11-15","28.00","AUD","1761382946","11310/2025-11-15/1761382946.json"
"796964","564300","2025-11-16","28.00","AUD","1761382946","11310/2025-11-16/1761382946.json"
"888490","710035","2025-11-17","28.00","AUD","1761382946","11310/2025-11-17/1761382946.json"
"796964","564300","2025-11-18","28.00","AUD","1761382946","11310/2025-11-18/1761382946.json"
"888490","710035","2025-11-18","28.00","AUD","1761382946","11310/2025-11-18/1761382946.json"
"796964","564300","2025-11-19","28.00","AUD","1761382946","11310/2025-11-19/1761382946.json"
"888490","710035","2025-11-19","28.00","AUD","1761382946","11310/2025-11-19/1761382946.json"
"796964","564300","2025-11-20","28.00","AUD","1761382946","11310/2025-11-20/1761382946.json"
"888490","710035","2025-11-20","28.00","AUD","1761382946","11310/2025-11-20/1761382946.json"
"796964","564300","2025-11-23","28.00","AUD","1761382946","11310/2025-11-23/1761382946.json"
"888490","710035","2025-11-23","28.00","AUD","1761382946","11310/2025-11-23/1761382946.json"
"796964","564300","2025-11-22","28.00","AUD","1761382946","11310/2025-11-22/1761382946.json"
"796964","564300","2025-11-21","28.00","AUD","1761382946","11310/2025-11-21/1761382946.json"
"796964","564300","2025-11-27","28.00","AUD","1761382946","11310/2025-11-27/1761382946.json"
"888490","710035","2025-11-27","28.00","AUD","1761382946","11310/2025-11-27/1761382946.json"
"796964","564300","2025-11-26","28.00","AUD","1761382946","11310/2025-11-26/1761382946.json"
"888490","710035","2025-11-26","28.00","AUD","1761382946","11310/2025-11-26/1761382946.json"
"796964","564300","2025-11-30","28.00","AUD","1761382946","11310/2025-11-30/1761382946.json"
"888490","710035","2025-11-30","28.00","AUD","1761382946","11310/2025-11-30/1761382946.json"
"796964","564300","2025-11-29","28.00","AUD","1761382946","11310/2025-11-29/1761382946.json"
"888490","710035","2025-11-29","28.00","AUD","1761382946","11310/2025-11-29/1761382946.json"
"796964","564300","2025-12-02","28.00","AUD","1761382946","11310/2025-12-02/1761382946.json"
"888490","710035","2025-12-02","28.00","AUD","1761382946","11310/2025-12-02/1761382946.json"
"888490","710035","2025-12-04","28.00","AUD","1761382946","11310/2025-12-04/1761382946.json"
"796964","564300","2025-12-03","28.00","AUD","1761382946","11310/2025-12-03/1761382946.json"
"888490","710035","2025-12-03","28.00","AUD","1761382946","11310/2025-12-03/1761382946.json"
"796964","564300","2025-12-05","28.00","AUD","1761382946","11310/2025-12-05/1761382946.json"
"888490","710035","2025-12-05","28.00","AUD","1761382946","11310/2025-12-05/1761382946.json"
"796964","564300","2025-12-06","28.00","AUD","1761382946","11310/2025-12-06/1761382946.json"
"888490","710035","2025-12-06","28.00","AUD","1761382946","11310/2025-12-06/1761382946.json"
"888490","710035","2025-10-27","26.00","AUD","1761398840","11310/2025-10-27/1761398840.json"
"796964","564300","2025-10-29","26.00","AUD","1761398840","11310/2025-10-29/1761398840.json"
"796964","564300","2025-10-30","26.00","AUD","1761398840","11310/2025-10-30/1761398840.json"
"888490","710035","2025-10-30","26.00","AUD","1761398840","11310/2025-10-30/1761398840.json"
"796964","564300","2025-11-03","26.00","AUD","1761398840","11310/2025-11-03/1761398840.json"
"888490","710035","2025-11-03","26.00","AUD","1761398840","11310/2025-11-03/1761398840.json"
"796964","564300","2025-11-06","26.00","AUD","1761398840","11310/2025-11-06/1761398840.json"
"888490","710035","2025-11-06","26.00","AUD","1761398840","11310/2025-11-06/1761398840.json"
"888490","710035","2025-11-02","26.00","AUD","1761398840","11310/2025-11-02/1761398840.json"
"888490","710035","2025-11-07","26.00","AUD","1761398840","11310/2025-11-07/1761398840.json"
"796964","564300","2025-11-09","26.00","AUD","1761398840","11310/2025-11-09/1761398840.json"
"888490","710035","2025-11-09","26.00","AUD","1761398840","11310/2025-11-09/1761398840.json"
"796964","564300","2025-11-10","26.00","AUD","1761398840","11310/2025-11-10/1761398840.json"
"888490","710035","2025-11-10","26.00","AUD","1761398840","11310/2025-11-10/1761398840.json"
"888490","710035","2025-11-11","26.00","AUD","1761398840","11310/2025-11-11/1761398840.json"
"796964","564300","2025-11-14","28.00","AUD","1761398840","11310/2025-11-14/1761398840.json"
"796964","564300","2025-11-12","26.00","AUD","1761398840","11310/2025-11-12/1761398840.json"
"888490","710035","2025-11-13","28.00","AUD","1761398840","11310/2025-11-13/1761398840.json"
"796964","564300","2025-11-04","26.00","AUD","1761398840","11310/2025-11-04/1761398840.json"
"888490","710035","2025-11-04","26.00","AUD","1761398840","11310/2025-11-04/1761398840.json"
"796964","564300","2025-11-15","28.00","AUD","1761398840","11310/2025-11-15/1761398840.json"
"888490","710035","2025-11-15","28.00","AUD","1761398840","11310/2025-11-15/1761398840.json"
"888490","710035","2025-11-17","28.00","AUD","1761398840","11310/2025-11-17/1761398840.json"
"796964","564300","2025-11-18","28.00","AUD","1761398840","11310/2025-11-18/1761398840.json"
"888490","710035","2025-11-18","28.00","AUD","1761398840","11310/2025-11-18/1761398840.json"
"796964","564300","2025-11-19","28.00","AUD","1761398840","11310/2025-11-19/1761398840.json"
"888490","710035","2025-11-19","28.00","AUD","1761398840","11310/2025-11-19/1761398840.json"
"796964","564300","2025-11-16","28.00","AUD","1761398840","11310/2025-11-16/1761398840.json"
"796964","564300","2025-11-20","28.00","AUD","1761398840","11310/2025-11-20/1761398840.json"
"888490","710035","2025-11-20","28.00","AUD","1761398840","11310/2025-11-20/1761398840.json"
"796964","564300","2025-11-23","28.00","AUD","1761398840","11310/2025-11-23/1761398840.json"
"888490","710035","2025-11-23","28.00","AUD","1761398840","11310/2025-11-23/1761398840.json"
"796964","564300","2025-11-21","28.00","AUD","1761398840","11310/2025-11-21/1761398840.json"
"796964","564300","2025-11-22","28.00","AUD","1761398840","11310/2025-11-22/1761398840.json"
"796964","564300","2025-11-26","28.00","AUD","1761398840","11310/2025-11-26/1761398840.json"
"888490","710035","2025-11-26","28.00","AUD","1761398840","11310/2025-11-26/1761398840.json"
"796964","564300","2025-11-27","28.00","AUD","1761398840","11310/2025-11-27/1761398840.json"
"888490","710035","2025-11-27","28.00","AUD","1761398840","11310/2025-11-27/1761398840.json"
"796964","564300","2025-11-30","28.00","AUD","1761398840","11310/2025-11-30/1761398840.json"
"888490","710035","2025-11-30","28.00","AUD","1761398840","11310/2025-11-30/1761398840.json"
"796964","564300","2025-11-29","28.00","AUD","1761398840","11310/2025-11-29/1761398840.json"
"888490","710035","2025-11-29","28.00","AUD","1761398840","11310/2025-11-29/1761398840.json"
"796964","564300","2025-12-02","28.00","AUD","1761398840","11310/2025-12-02/1761398840.json"
"888490","710035","2025-12-02","28.00","AUD","1761398840","11310/2025-12-02/1761398840.json"
"796964","564300","2025-12-03","28.00","AUD","1761398840","11310/2025-12-03/1761398840.json"
"888490","710035","2025-12-03","28.00","AUD","1761398840","11310/2025-12-03/1761398840.json"
"796964","564300","2025-12-05","28.00","AUD","1761398840","11310/2025-12-05/1761398840.json"
"888490","710035","2025-12-05","28.00","AUD","1761398840","11310/2025-12-05/1761398840.json"
"888490","710035","2025-12-04","28.00","AUD","1761398840","11310/2025-12-04/1761398840.json"
"796964","564300","2025-12-06","28.00","AUD","1761398840","11310/2025-12-06/1761398840.json"
"888490","710035","2025-12-06","28.00","AUD","1761398840","11310/2025-12-06/1761398840.json"
"888490","710035","2025-10-27","26.00","AUD","1761411875","11310/2025-10-27/1761411875.json"
"796964","564300","2025-10-29","26.00","AUD","1761411875","11310/2025-10-29/1761411875.json"
"888490","710035","2025-11-02","26.00","AUD","1761411875","11310/2025-11-02/1761411875.json"
"796964","564300","2025-10-30","26.00","AUD","1761411875","11310/2025-10-30/1761411875.json"
"888490","710035","2025-10-30","26.00","AUD","1761411875","11310/2025-10-30/1761411875.json"
"796964","564300","2025-11-03","26.00","AUD","1761411875","11310/2025-11-03/1761411875.json"
"888490","710035","2025-11-03","26.00","AUD","1761411875","11310/2025-11-03/1761411875.json"
"796964","564300","2025-11-04","26.00","AUD","1761411875","11310/2025-11-04/1761411875.json"
"888490","710035","2025-11-04","26.00","AUD","1761411875","11310/2025-11-04/1761411875.json"
"796964","564300","2025-11-06","26.00","AUD","1761411875","11310/2025-11-06/1761411875.json"
"888490","710035","2025-11-06","26.00","AUD","1761411875","11310/2025-11-06/1761411875.json"
"888490","710035","2025-11-07","26.00","AUD","1761411875","11310/2025-11-07/1761411875.json"
"796964","564300","2025-11-10","26.00","AUD","1761411875","11310/2025-11-10/1761411875.json"
"888490","710035","2025-11-10","26.00","AUD","1761411875","11310/2025-11-10/1761411875.json"
"888490","710035","2025-11-11","26.00","AUD","1761411875","11310/2025-11-11/1761411875.json"
"796964","564300","2025-11-12","26.00","AUD","1761411875","11310/2025-11-12/1761411875.json"
"888490","710035","2025-11-13","28.00","AUD","1761411875","11310/2025-11-13/1761411875.json"
"796964","564300","2025-11-15","28.00","AUD","1761411875","11310/2025-11-15/1761411875.json"
"796964","564300","2025-11-14","28.00","AUD","1761411875","11310/2025-11-14/1761411875.json"
"888490","710035","2025-11-15","28.00","AUD","1761411875","11310/2025-11-15/1761411875.json"
"796964","564300","2025-11-16","28.00","AUD","1761411875","11310/2025-11-16/1761411875.json"
"796964","564300","2025-11-18","28.00","AUD","1761411875","11310/2025-11-18/1761411875.json"
"888490","710035","2025-11-18","28.00","AUD","1761411875","11310/2025-11-18/1761411875.json"
"888490","710035","2025-11-17","28.00","AUD","1761411875","11310/2025-11-17/1761411875.json"
"796964","564300","2025-11-19","28.00","AUD","1761411875","11310/2025-11-19/1761411875.json"
"888490","710035","2025-11-19","28.00","AUD","1761411875","11310/2025-11-19/1761411875.json"
"796964","564300","2025-11-09","26.00","AUD","1761411875","11310/2025-11-09/1761411875.json"
"888490","710035","2025-11-09","26.00","AUD","1761411875","11310/2025-11-09/1761411875.json"
"796964","564300","2025-11-20","28.00","AUD","1761411875","11310/2025-11-20/1761411875.json"
"888490","710035","2025-11-20","28.00","AUD","1761411875","11310/2025-11-20/1761411875.json"
"796964","564300","2025-11-21","28.00","AUD","1761411875","11310/2025-11-21/1761411875.json"
"796964","564300","2025-11-22","28.00","AUD","1761411875","11310/2025-11-22/1761411875.json"
"796964","564300","2025-11-23","28.00","AUD","1761411875","11310/2025-11-23/1761411875.json"
"888490","710035","2025-11-23","28.00","AUD","1761411875","11310/2025-11-23/1761411875.json"
"796964","564300","2025-11-26","28.00","AUD","1761411875","11310/2025-11-26/1761411875.json"
"888490","710035","2025-11-26","28.00","AUD","1761411875","11310/2025-11-26/1761411875.json"
"796964","564300","2025-11-27","28.00","AUD","1761411875","11310/2025-11-27/1761411875.json"
"888490","710035","2025-11-27","28.00","AUD","1761411875","11310/2025-11-27/1761411875.json"
"796964","564300","2025-11-29","28.00","AUD","1761411875","11310/2025-11-29/1761411875.json"
"888490","710035","2025-11-29","28.00","AUD","1761411875","11310/2025-11-29/1761411875.json"
"796964","564300","2025-11-30","28.00","AUD","1761411875","11310/2025-11-30/1761411875.json"
"888490","710035","2025-11-30","28.00","AUD","1761411875","11310/2025-11-30/1761411875.json"
"796964","564300","2025-12-02","28.00","AUD","1761411875","11310/2025-12-02/1761411875.json"
"796964","564300","2025-12-03","28.00","AUD","1761411875","11310/2025-12-03/1761411875.json"
"888490","710035","2025-12-02","28.00","AUD","1761411875","11310/2025-12-02/1761411875.json"
"888490","710035","2025-12-03","28.00","AUD","1761411875","11310/2025-12-03/1761411875.json"
"888490","710035","2025-12-04","28.00","AUD","1761411875","11310/2025-12-04/1761411875.json"
"796964","564300","2025-12-06","28.00","AUD","1761411875","11310/2025-12-06/1761411875.json"
"888490","710035","2025-12-06","28.00","AUD","1761411875","11310/2025-12-06/1761411875.json"
"796964","564300","2025-12-05","28.00","AUD","1761411875","11310/2025-12-05/1761411875.json"
"888490","710035","2025-12-05","28.00","AUD","1761411875","11310/2025-12-05/1761411875.json"
"888490","710035","2025-10-27","26.00","AUD","1761425941","11310/2025-10-27/1761425941.json"
"796964","564300","2025-10-29","26.00","AUD","1761425941","11310/2025-10-29/1761425941.json"
"796964","564300","2025-10-30","26.00","AUD","1761425941","11310/2025-10-30/1761425941.json"
"888490","710035","2025-10-30","26.00","AUD","1761425941","11310/2025-10-30/1761425941.json"
"888490","710035","2025-11-02","26.00","AUD","1761425941","11310/2025-11-02/1761425941.json"
"796964","564300","2025-11-03","26.00","AUD","1761425941","11310/2025-11-03/1761425941.json"
"888490","710035","2025-11-03","26.00","AUD","1761425941","11310/2025-11-03/1761425941.json"
"796964","564300","2025-11-06","26.00","AUD","1761425941","11310/2025-11-06/1761425941.json"
"888490","710035","2025-11-06","26.00","AUD","1761425941","11310/2025-11-06/1761425941.json"
"796964","564300","2025-11-04","26.00","AUD","1761425941","11310/2025-11-04/1761425941.json"
"888490","710035","2025-11-04","26.00","AUD","1761425941","11310/2025-11-04/1761425941.json"
"888490","710035","2025-11-07","26.00","AUD","1761425941","11310/2025-11-07/1761425941.json"
"796964","564300","2025-11-09","26.00","AUD","1761425941","11310/2025-11-09/1761425941.json"
"888490","710035","2025-11-09","26.00","AUD","1761425941","11310/2025-11-09/1761425941.json"
"796964","564300","2025-11-10","26.00","AUD","1761425941","11310/2025-11-10/1761425941.json"
"888490","710035","2025-11-10","26.00","AUD","1761425941","11310/2025-11-10/1761425941.json"
"888490","710035","2025-11-11","26.00","AUD","1761425941","11310/2025-11-11/1761425941.json"
"796964","564300","2025-11-12","26.00","AUD","1761425941","11310/2025-11-12/1761425941.json"
"796964","564300","2025-11-14","28.00","AUD","1761425941","11310/2025-11-14/1761425941.json"
"888490","710035","2025-11-13","28.00","AUD","1761425941","11310/2025-11-13/1761425941.json"
"796964","564300","2025-11-15","28.00","AUD","1761425941","11310/2025-11-15/1761425941.json"
"888490","710035","2025-11-15","28.00","AUD","1761425941","11310/2025-11-15/1761425941.json"
"796964","564300","2025-11-16","28.00","AUD","1761425941","11310/2025-11-16/1761425941.json"
"888490","710035","2025-11-17","28.00","AUD","1761425941","11310/2025-11-17/1761425941.json"
"796964","564300","2025-11-18","28.00","AUD","1761425941","11310/2025-11-18/1761425941.json"
"888490","710035","2025-11-18","28.00","AUD","1761425941","11310/2025-11-18/1761425941.json"
"796964","564300","2025-11-19","28.00","AUD","1761425941","11310/2025-11-19/1761425941.json"
"888490","710035","2025-11-19","28.00","AUD","1761425941","11310/2025-11-19/1761425941.json"
"796964","564300","2025-11-20","28.00","AUD","1761425941","11310/2025-11-20/1761425941.json"
"888490","710035","2025-11-20","28.00","AUD","1761425941","11310/2025-11-20/1761425941.json"
"796964","564300","2025-11-21","28.00","AUD","1761425941","11310/2025-11-21/1761425941.json"
"796964","564300","2025-11-23","28.00","AUD","1761425941","11310/2025-11-23/1761425941.json"
"888490","710035","2025-11-23","28.00","AUD","1761425941","11310/2025-11-23/1761425941.json"
"796964","564300","2025-11-22","28.00","AUD","1761425941","11310/2025-11-22/1761425941.json"
"796964","564300","2025-11-26","28.00","AUD","1761425941","11310/2025-11-26/1761425941.json"
"888490","710035","2025-11-26","28.00","AUD","1761425941","11310/2025-11-26/1761425941.json"
"796964","564300","2025-11-29","28.00","AUD","1761425941","11310/2025-11-29/1761425941.json"
"888490","710035","2025-11-29","28.00","AUD","1761425941","11310/2025-11-29/1761425941.json"
"796964","564300","2025-11-27","28.00","AUD","1761425941","11310/2025-11-27/1761425941.json"
"888490","710035","2025-11-27","28.00","AUD","1761425941","11310/2025-11-27/1761425941.json"
"796964","564300","2025-11-30","28.00","AUD","1761425941","11310/2025-11-30/1761425941.json"
"888490","710035","2025-11-30","28.00","AUD","1761425941","11310/2025-11-30/1761425941.json"
"796964","564300","2025-12-02","28.00","AUD","1761425941","11310/2025-12-02/1761425941.json"
"888490","710035","2025-12-02","28.00","AUD","1761425941","11310/2025-12-02/1761425941.json"
"796964","564300","2025-12-03","28.00","AUD","1761425941","11310/2025-12-03/1761425941.json"
"888490","710035","2025-12-03","28.00","AUD","1761425941","11310/2025-12-03/1761425941.json"
"888490","710035","2025-12-04","28.00","AUD","1761425941","11310/2025-12-04/1761425941.json"
"796964","564300","2025-12-05","28.00","AUD","1761425941","11310/2025-12-05/1761425941.json"
"888490","710035","2025-12-05","28.00","AUD","1761425941","11310/2025-12-05/1761425941.json"
"796964","564300","2025-12-06","28.00","AUD","1761425941","11310/2025-12-06/1761425941.json"
"888490","710035","2025-12-06","28.00","AUD","1761425941","11310/2025-12-06/1761425941.json"
"888490","710035","2025-10-27","26.00","AUD","1761450820","11310/2025-10-27/1761450820.json"
"796964","564300","2025-10-29","26.00","AUD","1761450820","11310/2025-10-29/1761450820.json"
"796964","564300","2025-10-30","26.00","AUD","1761450820","11310/2025-10-30/1761450820.json"
"888490","710035","2025-10-30","26.00","AUD","1761450820","11310/2025-10-30/1761450820.json"
"888490","710035","2025-11-02","26.00","AUD","1761450820","11310/2025-11-02/1761450820.json"
"796964","564300","2025-11-04","26.00","AUD","1761450820","11310/2025-11-04/1761450820.json"
"888490","710035","2025-11-04","26.00","AUD","1761450820","11310/2025-11-04/1761450820.json"
"796964","564300","2025-11-03","26.00","AUD","1761450820","11310/2025-11-03/1761450820.json"
"888490","710035","2025-11-03","26.00","AUD","1761450820","11310/2025-11-03/1761450820.json"
"888490","710035","2025-11-07","26.00","AUD","1761450820","11310/2025-11-07/1761450820.json"
"796964","564300","2025-11-09","26.00","AUD","1761450820","11310/2025-11-09/1761450820.json"
"888490","710035","2025-11-09","26.00","AUD","1761450820","11310/2025-11-09/1761450820.json"
"796964","564300","2025-11-06","26.00","AUD","1761450820","11310/2025-11-06/1761450820.json"
"888490","710035","2025-11-06","26.00","AUD","1761450820","11310/2025-11-06/1761450820.json"
"796964","564300","2025-11-10","26.00","AUD","1761450820","11310/2025-11-10/1761450820.json"
"888490","710035","2025-11-10","26.00","AUD","1761450820","11310/2025-11-10/1761450820.json"
"888490","710035","2025-11-11","26.00","AUD","1761450820","11310/2025-11-11/1761450820.json"
"796964","564300","2025-11-12","26.00","AUD","1761450820","11310/2025-11-12/1761450820.json"
"888490","710035","2025-11-13","28.00","AUD","1761450820","11310/2025-11-13/1761450820.json"
"796964","564300","2025-11-16","28.00","AUD","1761450820","11310/2025-11-16/1761450820.json"
"796964","564300","2025-11-14","28.00","AUD","1761450820","11310/2025-11-14/1761450820.json"
"796964","564300","2025-11-15","28.00","AUD","1761450820","11310/2025-11-15/1761450820.json"
"888490","710035","2025-11-15","28.00","AUD","1761450820","11310/2025-11-15/1761450820.json"
"888490","710035","2025-11-17","28.00","AUD","1761450820","11310/2025-11-17/1761450820.json"
"796964","564300","2025-11-18","28.00","AUD","1761450820","11310/2025-11-18/1761450820.json"
"888490","710035","2025-11-18","28.00","AUD","1761450820","11310/2025-11-18/1761450820.json"
"796964","564300","2025-11-20","28.00","AUD","1761450820","11310/2025-11-20/1761450820.json"
"888490","710035","2025-11-20","28.00","AUD","1761450820","11310/2025-11-20/1761450820.json"
"796964","564300","2025-11-19","28.00","AUD","1761450820","11310/2025-11-19/1761450820.json"
"888490","710035","2025-11-19","28.00","AUD","1761450820","11310/2025-11-19/1761450820.json"
"796964","564300","2025-11-21","28.00","AUD","1761450820","11310/2025-11-21/1761450820.json"
"796964","564300","2025-11-22","28.00","AUD","1761450820","11310/2025-11-22/1761450820.json"
"796964","564300","2025-11-23","28.00","AUD","1761450820","11310/2025-11-23/1761450820.json"
"888490","710035","2025-11-23","28.00","AUD","1761450820","11310/2025-11-23/1761450820.json"
"796964","564300","2025-11-26","28.00","AUD","1761450820","11310/2025-11-26/1761450820.json"
"888490","710035","2025-11-26","28.00","AUD","1761450820","11310/2025-11-26/1761450820.json"
"796964","564300","2025-11-27","28.00","AUD","1761450820","11310/2025-11-27/1761450820.json"
"888490","710035","2025-11-27","28.00","AUD","1761450820","11310/2025-11-27/1761450820.json"
"796964","564300","2025-11-29","28.00","AUD","1761450820","11310/2025-11-29/1761450820.json"
"888490","710035","2025-11-29","28.00","AUD","1761450820","11310/2025-11-29/1761450820.json"
"796964","564300","2025-11-30","28.00","AUD","1761450820","11310/2025-11-30/1761450820.json"
"888490","710035","2025-11-30","28.00","AUD","1761450820","11310/2025-11-30/1761450820.json"
"796964","564300","2025-12-02","28.00","AUD","1761450820","11310/2025-12-02/1761450820.json"
"796964","564300","2025-12-03","28.00","AUD","1761450820","11310/2025-12-03/1761450820.json"
"888490","710035","2025-12-02","28.00","AUD","1761450820","11310/2025-12-02/1761450820.json"
"888490","710035","2025-12-03","28.00","AUD","1761450820","11310/2025-12-03/1761450820.json"
"888490","710035","2025-12-04","28.00","AUD","1761450820","11310/2025-12-04/1761450820.json"
"796964","564300","2025-12-05","28.00","AUD","1761450820","11310/2025-12-05/1761450820.json"
"888490","710035","2025-12-05","28.00","AUD","1761450820","11310/2025-12-05/1761450820.json"
"796964","564300","2025-12-06","28.00","AUD","1761450820","11310/2025-12-06/1761450820.json"
"888490","710035","2025-12-06","28.00","AUD","1761450820","11310/2025-12-06/1761450820.json"
"888490","710035","2025-10-27","26.00","AUD","1761454876","11310/2025-10-27/1761454876.json"
"796964","564300","2025-10-29","26.00","AUD","1761454876","11310/2025-10-29/1761454876.json"
"796964","564300","2025-10-30","26.00","AUD","1761454876","11310/2025-10-30/1761454876.json"
"888490","710035","2025-10-30","26.00","AUD","1761454876","11310/2025-10-30/1761454876.json"
"888490","710035","2025-11-02","26.00","AUD","1761454876","11310/2025-11-02/1761454876.json"
"796964","564300","2025-11-04","26.00","AUD","1761454876","11310/2025-11-04/1761454876.json"
"888490","710035","2025-11-04","26.00","AUD","1761454876","11310/2025-11-04/1761454876.json"
"796964","564300","2025-11-03","26.00","AUD","1761454876","11310/2025-11-03/1761454876.json"
"888490","710035","2025-11-03","26.00","AUD","1761454876","11310/2025-11-03/1761454876.json"
"888490","710035","2025-11-07","26.00","AUD","1761454876","11310/2025-11-07/1761454876.json"
"796964","564300","2025-11-06","26.00","AUD","1761454876","11310/2025-11-06/1761454876.json"
"888490","710035","2025-11-06","26.00","AUD","1761454876","11310/2025-11-06/1761454876.json"
"796964","564300","2025-11-09","26.00","AUD","1761454876","11310/2025-11-09/1761454876.json"
"888490","710035","2025-11-09","26.00","AUD","1761454876","11310/2025-11-09/1761454876.json"
"796964","564300","2025-11-10","26.00","AUD","1761454876","11310/2025-11-10/1761454876.json"
"888490","710035","2025-11-10","26.00","AUD","1761454876","11310/2025-11-10/1761454876.json"
"888490","710035","2025-11-11","26.00","AUD","1761454876","11310/2025-11-11/1761454876.json"
"796964","564300","2025-11-12","26.00","AUD","1761454876","11310/2025-11-12/1761454876.json"
"888490","710035","2025-11-13","28.00","AUD","1761454876","11310/2025-11-13/1761454876.json"
"796964","564300","2025-11-14","28.00","AUD","1761454876","11310/2025-11-14/1761454876.json"
"796964","564300","2025-11-15","28.00","AUD","1761454876","11310/2025-11-15/1761454876.json"
"888490","710035","2025-11-15","28.00","AUD","1761454876","11310/2025-11-15/1761454876.json"
"796964","564300","2025-11-16","28.00","AUD","1761454876","11310/2025-11-16/1761454876.json"
"888490","710035","2025-11-17","28.00","AUD","1761454876","11310/2025-11-17/1761454876.json"
"796964","564300","2025-11-20","28.00","AUD","1761454876","11310/2025-11-20/1761454876.json"
"888490","710035","2025-11-20","28.00","AUD","1761454876","11310/2025-11-20/1761454876.json"
"796964","564300","2025-11-19","28.00","AUD","1761454876","11310/2025-11-19/1761454876.json"
"888490","710035","2025-11-19","28.00","AUD","1761454876","11310/2025-11-19/1761454876.json"
"796964","564300","2025-11-18","28.00","AUD","1761454876","11310/2025-11-18/1761454876.json"
"888490","710035","2025-11-18","28.00","AUD","1761454876","11310/2025-11-18/1761454876.json"
"796964","564300","2025-11-21","28.00","AUD","1761454876","11310/2025-11-21/1761454876.json"
"796964","564300","2025-11-22","28.00","AUD","1761454876","11310/2025-11-22/1761454876.json"
"796964","564300","2025-11-23","28.00","AUD","1761454876","11310/2025-11-23/1761454876.json"
"888490","710035","2025-11-23","28.00","AUD","1761454876","11310/2025-11-23/1761454876.json"
"796964","564300","2025-11-27","28.00","AUD","1761454876","11310/2025-11-27/1761454876.json"
"888490","710035","2025-11-27","28.00","AUD","1761454876","11310/2025-11-27/1761454876.json"
"796964","564300","2025-11-26","28.00","AUD","1761454876","11310/2025-11-26/1761454876.json"
"888490","710035","2025-11-26","28.00","AUD","1761454876","11310/2025-11-26/1761454876.json"
"796964","564300","2025-11-29","28.00","AUD","1761454876","11310/2025-11-29/1761454876.json"
"888490","710035","2025-11-29","28.00","AUD","1761454876","11310/2025-11-29/1761454876.json"
"796964","564300","2025-11-30","28.00","AUD","1761454876","11310/2025-11-30/1761454876.json"
"888490","710035","2025-11-30","28.00","AUD","1761454876","11310/2025-11-30/1761454876.json"
"796964","564300","2025-12-02","28.00","AUD","1761454876","11310/2025-12-02/1761454876.json"
"888490","710035","2025-12-02","28.00","AUD","1761454876","11310/2025-12-02/1761454876.json"
"796964","564300","2025-12-03","28.00","AUD","1761454876","11310/2025-12-03/1761454876.json"
"888490","710035","2025-12-03","28.00","AUD","1761454876","11310/2025-12-03/1761454876.json"
"796964","564300","2025-12-05","28.00","AUD","1761454876","11310/2025-12-05/1761454876.json"
"888490","710035","2025-12-05","28.00","AUD","1761454876","11310/2025-12-05/1761454876.json"
"888490","710035","2025-12-04","28.00","AUD","1761454876","11310/2025-12-04/1761454876.json"
"796964","564300","2025-12-06","28.00","AUD","1761454876","11310/2025-12-06/1761454876.json"
"888490","710035","2025-12-06","28.00","AUD","1761454876","11310/2025-12-06/1761454876.json"
"888490","710035","2025-10-27","26.00","AUD","1761469243","11310/2025-10-27/1761469243.json"
"796964","564300","2025-10-29","26.00","AUD","1761469243","11310/2025-10-29/1761469243.json"
"888490","710035","2025-11-02","26.00","AUD","1761469243","11310/2025-11-02/1761469243.json"
"796964","564300","2025-10-30","26.00","AUD","1761469243","11310/2025-10-30/1761469243.json"
"888490","710035","2025-10-30","26.00","AUD","1761469243","11310/2025-10-30/1761469243.json"
"796964","564300","2025-11-03","26.00","AUD","1761469243","11310/2025-11-03/1761469243.json"
"888490","710035","2025-11-03","26.00","AUD","1761469243","11310/2025-11-03/1761469243.json"
"796964","564300","2025-11-06","26.00","AUD","1761469243","11310/2025-11-06/1761469243.json"
"888490","710035","2025-11-06","26.00","AUD","1761469243","11310/2025-11-06/1761469243.json"
"796964","564300","2025-11-04","26.00","AUD","1761469243","11310/2025-11-04/1761469243.json"
"888490","710035","2025-11-04","26.00","AUD","1761469243","11310/2025-11-04/1761469243.json"
"888490","710035","2025-11-07","26.00","AUD","1761469243","11310/2025-11-07/1761469243.json"
"796964","564300","2025-11-10","26.00","AUD","1761469243","11310/2025-11-10/1761469243.json"
"888490","710035","2025-11-10","26.00","AUD","1761469243","11310/2025-11-10/1761469243.json"
"796964","564300","2025-11-09","26.00","AUD","1761469243","11310/2025-11-09/1761469243.json"
"888490","710035","2025-11-09","26.00","AUD","1761469243","11310/2025-11-09/1761469243.json"
"796964","564300","2025-11-12","26.00","AUD","1761469243","11310/2025-11-12/1761469243.json"
"796964","564300","2025-11-14","28.00","AUD","1761469243","11310/2025-11-14/1761469243.json"
"888490","710035","2025-11-11","26.00","AUD","1761469243","11310/2025-11-11/1761469243.json"
"888490","710035","2025-11-13","28.00","AUD","1761469243","11310/2025-11-13/1761469243.json"
"796964","564300","2025-11-15","28.00","AUD","1761469243","11310/2025-11-15/1761469243.json"
"888490","710035","2025-11-15","28.00","AUD","1761469243","11310/2025-11-15/1761469243.json"
"796964","564300","2025-11-18","28.00","AUD","1761469243","11310/2025-11-18/1761469243.json"
"888490","710035","2025-11-18","28.00","AUD","1761469243","11310/2025-11-18/1761469243.json"
"796964","564300","2025-11-16","28.00","AUD","1761469243","11310/2025-11-16/1761469243.json"
"888490","710035","2025-11-17","28.00","AUD","1761469243","11310/2025-11-17/1761469243.json"
"796964","564300","2025-11-20","28.00","AUD","1761469243","11310/2025-11-20/1761469243.json"
"888490","710035","2025-11-20","28.00","AUD","1761469243","11310/2025-11-20/1761469243.json"
"796964","564300","2025-11-19","28.00","AUD","1761469243","11310/2025-11-19/1761469243.json"
"888490","710035","2025-11-19","28.00","AUD","1761469243","11310/2025-11-19/1761469243.json"
"796964","564300","2025-11-21","28.00","AUD","1761469243","11310/2025-11-21/1761469243.json"
"796964","564300","2025-11-22","28.00","AUD","1761469243","11310/2025-11-22/1761469243.json"
"796964","564300","2025-11-23","28.00","AUD","1761469243","11310/2025-11-23/1761469243.json"
"888490","710035","2025-11-23","28.00","AUD","1761469243","11310/2025-11-23/1761469243.json"
"796964","564300","2025-11-26","28.00","AUD","1761469243","11310/2025-11-26/1761469243.json"
"888490","710035","2025-11-26","28.00","AUD","1761469243","11310/2025-11-26/1761469243.json"
"796964","564300","2025-11-27","28.00","AUD","1761469243","11310/2025-11-27/1761469243.json"
"888490","710035","2025-11-27","28.00","AUD","1761469243","11310/2025-11-27/1761469243.json"
"796964","564300","2025-11-29","28.00","AUD","1761469243","11310/2025-11-29/1761469243.json"
"888490","710035","2025-11-29","28.00","AUD","1761469243","11310/2025-11-29/1761469243.json"
"796964","564300","2025-11-30","28.00","AUD","1761469243","11310/2025-11-30/1761469243.json"
"888490","710035","2025-11-30","28.00","AUD","1761469243","11310/2025-11-30/1761469243.json"
"796964","564300","2025-12-03","28.00","AUD","1761469243","11310/2025-12-03/1761469243.json"
"888490","710035","2025-12-03","28.00","AUD","1761469243","11310/2025-12-03/1761469243.json"
"796964","564300","2025-12-02","28.00","AUD","1761469243","11310/2025-12-02/1761469243.json"
"888490","710035","2025-12-02","28.00","AUD","1761469243","11310/2025-12-02/1761469243.json"
"796964","564300","2025-12-05","28.00","AUD","1761469243","11310/2025-12-05/1761469243.json"
"888490","710035","2025-12-05","28.00","AUD","1761469243","11310/2025-12-05/1761469243.json"
"888490","710035","2025-12-04","28.00","AUD","1761469243","11310/2025-12-04/1761469243.json"
"796964","564300","2025-12-06","28.00","AUD","1761469243","11310/2025-12-06/1761469243.json"
"888490","710035","2025-12-06","28.00","AUD","1761469243","11310/2025-12-06/1761469243.json"
"888490","710035","2025-10-27","26.00","AUD","1761485370","11310/2025-10-27/1761485370.json"
"796964","564300","2025-10-29","26.00","AUD","1761485370","11310/2025-10-29/1761485370.json"
"796964","564300","2025-10-30","26.00","AUD","1761485370","11310/2025-10-30/1761485370.json"
"888490","710035","2025-10-30","26.00","AUD","1761485370","11310/2025-10-30/1761485370.json"
"888490","710035","2025-11-02","26.00","AUD","1761485370","11310/2025-11-02/1761485370.json"
"796964","564300","2025-11-03","26.00","AUD","1761485370","11310/2025-11-03/1761485370.json"
"888490","710035","2025-11-03","26.00","AUD","1761485370","11310/2025-11-03/1761485370.json"
"796964","564300","2025-11-04","26.00","AUD","1761485370","11310/2025-11-04/1761485370.json"
"888490","710035","2025-11-04","26.00","AUD","1761485370","11310/2025-11-04/1761485370.json"
"796964","564300","2025-11-06","26.00","AUD","1761485370","11310/2025-11-06/1761485370.json"
"888490","710035","2025-11-06","26.00","AUD","1761485370","11310/2025-11-06/1761485370.json"
"888490","710035","2025-11-07","26.00","AUD","1761485370","11310/2025-11-07/1761485370.json"
"796964","564300","2025-11-09","26.00","AUD","1761485370","11310/2025-11-09/1761485370.json"
"888490","710035","2025-11-09","26.00","AUD","1761485370","11310/2025-11-09/1761485370.json"
"888490","710035","2025-11-11","26.00","AUD","1761485370","11310/2025-11-11/1761485370.json"
"796964","564300","2025-11-10","26.00","AUD","1761485370","11310/2025-11-10/1761485370.json"
"888490","710035","2025-11-10","26.00","AUD","1761485370","11310/2025-11-10/1761485370.json"
"796964","564300","2025-11-12","26.00","AUD","1761485370","11310/2025-11-12/1761485370.json"
"888490","710035","2025-11-13","28.00","AUD","1761485370","11310/2025-11-13/1761485370.json"
"796964","564300","2025-11-14","28.00","AUD","1761485370","11310/2025-11-14/1761485370.json"
"796964","564300","2025-11-16","28.00","AUD","1761485370","11310/2025-11-16/1761485370.json"
"888490","710035","2025-11-17","28.00","AUD","1761485370","11310/2025-11-17/1761485370.json"
"796964","564300","2025-11-15","28.00","AUD","1761485370","11310/2025-11-15/1761485370.json"
"888490","710035","2025-11-15","28.00","AUD","1761485370","11310/2025-11-15/1761485370.json"
"796964","564300","2025-11-19","28.00","AUD","1761485370","11310/2025-11-19/1761485370.json"
"888490","710035","2025-11-19","28.00","AUD","1761485370","11310/2025-11-19/1761485370.json"
"796964","564300","2025-11-18","28.00","AUD","1761485370","11310/2025-11-18/1761485370.json"
"888490","710035","2025-11-18","28.00","AUD","1761485370","11310/2025-11-18/1761485370.json"
"796964","564300","2025-11-20","28.00","AUD","1761485370","11310/2025-11-20/1761485370.json"
"888490","710035","2025-11-20","28.00","AUD","1761485370","11310/2025-11-20/1761485370.json"
"796964","564300","2025-11-21","28.00","AUD","1761485370","11310/2025-11-21/1761485370.json"
"796964","564300","2025-11-22","28.00","AUD","1761485370","11310/2025-11-22/1761485370.json"
"796964","564300","2025-11-23","28.00","AUD","1761485370","11310/2025-11-23/1761485370.json"
"888490","710035","2025-11-23","28.00","AUD","1761485370","11310/2025-11-23/1761485370.json"
"796964","564300","2025-11-26","28.00","AUD","1761485370","11310/2025-11-26/1761485370.json"
"888490","710035","2025-11-26","28.00","AUD","1761485370","11310/2025-11-26/1761485370.json"
"796964","564300","2025-11-30","28.00","AUD","1761485370","11310/2025-11-30/1761485370.json"
"888490","710035","2025-11-30","28.00","AUD","1761485370","11310/2025-11-30/1761485370.json"
"796964","564300","2025-11-29","28.00","AUD","1761485370","11310/2025-11-29/1761485370.json"
"888490","710035","2025-11-29","28.00","AUD","1761485370","11310/2025-11-29/1761485370.json"
"796964","564300","2025-11-27","28.00","AUD","1761485370","11310/2025-11-27/1761485370.json"
"888490","710035","2025-11-27","28.00","AUD","1761485370","11310/2025-11-27/1761485370.json"
"888490","710035","2025-12-04","28.00","AUD","1761485370","11310/2025-12-04/1761485370.json"
"796964","564300","2025-12-02","28.00","AUD","1761485370","11310/2025-12-02/1761485370.json"
"888490","710035","2025-12-02","28.00","AUD","1761485370","11310/2025-12-02/1761485370.json"
"796964","564300","2025-12-03","28.00","AUD","1761485370","11310/2025-12-03/1761485370.json"
"888490","710035","2025-12-03","28.00","AUD","1761485370","11310/2025-12-03/1761485370.json"
"796964","564300","2025-12-05","28.00","AUD","1761485370","11310/2025-12-05/1761485370.json"
"888490","710035","2025-12-05","28.00","AUD","1761485370","11310/2025-12-05/1761485370.json"
"796964","564300","2025-12-06","28.00","AUD","1761485370","11310/2025-12-06/1761485370.json"
"888490","710035","2025-12-06","28.00","AUD","1761485370","11310/2025-12-06/1761485370.json"
"888490","710035","2025-10-27","26.00","AUD","1761498466","11310/2025-10-27/1761498466.json"
"796964","564300","2025-10-29","26.00","AUD","1761498466","11310/2025-10-29/1761498466.json"
"796964","564300","2025-10-30","26.00","AUD","1761498466","11310/2025-10-30/1761498466.json"
"888490","710035","2025-10-30","26.00","AUD","1761498466","11310/2025-10-30/1761498466.json"
"888490","710035","2025-11-02","26.00","AUD","1761498466","11310/2025-11-02/1761498466.json"
"796964","564300","2025-11-03","26.00","AUD","1761498466","11310/2025-11-03/1761498466.json"
"888490","710035","2025-11-03","26.00","AUD","1761498466","11310/2025-11-03/1761498466.json"
"796964","564300","2025-11-04","26.00","AUD","1761498466","11310/2025-11-04/1761498466.json"
"888490","710035","2025-11-04","26.00","AUD","1761498466","11310/2025-11-04/1761498466.json"
"796964","564300","2025-11-06","26.00","AUD","1761498466","11310/2025-11-06/1761498466.json"
"888490","710035","2025-11-06","26.00","AUD","1761498466","11310/2025-11-06/1761498466.json"
"888490","710035","2025-11-07","26.00","AUD","1761498466","11310/2025-11-07/1761498466.json"
"796964","564300","2025-11-10","26.00","AUD","1761498466","11310/2025-11-10/1761498466.json"
"888490","710035","2025-11-10","26.00","AUD","1761498466","11310/2025-11-10/1761498466.json"
"796964","564300","2025-11-09","26.00","AUD","1761498466","11310/2025-11-09/1761498466.json"
"888490","710035","2025-11-09","26.00","AUD","1761498466","11310/2025-11-09/1761498466.json"
"888490","710035","2025-11-11","26.00","AUD","1761498466","11310/2025-11-11/1761498466.json"
"796964","564300","2025-11-12","26.00","AUD","1761498466","11310/2025-11-12/1761498466.json"
"796964","564300","2025-11-14","28.00","AUD","1761498466","11310/2025-11-14/1761498466.json"
"888490","710035","2025-11-13","28.00","AUD","1761498466","11310/2025-11-13/1761498466.json"
"796964","564300","2025-11-15","28.00","AUD","1761498466","11310/2025-11-15/1761498466.json"
"888490","710035","2025-11-15","28.00","AUD","1761498466","11310/2025-11-15/1761498466.json"
"796964","564300","2025-11-18","28.00","AUD","1761498466","11310/2025-11-18/1761498466.json"
"888490","710035","2025-11-18","28.00","AUD","1761498466","11310/2025-11-18/1761498466.json"
"796964","564300","2025-11-16","28.00","AUD","1761498466","11310/2025-11-16/1761498466.json"
"888490","710035","2025-11-17","28.00","AUD","1761498466","11310/2025-11-17/1761498466.json"
"796964","564300","2025-11-20","28.00","AUD","1761498466","11310/2025-11-20/1761498466.json"
"888490","710035","2025-11-20","28.00","AUD","1761498466","11310/2025-11-20/1761498466.json"
"796964","564300","2025-11-19","28.00","AUD","1761498466","11310/2025-11-19/1761498466.json"
"888490","710035","2025-11-19","28.00","AUD","1761498466","11310/2025-11-19/1761498466.json"
"796964","564300","2025-11-21","28.00","AUD","1761498466","11310/2025-11-21/1761498466.json"
"796964","564300","2025-11-22","28.00","AUD","1761498466","11310/2025-11-22/1761498466.json"
"796964","564300","2025-11-23","28.00","AUD","1761498466","11310/2025-11-23/1761498466.json"
"888490","710035","2025-11-23","28.00","AUD","1761498466","11310/2025-11-23/1761498466.json"
"796964","564300","2025-11-27","28.00","AUD","1761498466","11310/2025-11-27/1761498466.json"
"888490","710035","2025-11-27","28.00","AUD","1761498466","11310/2025-11-27/1761498466.json"
"796964","564300","2025-11-26","28.00","AUD","1761498466","11310/2025-11-26/1761498466.json"
"888490","710035","2025-11-26","28.00","AUD","1761498466","11310/2025-11-26/1761498466.json"
"796964","564300","2025-11-29","28.00","AUD","1761498466","11310/2025-11-29/1761498466.json"
"888490","710035","2025-11-29","28.00","AUD","1761498466","11310/2025-11-29/1761498466.json"
"796964","564300","2025-11-30","28.00","AUD","1761498466","11310/2025-11-30/1761498466.json"
"888490","710035","2025-11-30","28.00","AUD","1761498466","11310/2025-11-30/1761498466.json"
"796964","564300","2025-12-02","28.00","AUD","1761498466","11310/2025-12-02/1761498466.json"
"888490","710035","2025-12-02","28.00","AUD","1761498466","11310/2025-12-02/1761498466.json"
"796964","564300","2025-12-03","28.00","AUD","1761498466","11310/2025-12-03/1761498466.json"
"888490","710035","2025-12-03","28.00","AUD","1761498466","11310/2025-12-03/1761498466.json"
"888490","710035","2025-12-04","28.00","AUD","1761498466","11310/2025-12-04/1761498466.json"
"796964","564300","2025-12-06","28.00","AUD","1761498466","11310/2025-12-06/1761498466.json"
"888490","710035","2025-12-06","28.00","AUD","1761498466","11310/2025-12-06/1761498466.json"
"796964","564300","2025-12-05","28.00","AUD","1761498466","11310/2025-12-05/1761498466.json"
"888490","710035","2025-12-05","28.00","AUD","1761498466","11310/2025-12-05/1761498466.json"
"796964","564300","2025-10-29","26.00","AUD","1761512420","11310/2025-10-29/1761512420.json"
"888490","710035","2025-10-27","26.00","AUD","1761512420","11310/2025-10-27/1761512420.json"
"796964","564300","2025-10-30","26.00","AUD","1761512420","11310/2025-10-30/1761512420.json"
"888490","710035","2025-10-30","26.00","AUD","1761512420","11310/2025-10-30/1761512420.json"
"888490","710035","2025-11-02","26.00","AUD","1761512420","11310/2025-11-02/1761512420.json"
"796964","564300","2025-11-03","26.00","AUD","1761512420","11310/2025-11-03/1761512420.json"
"888490","710035","2025-11-03","26.00","AUD","1761512420","11310/2025-11-03/1761512420.json"
"796964","564300","2025-11-04","26.00","AUD","1761512420","11310/2025-11-04/1761512420.json"
"888490","710035","2025-11-04","26.00","AUD","1761512420","11310/2025-11-04/1761512420.json"
"796964","564300","2025-11-06","26.00","AUD","1761512420","11310/2025-11-06/1761512420.json"
"888490","710035","2025-11-06","26.00","AUD","1761512420","11310/2025-11-06/1761512420.json"
"888490","710035","2025-11-07","26.00","AUD","1761512420","11310/2025-11-07/1761512420.json"
"796964","564300","2025-11-09","26.00","AUD","1761512420","11310/2025-11-09/1761512420.json"
"888490","710035","2025-11-09","26.00","AUD","1761512420","11310/2025-11-09/1761512420.json"
"796964","564300","2025-11-10","26.00","AUD","1761512420","11310/2025-11-10/1761512420.json"
"888490","710035","2025-11-10","26.00","AUD","1761512420","11310/2025-11-10/1761512420.json"
"888490","710035","2025-11-11","26.00","AUD","1761512420","11310/2025-11-11/1761512420.json"
"796964","564300","2025-11-12","26.00","AUD","1761512420","11310/2025-11-12/1761512420.json"
"888490","710035","2025-11-13","28.00","AUD","1761512420","11310/2025-11-13/1761512420.json"
"796964","564300","2025-11-14","28.00","AUD","1761512420","11310/2025-11-14/1761512420.json"
"888490","710035","2025-11-17","28.00","AUD","1761512420","11310/2025-11-17/1761512420.json"
"796964","564300","2025-11-15","28.00","AUD","1761512420","11310/2025-11-15/1761512420.json"
"888490","710035","2025-11-15","28.00","AUD","1761512420","11310/2025-11-15/1761512420.json"
"796964","564300","2025-11-16","28.00","AUD","1761512420","11310/2025-11-16/1761512420.json"
"796964","564300","2025-11-18","28.00","AUD","1761512420","11310/2025-11-18/1761512420.json"
"888490","710035","2025-11-18","28.00","AUD","1761512420","11310/2025-11-18/1761512420.json"
"796964","564300","2025-11-22","28.00","AUD","1761512420","11310/2025-11-22/1761512420.json"
"796964","564300","2025-11-21","28.00","AUD","1761512420","11310/2025-11-21/1761512420.json"
"796964","564300","2025-11-20","28.00","AUD","1761512420","11310/2025-11-20/1761512420.json"
"888490","710035","2025-11-20","28.00","AUD","1761512420","11310/2025-11-20/1761512420.json"
"796964","564300","2025-11-19","28.00","AUD","1761512420","11310/2025-11-19/1761512420.json"
"888490","710035","2025-11-19","28.00","AUD","1761512420","11310/2025-11-19/1761512420.json"
"796964","564300","2025-11-23","28.00","AUD","1761512420","11310/2025-11-23/1761512420.json"
"888490","710035","2025-11-23","28.00","AUD","1761512420","11310/2025-11-23/1761512420.json"
"796964","564300","2025-11-26","28.00","AUD","1761512420","11310/2025-11-26/1761512420.json"
"888490","710035","2025-11-26","28.00","AUD","1761512420","11310/2025-11-26/1761512420.json"
"796964","564300","2025-11-27","28.00","AUD","1761512420","11310/2025-11-27/1761512420.json"
"888490","710035","2025-11-27","28.00","AUD","1761512420","11310/2025-11-27/1761512420.json"
"796964","564300","2025-11-29","28.00","AUD","1761512420","11310/2025-11-29/1761512420.json"
"888490","710035","2025-11-29","28.00","AUD","1761512420","11310/2025-11-29/1761512420.json"
"796964","564300","2025-11-30","28.00","AUD","1761512420","11310/2025-11-30/1761512420.json"
"888490","710035","2025-11-30","28.00","AUD","1761512420","11310/2025-11-30/1761512420.json"
"796964","564300","2025-12-02","28.00","AUD","1761512420","11310/2025-12-02/1761512420.json"
"888490","710035","2025-12-02","28.00","AUD","1761512420","11310/2025-12-02/1761512420.json"
"796964","564300","2025-12-03","28.00","AUD","1761512420","11310/2025-12-03/1761512420.json"
"888490","710035","2025-12-03","28.00","AUD","1761512420","11310/2025-12-03/1761512420.json"
"888490","710035","2025-12-04","28.00","AUD","1761512420","11310/2025-12-04/1761512420.json"
"796964","564300","2025-12-05","28.00","AUD","1761512420","11310/2025-12-05/1761512420.json"
"888490","710035","2025-12-05","28.00","AUD","1761512420","11310/2025-12-05/1761512420.json"
"796964","564300","2025-12-06","28.00","AUD","1761512420","11310/2025-12-06/1761512420.json"
"888490","710035","2025-12-06","28.00","AUD","1761512420","11310/2025-12-06/1761512420.json"
"796964","564300","2025-10-29","26.00","AUD","1761537929","11310/2025-10-29/1761537929.json"
"796964","564300","2025-10-30","26.00","AUD","1761537929","11310/2025-10-30/1761537929.json"
"888490","710035","2025-10-30","26.00","AUD","1761537929","11310/2025-10-30/1761537929.json"
"888490","710035","2025-11-02","26.00","AUD","1761537929","11310/2025-11-02/1761537929.json"
"796964","564300","2025-11-03","26.00","AUD","1761537929","11310/2025-11-03/1761537929.json"
"888490","710035","2025-11-03","26.00","AUD","1761537929","11310/2025-11-03/1761537929.json"
"796964","564300","2025-11-04","26.00","AUD","1761537929","11310/2025-11-04/1761537929.json"
"888490","710035","2025-11-04","26.00","AUD","1761537929","11310/2025-11-04/1761537929.json"
"796964","564300","2025-11-06","26.00","AUD","1761537929","11310/2025-11-06/1761537929.json"
"888490","710035","2025-11-06","26.00","AUD","1761537929","11310/2025-11-06/1761537929.json"
"796964","564300","2025-11-09","26.00","AUD","1761537929","11310/2025-11-09/1761537929.json"
"888490","710035","2025-11-09","26.00","AUD","1761537929","11310/2025-11-09/1761537929.json"
"888490","710035","2025-11-07","26.00","AUD","1761537929","11310/2025-11-07/1761537929.json"
"796964","564300","2025-11-10","26.00","AUD","1761537929","11310/2025-11-10/1761537929.json"
"888490","710035","2025-11-10","26.00","AUD","1761537929","11310/2025-11-10/1761537929.json"
"888490","710035","2025-11-11","26.00","AUD","1761537929","11310/2025-11-11/1761537929.json"
"796964","564300","2025-11-12","26.00","AUD","1761537929","11310/2025-11-12/1761537929.json"
"796964","564300","2025-11-14","28.00","AUD","1761537929","11310/2025-11-14/1761537929.json"
"888490","710035","2025-11-13","28.00","AUD","1761537929","11310/2025-11-13/1761537929.json"
"796964","564300","2025-11-15","28.00","AUD","1761537929","11310/2025-11-15/1761537929.json"
"888490","710035","2025-11-15","28.00","AUD","1761537929","11310/2025-11-15/1761537929.json"
"796964","564300","2025-11-16","28.00","AUD","1761537929","11310/2025-11-16/1761537929.json"
"888490","710035","2025-11-17","28.00","AUD","1761537929","11310/2025-11-17/1761537929.json"
"796964","564300","2025-11-19","28.00","AUD","1761537929","11310/2025-11-19/1761537929.json"
"888490","710035","2025-11-19","28.00","AUD","1761537929","11310/2025-11-19/1761537929.json"
"796964","564300","2025-11-18","28.00","AUD","1761537929","11310/2025-11-18/1761537929.json"
"888490","710035","2025-11-18","28.00","AUD","1761537929","11310/2025-11-18/1761537929.json"
"796964","564300","2025-11-20","28.00","AUD","1761537929","11310/2025-11-20/1761537929.json"
"888490","710035","2025-11-20","28.00","AUD","1761537929","11310/2025-11-20/1761537929.json"
"796964","564300","2025-11-21","28.00","AUD","1761537929","11310/2025-11-21/1761537929.json"
"796964","564300","2025-11-23","28.00","AUD","1761537929","11310/2025-11-23/1761537929.json"
"888490","710035","2025-11-23","28.00","AUD","1761537929","11310/2025-11-23/1761537929.json"
"796964","564300","2025-11-22","28.00","AUD","1761537929","11310/2025-11-22/1761537929.json"
"796964","564300","2025-11-27","28.00","AUD","1761537929","11310/2025-11-27/1761537929.json"
"888490","710035","2025-11-27","28.00","AUD","1761537929","11310/2025-11-27/1761537929.json"
"796964","564300","2025-11-26","28.00","AUD","1761537929","11310/2025-11-26/1761537929.json"
"888490","710035","2025-11-26","28.00","AUD","1761537929","11310/2025-11-26/1761537929.json"
"796964","564300","2025-11-29","28.00","AUD","1761537929","11310/2025-11-29/1761537929.json"
"888490","710035","2025-11-29","28.00","AUD","1761537929","11310/2025-11-29/1761537929.json"
"796964","564300","2025-11-30","28.00","AUD","1761537929","11310/2025-11-30/1761537929.json"
"888490","710035","2025-11-30","28.00","AUD","1761537929","11310/2025-11-30/1761537929.json"
"888490","710035","2025-12-04","28.00","AUD","1761537929","11310/2025-12-04/1761537929.json"
"796964","564300","2025-12-02","28.00","AUD","1761537929","11310/2025-12-02/1761537929.json"
"888490","710035","2025-12-02","28.00","AUD","1761537929","11310/2025-12-02/1761537929.json"
"796964","564300","2025-12-05","28.00","AUD","1761537929","11310/2025-12-05/1761537929.json"
"888490","710035","2025-12-05","28.00","AUD","1761537929","11310/2025-12-05/1761537929.json"
"796964","564300","2025-12-03","28.00","AUD","1761537929","11310/2025-12-03/1761537929.json"
"888490","710035","2025-12-03","28.00","AUD","1761537929","11310/2025-12-03/1761537929.json"
"796964","564300","2025-12-06","28.00","AUD","1761537929","11310/2025-12-06/1761537929.json"
"888490","710035","2025-12-06","28.00","AUD","1761537929","11310/2025-12-06/1761537929.json"
"796964","564300","2025-10-30","26.00","AUD","1761542129","11310/2025-10-30/1761542129.json"
"796964","564300","2025-10-29","26.00","AUD","1761542129","11310/2025-10-29/1761542129.json"
"796964","564300","2025-11-03","26.00","AUD","1761542129","11310/2025-11-03/1761542129.json"
"888490","710035","2025-11-03","26.00","AUD","1761542129","11310/2025-11-03/1761542129.json"
"888490","710035","2025-11-02","26.00","AUD","1761542129","11310/2025-11-02/1761542129.json"
"796964","564300","2025-11-04","26.00","AUD","1761542129","11310/2025-11-04/1761542129.json"
"888490","710035","2025-11-04","26.00","AUD","1761542129","11310/2025-11-04/1761542129.json"
"796964","564300","2025-11-06","26.00","AUD","1761542129","11310/2025-11-06/1761542129.json"
"888490","710035","2025-11-06","26.00","AUD","1761542129","11310/2025-11-06/1761542129.json"
"888490","710035","2025-11-07","26.00","AUD","1761542129","11310/2025-11-07/1761542129.json"
"796964","564300","2025-11-09","26.00","AUD","1761542129","11310/2025-11-09/1761542129.json"
"888490","710035","2025-11-09","26.00","AUD","1761542129","11310/2025-11-09/1761542129.json"
"888490","710035","2025-11-11","26.00","AUD","1761542129","11310/2025-11-11/1761542129.json"
"796964","564300","2025-11-10","26.00","AUD","1761542129","11310/2025-11-10/1761542129.json"
"888490","710035","2025-11-10","26.00","AUD","1761542129","11310/2025-11-10/1761542129.json"
"888490","710035","2025-11-13","28.00","AUD","1761542129","11310/2025-11-13/1761542129.json"
"796964","564300","2025-11-12","26.00","AUD","1761542129","11310/2025-11-12/1761542129.json"
"796964","564300","2025-11-14","28.00","AUD","1761542129","11310/2025-11-14/1761542129.json"
"796964","564300","2025-11-15","28.00","AUD","1761542129","11310/2025-11-15/1761542129.json"
"888490","710035","2025-11-15","28.00","AUD","1761542129","11310/2025-11-15/1761542129.json"
"796964","564300","2025-11-16","28.00","AUD","1761542129","11310/2025-11-16/1761542129.json"
"796964","564300","2025-11-19","28.00","AUD","1761542129","11310/2025-11-19/1761542129.json"
"888490","710035","2025-11-19","28.00","AUD","1761542129","11310/2025-11-19/1761542129.json"
"796964","564300","2025-11-20","28.00","AUD","1761542129","11310/2025-11-20/1761542129.json"
"888490","710035","2025-11-20","28.00","AUD","1761542129","11310/2025-11-20/1761542129.json"
"888490","710035","2025-11-17","28.00","AUD","1761542129","11310/2025-11-17/1761542129.json"
"796964","564300","2025-11-18","28.00","AUD","1761542129","11310/2025-11-18/1761542129.json"
"888490","710035","2025-11-18","28.00","AUD","1761542129","11310/2025-11-18/1761542129.json"
"796964","564300","2025-11-21","28.00","AUD","1761542129","11310/2025-11-21/1761542129.json"
"796964","564300","2025-11-23","28.00","AUD","1761542129","11310/2025-11-23/1761542129.json"
"888490","710035","2025-11-23","28.00","AUD","1761542129","11310/2025-11-23/1761542129.json"
"796964","564300","2025-11-22","28.00","AUD","1761542129","11310/2025-11-22/1761542129.json"
"796964","564300","2025-11-26","28.00","AUD","1761542129","11310/2025-11-26/1761542129.json"
"888490","710035","2025-11-26","28.00","AUD","1761542129","11310/2025-11-26/1761542129.json"
"796964","564300","2025-11-27","28.00","AUD","1761542129","11310/2025-11-27/1761542129.json"
"888490","710035","2025-11-27","28.00","AUD","1761542129","11310/2025-11-27/1761542129.json"
"796964","564300","2025-11-29","28.00","AUD","1761542129","11310/2025-11-29/1761542129.json"
"888490","710035","2025-11-29","28.00","AUD","1761542129","11310/2025-11-29/1761542129.json"
"796964","564300","2025-11-30","28.00","AUD","1761542129","11310/2025-11-30/1761542129.json"
"888490","710035","2025-11-30","28.00","AUD","1761542129","11310/2025-11-30/1761542129.json"
"796964","564300","2025-12-02","28.00","AUD","1761542129","11310/2025-12-02/1761542129.json"
"888490","710035","2025-12-02","28.00","AUD","1761542129","11310/2025-12-02/1761542129.json"
"796964","564300","2025-12-03","28.00","AUD","1761542129","11310/2025-12-03/1761542129.json"
"888490","710035","2025-12-03","28.00","AUD","1761542129","11310/2025-12-03/1761542129.json"
"796964","564300","2025-12-05","28.00","AUD","1761542129","11310/2025-12-05/1761542129.json"
"888490","710035","2025-12-05","28.00","AUD","1761542129","11310/2025-12-05/1761542129.json"
"796964","564300","2025-12-06","28.00","AUD","1761542129","11310/2025-12-06/1761542129.json"
"888490","710035","2025-12-06","28.00","AUD","1761542129","11310/2025-12-06/1761542129.json"
"888490","710035","2025-12-04","28.00","AUD","1761542129","11310/2025-12-04/1761542129.json"
"796964","564300","2025-10-30","26.00","AUD","1761556493","11310/2025-10-30/1761556493.json"
"796964","564300","2025-10-29","26.00","AUD","1761556493","11310/2025-10-29/1761556493.json"
"796964","564300","2025-11-03","26.00","AUD","1761556493","11310/2025-11-03/1761556493.json"
"888490","710035","2025-11-03","26.00","AUD","1761556493","11310/2025-11-03/1761556493.json"
"796964","564300","2025-11-04","26.00","AUD","1761556493","11310/2025-11-04/1761556493.json"
"888490","710035","2025-11-04","26.00","AUD","1761556493","11310/2025-11-04/1761556493.json"
"796964","564300","2025-11-06","26.00","AUD","1761556493","11310/2025-11-06/1761556493.json"
"888490","710035","2025-11-06","26.00","AUD","1761556493","11310/2025-11-06/1761556493.json"
"888490","710035","2025-11-07","26.00","AUD","1761556493","11310/2025-11-07/1761556493.json"
"796964","564300","2025-11-09","26.00","AUD","1761556493","11310/2025-11-09/1761556493.json"
"888490","710035","2025-11-09","26.00","AUD","1761556493","11310/2025-11-09/1761556493.json"
"796964","564300","2025-11-10","26.00","AUD","1761556493","11310/2025-11-10/1761556493.json"
"888490","710035","2025-11-10","26.00","AUD","1761556493","11310/2025-11-10/1761556493.json"
"888490","710035","2025-11-11","26.00","AUD","1761556493","11310/2025-11-11/1761556493.json"
"888490","710035","2025-11-02","26.00","AUD","1761556493","11310/2025-11-02/1761556493.json"
"796964","564300","2025-11-12","26.00","AUD","1761556493","11310/2025-11-12/1761556493.json"
"888490","710035","2025-11-13","28.00","AUD","1761556493","11310/2025-11-13/1761556493.json"
"796964","564300","2025-11-14","28.00","AUD","1761556493","11310/2025-11-14/1761556493.json"
"796964","564300","2025-11-16","28.00","AUD","1761556493","11310/2025-11-16/1761556493.json"
"796964","564300","2025-11-15","28.00","AUD","1761556493","11310/2025-11-15/1761556493.json"
"888490","710035","2025-11-15","28.00","AUD","1761556493","11310/2025-11-15/1761556493.json"
"888490","710035","2025-11-17","28.00","AUD","1761556493","11310/2025-11-17/1761556493.json"
"796964","564300","2025-11-18","28.00","AUD","1761556493","11310/2025-11-18/1761556493.json"
"888490","710035","2025-11-18","28.00","AUD","1761556493","11310/2025-11-18/1761556493.json"
"796964","564300","2025-11-19","28.00","AUD","1761556493","11310/2025-11-19/1761556493.json"
"888490","710035","2025-11-19","28.00","AUD","1761556493","11310/2025-11-19/1761556493.json"
"796964","564300","2025-11-20","28.00","AUD","1761556493","11310/2025-11-20/1761556493.json"
"888490","710035","2025-11-20","28.00","AUD","1761556493","11310/2025-11-20/1761556493.json"
"796964","564300","2025-11-21","28.00","AUD","1761556493","11310/2025-11-21/1761556493.json"
"796964","564300","2025-11-23","28.00","AUD","1761556493","11310/2025-11-23/1761556493.json"
"888490","710035","2025-11-23","28.00","AUD","1761556493","11310/2025-11-23/1761556493.json"
"796964","564300","2025-11-26","28.00","AUD","1761556493","11310/2025-11-26/1761556493.json"
"888490","710035","2025-11-26","28.00","AUD","1761556493","11310/2025-11-26/1761556493.json"
"796964","564300","2025-11-27","28.00","AUD","1761556493","11310/2025-11-27/1761556493.json"
"888490","710035","2025-11-27","28.00","AUD","1761556493","11310/2025-11-27/1761556493.json"
"796964","564300","2025-11-29","28.00","AUD","1761556493","11310/2025-11-29/1761556493.json"
"888490","710035","2025-11-29","28.00","AUD","1761556493","11310/2025-11-29/1761556493.json"
"796964","564300","2025-11-30","28.00","AUD","1761556493","11310/2025-11-30/1761556493.json"
"888490","710035","2025-11-30","28.00","AUD","1761556493","11310/2025-11-30/1761556493.json"
"796964","564300","2025-11-22","28.00","AUD","1761556493","11310/2025-11-22/1761556493.json"
"796964","564300","2025-12-02","28.00","AUD","1761556493","11310/2025-12-02/1761556493.json"
"888490","710035","2025-12-02","28.00","AUD","1761556493","11310/2025-12-02/1761556493.json"
"796964","564300","2025-12-03","28.00","AUD","1761556493","11310/2025-12-03/1761556493.json"
"888490","710035","2025-12-03","28.00","AUD","1761556493","11310/2025-12-03/1761556493.json"
"888490","710035","2025-12-04","28.00","AUD","1761556493","11310/2025-12-04/1761556493.json"
"796964","564300","2025-12-05","28.00","AUD","1761556493","11310/2025-12-05/1761556493.json"
"888490","710035","2025-12-05","28.00","AUD","1761556493","11310/2025-12-05/1761556493.json"
"796964","564300","2025-12-06","28.00","AUD","1761556493","11310/2025-12-06/1761556493.json"
"888490","710035","2025-12-06","28.00","AUD","1761556493","11310/2025-12-06/1761556493.json"
"796964","564300","2025-10-30","26.00","AUD","1761574118","11310/2025-10-30/1761574118.json"
"796964","564300","2025-10-29","26.00","AUD","1761574118","11310/2025-10-29/1761574118.json"
"796964","564300","2025-11-03","26.00","AUD","1761574118","11310/2025-11-03/1761574118.json"
"796964","564300","2025-11-04","26.00","AUD","1761574118","11310/2025-11-04/1761574118.json"
"796964","564300","2025-11-06","26.00","AUD","1761574118","11310/2025-11-06/1761574118.json"
"888490","710035","2025-11-06","26.00","AUD","1761574118","11310/2025-11-06/1761574118.json"
"888490","710035","2025-11-07","26.00","AUD","1761574118","11310/2025-11-07/1761574118.json"
"796964","564300","2025-11-09","26.00","AUD","1761574118","11310/2025-11-09/1761574118.json"
"888490","710035","2025-11-09","26.00","AUD","1761574118","11310/2025-11-09/1761574118.json"
"796964","564300","2025-11-10","26.00","AUD","1761574118","11310/2025-11-10/1761574118.json"
"888490","710035","2025-11-10","26.00","AUD","1761574118","11310/2025-11-10/1761574118.json"
"888490","710035","2025-11-11","26.00","AUD","1761574118","11310/2025-11-11/1761574118.json"
"796964","564300","2025-11-12","26.00","AUD","1761574118","11310/2025-11-12/1761574118.json"
"796964","564300","2025-11-14","28.00","AUD","1761574118","11310/2025-11-14/1761574118.json"
"888490","710035","2025-11-13","28.00","AUD","1761574118","11310/2025-11-13/1761574118.json"
"796964","564300","2025-11-15","28.00","AUD","1761574118","11310/2025-11-15/1761574118.json"
"888490","710035","2025-11-15","28.00","AUD","1761574118","11310/2025-11-15/1761574118.json"
"796964","564300","2025-11-16","28.00","AUD","1761574118","11310/2025-11-16/1761574118.json"
"888490","710035","2025-11-17","28.00","AUD","1761574118","11310/2025-11-17/1761574118.json"
"796964","564300","2025-11-18","28.00","AUD","1761574118","11310/2025-11-18/1761574118.json"
"888490","710035","2025-11-18","28.00","AUD","1761574118","11310/2025-11-18/1761574118.json"
"796964","564300","2025-11-19","28.00","AUD","1761574118","11310/2025-11-19/1761574118.json"
"888490","710035","2025-11-19","28.00","AUD","1761574118","11310/2025-11-19/1761574118.json"
"796964","564300","2025-11-20","28.00","AUD","1761574118","11310/2025-11-20/1761574118.json"
"888490","710035","2025-11-20","28.00","AUD","1761574118","11310/2025-11-20/1761574118.json"
"796964","564300","2025-11-21","28.00","AUD","1761574118","11310/2025-11-21/1761574118.json"
"796964","564300","2025-11-22","28.00","AUD","1761574118","11310/2025-11-22/1761574118.json"
"796964","564300","2025-11-23","28.00","AUD","1761574118","11310/2025-11-23/1761574118.json"
"888490","710035","2025-11-23","28.00","AUD","1761574118","11310/2025-11-23/1761574118.json"
"796964","564300","2025-11-26","28.00","AUD","1761574118","11310/2025-11-26/1761574118.json"
"888490","710035","2025-11-26","28.00","AUD","1761574118","11310/2025-11-26/1761574118.json"
"796964","564300","2025-11-27","28.00","AUD","1761574118","11310/2025-11-27/1761574118.json"
"888490","710035","2025-11-27","28.00","AUD","1761574118","11310/2025-11-27/1761574118.json"
"796964","564300","2025-11-29","28.00","AUD","1761574118","11310/2025-11-29/1761574118.json"
"888490","710035","2025-11-29","28.00","AUD","1761574118","11310/2025-11-29/1761574118.json"
"796964","564300","2025-11-30","28.00","AUD","1761574118","11310/2025-11-30/1761574118.json"
"888490","710035","2025-11-30","28.00","AUD","1761574118","11310/2025-11-30/1761574118.json"
"796964","564300","2025-12-02","28.00","AUD","1761574118","11310/2025-12-02/1761574118.json"
"888490","710035","2025-12-02","28.00","AUD","1761574118","11310/2025-12-02/1761574118.json"
"796964","564300","2025-12-05","28.00","AUD","1761574118","11310/2025-12-05/1761574118.json"
"888490","710035","2025-12-05","28.00","AUD","1761574118","11310/2025-12-05/1761574118.json"
"888490","710035","2025-12-04","28.00","AUD","1761574118","11310/2025-12-04/1761574118.json"
"796964","564300","2025-12-03","28.00","AUD","1761574118","11310/2025-12-03/1761574118.json"
"888490","710035","2025-12-03","28.00","AUD","1761574118","11310/2025-12-03/1761574118.json"
"796964","564300","2025-12-06","28.00","AUD","1761574118","11310/2025-12-06/1761574118.json"
"888490","710035","2025-12-06","28.00","AUD","1761574118","11310/2025-12-06/1761574118.json"
"796964","564300","2025-10-30","26.00","AUD","1761585404","11310/2025-10-30/1761585404.json"
"796964","564300","2025-10-29","26.00","AUD","1761585404","11310/2025-10-29/1761585404.json"
"796964","564300","2025-11-03","26.00","AUD","1761585404","11310/2025-11-03/1761585404.json"
"796964","564300","2025-11-06","26.00","AUD","1761585404","11310/2025-11-06/1761585404.json"
"888490","710035","2025-11-06","26.00","AUD","1761585404","11310/2025-11-06/1761585404.json"
"888490","710035","2025-11-07","26.00","AUD","1761585404","11310/2025-11-07/1761585404.json"
"796964","564300","2025-11-04","26.00","AUD","1761585404","11310/2025-11-04/1761585404.json"
"796964","564300","2025-11-09","26.00","AUD","1761585404","11310/2025-11-09/1761585404.json"
"888490","710035","2025-11-09","26.00","AUD","1761585404","11310/2025-11-09/1761585404.json"
"796964","564300","2025-11-10","26.00","AUD","1761585404","11310/2025-11-10/1761585404.json"
"888490","710035","2025-11-10","26.00","AUD","1761585404","11310/2025-11-10/1761585404.json"
"888490","710035","2025-11-11","26.00","AUD","1761585404","11310/2025-11-11/1761585404.json"
"888490","710035","2025-11-13","28.00","AUD","1761585404","11310/2025-11-13/1761585404.json"
"796964","564300","2025-11-12","26.00","AUD","1761585404","11310/2025-11-12/1761585404.json"
"796964","564300","2025-11-14","28.00","AUD","1761585404","11310/2025-11-14/1761585404.json"
"796964","564300","2025-11-15","28.00","AUD","1761585404","11310/2025-11-15/1761585404.json"
"888490","710035","2025-11-15","28.00","AUD","1761585404","11310/2025-11-15/1761585404.json"
"888490","710035","2025-11-17","28.00","AUD","1761585404","11310/2025-11-17/1761585404.json"
"796964","564300","2025-11-16","28.00","AUD","1761585404","11310/2025-11-16/1761585404.json"
"796964","564300","2025-11-18","28.00","AUD","1761585404","11310/2025-11-18/1761585404.json"
"888490","710035","2025-11-18","28.00","AUD","1761585404","11310/2025-11-18/1761585404.json"
"796964","564300","2025-11-19","28.00","AUD","1761585404","11310/2025-11-19/1761585404.json"
"888490","710035","2025-11-19","28.00","AUD","1761585404","11310/2025-11-19/1761585404.json"
"796964","564300","2025-11-20","28.00","AUD","1761585404","11310/2025-11-20/1761585404.json"
"888490","710035","2025-11-20","28.00","AUD","1761585404","11310/2025-11-20/1761585404.json"
"796964","564300","2025-11-21","28.00","AUD","1761585404","11310/2025-11-21/1761585404.json"
"796964","564300","2025-11-23","28.00","AUD","1761585404","11310/2025-11-23/1761585404.json"
"888490","710035","2025-11-23","28.00","AUD","1761585404","11310/2025-11-23/1761585404.json"
"796964","564300","2025-11-22","28.00","AUD","1761585404","11310/2025-11-22/1761585404.json"
"796964","564300","2025-11-26","28.00","AUD","1761585404","11310/2025-11-26/1761585404.json"
"888490","710035","2025-11-26","28.00","AUD","1761585404","11310/2025-11-26/1761585404.json"
"796964","564300","2025-11-30","28.00","AUD","1761585404","11310/2025-11-30/1761585404.json"
"888490","710035","2025-11-30","28.00","AUD","1761585404","11310/2025-11-30/1761585404.json"
"796964","564300","2025-11-27","28.00","AUD","1761585404","11310/2025-11-27/1761585404.json"
"888490","710035","2025-11-27","28.00","AUD","1761585404","11310/2025-11-27/1761585404.json"
"796964","564300","2025-11-29","28.00","AUD","1761585404","11310/2025-11-29/1761585404.json"
"888490","710035","2025-11-29","28.00","AUD","1761585404","11310/2025-11-29/1761585404.json"
"796964","564300","2025-12-03","28.00","AUD","1761585404","11310/2025-12-03/1761585404.json"
"888490","710035","2025-12-03","28.00","AUD","1761585404","11310/2025-12-03/1761585404.json"
"796964","564300","2025-12-02","28.00","AUD","1761585404","11310/2025-12-02/1761585404.json"
"888490","710035","2025-12-02","28.00","AUD","1761585404","11310/2025-12-02/1761585404.json"
"888490","710035","2025-12-04","28.00","AUD","1761585404","11310/2025-12-04/1761585404.json"
"796964","564300","2025-12-05","28.00","AUD","1761585404","11310/2025-12-05/1761585404.json"
"888490","710035","2025-12-05","28.00","AUD","1761585404","11310/2025-12-05/1761585404.json"
"796964","564300","2025-12-06","28.00","AUD","1761585404","11310/2025-12-06/1761585404.json"
"888490","710035","2025-12-06","28.00","AUD","1761585404","11310/2025-12-06/1761585404.json"
"796964","564300","2025-10-29","26.00","AUD","1761598807","11310/2025-10-29/1761598807.json"
"796964","564300","2025-10-30","26.00","AUD","1761598807","11310/2025-10-30/1761598807.json"
"796964","564300","2025-11-04","26.00","AUD","1761598807","11310/2025-11-04/1761598807.json"
"796964","564300","2025-11-03","26.00","AUD","1761598807","11310/2025-11-03/1761598807.json"
"888490","710035","2025-11-07","26.00","AUD","1761598807","11310/2025-11-07/1761598807.json"
"796964","564300","2025-11-06","26.00","AUD","1761598807","11310/2025-11-06/1761598807.json"
"888490","710035","2025-11-06","26.00","AUD","1761598807","11310/2025-11-06/1761598807.json"
"796964","564300","2025-11-09","26.00","AUD","1761598807","11310/2025-11-09/1761598807.json"
"888490","710035","2025-11-09","26.00","AUD","1761598807","11310/2025-11-09/1761598807.json"
"796964","564300","2025-11-10","26.00","AUD","1761598807","11310/2025-11-10/1761598807.json"
"888490","710035","2025-11-10","26.00","AUD","1761598807","11310/2025-11-10/1761598807.json"
"888490","710035","2025-11-11","26.00","AUD","1761598807","11310/2025-11-11/1761598807.json"
"796964","564300","2025-11-12","26.00","AUD","1761598807","11310/2025-11-12/1761598807.json"
"888490","710035","2025-11-13","28.00","AUD","1761598807","11310/2025-11-13/1761598807.json"
"796964","564300","2025-11-14","28.00","AUD","1761598807","11310/2025-11-14/1761598807.json"
"796964","564300","2025-11-16","28.00","AUD","1761598807","11310/2025-11-16/1761598807.json"
"796964","564300","2025-11-15","28.00","AUD","1761598807","11310/2025-11-15/1761598807.json"
"888490","710035","2025-11-15","28.00","AUD","1761598807","11310/2025-11-15/1761598807.json"
"888490","710035","2025-11-17","28.00","AUD","1761598807","11310/2025-11-17/1761598807.json"
"796964","564300","2025-11-18","28.00","AUD","1761598807","11310/2025-11-18/1761598807.json"
"888490","710035","2025-11-18","28.00","AUD","1761598807","11310/2025-11-18/1761598807.json"
"796964","564300","2025-11-19","28.00","AUD","1761598807","11310/2025-11-19/1761598807.json"
"888490","710035","2025-11-19","28.00","AUD","1761598807","11310/2025-11-19/1761598807.json"
"796964","564300","2025-11-20","28.00","AUD","1761598807","11310/2025-11-20/1761598807.json"
"888490","710035","2025-11-20","28.00","AUD","1761598807","11310/2025-11-20/1761598807.json"
"796964","564300","2025-11-21","28.00","AUD","1761598807","11310/2025-11-21/1761598807.json"
"796964","564300","2025-11-22","28.00","AUD","1761598807","11310/2025-11-22/1761598807.json"
"796964","564300","2025-11-23","28.00","AUD","1761598807","11310/2025-11-23/1761598807.json"
"888490","710035","2025-11-23","28.00","AUD","1761598807","11310/2025-11-23/1761598807.json"
"796964","564300","2025-11-26","28.00","AUD","1761598807","11310/2025-11-26/1761598807.json"
"888490","710035","2025-11-26","28.00","AUD","1761598807","11310/2025-11-26/1761598807.json"
"796964","564300","2025-11-27","28.00","AUD","1761598807","11310/2025-11-27/1761598807.json"
"888490","710035","2025-11-27","28.00","AUD","1761598807","11310/2025-11-27/1761598807.json"
"796964","564300","2025-11-29","28.00","AUD","1761598807","11310/2025-11-29/1761598807.json"
"888490","710035","2025-11-29","28.00","AUD","1761598807","11310/2025-11-29/1761598807.json"
"796964","564300","2025-12-02","28.00","AUD","1761598807","11310/2025-12-02/1761598807.json"
"888490","710035","2025-12-02","28.00","AUD","1761598807","11310/2025-12-02/1761598807.json"
"796964","564300","2025-12-03","28.00","AUD","1761598807","11310/2025-12-03/1761598807.json"
"888490","710035","2025-12-03","28.00","AUD","1761598807","11310/2025-12-03/1761598807.json"
"796964","564300","2025-11-30","28.00","AUD","1761598807","11310/2025-11-30/1761598807.json"
"888490","710035","2025-11-30","28.00","AUD","1761598807","11310/2025-11-30/1761598807.json"
"888490","710035","2025-12-04","28.00","AUD","1761598807","11310/2025-12-04/1761598807.json"
"796964","564300","2025-12-05","28.00","AUD","1761598807","11310/2025-12-05/1761598807.json"
"888490","710035","2025-12-05","28.00","AUD","1761598807","11310/2025-12-05/1761598807.json"
"796964","564300","2025-12-06","28.00","AUD","1761598807","11310/2025-12-06/1761598807.json"
"888490","710035","2025-12-06","28.00","AUD","1761598807","11310/2025-12-06/1761598807.json"
