"dormId","ratePlan","date","priceValue","priceCurrency","crawledAt","urlPart"
"885717","706057","2025-10-07","33.60","AUD","1759720552","14629/2025-10-07/1759720552.json"
"1004618","882330","2025-10-09","45.36","AUD","1759720552","14629/2025-10-09/1759720552.json"
"1004618","882330","2025-10-10","45.36","AUD","1759720552","14629/2025-10-10/1759720552.json"
"885717","706057","2025-10-08","33.60","AUD","1759720552","14629/2025-10-08/1759720552.json"
"1004618","882330","2025-10-08","45.36","AUD","1759720552","14629/2025-10-08/1759720552.json"
"1004618","882330","2025-10-11","45.36","AUD","1759720552","14629/2025-10-11/1759720552.json"
"888510","710069","2025-10-12","37.80","AUD","1759720552","14629/2025-10-12/1759720552.json"
"1004618","882330","2025-10-12","45.36","AUD","1759720552","14629/2025-10-12/1759720552.json"
"888510","710069","2025-10-13","37.80","AUD","1759720552","14629/2025-10-13/1759720552.json"
"885717","706057","2025-10-08","33.60","AUD","1759725803","14629/2025-10-08/1759725803.json"
"1004618","882330","2025-10-08","45.36","AUD","1759725803","14629/2025-10-08/1759725803.json"
"1004618","882330","2025-10-09","45.36","AUD","1759725803","14629/2025-10-09/1759725803.json"
"885717","706057","2025-10-07","33.60","AUD","1759725803","14629/2025-10-07/1759725803.json"
"1004618","882330","2025-10-10","45.36","AUD","1759725803","14629/2025-10-10/1759725803.json"
"888510","710069","2025-10-13","37.80","AUD","1759725803","14629/2025-10-13/1759725803.json"
"888510","710069","2025-10-12","37.80","AUD","1759725803","14629/2025-10-12/1759725803.json"
"1004618","882330","2025-10-12","45.36","AUD","1759725803","14629/2025-10-12/1759725803.json"
"1004618","882330","2025-10-11","45.36","AUD","1759725803","14629/2025-10-11/1759725803.json"
"885717","706057","2025-10-07","33.60","AUD","1759740643","14629/2025-10-07/1759740643.json"
"1004618","882330","2025-10-09","45.36","AUD","1759740643","14629/2025-10-09/1759740643.json"
"885717","706057","2025-10-08","33.60","AUD","1759740643","14629/2025-10-08/1759740643.json"
"1004618","882330","2025-10-08","45.36","AUD","1759740643","14629/2025-10-08/1759740643.json"
"1004618","882330","2025-10-10","45.36","AUD","1759740643","14629/2025-10-10/1759740643.json"
"888510","710069","2025-10-13","37.80","AUD","1759740643","14629/2025-10-13/1759740643.json"
"1004618","882330","2025-10-11","45.36","AUD","1759740643","14629/2025-10-11/1759740643.json"
"888510","710069","2025-10-12","37.80","AUD","1759740643","14629/2025-10-12/1759740643.json"
"1004618","882330","2025-10-12","45.36","AUD","1759740643","14629/2025-10-12/1759740643.json"
"885717","706057","2025-10-07","33.60","AUD","1759758275","14629/2025-10-07/1759758275.json"
"885717","706057","2025-10-08","33.60","AUD","1759758275","14629/2025-10-08/1759758275.json"
"888510","710069","2025-10-12","37.80","AUD","1759758275","14629/2025-10-12/1759758275.json"
"888510","710069","2025-10-13","37.80","AUD","1759758275","14629/2025-10-13/1759758275.json"
"885717","706057","2025-10-07","33.60","AUD","1759769267","14629/2025-10-07/1759769267.json"
"653350","630660","2025-10-07","33.60","AUD","1759769267","14629/2025-10-07/1759769267.json"
"888510","710069","2025-10-07","37.80","AUD","1759769267","14629/2025-10-07/1759769267.json"
"971684","835234","2025-10-07","38.64","AUD","1759769267","14629/2025-10-07/1759769267.json"
"653350","630660","2025-10-09","33.60","AUD","1759769267","14629/2025-10-09/1759769267.json"
"1004618","882330","2025-10-09","37.80","AUD","1759769267","14629/2025-10-09/1759769267.json"
"888510","710069","2025-10-09","37.80","AUD","1759769267","14629/2025-10-09/1759769267.json"
"971684","835234","2025-10-09","38.64","AUD","1759769267","14629/2025-10-09/1759769267.json"
"885717","706057","2025-10-08","33.60","AUD","1759769267","14629/2025-10-08/1759769267.json"
"653350","630660","2025-10-08","33.60","AUD","1759769267","14629/2025-10-08/1759769267.json"
"1004618","882330","2025-10-08","37.80","AUD","1759769267","14629/2025-10-08/1759769267.json"
"888510","710069","2025-10-08","37.80","AUD","1759769267","14629/2025-10-08/1759769267.json"
"971684","835234","2025-10-08","38.64","AUD","1759769267","14629/2025-10-08/1759769267.json"
"653350","630660","2025-10-10","33.60","AUD","1759769267","14629/2025-10-10/1759769267.json"
"1004618","882330","2025-10-10","37.80","AUD","1759769267","14629/2025-10-10/1759769267.json"
"888510","710069","2025-10-10","37.80","AUD","1759769267","14629/2025-10-10/1759769267.json"
"971684","835234","2025-10-10","38.64","AUD","1759769267","14629/2025-10-10/1759769267.json"
"653350","630660","2025-10-11","33.60","AUD","1759769267","14629/2025-10-11/1759769267.json"
"1004618","882330","2025-10-11","37.80","AUD","1759769267","14629/2025-10-11/1759769267.json"
"888510","710069","2025-10-11","37.80","AUD","1759769267","14629/2025-10-11/1759769267.json"
"971684","835234","2025-10-11","38.64","AUD","1759769267","14629/2025-10-11/1759769267.json"
"653350","630660","2025-10-13","33.60","AUD","1759769267","14629/2025-10-13/1759769267.json"
"1004618","882330","2025-10-13","37.80","AUD","1759769267","14629/2025-10-13/1759769267.json"
"888510","710069","2025-10-13","37.80","AUD","1759769267","14629/2025-10-13/1759769267.json"
"971684","835234","2025-10-13","38.64","AUD","1759769267","14629/2025-10-13/1759769267.json"
"653350","630660","2025-10-12","33.60","AUD","1759769267","14629/2025-10-12/1759769267.json"
"1004618","882330","2025-10-12","37.80","AUD","1759769267","14629/2025-10-12/1759769267.json"
"888510","710069","2025-10-12","37.80","AUD","1759769267","14629/2025-10-12/1759769267.json"
"971684","835234","2025-10-12","38.64","AUD","1759769267","14629/2025-10-12/1759769267.json"
"653350","630660","2025-10-14","33.60","AUD","1759769267","14629/2025-10-14/1759769267.json"
"1004618","882330","2025-10-14","37.80","AUD","1759769267","14629/2025-10-14/1759769267.json"
"888510","710069","2025-10-14","37.80","AUD","1759769267","14629/2025-10-14/1759769267.json"
"971684","835234","2025-10-14","38.64","AUD","1759769267","14629/2025-10-14/1759769267.json"
"653350","630660","2025-10-16","33.60","AUD","1759769267","14629/2025-10-16/1759769267.json"
"888510","710069","2025-10-16","37.80","AUD","1759769267","14629/2025-10-16/1759769267.json"
"971684","835234","2025-10-16","38.64","AUD","1759769267","14629/2025-10-16/1759769267.json"
"653350","630660","2025-10-15","33.60","AUD","1759769267","14629/2025-10-15/1759769267.json"
"1004618","882330","2025-10-15","37.80","AUD","1759769267","14629/2025-10-15/1759769267.json"
"888510","710069","2025-10-15","37.80","AUD","1759769267","14629/2025-10-15/1759769267.json"
"971684","835234","2025-10-15","38.64","AUD","1759769267","14629/2025-10-15/1759769267.json"
"653350","630660","2025-10-17","33.60","AUD","1759769267","14629/2025-10-17/1759769267.json"
"888510","710069","2025-10-17","37.80","AUD","1759769267","14629/2025-10-17/1759769267.json"
"971684","835234","2025-10-17","38.64","AUD","1759769267","14629/2025-10-17/1759769267.json"
"653350","630660","2025-10-18","33.60","AUD","1759769267","14629/2025-10-18/1759769267.json"
"888510","710069","2025-10-18","37.80","AUD","1759769267","14629/2025-10-18/1759769267.json"
"971684","835234","2025-10-18","38.64","AUD","1759769267","14629/2025-10-18/1759769267.json"
"653350","630660","2025-10-19","33.60","AUD","1759769267","14629/2025-10-19/1759769267.json"
"888510","710069","2025-10-19","37.80","AUD","1759769267","14629/2025-10-19/1759769267.json"
"971684","835234","2025-10-19","38.64","AUD","1759769267","14629/2025-10-19/1759769267.json"
"653350","630660","2025-10-20","33.60","AUD","1759769267","14629/2025-10-20/1759769267.json"
"888510","710069","2025-10-20","37.80","AUD","1759769267","14629/2025-10-20/1759769267.json"
"971684","835234","2025-10-20","38.64","AUD","1759769267","14629/2025-10-20/1759769267.json"
"885717","706057","2025-10-07","33.60","AUD","1759783110","14629/2025-10-07/1759783110.json"
"653350","630660","2025-10-07","33.60","AUD","1759783110","14629/2025-10-07/1759783110.json"
"888510","710069","2025-10-07","37.80","AUD","1759783110","14629/2025-10-07/1759783110.json"
"971684","835234","2025-10-07","38.64","AUD","1759783110","14629/2025-10-07/1759783110.json"
"653350","630660","2025-10-09","33.60","AUD","1759783110","14629/2025-10-09/1759783110.json"
"1004618","882330","2025-10-09","37.80","AUD","1759783110","14629/2025-10-09/1759783110.json"
"888510","710069","2025-10-09","37.80","AUD","1759783110","14629/2025-10-09/1759783110.json"
"971684","835234","2025-10-09","38.64","AUD","1759783110","14629/2025-10-09/1759783110.json"
"885717","706057","2025-10-08","33.60","AUD","1759783110","14629/2025-10-08/1759783110.json"
"653350","630660","2025-10-08","33.60","AUD","1759783110","14629/2025-10-08/1759783110.json"
"1004618","882330","2025-10-08","37.80","AUD","1759783110","14629/2025-10-08/1759783110.json"
"888510","710069","2025-10-08","37.80","AUD","1759783110","14629/2025-10-08/1759783110.json"
"971684","835234","2025-10-08","38.64","AUD","1759783110","14629/2025-10-08/1759783110.json"
"653350","630660","2025-10-10","33.60","AUD","1759783110","14629/2025-10-10/1759783110.json"
"1004618","882330","2025-10-10","37.80","AUD","1759783110","14629/2025-10-10/1759783110.json"
"888510","710069","2025-10-10","37.80","AUD","1759783110","14629/2025-10-10/1759783110.json"
"971684","835234","2025-10-10","38.64","AUD","1759783110","14629/2025-10-10/1759783110.json"
"653350","630660","2025-10-11","33.60","AUD","1759783110","14629/2025-10-11/1759783110.json"
"1004618","882330","2025-10-11","37.80","AUD","1759783110","14629/2025-10-11/1759783110.json"
"888510","710069","2025-10-11","37.80","AUD","1759783110","14629/2025-10-11/1759783110.json"
"971684","835234","2025-10-11","38.64","AUD","1759783110","14629/2025-10-11/1759783110.json"
"653350","630660","2025-10-13","33.60","AUD","1759783110","14629/2025-10-13/1759783110.json"
"1004618","882330","2025-10-13","37.80","AUD","1759783110","14629/2025-10-13/1759783110.json"
"888510","710069","2025-10-13","37.80","AUD","1759783110","14629/2025-10-13/1759783110.json"
"971684","835234","2025-10-13","38.64","AUD","1759783110","14629/2025-10-13/1759783110.json"
"653350","630660","2025-10-12","33.60","AUD","1759783110","14629/2025-10-12/1759783110.json"
"1004618","882330","2025-10-12","37.80","AUD","1759783110","14629/2025-10-12/1759783110.json"
"888510","710069","2025-10-12","37.80","AUD","1759783110","14629/2025-10-12/1759783110.json"
"971684","835234","2025-10-12","38.64","AUD","1759783110","14629/2025-10-12/1759783110.json"
"653350","630660","2025-10-14","33.60","AUD","1759783110","14629/2025-10-14/1759783110.json"
"1004618","882330","2025-10-14","37.80","AUD","1759783110","14629/2025-10-14/1759783110.json"
"888510","710069","2025-10-14","37.80","AUD","1759783110","14629/2025-10-14/1759783110.json"
"971684","835234","2025-10-14","38.64","AUD","1759783110","14629/2025-10-14/1759783110.json"
"653350","630660","2025-10-15","33.60","AUD","1759783110","14629/2025-10-15/1759783110.json"
"1004618","882330","2025-10-15","37.80","AUD","1759783110","14629/2025-10-15/1759783110.json"
"888510","710069","2025-10-15","37.80","AUD","1759783110","14629/2025-10-15/1759783110.json"
"971684","835234","2025-10-15","38.64","AUD","1759783110","14629/2025-10-15/1759783110.json"
"653350","630660","2025-10-16","33.60","AUD","1759783110","14629/2025-10-16/1759783110.json"
"888510","710069","2025-10-16","37.80","AUD","1759783110","14629/2025-10-16/1759783110.json"
"971684","835234","2025-10-16","38.64","AUD","1759783110","14629/2025-10-16/1759783110.json"
"653350","630660","2025-10-17","33.60","AUD","1759783110","14629/2025-10-17/1759783110.json"
"888510","710069","2025-10-17","37.80","AUD","1759783110","14629/2025-10-17/1759783110.json"
"971684","835234","2025-10-17","38.64","AUD","1759783110","14629/2025-10-17/1759783110.json"
"653350","630660","2025-10-18","33.60","AUD","1759783110","14629/2025-10-18/1759783110.json"
"888510","710069","2025-10-18","37.80","AUD","1759783110","14629/2025-10-18/1759783110.json"
"971684","835234","2025-10-18","38.64","AUD","1759783110","14629/2025-10-18/1759783110.json"
"653350","630660","2025-10-19","33.60","AUD","1759783110","14629/2025-10-19/1759783110.json"
"888510","710069","2025-10-19","37.80","AUD","1759783110","14629/2025-10-19/1759783110.json"
"971684","835234","2025-10-19","38.64","AUD","1759783110","14629/2025-10-19/1759783110.json"
"653350","630660","2025-10-20","33.60","AUD","1759783110","14629/2025-10-20/1759783110.json"
"888510","710069","2025-10-20","37.80","AUD","1759783110","14629/2025-10-20/1759783110.json"
"971684","835234","2025-10-20","38.64","AUD","1759783110","14629/2025-10-20/1759783110.json"
"1004618","882330","2025-10-10","37.80","AUD","1759806651","14629/2025-10-10/1759806651.json"
"888510","710069","2025-10-10","37.80","AUD","1759806651","14629/2025-10-10/1759806651.json"
"971684","835234","2025-10-10","38.64","AUD","1759806651","14629/2025-10-10/1759806651.json"
"885717","706057","2025-10-07","33.60","AUD","1759806651","14629/2025-10-07/1759806651.json"
"653350","630660","2025-10-07","33.60","AUD","1759806651","14629/2025-10-07/1759806651.json"
"888510","710069","2025-10-07","37.80","AUD","1759806651","14629/2025-10-07/1759806651.json"
"971684","835234","2025-10-07","38.64","AUD","1759806651","14629/2025-10-07/1759806651.json"
"653350","630660","2025-10-09","33.60","AUD","1759806651","14629/2025-10-09/1759806651.json"
"1004618","882330","2025-10-09","37.80","AUD","1759806651","14629/2025-10-09/1759806651.json"
"888510","710069","2025-10-09","37.80","AUD","1759806651","14629/2025-10-09/1759806651.json"
"971684","835234","2025-10-09","38.64","AUD","1759806651","14629/2025-10-09/1759806651.json"
"885717","706057","2025-10-08","33.60","AUD","1759806651","14629/2025-10-08/1759806651.json"
"653350","630660","2025-10-08","33.60","AUD","1759806651","14629/2025-10-08/1759806651.json"
"1004618","882330","2025-10-08","37.80","AUD","1759806651","14629/2025-10-08/1759806651.json"
"888510","710069","2025-10-08","37.80","AUD","1759806651","14629/2025-10-08/1759806651.json"
"971684","835234","2025-10-08","38.64","AUD","1759806651","14629/2025-10-08/1759806651.json"
"653350","630660","2025-10-12","33.60","AUD","1759806651","14629/2025-10-12/1759806651.json"
"1004618","882330","2025-10-12","37.80","AUD","1759806651","14629/2025-10-12/1759806651.json"
"888510","710069","2025-10-12","37.80","AUD","1759806651","14629/2025-10-12/1759806651.json"
"971684","835234","2025-10-12","38.64","AUD","1759806651","14629/2025-10-12/1759806651.json"
"653350","630660","2025-10-14","33.60","AUD","1759806651","14629/2025-10-14/1759806651.json"
"1004618","882330","2025-10-14","37.80","AUD","1759806651","14629/2025-10-14/1759806651.json"
"888510","710069","2025-10-14","37.80","AUD","1759806651","14629/2025-10-14/1759806651.json"
"971684","835234","2025-10-14","38.64","AUD","1759806651","14629/2025-10-14/1759806651.json"
"1004618","882330","2025-10-11","37.80","AUD","1759806651","14629/2025-10-11/1759806651.json"
"888510","710069","2025-10-11","37.80","AUD","1759806651","14629/2025-10-11/1759806651.json"
"971684","835234","2025-10-11","38.64","AUD","1759806651","14629/2025-10-11/1759806651.json"
"653350","630660","2025-10-13","33.60","AUD","1759806651","14629/2025-10-13/1759806651.json"
"1004618","882330","2025-10-13","37.80","AUD","1759806651","14629/2025-10-13/1759806651.json"
"888510","710069","2025-10-13","37.80","AUD","1759806651","14629/2025-10-13/1759806651.json"
"971684","835234","2025-10-13","38.64","AUD","1759806651","14629/2025-10-13/1759806651.json"
"653350","630660","2025-10-16","33.60","AUD","1759806651","14629/2025-10-16/1759806651.json"
"971684","835234","2025-10-16","38.64","AUD","1759806651","14629/2025-10-16/1759806651.json"
"653350","630660","2025-10-15","33.60","AUD","1759806651","14629/2025-10-15/1759806651.json"
"1004618","882330","2025-10-15","37.80","AUD","1759806651","14629/2025-10-15/1759806651.json"
"888510","710069","2025-10-15","37.80","AUD","1759806651","14629/2025-10-15/1759806651.json"
"971684","835234","2025-10-15","38.64","AUD","1759806651","14629/2025-10-15/1759806651.json"
"653350","630660","2025-10-17","33.60","AUD","1759806651","14629/2025-10-17/1759806651.json"
"971684","835234","2025-10-17","38.64","AUD","1759806651","14629/2025-10-17/1759806651.json"
"653350","630660","2025-10-18","33.60","AUD","1759806651","14629/2025-10-18/1759806651.json"
"653350","630660","2025-10-19","33.60","AUD","1759806651","14629/2025-10-19/1759806651.json"
"653350","630660","2025-10-20","33.60","AUD","1759806651","14629/2025-10-20/1759806651.json"
"888510","710069","2025-10-20","37.80","AUD","1759806651","14629/2025-10-20/1759806651.json"
"971684","835234","2025-10-20","38.64","AUD","1759806651","14629/2025-10-20/1759806651.json"
"885717","706057","2025-10-08","33.60","AUD","1759812359","14629/2025-10-08/1759812359.json"
"653350","630660","2025-10-08","33.60","AUD","1759812359","14629/2025-10-08/1759812359.json"
"1004618","882330","2025-10-08","37.80","AUD","1759812359","14629/2025-10-08/1759812359.json"
"888510","710069","2025-10-08","37.80","AUD","1759812359","14629/2025-10-08/1759812359.json"
"971684","835234","2025-10-08","38.64","AUD","1759812359","14629/2025-10-08/1759812359.json"
"653350","630660","2025-10-09","33.60","AUD","1759812359","14629/2025-10-09/1759812359.json"
"885717","706057","2025-10-07","33.60","AUD","1759812359","14629/2025-10-07/1759812359.json"
"1004618","882330","2025-10-09","37.80","AUD","1759812359","14629/2025-10-09/1759812359.json"
"653350","630660","2025-10-07","33.60","AUD","1759812359","14629/2025-10-07/1759812359.json"
"888510","710069","2025-10-09","37.80","AUD","1759812359","14629/2025-10-09/1759812359.json"
"888510","710069","2025-10-07","37.80","AUD","1759812359","14629/2025-10-07/1759812359.json"
"971684","835234","2025-10-09","38.64","AUD","1759812359","14629/2025-10-09/1759812359.json"
"971684","835234","2025-10-07","38.64","AUD","1759812359","14629/2025-10-07/1759812359.json"
"1004618","882330","2025-10-10","37.80","AUD","1759812359","14629/2025-10-10/1759812359.json"
"888510","710069","2025-10-10","37.80","AUD","1759812359","14629/2025-10-10/1759812359.json"
"971684","835234","2025-10-10","38.64","AUD","1759812359","14629/2025-10-10/1759812359.json"
"653350","630660","2025-10-12","33.60","AUD","1759812359","14629/2025-10-12/1759812359.json"
"1004618","882330","2025-10-12","37.80","AUD","1759812359","14629/2025-10-12/1759812359.json"
"888510","710069","2025-10-12","37.80","AUD","1759812359","14629/2025-10-12/1759812359.json"
"971684","835234","2025-10-12","38.64","AUD","1759812359","14629/2025-10-12/1759812359.json"
"1004618","882330","2025-10-11","37.80","AUD","1759812359","14629/2025-10-11/1759812359.json"
"653350","630660","2025-10-13","33.60","AUD","1759812359","14629/2025-10-13/1759812359.json"
"888510","710069","2025-10-11","37.80","AUD","1759812359","14629/2025-10-11/1759812359.json"
"1004618","882330","2025-10-13","37.80","AUD","1759812359","14629/2025-10-13/1759812359.json"
"888510","710069","2025-10-13","37.80","AUD","1759812359","14629/2025-10-13/1759812359.json"
"971684","835234","2025-10-11","38.64","AUD","1759812359","14629/2025-10-11/1759812359.json"
"971684","835234","2025-10-13","38.64","AUD","1759812359","14629/2025-10-13/1759812359.json"
"653350","630660","2025-10-14","33.60","AUD","1759812359","14629/2025-10-14/1759812359.json"
"1004618","882330","2025-10-14","37.80","AUD","1759812359","14629/2025-10-14/1759812359.json"
"888510","710069","2025-10-14","37.80","AUD","1759812359","14629/2025-10-14/1759812359.json"
"971684","835234","2025-10-14","38.64","AUD","1759812359","14629/2025-10-14/1759812359.json"
"653350","630660","2025-10-15","33.60","AUD","1759812359","14629/2025-10-15/1759812359.json"
"1004618","882330","2025-10-15","37.80","AUD","1759812359","14629/2025-10-15/1759812359.json"
"888510","710069","2025-10-15","37.80","AUD","1759812359","14629/2025-10-15/1759812359.json"
"971684","835234","2025-10-15","38.64","AUD","1759812359","14629/2025-10-15/1759812359.json"
"653350","630660","2025-10-17","33.60","AUD","1759812359","14629/2025-10-17/1759812359.json"
"971684","835234","2025-10-17","38.64","AUD","1759812359","14629/2025-10-17/1759812359.json"
"653350","630660","2025-10-16","33.60","AUD","1759812359","14629/2025-10-16/1759812359.json"
"971684","835234","2025-10-16","38.64","AUD","1759812359","14629/2025-10-16/1759812359.json"
"653350","630660","2025-10-18","33.60","AUD","1759812359","14629/2025-10-18/1759812359.json"
"653350","630660","2025-10-20","33.60","AUD","1759812359","14629/2025-10-20/1759812359.json"
"888510","710069","2025-10-20","37.80","AUD","1759812359","14629/2025-10-20/1759812359.json"
"971684","835234","2025-10-20","38.64","AUD","1759812359","14629/2025-10-20/1759812359.json"
"653350","630660","2025-10-19","33.60","AUD","1759812359","14629/2025-10-19/1759812359.json"
"885717","706057","2025-10-08","33.60","AUD","1759827181","14629/2025-10-08/1759827181.json"
"653350","630660","2025-10-08","33.60","AUD","1759827181","14629/2025-10-08/1759827181.json"
"1004618","882330","2025-10-08","37.80","AUD","1759827181","14629/2025-10-08/1759827181.json"
"888510","710069","2025-10-08","37.80","AUD","1759827181","14629/2025-10-08/1759827181.json"
"971684","835234","2025-10-08","38.64","AUD","1759827181","14629/2025-10-08/1759827181.json"
"1004618","882330","2025-10-10","37.80","AUD","1759827181","14629/2025-10-10/1759827181.json"
"888510","710069","2025-10-10","37.80","AUD","1759827181","14629/2025-10-10/1759827181.json"
"653350","630660","2025-10-09","33.60","AUD","1759827181","14629/2025-10-09/1759827181.json"
"1004618","882330","2025-10-09","37.80","AUD","1759827181","14629/2025-10-09/1759827181.json"
"888510","710069","2025-10-09","37.80","AUD","1759827181","14629/2025-10-09/1759827181.json"
"1004618","882330","2025-10-11","37.80","AUD","1759827181","14629/2025-10-11/1759827181.json"
"888510","710069","2025-10-11","37.80","AUD","1759827181","14629/2025-10-11/1759827181.json"
"971684","835234","2025-10-11","38.64","AUD","1759827181","14629/2025-10-11/1759827181.json"
"653350","630660","2025-10-13","33.60","AUD","1759827181","14629/2025-10-13/1759827181.json"
"1004618","882330","2025-10-13","37.80","AUD","1759827181","14629/2025-10-13/1759827181.json"
"888510","710069","2025-10-13","37.80","AUD","1759827181","14629/2025-10-13/1759827181.json"
"653350","630660","2025-10-12","33.60","AUD","1759827181","14629/2025-10-12/1759827181.json"
"1004618","882330","2025-10-12","37.80","AUD","1759827181","14629/2025-10-12/1759827181.json"
"888510","710069","2025-10-12","37.80","AUD","1759827181","14629/2025-10-12/1759827181.json"
"971684","835234","2025-10-12","38.64","AUD","1759827181","14629/2025-10-12/1759827181.json"
"653350","630660","2025-10-14","33.60","AUD","1759827181","14629/2025-10-14/1759827181.json"
"1004618","882330","2025-10-14","37.80","AUD","1759827181","14629/2025-10-14/1759827181.json"
"888510","710069","2025-10-14","37.80","AUD","1759827181","14629/2025-10-14/1759827181.json"
"653350","630660","2025-10-15","33.60","AUD","1759827181","14629/2025-10-15/1759827181.json"
"1004618","882330","2025-10-15","37.80","AUD","1759827181","14629/2025-10-15/1759827181.json"
"888510","710069","2025-10-15","37.80","AUD","1759827181","14629/2025-10-15/1759827181.json"
"653350","630660","2025-10-16","33.60","AUD","1759827181","14629/2025-10-16/1759827181.json"
"653350","630660","2025-10-17","33.60","AUD","1759827181","14629/2025-10-17/1759827181.json"
"653350","630660","2025-10-20","33.60","AUD","1759827181","14629/2025-10-20/1759827181.json"
"888510","710069","2025-10-20","37.80","AUD","1759827181","14629/2025-10-20/1759827181.json"
"653350","630660","2025-10-19","33.60","AUD","1759827181","14629/2025-10-19/1759827181.json"
"653350","630660","2025-10-18","33.60","AUD","1759827181","14629/2025-10-18/1759827181.json"
"885717","706057","2025-10-10","33.60","AUD","1759844699","14629/2025-10-10/1759844699.json"
"885717","706057","2025-10-11","33.60","AUD","1759844699","14629/2025-10-11/1759844699.json"
"971684","835234","2025-10-11","38.64","AUD","1759844699","14629/2025-10-11/1759844699.json"
"885717","706057","2025-10-09","33.60","AUD","1759844699","14629/2025-10-09/1759844699.json"
"885717","706057","2025-10-08","33.60","AUD","1759844699","14629/2025-10-08/1759844699.json"
"653350","630660","2025-10-08","33.60","AUD","1759844699","14629/2025-10-08/1759844699.json"
"971684","835234","2025-10-08","38.64","AUD","1759844699","14629/2025-10-08/1759844699.json"
"885717","706057","2025-10-12","33.60","AUD","1759844699","14629/2025-10-12/1759844699.json"
"971684","835234","2025-10-12","38.64","AUD","1759844699","14629/2025-10-12/1759844699.json"
"885717","706057","2025-10-13","33.60","AUD","1759844699","14629/2025-10-13/1759844699.json"
"653350","630660","2025-10-15","33.60","AUD","1759844699","14629/2025-10-15/1759844699.json"
"888510","710069","2025-10-15","37.80","AUD","1759844699","14629/2025-10-15/1759844699.json"
"885717","706057","2025-10-14","33.60","AUD","1759844699","14629/2025-10-14/1759844699.json"
"653350","630660","2025-10-17","33.60","AUD","1759844699","14629/2025-10-17/1759844699.json"
"653350","630660","2025-10-16","33.60","AUD","1759844699","14629/2025-10-16/1759844699.json"
"653350","630660","2025-10-19","33.60","AUD","1759844699","14629/2025-10-19/1759844699.json"
"653350","630660","2025-10-18","33.60","AUD","1759844699","14629/2025-10-18/1759844699.json"
"888510","710069","2025-10-21","37.80","AUD","1759844699","14629/2025-10-21/1759844699.json"
"1004618","882330","2025-10-21","45.36","AUD","1759844699","14629/2025-10-21/1759844699.json"
"653350","630660","2025-10-20","33.60","AUD","1759844699","14629/2025-10-20/1759844699.json"
"888510","710069","2025-10-20","37.80","AUD","1759844699","14629/2025-10-20/1759844699.json"
"885717","706057","2025-10-10","33.60","AUD","1759855732","14629/2025-10-10/1759855732.json"
"885717","706057","2025-10-08","33.60","AUD","1759855732","14629/2025-10-08/1759855732.json"
"653350","630660","2025-10-08","33.60","AUD","1759855732","14629/2025-10-08/1759855732.json"
"971684","835234","2025-10-08","38.64","AUD","1759855732","14629/2025-10-08/1759855732.json"
"885717","706057","2025-10-09","33.60","AUD","1759855732","14629/2025-10-09/1759855732.json"
"885717","706057","2025-10-11","33.60","AUD","1759855732","14629/2025-10-11/1759855732.json"
"971684","835234","2025-10-11","38.64","AUD","1759855732","14629/2025-10-11/1759855732.json"
"885717","706057","2025-10-13","33.60","AUD","1759855732","14629/2025-10-13/1759855732.json"
"885717","706057","2025-10-12","33.60","AUD","1759855732","14629/2025-10-12/1759855732.json"
"971684","835234","2025-10-12","38.64","AUD","1759855732","14629/2025-10-12/1759855732.json"
"885717","706057","2025-10-14","33.60","AUD","1759855732","14629/2025-10-14/1759855732.json"
"653350","630660","2025-10-15","33.60","AUD","1759855732","14629/2025-10-15/1759855732.json"
"888510","710069","2025-10-15","37.80","AUD","1759855732","14629/2025-10-15/1759855732.json"
"653350","630660","2025-10-16","33.60","AUD","1759855732","14629/2025-10-16/1759855732.json"
"653350","630660","2025-10-17","33.60","AUD","1759855732","14629/2025-10-17/1759855732.json"
"653350","630660","2025-10-19","33.60","AUD","1759855732","14629/2025-10-19/1759855732.json"
"653350","630660","2025-10-18","33.60","AUD","1759855732","14629/2025-10-18/1759855732.json"
"888510","710069","2025-10-21","37.80","AUD","1759855732","14629/2025-10-21/1759855732.json"
"1004618","882330","2025-10-21","45.36","AUD","1759855732","14629/2025-10-21/1759855732.json"
"653350","630660","2025-10-20","33.60","AUD","1759855732","14629/2025-10-20/1759855732.json"
"888510","710069","2025-10-20","37.80","AUD","1759855732","14629/2025-10-20/1759855732.json"
"885717","706057","2025-10-10","33.60","AUD","1759869494","14629/2025-10-10/1759869494.json"
"885717","706057","2025-10-09","33.60","AUD","1759869494","14629/2025-10-09/1759869494.json"
"885717","706057","2025-10-08","33.60","AUD","1759869494","14629/2025-10-08/1759869494.json"
"653350","630660","2025-10-08","33.60","AUD","1759869494","14629/2025-10-08/1759869494.json"
"971684","835234","2025-10-08","38.64","AUD","1759869494","14629/2025-10-08/1759869494.json"
"885717","706057","2025-10-11","33.60","AUD","1759869494","14629/2025-10-11/1759869494.json"
"971684","835234","2025-10-11","38.64","AUD","1759869494","14629/2025-10-11/1759869494.json"
"885717","706057","2025-10-13","33.60","AUD","1759869494","14629/2025-10-13/1759869494.json"
"885717","706057","2025-10-14","33.60","AUD","1759869494","14629/2025-10-14/1759869494.json"
"653350","630660","2025-10-15","33.60","AUD","1759869494","14629/2025-10-15/1759869494.json"
"888510","710069","2025-10-15","37.80","AUD","1759869494","14629/2025-10-15/1759869494.json"
"885717","706057","2025-10-12","33.60","AUD","1759869494","14629/2025-10-12/1759869494.json"
"971684","835234","2025-10-12","38.64","AUD","1759869494","14629/2025-10-12/1759869494.json"
"653350","630660","2025-10-17","33.60","AUD","1759869494","14629/2025-10-17/1759869494.json"
"653350","630660","2025-10-16","33.60","AUD","1759869494","14629/2025-10-16/1759869494.json"
"653350","630660","2025-10-18","33.60","AUD","1759869494","14629/2025-10-18/1759869494.json"
"653350","630660","2025-10-19","33.60","AUD","1759869494","14629/2025-10-19/1759869494.json"
"653350","630660","2025-10-20","33.60","AUD","1759869494","14629/2025-10-20/1759869494.json"
"888510","710069","2025-10-20","37.80","AUD","1759869494","14629/2025-10-20/1759869494.json"
"888510","710069","2025-10-21","37.80","AUD","1759869494","14629/2025-10-21/1759869494.json"
"1004618","882330","2025-10-21","45.36","AUD","1759869494","14629/2025-10-21/1759869494.json"
"885717","706057","2025-10-10","33.60","AUD","1759893138","14629/2025-10-10/1759893138.json"
"885717","706057","2025-10-09","33.60","AUD","1759893138","14629/2025-10-09/1759893138.json"
"885717","706057","2025-10-08","33.60","AUD","1759893138","14629/2025-10-08/1759893138.json"
"653350","630660","2025-10-08","33.60","AUD","1759893138","14629/2025-10-08/1759893138.json"
"971684","835234","2025-10-08","38.64","AUD","1759893138","14629/2025-10-08/1759893138.json"
"885717","706057","2025-10-11","33.60","AUD","1759893138","14629/2025-10-11/1759893138.json"
"971684","835234","2025-10-11","38.64","AUD","1759893138","14629/2025-10-11/1759893138.json"
"885717","706057","2025-10-12","33.60","AUD","1759893138","14629/2025-10-12/1759893138.json"
"971684","835234","2025-10-12","38.64","AUD","1759893138","14629/2025-10-12/1759893138.json"
"885717","706057","2025-10-13","33.60","AUD","1759893138","14629/2025-10-13/1759893138.json"
"885717","706057","2025-10-14","33.60","AUD","1759893138","14629/2025-10-14/1759893138.json"
"653350","630660","2025-10-15","33.60","AUD","1759893138","14629/2025-10-15/1759893138.json"
"888510","710069","2025-10-15","37.80","AUD","1759893138","14629/2025-10-15/1759893138.json"
"653350","630660","2025-10-16","33.60","AUD","1759893138","14629/2025-10-16/1759893138.json"
"653350","630660","2025-10-17","33.60","AUD","1759893138","14629/2025-10-17/1759893138.json"
"653350","630660","2025-10-18","33.60","AUD","1759893138","14629/2025-10-18/1759893138.json"
"653350","630660","2025-10-19","33.60","AUD","1759893138","14629/2025-10-19/1759893138.json"
"653350","630660","2025-10-20","33.60","AUD","1759893138","14629/2025-10-20/1759893138.json"
"888510","710069","2025-10-20","37.80","AUD","1759893138","14629/2025-10-20/1759893138.json"
"888510","710069","2025-10-21","37.80","AUD","1759893138","14629/2025-10-21/1759893138.json"
"1004618","882330","2025-10-21","45.36","AUD","1759893138","14629/2025-10-21/1759893138.json"
"885717","706057","2025-10-08","33.60","AUD","1759898665","14629/2025-10-08/1759898665.json"
"653350","630660","2025-10-08","33.60","AUD","1759898665","14629/2025-10-08/1759898665.json"
"971684","835234","2025-10-08","38.64","AUD","1759898665","14629/2025-10-08/1759898665.json"
"885717","706057","2025-10-11","33.60","AUD","1759898665","14629/2025-10-11/1759898665.json"
"971684","835234","2025-10-11","38.64","AUD","1759898665","14629/2025-10-11/1759898665.json"
"885717","706057","2025-10-09","33.60","AUD","1759898665","14629/2025-10-09/1759898665.json"
"885717","706057","2025-10-10","33.60","AUD","1759898665","14629/2025-10-10/1759898665.json"
"885717","706057","2025-10-12","33.60","AUD","1759898665","14629/2025-10-12/1759898665.json"
"971684","835234","2025-10-12","38.64","AUD","1759898665","14629/2025-10-12/1759898665.json"
"885717","706057","2025-10-13","33.60","AUD","1759898665","14629/2025-10-13/1759898665.json"
"653350","630660","2025-10-15","33.60","AUD","1759898665","14629/2025-10-15/1759898665.json"
"888510","710069","2025-10-15","37.80","AUD","1759898665","14629/2025-10-15/1759898665.json"
"653350","630660","2025-10-16","33.60","AUD","1759898665","14629/2025-10-16/1759898665.json"
"653350","630660","2025-10-18","33.60","AUD","1759898665","14629/2025-10-18/1759898665.json"
"653350","630660","2025-10-17","33.60","AUD","1759898665","14629/2025-10-17/1759898665.json"
"653350","630660","2025-10-19","33.60","AUD","1759898665","14629/2025-10-19/1759898665.json"
"653350","630660","2025-10-20","33.60","AUD","1759898665","14629/2025-10-20/1759898665.json"
"888510","710069","2025-10-20","37.80","AUD","1759898665","14629/2025-10-20/1759898665.json"
"888510","710069","2025-10-21","37.80","AUD","1759898665","14629/2025-10-21/1759898665.json"
"1004618","882330","2025-10-21","45.36","AUD","1759898665","14629/2025-10-21/1759898665.json"
"885717","706057","2025-10-14","33.60","AUD","1759898665","14629/2025-10-14/1759898665.json"
"885717","706057","2025-10-10","33.60","AUD","1759913528","14629/2025-10-10/1759913528.json"
"885717","706057","2025-10-11","33.60","AUD","1759913528","14629/2025-10-11/1759913528.json"
"971684","835234","2025-10-11","38.64","AUD","1759913528","14629/2025-10-11/1759913528.json"
"885717","706057","2025-10-09","33.60","AUD","1759913528","14629/2025-10-09/1759913528.json"
"885717","706057","2025-10-13","33.60","AUD","1759913528","14629/2025-10-13/1759913528.json"
"653350","630660","2025-10-15","33.60","AUD","1759913528","14629/2025-10-15/1759913528.json"
"888510","710069","2025-10-15","37.80","AUD","1759913528","14629/2025-10-15/1759913528.json"
"885717","706057","2025-10-12","33.60","AUD","1759913528","14629/2025-10-12/1759913528.json"
"971684","835234","2025-10-12","38.64","AUD","1759913528","14629/2025-10-12/1759913528.json"
"885717","706057","2025-10-14","33.60","AUD","1759913528","14629/2025-10-14/1759913528.json"
"653350","630660","2025-10-16","33.60","AUD","1759913528","14629/2025-10-16/1759913528.json"
"653350","630660","2025-10-18","33.60","AUD","1759913528","14629/2025-10-18/1759913528.json"
"653350","630660","2025-10-19","33.60","AUD","1759913528","14629/2025-10-19/1759913528.json"
"653350","630660","2025-10-17","33.60","AUD","1759913528","14629/2025-10-17/1759913528.json"
"653350","630660","2025-10-20","33.60","AUD","1759913528","14629/2025-10-20/1759913528.json"
"888510","710069","2025-10-20","37.80","AUD","1759913528","14629/2025-10-20/1759913528.json"
"888510","710069","2025-10-21","37.80","AUD","1759913528","14629/2025-10-21/1759913528.json"
"1004618","882330","2025-10-21","45.36","AUD","1759913528","14629/2025-10-21/1759913528.json"
"885717","706057","2025-10-09","33.60","AUD","1759931070","14629/2025-10-09/1759931070.json"
"885717","706057","2025-10-11","33.60","AUD","1759931070","14629/2025-10-11/1759931070.json"
"971684","835234","2025-10-11","38.64","AUD","1759931070","14629/2025-10-11/1759931070.json"
"885717","706057","2025-10-12","33.60","AUD","1759931070","14629/2025-10-12/1759931070.json"
"971684","835234","2025-10-12","38.64","AUD","1759931070","14629/2025-10-12/1759931070.json"
"885717","706057","2025-10-10","33.60","AUD","1759931070","14629/2025-10-10/1759931070.json"
"885717","706057","2025-10-13","33.60","AUD","1759931070","14629/2025-10-13/1759931070.json"
"653350","630660","2025-10-15","33.60","AUD","1759931070","14629/2025-10-15/1759931070.json"
"888510","710069","2025-10-15","37.80","AUD","1759931070","14629/2025-10-15/1759931070.json"
"653350","630660","2025-10-16","33.60","AUD","1759931070","14629/2025-10-16/1759931070.json"
"653350","630660","2025-10-17","33.60","AUD","1759931070","14629/2025-10-17/1759931070.json"
"653350","630660","2025-10-18","33.60","AUD","1759931070","14629/2025-10-18/1759931070.json"
"885717","706057","2025-10-14","33.60","AUD","1759931070","14629/2025-10-14/1759931070.json"
"653350","630660","2025-10-19","33.60","AUD","1759931070","14629/2025-10-19/1759931070.json"
"888510","710069","2025-10-21","37.80","AUD","1759931070","14629/2025-10-21/1759931070.json"
"1004618","882330","2025-10-21","45.36","AUD","1759931070","14629/2025-10-21/1759931070.json"
"653350","630660","2025-10-20","33.60","AUD","1759931070","14629/2025-10-20/1759931070.json"
"888510","710069","2025-10-20","37.80","AUD","1759931070","14629/2025-10-20/1759931070.json"
"885717","706057","2025-10-09","33.60","AUD","1759942369","14629/2025-10-09/1759942369.json"
"885717","706057","2025-10-11","33.60","AUD","1759942369","14629/2025-10-11/1759942369.json"
"971684","835234","2025-10-11","38.64","AUD","1759942369","14629/2025-10-11/1759942369.json"
"885717","706057","2025-10-10","33.60","AUD","1759942369","14629/2025-10-10/1759942369.json"
"885717","706057","2025-10-12","33.60","AUD","1759942369","14629/2025-10-12/1759942369.json"
"971684","835234","2025-10-12","38.64","AUD","1759942369","14629/2025-10-12/1759942369.json"
"885717","706057","2025-10-13","33.60","AUD","1759942369","14629/2025-10-13/1759942369.json"
"885717","706057","2025-10-14","33.60","AUD","1759942369","14629/2025-10-14/1759942369.json"
"653350","630660","2025-10-15","33.60","AUD","1759942369","14629/2025-10-15/1759942369.json"
"888510","710069","2025-10-15","37.80","AUD","1759942369","14629/2025-10-15/1759942369.json"
"653350","630660","2025-10-16","33.60","AUD","1759942369","14629/2025-10-16/1759942369.json"
"653350","630660","2025-10-17","33.60","AUD","1759942369","14629/2025-10-17/1759942369.json"
"653350","630660","2025-10-18","33.60","AUD","1759942369","14629/2025-10-18/1759942369.json"
"653350","630660","2025-10-19","33.60","AUD","1759942369","14629/2025-10-19/1759942369.json"
"653350","630660","2025-10-20","33.60","AUD","1759942369","14629/2025-10-20/1759942369.json"
"888510","710069","2025-10-20","37.80","AUD","1759942369","14629/2025-10-20/1759942369.json"
"888510","710069","2025-10-21","37.80","AUD","1759942369","14629/2025-10-21/1759942369.json"
"1004618","882330","2025-10-21","45.36","AUD","1759942369","14629/2025-10-21/1759942369.json"
"885717","706057","2025-10-11","33.60","AUD","1759956036","14629/2025-10-11/1759956036.json"
"971684","835234","2025-10-11","38.64","AUD","1759956036","14629/2025-10-11/1759956036.json"
"885717","706057","2025-10-09","33.60","AUD","1759956036","14629/2025-10-09/1759956036.json"
"885717","706057","2025-10-10","33.60","AUD","1759956036","14629/2025-10-10/1759956036.json"
"885717","706057","2025-10-12","33.60","AUD","1759956036","14629/2025-10-12/1759956036.json"
"971684","835234","2025-10-12","38.64","AUD","1759956036","14629/2025-10-12/1759956036.json"
"653350","630660","2025-10-15","33.60","AUD","1759956036","14629/2025-10-15/1759956036.json"
"888510","710069","2025-10-15","37.80","AUD","1759956036","14629/2025-10-15/1759956036.json"
"885717","706057","2025-10-14","33.60","AUD","1759956036","14629/2025-10-14/1759956036.json"
"885717","706057","2025-10-13","33.60","AUD","1759956036","14629/2025-10-13/1759956036.json"
"653350","630660","2025-10-16","33.60","AUD","1759956036","14629/2025-10-16/1759956036.json"
"653350","630660","2025-10-18","33.60","AUD","1759956036","14629/2025-10-18/1759956036.json"
"653350","630660","2025-10-20","33.60","AUD","1759956036","14629/2025-10-20/1759956036.json"
"888510","710069","2025-10-20","37.80","AUD","1759956036","14629/2025-10-20/1759956036.json"
"653350","630660","2025-10-17","33.60","AUD","1759956036","14629/2025-10-17/1759956036.json"
"888510","710069","2025-10-21","37.80","AUD","1759956036","14629/2025-10-21/1759956036.json"
"1004618","882330","2025-10-21","45.36","AUD","1759956036","14629/2025-10-21/1759956036.json"
"653350","630660","2025-10-19","33.60","AUD","1759956036","14629/2025-10-19/1759956036.json"
"885717","706057","2025-10-09","33.60","AUD","1759979706","14629/2025-10-09/1759979706.json"
"885717","706057","2025-10-11","33.60","AUD","1759979706","14629/2025-10-11/1759979706.json"
"971684","835234","2025-10-11","38.64","AUD","1759979706","14629/2025-10-11/1759979706.json"
"885717","706057","2025-10-10","33.60","AUD","1759979706","14629/2025-10-10/1759979706.json"
"885717","706057","2025-10-12","33.60","AUD","1759979706","14629/2025-10-12/1759979706.json"
"971684","835234","2025-10-12","38.64","AUD","1759979706","14629/2025-10-12/1759979706.json"
"653350","630660","2025-10-16","33.60","AUD","1759979706","14629/2025-10-16/1759979706.json"
"885717","706057","2025-10-13","33.60","AUD","1759979706","14629/2025-10-13/1759979706.json"
"885717","706057","2025-10-14","33.60","AUD","1759979706","14629/2025-10-14/1759979706.json"
"653350","630660","2025-10-15","33.60","AUD","1759979706","14629/2025-10-15/1759979706.json"
"888510","710069","2025-10-15","37.80","AUD","1759979706","14629/2025-10-15/1759979706.json"
"653350","630660","2025-10-19","33.60","AUD","1759979706","14629/2025-10-19/1759979706.json"
"653350","630660","2025-10-18","33.60","AUD","1759979706","14629/2025-10-18/1759979706.json"
"653350","630660","2025-10-17","33.60","AUD","1759979706","14629/2025-10-17/1759979706.json"
"653350","630660","2025-10-20","33.60","AUD","1759979706","14629/2025-10-20/1759979706.json"
"888510","710069","2025-10-20","37.80","AUD","1759979706","14629/2025-10-20/1759979706.json"
"888510","710069","2025-10-21","37.80","AUD","1759979706","14629/2025-10-21/1759979706.json"
"1004618","882330","2025-10-21","45.36","AUD","1759979706","14629/2025-10-21/1759979706.json"
"885717","706057","2025-10-12","33.60","AUD","1759985265","14629/2025-10-12/1759985265.json"
"971684","835234","2025-10-12","38.64","AUD","1759985265","14629/2025-10-12/1759985265.json"
"885717","706057","2025-10-10","33.60","AUD","1759985265","14629/2025-10-10/1759985265.json"
"885717","706057","2025-10-11","33.60","AUD","1759985265","14629/2025-10-11/1759985265.json"
"971684","835234","2025-10-11","38.64","AUD","1759985265","14629/2025-10-11/1759985265.json"
"885717","706057","2025-10-09","33.60","AUD","1759985265","14629/2025-10-09/1759985265.json"
"653350","630660","2025-10-16","33.60","AUD","1759985265","14629/2025-10-16/1759985265.json"
"885717","706057","2025-10-14","33.60","AUD","1759985265","14629/2025-10-14/1759985265.json"
"653350","630660","2025-10-15","33.60","AUD","1759985265","14629/2025-10-15/1759985265.json"
"888510","710069","2025-10-15","37.80","AUD","1759985265","14629/2025-10-15/1759985265.json"
"653350","630660","2025-10-17","33.60","AUD","1759985265","14629/2025-10-17/1759985265.json"
"653350","630660","2025-10-19","33.60","AUD","1759985265","14629/2025-10-19/1759985265.json"
"653350","630660","2025-10-20","33.60","AUD","1759985265","14629/2025-10-20/1759985265.json"
"888510","710069","2025-10-20","37.80","AUD","1759985265","14629/2025-10-20/1759985265.json"
"888510","710069","2025-10-21","37.80","AUD","1759985265","14629/2025-10-21/1759985265.json"
"1004618","882330","2025-10-21","45.36","AUD","1759985265","14629/2025-10-21/1759985265.json"
"885717","706057","2025-10-13","33.60","AUD","1759985265","14629/2025-10-13/1759985265.json"
"653350","630660","2025-10-18","33.60","AUD","1759985265","14629/2025-10-18/1759985265.json"
"885717","706057","2025-10-10","33.60","AUD","1760000004","14629/2025-10-10/1760000004.json"
"885717","706057","2025-10-11","33.60","AUD","1760000004","14629/2025-10-11/1760000004.json"
"971684","835234","2025-10-11","38.64","AUD","1760000004","14629/2025-10-11/1760000004.json"
"885717","706057","2025-10-12","33.60","AUD","1760000004","14629/2025-10-12/1760000004.json"
"971684","835234","2025-10-12","38.64","AUD","1760000004","14629/2025-10-12/1760000004.json"
"653350","630660","2025-10-15","33.60","AUD","1760000004","14629/2025-10-15/1760000004.json"
"885717","706057","2025-10-13","33.60","AUD","1760000004","14629/2025-10-13/1760000004.json"
"653350","630660","2025-10-16","33.60","AUD","1760000004","14629/2025-10-16/1760000004.json"
"885717","706057","2025-10-14","33.60","AUD","1760000004","14629/2025-10-14/1760000004.json"
"653350","630660","2025-10-19","33.60","AUD","1760000004","14629/2025-10-19/1760000004.json"
"653350","630660","2025-10-17","33.60","AUD","1760000004","14629/2025-10-17/1760000004.json"
"653350","630660","2025-10-18","33.60","AUD","1760000004","14629/2025-10-18/1760000004.json"
"653350","630660","2025-10-20","33.60","AUD","1760000004","14629/2025-10-20/1760000004.json"
"888510","710069","2025-10-20","37.80","AUD","1760000004","14629/2025-10-20/1760000004.json"
"888510","710069","2025-10-21","37.80","AUD","1760000004","14629/2025-10-21/1760000004.json"
"1004618","882330","2025-10-21","45.36","AUD","1760000004","14629/2025-10-21/1760000004.json"
"885717","706057","2025-10-10","33.60","AUD","1760017483","14629/2025-10-10/1760017483.json"
"885717","706057","2025-10-11","33.60","AUD","1760017483","14629/2025-10-11/1760017483.json"
"653350","630660","2025-10-11","33.60","AUD","1760017483","14629/2025-10-11/1760017483.json"
"971684","835234","2025-10-11","38.64","AUD","1760017483","14629/2025-10-11/1760017483.json"
"885717","706057","2025-10-13","33.60","AUD","1760017483","14629/2025-10-13/1760017483.json"
"653350","630660","2025-10-13","33.60","AUD","1760017483","14629/2025-10-13/1760017483.json"
"885717","706057","2025-10-14","33.60","AUD","1760017483","14629/2025-10-14/1760017483.json"
"653350","630660","2025-10-15","33.60","AUD","1760017483","14629/2025-10-15/1760017483.json"
"653350","630660","2025-10-14","33.60","AUD","1760017483","14629/2025-10-14/1760017483.json"
"653350","630660","2025-10-16","33.60","AUD","1760017483","14629/2025-10-16/1760017483.json"
"885717","706057","2025-10-12","33.60","AUD","1760017483","14629/2025-10-12/1760017483.json"
"653350","630660","2025-10-12","33.60","AUD","1760017483","14629/2025-10-12/1760017483.json"
"971684","835234","2025-10-12","38.64","AUD","1760017483","14629/2025-10-12/1760017483.json"
"653350","630660","2025-10-18","33.60","AUD","1760017483","14629/2025-10-18/1760017483.json"
"653350","630660","2025-10-20","33.60","AUD","1760017483","14629/2025-10-20/1760017483.json"
"888510","710069","2025-10-20","37.80","AUD","1760017483","14629/2025-10-20/1760017483.json"
"653350","630660","2025-10-17","33.60","AUD","1760017483","14629/2025-10-17/1760017483.json"
"653350","630660","2025-10-19","33.60","AUD","1760017483","14629/2025-10-19/1760017483.json"
"888510","710069","2025-10-21","37.80","AUD","1760017483","14629/2025-10-21/1760017483.json"
"1004618","882330","2025-10-21","45.36","AUD","1760017483","14629/2025-10-21/1760017483.json"
"885717","706057","2025-10-12","33.60","AUD","1760029090","14629/2025-10-12/1760029090.json"
"653350","630660","2025-10-12","33.60","AUD","1760029090","14629/2025-10-12/1760029090.json"
"971684","835234","2025-10-12","38.64","AUD","1760029090","14629/2025-10-12/1760029090.json"
"885717","706057","2025-10-11","33.60","AUD","1760029090","14629/2025-10-11/1760029090.json"
"653350","630660","2025-10-11","33.60","AUD","1760029090","14629/2025-10-11/1760029090.json"
"971684","835234","2025-10-11","38.64","AUD","1760029090","14629/2025-10-11/1760029090.json"
"885717","706057","2025-10-13","33.60","AUD","1760029090","14629/2025-10-13/1760029090.json"
"653350","630660","2025-10-13","33.60","AUD","1760029090","14629/2025-10-13/1760029090.json"
"653350","630660","2025-10-15","33.60","AUD","1760029090","14629/2025-10-15/1760029090.json"
"653350","630660","2025-10-16","33.60","AUD","1760029090","14629/2025-10-16/1760029090.json"
"653350","630660","2025-10-17","33.60","AUD","1760029090","14629/2025-10-17/1760029090.json"
"653350","630660","2025-10-18","33.60","AUD","1760029090","14629/2025-10-18/1760029090.json"
"653350","630660","2025-10-20","33.60","AUD","1760029090","14629/2025-10-20/1760029090.json"
"888510","710069","2025-10-20","37.80","AUD","1760029090","14629/2025-10-20/1760029090.json"
"653350","630660","2025-10-19","33.60","AUD","1760029090","14629/2025-10-19/1760029090.json"
"888510","710069","2025-10-21","37.80","AUD","1760029090","14629/2025-10-21/1760029090.json"
"1004618","882330","2025-10-21","45.36","AUD","1760029090","14629/2025-10-21/1760029090.json"
"885717","706057","2025-10-14","33.60","AUD","1760029090","14629/2025-10-14/1760029090.json"
"653350","630660","2025-10-14","33.60","AUD","1760029090","14629/2025-10-14/1760029090.json"
"885717","706057","2025-10-12","33.60","AUD","1760042615","14629/2025-10-12/1760042615.json"
"653350","630660","2025-10-12","33.60","AUD","1760042615","14629/2025-10-12/1760042615.json"
"971684","835234","2025-10-12","38.64","AUD","1760042615","14629/2025-10-12/1760042615.json"
"885717","706057","2025-10-11","33.60","AUD","1760042615","14629/2025-10-11/1760042615.json"
"653350","630660","2025-10-11","33.60","AUD","1760042615","14629/2025-10-11/1760042615.json"
"971684","835234","2025-10-11","38.64","AUD","1760042615","14629/2025-10-11/1760042615.json"
"885717","706057","2025-10-13","33.60","AUD","1760042615","14629/2025-10-13/1760042615.json"
"653350","630660","2025-10-13","33.60","AUD","1760042615","14629/2025-10-13/1760042615.json"
"653350","630660","2025-10-15","33.60","AUD","1760042615","14629/2025-10-15/1760042615.json"
"885717","706057","2025-10-14","33.60","AUD","1760042615","14629/2025-10-14/1760042615.json"
"653350","630660","2025-10-14","33.60","AUD","1760042615","14629/2025-10-14/1760042615.json"
"653350","630660","2025-10-16","33.60","AUD","1760042615","14629/2025-10-16/1760042615.json"
"653350","630660","2025-10-17","33.60","AUD","1760042615","14629/2025-10-17/1760042615.json"
"653350","630660","2025-10-19","33.60","AUD","1760042615","14629/2025-10-19/1760042615.json"
"653350","630660","2025-10-18","33.60","AUD","1760042615","14629/2025-10-18/1760042615.json"
"888510","710069","2025-10-21","37.80","AUD","1760042615","14629/2025-10-21/1760042615.json"
"1004618","882330","2025-10-21","45.36","AUD","1760042615","14629/2025-10-21/1760042615.json"
"653350","630660","2025-10-20","33.60","AUD","1760042615","14629/2025-10-20/1760042615.json"
"888510","710069","2025-10-20","37.80","AUD","1760042615","14629/2025-10-20/1760042615.json"
"885717","706057","2025-10-13","33.60","AUD","1760066204","14629/2025-10-13/1760066204.json"
"653350","630660","2025-10-13","33.60","AUD","1760066204","14629/2025-10-13/1760066204.json"
"885717","706057","2025-10-11","33.60","AUD","1760066204","14629/2025-10-11/1760066204.json"
"653350","630660","2025-10-11","33.60","AUD","1760066204","14629/2025-10-11/1760066204.json"
"971684","835234","2025-10-11","38.64","AUD","1760066204","14629/2025-10-11/1760066204.json"
"885717","706057","2025-10-12","33.60","AUD","1760066204","14629/2025-10-12/1760066204.json"
"653350","630660","2025-10-12","33.60","AUD","1760066204","14629/2025-10-12/1760066204.json"
"971684","835234","2025-10-12","38.64","AUD","1760066204","14629/2025-10-12/1760066204.json"
"653350","630660","2025-10-15","33.60","AUD","1760066204","14629/2025-10-15/1760066204.json"
"885717","706057","2025-10-14","33.60","AUD","1760066204","14629/2025-10-14/1760066204.json"
"653350","630660","2025-10-14","33.60","AUD","1760066204","14629/2025-10-14/1760066204.json"
"653350","630660","2025-10-16","33.60","AUD","1760066204","14629/2025-10-16/1760066204.json"
"653350","630660","2025-10-17","33.60","AUD","1760066204","14629/2025-10-17/1760066204.json"
"653350","630660","2025-10-18","33.60","AUD","1760066204","14629/2025-10-18/1760066204.json"
"653350","630660","2025-10-19","33.60","AUD","1760066204","14629/2025-10-19/1760066204.json"
"653350","630660","2025-10-20","33.60","AUD","1760066204","14629/2025-10-20/1760066204.json"
"888510","710069","2025-10-20","37.80","AUD","1760066204","14629/2025-10-20/1760066204.json"
"888510","710069","2025-10-21","37.80","AUD","1760066204","14629/2025-10-21/1760066204.json"
"1004618","882330","2025-10-21","45.36","AUD","1760066204","14629/2025-10-21/1760066204.json"
"653350","630660","2025-10-11","33.60","AUD","1760071589","14629/2025-10-11/1760071589.json"
"971684","835234","2025-10-11","38.64","AUD","1760071589","14629/2025-10-11/1760071589.json"
"653350","630660","2025-10-12","33.60","AUD","1760071589","14629/2025-10-12/1760071589.json"
"971684","835234","2025-10-12","38.64","AUD","1760071589","14629/2025-10-12/1760071589.json"
"653350","630660","2025-10-13","33.60","AUD","1760071589","14629/2025-10-13/1760071589.json"
"653350","630660","2025-10-15","33.60","AUD","1760071589","14629/2025-10-15/1760071589.json"
"653350","630660","2025-10-14","33.60","AUD","1760071589","14629/2025-10-14/1760071589.json"
"653350","630660","2025-10-16","33.60","AUD","1760071589","14629/2025-10-16/1760071589.json"
"653350","630660","2025-10-17","33.60","AUD","1760071589","14629/2025-10-17/1760071589.json"
"653350","630660","2025-10-19","33.60","AUD","1760071589","14629/2025-10-19/1760071589.json"
"653350","630660","2025-10-18","33.60","AUD","1760071589","14629/2025-10-18/1760071589.json"
"653350","630660","2025-10-20","33.60","AUD","1760071589","14629/2025-10-20/1760071589.json"
"888510","710069","2025-10-20","37.80","AUD","1760071589","14629/2025-10-20/1760071589.json"
"888510","710069","2025-10-21","37.80","AUD","1760071589","14629/2025-10-21/1760071589.json"
"1004618","882330","2025-10-21","45.36","AUD","1760071589","14629/2025-10-21/1760071589.json"
"653350","630660","2025-10-12","33.60","AUD","1760086199","14629/2025-10-12/1760086199.json"
"653350","630660","2025-10-13","33.60","AUD","1760086199","14629/2025-10-13/1760086199.json"
"971684","835234","2025-10-12","38.64","AUD","1760086199","14629/2025-10-12/1760086199.json"
"653350","630660","2025-10-11","33.60","AUD","1760086199","14629/2025-10-11/1760086199.json"
"971684","835234","2025-10-11","38.64","AUD","1760086199","14629/2025-10-11/1760086199.json"
"653350","630660","2025-10-14","33.60","AUD","1760086199","14629/2025-10-14/1760086199.json"
"653350","630660","2025-10-17","33.60","AUD","1760086199","14629/2025-10-17/1760086199.json"
"653350","630660","2025-10-16","33.60","AUD","1760086199","14629/2025-10-16/1760086199.json"
"653350","630660","2025-10-15","33.60","AUD","1760086199","14629/2025-10-15/1760086199.json"
"653350","630660","2025-10-19","33.60","AUD","1760086199","14629/2025-10-19/1760086199.json"
"653350","630660","2025-10-20","33.60","AUD","1760086199","14629/2025-10-20/1760086199.json"
"888510","710069","2025-10-20","37.80","AUD","1760086199","14629/2025-10-20/1760086199.json"
"653350","630660","2025-10-18","33.60","AUD","1760086199","14629/2025-10-18/1760086199.json"
"888510","710069","2025-10-21","37.80","AUD","1760086199","14629/2025-10-21/1760086199.json"
"1004618","882330","2025-10-21","45.36","AUD","1760086199","14629/2025-10-21/1760086199.json"
"653350","630660","2025-10-12","33.60","AUD","1760102664","14629/2025-10-12/1760102664.json"
"971684","835234","2025-10-12","38.64","AUD","1760102664","14629/2025-10-12/1760102664.json"
"653350","630660","2025-10-13","33.60","AUD","1760102664","14629/2025-10-13/1760102664.json"
"653350","630660","2025-10-11","33.60","AUD","1760102664","14629/2025-10-11/1760102664.json"
"971684","835234","2025-10-11","38.64","AUD","1760102664","14629/2025-10-11/1760102664.json"
"653350","630660","2025-10-14","33.60","AUD","1760102664","14629/2025-10-14/1760102664.json"
"653350","630660","2025-10-16","33.60","AUD","1760102664","14629/2025-10-16/1760102664.json"
"653350","630660","2025-10-15","33.60","AUD","1760102664","14629/2025-10-15/1760102664.json"
"653350","630660","2025-10-17","33.60","AUD","1760102664","14629/2025-10-17/1760102664.json"
"653350","630660","2025-10-18","33.60","AUD","1760102664","14629/2025-10-18/1760102664.json"
"653350","630660","2025-10-20","33.60","AUD","1760102664","14629/2025-10-20/1760102664.json"
"888510","710069","2025-10-20","37.80","AUD","1760102664","14629/2025-10-20/1760102664.json"
"888510","710069","2025-10-21","37.80","AUD","1760102664","14629/2025-10-21/1760102664.json"
"1004618","882330","2025-10-21","45.36","AUD","1760102664","14629/2025-10-21/1760102664.json"
"653350","630660","2025-10-19","33.60","AUD","1760102664","14629/2025-10-19/1760102664.json"
"653350","630660","2025-10-13","33.60","AUD","1760114902","14629/2025-10-13/1760114902.json"
"653350","630660","2025-10-12","33.60","AUD","1760114902","14629/2025-10-12/1760114902.json"
"971684","835234","2025-10-12","38.64","AUD","1760114902","14629/2025-10-12/1760114902.json"
"653350","630660","2025-10-11","33.60","AUD","1760114902","14629/2025-10-11/1760114902.json"
"971684","835234","2025-10-11","38.64","AUD","1760114902","14629/2025-10-11/1760114902.json"
"653350","630660","2025-10-14","33.60","AUD","1760114902","14629/2025-10-14/1760114902.json"
"653350","630660","2025-10-17","33.60","AUD","1760114902","14629/2025-10-17/1760114902.json"
"653350","630660","2025-10-16","33.60","AUD","1760114902","14629/2025-10-16/1760114902.json"
"653350","630660","2025-10-15","33.60","AUD","1760114902","14629/2025-10-15/1760114902.json"
"653350","630660","2025-10-18","33.60","AUD","1760114902","14629/2025-10-18/1760114902.json"
"653350","630660","2025-10-19","33.60","AUD","1760114902","14629/2025-10-19/1760114902.json"
"888510","710069","2025-10-21","37.80","AUD","1760114902","14629/2025-10-21/1760114902.json"
"1004618","882330","2025-10-21","45.36","AUD","1760114902","14629/2025-10-21/1760114902.json"
"653350","630660","2025-10-20","33.60","AUD","1760114902","14629/2025-10-20/1760114902.json"
"888510","710069","2025-10-20","37.80","AUD","1760114902","14629/2025-10-20/1760114902.json"
"653350","630660","2025-10-12","33.60","AUD","1760128803","14629/2025-10-12/1760128803.json"
"971684","835234","2025-10-12","38.64","AUD","1760128803","14629/2025-10-12/1760128803.json"
"653350","630660","2025-10-13","33.60","AUD","1760128803","14629/2025-10-13/1760128803.json"
"653350","630660","2025-10-11","33.60","AUD","1760128803","14629/2025-10-11/1760128803.json"
"971684","835234","2025-10-11","38.64","AUD","1760128803","14629/2025-10-11/1760128803.json"
"653350","630660","2025-10-14","33.60","AUD","1760128803","14629/2025-10-14/1760128803.json"
"653350","630660","2025-10-16","33.60","AUD","1760128803","14629/2025-10-16/1760128803.json"
"653350","630660","2025-10-15","33.60","AUD","1760128803","14629/2025-10-15/1760128803.json"
"653350","630660","2025-10-18","33.60","AUD","1760128803","14629/2025-10-18/1760128803.json"
"653350","630660","2025-10-17","33.60","AUD","1760128803","14629/2025-10-17/1760128803.json"
"653350","630660","2025-10-20","33.60","AUD","1760128803","14629/2025-10-20/1760128803.json"
"888510","710069","2025-10-20","37.80","AUD","1760128803","14629/2025-10-20/1760128803.json"
"888510","710069","2025-10-21","37.80","AUD","1760128803","14629/2025-10-21/1760128803.json"
"1004618","882330","2025-10-21","45.36","AUD","1760128803","14629/2025-10-21/1760128803.json"
"653350","630660","2025-10-19","33.60","AUD","1760128803","14629/2025-10-19/1760128803.json"
"653350","630660","2025-10-12","33.60","AUD","1760152085","14629/2025-10-12/1760152085.json"
"971684","835234","2025-10-12","38.64","AUD","1760152085","14629/2025-10-12/1760152085.json"
"653350","630660","2025-10-14","33.60","AUD","1760152085","14629/2025-10-14/1760152085.json"
"653350","630660","2025-10-11","33.60","AUD","1760152085","14629/2025-10-11/1760152085.json"
"971684","835234","2025-10-11","38.64","AUD","1760152085","14629/2025-10-11/1760152085.json"
"653350","630660","2025-10-13","33.60","AUD","1760152085","14629/2025-10-13/1760152085.json"
"653350","630660","2025-10-16","33.60","AUD","1760152085","14629/2025-10-16/1760152085.json"
"653350","630660","2025-10-15","33.60","AUD","1760152085","14629/2025-10-15/1760152085.json"
"653350","630660","2025-10-17","33.60","AUD","1760152085","14629/2025-10-17/1760152085.json"
"653350","630660","2025-10-18","33.60","AUD","1760152085","14629/2025-10-18/1760152085.json"
"653350","630660","2025-10-19","33.60","AUD","1760152085","14629/2025-10-19/1760152085.json"
"888510","710069","2025-10-21","37.80","AUD","1760152085","14629/2025-10-21/1760152085.json"
"1004618","882330","2025-10-21","45.36","AUD","1760152085","14629/2025-10-21/1760152085.json"
"653350","630660","2025-10-20","33.60","AUD","1760152085","14629/2025-10-20/1760152085.json"
"888510","710069","2025-10-20","37.80","AUD","1760152085","14629/2025-10-20/1760152085.json"
"653350","630660","2025-10-12","33.60","AUD","1760157824","14629/2025-10-12/1760157824.json"
"971684","835234","2025-10-12","38.64","AUD","1760157824","14629/2025-10-12/1760157824.json"
"653350","630660","2025-10-13","33.60","AUD","1760157824","14629/2025-10-13/1760157824.json"
"653350","630660","2025-10-11","33.60","AUD","1760157824","14629/2025-10-11/1760157824.json"
"971684","835234","2025-10-11","38.64","AUD","1760157824","14629/2025-10-11/1760157824.json"
"653350","630660","2025-10-14","33.60","AUD","1760157824","14629/2025-10-14/1760157824.json"
"653350","630660","2025-10-15","33.60","AUD","1760157824","14629/2025-10-15/1760157824.json"
"653350","630660","2025-10-16","33.60","AUD","1760157824","14629/2025-10-16/1760157824.json"
"653350","630660","2025-10-17","33.60","AUD","1760157824","14629/2025-10-17/1760157824.json"
"653350","630660","2025-10-18","33.60","AUD","1760157824","14629/2025-10-18/1760157824.json"
"653350","630660","2025-10-19","33.60","AUD","1760157824","14629/2025-10-19/1760157824.json"
"653350","630660","2025-10-20","33.60","AUD","1760157824","14629/2025-10-20/1760157824.json"
"888510","710069","2025-10-20","37.80","AUD","1760157824","14629/2025-10-20/1760157824.json"
"888510","710069","2025-10-21","37.80","AUD","1760157824","14629/2025-10-21/1760157824.json"
"1004618","882330","2025-10-21","45.36","AUD","1760157824","14629/2025-10-21/1760157824.json"
"653350","630660","2025-10-14","33.60","AUD","1760172330","14629/2025-10-14/1760172330.json"
"653350","630660","2025-10-12","33.60","AUD","1760172330","14629/2025-10-12/1760172330.json"
"971684","835234","2025-10-12","38.64","AUD","1760172330","14629/2025-10-12/1760172330.json"
"653350","630660","2025-10-13","33.60","AUD","1760172330","14629/2025-10-13/1760172330.json"
"653350","630660","2025-10-16","33.60","AUD","1760172330","14629/2025-10-16/1760172330.json"
"653350","630660","2025-10-15","33.60","AUD","1760172330","14629/2025-10-15/1760172330.json"
"653350","630660","2025-10-18","33.60","AUD","1760172330","14629/2025-10-18/1760172330.json"
"653350","630660","2025-10-17","33.60","AUD","1760172330","14629/2025-10-17/1760172330.json"
"653350","630660","2025-10-20","33.60","AUD","1760172330","14629/2025-10-20/1760172330.json"
"1004618","882330","2025-10-21","45.36","AUD","1760172330","14629/2025-10-21/1760172330.json"
"653350","630660","2025-10-19","33.60","AUD","1760172330","14629/2025-10-19/1760172330.json"
"653350","630660","2025-10-12","33.60","AUD","1760188189","14629/2025-10-12/1760188189.json"
"971684","835234","2025-10-12","38.64","AUD","1760188189","14629/2025-10-12/1760188189.json"
"653350","630660","2025-10-13","33.60","AUD","1760188189","14629/2025-10-13/1760188189.json"
"653350","630660","2025-10-14","33.60","AUD","1760188189","14629/2025-10-14/1760188189.json"
"653350","630660","2025-10-19","33.60","AUD","1760188189","14629/2025-10-19/1760188189.json"
"653350","630660","2025-10-20","33.60","AUD","1760188189","14629/2025-10-20/1760188189.json"
"1004618","882330","2025-10-21","45.36","AUD","1760188189","14629/2025-10-21/1760188189.json"
"653350","630660","2025-10-12","33.60","AUD","1760201010","14629/2025-10-12/1760201010.json"
"971684","835234","2025-10-12","38.64","AUD","1760201010","14629/2025-10-12/1760201010.json"
"653350","630660","2025-10-14","33.60","AUD","1760201010","14629/2025-10-14/1760201010.json"
"653350","630660","2025-10-13","33.60","AUD","1760201010","14629/2025-10-13/1760201010.json"
"653350","630660","2025-10-19","33.60","AUD","1760201010","14629/2025-10-19/1760201010.json"
"653350","630660","2025-10-20","33.60","AUD","1760201010","14629/2025-10-20/1760201010.json"
"1004618","882330","2025-10-21","45.36","AUD","1760201010","14629/2025-10-21/1760201010.json"
"653350","630660","2025-10-13","33.60","AUD","1760215000","14629/2025-10-13/1760215000.json"
"653350","630660","2025-10-14","33.60","AUD","1760215000","14629/2025-10-14/1760215000.json"
"653350","630660","2025-10-12","33.60","AUD","1760215000","14629/2025-10-12/1760215000.json"
"971684","835234","2025-10-12","38.64","AUD","1760215000","14629/2025-10-12/1760215000.json"
"653350","630660","2025-10-19","33.60","AUD","1760215000","14629/2025-10-19/1760215000.json"
"653350","630660","2025-10-20","33.60","AUD","1760215000","14629/2025-10-20/1760215000.json"
"1004618","882330","2025-10-21","45.36","AUD","1760215000","14629/2025-10-21/1760215000.json"
"653350","630660","2025-10-14","33.60","AUD","1760239074","14629/2025-10-14/1760239074.json"
"653350","630660","2025-10-13","33.60","AUD","1760239074","14629/2025-10-13/1760239074.json"
"653350","630660","2025-10-12","33.60","AUD","1760239074","14629/2025-10-12/1760239074.json"
"971684","835234","2025-10-12","38.64","AUD","1760239074","14629/2025-10-12/1760239074.json"
"653350","630660","2025-10-19","33.60","AUD","1760239074","14629/2025-10-19/1760239074.json"
"653350","630660","2025-10-20","33.60","AUD","1760239074","14629/2025-10-20/1760239074.json"
"1004618","882330","2025-10-21","45.36","AUD","1760239074","14629/2025-10-21/1760239074.json"
"653350","630660","2025-10-12","33.60","AUD","1760244231","14629/2025-10-12/1760244231.json"
"653350","630660","2025-10-13","33.60","AUD","1760244231","14629/2025-10-13/1760244231.json"
"971684","835234","2025-10-12","38.64","AUD","1760244231","14629/2025-10-12/1760244231.json"
"653350","630660","2025-10-14","33.60","AUD","1760244231","14629/2025-10-14/1760244231.json"
"653350","630660","2025-10-19","33.60","AUD","1760244231","14629/2025-10-19/1760244231.json"
"1004618","882330","2025-10-21","45.36","AUD","1760244231","14629/2025-10-21/1760244231.json"
"653350","630660","2025-10-20","33.60","AUD","1760244231","14629/2025-10-20/1760244231.json"
"653350","630660","2025-10-13","33.60","AUD","1760258738","14629/2025-10-13/1760258738.json"
"653350","630660","2025-10-14","33.60","AUD","1760258738","14629/2025-10-14/1760258738.json"
"653350","630660","2025-10-19","33.60","AUD","1760258738","14629/2025-10-19/1760258738.json"
"653350","630660","2025-10-20","33.60","AUD","1760258738","14629/2025-10-20/1760258738.json"
"1004618","882330","2025-10-21","45.36","AUD","1760258738","14629/2025-10-21/1760258738.json"
"885717","706057","2025-10-13","33.60","AUD","1760274444","14629/2025-10-13/1760274444.json"
"653350","630660","2025-10-13","33.60","AUD","1760274444","14629/2025-10-13/1760274444.json"
"653350","630660","2025-10-14","33.60","AUD","1760274444","14629/2025-10-14/1760274444.json"
"885717","706057","2025-10-14","33.60","AUD","1760274444","14629/2025-10-14/1760274444.json"
"1004618","882330","2025-10-14","37.80","AUD","1760274444","14629/2025-10-14/1760274444.json"
"653350","630660","2025-10-15","33.60","AUD","1760274444","14629/2025-10-15/1760274444.json"
"885717","706057","2025-10-15","33.60","AUD","1760274444","14629/2025-10-15/1760274444.json"
"1004618","882330","2025-10-15","37.80","AUD","1760274444","14629/2025-10-15/1760274444.json"
"653350","630660","2025-10-16","33.60","AUD","1760274444","14629/2025-10-16/1760274444.json"
"653350","630660","2025-10-18","33.60","AUD","1760274444","14629/2025-10-18/1760274444.json"
"653350","630660","2025-10-17","33.60","AUD","1760274444","14629/2025-10-17/1760274444.json"
"653350","630660","2025-10-19","33.60","AUD","1760274444","14629/2025-10-19/1760274444.json"
"653350","630660","2025-10-20","33.60","AUD","1760274444","14629/2025-10-20/1760274444.json"
"1004618","882330","2025-10-21","45.36","AUD","1760274444","14629/2025-10-21/1760274444.json"
"885717","706057","2025-10-13","33.60","AUD","1760287385","14629/2025-10-13/1760287385.json"
"653350","630660","2025-10-13","33.60","AUD","1760287385","14629/2025-10-13/1760287385.json"
"653350","630660","2025-10-15","33.60","AUD","1760287385","14629/2025-10-15/1760287385.json"
"885717","706057","2025-10-15","33.60","AUD","1760287385","14629/2025-10-15/1760287385.json"
"1004618","882330","2025-10-15","37.80","AUD","1760287385","14629/2025-10-15/1760287385.json"
"653350","630660","2025-10-14","33.60","AUD","1760287385","14629/2025-10-14/1760287385.json"
"885717","706057","2025-10-14","33.60","AUD","1760287385","14629/2025-10-14/1760287385.json"
"1004618","882330","2025-10-14","37.80","AUD","1760287385","14629/2025-10-14/1760287385.json"
"653350","630660","2025-10-16","33.60","AUD","1760287385","14629/2025-10-16/1760287385.json"
"653350","630660","2025-10-18","33.60","AUD","1760287385","14629/2025-10-18/1760287385.json"
"653350","630660","2025-10-17","33.60","AUD","1760287385","14629/2025-10-17/1760287385.json"
"653350","630660","2025-10-19","33.60","AUD","1760287385","14629/2025-10-19/1760287385.json"
"653350","630660","2025-10-20","33.60","AUD","1760287385","14629/2025-10-20/1760287385.json"
"1004618","882330","2025-10-21","45.36","AUD","1760287385","14629/2025-10-21/1760287385.json"
"885717","706057","2025-10-13","33.60","AUD","1760301336","14629/2025-10-13/1760301336.json"
"653350","630660","2025-10-13","33.60","AUD","1760301336","14629/2025-10-13/1760301336.json"
"653350","630660","2025-10-15","33.60","AUD","1760301336","14629/2025-10-15/1760301336.json"
"885717","706057","2025-10-15","33.60","AUD","1760301336","14629/2025-10-15/1760301336.json"
"1004618","882330","2025-10-15","37.80","AUD","1760301336","14629/2025-10-15/1760301336.json"
"653350","630660","2025-10-14","33.60","AUD","1760301336","14629/2025-10-14/1760301336.json"
"885717","706057","2025-10-14","33.60","AUD","1760301336","14629/2025-10-14/1760301336.json"
"1004618","882330","2025-10-14","37.80","AUD","1760301336","14629/2025-10-14/1760301336.json"
"653350","630660","2025-10-16","33.60","AUD","1760301336","14629/2025-10-16/1760301336.json"
"653350","630660","2025-10-18","33.60","AUD","1760301336","14629/2025-10-18/1760301336.json"
"653350","630660","2025-10-19","33.60","AUD","1760301336","14629/2025-10-19/1760301336.json"
"653350","630660","2025-10-20","33.60","AUD","1760301336","14629/2025-10-20/1760301336.json"
"653350","630660","2025-10-17","33.60","AUD","1760301336","14629/2025-10-17/1760301336.json"
"1004618","882330","2025-10-21","45.36","AUD","1760301336","14629/2025-10-21/1760301336.json"
"653350","630660","2025-10-14","33.60","AUD","1760326503","14629/2025-10-14/1760326503.json"
"885717","706057","2025-10-14","33.60","AUD","1760326503","14629/2025-10-14/1760326503.json"
"1004618","882330","2025-10-14","37.80","AUD","1760326503","14629/2025-10-14/1760326503.json"
"653350","630660","2025-10-16","33.60","AUD","1760326503","14629/2025-10-16/1760326503.json"
"885717","706057","2025-10-13","33.60","AUD","1760326503","14629/2025-10-13/1760326503.json"
"653350","630660","2025-10-13","33.60","AUD","1760326503","14629/2025-10-13/1760326503.json"
"653350","630660","2025-10-15","33.60","AUD","1760326503","14629/2025-10-15/1760326503.json"
"885717","706057","2025-10-15","33.60","AUD","1760326503","14629/2025-10-15/1760326503.json"
"1004618","882330","2025-10-15","37.80","AUD","1760326503","14629/2025-10-15/1760326503.json"
"653350","630660","2025-10-17","33.60","AUD","1760326503","14629/2025-10-17/1760326503.json"
"653350","630660","2025-10-18","33.60","AUD","1760326503","14629/2025-10-18/1760326503.json"
"653350","630660","2025-10-19","33.60","AUD","1760326503","14629/2025-10-19/1760326503.json"
"653350","630660","2025-10-20","33.60","AUD","1760326503","14629/2025-10-20/1760326503.json"
"1004618","882330","2025-10-21","45.36","AUD","1760326503","14629/2025-10-21/1760326503.json"
"653350","630660","2025-10-14","33.60","AUD","1760330658","14629/2025-10-14/1760330658.json"
"885717","706057","2025-10-14","33.60","AUD","1760330658","14629/2025-10-14/1760330658.json"
"1004618","882330","2025-10-14","37.80","AUD","1760330658","14629/2025-10-14/1760330658.json"
"653350","630660","2025-10-15","33.60","AUD","1760330658","14629/2025-10-15/1760330658.json"
"885717","706057","2025-10-15","33.60","AUD","1760330658","14629/2025-10-15/1760330658.json"
"1004618","882330","2025-10-15","37.80","AUD","1760330658","14629/2025-10-15/1760330658.json"
"653350","630660","2025-10-16","33.60","AUD","1760330658","14629/2025-10-16/1760330658.json"
"885717","706057","2025-10-13","33.60","AUD","1760330658","14629/2025-10-13/1760330658.json"
"653350","630660","2025-10-13","33.60","AUD","1760330658","14629/2025-10-13/1760330658.json"
"653350","630660","2025-10-19","33.60","AUD","1760330658","14629/2025-10-19/1760330658.json"
"653350","630660","2025-10-20","33.60","AUD","1760330658","14629/2025-10-20/1760330658.json"
"653350","630660","2025-10-17","33.60","AUD","1760330658","14629/2025-10-17/1760330658.json"
"653350","630660","2025-10-18","33.60","AUD","1760330658","14629/2025-10-18/1760330658.json"
"1004618","882330","2025-10-21","45.36","AUD","1760330658","14629/2025-10-21/1760330658.json"
"653350","630660","2025-10-15","33.60","AUD","1760345978","14629/2025-10-15/1760345978.json"
"885717","706057","2025-10-15","33.60","AUD","1760345978","14629/2025-10-15/1760345978.json"
"1004618","882330","2025-10-15","37.80","AUD","1760345978","14629/2025-10-15/1760345978.json"
"653350","630660","2025-10-14","33.60","AUD","1760345978","14629/2025-10-14/1760345978.json"
"885717","706057","2025-10-14","33.60","AUD","1760345978","14629/2025-10-14/1760345978.json"
"1004618","882330","2025-10-14","37.80","AUD","1760345978","14629/2025-10-14/1760345978.json"
"653350","630660","2025-10-16","33.60","AUD","1760345978","14629/2025-10-16/1760345978.json"
"653350","630660","2025-10-18","33.60","AUD","1760345978","14629/2025-10-18/1760345978.json"
"653350","630660","2025-10-17","33.60","AUD","1760345978","14629/2025-10-17/1760345978.json"
"653350","630660","2025-10-19","33.60","AUD","1760345978","14629/2025-10-19/1760345978.json"
"1004618","882330","2025-10-23","45.36","AUD","1760345978","14629/2025-10-23/1760345978.json"
"1004618","882330","2025-10-21","45.36","AUD","1760345978","14629/2025-10-21/1760345978.json"
"1004618","882330","2025-10-22","45.36","AUD","1760345978","14629/2025-10-22/1760345978.json"
"653350","630660","2025-10-20","33.60","AUD","1760345978","14629/2025-10-20/1760345978.json"
"1004618","882330","2025-10-24","45.36","AUD","1760345978","14629/2025-10-24/1760345978.json"
"1004618","882330","2025-10-25","45.36","AUD","1760345978","14629/2025-10-25/1760345978.json"
"1004618","882330","2025-10-26","45.36","AUD","1760345978","14629/2025-10-26/1760345978.json"
"653350","630660","2025-10-15","33.60","AUD","1760362925","14629/2025-10-15/1760362925.json"
"885717","706057","2025-10-15","33.60","AUD","1760362925","14629/2025-10-15/1760362925.json"
"1004618","882330","2025-10-15","37.80","AUD","1760362925","14629/2025-10-15/1760362925.json"
"653350","630660","2025-10-16","33.60","AUD","1760362925","14629/2025-10-16/1760362925.json"
"653350","630660","2025-10-17","33.60","AUD","1760362925","14629/2025-10-17/1760362925.json"
"653350","630660","2025-10-14","33.60","AUD","1760362925","14629/2025-10-14/1760362925.json"
"885717","706057","2025-10-14","33.60","AUD","1760362925","14629/2025-10-14/1760362925.json"
"1004618","882330","2025-10-14","37.80","AUD","1760362925","14629/2025-10-14/1760362925.json"
"653350","630660","2025-10-19","33.60","AUD","1760362925","14629/2025-10-19/1760362925.json"
"653350","630660","2025-10-18","33.60","AUD","1760362925","14629/2025-10-18/1760362925.json"
"653350","630660","2025-10-20","33.60","AUD","1760362925","14629/2025-10-20/1760362925.json"
"1004618","882330","2025-10-21","45.36","AUD","1760362925","14629/2025-10-21/1760362925.json"
"1004618","882330","2025-10-23","45.36","AUD","1760362925","14629/2025-10-23/1760362925.json"
"1004618","882330","2025-10-22","45.36","AUD","1760362925","14629/2025-10-22/1760362925.json"
"1004618","882330","2025-10-24","45.36","AUD","1760362925","14629/2025-10-24/1760362925.json"
"1004618","882330","2025-10-26","45.36","AUD","1760362925","14629/2025-10-26/1760362925.json"
"1004618","882330","2025-10-25","45.36","AUD","1760362925","14629/2025-10-25/1760362925.json"
"653350","630660","2025-10-14","33.60","AUD","1760374159","14629/2025-10-14/1760374159.json"
"885717","706057","2025-10-14","33.60","AUD","1760374159","14629/2025-10-14/1760374159.json"
"1004618","882330","2025-10-14","37.80","AUD","1760374159","14629/2025-10-14/1760374159.json"
"653350","630660","2025-10-15","33.60","AUD","1760374159","14629/2025-10-15/1760374159.json"
"885717","706057","2025-10-15","33.60","AUD","1760374159","14629/2025-10-15/1760374159.json"
"1004618","882330","2025-10-15","37.80","AUD","1760374159","14629/2025-10-15/1760374159.json"
"653350","630660","2025-10-17","33.60","AUD","1760374159","14629/2025-10-17/1760374159.json"
"653350","630660","2025-10-19","33.60","AUD","1760374159","14629/2025-10-19/1760374159.json"
"653350","630660","2025-10-16","33.60","AUD","1760374159","14629/2025-10-16/1760374159.json"
"653350","630660","2025-10-18","33.60","AUD","1760374159","14629/2025-10-18/1760374159.json"
"653350","630660","2025-10-20","33.60","AUD","1760374159","14629/2025-10-20/1760374159.json"
"1004618","882330","2025-10-22","45.36","AUD","1760374159","14629/2025-10-22/1760374159.json"
"1004618","882330","2025-10-21","45.36","AUD","1760374159","14629/2025-10-21/1760374159.json"
"1004618","882330","2025-10-23","45.36","AUD","1760374159","14629/2025-10-23/1760374159.json"
"1004618","882330","2025-10-24","45.36","AUD","1760374159","14629/2025-10-24/1760374159.json"
"1004618","882330","2025-10-26","45.36","AUD","1760374159","14629/2025-10-26/1760374159.json"
"1004618","882330","2025-10-25","45.36","AUD","1760374159","14629/2025-10-25/1760374159.json"
"653350","630660","2025-10-14","33.60","AUD","1760387893","14629/2025-10-14/1760387893.json"
"885717","706057","2025-10-14","33.60","AUD","1760387893","14629/2025-10-14/1760387893.json"
"1004618","882330","2025-10-14","37.80","AUD","1760387893","14629/2025-10-14/1760387893.json"
"653350","630660","2025-10-16","33.60","AUD","1760387893","14629/2025-10-16/1760387893.json"
"653350","630660","2025-10-15","33.60","AUD","1760387893","14629/2025-10-15/1760387893.json"
"885717","706057","2025-10-15","33.60","AUD","1760387893","14629/2025-10-15/1760387893.json"
"1004618","882330","2025-10-15","37.80","AUD","1760387893","14629/2025-10-15/1760387893.json"
"653350","630660","2025-10-17","33.60","AUD","1760387893","14629/2025-10-17/1760387893.json"
"653350","630660","2025-10-18","33.60","AUD","1760387893","14629/2025-10-18/1760387893.json"
"653350","630660","2025-10-20","33.60","AUD","1760387893","14629/2025-10-20/1760387893.json"
"653350","630660","2025-10-19","33.60","AUD","1760387893","14629/2025-10-19/1760387893.json"
"1004618","882330","2025-10-21","45.36","AUD","1760387893","14629/2025-10-21/1760387893.json"
"1004618","882330","2025-10-22","45.36","AUD","1760387893","14629/2025-10-22/1760387893.json"
"1004618","882330","2025-10-23","45.36","AUD","1760387893","14629/2025-10-23/1760387893.json"
"1004618","882330","2025-10-24","45.36","AUD","1760387893","14629/2025-10-24/1760387893.json"
"1004618","882330","2025-10-26","45.36","AUD","1760387893","14629/2025-10-26/1760387893.json"
"1004618","882330","2025-10-25","45.36","AUD","1760387893","14629/2025-10-25/1760387893.json"
"653350","630660","2025-10-16","33.60","AUD","1760411649","14629/2025-10-16/1760411649.json"
"653350","630660","2025-10-17","33.60","AUD","1760411649","14629/2025-10-17/1760411649.json"
"653350","630660","2025-10-14","33.60","AUD","1760411649","14629/2025-10-14/1760411649.json"
"1004618","882330","2025-10-14","37.80","AUD","1760411649","14629/2025-10-14/1760411649.json"
"653350","630660","2025-10-15","33.60","AUD","1760411649","14629/2025-10-15/1760411649.json"
"1004618","882330","2025-10-15","37.80","AUD","1760411649","14629/2025-10-15/1760411649.json"
"1004618","882330","2025-10-21","45.36","AUD","1760411649","14629/2025-10-21/1760411649.json"
"653350","630660","2025-10-20","33.60","AUD","1760411649","14629/2025-10-20/1760411649.json"
"653350","630660","2025-10-18","33.60","AUD","1760411649","14629/2025-10-18/1760411649.json"
"653350","630660","2025-10-19","33.60","AUD","1760411649","14629/2025-10-19/1760411649.json"
"1004618","882330","2025-10-22","45.36","AUD","1760411649","14629/2025-10-22/1760411649.json"
"1004618","882330","2025-10-24","45.36","AUD","1760411649","14629/2025-10-24/1760411649.json"
"1004618","882330","2025-10-23","45.36","AUD","1760411649","14629/2025-10-23/1760411649.json"
"1004618","882330","2025-10-25","45.36","AUD","1760411649","14629/2025-10-25/1760411649.json"
"1004618","882330","2025-10-26","45.36","AUD","1760411649","14629/2025-10-26/1760411649.json"
"653350","630660","2025-10-14","33.60","AUD","1760417026","14629/2025-10-14/1760417026.json"
"1004618","882330","2025-10-14","37.80","AUD","1760417026","14629/2025-10-14/1760417026.json"
"653350","630660","2025-10-15","33.60","AUD","1760417026","14629/2025-10-15/1760417026.json"
"1004618","882330","2025-10-15","37.80","AUD","1760417026","14629/2025-10-15/1760417026.json"
"1004618","882330","2025-10-21","45.36","AUD","1760417026","14629/2025-10-21/1760417026.json"
"653350","630660","2025-10-19","33.60","AUD","1760417026","14629/2025-10-19/1760417026.json"
"653350","630660","2025-10-20","33.60","AUD","1760417026","14629/2025-10-20/1760417026.json"
"1004618","882330","2025-10-22","45.36","AUD","1760417026","14629/2025-10-22/1760417026.json"
"1004618","882330","2025-10-23","45.36","AUD","1760417026","14629/2025-10-23/1760417026.json"
"1004618","882330","2025-10-24","45.36","AUD","1760417026","14629/2025-10-24/1760417026.json"
"1004618","882330","2025-10-25","45.36","AUD","1760417026","14629/2025-10-25/1760417026.json"
"1004618","882330","2025-10-26","45.36","AUD","1760417026","14629/2025-10-26/1760417026.json"
"653350","630660","2025-10-15","33.60","AUD","1760498516","14629/2025-10-15/1760498516.json"
"818510","600849","2025-10-15","48.72","AUD","1760498516","14629/2025-10-15/1760498516.json"
"653350","630660","2025-10-17","33.60","AUD","1760498516","14629/2025-10-17/1760498516.json"
"653350","630660","2025-10-16","33.60","AUD","1760498516","14629/2025-10-16/1760498516.json"
"1004618","882330","2025-10-21","45.36","AUD","1760498516","14629/2025-10-21/1760498516.json"
"1004618","882330","2025-10-22","45.36","AUD","1760498516","14629/2025-10-22/1760498516.json"
"1004618","882330","2025-10-23","45.36","AUD","1760498516","14629/2025-10-23/1760498516.json"
"653350","630660","2025-10-24","33.60","AUD","1760498516","14629/2025-10-24/1760498516.json"
"1004618","882330","2025-10-24","45.36","AUD","1760498516","14629/2025-10-24/1760498516.json"
"653350","630660","2025-10-25","33.60","AUD","1760498516","14629/2025-10-25/1760498516.json"
"1004618","882330","2025-10-25","45.36","AUD","1760498516","14629/2025-10-25/1760498516.json"
"653350","630660","2025-10-26","33.60","AUD","1760498516","14629/2025-10-26/1760498516.json"
"1004618","882330","2025-10-26","45.36","AUD","1760498516","14629/2025-10-26/1760498516.json"
"653350","630660","2025-10-27","33.60","AUD","1760498516","14629/2025-10-27/1760498516.json"
"653350","630660","2025-10-28","33.60","AUD","1760498516","14629/2025-10-28/1760498516.json"
"653350","630660","2025-10-15","33.60","AUD","1760503709","14629/2025-10-15/1760503709.json"
"818510","600849","2025-10-15","48.72","AUD","1760503709","14629/2025-10-15/1760503709.json"
"653350","630660","2025-10-17","33.60","AUD","1760503709","14629/2025-10-17/1760503709.json"
"653350","630660","2025-10-16","33.60","AUD","1760503709","14629/2025-10-16/1760503709.json"
"1004618","882330","2025-10-21","45.36","AUD","1760503709","14629/2025-10-21/1760503709.json"
"1004618","882330","2025-10-22","45.36","AUD","1760503709","14629/2025-10-22/1760503709.json"
"653350","630660","2025-10-24","33.60","AUD","1760503709","14629/2025-10-24/1760503709.json"
"1004618","882330","2025-10-24","45.36","AUD","1760503709","14629/2025-10-24/1760503709.json"
"1004618","882330","2025-10-23","45.36","AUD","1760503709","14629/2025-10-23/1760503709.json"
"653350","630660","2025-10-25","33.60","AUD","1760503709","14629/2025-10-25/1760503709.json"
"1004618","882330","2025-10-25","45.36","AUD","1760503709","14629/2025-10-25/1760503709.json"
"653350","630660","2025-10-26","33.60","AUD","1760503709","14629/2025-10-26/1760503709.json"
"1004618","882330","2025-10-26","45.36","AUD","1760503709","14629/2025-10-26/1760503709.json"
"653350","630660","2025-10-27","33.60","AUD","1760503709","14629/2025-10-27/1760503709.json"
"653350","630660","2025-10-28","33.60","AUD","1760503709","14629/2025-10-28/1760503709.json"
"653350","630660","2025-10-18","33.60","AUD","1760518827","14629/2025-10-18/1760518827.json"
"653350","630660","2025-10-17","33.60","AUD","1760518827","14629/2025-10-17/1760518827.json"
"653350","630660","2025-10-19","33.60","AUD","1760518827","14629/2025-10-19/1760518827.json"
"653350","630660","2025-10-20","33.60","AUD","1760518827","14629/2025-10-20/1760518827.json"
"818510","600849","2025-10-20","48.72","AUD","1760518827","14629/2025-10-20/1760518827.json"
"653350","630660","2025-10-22","33.60","AUD","1760518827","14629/2025-10-22/1760518827.json"
"971684","835234","2025-10-22","38.64","AUD","1760518827","14629/2025-10-22/1760518827.json"
"1004618","882330","2025-10-22","45.36","AUD","1760518827","14629/2025-10-22/1760518827.json"
"818510","600849","2025-10-22","48.72","AUD","1760518827","14629/2025-10-22/1760518827.json"
"1004617","882331","2025-10-22","55.44","AUD","1760518827","14629/2025-10-22/1760518827.json"
"653350","630660","2025-10-21","33.60","AUD","1760518827","14629/2025-10-21/1760518827.json"
"971684","835234","2025-10-21","38.64","AUD","1760518827","14629/2025-10-21/1760518827.json"
"1004618","882330","2025-10-21","45.36","AUD","1760518827","14629/2025-10-21/1760518827.json"
"818510","600849","2025-10-21","48.72","AUD","1760518827","14629/2025-10-21/1760518827.json"
"653350","630660","2025-10-23","33.60","AUD","1760518827","14629/2025-10-23/1760518827.json"
"971684","835234","2025-10-23","38.64","AUD","1760518827","14629/2025-10-23/1760518827.json"
"1004618","882330","2025-10-23","45.36","AUD","1760518827","14629/2025-10-23/1760518827.json"
"818510","600849","2025-10-23","48.72","AUD","1760518827","14629/2025-10-23/1760518827.json"
"1004617","882331","2025-10-23","55.44","AUD","1760518827","14629/2025-10-23/1760518827.json"
"653350","630660","2025-10-24","33.60","AUD","1760518827","14629/2025-10-24/1760518827.json"
"971684","835234","2025-10-24","38.64","AUD","1760518827","14629/2025-10-24/1760518827.json"
"1004618","882330","2025-10-24","45.36","AUD","1760518827","14629/2025-10-24/1760518827.json"
"818510","600849","2025-10-24","48.72","AUD","1760518827","14629/2025-10-24/1760518827.json"
"1004617","882331","2025-10-24","55.44","AUD","1760518827","14629/2025-10-24/1760518827.json"
"653350","630660","2025-10-25","33.60","AUD","1760518827","14629/2025-10-25/1760518827.json"
"971684","835234","2025-10-25","38.64","AUD","1760518827","14629/2025-10-25/1760518827.json"
"1004618","882330","2025-10-25","45.36","AUD","1760518827","14629/2025-10-25/1760518827.json"
"818510","600849","2025-10-25","48.72","AUD","1760518827","14629/2025-10-25/1760518827.json"
"1004617","882331","2025-10-25","55.44","AUD","1760518827","14629/2025-10-25/1760518827.json"
"653350","630660","2025-10-26","33.60","AUD","1760518827","14629/2025-10-26/1760518827.json"
"971684","835234","2025-10-26","38.64","AUD","1760518827","14629/2025-10-26/1760518827.json"
"1004618","882330","2025-10-26","45.36","AUD","1760518827","14629/2025-10-26/1760518827.json"
"818510","600849","2025-10-26","48.72","AUD","1760518827","14629/2025-10-26/1760518827.json"
"1004617","882331","2025-10-26","55.44","AUD","1760518827","14629/2025-10-26/1760518827.json"
"653350","630660","2025-10-27","33.60","AUD","1760518827","14629/2025-10-27/1760518827.json"
"971684","835234","2025-10-27","38.64","AUD","1760518827","14629/2025-10-27/1760518827.json"
"1004618","882330","2025-10-27","45.36","AUD","1760518827","14629/2025-10-27/1760518827.json"
"818510","600849","2025-10-27","48.72","AUD","1760518827","14629/2025-10-27/1760518827.json"
"1004617","882331","2025-10-27","55.44","AUD","1760518827","14629/2025-10-27/1760518827.json"
"653350","630660","2025-10-28","33.60","AUD","1760518827","14629/2025-10-28/1760518827.json"
"971684","835234","2025-10-28","38.64","AUD","1760518827","14629/2025-10-28/1760518827.json"
"1004618","882330","2025-10-28","45.36","AUD","1760518827","14629/2025-10-28/1760518827.json"
"818510","600849","2025-10-28","48.72","AUD","1760518827","14629/2025-10-28/1760518827.json"
"1004617","882331","2025-10-28","55.44","AUD","1760518827","14629/2025-10-28/1760518827.json"
"971684","835234","2025-10-29","38.64","AUD","1760518827","14629/2025-10-29/1760518827.json"
"1004618","882330","2025-10-29","45.36","AUD","1760518827","14629/2025-10-29/1760518827.json"
"818510","600849","2025-10-29","48.72","AUD","1760518827","14629/2025-10-29/1760518827.json"
"1004617","882331","2025-10-29","55.44","AUD","1760518827","14629/2025-10-29/1760518827.json"
"971684","835234","2025-10-30","38.64","AUD","1760518827","14629/2025-10-30/1760518827.json"
"1004618","882330","2025-10-30","45.36","AUD","1760518827","14629/2025-10-30/1760518827.json"
"818510","600849","2025-10-30","48.72","AUD","1760518827","14629/2025-10-30/1760518827.json"
"1004617","882331","2025-10-30","55.44","AUD","1760518827","14629/2025-10-30/1760518827.json"
"971684","835234","2025-10-31","38.64","AUD","1760518827","14629/2025-10-31/1760518827.json"
"1004618","882330","2025-10-31","45.36","AUD","1760518827","14629/2025-10-31/1760518827.json"
"818510","600849","2025-10-31","48.72","AUD","1760518827","14629/2025-10-31/1760518827.json"
"1004617","882331","2025-10-31","55.44","AUD","1760518827","14629/2025-10-31/1760518827.json"
"971684","835234","2025-11-01","38.64","AUD","1760518827","14629/2025-11-01/1760518827.json"
"1004618","882330","2025-11-01","45.36","AUD","1760518827","14629/2025-11-01/1760518827.json"
"818510","600849","2025-11-01","48.72","AUD","1760518827","14629/2025-11-01/1760518827.json"
"1004617","882331","2025-11-01","55.44","AUD","1760518827","14629/2025-11-01/1760518827.json"
"971684","835234","2025-11-02","38.64","AUD","1760518827","14629/2025-11-02/1760518827.json"
"1004618","882330","2025-11-02","45.36","AUD","1760518827","14629/2025-11-02/1760518827.json"
"818510","600849","2025-11-02","48.72","AUD","1760518827","14629/2025-11-02/1760518827.json"
"1004617","882331","2025-11-02","55.44","AUD","1760518827","14629/2025-11-02/1760518827.json"
"971684","835234","2025-11-03","38.64","AUD","1760518827","14629/2025-11-03/1760518827.json"
"1004618","882330","2025-11-03","45.36","AUD","1760518827","14629/2025-11-03/1760518827.json"
"1004617","882331","2025-11-03","55.44","AUD","1760518827","14629/2025-11-03/1760518827.json"
"971684","835234","2025-11-06","38.64","AUD","1760518827","14629/2025-11-06/1760518827.json"
"1004618","882330","2025-11-06","45.36","AUD","1760518827","14629/2025-11-06/1760518827.json"
"971684","835234","2025-11-04","38.64","AUD","1760518827","14629/2025-11-04/1760518827.json"
"1004618","882330","2025-11-04","45.36","AUD","1760518827","14629/2025-11-04/1760518827.json"
"1004617","882331","2025-11-04","55.44","AUD","1760518827","14629/2025-11-04/1760518827.json"
"971684","835234","2025-11-05","38.64","AUD","1760518827","14629/2025-11-05/1760518827.json"
"1004618","882330","2025-11-05","45.36","AUD","1760518827","14629/2025-11-05/1760518827.json"
"653350","630660","2025-10-18","33.60","AUD","1760536196","14629/2025-10-18/1760536196.json"
"653350","630660","2025-10-17","33.60","AUD","1760536196","14629/2025-10-17/1760536196.json"
"653350","630660","2025-10-19","33.60","AUD","1760536196","14629/2025-10-19/1760536196.json"
"653350","630660","2025-10-21","33.60","AUD","1760536196","14629/2025-10-21/1760536196.json"
"971684","835234","2025-10-21","38.64","AUD","1760536196","14629/2025-10-21/1760536196.json"
"1004618","882330","2025-10-21","45.36","AUD","1760536196","14629/2025-10-21/1760536196.json"
"818510","600849","2025-10-21","48.72","AUD","1760536196","14629/2025-10-21/1760536196.json"
"653350","630660","2025-10-22","33.60","AUD","1760536196","14629/2025-10-22/1760536196.json"
"971684","835234","2025-10-22","38.64","AUD","1760536196","14629/2025-10-22/1760536196.json"
"1004618","882330","2025-10-22","45.36","AUD","1760536196","14629/2025-10-22/1760536196.json"
"818510","600849","2025-10-22","48.72","AUD","1760536196","14629/2025-10-22/1760536196.json"
"1004617","882331","2025-10-22","55.44","AUD","1760536196","14629/2025-10-22/1760536196.json"
"653350","630660","2025-10-20","33.60","AUD","1760536196","14629/2025-10-20/1760536196.json"
"818510","600849","2025-10-20","48.72","AUD","1760536196","14629/2025-10-20/1760536196.json"
"653350","630660","2025-10-23","33.60","AUD","1760536196","14629/2025-10-23/1760536196.json"
"971684","835234","2025-10-23","38.64","AUD","1760536196","14629/2025-10-23/1760536196.json"
"1004618","882330","2025-10-23","45.36","AUD","1760536196","14629/2025-10-23/1760536196.json"
"818510","600849","2025-10-23","48.72","AUD","1760536196","14629/2025-10-23/1760536196.json"
"1004617","882331","2025-10-23","55.44","AUD","1760536196","14629/2025-10-23/1760536196.json"
"653350","630660","2025-10-25","33.60","AUD","1760536196","14629/2025-10-25/1760536196.json"
"971684","835234","2025-10-25","38.64","AUD","1760536196","14629/2025-10-25/1760536196.json"
"1004618","882330","2025-10-25","45.36","AUD","1760536196","14629/2025-10-25/1760536196.json"
"818510","600849","2025-10-25","48.72","AUD","1760536196","14629/2025-10-25/1760536196.json"
"1004617","882331","2025-10-25","55.44","AUD","1760536196","14629/2025-10-25/1760536196.json"
"653350","630660","2025-10-24","33.60","AUD","1760536196","14629/2025-10-24/1760536196.json"
"971684","835234","2025-10-24","38.64","AUD","1760536196","14629/2025-10-24/1760536196.json"
"1004618","882330","2025-10-24","45.36","AUD","1760536196","14629/2025-10-24/1760536196.json"
"818510","600849","2025-10-24","48.72","AUD","1760536196","14629/2025-10-24/1760536196.json"
"1004617","882331","2025-10-24","55.44","AUD","1760536196","14629/2025-10-24/1760536196.json"
"653350","630660","2025-10-26","33.60","AUD","1760536196","14629/2025-10-26/1760536196.json"
"971684","835234","2025-10-26","38.64","AUD","1760536196","14629/2025-10-26/1760536196.json"
"1004618","882330","2025-10-26","45.36","AUD","1760536196","14629/2025-10-26/1760536196.json"
"818510","600849","2025-10-26","48.72","AUD","1760536196","14629/2025-10-26/1760536196.json"
"1004617","882331","2025-10-26","55.44","AUD","1760536196","14629/2025-10-26/1760536196.json"
"653350","630660","2025-10-27","33.60","AUD","1760536196","14629/2025-10-27/1760536196.json"
"971684","835234","2025-10-27","38.64","AUD","1760536196","14629/2025-10-27/1760536196.json"
"1004618","882330","2025-10-27","45.36","AUD","1760536196","14629/2025-10-27/1760536196.json"
"818510","600849","2025-10-27","48.72","AUD","1760536196","14629/2025-10-27/1760536196.json"
"1004617","882331","2025-10-27","55.44","AUD","1760536196","14629/2025-10-27/1760536196.json"
"653350","630660","2025-10-28","33.60","AUD","1760536196","14629/2025-10-28/1760536196.json"
"971684","835234","2025-10-28","38.64","AUD","1760536196","14629/2025-10-28/1760536196.json"
"1004618","882330","2025-10-28","45.36","AUD","1760536196","14629/2025-10-28/1760536196.json"
"818510","600849","2025-10-28","48.72","AUD","1760536196","14629/2025-10-28/1760536196.json"
"1004617","882331","2025-10-28","55.44","AUD","1760536196","14629/2025-10-28/1760536196.json"
"971684","835234","2025-10-30","38.64","AUD","1760536196","14629/2025-10-30/1760536196.json"
"1004618","882330","2025-10-30","45.36","AUD","1760536196","14629/2025-10-30/1760536196.json"
"818510","600849","2025-10-30","48.72","AUD","1760536196","14629/2025-10-30/1760536196.json"
"1004617","882331","2025-10-30","55.44","AUD","1760536196","14629/2025-10-30/1760536196.json"
"971684","835234","2025-10-31","38.64","AUD","1760536196","14629/2025-10-31/1760536196.json"
"971684","835234","2025-10-29","38.64","AUD","1760536196","14629/2025-10-29/1760536196.json"
"1004618","882330","2025-10-31","45.36","AUD","1760536196","14629/2025-10-31/1760536196.json"
"1004618","882330","2025-10-29","45.36","AUD","1760536196","14629/2025-10-29/1760536196.json"
"818510","600849","2025-10-29","48.72","AUD","1760536196","14629/2025-10-29/1760536196.json"
"818510","600849","2025-10-31","48.72","AUD","1760536196","14629/2025-10-31/1760536196.json"
"1004617","882331","2025-10-29","55.44","AUD","1760536196","14629/2025-10-29/1760536196.json"
"1004617","882331","2025-10-31","55.44","AUD","1760536196","14629/2025-10-31/1760536196.json"
"971684","835234","2025-11-02","38.64","AUD","1760536196","14629/2025-11-02/1760536196.json"
"1004618","882330","2025-11-02","45.36","AUD","1760536196","14629/2025-11-02/1760536196.json"
"818510","600849","2025-11-02","48.72","AUD","1760536196","14629/2025-11-02/1760536196.json"
"1004617","882331","2025-11-02","55.44","AUD","1760536196","14629/2025-11-02/1760536196.json"
"971684","835234","2025-11-03","38.64","AUD","1760536196","14629/2025-11-03/1760536196.json"
"1004618","882330","2025-11-03","45.36","AUD","1760536196","14629/2025-11-03/1760536196.json"
"1004617","882331","2025-11-03","55.44","AUD","1760536196","14629/2025-11-03/1760536196.json"
"971684","835234","2025-11-01","38.64","AUD","1760536196","14629/2025-11-01/1760536196.json"
"1004618","882330","2025-11-01","45.36","AUD","1760536196","14629/2025-11-01/1760536196.json"
"818510","600849","2025-11-01","48.72","AUD","1760536196","14629/2025-11-01/1760536196.json"
"1004617","882331","2025-11-01","55.44","AUD","1760536196","14629/2025-11-01/1760536196.json"
"971684","835234","2025-11-04","38.64","AUD","1760536196","14629/2025-11-04/1760536196.json"
"1004618","882330","2025-11-04","45.36","AUD","1760536196","14629/2025-11-04/1760536196.json"
"1004617","882331","2025-11-04","55.44","AUD","1760536196","14629/2025-11-04/1760536196.json"
"971684","835234","2025-11-05","38.64","AUD","1760536196","14629/2025-11-05/1760536196.json"
"1004618","882330","2025-11-05","45.36","AUD","1760536196","14629/2025-11-05/1760536196.json"
"971684","835234","2025-11-06","38.64","AUD","1760536196","14629/2025-11-06/1760536196.json"
"1004618","882330","2025-11-06","45.36","AUD","1760536196","14629/2025-11-06/1760536196.json"
"653350","630660","2025-10-18","33.60","AUD","1760547110","14629/2025-10-18/1760547110.json"
"653350","630660","2025-10-17","33.60","AUD","1760547110","14629/2025-10-17/1760547110.json"
"653350","630660","2025-10-19","33.60","AUD","1760547110","14629/2025-10-19/1760547110.json"
"653350","630660","2025-10-21","33.60","AUD","1760547110","14629/2025-10-21/1760547110.json"
"971684","835234","2025-10-21","38.64","AUD","1760547110","14629/2025-10-21/1760547110.json"
"1004618","882330","2025-10-21","45.36","AUD","1760547110","14629/2025-10-21/1760547110.json"
"818510","600849","2025-10-21","48.72","AUD","1760547110","14629/2025-10-21/1760547110.json"
"653350","630660","2025-10-20","33.60","AUD","1760547110","14629/2025-10-20/1760547110.json"
"818510","600849","2025-10-20","48.72","AUD","1760547110","14629/2025-10-20/1760547110.json"
"653350","630660","2025-10-23","33.60","AUD","1760547110","14629/2025-10-23/1760547110.json"
"971684","835234","2025-10-23","38.64","AUD","1760547110","14629/2025-10-23/1760547110.json"
"1004618","882330","2025-10-23","45.36","AUD","1760547110","14629/2025-10-23/1760547110.json"
"818510","600849","2025-10-23","48.72","AUD","1760547110","14629/2025-10-23/1760547110.json"
"1004617","882331","2025-10-23","55.44","AUD","1760547110","14629/2025-10-23/1760547110.json"
"653350","630660","2025-10-24","33.60","AUD","1760547110","14629/2025-10-24/1760547110.json"
"971684","835234","2025-10-24","38.64","AUD","1760547110","14629/2025-10-24/1760547110.json"
"1004618","882330","2025-10-24","45.36","AUD","1760547110","14629/2025-10-24/1760547110.json"
"818510","600849","2025-10-24","48.72","AUD","1760547110","14629/2025-10-24/1760547110.json"
"1004617","882331","2025-10-24","55.44","AUD","1760547110","14629/2025-10-24/1760547110.json"
"653350","630660","2025-10-22","33.60","AUD","1760547110","14629/2025-10-22/1760547110.json"
"971684","835234","2025-10-22","38.64","AUD","1760547110","14629/2025-10-22/1760547110.json"
"1004618","882330","2025-10-22","45.36","AUD","1760547110","14629/2025-10-22/1760547110.json"
"818510","600849","2025-10-22","48.72","AUD","1760547110","14629/2025-10-22/1760547110.json"
"1004617","882331","2025-10-22","55.44","AUD","1760547110","14629/2025-10-22/1760547110.json"
"653350","630660","2025-10-26","33.60","AUD","1760547110","14629/2025-10-26/1760547110.json"
"971684","835234","2025-10-26","38.64","AUD","1760547110","14629/2025-10-26/1760547110.json"
"1004618","882330","2025-10-26","45.36","AUD","1760547110","14629/2025-10-26/1760547110.json"
"818510","600849","2025-10-26","48.72","AUD","1760547110","14629/2025-10-26/1760547110.json"
"1004617","882331","2025-10-26","55.44","AUD","1760547110","14629/2025-10-26/1760547110.json"
"653350","630660","2025-10-25","33.60","AUD","1760547110","14629/2025-10-25/1760547110.json"
"971684","835234","2025-10-25","38.64","AUD","1760547110","14629/2025-10-25/1760547110.json"
"1004618","882330","2025-10-25","45.36","AUD","1760547110","14629/2025-10-25/1760547110.json"
"818510","600849","2025-10-25","48.72","AUD","1760547110","14629/2025-10-25/1760547110.json"
"1004617","882331","2025-10-25","55.44","AUD","1760547110","14629/2025-10-25/1760547110.json"
"971684","835234","2025-10-29","38.64","AUD","1760547110","14629/2025-10-29/1760547110.json"
"1004618","882330","2025-10-29","45.36","AUD","1760547110","14629/2025-10-29/1760547110.json"
"818510","600849","2025-10-29","48.72","AUD","1760547110","14629/2025-10-29/1760547110.json"
"1004617","882331","2025-10-29","55.44","AUD","1760547110","14629/2025-10-29/1760547110.json"
"653350","630660","2025-10-28","33.60","AUD","1760547110","14629/2025-10-28/1760547110.json"
"971684","835234","2025-10-28","38.64","AUD","1760547110","14629/2025-10-28/1760547110.json"
"1004618","882330","2025-10-28","45.36","AUD","1760547110","14629/2025-10-28/1760547110.json"
"818510","600849","2025-10-28","48.72","AUD","1760547110","14629/2025-10-28/1760547110.json"
"1004617","882331","2025-10-28","55.44","AUD","1760547110","14629/2025-10-28/1760547110.json"
"653350","630660","2025-10-27","33.60","AUD","1760547110","14629/2025-10-27/1760547110.json"
"971684","835234","2025-10-27","38.64","AUD","1760547110","14629/2025-10-27/1760547110.json"
"1004618","882330","2025-10-27","45.36","AUD","1760547110","14629/2025-10-27/1760547110.json"
"818510","600849","2025-10-27","48.72","AUD","1760547110","14629/2025-10-27/1760547110.json"
"1004617","882331","2025-10-27","55.44","AUD","1760547110","14629/2025-10-27/1760547110.json"
"971684","835234","2025-10-30","38.64","AUD","1760547110","14629/2025-10-30/1760547110.json"
"1004618","882330","2025-10-30","45.36","AUD","1760547110","14629/2025-10-30/1760547110.json"
"818510","600849","2025-10-30","48.72","AUD","1760547110","14629/2025-10-30/1760547110.json"
"1004617","882331","2025-10-30","55.44","AUD","1760547110","14629/2025-10-30/1760547110.json"
"971684","835234","2025-11-01","38.64","AUD","1760547110","14629/2025-11-01/1760547110.json"
"1004618","882330","2025-11-01","45.36","AUD","1760547110","14629/2025-11-01/1760547110.json"
"818510","600849","2025-11-01","48.72","AUD","1760547110","14629/2025-11-01/1760547110.json"
"1004617","882331","2025-11-01","55.44","AUD","1760547110","14629/2025-11-01/1760547110.json"
"971684","835234","2025-10-31","38.64","AUD","1760547110","14629/2025-10-31/1760547110.json"
"1004618","882330","2025-10-31","45.36","AUD","1760547110","14629/2025-10-31/1760547110.json"
"818510","600849","2025-10-31","48.72","AUD","1760547110","14629/2025-10-31/1760547110.json"
"1004617","882331","2025-10-31","55.44","AUD","1760547110","14629/2025-10-31/1760547110.json"
"971684","835234","2025-11-02","38.64","AUD","1760547110","14629/2025-11-02/1760547110.json"
"1004618","882330","2025-11-02","45.36","AUD","1760547110","14629/2025-11-02/1760547110.json"
"818510","600849","2025-11-02","48.72","AUD","1760547110","14629/2025-11-02/1760547110.json"
"1004617","882331","2025-11-02","55.44","AUD","1760547110","14629/2025-11-02/1760547110.json"
"971684","835234","2025-11-03","38.64","AUD","1760547110","14629/2025-11-03/1760547110.json"
"1004618","882330","2025-11-03","45.36","AUD","1760547110","14629/2025-11-03/1760547110.json"
"1004617","882331","2025-11-03","55.44","AUD","1760547110","14629/2025-11-03/1760547110.json"
"971684","835234","2025-11-05","38.64","AUD","1760547110","14629/2025-11-05/1760547110.json"
"1004618","882330","2025-11-05","45.36","AUD","1760547110","14629/2025-11-05/1760547110.json"
"971684","835234","2025-11-04","38.64","AUD","1760547110","14629/2025-11-04/1760547110.json"
"1004618","882330","2025-11-04","45.36","AUD","1760547110","14629/2025-11-04/1760547110.json"
"1004617","882331","2025-11-04","55.44","AUD","1760547110","14629/2025-11-04/1760547110.json"
"971684","835234","2025-11-06","38.64","AUD","1760547110","14629/2025-11-06/1760547110.json"
"1004618","882330","2025-11-06","45.36","AUD","1760547110","14629/2025-11-06/1760547110.json"
"653350","630660","2025-10-18","33.60","AUD","1760561137","14629/2025-10-18/1760561137.json"
"653350","630660","2025-10-17","33.60","AUD","1760561137","14629/2025-10-17/1760561137.json"
"653350","630660","2025-10-19","33.60","AUD","1760561137","14629/2025-10-19/1760561137.json"
"653350","630660","2025-10-20","33.60","AUD","1760561137","14629/2025-10-20/1760561137.json"
"818510","600849","2025-10-20","48.72","AUD","1760561137","14629/2025-10-20/1760561137.json"
"653350","630660","2025-10-22","33.60","AUD","1760561137","14629/2025-10-22/1760561137.json"
"971684","835234","2025-10-22","38.64","AUD","1760561137","14629/2025-10-22/1760561137.json"
"1004618","882330","2025-10-22","45.36","AUD","1760561137","14629/2025-10-22/1760561137.json"
"818510","600849","2025-10-22","48.72","AUD","1760561137","14629/2025-10-22/1760561137.json"
"1004617","882331","2025-10-22","55.44","AUD","1760561137","14629/2025-10-22/1760561137.json"
"653350","630660","2025-10-21","33.60","AUD","1760561137","14629/2025-10-21/1760561137.json"
"971684","835234","2025-10-21","38.64","AUD","1760561137","14629/2025-10-21/1760561137.json"
"1004618","882330","2025-10-21","45.36","AUD","1760561137","14629/2025-10-21/1760561137.json"
"818510","600849","2025-10-21","48.72","AUD","1760561137","14629/2025-10-21/1760561137.json"
"653350","630660","2025-10-23","33.60","AUD","1760561137","14629/2025-10-23/1760561137.json"
"971684","835234","2025-10-23","38.64","AUD","1760561137","14629/2025-10-23/1760561137.json"
"1004618","882330","2025-10-23","45.36","AUD","1760561137","14629/2025-10-23/1760561137.json"
"818510","600849","2025-10-23","48.72","AUD","1760561137","14629/2025-10-23/1760561137.json"
"1004617","882331","2025-10-23","55.44","AUD","1760561137","14629/2025-10-23/1760561137.json"
"653350","630660","2025-10-24","33.60","AUD","1760561137","14629/2025-10-24/1760561137.json"
"971684","835234","2025-10-24","38.64","AUD","1760561137","14629/2025-10-24/1760561137.json"
"1004618","882330","2025-10-24","45.36","AUD","1760561137","14629/2025-10-24/1760561137.json"
"818510","600849","2025-10-24","48.72","AUD","1760561137","14629/2025-10-24/1760561137.json"
"1004617","882331","2025-10-24","55.44","AUD","1760561137","14629/2025-10-24/1760561137.json"
"653350","630660","2025-10-25","33.60","AUD","1760561137","14629/2025-10-25/1760561137.json"
"971684","835234","2025-10-25","38.64","AUD","1760561137","14629/2025-10-25/1760561137.json"
"1004618","882330","2025-10-25","45.36","AUD","1760561137","14629/2025-10-25/1760561137.json"
"818510","600849","2025-10-25","48.72","AUD","1760561137","14629/2025-10-25/1760561137.json"
"1004617","882331","2025-10-25","55.44","AUD","1760561137","14629/2025-10-25/1760561137.json"
"653350","630660","2025-10-26","33.60","AUD","1760561137","14629/2025-10-26/1760561137.json"
"971684","835234","2025-10-26","38.64","AUD","1760561137","14629/2025-10-26/1760561137.json"
"1004618","882330","2025-10-26","45.36","AUD","1760561137","14629/2025-10-26/1760561137.json"
"818510","600849","2025-10-26","48.72","AUD","1760561137","14629/2025-10-26/1760561137.json"
"1004617","882331","2025-10-26","55.44","AUD","1760561137","14629/2025-10-26/1760561137.json"
"653350","630660","2025-10-27","33.60","AUD","1760561137","14629/2025-10-27/1760561137.json"
"971684","835234","2025-10-27","38.64","AUD","1760561137","14629/2025-10-27/1760561137.json"
"1004618","882330","2025-10-27","45.36","AUD","1760561137","14629/2025-10-27/1760561137.json"
"818510","600849","2025-10-27","48.72","AUD","1760561137","14629/2025-10-27/1760561137.json"
"1004617","882331","2025-10-27","55.44","AUD","1760561137","14629/2025-10-27/1760561137.json"
"971684","835234","2025-10-29","38.64","AUD","1760561137","14629/2025-10-29/1760561137.json"
"1004618","882330","2025-10-29","45.36","AUD","1760561137","14629/2025-10-29/1760561137.json"
"818510","600849","2025-10-29","48.72","AUD","1760561137","14629/2025-10-29/1760561137.json"
"1004617","882331","2025-10-29","55.44","AUD","1760561137","14629/2025-10-29/1760561137.json"
"971684","835234","2025-10-30","38.64","AUD","1760561137","14629/2025-10-30/1760561137.json"
"1004618","882330","2025-10-30","45.36","AUD","1760561137","14629/2025-10-30/1760561137.json"
"818510","600849","2025-10-30","48.72","AUD","1760561137","14629/2025-10-30/1760561137.json"
"1004617","882331","2025-10-30","55.44","AUD","1760561137","14629/2025-10-30/1760561137.json"
"971684","835234","2025-10-31","38.64","AUD","1760561137","14629/2025-10-31/1760561137.json"
"1004618","882330","2025-10-31","45.36","AUD","1760561137","14629/2025-10-31/1760561137.json"
"818510","600849","2025-10-31","48.72","AUD","1760561137","14629/2025-10-31/1760561137.json"
"1004617","882331","2025-10-31","55.44","AUD","1760561137","14629/2025-10-31/1760561137.json"
"653350","630660","2025-10-28","33.60","AUD","1760561137","14629/2025-10-28/1760561137.json"
"971684","835234","2025-10-28","38.64","AUD","1760561137","14629/2025-10-28/1760561137.json"
"1004618","882330","2025-10-28","45.36","AUD","1760561137","14629/2025-10-28/1760561137.json"
"818510","600849","2025-10-28","48.72","AUD","1760561137","14629/2025-10-28/1760561137.json"
"1004617","882331","2025-10-28","55.44","AUD","1760561137","14629/2025-10-28/1760561137.json"
"971684","835234","2025-11-01","38.64","AUD","1760561137","14629/2025-11-01/1760561137.json"
"1004618","882330","2025-11-01","45.36","AUD","1760561137","14629/2025-11-01/1760561137.json"
"818510","600849","2025-11-01","48.72","AUD","1760561137","14629/2025-11-01/1760561137.json"
"1004617","882331","2025-11-01","55.44","AUD","1760561137","14629/2025-11-01/1760561137.json"
"971684","835234","2025-11-02","38.64","AUD","1760561137","14629/2025-11-02/1760561137.json"
"1004618","882330","2025-11-02","45.36","AUD","1760561137","14629/2025-11-02/1760561137.json"
"818510","600849","2025-11-02","48.72","AUD","1760561137","14629/2025-11-02/1760561137.json"
"1004617","882331","2025-11-02","55.44","AUD","1760561137","14629/2025-11-02/1760561137.json"
"971684","835234","2025-11-03","38.64","AUD","1760561137","14629/2025-11-03/1760561137.json"
"1004618","882330","2025-11-03","45.36","AUD","1760561137","14629/2025-11-03/1760561137.json"
"1004617","882331","2025-11-03","55.44","AUD","1760561137","14629/2025-11-03/1760561137.json"
"971684","835234","2025-11-04","38.64","AUD","1760561137","14629/2025-11-04/1760561137.json"
"1004618","882330","2025-11-04","45.36","AUD","1760561137","14629/2025-11-04/1760561137.json"
"1004617","882331","2025-11-04","55.44","AUD","1760561137","14629/2025-11-04/1760561137.json"
"971684","835234","2025-11-05","38.64","AUD","1760561137","14629/2025-11-05/1760561137.json"
"1004618","882330","2025-11-05","45.36","AUD","1760561137","14629/2025-11-05/1760561137.json"
"971684","835234","2025-11-06","38.64","AUD","1760561137","14629/2025-11-06/1760561137.json"
"1004618","882330","2025-11-06","45.36","AUD","1760561137","14629/2025-11-06/1760561137.json"
"653350","630660","2025-10-19","33.60","AUD","1760584841","14629/2025-10-19/1760584841.json"
"971684","835234","2025-10-16","38.64","AUD","1760584841","14629/2025-10-16/1760584841.json"
"653350","630660","2025-10-20","33.60","AUD","1760584841","14629/2025-10-20/1760584841.json"
"971684","835234","2025-10-20","38.64","AUD","1760584841","14629/2025-10-20/1760584841.json"
"818510","600849","2025-10-20","48.72","AUD","1760584841","14629/2025-10-20/1760584841.json"
"653350","630660","2025-10-21","33.60","AUD","1760584841","14629/2025-10-21/1760584841.json"
"971684","835234","2025-10-21","38.64","AUD","1760584841","14629/2025-10-21/1760584841.json"
"1004618","882330","2025-10-21","45.36","AUD","1760584841","14629/2025-10-21/1760584841.json"
"818510","600849","2025-10-21","48.72","AUD","1760584841","14629/2025-10-21/1760584841.json"
"653350","630660","2025-10-22","33.60","AUD","1760584841","14629/2025-10-22/1760584841.json"
"971684","835234","2025-10-22","38.64","AUD","1760584841","14629/2025-10-22/1760584841.json"
"1004618","882330","2025-10-22","45.36","AUD","1760584841","14629/2025-10-22/1760584841.json"
"818510","600849","2025-10-22","48.72","AUD","1760584841","14629/2025-10-22/1760584841.json"
"1004617","882331","2025-10-22","55.44","AUD","1760584841","14629/2025-10-22/1760584841.json"
"653350","630660","2025-10-23","33.60","AUD","1760584841","14629/2025-10-23/1760584841.json"
"971684","835234","2025-10-23","38.64","AUD","1760584841","14629/2025-10-23/1760584841.json"
"1004618","882330","2025-10-23","45.36","AUD","1760584841","14629/2025-10-23/1760584841.json"
"818510","600849","2025-10-23","48.72","AUD","1760584841","14629/2025-10-23/1760584841.json"
"1004617","882331","2025-10-23","55.44","AUD","1760584841","14629/2025-10-23/1760584841.json"
"653350","630660","2025-10-24","33.60","AUD","1760584841","14629/2025-10-24/1760584841.json"
"971684","835234","2025-10-24","38.64","AUD","1760584841","14629/2025-10-24/1760584841.json"
"1004618","882330","2025-10-24","45.36","AUD","1760584841","14629/2025-10-24/1760584841.json"
"818510","600849","2025-10-24","48.72","AUD","1760584841","14629/2025-10-24/1760584841.json"
"1004617","882331","2025-10-24","55.44","AUD","1760584841","14629/2025-10-24/1760584841.json"
"653350","630660","2025-10-25","33.60","AUD","1760584841","14629/2025-10-25/1760584841.json"
"971684","835234","2025-10-25","38.64","AUD","1760584841","14629/2025-10-25/1760584841.json"
"1004618","882330","2025-10-25","45.36","AUD","1760584841","14629/2025-10-25/1760584841.json"
"818510","600849","2025-10-25","48.72","AUD","1760584841","14629/2025-10-25/1760584841.json"
"1004617","882331","2025-10-25","55.44","AUD","1760584841","14629/2025-10-25/1760584841.json"
"653350","630660","2025-10-26","33.60","AUD","1760584841","14629/2025-10-26/1760584841.json"
"971684","835234","2025-10-26","38.64","AUD","1760584841","14629/2025-10-26/1760584841.json"
"1004618","882330","2025-10-26","45.36","AUD","1760584841","14629/2025-10-26/1760584841.json"
"818510","600849","2025-10-26","48.72","AUD","1760584841","14629/2025-10-26/1760584841.json"
"1004617","882331","2025-10-26","55.44","AUD","1760584841","14629/2025-10-26/1760584841.json"
"653350","630660","2025-10-28","33.60","AUD","1760584841","14629/2025-10-28/1760584841.json"
"971684","835234","2025-10-28","38.64","AUD","1760584841","14629/2025-10-28/1760584841.json"
"1004618","882330","2025-10-28","45.36","AUD","1760584841","14629/2025-10-28/1760584841.json"
"818510","600849","2025-10-28","48.72","AUD","1760584841","14629/2025-10-28/1760584841.json"
"1004617","882331","2025-10-28","55.44","AUD","1760584841","14629/2025-10-28/1760584841.json"
"971684","835234","2025-10-30","38.64","AUD","1760584841","14629/2025-10-30/1760584841.json"
"1004618","882330","2025-10-30","45.36","AUD","1760584841","14629/2025-10-30/1760584841.json"
"818510","600849","2025-10-30","48.72","AUD","1760584841","14629/2025-10-30/1760584841.json"
"1004617","882331","2025-10-30","55.44","AUD","1760584841","14629/2025-10-30/1760584841.json"
"653350","630660","2025-10-27","33.60","AUD","1760584841","14629/2025-10-27/1760584841.json"
"971684","835234","2025-10-29","38.64","AUD","1760584841","14629/2025-10-29/1760584841.json"
"971684","835234","2025-10-27","38.64","AUD","1760584841","14629/2025-10-27/1760584841.json"
"1004618","882330","2025-10-29","45.36","AUD","1760584841","14629/2025-10-29/1760584841.json"
"818510","600849","2025-10-29","48.72","AUD","1760584841","14629/2025-10-29/1760584841.json"
"1004618","882330","2025-10-27","45.36","AUD","1760584841","14629/2025-10-27/1760584841.json"
"1004617","882331","2025-10-29","55.44","AUD","1760584841","14629/2025-10-29/1760584841.json"
"818510","600849","2025-10-27","48.72","AUD","1760584841","14629/2025-10-27/1760584841.json"
"1004617","882331","2025-10-27","55.44","AUD","1760584841","14629/2025-10-27/1760584841.json"
"971684","835234","2025-10-31","38.64","AUD","1760584841","14629/2025-10-31/1760584841.json"
"1004618","882330","2025-10-31","45.36","AUD","1760584841","14629/2025-10-31/1760584841.json"
"818510","600849","2025-10-31","48.72","AUD","1760584841","14629/2025-10-31/1760584841.json"
"1004617","882331","2025-10-31","55.44","AUD","1760584841","14629/2025-10-31/1760584841.json"
"971684","835234","2025-11-01","38.64","AUD","1760584841","14629/2025-11-01/1760584841.json"
"1004618","882330","2025-11-01","45.36","AUD","1760584841","14629/2025-11-01/1760584841.json"
"818510","600849","2025-11-01","48.72","AUD","1760584841","14629/2025-11-01/1760584841.json"
"1004617","882331","2025-11-01","55.44","AUD","1760584841","14629/2025-11-01/1760584841.json"
"971684","835234","2025-11-03","38.64","AUD","1760584841","14629/2025-11-03/1760584841.json"
"1004618","882330","2025-11-03","45.36","AUD","1760584841","14629/2025-11-03/1760584841.json"
"1004617","882331","2025-11-03","55.44","AUD","1760584841","14629/2025-11-03/1760584841.json"
"971684","835234","2025-11-02","38.64","AUD","1760584841","14629/2025-11-02/1760584841.json"
"1004618","882330","2025-11-02","45.36","AUD","1760584841","14629/2025-11-02/1760584841.json"
"818510","600849","2025-11-02","48.72","AUD","1760584841","14629/2025-11-02/1760584841.json"
"1004617","882331","2025-11-02","55.44","AUD","1760584841","14629/2025-11-02/1760584841.json"
"971684","835234","2025-11-04","38.64","AUD","1760584841","14629/2025-11-04/1760584841.json"
"1004618","882330","2025-11-04","45.36","AUD","1760584841","14629/2025-11-04/1760584841.json"
"1004617","882331","2025-11-04","55.44","AUD","1760584841","14629/2025-11-04/1760584841.json"
"971684","835234","2025-11-05","38.64","AUD","1760584841","14629/2025-11-05/1760584841.json"
"1004618","882330","2025-11-05","45.36","AUD","1760584841","14629/2025-11-05/1760584841.json"
"971684","835234","2025-11-06","38.64","AUD","1760584841","14629/2025-11-06/1760584841.json"
"1004618","882330","2025-11-06","45.36","AUD","1760584841","14629/2025-11-06/1760584841.json"
"971684","835234","2025-10-16","38.64","AUD","1760589830","14629/2025-10-16/1760589830.json"
"653350","630660","2025-10-19","33.60","AUD","1760589830","14629/2025-10-19/1760589830.json"
"653350","630660","2025-10-20","33.60","AUD","1760589830","14629/2025-10-20/1760589830.json"
"971684","835234","2025-10-20","38.64","AUD","1760589830","14629/2025-10-20/1760589830.json"
"818510","600849","2025-10-20","48.72","AUD","1760589830","14629/2025-10-20/1760589830.json"
"653350","630660","2025-10-22","33.60","AUD","1760589830","14629/2025-10-22/1760589830.json"
"971684","835234","2025-10-22","38.64","AUD","1760589830","14629/2025-10-22/1760589830.json"
"1004618","882330","2025-10-22","45.36","AUD","1760589830","14629/2025-10-22/1760589830.json"
"818510","600849","2025-10-22","48.72","AUD","1760589830","14629/2025-10-22/1760589830.json"
"1004617","882331","2025-10-22","55.44","AUD","1760589830","14629/2025-10-22/1760589830.json"
"653350","630660","2025-10-23","33.60","AUD","1760589830","14629/2025-10-23/1760589830.json"
"971684","835234","2025-10-23","38.64","AUD","1760589830","14629/2025-10-23/1760589830.json"
"1004618","882330","2025-10-23","45.36","AUD","1760589830","14629/2025-10-23/1760589830.json"
"818510","600849","2025-10-23","48.72","AUD","1760589830","14629/2025-10-23/1760589830.json"
"1004617","882331","2025-10-23","55.44","AUD","1760589830","14629/2025-10-23/1760589830.json"
"653350","630660","2025-10-21","33.60","AUD","1760589830","14629/2025-10-21/1760589830.json"
"971684","835234","2025-10-21","38.64","AUD","1760589830","14629/2025-10-21/1760589830.json"
"1004618","882330","2025-10-21","45.36","AUD","1760589830","14629/2025-10-21/1760589830.json"
"818510","600849","2025-10-21","48.72","AUD","1760589830","14629/2025-10-21/1760589830.json"
"653350","630660","2025-10-24","33.60","AUD","1760589830","14629/2025-10-24/1760589830.json"
"971684","835234","2025-10-24","38.64","AUD","1760589830","14629/2025-10-24/1760589830.json"
"1004618","882330","2025-10-24","45.36","AUD","1760589830","14629/2025-10-24/1760589830.json"
"818510","600849","2025-10-24","48.72","AUD","1760589830","14629/2025-10-24/1760589830.json"
"1004617","882331","2025-10-24","55.44","AUD","1760589830","14629/2025-10-24/1760589830.json"
"653350","630660","2025-10-25","33.60","AUD","1760589830","14629/2025-10-25/1760589830.json"
"971684","835234","2025-10-25","38.64","AUD","1760589830","14629/2025-10-25/1760589830.json"
"1004618","882330","2025-10-25","45.36","AUD","1760589830","14629/2025-10-25/1760589830.json"
"818510","600849","2025-10-25","48.72","AUD","1760589830","14629/2025-10-25/1760589830.json"
"1004617","882331","2025-10-25","55.44","AUD","1760589830","14629/2025-10-25/1760589830.json"
"653350","630660","2025-10-26","33.60","AUD","1760589830","14629/2025-10-26/1760589830.json"
"971684","835234","2025-10-26","38.64","AUD","1760589830","14629/2025-10-26/1760589830.json"
"1004618","882330","2025-10-26","45.36","AUD","1760589830","14629/2025-10-26/1760589830.json"
"818510","600849","2025-10-26","48.72","AUD","1760589830","14629/2025-10-26/1760589830.json"
"1004617","882331","2025-10-26","55.44","AUD","1760589830","14629/2025-10-26/1760589830.json"
"653350","630660","2025-10-27","33.60","AUD","1760589830","14629/2025-10-27/1760589830.json"
"971684","835234","2025-10-27","38.64","AUD","1760589830","14629/2025-10-27/1760589830.json"
"1004618","882330","2025-10-27","45.36","AUD","1760589830","14629/2025-10-27/1760589830.json"
"818510","600849","2025-10-27","48.72","AUD","1760589830","14629/2025-10-27/1760589830.json"
"1004617","882331","2025-10-27","55.44","AUD","1760589830","14629/2025-10-27/1760589830.json"
"653350","630660","2025-10-28","33.60","AUD","1760589830","14629/2025-10-28/1760589830.json"
"971684","835234","2025-10-28","38.64","AUD","1760589830","14629/2025-10-28/1760589830.json"
"1004618","882330","2025-10-28","45.36","AUD","1760589830","14629/2025-10-28/1760589830.json"
"818510","600849","2025-10-28","48.72","AUD","1760589830","14629/2025-10-28/1760589830.json"
"1004617","882331","2025-10-28","55.44","AUD","1760589830","14629/2025-10-28/1760589830.json"
"971684","835234","2025-10-29","38.64","AUD","1760589830","14629/2025-10-29/1760589830.json"
"1004618","882330","2025-10-29","45.36","AUD","1760589830","14629/2025-10-29/1760589830.json"
"818510","600849","2025-10-29","48.72","AUD","1760589830","14629/2025-10-29/1760589830.json"
"971684","835234","2025-10-30","38.64","AUD","1760589830","14629/2025-10-30/1760589830.json"
"1004617","882331","2025-10-29","55.44","AUD","1760589830","14629/2025-10-29/1760589830.json"
"1004618","882330","2025-10-30","45.36","AUD","1760589830","14629/2025-10-30/1760589830.json"
"818510","600849","2025-10-30","48.72","AUD","1760589830","14629/2025-10-30/1760589830.json"
"1004617","882331","2025-10-30","55.44","AUD","1760589830","14629/2025-10-30/1760589830.json"
"971684","835234","2025-10-31","38.64","AUD","1760589830","14629/2025-10-31/1760589830.json"
"1004618","882330","2025-10-31","45.36","AUD","1760589830","14629/2025-10-31/1760589830.json"
"818510","600849","2025-10-31","48.72","AUD","1760589830","14629/2025-10-31/1760589830.json"
"1004617","882331","2025-10-31","55.44","AUD","1760589830","14629/2025-10-31/1760589830.json"
"971684","835234","2025-11-01","38.64","AUD","1760589830","14629/2025-11-01/1760589830.json"
"1004618","882330","2025-11-01","45.36","AUD","1760589830","14629/2025-11-01/1760589830.json"
"818510","600849","2025-11-01","48.72","AUD","1760589830","14629/2025-11-01/1760589830.json"
"1004617","882331","2025-11-01","55.44","AUD","1760589830","14629/2025-11-01/1760589830.json"
"971684","835234","2025-11-04","38.64","AUD","1760589830","14629/2025-11-04/1760589830.json"
"1004618","882330","2025-11-04","45.36","AUD","1760589830","14629/2025-11-04/1760589830.json"
"1004617","882331","2025-11-04","55.44","AUD","1760589830","14629/2025-11-04/1760589830.json"
"971684","835234","2025-11-02","38.64","AUD","1760589830","14629/2025-11-02/1760589830.json"
"1004618","882330","2025-11-02","45.36","AUD","1760589830","14629/2025-11-02/1760589830.json"
"818510","600849","2025-11-02","48.72","AUD","1760589830","14629/2025-11-02/1760589830.json"
"1004617","882331","2025-11-02","55.44","AUD","1760589830","14629/2025-11-02/1760589830.json"
"971684","835234","2025-11-03","38.64","AUD","1760589830","14629/2025-11-03/1760589830.json"
"1004618","882330","2025-11-03","45.36","AUD","1760589830","14629/2025-11-03/1760589830.json"
"1004617","882331","2025-11-03","55.44","AUD","1760589830","14629/2025-11-03/1760589830.json"
"971684","835234","2025-11-05","38.64","AUD","1760589830","14629/2025-11-05/1760589830.json"
"1004618","882330","2025-11-05","45.36","AUD","1760589830","14629/2025-11-05/1760589830.json"
"971684","835234","2025-11-06","38.64","AUD","1760589830","14629/2025-11-06/1760589830.json"
"1004618","882330","2025-11-06","45.36","AUD","1760589830","14629/2025-11-06/1760589830.json"
"653350","630660","2025-10-19","33.60","AUD","1760605111","14629/2025-10-19/1760605111.json"
"653350","630660","2025-10-22","33.60","AUD","1760605111","14629/2025-10-22/1760605111.json"
"971684","835234","2025-10-22","38.64","AUD","1760605111","14629/2025-10-22/1760605111.json"
"1004618","882330","2025-10-22","45.36","AUD","1760605111","14629/2025-10-22/1760605111.json"
"818510","600849","2025-10-22","48.72","AUD","1760605111","14629/2025-10-22/1760605111.json"
"1004617","882331","2025-10-22","55.44","AUD","1760605111","14629/2025-10-22/1760605111.json"
"653350","630660","2025-10-20","33.60","AUD","1760605111","14629/2025-10-20/1760605111.json"
"971684","835234","2025-10-20","38.64","AUD","1760605111","14629/2025-10-20/1760605111.json"
"653350","630660","2025-10-23","33.60","AUD","1760605111","14629/2025-10-23/1760605111.json"
"818510","600849","2025-10-20","48.72","AUD","1760605111","14629/2025-10-20/1760605111.json"
"971684","835234","2025-10-23","38.64","AUD","1760605111","14629/2025-10-23/1760605111.json"
"1004618","882330","2025-10-23","45.36","AUD","1760605111","14629/2025-10-23/1760605111.json"
"818510","600849","2025-10-23","48.72","AUD","1760605111","14629/2025-10-23/1760605111.json"
"1004617","882331","2025-10-23","55.44","AUD","1760605111","14629/2025-10-23/1760605111.json"
"653350","630660","2025-10-24","33.60","AUD","1760605111","14629/2025-10-24/1760605111.json"
"971684","835234","2025-10-24","38.64","AUD","1760605111","14629/2025-10-24/1760605111.json"
"1004618","882330","2025-10-24","45.36","AUD","1760605111","14629/2025-10-24/1760605111.json"
"818510","600849","2025-10-24","48.72","AUD","1760605111","14629/2025-10-24/1760605111.json"
"1004617","882331","2025-10-24","55.44","AUD","1760605111","14629/2025-10-24/1760605111.json"
"653350","630660","2025-10-26","33.60","AUD","1760605111","14629/2025-10-26/1760605111.json"
"971684","835234","2025-10-26","38.64","AUD","1760605111","14629/2025-10-26/1760605111.json"
"1004618","882330","2025-10-26","45.36","AUD","1760605111","14629/2025-10-26/1760605111.json"
"818510","600849","2025-10-26","48.72","AUD","1760605111","14629/2025-10-26/1760605111.json"
"1004617","882331","2025-10-26","55.44","AUD","1760605111","14629/2025-10-26/1760605111.json"
"653350","630660","2025-10-25","33.60","AUD","1760605111","14629/2025-10-25/1760605111.json"
"971684","835234","2025-10-25","38.64","AUD","1760605111","14629/2025-10-25/1760605111.json"
"1004618","882330","2025-10-25","45.36","AUD","1760605111","14629/2025-10-25/1760605111.json"
"818510","600849","2025-10-25","48.72","AUD","1760605111","14629/2025-10-25/1760605111.json"
"1004617","882331","2025-10-25","55.44","AUD","1760605111","14629/2025-10-25/1760605111.json"
"653350","630660","2025-10-27","33.60","AUD","1760605111","14629/2025-10-27/1760605111.json"
"971684","835234","2025-10-27","38.64","AUD","1760605111","14629/2025-10-27/1760605111.json"
"1004618","882330","2025-10-27","45.36","AUD","1760605111","14629/2025-10-27/1760605111.json"
"818510","600849","2025-10-27","48.72","AUD","1760605111","14629/2025-10-27/1760605111.json"
"1004617","882331","2025-10-27","55.44","AUD","1760605111","14629/2025-10-27/1760605111.json"
"653350","630660","2025-10-28","33.60","AUD","1760605111","14629/2025-10-28/1760605111.json"
"971684","835234","2025-10-29","38.64","AUD","1760605111","14629/2025-10-29/1760605111.json"
"971684","835234","2025-10-28","38.64","AUD","1760605111","14629/2025-10-28/1760605111.json"
"1004618","882330","2025-10-29","45.36","AUD","1760605111","14629/2025-10-29/1760605111.json"
"1004618","882330","2025-10-28","45.36","AUD","1760605111","14629/2025-10-28/1760605111.json"
"818510","600849","2025-10-29","48.72","AUD","1760605111","14629/2025-10-29/1760605111.json"
"1004617","882331","2025-10-29","55.44","AUD","1760605111","14629/2025-10-29/1760605111.json"
"818510","600849","2025-10-28","48.72","AUD","1760605111","14629/2025-10-28/1760605111.json"
"1004617","882331","2025-10-28","55.44","AUD","1760605111","14629/2025-10-28/1760605111.json"
"971684","835234","2025-10-30","38.64","AUD","1760605111","14629/2025-10-30/1760605111.json"
"1004618","882330","2025-10-30","45.36","AUD","1760605111","14629/2025-10-30/1760605111.json"
"818510","600849","2025-10-30","48.72","AUD","1760605111","14629/2025-10-30/1760605111.json"
"1004617","882331","2025-10-30","55.44","AUD","1760605111","14629/2025-10-30/1760605111.json"
"971684","835234","2025-10-31","38.64","AUD","1760605111","14629/2025-10-31/1760605111.json"
"1004618","882330","2025-10-31","45.36","AUD","1760605111","14629/2025-10-31/1760605111.json"
"818510","600849","2025-10-31","48.72","AUD","1760605111","14629/2025-10-31/1760605111.json"
"1004617","882331","2025-10-31","55.44","AUD","1760605111","14629/2025-10-31/1760605111.json"
"971684","835234","2025-11-01","38.64","AUD","1760605111","14629/2025-11-01/1760605111.json"
"1004618","882330","2025-11-01","45.36","AUD","1760605111","14629/2025-11-01/1760605111.json"
"818510","600849","2025-11-01","48.72","AUD","1760605111","14629/2025-11-01/1760605111.json"
"1004617","882331","2025-11-01","55.44","AUD","1760605111","14629/2025-11-01/1760605111.json"
"971684","835234","2025-11-02","38.64","AUD","1760605111","14629/2025-11-02/1760605111.json"
"1004618","882330","2025-11-02","45.36","AUD","1760605111","14629/2025-11-02/1760605111.json"
"818510","600849","2025-11-02","48.72","AUD","1760605111","14629/2025-11-02/1760605111.json"
"1004617","882331","2025-11-02","55.44","AUD","1760605111","14629/2025-11-02/1760605111.json"
"971684","835234","2025-11-04","38.64","AUD","1760605111","14629/2025-11-04/1760605111.json"
"1004618","882330","2025-11-04","45.36","AUD","1760605111","14629/2025-11-04/1760605111.json"
"971684","835234","2025-11-03","38.64","AUD","1760605111","14629/2025-11-03/1760605111.json"
"1004617","882331","2025-11-04","55.44","AUD","1760605111","14629/2025-11-04/1760605111.json"
"1004618","882330","2025-11-03","45.36","AUD","1760605111","14629/2025-11-03/1760605111.json"
"1004617","882331","2025-11-03","55.44","AUD","1760605111","14629/2025-11-03/1760605111.json"
"971684","835234","2025-11-05","38.64","AUD","1760605111","14629/2025-11-05/1760605111.json"
"1004618","882330","2025-11-05","45.36","AUD","1760605111","14629/2025-11-05/1760605111.json"
"971684","835234","2025-11-06","38.64","AUD","1760605111","14629/2025-11-06/1760605111.json"
"1004618","882330","2025-11-06","45.36","AUD","1760605111","14629/2025-11-06/1760605111.json"
"653350","630660","2025-10-21","33.60","AUD","1760605111","14629/2025-10-21/1760605111.json"
"971684","835234","2025-10-21","38.64","AUD","1760605111","14629/2025-10-21/1760605111.json"
"1004618","882330","2025-10-21","45.36","AUD","1760605111","14629/2025-10-21/1760605111.json"
"818510","600849","2025-10-21","48.72","AUD","1760605111","14629/2025-10-21/1760605111.json"
"653350","630660","2025-10-19","33.60","AUD","1760622485","14629/2025-10-19/1760622485.json"
"653350","630660","2025-10-20","33.60","AUD","1760622485","14629/2025-10-20/1760622485.json"
"971684","835234","2025-10-20","38.64","AUD","1760622485","14629/2025-10-20/1760622485.json"
"818510","600849","2025-10-20","48.72","AUD","1760622485","14629/2025-10-20/1760622485.json"
"653350","630660","2025-10-21","33.60","AUD","1760622485","14629/2025-10-21/1760622485.json"
"971684","835234","2025-10-21","38.64","AUD","1760622485","14629/2025-10-21/1760622485.json"
"1004618","882330","2025-10-21","45.36","AUD","1760622485","14629/2025-10-21/1760622485.json"
"818510","600849","2025-10-21","48.72","AUD","1760622485","14629/2025-10-21/1760622485.json"
"653350","630660","2025-10-22","33.60","AUD","1760622485","14629/2025-10-22/1760622485.json"
"971684","835234","2025-10-22","38.64","AUD","1760622485","14629/2025-10-22/1760622485.json"
"1004618","882330","2025-10-22","45.36","AUD","1760622485","14629/2025-10-22/1760622485.json"
"818510","600849","2025-10-22","48.72","AUD","1760622485","14629/2025-10-22/1760622485.json"
"1004617","882331","2025-10-22","55.44","AUD","1760622485","14629/2025-10-22/1760622485.json"
"653350","630660","2025-10-23","33.60","AUD","1760622485","14629/2025-10-23/1760622485.json"
"971684","835234","2025-10-23","38.64","AUD","1760622485","14629/2025-10-23/1760622485.json"
"1004618","882330","2025-10-23","45.36","AUD","1760622485","14629/2025-10-23/1760622485.json"
"818510","600849","2025-10-23","48.72","AUD","1760622485","14629/2025-10-23/1760622485.json"
"1004617","882331","2025-10-23","55.44","AUD","1760622485","14629/2025-10-23/1760622485.json"
"653350","630660","2025-10-24","33.60","AUD","1760622485","14629/2025-10-24/1760622485.json"
"971684","835234","2025-10-24","38.64","AUD","1760622485","14629/2025-10-24/1760622485.json"
"1004618","882330","2025-10-24","45.36","AUD","1760622485","14629/2025-10-24/1760622485.json"
"818510","600849","2025-10-24","48.72","AUD","1760622485","14629/2025-10-24/1760622485.json"
"1004617","882331","2025-10-24","55.44","AUD","1760622485","14629/2025-10-24/1760622485.json"
"653350","630660","2025-10-25","33.60","AUD","1760622485","14629/2025-10-25/1760622485.json"
"971684","835234","2025-10-25","38.64","AUD","1760622485","14629/2025-10-25/1760622485.json"
"1004618","882330","2025-10-25","45.36","AUD","1760622485","14629/2025-10-25/1760622485.json"
"818510","600849","2025-10-25","48.72","AUD","1760622485","14629/2025-10-25/1760622485.json"
"1004617","882331","2025-10-25","55.44","AUD","1760622485","14629/2025-10-25/1760622485.json"
"653350","630660","2025-10-27","33.60","AUD","1760622485","14629/2025-10-27/1760622485.json"
"971684","835234","2025-10-27","38.64","AUD","1760622485","14629/2025-10-27/1760622485.json"
"1004618","882330","2025-10-27","45.36","AUD","1760622485","14629/2025-10-27/1760622485.json"
"818510","600849","2025-10-27","48.72","AUD","1760622485","14629/2025-10-27/1760622485.json"
"1004617","882331","2025-10-27","55.44","AUD","1760622485","14629/2025-10-27/1760622485.json"
"653350","630660","2025-10-26","33.60","AUD","1760622485","14629/2025-10-26/1760622485.json"
"971684","835234","2025-10-26","38.64","AUD","1760622485","14629/2025-10-26/1760622485.json"
"1004618","882330","2025-10-26","45.36","AUD","1760622485","14629/2025-10-26/1760622485.json"
"818510","600849","2025-10-26","48.72","AUD","1760622485","14629/2025-10-26/1760622485.json"
"1004617","882331","2025-10-26","55.44","AUD","1760622485","14629/2025-10-26/1760622485.json"
"971684","835234","2025-10-29","38.64","AUD","1760622485","14629/2025-10-29/1760622485.json"
"1004618","882330","2025-10-29","45.36","AUD","1760622485","14629/2025-10-29/1760622485.json"
"818510","600849","2025-10-29","48.72","AUD","1760622485","14629/2025-10-29/1760622485.json"
"1004617","882331","2025-10-29","55.44","AUD","1760622485","14629/2025-10-29/1760622485.json"
"653350","630660","2025-10-28","33.60","AUD","1760622485","14629/2025-10-28/1760622485.json"
"971684","835234","2025-10-28","38.64","AUD","1760622485","14629/2025-10-28/1760622485.json"
"1004618","882330","2025-10-28","45.36","AUD","1760622485","14629/2025-10-28/1760622485.json"
"818510","600849","2025-10-28","48.72","AUD","1760622485","14629/2025-10-28/1760622485.json"
"1004617","882331","2025-10-28","55.44","AUD","1760622485","14629/2025-10-28/1760622485.json"
"971684","835234","2025-10-30","38.64","AUD","1760622485","14629/2025-10-30/1760622485.json"
"1004618","882330","2025-10-30","45.36","AUD","1760622485","14629/2025-10-30/1760622485.json"
"818510","600849","2025-10-30","48.72","AUD","1760622485","14629/2025-10-30/1760622485.json"
"1004617","882331","2025-10-30","55.44","AUD","1760622485","14629/2025-10-30/1760622485.json"
"971684","835234","2025-10-31","38.64","AUD","1760622485","14629/2025-10-31/1760622485.json"
"1004618","882330","2025-10-31","45.36","AUD","1760622485","14629/2025-10-31/1760622485.json"
"818510","600849","2025-10-31","48.72","AUD","1760622485","14629/2025-10-31/1760622485.json"
"1004617","882331","2025-10-31","55.44","AUD","1760622485","14629/2025-10-31/1760622485.json"
"971684","835234","2025-11-01","38.64","AUD","1760622485","14629/2025-11-01/1760622485.json"
"1004618","882330","2025-11-01","45.36","AUD","1760622485","14629/2025-11-01/1760622485.json"
"818510","600849","2025-11-01","48.72","AUD","1760622485","14629/2025-11-01/1760622485.json"
"1004617","882331","2025-11-01","55.44","AUD","1760622485","14629/2025-11-01/1760622485.json"
"971684","835234","2025-11-02","38.64","AUD","1760622485","14629/2025-11-02/1760622485.json"
"1004618","882330","2025-11-02","45.36","AUD","1760622485","14629/2025-11-02/1760622485.json"
"818510","600849","2025-11-02","48.72","AUD","1760622485","14629/2025-11-02/1760622485.json"
"1004617","882331","2025-11-02","55.44","AUD","1760622485","14629/2025-11-02/1760622485.json"
"971684","835234","2025-11-03","38.64","AUD","1760622485","14629/2025-11-03/1760622485.json"
"1004618","882330","2025-11-03","45.36","AUD","1760622485","14629/2025-11-03/1760622485.json"
"1004617","882331","2025-11-03","55.44","AUD","1760622485","14629/2025-11-03/1760622485.json"
"971684","835234","2025-11-04","38.64","AUD","1760622485","14629/2025-11-04/1760622485.json"
"1004618","882330","2025-11-04","45.36","AUD","1760622485","14629/2025-11-04/1760622485.json"
"1004617","882331","2025-11-04","55.44","AUD","1760622485","14629/2025-11-04/1760622485.json"
"971684","835234","2025-11-05","38.64","AUD","1760622485","14629/2025-11-05/1760622485.json"
"1004618","882330","2025-11-05","45.36","AUD","1760622485","14629/2025-11-05/1760622485.json"
"971684","835234","2025-11-06","38.64","AUD","1760622485","14629/2025-11-06/1760622485.json"
"1004618","882330","2025-11-06","45.36","AUD","1760622485","14629/2025-11-06/1760622485.json"
"653350","630660","2025-10-19","33.60","AUD","1760633778","14629/2025-10-19/1760633778.json"
"653350","630660","2025-10-20","33.60","AUD","1760633778","14629/2025-10-20/1760633778.json"
"971684","835234","2025-10-20","38.64","AUD","1760633778","14629/2025-10-20/1760633778.json"
"818510","600849","2025-10-20","48.72","AUD","1760633778","14629/2025-10-20/1760633778.json"
"653350","630660","2025-10-22","33.60","AUD","1760633778","14629/2025-10-22/1760633778.json"
"971684","835234","2025-10-22","38.64","AUD","1760633778","14629/2025-10-22/1760633778.json"
"1004618","882330","2025-10-22","45.36","AUD","1760633778","14629/2025-10-22/1760633778.json"
"818510","600849","2025-10-22","48.72","AUD","1760633778","14629/2025-10-22/1760633778.json"
"1004617","882331","2025-10-22","55.44","AUD","1760633778","14629/2025-10-22/1760633778.json"
"653350","630660","2025-10-21","33.60","AUD","1760633778","14629/2025-10-21/1760633778.json"
"971684","835234","2025-10-21","38.64","AUD","1760633778","14629/2025-10-21/1760633778.json"
"1004618","882330","2025-10-21","45.36","AUD","1760633778","14629/2025-10-21/1760633778.json"
"818510","600849","2025-10-21","48.72","AUD","1760633778","14629/2025-10-21/1760633778.json"
"653350","630660","2025-10-23","33.60","AUD","1760633778","14629/2025-10-23/1760633778.json"
"971684","835234","2025-10-23","38.64","AUD","1760633778","14629/2025-10-23/1760633778.json"
"1004618","882330","2025-10-23","45.36","AUD","1760633778","14629/2025-10-23/1760633778.json"
"818510","600849","2025-10-23","48.72","AUD","1760633778","14629/2025-10-23/1760633778.json"
"1004617","882331","2025-10-23","55.44","AUD","1760633778","14629/2025-10-23/1760633778.json"
"653350","630660","2025-10-24","33.60","AUD","1760633778","14629/2025-10-24/1760633778.json"
"971684","835234","2025-10-24","38.64","AUD","1760633778","14629/2025-10-24/1760633778.json"
"1004618","882330","2025-10-24","45.36","AUD","1760633778","14629/2025-10-24/1760633778.json"
"818510","600849","2025-10-24","48.72","AUD","1760633778","14629/2025-10-24/1760633778.json"
"1004617","882331","2025-10-24","55.44","AUD","1760633778","14629/2025-10-24/1760633778.json"
"653350","630660","2025-10-25","33.60","AUD","1760633778","14629/2025-10-25/1760633778.json"
"971684","835234","2025-10-25","38.64","AUD","1760633778","14629/2025-10-25/1760633778.json"
"1004618","882330","2025-10-25","45.36","AUD","1760633778","14629/2025-10-25/1760633778.json"
"818510","600849","2025-10-25","48.72","AUD","1760633778","14629/2025-10-25/1760633778.json"
"1004617","882331","2025-10-25","55.44","AUD","1760633778","14629/2025-10-25/1760633778.json"
"653350","630660","2025-10-26","33.60","AUD","1760633778","14629/2025-10-26/1760633778.json"
"971684","835234","2025-10-26","38.64","AUD","1760633778","14629/2025-10-26/1760633778.json"
"1004618","882330","2025-10-26","45.36","AUD","1760633778","14629/2025-10-26/1760633778.json"
"818510","600849","2025-10-26","48.72","AUD","1760633778","14629/2025-10-26/1760633778.json"
"1004617","882331","2025-10-26","55.44","AUD","1760633778","14629/2025-10-26/1760633778.json"
"653350","630660","2025-10-27","33.60","AUD","1760633778","14629/2025-10-27/1760633778.json"
"971684","835234","2025-10-27","38.64","AUD","1760633778","14629/2025-10-27/1760633778.json"
"1004618","882330","2025-10-27","45.36","AUD","1760633778","14629/2025-10-27/1760633778.json"
"818510","600849","2025-10-27","48.72","AUD","1760633778","14629/2025-10-27/1760633778.json"
"1004617","882331","2025-10-27","55.44","AUD","1760633778","14629/2025-10-27/1760633778.json"
"653350","630660","2025-10-28","33.60","AUD","1760633778","14629/2025-10-28/1760633778.json"
"971684","835234","2025-10-28","38.64","AUD","1760633778","14629/2025-10-28/1760633778.json"
"1004618","882330","2025-10-28","45.36","AUD","1760633778","14629/2025-10-28/1760633778.json"
"818510","600849","2025-10-28","48.72","AUD","1760633778","14629/2025-10-28/1760633778.json"
"1004617","882331","2025-10-28","55.44","AUD","1760633778","14629/2025-10-28/1760633778.json"
"971684","835234","2025-10-30","38.64","AUD","1760633778","14629/2025-10-30/1760633778.json"
"1004618","882330","2025-10-30","45.36","AUD","1760633778","14629/2025-10-30/1760633778.json"
"818510","600849","2025-10-30","48.72","AUD","1760633778","14629/2025-10-30/1760633778.json"
"1004617","882331","2025-10-30","55.44","AUD","1760633778","14629/2025-10-30/1760633778.json"
"971684","835234","2025-10-29","38.64","AUD","1760633778","14629/2025-10-29/1760633778.json"
"1004618","882330","2025-10-29","45.36","AUD","1760633778","14629/2025-10-29/1760633778.json"
"818510","600849","2025-10-29","48.72","AUD","1760633778","14629/2025-10-29/1760633778.json"
"1004617","882331","2025-10-29","55.44","AUD","1760633778","14629/2025-10-29/1760633778.json"
"971684","835234","2025-10-31","38.64","AUD","1760633778","14629/2025-10-31/1760633778.json"
"1004618","882330","2025-10-31","45.36","AUD","1760633778","14629/2025-10-31/1760633778.json"
"818510","600849","2025-10-31","48.72","AUD","1760633778","14629/2025-10-31/1760633778.json"
"1004617","882331","2025-10-31","55.44","AUD","1760633778","14629/2025-10-31/1760633778.json"
"971684","835234","2025-11-03","38.64","AUD","1760633778","14629/2025-11-03/1760633778.json"
"1004618","882330","2025-11-03","45.36","AUD","1760633778","14629/2025-11-03/1760633778.json"
"1004617","882331","2025-11-03","55.44","AUD","1760633778","14629/2025-11-03/1760633778.json"
"971684","835234","2025-11-04","38.64","AUD","1760633778","14629/2025-11-04/1760633778.json"
"1004618","882330","2025-11-04","45.36","AUD","1760633778","14629/2025-11-04/1760633778.json"
"1004617","882331","2025-11-04","55.44","AUD","1760633778","14629/2025-11-04/1760633778.json"
"971684","835234","2025-11-02","38.64","AUD","1760633778","14629/2025-11-02/1760633778.json"
"1004618","882330","2025-11-02","45.36","AUD","1760633778","14629/2025-11-02/1760633778.json"
"971684","835234","2025-11-01","38.64","AUD","1760633778","14629/2025-11-01/1760633778.json"
"818510","600849","2025-11-02","48.72","AUD","1760633778","14629/2025-11-02/1760633778.json"
"1004618","882330","2025-11-01","45.36","AUD","1760633778","14629/2025-11-01/1760633778.json"
"1004617","882331","2025-11-02","55.44","AUD","1760633778","14629/2025-11-02/1760633778.json"
"818510","600849","2025-11-01","48.72","AUD","1760633778","14629/2025-11-01/1760633778.json"
"1004617","882331","2025-11-01","55.44","AUD","1760633778","14629/2025-11-01/1760633778.json"
"971684","835234","2025-11-06","38.64","AUD","1760633778","14629/2025-11-06/1760633778.json"
"1004618","882330","2025-11-06","45.36","AUD","1760633778","14629/2025-11-06/1760633778.json"
"971684","835234","2025-11-05","38.64","AUD","1760633778","14629/2025-11-05/1760633778.json"
"1004618","882330","2025-11-05","45.36","AUD","1760633778","14629/2025-11-05/1760633778.json"
"653350","630660","2025-10-19","33.60","AUD","1760647427","14629/2025-10-19/1760647427.json"
"653350","630660","2025-10-20","33.60","AUD","1760647427","14629/2025-10-20/1760647427.json"
"971684","835234","2025-10-20","38.64","AUD","1760647427","14629/2025-10-20/1760647427.json"
"818510","600849","2025-10-20","48.72","AUD","1760647427","14629/2025-10-20/1760647427.json"
"653350","630660","2025-10-22","33.60","AUD","1760647427","14629/2025-10-22/1760647427.json"
"971684","835234","2025-10-22","38.64","AUD","1760647427","14629/2025-10-22/1760647427.json"
"1004618","882330","2025-10-22","45.36","AUD","1760647427","14629/2025-10-22/1760647427.json"
"818510","600849","2025-10-22","48.72","AUD","1760647427","14629/2025-10-22/1760647427.json"
"1004617","882331","2025-10-22","55.44","AUD","1760647427","14629/2025-10-22/1760647427.json"
"653350","630660","2025-10-23","33.60","AUD","1760647427","14629/2025-10-23/1760647427.json"
"971684","835234","2025-10-23","38.64","AUD","1760647427","14629/2025-10-23/1760647427.json"
"1004618","882330","2025-10-23","45.36","AUD","1760647427","14629/2025-10-23/1760647427.json"
"818510","600849","2025-10-23","48.72","AUD","1760647427","14629/2025-10-23/1760647427.json"
"1004617","882331","2025-10-23","55.44","AUD","1760647427","14629/2025-10-23/1760647427.json"
"653350","630660","2025-10-21","33.60","AUD","1760647427","14629/2025-10-21/1760647427.json"
"971684","835234","2025-10-21","38.64","AUD","1760647427","14629/2025-10-21/1760647427.json"
"1004618","882330","2025-10-21","45.36","AUD","1760647427","14629/2025-10-21/1760647427.json"
"818510","600849","2025-10-21","48.72","AUD","1760647427","14629/2025-10-21/1760647427.json"
"653350","630660","2025-10-24","33.60","AUD","1760647427","14629/2025-10-24/1760647427.json"
"971684","835234","2025-10-24","38.64","AUD","1760647427","14629/2025-10-24/1760647427.json"
"1004618","882330","2025-10-24","45.36","AUD","1760647427","14629/2025-10-24/1760647427.json"
"818510","600849","2025-10-24","48.72","AUD","1760647427","14629/2025-10-24/1760647427.json"
"1004617","882331","2025-10-24","55.44","AUD","1760647427","14629/2025-10-24/1760647427.json"
"653350","630660","2025-10-25","33.60","AUD","1760647427","14629/2025-10-25/1760647427.json"
"971684","835234","2025-10-25","38.64","AUD","1760647427","14629/2025-10-25/1760647427.json"
"1004618","882330","2025-10-25","45.36","AUD","1760647427","14629/2025-10-25/1760647427.json"
"818510","600849","2025-10-25","48.72","AUD","1760647427","14629/2025-10-25/1760647427.json"
"1004617","882331","2025-10-25","55.44","AUD","1760647427","14629/2025-10-25/1760647427.json"
"653350","630660","2025-10-26","33.60","AUD","1760647427","14629/2025-10-26/1760647427.json"
"971684","835234","2025-10-26","38.64","AUD","1760647427","14629/2025-10-26/1760647427.json"
"1004618","882330","2025-10-26","45.36","AUD","1760647427","14629/2025-10-26/1760647427.json"
"818510","600849","2025-10-26","48.72","AUD","1760647427","14629/2025-10-26/1760647427.json"
"1004617","882331","2025-10-26","55.44","AUD","1760647427","14629/2025-10-26/1760647427.json"
"653350","630660","2025-10-27","33.60","AUD","1760647427","14629/2025-10-27/1760647427.json"
"971684","835234","2025-10-27","38.64","AUD","1760647427","14629/2025-10-27/1760647427.json"
"1004618","882330","2025-10-27","45.36","AUD","1760647427","14629/2025-10-27/1760647427.json"
"818510","600849","2025-10-27","48.72","AUD","1760647427","14629/2025-10-27/1760647427.json"
"1004617","882331","2025-10-27","55.44","AUD","1760647427","14629/2025-10-27/1760647427.json"
"653350","630660","2025-10-28","33.60","AUD","1760647427","14629/2025-10-28/1760647427.json"
"971684","835234","2025-10-28","38.64","AUD","1760647427","14629/2025-10-28/1760647427.json"
"1004618","882330","2025-10-28","45.36","AUD","1760647427","14629/2025-10-28/1760647427.json"
"818510","600849","2025-10-28","48.72","AUD","1760647427","14629/2025-10-28/1760647427.json"
"1004617","882331","2025-10-28","55.44","AUD","1760647427","14629/2025-10-28/1760647427.json"
"971684","835234","2025-10-29","38.64","AUD","1760647427","14629/2025-10-29/1760647427.json"
"1004618","882330","2025-10-29","45.36","AUD","1760647427","14629/2025-10-29/1760647427.json"
"818510","600849","2025-10-29","48.72","AUD","1760647427","14629/2025-10-29/1760647427.json"
"1004617","882331","2025-10-29","55.44","AUD","1760647427","14629/2025-10-29/1760647427.json"
"971684","835234","2025-10-30","38.64","AUD","1760647427","14629/2025-10-30/1760647427.json"
"1004618","882330","2025-10-30","45.36","AUD","1760647427","14629/2025-10-30/1760647427.json"
"818510","600849","2025-10-30","48.72","AUD","1760647427","14629/2025-10-30/1760647427.json"
"1004617","882331","2025-10-30","55.44","AUD","1760647427","14629/2025-10-30/1760647427.json"
"971684","835234","2025-10-31","38.64","AUD","1760647427","14629/2025-10-31/1760647427.json"
"1004618","882330","2025-10-31","45.36","AUD","1760647427","14629/2025-10-31/1760647427.json"
"818510","600849","2025-10-31","48.72","AUD","1760647427","14629/2025-10-31/1760647427.json"
"1004617","882331","2025-10-31","55.44","AUD","1760647427","14629/2025-10-31/1760647427.json"
"971684","835234","2025-11-01","38.64","AUD","1760647427","14629/2025-11-01/1760647427.json"
"1004618","882330","2025-11-01","45.36","AUD","1760647427","14629/2025-11-01/1760647427.json"
"818510","600849","2025-11-01","48.72","AUD","1760647427","14629/2025-11-01/1760647427.json"
"1004617","882331","2025-11-01","55.44","AUD","1760647427","14629/2025-11-01/1760647427.json"
"971684","835234","2025-11-02","38.64","AUD","1760647427","14629/2025-11-02/1760647427.json"
"1004618","882330","2025-11-02","45.36","AUD","1760647427","14629/2025-11-02/1760647427.json"
"818510","600849","2025-11-02","48.72","AUD","1760647427","14629/2025-11-02/1760647427.json"
"1004617","882331","2025-11-02","55.44","AUD","1760647427","14629/2025-11-02/1760647427.json"
"971684","835234","2025-11-03","38.64","AUD","1760647427","14629/2025-11-03/1760647427.json"
"1004618","882330","2025-11-03","45.36","AUD","1760647427","14629/2025-11-03/1760647427.json"
"1004617","882331","2025-11-03","55.44","AUD","1760647427","14629/2025-11-03/1760647427.json"
"971684","835234","2025-11-04","38.64","AUD","1760647427","14629/2025-11-04/1760647427.json"
"1004618","882330","2025-11-04","45.36","AUD","1760647427","14629/2025-11-04/1760647427.json"
"1004617","882331","2025-11-04","55.44","AUD","1760647427","14629/2025-11-04/1760647427.json"
"971684","835234","2025-11-05","38.64","AUD","1760647427","14629/2025-11-05/1760647427.json"
"1004618","882330","2025-11-05","45.36","AUD","1760647427","14629/2025-11-05/1760647427.json"
"971684","835234","2025-11-06","38.64","AUD","1760647427","14629/2025-11-06/1760647427.json"
"1004618","882330","2025-11-06","45.36","AUD","1760647427","14629/2025-11-06/1760647427.json"
"653350","630660","2025-10-18","33.60","AUD","1760671068","14629/2025-10-18/1760671068.json"
"653350","630660","2025-10-20","33.60","AUD","1760671068","14629/2025-10-20/1760671068.json"
"971684","835234","2025-10-20","38.64","AUD","1760671068","14629/2025-10-20/1760671068.json"
"818510","600849","2025-10-20","48.72","AUD","1760671068","14629/2025-10-20/1760671068.json"
"653350","630660","2025-10-19","33.60","AUD","1760671068","14629/2025-10-19/1760671068.json"
"653350","630660","2025-10-21","33.60","AUD","1760671068","14629/2025-10-21/1760671068.json"
"971684","835234","2025-10-21","38.64","AUD","1760671068","14629/2025-10-21/1760671068.json"
"1004618","882330","2025-10-21","45.36","AUD","1760671068","14629/2025-10-21/1760671068.json"
"818510","600849","2025-10-21","48.72","AUD","1760671068","14629/2025-10-21/1760671068.json"
"653350","630660","2025-10-22","33.60","AUD","1760671068","14629/2025-10-22/1760671068.json"
"971684","835234","2025-10-22","38.64","AUD","1760671068","14629/2025-10-22/1760671068.json"
"1004618","882330","2025-10-22","45.36","AUD","1760671068","14629/2025-10-22/1760671068.json"
"818510","600849","2025-10-22","48.72","AUD","1760671068","14629/2025-10-22/1760671068.json"
"1004617","882331","2025-10-22","55.44","AUD","1760671068","14629/2025-10-22/1760671068.json"
"653350","630660","2025-10-24","33.60","AUD","1760671068","14629/2025-10-24/1760671068.json"
"971684","835234","2025-10-24","38.64","AUD","1760671068","14629/2025-10-24/1760671068.json"
"1004618","882330","2025-10-24","45.36","AUD","1760671068","14629/2025-10-24/1760671068.json"
"818510","600849","2025-10-24","48.72","AUD","1760671068","14629/2025-10-24/1760671068.json"
"1004617","882331","2025-10-24","55.44","AUD","1760671068","14629/2025-10-24/1760671068.json"
"653350","630660","2025-10-23","33.60","AUD","1760671068","14629/2025-10-23/1760671068.json"
"971684","835234","2025-10-23","38.64","AUD","1760671068","14629/2025-10-23/1760671068.json"
"1004618","882330","2025-10-23","45.36","AUD","1760671068","14629/2025-10-23/1760671068.json"
"818510","600849","2025-10-23","48.72","AUD","1760671068","14629/2025-10-23/1760671068.json"
"1004617","882331","2025-10-23","55.44","AUD","1760671068","14629/2025-10-23/1760671068.json"
"653350","630660","2025-10-27","33.60","AUD","1760671068","14629/2025-10-27/1760671068.json"
"971684","835234","2025-10-27","38.64","AUD","1760671068","14629/2025-10-27/1760671068.json"
"1004618","882330","2025-10-27","45.36","AUD","1760671068","14629/2025-10-27/1760671068.json"
"818510","600849","2025-10-27","48.72","AUD","1760671068","14629/2025-10-27/1760671068.json"
"1004617","882331","2025-10-27","55.44","AUD","1760671068","14629/2025-10-27/1760671068.json"
"653350","630660","2025-10-25","33.60","AUD","1760671068","14629/2025-10-25/1760671068.json"
"971684","835234","2025-10-25","38.64","AUD","1760671068","14629/2025-10-25/1760671068.json"
"1004618","882330","2025-10-25","45.36","AUD","1760671068","14629/2025-10-25/1760671068.json"
"818510","600849","2025-10-25","48.72","AUD","1760671068","14629/2025-10-25/1760671068.json"
"1004617","882331","2025-10-25","55.44","AUD","1760671068","14629/2025-10-25/1760671068.json"
"653350","630660","2025-10-26","33.60","AUD","1760671068","14629/2025-10-26/1760671068.json"
"971684","835234","2025-10-26","38.64","AUD","1760671068","14629/2025-10-26/1760671068.json"
"1004618","882330","2025-10-26","45.36","AUD","1760671068","14629/2025-10-26/1760671068.json"
"818510","600849","2025-10-26","48.72","AUD","1760671068","14629/2025-10-26/1760671068.json"
"1004617","882331","2025-10-26","55.44","AUD","1760671068","14629/2025-10-26/1760671068.json"
"653350","630660","2025-10-28","33.60","AUD","1760671068","14629/2025-10-28/1760671068.json"
"971684","835234","2025-10-28","38.64","AUD","1760671068","14629/2025-10-28/1760671068.json"
"1004618","882330","2025-10-28","45.36","AUD","1760671068","14629/2025-10-28/1760671068.json"
"818510","600849","2025-10-28","48.72","AUD","1760671068","14629/2025-10-28/1760671068.json"
"1004617","882331","2025-10-28","55.44","AUD","1760671068","14629/2025-10-28/1760671068.json"
"971684","835234","2025-10-29","38.64","AUD","1760671068","14629/2025-10-29/1760671068.json"
"1004618","882330","2025-10-29","45.36","AUD","1760671068","14629/2025-10-29/1760671068.json"
"818510","600849","2025-10-29","48.72","AUD","1760671068","14629/2025-10-29/1760671068.json"
"1004617","882331","2025-10-29","55.44","AUD","1760671068","14629/2025-10-29/1760671068.json"
"971684","835234","2025-10-31","38.64","AUD","1760671068","14629/2025-10-31/1760671068.json"
"1004618","882330","2025-10-31","45.36","AUD","1760671068","14629/2025-10-31/1760671068.json"
"818510","600849","2025-10-31","48.72","AUD","1760671068","14629/2025-10-31/1760671068.json"
"1004617","882331","2025-10-31","55.44","AUD","1760671068","14629/2025-10-31/1760671068.json"
"971684","835234","2025-10-30","38.64","AUD","1760671068","14629/2025-10-30/1760671068.json"
"1004618","882330","2025-10-30","45.36","AUD","1760671068","14629/2025-10-30/1760671068.json"
"818510","600849","2025-10-30","48.72","AUD","1760671068","14629/2025-10-30/1760671068.json"
"1004617","882331","2025-10-30","55.44","AUD","1760671068","14629/2025-10-30/1760671068.json"
"971684","835234","2025-11-01","38.64","AUD","1760671068","14629/2025-11-01/1760671068.json"
"1004618","882330","2025-11-01","45.36","AUD","1760671068","14629/2025-11-01/1760671068.json"
"818510","600849","2025-11-01","48.72","AUD","1760671068","14629/2025-11-01/1760671068.json"
"1004617","882331","2025-11-01","55.44","AUD","1760671068","14629/2025-11-01/1760671068.json"
"971684","835234","2025-11-02","38.64","AUD","1760671068","14629/2025-11-02/1760671068.json"
"1004618","882330","2025-11-02","45.36","AUD","1760671068","14629/2025-11-02/1760671068.json"
"818510","600849","2025-11-02","48.72","AUD","1760671068","14629/2025-11-02/1760671068.json"
"1004617","882331","2025-11-02","55.44","AUD","1760671068","14629/2025-11-02/1760671068.json"
"971684","835234","2025-11-03","38.64","AUD","1760671068","14629/2025-11-03/1760671068.json"
"1004618","882330","2025-11-03","45.36","AUD","1760671068","14629/2025-11-03/1760671068.json"
"1004617","882331","2025-11-03","55.44","AUD","1760671068","14629/2025-11-03/1760671068.json"
"971684","835234","2025-11-05","38.64","AUD","1760671068","14629/2025-11-05/1760671068.json"
"1004618","882330","2025-11-05","45.36","AUD","1760671068","14629/2025-11-05/1760671068.json"
"971684","835234","2025-11-04","38.64","AUD","1760671068","14629/2025-11-04/1760671068.json"
"1004618","882330","2025-11-04","45.36","AUD","1760671068","14629/2025-11-04/1760671068.json"
"1004617","882331","2025-11-04","55.44","AUD","1760671068","14629/2025-11-04/1760671068.json"
"971684","835234","2025-11-06","38.64","AUD","1760671068","14629/2025-11-06/1760671068.json"
"1004618","882330","2025-11-06","45.36","AUD","1760671068","14629/2025-11-06/1760671068.json"
"653350","630660","2025-10-19","33.60","AUD","1760676504","14629/2025-10-19/1760676504.json"
"653350","630660","2025-10-20","33.60","AUD","1760676504","14629/2025-10-20/1760676504.json"
"971684","835234","2025-10-20","38.64","AUD","1760676504","14629/2025-10-20/1760676504.json"
"818510","600849","2025-10-20","48.72","AUD","1760676504","14629/2025-10-20/1760676504.json"
"653350","630660","2025-10-22","33.60","AUD","1760676504","14629/2025-10-22/1760676504.json"
"971684","835234","2025-10-22","38.64","AUD","1760676504","14629/2025-10-22/1760676504.json"
"1004618","882330","2025-10-22","45.36","AUD","1760676504","14629/2025-10-22/1760676504.json"
"818510","600849","2025-10-22","48.72","AUD","1760676504","14629/2025-10-22/1760676504.json"
"1004617","882331","2025-10-22","55.44","AUD","1760676504","14629/2025-10-22/1760676504.json"
"653350","630660","2025-10-23","33.60","AUD","1760676504","14629/2025-10-23/1760676504.json"
"971684","835234","2025-10-23","38.64","AUD","1760676504","14629/2025-10-23/1760676504.json"
"1004618","882330","2025-10-23","45.36","AUD","1760676504","14629/2025-10-23/1760676504.json"
"818510","600849","2025-10-23","48.72","AUD","1760676504","14629/2025-10-23/1760676504.json"
"1004617","882331","2025-10-23","55.44","AUD","1760676504","14629/2025-10-23/1760676504.json"
"653350","630660","2025-10-21","33.60","AUD","1760676504","14629/2025-10-21/1760676504.json"
"971684","835234","2025-10-21","38.64","AUD","1760676504","14629/2025-10-21/1760676504.json"
"1004618","882330","2025-10-21","45.36","AUD","1760676504","14629/2025-10-21/1760676504.json"
"818510","600849","2025-10-21","48.72","AUD","1760676504","14629/2025-10-21/1760676504.json"
"653350","630660","2025-10-18","33.60","AUD","1760676504","14629/2025-10-18/1760676504.json"
"653350","630660","2025-10-25","33.60","AUD","1760676504","14629/2025-10-25/1760676504.json"
"971684","835234","2025-10-25","38.64","AUD","1760676504","14629/2025-10-25/1760676504.json"
"1004618","882330","2025-10-25","45.36","AUD","1760676504","14629/2025-10-25/1760676504.json"
"818510","600849","2025-10-25","48.72","AUD","1760676504","14629/2025-10-25/1760676504.json"
"1004617","882331","2025-10-25","55.44","AUD","1760676504","14629/2025-10-25/1760676504.json"
"653350","630660","2025-10-24","33.60","AUD","1760676504","14629/2025-10-24/1760676504.json"
"971684","835234","2025-10-24","38.64","AUD","1760676504","14629/2025-10-24/1760676504.json"
"1004618","882330","2025-10-24","45.36","AUD","1760676504","14629/2025-10-24/1760676504.json"
"818510","600849","2025-10-24","48.72","AUD","1760676504","14629/2025-10-24/1760676504.json"
"1004617","882331","2025-10-24","55.44","AUD","1760676504","14629/2025-10-24/1760676504.json"
"653350","630660","2025-10-26","33.60","AUD","1760676504","14629/2025-10-26/1760676504.json"
"971684","835234","2025-10-26","38.64","AUD","1760676504","14629/2025-10-26/1760676504.json"
"1004618","882330","2025-10-26","45.36","AUD","1760676504","14629/2025-10-26/1760676504.json"
"818510","600849","2025-10-26","48.72","AUD","1760676504","14629/2025-10-26/1760676504.json"
"1004617","882331","2025-10-26","55.44","AUD","1760676504","14629/2025-10-26/1760676504.json"
"653350","630660","2025-10-27","33.60","AUD","1760676504","14629/2025-10-27/1760676504.json"
"971684","835234","2025-10-27","38.64","AUD","1760676504","14629/2025-10-27/1760676504.json"
"1004618","882330","2025-10-27","45.36","AUD","1760676504","14629/2025-10-27/1760676504.json"
"818510","600849","2025-10-27","48.72","AUD","1760676504","14629/2025-10-27/1760676504.json"
"1004617","882331","2025-10-27","55.44","AUD","1760676504","14629/2025-10-27/1760676504.json"
"971684","835234","2025-10-29","38.64","AUD","1760676504","14629/2025-10-29/1760676504.json"
"1004618","882330","2025-10-29","45.36","AUD","1760676504","14629/2025-10-29/1760676504.json"
"818510","600849","2025-10-29","48.72","AUD","1760676504","14629/2025-10-29/1760676504.json"
"1004617","882331","2025-10-29","55.44","AUD","1760676504","14629/2025-10-29/1760676504.json"
"653350","630660","2025-10-28","33.60","AUD","1760676504","14629/2025-10-28/1760676504.json"
"971684","835234","2025-10-28","38.64","AUD","1760676504","14629/2025-10-28/1760676504.json"
"1004618","882330","2025-10-28","45.36","AUD","1760676504","14629/2025-10-28/1760676504.json"
"818510","600849","2025-10-28","48.72","AUD","1760676504","14629/2025-10-28/1760676504.json"
"1004617","882331","2025-10-28","55.44","AUD","1760676504","14629/2025-10-28/1760676504.json"
"971684","835234","2025-10-30","38.64","AUD","1760676504","14629/2025-10-30/1760676504.json"
"1004618","882330","2025-10-30","45.36","AUD","1760676504","14629/2025-10-30/1760676504.json"
"818510","600849","2025-10-30","48.72","AUD","1760676504","14629/2025-10-30/1760676504.json"
"1004617","882331","2025-10-30","55.44","AUD","1760676504","14629/2025-10-30/1760676504.json"
"971684","835234","2025-10-31","38.64","AUD","1760676504","14629/2025-10-31/1760676504.json"
"1004618","882330","2025-10-31","45.36","AUD","1760676504","14629/2025-10-31/1760676504.json"
"818510","600849","2025-10-31","48.72","AUD","1760676504","14629/2025-10-31/1760676504.json"
"1004617","882331","2025-10-31","55.44","AUD","1760676504","14629/2025-10-31/1760676504.json"
"971684","835234","2025-11-01","38.64","AUD","1760676504","14629/2025-11-01/1760676504.json"
"1004618","882330","2025-11-01","45.36","AUD","1760676504","14629/2025-11-01/1760676504.json"
"818510","600849","2025-11-01","48.72","AUD","1760676504","14629/2025-11-01/1760676504.json"
"1004617","882331","2025-11-01","55.44","AUD","1760676504","14629/2025-11-01/1760676504.json"
"971684","835234","2025-11-02","38.64","AUD","1760676504","14629/2025-11-02/1760676504.json"
"1004618","882330","2025-11-02","45.36","AUD","1760676504","14629/2025-11-02/1760676504.json"
"818510","600849","2025-11-02","48.72","AUD","1760676504","14629/2025-11-02/1760676504.json"
"1004617","882331","2025-11-02","55.44","AUD","1760676504","14629/2025-11-02/1760676504.json"
"971684","835234","2025-11-03","38.64","AUD","1760676504","14629/2025-11-03/1760676504.json"
"1004618","882330","2025-11-03","45.36","AUD","1760676504","14629/2025-11-03/1760676504.json"
"1004617","882331","2025-11-03","55.44","AUD","1760676504","14629/2025-11-03/1760676504.json"
"971684","835234","2025-11-04","38.64","AUD","1760676504","14629/2025-11-04/1760676504.json"
"1004618","882330","2025-11-04","45.36","AUD","1760676504","14629/2025-11-04/1760676504.json"
"1004617","882331","2025-11-04","55.44","AUD","1760676504","14629/2025-11-04/1760676504.json"
"971684","835234","2025-11-05","38.64","AUD","1760676504","14629/2025-11-05/1760676504.json"
"1004618","882330","2025-11-05","45.36","AUD","1760676504","14629/2025-11-05/1760676504.json"
"971684","835234","2025-11-06","38.64","AUD","1760676504","14629/2025-11-06/1760676504.json"
"1004618","882330","2025-11-06","45.36","AUD","1760676504","14629/2025-11-06/1760676504.json"
"653350","630660","2025-10-19","33.60","AUD","1760691059","14629/2025-10-19/1760691059.json"
"971684","835234","2025-10-20","38.64","AUD","1760691059","14629/2025-10-20/1760691059.json"
"818510","600849","2025-10-20","48.72","AUD","1760691059","14629/2025-10-20/1760691059.json"
"653350","630660","2025-10-18","33.60","AUD","1760691059","14629/2025-10-18/1760691059.json"
"653350","630660","2025-10-21","33.60","AUD","1760691059","14629/2025-10-21/1760691059.json"
"971684","835234","2025-10-21","38.64","AUD","1760691059","14629/2025-10-21/1760691059.json"
"1004618","882330","2025-10-21","45.36","AUD","1760691059","14629/2025-10-21/1760691059.json"
"818510","600849","2025-10-21","48.72","AUD","1760691059","14629/2025-10-21/1760691059.json"
"653350","630660","2025-10-23","33.60","AUD","1760691059","14629/2025-10-23/1760691059.json"
"971684","835234","2025-10-23","38.64","AUD","1760691059","14629/2025-10-23/1760691059.json"
"1004618","882330","2025-10-23","45.36","AUD","1760691059","14629/2025-10-23/1760691059.json"
"818510","600849","2025-10-23","48.72","AUD","1760691059","14629/2025-10-23/1760691059.json"
"1004617","882331","2025-10-23","55.44","AUD","1760691059","14629/2025-10-23/1760691059.json"
"653350","630660","2025-10-22","33.60","AUD","1760691059","14629/2025-10-22/1760691059.json"
"971684","835234","2025-10-22","38.64","AUD","1760691059","14629/2025-10-22/1760691059.json"
"1004618","882330","2025-10-22","45.36","AUD","1760691059","14629/2025-10-22/1760691059.json"
"818510","600849","2025-10-22","48.72","AUD","1760691059","14629/2025-10-22/1760691059.json"
"1004617","882331","2025-10-22","55.44","AUD","1760691059","14629/2025-10-22/1760691059.json"
"653350","630660","2025-10-24","33.60","AUD","1760691059","14629/2025-10-24/1760691059.json"
"971684","835234","2025-10-24","38.64","AUD","1760691059","14629/2025-10-24/1760691059.json"
"1004618","882330","2025-10-24","45.36","AUD","1760691059","14629/2025-10-24/1760691059.json"
"818510","600849","2025-10-24","48.72","AUD","1760691059","14629/2025-10-24/1760691059.json"
"1004617","882331","2025-10-24","55.44","AUD","1760691059","14629/2025-10-24/1760691059.json"
"653350","630660","2025-10-25","33.60","AUD","1760691059","14629/2025-10-25/1760691059.json"
"971684","835234","2025-10-25","38.64","AUD","1760691059","14629/2025-10-25/1760691059.json"
"1004618","882330","2025-10-25","45.36","AUD","1760691059","14629/2025-10-25/1760691059.json"
"818510","600849","2025-10-25","48.72","AUD","1760691059","14629/2025-10-25/1760691059.json"
"1004617","882331","2025-10-25","55.44","AUD","1760691059","14629/2025-10-25/1760691059.json"
"653350","630660","2025-10-27","33.60","AUD","1760691059","14629/2025-10-27/1760691059.json"
"971684","835234","2025-10-27","38.64","AUD","1760691059","14629/2025-10-27/1760691059.json"
"1004618","882330","2025-10-27","45.36","AUD","1760691059","14629/2025-10-27/1760691059.json"
"818510","600849","2025-10-27","48.72","AUD","1760691059","14629/2025-10-27/1760691059.json"
"1004617","882331","2025-10-27","55.44","AUD","1760691059","14629/2025-10-27/1760691059.json"
"653350","630660","2025-10-26","33.60","AUD","1760691059","14629/2025-10-26/1760691059.json"
"971684","835234","2025-10-26","38.64","AUD","1760691059","14629/2025-10-26/1760691059.json"
"1004618","882330","2025-10-26","45.36","AUD","1760691059","14629/2025-10-26/1760691059.json"
"818510","600849","2025-10-26","48.72","AUD","1760691059","14629/2025-10-26/1760691059.json"
"1004617","882331","2025-10-26","55.44","AUD","1760691059","14629/2025-10-26/1760691059.json"
"653350","630660","2025-10-28","33.60","AUD","1760691059","14629/2025-10-28/1760691059.json"
"971684","835234","2025-10-28","38.64","AUD","1760691059","14629/2025-10-28/1760691059.json"
"1004618","882330","2025-10-28","45.36","AUD","1760691059","14629/2025-10-28/1760691059.json"
"818510","600849","2025-10-28","48.72","AUD","1760691059","14629/2025-10-28/1760691059.json"
"1004617","882331","2025-10-28","55.44","AUD","1760691059","14629/2025-10-28/1760691059.json"
"971684","835234","2025-10-29","38.64","AUD","1760691059","14629/2025-10-29/1760691059.json"
"1004618","882330","2025-10-29","45.36","AUD","1760691059","14629/2025-10-29/1760691059.json"
"818510","600849","2025-10-29","48.72","AUD","1760691059","14629/2025-10-29/1760691059.json"
"1004617","882331","2025-10-29","55.44","AUD","1760691059","14629/2025-10-29/1760691059.json"
"971684","835234","2025-10-30","38.64","AUD","1760691059","14629/2025-10-30/1760691059.json"
"1004618","882330","2025-10-30","45.36","AUD","1760691059","14629/2025-10-30/1760691059.json"
"818510","600849","2025-10-30","48.72","AUD","1760691059","14629/2025-10-30/1760691059.json"
"1004617","882331","2025-10-30","55.44","AUD","1760691059","14629/2025-10-30/1760691059.json"
"971684","835234","2025-10-31","38.64","AUD","1760691059","14629/2025-10-31/1760691059.json"
"1004618","882330","2025-10-31","45.36","AUD","1760691059","14629/2025-10-31/1760691059.json"
"818510","600849","2025-10-31","48.72","AUD","1760691059","14629/2025-10-31/1760691059.json"
"1004617","882331","2025-10-31","55.44","AUD","1760691059","14629/2025-10-31/1760691059.json"
"971684","835234","2025-11-01","38.64","AUD","1760691059","14629/2025-11-01/1760691059.json"
"1004618","882330","2025-11-01","45.36","AUD","1760691059","14629/2025-11-01/1760691059.json"
"818510","600849","2025-11-01","48.72","AUD","1760691059","14629/2025-11-01/1760691059.json"
"1004617","882331","2025-11-01","55.44","AUD","1760691059","14629/2025-11-01/1760691059.json"
"971684","835234","2025-11-02","38.64","AUD","1760691059","14629/2025-11-02/1760691059.json"
"1004618","882330","2025-11-02","45.36","AUD","1760691059","14629/2025-11-02/1760691059.json"
"818510","600849","2025-11-02","48.72","AUD","1760691059","14629/2025-11-02/1760691059.json"
"1004617","882331","2025-11-02","55.44","AUD","1760691059","14629/2025-11-02/1760691059.json"
"971684","835234","2025-11-03","38.64","AUD","1760691059","14629/2025-11-03/1760691059.json"
"1004618","882330","2025-11-03","45.36","AUD","1760691059","14629/2025-11-03/1760691059.json"
"1004617","882331","2025-11-03","55.44","AUD","1760691059","14629/2025-11-03/1760691059.json"
"971684","835234","2025-11-04","38.64","AUD","1760691059","14629/2025-11-04/1760691059.json"
"1004618","882330","2025-11-04","45.36","AUD","1760691059","14629/2025-11-04/1760691059.json"
"1004617","882331","2025-11-04","55.44","AUD","1760691059","14629/2025-11-04/1760691059.json"
"971684","835234","2025-11-05","38.64","AUD","1760691059","14629/2025-11-05/1760691059.json"
"1004618","882330","2025-11-05","45.36","AUD","1760691059","14629/2025-11-05/1760691059.json"
"971684","835234","2025-11-06","38.64","AUD","1760691059","14629/2025-11-06/1760691059.json"
"1004618","882330","2025-11-06","45.36","AUD","1760691059","14629/2025-11-06/1760691059.json"
"971684","835234","2025-10-19","29.40","AUD","1760707412","14629/2025-10-19/1760707412.json"
"653350","630660","2025-10-19","29.40","AUD","1760707412","14629/2025-10-19/1760707412.json"
"971684","835234","2025-10-18","29.40","AUD","1760707412","14629/2025-10-18/1760707412.json"
"653350","630660","2025-10-18","29.40","AUD","1760707412","14629/2025-10-18/1760707412.json"
"653350","630660","2025-10-20","33.60","AUD","1760707412","14629/2025-10-20/1760707412.json"
"971684","835234","2025-10-20","38.64","AUD","1760707412","14629/2025-10-20/1760707412.json"
"818510","600849","2025-10-20","48.72","AUD","1760707412","14629/2025-10-20/1760707412.json"
"653350","630660","2025-10-21","33.60","AUD","1760707412","14629/2025-10-21/1760707412.json"
"971684","835234","2025-10-21","38.64","AUD","1760707412","14629/2025-10-21/1760707412.json"
"1004618","882330","2025-10-21","45.36","AUD","1760707412","14629/2025-10-21/1760707412.json"
"818510","600849","2025-10-21","48.72","AUD","1760707412","14629/2025-10-21/1760707412.json"
"653350","630660","2025-10-22","33.60","AUD","1760707412","14629/2025-10-22/1760707412.json"
"971684","835234","2025-10-22","38.64","AUD","1760707412","14629/2025-10-22/1760707412.json"
"1004618","882330","2025-10-22","45.36","AUD","1760707412","14629/2025-10-22/1760707412.json"
"818510","600849","2025-10-22","48.72","AUD","1760707412","14629/2025-10-22/1760707412.json"
"1004617","882331","2025-10-22","55.44","AUD","1760707412","14629/2025-10-22/1760707412.json"
"653350","630660","2025-10-23","33.60","AUD","1760707412","14629/2025-10-23/1760707412.json"
"971684","835234","2025-10-23","38.64","AUD","1760707412","14629/2025-10-23/1760707412.json"
"1004618","882330","2025-10-23","45.36","AUD","1760707412","14629/2025-10-23/1760707412.json"
"818510","600849","2025-10-23","48.72","AUD","1760707412","14629/2025-10-23/1760707412.json"
"1004617","882331","2025-10-23","55.44","AUD","1760707412","14629/2025-10-23/1760707412.json"
"653350","630660","2025-10-24","33.60","AUD","1760707412","14629/2025-10-24/1760707412.json"
"971684","835234","2025-10-24","38.64","AUD","1760707412","14629/2025-10-24/1760707412.json"
"1004618","882330","2025-10-24","45.36","AUD","1760707412","14629/2025-10-24/1760707412.json"
"818510","600849","2025-10-24","48.72","AUD","1760707412","14629/2025-10-24/1760707412.json"
"1004617","882331","2025-10-24","55.44","AUD","1760707412","14629/2025-10-24/1760707412.json"
"653350","630660","2025-10-25","33.60","AUD","1760707412","14629/2025-10-25/1760707412.json"
"971684","835234","2025-10-25","38.64","AUD","1760707412","14629/2025-10-25/1760707412.json"
"1004618","882330","2025-10-25","45.36","AUD","1760707412","14629/2025-10-25/1760707412.json"
"818510","600849","2025-10-25","48.72","AUD","1760707412","14629/2025-10-25/1760707412.json"
"1004617","882331","2025-10-25","55.44","AUD","1760707412","14629/2025-10-25/1760707412.json"
"653350","630660","2025-10-27","33.60","AUD","1760707412","14629/2025-10-27/1760707412.json"
"971684","835234","2025-10-27","38.64","AUD","1760707412","14629/2025-10-27/1760707412.json"
"1004618","882330","2025-10-27","45.36","AUD","1760707412","14629/2025-10-27/1760707412.json"
"818510","600849","2025-10-27","48.72","AUD","1760707412","14629/2025-10-27/1760707412.json"
"1004617","882331","2025-10-27","55.44","AUD","1760707412","14629/2025-10-27/1760707412.json"
"653350","630660","2025-10-26","33.60","AUD","1760707412","14629/2025-10-26/1760707412.json"
"971684","835234","2025-10-26","38.64","AUD","1760707412","14629/2025-10-26/1760707412.json"
"1004618","882330","2025-10-26","45.36","AUD","1760707412","14629/2025-10-26/1760707412.json"
"818510","600849","2025-10-26","48.72","AUD","1760707412","14629/2025-10-26/1760707412.json"
"1004617","882331","2025-10-26","55.44","AUD","1760707412","14629/2025-10-26/1760707412.json"
"653350","630660","2025-10-28","33.60","AUD","1760707412","14629/2025-10-28/1760707412.json"
"971684","835234","2025-10-28","38.64","AUD","1760707412","14629/2025-10-28/1760707412.json"
"1004618","882330","2025-10-28","45.36","AUD","1760707412","14629/2025-10-28/1760707412.json"
"818510","600849","2025-10-28","48.72","AUD","1760707412","14629/2025-10-28/1760707412.json"
"1004617","882331","2025-10-28","55.44","AUD","1760707412","14629/2025-10-28/1760707412.json"
"971684","835234","2025-10-29","38.64","AUD","1760707412","14629/2025-10-29/1760707412.json"
"1004618","882330","2025-10-29","45.36","AUD","1760707412","14629/2025-10-29/1760707412.json"
"818510","600849","2025-10-29","48.72","AUD","1760707412","14629/2025-10-29/1760707412.json"
"1004617","882331","2025-10-29","55.44","AUD","1760707412","14629/2025-10-29/1760707412.json"
"971684","835234","2025-10-31","38.64","AUD","1760707412","14629/2025-10-31/1760707412.json"
"1004618","882330","2025-10-31","45.36","AUD","1760707412","14629/2025-10-31/1760707412.json"
"818510","600849","2025-10-31","48.72","AUD","1760707412","14629/2025-10-31/1760707412.json"
"1004617","882331","2025-10-31","55.44","AUD","1760707412","14629/2025-10-31/1760707412.json"
"971684","835234","2025-11-01","38.64","AUD","1760707412","14629/2025-11-01/1760707412.json"
"1004618","882330","2025-11-01","45.36","AUD","1760707412","14629/2025-11-01/1760707412.json"
"818510","600849","2025-11-01","48.72","AUD","1760707412","14629/2025-11-01/1760707412.json"
"1004617","882331","2025-11-01","55.44","AUD","1760707412","14629/2025-11-01/1760707412.json"
"971684","835234","2025-10-30","38.64","AUD","1760707412","14629/2025-10-30/1760707412.json"
"1004618","882330","2025-10-30","45.36","AUD","1760707412","14629/2025-10-30/1760707412.json"
"818510","600849","2025-10-30","48.72","AUD","1760707412","14629/2025-10-30/1760707412.json"
"1004617","882331","2025-10-30","55.44","AUD","1760707412","14629/2025-10-30/1760707412.json"
"971684","835234","2025-11-02","38.64","AUD","1760707412","14629/2025-11-02/1760707412.json"
"1004618","882330","2025-11-02","45.36","AUD","1760707412","14629/2025-11-02/1760707412.json"
"818510","600849","2025-11-02","48.72","AUD","1760707412","14629/2025-11-02/1760707412.json"
"1004617","882331","2025-11-02","55.44","AUD","1760707412","14629/2025-11-02/1760707412.json"
"971684","835234","2025-11-04","38.64","AUD","1760707412","14629/2025-11-04/1760707412.json"
"1004618","882330","2025-11-04","45.36","AUD","1760707412","14629/2025-11-04/1760707412.json"
"1004617","882331","2025-11-04","55.44","AUD","1760707412","14629/2025-11-04/1760707412.json"
"971684","835234","2025-11-03","38.64","AUD","1760707412","14629/2025-11-03/1760707412.json"
"1004618","882330","2025-11-03","45.36","AUD","1760707412","14629/2025-11-03/1760707412.json"
"1004617","882331","2025-11-03","55.44","AUD","1760707412","14629/2025-11-03/1760707412.json"
"971684","835234","2025-11-05","38.64","AUD","1760707412","14629/2025-11-05/1760707412.json"
"1004618","882330","2025-11-05","45.36","AUD","1760707412","14629/2025-11-05/1760707412.json"
"971684","835234","2025-11-06","38.64","AUD","1760707412","14629/2025-11-06/1760707412.json"
"1004618","882330","2025-11-06","45.36","AUD","1760707412","14629/2025-11-06/1760707412.json"
"653350","630660","2025-10-20","33.60","AUD","1760719734","14629/2025-10-20/1760719734.json"
"971684","835234","2025-10-20","38.64","AUD","1760719734","14629/2025-10-20/1760719734.json"
"818510","600849","2025-10-20","48.72","AUD","1760719734","14629/2025-10-20/1760719734.json"
"971684","835234","2025-10-19","29.40","AUD","1760719734","14629/2025-10-19/1760719734.json"
"653350","630660","2025-10-19","29.40","AUD","1760719734","14629/2025-10-19/1760719734.json"
"653350","630660","2025-10-23","33.60","AUD","1760719734","14629/2025-10-23/1760719734.json"
"971684","835234","2025-10-23","38.64","AUD","1760719734","14629/2025-10-23/1760719734.json"
"1004618","882330","2025-10-23","45.36","AUD","1760719734","14629/2025-10-23/1760719734.json"
"818510","600849","2025-10-23","48.72","AUD","1760719734","14629/2025-10-23/1760719734.json"
"1004617","882331","2025-10-23","55.44","AUD","1760719734","14629/2025-10-23/1760719734.json"
"653350","630660","2025-10-21","33.60","AUD","1760719734","14629/2025-10-21/1760719734.json"
"971684","835234","2025-10-21","38.64","AUD","1760719734","14629/2025-10-21/1760719734.json"
"1004618","882330","2025-10-21","45.36","AUD","1760719734","14629/2025-10-21/1760719734.json"
"818510","600849","2025-10-21","48.72","AUD","1760719734","14629/2025-10-21/1760719734.json"
"653350","630660","2025-10-22","33.60","AUD","1760719734","14629/2025-10-22/1760719734.json"
"971684","835234","2025-10-22","38.64","AUD","1760719734","14629/2025-10-22/1760719734.json"
"1004618","882330","2025-10-22","45.36","AUD","1760719734","14629/2025-10-22/1760719734.json"
"818510","600849","2025-10-22","48.72","AUD","1760719734","14629/2025-10-22/1760719734.json"
"1004617","882331","2025-10-22","55.44","AUD","1760719734","14629/2025-10-22/1760719734.json"
"971684","835234","2025-10-18","29.40","AUD","1760719734","14629/2025-10-18/1760719734.json"
"653350","630660","2025-10-18","29.40","AUD","1760719734","14629/2025-10-18/1760719734.json"
"653350","630660","2025-10-25","33.60","AUD","1760719734","14629/2025-10-25/1760719734.json"
"971684","835234","2025-10-25","38.64","AUD","1760719734","14629/2025-10-25/1760719734.json"
"1004618","882330","2025-10-25","45.36","AUD","1760719734","14629/2025-10-25/1760719734.json"
"818510","600849","2025-10-25","48.72","AUD","1760719734","14629/2025-10-25/1760719734.json"
"1004617","882331","2025-10-25","55.44","AUD","1760719734","14629/2025-10-25/1760719734.json"
"653350","630660","2025-10-26","33.60","AUD","1760719734","14629/2025-10-26/1760719734.json"
"971684","835234","2025-10-26","38.64","AUD","1760719734","14629/2025-10-26/1760719734.json"
"1004618","882330","2025-10-26","45.36","AUD","1760719734","14629/2025-10-26/1760719734.json"
"818510","600849","2025-10-26","48.72","AUD","1760719734","14629/2025-10-26/1760719734.json"
"1004617","882331","2025-10-26","55.44","AUD","1760719734","14629/2025-10-26/1760719734.json"
"653350","630660","2025-10-27","33.60","AUD","1760719734","14629/2025-10-27/1760719734.json"
"971684","835234","2025-10-27","38.64","AUD","1760719734","14629/2025-10-27/1760719734.json"
"1004618","882330","2025-10-27","45.36","AUD","1760719734","14629/2025-10-27/1760719734.json"
"818510","600849","2025-10-27","48.72","AUD","1760719734","14629/2025-10-27/1760719734.json"
"1004617","882331","2025-10-27","55.44","AUD","1760719734","14629/2025-10-27/1760719734.json"
"653350","630660","2025-10-24","33.60","AUD","1760719734","14629/2025-10-24/1760719734.json"
"971684","835234","2025-10-24","38.64","AUD","1760719734","14629/2025-10-24/1760719734.json"
"1004618","882330","2025-10-24","45.36","AUD","1760719734","14629/2025-10-24/1760719734.json"
"818510","600849","2025-10-24","48.72","AUD","1760719734","14629/2025-10-24/1760719734.json"
"1004617","882331","2025-10-24","55.44","AUD","1760719734","14629/2025-10-24/1760719734.json"
"653350","630660","2025-10-28","33.60","AUD","1760719734","14629/2025-10-28/1760719734.json"
"971684","835234","2025-10-28","38.64","AUD","1760719734","14629/2025-10-28/1760719734.json"
"1004618","882330","2025-10-28","45.36","AUD","1760719734","14629/2025-10-28/1760719734.json"
"818510","600849","2025-10-28","48.72","AUD","1760719734","14629/2025-10-28/1760719734.json"
"1004617","882331","2025-10-28","55.44","AUD","1760719734","14629/2025-10-28/1760719734.json"
"971684","835234","2025-10-31","38.64","AUD","1760719734","14629/2025-10-31/1760719734.json"
"1004618","882330","2025-10-31","45.36","AUD","1760719734","14629/2025-10-31/1760719734.json"
"818510","600849","2025-10-31","48.72","AUD","1760719734","14629/2025-10-31/1760719734.json"
"1004617","882331","2025-10-31","55.44","AUD","1760719734","14629/2025-10-31/1760719734.json"
"971684","835234","2025-10-30","38.64","AUD","1760719734","14629/2025-10-30/1760719734.json"
"1004618","882330","2025-10-30","45.36","AUD","1760719734","14629/2025-10-30/1760719734.json"
"818510","600849","2025-10-30","48.72","AUD","1760719734","14629/2025-10-30/1760719734.json"
"1004617","882331","2025-10-30","55.44","AUD","1760719734","14629/2025-10-30/1760719734.json"
"971684","835234","2025-10-29","38.64","AUD","1760719734","14629/2025-10-29/1760719734.json"
"1004618","882330","2025-10-29","45.36","AUD","1760719734","14629/2025-10-29/1760719734.json"
"818510","600849","2025-10-29","48.72","AUD","1760719734","14629/2025-10-29/1760719734.json"
"1004617","882331","2025-10-29","55.44","AUD","1760719734","14629/2025-10-29/1760719734.json"
"971684","835234","2025-11-01","38.64","AUD","1760719734","14629/2025-11-01/1760719734.json"
"1004618","882330","2025-11-01","45.36","AUD","1760719734","14629/2025-11-01/1760719734.json"
"818510","600849","2025-11-01","48.72","AUD","1760719734","14629/2025-11-01/1760719734.json"
"1004617","882331","2025-11-01","55.44","AUD","1760719734","14629/2025-11-01/1760719734.json"
"971684","835234","2025-11-02","38.64","AUD","1760719734","14629/2025-11-02/1760719734.json"
"1004618","882330","2025-11-02","45.36","AUD","1760719734","14629/2025-11-02/1760719734.json"
"818510","600849","2025-11-02","48.72","AUD","1760719734","14629/2025-11-02/1760719734.json"
"1004617","882331","2025-11-02","55.44","AUD","1760719734","14629/2025-11-02/1760719734.json"
"971684","835234","2025-11-03","38.64","AUD","1760719734","14629/2025-11-03/1760719734.json"
"1004618","882330","2025-11-03","45.36","AUD","1760719734","14629/2025-11-03/1760719734.json"
"1004617","882331","2025-11-03","55.44","AUD","1760719734","14629/2025-11-03/1760719734.json"
"971684","835234","2025-11-04","38.64","AUD","1760719734","14629/2025-11-04/1760719734.json"
"1004618","882330","2025-11-04","45.36","AUD","1760719734","14629/2025-11-04/1760719734.json"
"1004617","882331","2025-11-04","55.44","AUD","1760719734","14629/2025-11-04/1760719734.json"
"971684","835234","2025-11-05","38.64","AUD","1760719734","14629/2025-11-05/1760719734.json"
"1004618","882330","2025-11-05","45.36","AUD","1760719734","14629/2025-11-05/1760719734.json"
"971684","835234","2025-11-06","38.64","AUD","1760719734","14629/2025-11-06/1760719734.json"
"1004618","882330","2025-11-06","45.36","AUD","1760719734","14629/2025-11-06/1760719734.json"
"971684","835234","2025-10-19","29.40","AUD","1760733439","14629/2025-10-19/1760733439.json"
"653350","630660","2025-10-19","29.40","AUD","1760733439","14629/2025-10-19/1760733439.json"
"653350","630660","2025-10-20","33.60","AUD","1760733439","14629/2025-10-20/1760733439.json"
"971684","835234","2025-10-20","38.64","AUD","1760733439","14629/2025-10-20/1760733439.json"
"818510","600849","2025-10-20","48.72","AUD","1760733439","14629/2025-10-20/1760733439.json"
"971684","835234","2025-10-18","29.40","AUD","1760733439","14629/2025-10-18/1760733439.json"
"653350","630660","2025-10-18","29.40","AUD","1760733439","14629/2025-10-18/1760733439.json"
"653350","630660","2025-10-21","33.60","AUD","1760733439","14629/2025-10-21/1760733439.json"
"971684","835234","2025-10-21","38.64","AUD","1760733439","14629/2025-10-21/1760733439.json"
"1004618","882330","2025-10-21","45.36","AUD","1760733439","14629/2025-10-21/1760733439.json"
"818510","600849","2025-10-21","48.72","AUD","1760733439","14629/2025-10-21/1760733439.json"
"653350","630660","2025-10-23","33.60","AUD","1760733439","14629/2025-10-23/1760733439.json"
"971684","835234","2025-10-23","38.64","AUD","1760733439","14629/2025-10-23/1760733439.json"
"1004618","882330","2025-10-23","45.36","AUD","1760733439","14629/2025-10-23/1760733439.json"
"818510","600849","2025-10-23","48.72","AUD","1760733439","14629/2025-10-23/1760733439.json"
"1004617","882331","2025-10-23","55.44","AUD","1760733439","14629/2025-10-23/1760733439.json"
"653350","630660","2025-10-22","33.60","AUD","1760733439","14629/2025-10-22/1760733439.json"
"971684","835234","2025-10-22","38.64","AUD","1760733439","14629/2025-10-22/1760733439.json"
"1004618","882330","2025-10-22","45.36","AUD","1760733439","14629/2025-10-22/1760733439.json"
"818510","600849","2025-10-22","48.72","AUD","1760733439","14629/2025-10-22/1760733439.json"
"1004617","882331","2025-10-22","55.44","AUD","1760733439","14629/2025-10-22/1760733439.json"
"653350","630660","2025-10-24","33.60","AUD","1760733439","14629/2025-10-24/1760733439.json"
"971684","835234","2025-10-24","38.64","AUD","1760733439","14629/2025-10-24/1760733439.json"
"1004618","882330","2025-10-24","45.36","AUD","1760733439","14629/2025-10-24/1760733439.json"
"818510","600849","2025-10-24","48.72","AUD","1760733439","14629/2025-10-24/1760733439.json"
"1004617","882331","2025-10-24","55.44","AUD","1760733439","14629/2025-10-24/1760733439.json"
"653350","630660","2025-10-25","33.60","AUD","1760733439","14629/2025-10-25/1760733439.json"
"971684","835234","2025-10-25","38.64","AUD","1760733439","14629/2025-10-25/1760733439.json"
"1004618","882330","2025-10-25","45.36","AUD","1760733439","14629/2025-10-25/1760733439.json"
"818510","600849","2025-10-25","48.72","AUD","1760733439","14629/2025-10-25/1760733439.json"
"1004617","882331","2025-10-25","55.44","AUD","1760733439","14629/2025-10-25/1760733439.json"
"653350","630660","2025-10-27","33.60","AUD","1760733439","14629/2025-10-27/1760733439.json"
"971684","835234","2025-10-27","38.64","AUD","1760733439","14629/2025-10-27/1760733439.json"
"1004618","882330","2025-10-27","45.36","AUD","1760733439","14629/2025-10-27/1760733439.json"
"818510","600849","2025-10-27","48.72","AUD","1760733439","14629/2025-10-27/1760733439.json"
"1004617","882331","2025-10-27","55.44","AUD","1760733439","14629/2025-10-27/1760733439.json"
"653350","630660","2025-10-26","33.60","AUD","1760733439","14629/2025-10-26/1760733439.json"
"971684","835234","2025-10-26","38.64","AUD","1760733439","14629/2025-10-26/1760733439.json"
"1004618","882330","2025-10-26","45.36","AUD","1760733439","14629/2025-10-26/1760733439.json"
"818510","600849","2025-10-26","48.72","AUD","1760733439","14629/2025-10-26/1760733439.json"
"1004617","882331","2025-10-26","55.44","AUD","1760733439","14629/2025-10-26/1760733439.json"
"653350","630660","2025-10-28","33.60","AUD","1760733439","14629/2025-10-28/1760733439.json"
"971684","835234","2025-10-28","38.64","AUD","1760733439","14629/2025-10-28/1760733439.json"
"1004618","882330","2025-10-28","45.36","AUD","1760733439","14629/2025-10-28/1760733439.json"
"818510","600849","2025-10-28","48.72","AUD","1760733439","14629/2025-10-28/1760733439.json"
"1004617","882331","2025-10-28","55.44","AUD","1760733439","14629/2025-10-28/1760733439.json"
"971684","835234","2025-10-29","38.64","AUD","1760733439","14629/2025-10-29/1760733439.json"
"1004618","882330","2025-10-29","45.36","AUD","1760733439","14629/2025-10-29/1760733439.json"
"818510","600849","2025-10-29","48.72","AUD","1760733439","14629/2025-10-29/1760733439.json"
"1004617","882331","2025-10-29","55.44","AUD","1760733439","14629/2025-10-29/1760733439.json"
"971684","835234","2025-10-30","38.64","AUD","1760733439","14629/2025-10-30/1760733439.json"
"1004618","882330","2025-10-30","45.36","AUD","1760733439","14629/2025-10-30/1760733439.json"
"818510","600849","2025-10-30","48.72","AUD","1760733439","14629/2025-10-30/1760733439.json"
"1004617","882331","2025-10-30","55.44","AUD","1760733439","14629/2025-10-30/1760733439.json"
"971684","835234","2025-11-01","38.64","AUD","1760733439","14629/2025-11-01/1760733439.json"
"1004618","882330","2025-11-01","45.36","AUD","1760733439","14629/2025-11-01/1760733439.json"
"818510","600849","2025-11-01","48.72","AUD","1760733439","14629/2025-11-01/1760733439.json"
"1004617","882331","2025-11-01","55.44","AUD","1760733439","14629/2025-11-01/1760733439.json"
"971684","835234","2025-10-31","38.64","AUD","1760733439","14629/2025-10-31/1760733439.json"
"1004618","882330","2025-10-31","45.36","AUD","1760733439","14629/2025-10-31/1760733439.json"
"818510","600849","2025-10-31","48.72","AUD","1760733439","14629/2025-10-31/1760733439.json"
"1004617","882331","2025-10-31","55.44","AUD","1760733439","14629/2025-10-31/1760733439.json"
"971684","835234","2025-11-02","38.64","AUD","1760733439","14629/2025-11-02/1760733439.json"
"1004618","882330","2025-11-02","45.36","AUD","1760733439","14629/2025-11-02/1760733439.json"
"818510","600849","2025-11-02","48.72","AUD","1760733439","14629/2025-11-02/1760733439.json"
"1004617","882331","2025-11-02","55.44","AUD","1760733439","14629/2025-11-02/1760733439.json"
"971684","835234","2025-11-03","38.64","AUD","1760733439","14629/2025-11-03/1760733439.json"
"1004618","882330","2025-11-03","45.36","AUD","1760733439","14629/2025-11-03/1760733439.json"
"1004617","882331","2025-11-03","55.44","AUD","1760733439","14629/2025-11-03/1760733439.json"
"971684","835234","2025-11-04","38.64","AUD","1760733439","14629/2025-11-04/1760733439.json"
"1004618","882330","2025-11-04","45.36","AUD","1760733439","14629/2025-11-04/1760733439.json"
"1004617","882331","2025-11-04","55.44","AUD","1760733439","14629/2025-11-04/1760733439.json"
"971684","835234","2025-11-05","38.64","AUD","1760733439","14629/2025-11-05/1760733439.json"
"1004618","882330","2025-11-05","45.36","AUD","1760733439","14629/2025-11-05/1760733439.json"
"971684","835234","2025-11-06","38.64","AUD","1760733439","14629/2025-11-06/1760733439.json"
"1004618","882330","2025-11-06","45.36","AUD","1760733439","14629/2025-11-06/1760733439.json"
"971684","835234","2025-10-19","29.40","AUD","1760756917","14629/2025-10-19/1760756917.json"
"653350","630660","2025-10-19","29.40","AUD","1760756917","14629/2025-10-19/1760756917.json"
"653350","630660","2025-10-20","33.60","AUD","1760756917","14629/2025-10-20/1760756917.json"
"971684","835234","2025-10-20","38.64","AUD","1760756917","14629/2025-10-20/1760756917.json"
"818510","600849","2025-10-20","48.72","AUD","1760756917","14629/2025-10-20/1760756917.json"
"971684","835234","2025-10-21","38.64","AUD","1760756917","14629/2025-10-21/1760756917.json"
"1004618","882330","2025-10-21","45.36","AUD","1760756917","14629/2025-10-21/1760756917.json"
"818510","600849","2025-10-21","48.72","AUD","1760756917","14629/2025-10-21/1760756917.json"
"971684","835234","2025-10-22","38.64","AUD","1760756917","14629/2025-10-22/1760756917.json"
"1004618","882330","2025-10-22","45.36","AUD","1760756917","14629/2025-10-22/1760756917.json"
"818510","600849","2025-10-22","48.72","AUD","1760756917","14629/2025-10-22/1760756917.json"
"1004617","882331","2025-10-22","55.44","AUD","1760756917","14629/2025-10-22/1760756917.json"
"971684","835234","2025-10-24","38.64","AUD","1760756917","14629/2025-10-24/1760756917.json"
"1004618","882330","2025-10-24","45.36","AUD","1760756917","14629/2025-10-24/1760756917.json"
"818510","600849","2025-10-24","48.72","AUD","1760756917","14629/2025-10-24/1760756917.json"
"1004617","882331","2025-10-24","55.44","AUD","1760756917","14629/2025-10-24/1760756917.json"
"971684","835234","2025-10-25","38.64","AUD","1760756917","14629/2025-10-25/1760756917.json"
"1004618","882330","2025-10-25","45.36","AUD","1760756917","14629/2025-10-25/1760756917.json"
"818510","600849","2025-10-25","48.72","AUD","1760756917","14629/2025-10-25/1760756917.json"
"1004617","882331","2025-10-25","55.44","AUD","1760756917","14629/2025-10-25/1760756917.json"
"971684","835234","2025-10-23","38.64","AUD","1760756917","14629/2025-10-23/1760756917.json"
"1004618","882330","2025-10-23","45.36","AUD","1760756917","14629/2025-10-23/1760756917.json"
"818510","600849","2025-10-23","48.72","AUD","1760756917","14629/2025-10-23/1760756917.json"
"1004617","882331","2025-10-23","55.44","AUD","1760756917","14629/2025-10-23/1760756917.json"
"971684","835234","2025-10-26","38.64","AUD","1760756917","14629/2025-10-26/1760756917.json"
"1004618","882330","2025-10-26","45.36","AUD","1760756917","14629/2025-10-26/1760756917.json"
"818510","600849","2025-10-26","48.72","AUD","1760756917","14629/2025-10-26/1760756917.json"
"1004617","882331","2025-10-26","55.44","AUD","1760756917","14629/2025-10-26/1760756917.json"
"653350","630660","2025-10-27","33.60","AUD","1760756917","14629/2025-10-27/1760756917.json"
"971684","835234","2025-10-27","38.64","AUD","1760756917","14629/2025-10-27/1760756917.json"
"1004618","882330","2025-10-27","45.36","AUD","1760756917","14629/2025-10-27/1760756917.json"
"818510","600849","2025-10-27","48.72","AUD","1760756917","14629/2025-10-27/1760756917.json"
"1004617","882331","2025-10-27","55.44","AUD","1760756917","14629/2025-10-27/1760756917.json"
"653350","630660","2025-10-28","33.60","AUD","1760756917","14629/2025-10-28/1760756917.json"
"971684","835234","2025-10-28","38.64","AUD","1760756917","14629/2025-10-28/1760756917.json"
"1004618","882330","2025-10-28","45.36","AUD","1760756917","14629/2025-10-28/1760756917.json"
"818510","600849","2025-10-28","48.72","AUD","1760756917","14629/2025-10-28/1760756917.json"
"1004617","882331","2025-10-28","55.44","AUD","1760756917","14629/2025-10-28/1760756917.json"
"971684","835234","2025-10-29","38.64","AUD","1760756917","14629/2025-10-29/1760756917.json"
"1004618","882330","2025-10-29","45.36","AUD","1760756917","14629/2025-10-29/1760756917.json"
"818510","600849","2025-10-29","48.72","AUD","1760756917","14629/2025-10-29/1760756917.json"
"1004617","882331","2025-10-29","55.44","AUD","1760756917","14629/2025-10-29/1760756917.json"
"971684","835234","2025-10-30","38.64","AUD","1760756917","14629/2025-10-30/1760756917.json"
"1004618","882330","2025-10-30","45.36","AUD","1760756917","14629/2025-10-30/1760756917.json"
"818510","600849","2025-10-30","48.72","AUD","1760756917","14629/2025-10-30/1760756917.json"
"1004617","882331","2025-10-30","55.44","AUD","1760756917","14629/2025-10-30/1760756917.json"
"971684","835234","2025-10-31","38.64","AUD","1760756917","14629/2025-10-31/1760756917.json"
"1004618","882330","2025-10-31","45.36","AUD","1760756917","14629/2025-10-31/1760756917.json"
"818510","600849","2025-10-31","48.72","AUD","1760756917","14629/2025-10-31/1760756917.json"
"1004617","882331","2025-10-31","55.44","AUD","1760756917","14629/2025-10-31/1760756917.json"
"971684","835234","2025-11-01","38.64","AUD","1760756917","14629/2025-11-01/1760756917.json"
"1004618","882330","2025-11-01","45.36","AUD","1760756917","14629/2025-11-01/1760756917.json"
"818510","600849","2025-11-01","48.72","AUD","1760756917","14629/2025-11-01/1760756917.json"
"1004617","882331","2025-11-01","55.44","AUD","1760756917","14629/2025-11-01/1760756917.json"
"971684","835234","2025-11-02","38.64","AUD","1760756917","14629/2025-11-02/1760756917.json"
"1004618","882330","2025-11-02","45.36","AUD","1760756917","14629/2025-11-02/1760756917.json"
"818510","600849","2025-11-02","48.72","AUD","1760756917","14629/2025-11-02/1760756917.json"
"1004617","882331","2025-11-02","55.44","AUD","1760756917","14629/2025-11-02/1760756917.json"
"971684","835234","2025-11-03","38.64","AUD","1760756917","14629/2025-11-03/1760756917.json"
"1004618","882330","2025-11-03","45.36","AUD","1760756917","14629/2025-11-03/1760756917.json"
"1004617","882331","2025-11-03","55.44","AUD","1760756917","14629/2025-11-03/1760756917.json"
"971684","835234","2025-11-04","38.64","AUD","1760756917","14629/2025-11-04/1760756917.json"
"1004618","882330","2025-11-04","45.36","AUD","1760756917","14629/2025-11-04/1760756917.json"
"1004617","882331","2025-11-04","55.44","AUD","1760756917","14629/2025-11-04/1760756917.json"
"971684","835234","2025-11-05","38.64","AUD","1760756917","14629/2025-11-05/1760756917.json"
"1004618","882330","2025-11-05","45.36","AUD","1760756917","14629/2025-11-05/1760756917.json"
"971684","835234","2025-11-06","38.64","AUD","1760756917","14629/2025-11-06/1760756917.json"
"1004618","882330","2025-11-06","45.36","AUD","1760756917","14629/2025-11-06/1760756917.json"
"971684","835234","2025-10-19","29.40","AUD","1760762704","14629/2025-10-19/1760762704.json"
"653350","630660","2025-10-19","29.40","AUD","1760762704","14629/2025-10-19/1760762704.json"
"653350","630660","2025-10-20","33.60","AUD","1760762704","14629/2025-10-20/1760762704.json"
"971684","835234","2025-10-21","38.64","AUD","1760762704","14629/2025-10-21/1760762704.json"
"971684","835234","2025-10-20","38.64","AUD","1760762704","14629/2025-10-20/1760762704.json"
"1004618","882330","2025-10-21","45.36","AUD","1760762704","14629/2025-10-21/1760762704.json"
"818510","600849","2025-10-21","48.72","AUD","1760762704","14629/2025-10-21/1760762704.json"
"818510","600849","2025-10-20","48.72","AUD","1760762704","14629/2025-10-20/1760762704.json"
"971684","835234","2025-10-22","38.64","AUD","1760762704","14629/2025-10-22/1760762704.json"
"1004618","882330","2025-10-22","45.36","AUD","1760762704","14629/2025-10-22/1760762704.json"
"818510","600849","2025-10-22","48.72","AUD","1760762704","14629/2025-10-22/1760762704.json"
"1004617","882331","2025-10-22","55.44","AUD","1760762704","14629/2025-10-22/1760762704.json"
"971684","835234","2025-10-23","38.64","AUD","1760762704","14629/2025-10-23/1760762704.json"
"1004618","882330","2025-10-23","45.36","AUD","1760762704","14629/2025-10-23/1760762704.json"
"818510","600849","2025-10-23","48.72","AUD","1760762704","14629/2025-10-23/1760762704.json"
"1004617","882331","2025-10-23","55.44","AUD","1760762704","14629/2025-10-23/1760762704.json"
"971684","835234","2025-10-24","38.64","AUD","1760762704","14629/2025-10-24/1760762704.json"
"1004618","882330","2025-10-24","45.36","AUD","1760762704","14629/2025-10-24/1760762704.json"
"818510","600849","2025-10-24","48.72","AUD","1760762704","14629/2025-10-24/1760762704.json"
"1004617","882331","2025-10-24","55.44","AUD","1760762704","14629/2025-10-24/1760762704.json"
"971684","835234","2025-10-25","38.64","AUD","1760762704","14629/2025-10-25/1760762704.json"
"1004618","882330","2025-10-25","45.36","AUD","1760762704","14629/2025-10-25/1760762704.json"
"818510","600849","2025-10-25","48.72","AUD","1760762704","14629/2025-10-25/1760762704.json"
"1004617","882331","2025-10-25","55.44","AUD","1760762704","14629/2025-10-25/1760762704.json"
"971684","835234","2025-10-26","38.64","AUD","1760762704","14629/2025-10-26/1760762704.json"
"1004618","882330","2025-10-26","45.36","AUD","1760762704","14629/2025-10-26/1760762704.json"
"818510","600849","2025-10-26","48.72","AUD","1760762704","14629/2025-10-26/1760762704.json"
"1004617","882331","2025-10-26","55.44","AUD","1760762704","14629/2025-10-26/1760762704.json"
"653350","630660","2025-10-27","33.60","AUD","1760762704","14629/2025-10-27/1760762704.json"
"971684","835234","2025-10-27","38.64","AUD","1760762704","14629/2025-10-27/1760762704.json"
"1004618","882330","2025-10-27","45.36","AUD","1760762704","14629/2025-10-27/1760762704.json"
"818510","600849","2025-10-27","48.72","AUD","1760762704","14629/2025-10-27/1760762704.json"
"1004617","882331","2025-10-27","55.44","AUD","1760762704","14629/2025-10-27/1760762704.json"
"653350","630660","2025-10-28","33.60","AUD","1760762704","14629/2025-10-28/1760762704.json"
"971684","835234","2025-10-28","38.64","AUD","1760762704","14629/2025-10-28/1760762704.json"
"1004618","882330","2025-10-28","45.36","AUD","1760762704","14629/2025-10-28/1760762704.json"
"818510","600849","2025-10-28","48.72","AUD","1760762704","14629/2025-10-28/1760762704.json"
"1004617","882331","2025-10-28","55.44","AUD","1760762704","14629/2025-10-28/1760762704.json"
"971684","835234","2025-10-29","38.64","AUD","1760762704","14629/2025-10-29/1760762704.json"
"1004618","882330","2025-10-29","45.36","AUD","1760762704","14629/2025-10-29/1760762704.json"
"818510","600849","2025-10-29","48.72","AUD","1760762704","14629/2025-10-29/1760762704.json"
"1004617","882331","2025-10-29","55.44","AUD","1760762704","14629/2025-10-29/1760762704.json"
"971684","835234","2025-10-30","38.64","AUD","1760762704","14629/2025-10-30/1760762704.json"
"1004618","882330","2025-10-30","45.36","AUD","1760762704","14629/2025-10-30/1760762704.json"
"818510","600849","2025-10-30","48.72","AUD","1760762704","14629/2025-10-30/1760762704.json"
"1004617","882331","2025-10-30","55.44","AUD","1760762704","14629/2025-10-30/1760762704.json"
"971684","835234","2025-11-02","38.64","AUD","1760762704","14629/2025-11-02/1760762704.json"
"1004618","882330","2025-11-02","45.36","AUD","1760762704","14629/2025-11-02/1760762704.json"
"818510","600849","2025-11-02","48.72","AUD","1760762704","14629/2025-11-02/1760762704.json"
"1004617","882331","2025-11-02","55.44","AUD","1760762704","14629/2025-11-02/1760762704.json"
"971684","835234","2025-11-01","38.64","AUD","1760762704","14629/2025-11-01/1760762704.json"
"1004618","882330","2025-11-01","45.36","AUD","1760762704","14629/2025-11-01/1760762704.json"
"818510","600849","2025-11-01","48.72","AUD","1760762704","14629/2025-11-01/1760762704.json"
"1004617","882331","2025-11-01","55.44","AUD","1760762704","14629/2025-11-01/1760762704.json"
"971684","835234","2025-11-03","38.64","AUD","1760762704","14629/2025-11-03/1760762704.json"
"1004618","882330","2025-11-03","45.36","AUD","1760762704","14629/2025-11-03/1760762704.json"
"1004617","882331","2025-11-03","55.44","AUD","1760762704","14629/2025-11-03/1760762704.json"
"971684","835234","2025-11-04","38.64","AUD","1760762704","14629/2025-11-04/1760762704.json"
"1004618","882330","2025-11-04","45.36","AUD","1760762704","14629/2025-11-04/1760762704.json"
"1004617","882331","2025-11-04","55.44","AUD","1760762704","14629/2025-11-04/1760762704.json"
"971684","835234","2025-11-05","38.64","AUD","1760762704","14629/2025-11-05/1760762704.json"
"1004618","882330","2025-11-05","45.36","AUD","1760762704","14629/2025-11-05/1760762704.json"
"971684","835234","2025-11-06","38.64","AUD","1760762704","14629/2025-11-06/1760762704.json"
"1004618","882330","2025-11-06","45.36","AUD","1760762704","14629/2025-11-06/1760762704.json"
"971684","835234","2025-10-31","38.64","AUD","1760762704","14629/2025-10-31/1760762704.json"
"1004618","882330","2025-10-31","45.36","AUD","1760762704","14629/2025-10-31/1760762704.json"
"818510","600849","2025-10-31","48.72","AUD","1760762704","14629/2025-10-31/1760762704.json"
"1004617","882331","2025-10-31","55.44","AUD","1760762704","14629/2025-10-31/1760762704.json"
"653350","630660","2025-10-20","33.60","AUD","1760777231","14629/2025-10-20/1760777231.json"
"971684","835234","2025-10-20","38.64","AUD","1760777231","14629/2025-10-20/1760777231.json"
"818510","600849","2025-10-20","48.72","AUD","1760777231","14629/2025-10-20/1760777231.json"
"971684","835234","2025-10-19","29.40","AUD","1760777231","14629/2025-10-19/1760777231.json"
"971684","835234","2025-10-21","38.64","AUD","1760777231","14629/2025-10-21/1760777231.json"
"1004618","882330","2025-10-21","45.36","AUD","1760777231","14629/2025-10-21/1760777231.json"
"818510","600849","2025-10-21","48.72","AUD","1760777231","14629/2025-10-21/1760777231.json"
"971684","835234","2025-10-25","38.64","AUD","1760777231","14629/2025-10-25/1760777231.json"
"1004618","882330","2025-10-25","45.36","AUD","1760777231","14629/2025-10-25/1760777231.json"
"818510","600849","2025-10-25","48.72","AUD","1760777231","14629/2025-10-25/1760777231.json"
"1004617","882331","2025-10-25","55.44","AUD","1760777231","14629/2025-10-25/1760777231.json"
"971684","835234","2025-10-23","38.64","AUD","1760777231","14629/2025-10-23/1760777231.json"
"1004618","882330","2025-10-23","45.36","AUD","1760777231","14629/2025-10-23/1760777231.json"
"818510","600849","2025-10-23","48.72","AUD","1760777231","14629/2025-10-23/1760777231.json"
"1004617","882331","2025-10-23","55.44","AUD","1760777231","14629/2025-10-23/1760777231.json"
"971684","835234","2025-10-24","38.64","AUD","1760777231","14629/2025-10-24/1760777231.json"
"1004618","882330","2025-10-24","45.36","AUD","1760777231","14629/2025-10-24/1760777231.json"
"818510","600849","2025-10-24","48.72","AUD","1760777231","14629/2025-10-24/1760777231.json"
"1004617","882331","2025-10-24","55.44","AUD","1760777231","14629/2025-10-24/1760777231.json"
"971684","835234","2025-10-22","38.64","AUD","1760777231","14629/2025-10-22/1760777231.json"
"1004618","882330","2025-10-22","45.36","AUD","1760777231","14629/2025-10-22/1760777231.json"
"818510","600849","2025-10-22","48.72","AUD","1760777231","14629/2025-10-22/1760777231.json"
"1004617","882331","2025-10-22","55.44","AUD","1760777231","14629/2025-10-22/1760777231.json"
"971684","835234","2025-10-26","38.64","AUD","1760777231","14629/2025-10-26/1760777231.json"
"1004618","882330","2025-10-26","45.36","AUD","1760777231","14629/2025-10-26/1760777231.json"
"818510","600849","2025-10-26","48.72","AUD","1760777231","14629/2025-10-26/1760777231.json"
"1004617","882331","2025-10-26","55.44","AUD","1760777231","14629/2025-10-26/1760777231.json"
"653350","630660","2025-10-27","33.60","AUD","1760777231","14629/2025-10-27/1760777231.json"
"971684","835234","2025-10-27","38.64","AUD","1760777231","14629/2025-10-27/1760777231.json"
"1004618","882330","2025-10-27","45.36","AUD","1760777231","14629/2025-10-27/1760777231.json"
"818510","600849","2025-10-27","48.72","AUD","1760777231","14629/2025-10-27/1760777231.json"
"1004617","882331","2025-10-27","55.44","AUD","1760777231","14629/2025-10-27/1760777231.json"
"971684","835234","2025-10-29","38.64","AUD","1760777231","14629/2025-10-29/1760777231.json"
"1004618","882330","2025-10-29","45.36","AUD","1760777231","14629/2025-10-29/1760777231.json"
"818510","600849","2025-10-29","48.72","AUD","1760777231","14629/2025-10-29/1760777231.json"
"1004617","882331","2025-10-29","55.44","AUD","1760777231","14629/2025-10-29/1760777231.json"
"653350","630660","2025-10-28","33.60","AUD","1760777231","14629/2025-10-28/1760777231.json"
"971684","835234","2025-10-28","38.64","AUD","1760777231","14629/2025-10-28/1760777231.json"
"1004618","882330","2025-10-28","45.36","AUD","1760777231","14629/2025-10-28/1760777231.json"
"818510","600849","2025-10-28","48.72","AUD","1760777231","14629/2025-10-28/1760777231.json"
"1004617","882331","2025-10-28","55.44","AUD","1760777231","14629/2025-10-28/1760777231.json"
"971684","835234","2025-10-30","38.64","AUD","1760777231","14629/2025-10-30/1760777231.json"
"1004618","882330","2025-10-30","45.36","AUD","1760777231","14629/2025-10-30/1760777231.json"
"818510","600849","2025-10-30","48.72","AUD","1760777231","14629/2025-10-30/1760777231.json"
"1004617","882331","2025-10-30","55.44","AUD","1760777231","14629/2025-10-30/1760777231.json"
"971684","835234","2025-10-31","38.64","AUD","1760777231","14629/2025-10-31/1760777231.json"
"1004618","882330","2025-10-31","45.36","AUD","1760777231","14629/2025-10-31/1760777231.json"
"818510","600849","2025-10-31","48.72","AUD","1760777231","14629/2025-10-31/1760777231.json"
"1004617","882331","2025-10-31","55.44","AUD","1760777231","14629/2025-10-31/1760777231.json"
"971684","835234","2025-11-01","38.64","AUD","1760777231","14629/2025-11-01/1760777231.json"
"1004618","882330","2025-11-01","45.36","AUD","1760777231","14629/2025-11-01/1760777231.json"
"818510","600849","2025-11-01","48.72","AUD","1760777231","14629/2025-11-01/1760777231.json"
"1004617","882331","2025-11-01","55.44","AUD","1760777231","14629/2025-11-01/1760777231.json"
"971684","835234","2025-11-02","38.64","AUD","1760777231","14629/2025-11-02/1760777231.json"
"1004618","882330","2025-11-02","45.36","AUD","1760777231","14629/2025-11-02/1760777231.json"
"818510","600849","2025-11-02","48.72","AUD","1760777231","14629/2025-11-02/1760777231.json"
"1004617","882331","2025-11-02","55.44","AUD","1760777231","14629/2025-11-02/1760777231.json"
"971684","835234","2025-11-03","38.64","AUD","1760777231","14629/2025-11-03/1760777231.json"
"1004618","882330","2025-11-03","45.36","AUD","1760777231","14629/2025-11-03/1760777231.json"
"1004617","882331","2025-11-03","55.44","AUD","1760777231","14629/2025-11-03/1760777231.json"
"971684","835234","2025-11-04","38.64","AUD","1760777231","14629/2025-11-04/1760777231.json"
"1004618","882330","2025-11-04","45.36","AUD","1760777231","14629/2025-11-04/1760777231.json"
"1004617","882331","2025-11-04","55.44","AUD","1760777231","14629/2025-11-04/1760777231.json"
"971684","835234","2025-11-05","38.64","AUD","1760777231","14629/2025-11-05/1760777231.json"
"1004618","882330","2025-11-05","45.36","AUD","1760777231","14629/2025-11-05/1760777231.json"
"971684","835234","2025-11-06","38.64","AUD","1760777231","14629/2025-11-06/1760777231.json"
"1004618","882330","2025-11-06","45.36","AUD","1760777231","14629/2025-11-06/1760777231.json"
"653350","630660","2025-10-20","33.60","AUD","1760793032","14629/2025-10-20/1760793032.json"
"971684","835234","2025-10-20","38.64","AUD","1760793032","14629/2025-10-20/1760793032.json"
"818510","600849","2025-10-20","48.72","AUD","1760793032","14629/2025-10-20/1760793032.json"
"653350","630660","2025-10-19","29.40","AUD","1760793032","14629/2025-10-19/1760793032.json"
"653350","630660","2025-10-21","33.60","AUD","1760793032","14629/2025-10-21/1760793032.json"
"971684","835234","2025-10-21","38.64","AUD","1760793032","14629/2025-10-21/1760793032.json"
"1004618","882330","2025-10-21","45.36","AUD","1760793032","14629/2025-10-21/1760793032.json"
"818510","600849","2025-10-21","48.72","AUD","1760793032","14629/2025-10-21/1760793032.json"
"653350","630660","2025-10-22","33.60","AUD","1760793032","14629/2025-10-22/1760793032.json"
"971684","835234","2025-10-22","38.64","AUD","1760793032","14629/2025-10-22/1760793032.json"
"1004618","882330","2025-10-22","45.36","AUD","1760793032","14629/2025-10-22/1760793032.json"
"818510","600849","2025-10-22","48.72","AUD","1760793032","14629/2025-10-22/1760793032.json"
"1004617","882331","2025-10-22","55.44","AUD","1760793032","14629/2025-10-22/1760793032.json"
"653350","630660","2025-10-23","33.60","AUD","1760793032","14629/2025-10-23/1760793032.json"
"971684","835234","2025-10-23","38.64","AUD","1760793032","14629/2025-10-23/1760793032.json"
"1004618","882330","2025-10-23","45.36","AUD","1760793032","14629/2025-10-23/1760793032.json"
"818510","600849","2025-10-23","48.72","AUD","1760793032","14629/2025-10-23/1760793032.json"
"653350","630660","2025-10-24","33.60","AUD","1760793032","14629/2025-10-24/1760793032.json"
"1004617","882331","2025-10-23","55.44","AUD","1760793032","14629/2025-10-23/1760793032.json"
"971684","835234","2025-10-24","38.64","AUD","1760793032","14629/2025-10-24/1760793032.json"
"1004618","882330","2025-10-24","45.36","AUD","1760793032","14629/2025-10-24/1760793032.json"
"818510","600849","2025-10-24","48.72","AUD","1760793032","14629/2025-10-24/1760793032.json"
"1004617","882331","2025-10-24","55.44","AUD","1760793032","14629/2025-10-24/1760793032.json"
"653350","630660","2025-10-25","33.60","AUD","1760793032","14629/2025-10-25/1760793032.json"
"971684","835234","2025-10-25","38.64","AUD","1760793032","14629/2025-10-25/1760793032.json"
"1004618","882330","2025-10-25","45.36","AUD","1760793032","14629/2025-10-25/1760793032.json"
"818510","600849","2025-10-25","48.72","AUD","1760793032","14629/2025-10-25/1760793032.json"
"1004617","882331","2025-10-25","55.44","AUD","1760793032","14629/2025-10-25/1760793032.json"
"653350","630660","2025-10-26","33.60","AUD","1760793032","14629/2025-10-26/1760793032.json"
"971684","835234","2025-10-26","38.64","AUD","1760793032","14629/2025-10-26/1760793032.json"
"1004618","882330","2025-10-26","45.36","AUD","1760793032","14629/2025-10-26/1760793032.json"
"818510","600849","2025-10-26","48.72","AUD","1760793032","14629/2025-10-26/1760793032.json"
"1004617","882331","2025-10-26","55.44","AUD","1760793032","14629/2025-10-26/1760793032.json"
"653350","630660","2025-10-28","33.60","AUD","1760793032","14629/2025-10-28/1760793032.json"
"971684","835234","2025-10-28","38.64","AUD","1760793032","14629/2025-10-28/1760793032.json"
"1004618","882330","2025-10-28","45.36","AUD","1760793032","14629/2025-10-28/1760793032.json"
"818510","600849","2025-10-28","48.72","AUD","1760793032","14629/2025-10-28/1760793032.json"
"1004617","882331","2025-10-28","55.44","AUD","1760793032","14629/2025-10-28/1760793032.json"
"653350","630660","2025-10-27","33.60","AUD","1760793032","14629/2025-10-27/1760793032.json"
"971684","835234","2025-10-27","38.64","AUD","1760793032","14629/2025-10-27/1760793032.json"
"1004618","882330","2025-10-27","45.36","AUD","1760793032","14629/2025-10-27/1760793032.json"
"818510","600849","2025-10-27","48.72","AUD","1760793032","14629/2025-10-27/1760793032.json"
"1004617","882331","2025-10-27","55.44","AUD","1760793032","14629/2025-10-27/1760793032.json"
"653350","630660","2025-10-29","33.60","AUD","1760793032","14629/2025-10-29/1760793032.json"
"971684","835234","2025-10-29","38.64","AUD","1760793032","14629/2025-10-29/1760793032.json"
"1004618","882330","2025-10-29","45.36","AUD","1760793032","14629/2025-10-29/1760793032.json"
"818510","600849","2025-10-29","48.72","AUD","1760793032","14629/2025-10-29/1760793032.json"
"1004617","882331","2025-10-29","55.44","AUD","1760793032","14629/2025-10-29/1760793032.json"
"653350","630660","2025-10-30","33.60","AUD","1760793032","14629/2025-10-30/1760793032.json"
"971684","835234","2025-10-30","38.64","AUD","1760793032","14629/2025-10-30/1760793032.json"
"1004618","882330","2025-10-30","45.36","AUD","1760793032","14629/2025-10-30/1760793032.json"
"818510","600849","2025-10-30","48.72","AUD","1760793032","14629/2025-10-30/1760793032.json"
"1004617","882331","2025-10-30","55.44","AUD","1760793032","14629/2025-10-30/1760793032.json"
"653350","630660","2025-10-31","33.60","AUD","1760793032","14629/2025-10-31/1760793032.json"
"971684","835234","2025-10-31","38.64","AUD","1760793032","14629/2025-10-31/1760793032.json"
"1004618","882330","2025-10-31","45.36","AUD","1760793032","14629/2025-10-31/1760793032.json"
"818510","600849","2025-10-31","48.72","AUD","1760793032","14629/2025-10-31/1760793032.json"
"1004617","882331","2025-10-31","55.44","AUD","1760793032","14629/2025-10-31/1760793032.json"
"971684","835234","2025-11-01","38.64","AUD","1760793032","14629/2025-11-01/1760793032.json"
"1004618","882330","2025-11-01","45.36","AUD","1760793032","14629/2025-11-01/1760793032.json"
"818510","600849","2025-11-01","48.72","AUD","1760793032","14629/2025-11-01/1760793032.json"
"1004617","882331","2025-11-01","55.44","AUD","1760793032","14629/2025-11-01/1760793032.json"
"971684","835234","2025-11-02","38.64","AUD","1760793032","14629/2025-11-02/1760793032.json"
"1004618","882330","2025-11-02","45.36","AUD","1760793032","14629/2025-11-02/1760793032.json"
"818510","600849","2025-11-02","48.72","AUD","1760793032","14629/2025-11-02/1760793032.json"
"1004617","882331","2025-11-02","55.44","AUD","1760793032","14629/2025-11-02/1760793032.json"
"971684","835234","2025-11-04","38.64","AUD","1760793032","14629/2025-11-04/1760793032.json"
"1004618","882330","2025-11-04","45.36","AUD","1760793032","14629/2025-11-04/1760793032.json"
"1004617","882331","2025-11-04","55.44","AUD","1760793032","14629/2025-11-04/1760793032.json"
"971684","835234","2025-11-05","38.64","AUD","1760793032","14629/2025-11-05/1760793032.json"
"1004618","882330","2025-11-05","45.36","AUD","1760793032","14629/2025-11-05/1760793032.json"
"971684","835234","2025-11-06","38.64","AUD","1760793032","14629/2025-11-06/1760793032.json"
"1004618","882330","2025-11-06","45.36","AUD","1760793032","14629/2025-11-06/1760793032.json"
"971684","835234","2025-11-03","38.64","AUD","1760793032","14629/2025-11-03/1760793032.json"
"1004618","882330","2025-11-03","45.36","AUD","1760793032","14629/2025-11-03/1760793032.json"
"1004617","882331","2025-11-03","55.44","AUD","1760793032","14629/2025-11-03/1760793032.json"
"653350","630660","2025-10-20","33.60","AUD","1760806024","14629/2025-10-20/1760806024.json"
"971684","835234","2025-10-20","38.64","AUD","1760806024","14629/2025-10-20/1760806024.json"
"818510","600849","2025-10-20","48.72","AUD","1760806024","14629/2025-10-20/1760806024.json"
"653350","630660","2025-10-19","29.40","AUD","1760806024","14629/2025-10-19/1760806024.json"
"653350","630660","2025-10-21","33.60","AUD","1760806024","14629/2025-10-21/1760806024.json"
"971684","835234","2025-10-21","38.64","AUD","1760806024","14629/2025-10-21/1760806024.json"
"1004618","882330","2025-10-21","45.36","AUD","1760806024","14629/2025-10-21/1760806024.json"
"818510","600849","2025-10-21","48.72","AUD","1760806024","14629/2025-10-21/1760806024.json"
"653350","630660","2025-10-23","33.60","AUD","1760806024","14629/2025-10-23/1760806024.json"
"971684","835234","2025-10-23","38.64","AUD","1760806024","14629/2025-10-23/1760806024.json"
"1004618","882330","2025-10-23","45.36","AUD","1760806024","14629/2025-10-23/1760806024.json"
"818510","600849","2025-10-23","48.72","AUD","1760806024","14629/2025-10-23/1760806024.json"
"1004617","882331","2025-10-23","55.44","AUD","1760806024","14629/2025-10-23/1760806024.json"
"653350","630660","2025-10-22","33.60","AUD","1760806024","14629/2025-10-22/1760806024.json"
"971684","835234","2025-10-22","38.64","AUD","1760806024","14629/2025-10-22/1760806024.json"
"1004618","882330","2025-10-22","45.36","AUD","1760806024","14629/2025-10-22/1760806024.json"
"818510","600849","2025-10-22","48.72","AUD","1760806024","14629/2025-10-22/1760806024.json"
"1004617","882331","2025-10-22","55.44","AUD","1760806024","14629/2025-10-22/1760806024.json"
"653350","630660","2025-10-25","33.60","AUD","1760806024","14629/2025-10-25/1760806024.json"
"971684","835234","2025-10-25","38.64","AUD","1760806024","14629/2025-10-25/1760806024.json"
"1004618","882330","2025-10-25","45.36","AUD","1760806024","14629/2025-10-25/1760806024.json"
"818510","600849","2025-10-25","48.72","AUD","1760806024","14629/2025-10-25/1760806024.json"
"1004617","882331","2025-10-25","55.44","AUD","1760806024","14629/2025-10-25/1760806024.json"
"653350","630660","2025-10-24","33.60","AUD","1760806024","14629/2025-10-24/1760806024.json"
"971684","835234","2025-10-24","38.64","AUD","1760806024","14629/2025-10-24/1760806024.json"
"1004618","882330","2025-10-24","45.36","AUD","1760806024","14629/2025-10-24/1760806024.json"
"818510","600849","2025-10-24","48.72","AUD","1760806024","14629/2025-10-24/1760806024.json"
"1004617","882331","2025-10-24","55.44","AUD","1760806024","14629/2025-10-24/1760806024.json"
"653350","630660","2025-10-26","33.60","AUD","1760806024","14629/2025-10-26/1760806024.json"
"971684","835234","2025-10-26","38.64","AUD","1760806024","14629/2025-10-26/1760806024.json"
"1004618","882330","2025-10-26","45.36","AUD","1760806024","14629/2025-10-26/1760806024.json"
"818510","600849","2025-10-26","48.72","AUD","1760806024","14629/2025-10-26/1760806024.json"
"1004617","882331","2025-10-26","55.44","AUD","1760806024","14629/2025-10-26/1760806024.json"
"653350","630660","2025-10-27","33.60","AUD","1760806024","14629/2025-10-27/1760806024.json"
"971684","835234","2025-10-27","38.64","AUD","1760806024","14629/2025-10-27/1760806024.json"
"1004618","882330","2025-10-27","45.36","AUD","1760806024","14629/2025-10-27/1760806024.json"
"818510","600849","2025-10-27","48.72","AUD","1760806024","14629/2025-10-27/1760806024.json"
"1004617","882331","2025-10-27","55.44","AUD","1760806024","14629/2025-10-27/1760806024.json"
"653350","630660","2025-10-28","33.60","AUD","1760806024","14629/2025-10-28/1760806024.json"
"971684","835234","2025-10-28","38.64","AUD","1760806024","14629/2025-10-28/1760806024.json"
"1004618","882330","2025-10-28","45.36","AUD","1760806024","14629/2025-10-28/1760806024.json"
"818510","600849","2025-10-28","48.72","AUD","1760806024","14629/2025-10-28/1760806024.json"
"1004617","882331","2025-10-28","55.44","AUD","1760806024","14629/2025-10-28/1760806024.json"
"653350","630660","2025-10-29","33.60","AUD","1760806024","14629/2025-10-29/1760806024.json"
"971684","835234","2025-10-29","38.64","AUD","1760806024","14629/2025-10-29/1760806024.json"
"1004618","882330","2025-10-29","45.36","AUD","1760806024","14629/2025-10-29/1760806024.json"
"818510","600849","2025-10-29","48.72","AUD","1760806024","14629/2025-10-29/1760806024.json"
"1004617","882331","2025-10-29","55.44","AUD","1760806024","14629/2025-10-29/1760806024.json"
"653350","630660","2025-10-31","33.60","AUD","1760806024","14629/2025-10-31/1760806024.json"
"971684","835234","2025-10-31","38.64","AUD","1760806024","14629/2025-10-31/1760806024.json"
"1004618","882330","2025-10-31","45.36","AUD","1760806024","14629/2025-10-31/1760806024.json"
"818510","600849","2025-10-31","48.72","AUD","1760806024","14629/2025-10-31/1760806024.json"
"1004617","882331","2025-10-31","55.44","AUD","1760806024","14629/2025-10-31/1760806024.json"
"653350","630660","2025-10-30","33.60","AUD","1760806024","14629/2025-10-30/1760806024.json"
"971684","835234","2025-10-30","38.64","AUD","1760806024","14629/2025-10-30/1760806024.json"
"1004618","882330","2025-10-30","45.36","AUD","1760806024","14629/2025-10-30/1760806024.json"
"818510","600849","2025-10-30","48.72","AUD","1760806024","14629/2025-10-30/1760806024.json"
"1004617","882331","2025-10-30","55.44","AUD","1760806024","14629/2025-10-30/1760806024.json"
"971684","835234","2025-11-01","38.64","AUD","1760806024","14629/2025-11-01/1760806024.json"
"1004618","882330","2025-11-01","45.36","AUD","1760806024","14629/2025-11-01/1760806024.json"
"818510","600849","2025-11-01","48.72","AUD","1760806024","14629/2025-11-01/1760806024.json"
"1004617","882331","2025-11-01","55.44","AUD","1760806024","14629/2025-11-01/1760806024.json"
"971684","835234","2025-11-02","38.64","AUD","1760806024","14629/2025-11-02/1760806024.json"
"1004618","882330","2025-11-02","45.36","AUD","1760806024","14629/2025-11-02/1760806024.json"
"818510","600849","2025-11-02","48.72","AUD","1760806024","14629/2025-11-02/1760806024.json"
"1004617","882331","2025-11-02","55.44","AUD","1760806024","14629/2025-11-02/1760806024.json"
"971684","835234","2025-11-05","38.64","AUD","1760806024","14629/2025-11-05/1760806024.json"
"1004618","882330","2025-11-05","45.36","AUD","1760806024","14629/2025-11-05/1760806024.json"
"971684","835234","2025-11-04","38.64","AUD","1760806024","14629/2025-11-04/1760806024.json"
"1004618","882330","2025-11-04","45.36","AUD","1760806024","14629/2025-11-04/1760806024.json"
"1004617","882331","2025-11-04","55.44","AUD","1760806024","14629/2025-11-04/1760806024.json"
"971684","835234","2025-11-03","38.64","AUD","1760806024","14629/2025-11-03/1760806024.json"
"1004618","882330","2025-11-03","45.36","AUD","1760806024","14629/2025-11-03/1760806024.json"
"1004617","882331","2025-11-03","55.44","AUD","1760806024","14629/2025-11-03/1760806024.json"
"971684","835234","2025-11-06","38.64","AUD","1760806024","14629/2025-11-06/1760806024.json"
"1004618","882330","2025-11-06","45.36","AUD","1760806024","14629/2025-11-06/1760806024.json"
"653350","630660","2025-10-21","33.60","AUD","1760819969","14629/2025-10-21/1760819969.json"
"971684","835234","2025-10-21","38.64","AUD","1760819969","14629/2025-10-21/1760819969.json"
"1004618","882330","2025-10-21","45.36","AUD","1760819969","14629/2025-10-21/1760819969.json"
"818510","600849","2025-10-21","48.72","AUD","1760819969","14629/2025-10-21/1760819969.json"
"653350","630660","2025-10-19","29.40","AUD","1760819969","14629/2025-10-19/1760819969.json"
"653350","630660","2025-10-20","33.60","AUD","1760819969","14629/2025-10-20/1760819969.json"
"971684","835234","2025-10-20","38.64","AUD","1760819969","14629/2025-10-20/1760819969.json"
"818510","600849","2025-10-20","48.72","AUD","1760819969","14629/2025-10-20/1760819969.json"
"653350","630660","2025-10-22","33.60","AUD","1760819969","14629/2025-10-22/1760819969.json"
"971684","835234","2025-10-22","38.64","AUD","1760819969","14629/2025-10-22/1760819969.json"
"1004618","882330","2025-10-22","45.36","AUD","1760819969","14629/2025-10-22/1760819969.json"
"818510","600849","2025-10-22","48.72","AUD","1760819969","14629/2025-10-22/1760819969.json"
"1004617","882331","2025-10-22","55.44","AUD","1760819969","14629/2025-10-22/1760819969.json"
"653350","630660","2025-10-23","33.60","AUD","1760819969","14629/2025-10-23/1760819969.json"
"971684","835234","2025-10-23","38.64","AUD","1760819969","14629/2025-10-23/1760819969.json"
"1004618","882330","2025-10-23","45.36","AUD","1760819969","14629/2025-10-23/1760819969.json"
"818510","600849","2025-10-23","48.72","AUD","1760819969","14629/2025-10-23/1760819969.json"
"1004617","882331","2025-10-23","55.44","AUD","1760819969","14629/2025-10-23/1760819969.json"
"653350","630660","2025-10-24","33.60","AUD","1760819969","14629/2025-10-24/1760819969.json"
"971684","835234","2025-10-24","38.64","AUD","1760819969","14629/2025-10-24/1760819969.json"
"1004618","882330","2025-10-24","45.36","AUD","1760819969","14629/2025-10-24/1760819969.json"
"818510","600849","2025-10-24","48.72","AUD","1760819969","14629/2025-10-24/1760819969.json"
"1004617","882331","2025-10-24","55.44","AUD","1760819969","14629/2025-10-24/1760819969.json"
"653350","630660","2025-10-26","33.60","AUD","1760819969","14629/2025-10-26/1760819969.json"
"971684","835234","2025-10-26","38.64","AUD","1760819969","14629/2025-10-26/1760819969.json"
"1004618","882330","2025-10-26","45.36","AUD","1760819969","14629/2025-10-26/1760819969.json"
"818510","600849","2025-10-26","48.72","AUD","1760819969","14629/2025-10-26/1760819969.json"
"1004617","882331","2025-10-26","55.44","AUD","1760819969","14629/2025-10-26/1760819969.json"
"653350","630660","2025-10-25","33.60","AUD","1760819969","14629/2025-10-25/1760819969.json"
"971684","835234","2025-10-25","38.64","AUD","1760819969","14629/2025-10-25/1760819969.json"
"1004618","882330","2025-10-25","45.36","AUD","1760819969","14629/2025-10-25/1760819969.json"
"818510","600849","2025-10-25","48.72","AUD","1760819969","14629/2025-10-25/1760819969.json"
"1004617","882331","2025-10-25","55.44","AUD","1760819969","14629/2025-10-25/1760819969.json"
"653350","630660","2025-10-27","33.60","AUD","1760819969","14629/2025-10-27/1760819969.json"
"971684","835234","2025-10-27","38.64","AUD","1760819969","14629/2025-10-27/1760819969.json"
"1004618","882330","2025-10-27","45.36","AUD","1760819969","14629/2025-10-27/1760819969.json"
"818510","600849","2025-10-27","48.72","AUD","1760819969","14629/2025-10-27/1760819969.json"
"1004617","882331","2025-10-27","55.44","AUD","1760819969","14629/2025-10-27/1760819969.json"
"653350","630660","2025-10-28","33.60","AUD","1760819969","14629/2025-10-28/1760819969.json"
"971684","835234","2025-10-28","38.64","AUD","1760819969","14629/2025-10-28/1760819969.json"
"1004618","882330","2025-10-28","45.36","AUD","1760819969","14629/2025-10-28/1760819969.json"
"818510","600849","2025-10-28","48.72","AUD","1760819969","14629/2025-10-28/1760819969.json"
"1004617","882331","2025-10-28","55.44","AUD","1760819969","14629/2025-10-28/1760819969.json"
"653350","630660","2025-10-29","33.60","AUD","1760819969","14629/2025-10-29/1760819969.json"
"971684","835234","2025-10-29","38.64","AUD","1760819969","14629/2025-10-29/1760819969.json"
"1004618","882330","2025-10-29","45.36","AUD","1760819969","14629/2025-10-29/1760819969.json"
"818510","600849","2025-10-29","48.72","AUD","1760819969","14629/2025-10-29/1760819969.json"
"1004617","882331","2025-10-29","55.44","AUD","1760819969","14629/2025-10-29/1760819969.json"
"971684","835234","2025-11-01","38.64","AUD","1760819969","14629/2025-11-01/1760819969.json"
"1004618","882330","2025-11-01","45.36","AUD","1760819969","14629/2025-11-01/1760819969.json"
"818510","600849","2025-11-01","48.72","AUD","1760819969","14629/2025-11-01/1760819969.json"
"1004617","882331","2025-11-01","55.44","AUD","1760819969","14629/2025-11-01/1760819969.json"
"653350","630660","2025-10-30","33.60","AUD","1760819969","14629/2025-10-30/1760819969.json"
"971684","835234","2025-10-30","38.64","AUD","1760819969","14629/2025-10-30/1760819969.json"
"1004618","882330","2025-10-30","45.36","AUD","1760819969","14629/2025-10-30/1760819969.json"
"818510","600849","2025-10-30","48.72","AUD","1760819969","14629/2025-10-30/1760819969.json"
"1004617","882331","2025-10-30","55.44","AUD","1760819969","14629/2025-10-30/1760819969.json"
"653350","630660","2025-10-31","33.60","AUD","1760819969","14629/2025-10-31/1760819969.json"
"971684","835234","2025-10-31","38.64","AUD","1760819969","14629/2025-10-31/1760819969.json"
"1004618","882330","2025-10-31","45.36","AUD","1760819969","14629/2025-10-31/1760819969.json"
"818510","600849","2025-10-31","48.72","AUD","1760819969","14629/2025-10-31/1760819969.json"
"1004617","882331","2025-10-31","55.44","AUD","1760819969","14629/2025-10-31/1760819969.json"
"971684","835234","2025-11-02","38.64","AUD","1760819969","14629/2025-11-02/1760819969.json"
"1004618","882330","2025-11-02","45.36","AUD","1760819969","14629/2025-11-02/1760819969.json"
"818510","600849","2025-11-02","48.72","AUD","1760819969","14629/2025-11-02/1760819969.json"
"1004617","882331","2025-11-02","55.44","AUD","1760819969","14629/2025-11-02/1760819969.json"
"971684","835234","2025-11-03","38.64","AUD","1760819969","14629/2025-11-03/1760819969.json"
"1004618","882330","2025-11-03","45.36","AUD","1760819969","14629/2025-11-03/1760819969.json"
"1004617","882331","2025-11-03","55.44","AUD","1760819969","14629/2025-11-03/1760819969.json"
"971684","835234","2025-11-04","38.64","AUD","1760819969","14629/2025-11-04/1760819969.json"
"1004618","882330","2025-11-04","45.36","AUD","1760819969","14629/2025-11-04/1760819969.json"
"1004617","882331","2025-11-04","55.44","AUD","1760819969","14629/2025-11-04/1760819969.json"
"971684","835234","2025-11-05","38.64","AUD","1760819969","14629/2025-11-05/1760819969.json"
"1004618","882330","2025-11-05","45.36","AUD","1760819969","14629/2025-11-05/1760819969.json"
"971684","835234","2025-11-06","38.64","AUD","1760819969","14629/2025-11-06/1760819969.json"
"1004618","882330","2025-11-06","45.36","AUD","1760819969","14629/2025-11-06/1760819969.json"
"653350","630660","2025-10-19","29.40","AUD","1760845181","14629/2025-10-19/1760845181.json"
"971684","835234","2025-10-22","38.64","AUD","1760845181","14629/2025-10-22/1760845181.json"
"1004618","882330","2025-10-22","45.36","AUD","1760845181","14629/2025-10-22/1760845181.json"
"1004617","882331","2025-10-22","55.44","AUD","1760845181","14629/2025-10-22/1760845181.json"
"971684","835234","2025-10-21","38.64","AUD","1760845181","14629/2025-10-21/1760845181.json"
"1004618","882330","2025-10-21","45.36","AUD","1760845181","14629/2025-10-21/1760845181.json"
"971684","835234","2025-10-20","38.64","AUD","1760845181","14629/2025-10-20/1760845181.json"
"653350","630660","2025-10-24","33.60","AUD","1760845181","14629/2025-10-24/1760845181.json"
"971684","835234","2025-10-24","38.64","AUD","1760845181","14629/2025-10-24/1760845181.json"
"1004618","882330","2025-10-24","45.36","AUD","1760845181","14629/2025-10-24/1760845181.json"
"1004617","882331","2025-10-24","55.44","AUD","1760845181","14629/2025-10-24/1760845181.json"
"971684","835234","2025-10-23","38.64","AUD","1760845181","14629/2025-10-23/1760845181.json"
"1004618","882330","2025-10-23","45.36","AUD","1760845181","14629/2025-10-23/1760845181.json"
"1004617","882331","2025-10-23","55.44","AUD","1760845181","14629/2025-10-23/1760845181.json"
"653350","630660","2025-10-25","33.60","AUD","1760845181","14629/2025-10-25/1760845181.json"
"971684","835234","2025-10-25","38.64","AUD","1760845181","14629/2025-10-25/1760845181.json"
"1004618","882330","2025-10-25","45.36","AUD","1760845181","14629/2025-10-25/1760845181.json"
"1004617","882331","2025-10-25","55.44","AUD","1760845181","14629/2025-10-25/1760845181.json"
"653350","630660","2025-10-26","33.60","AUD","1760845181","14629/2025-10-26/1760845181.json"
"971684","835234","2025-10-26","38.64","AUD","1760845181","14629/2025-10-26/1760845181.json"
"1004618","882330","2025-10-26","45.36","AUD","1760845181","14629/2025-10-26/1760845181.json"
"818510","600849","2025-10-26","48.72","AUD","1760845181","14629/2025-10-26/1760845181.json"
"1004617","882331","2025-10-26","55.44","AUD","1760845181","14629/2025-10-26/1760845181.json"
"653350","630660","2025-10-28","33.60","AUD","1760845181","14629/2025-10-28/1760845181.json"
"971684","835234","2025-10-28","38.64","AUD","1760845181","14629/2025-10-28/1760845181.json"
"1004618","882330","2025-10-28","45.36","AUD","1760845181","14629/2025-10-28/1760845181.json"
"818510","600849","2025-10-28","48.72","AUD","1760845181","14629/2025-10-28/1760845181.json"
"1004617","882331","2025-10-28","55.44","AUD","1760845181","14629/2025-10-28/1760845181.json"
"653350","630660","2025-10-27","33.60","AUD","1760845181","14629/2025-10-27/1760845181.json"
"971684","835234","2025-10-27","38.64","AUD","1760845181","14629/2025-10-27/1760845181.json"
"1004618","882330","2025-10-27","45.36","AUD","1760845181","14629/2025-10-27/1760845181.json"
"818510","600849","2025-10-27","48.72","AUD","1760845181","14629/2025-10-27/1760845181.json"
"1004617","882331","2025-10-27","55.44","AUD","1760845181","14629/2025-10-27/1760845181.json"
"653350","630660","2025-10-30","33.60","AUD","1760845181","14629/2025-10-30/1760845181.json"
"971684","835234","2025-10-30","38.64","AUD","1760845181","14629/2025-10-30/1760845181.json"
"1004618","882330","2025-10-30","45.36","AUD","1760845181","14629/2025-10-30/1760845181.json"
"818510","600849","2025-10-30","48.72","AUD","1760845181","14629/2025-10-30/1760845181.json"
"1004617","882331","2025-10-30","55.44","AUD","1760845181","14629/2025-10-30/1760845181.json"
"653350","630660","2025-10-29","33.60","AUD","1760845181","14629/2025-10-29/1760845181.json"
"971684","835234","2025-10-29","38.64","AUD","1760845181","14629/2025-10-29/1760845181.json"
"1004618","882330","2025-10-29","45.36","AUD","1760845181","14629/2025-10-29/1760845181.json"
"818510","600849","2025-10-29","48.72","AUD","1760845181","14629/2025-10-29/1760845181.json"
"1004617","882331","2025-10-29","55.44","AUD","1760845181","14629/2025-10-29/1760845181.json"
"653350","630660","2025-10-31","33.60","AUD","1760845181","14629/2025-10-31/1760845181.json"
"971684","835234","2025-10-31","38.64","AUD","1760845181","14629/2025-10-31/1760845181.json"
"1004618","882330","2025-10-31","45.36","AUD","1760845181","14629/2025-10-31/1760845181.json"
"818510","600849","2025-10-31","48.72","AUD","1760845181","14629/2025-10-31/1760845181.json"
"1004617","882331","2025-10-31","55.44","AUD","1760845181","14629/2025-10-31/1760845181.json"
"971684","835234","2025-11-02","38.64","AUD","1760845181","14629/2025-11-02/1760845181.json"
"1004618","882330","2025-11-02","45.36","AUD","1760845181","14629/2025-11-02/1760845181.json"
"818510","600849","2025-11-02","48.72","AUD","1760845181","14629/2025-11-02/1760845181.json"
"1004617","882331","2025-11-02","55.44","AUD","1760845181","14629/2025-11-02/1760845181.json"
"971684","835234","2025-11-03","38.64","AUD","1760845181","14629/2025-11-03/1760845181.json"
"1004618","882330","2025-11-03","45.36","AUD","1760845181","14629/2025-11-03/1760845181.json"
"1004617","882331","2025-11-03","55.44","AUD","1760845181","14629/2025-11-03/1760845181.json"
"971684","835234","2025-11-01","38.64","AUD","1760845181","14629/2025-11-01/1760845181.json"
"1004618","882330","2025-11-01","45.36","AUD","1760845181","14629/2025-11-01/1760845181.json"
"818510","600849","2025-11-01","48.72","AUD","1760845181","14629/2025-11-01/1760845181.json"
"1004617","882331","2025-11-01","55.44","AUD","1760845181","14629/2025-11-01/1760845181.json"
"971684","835234","2025-11-04","38.64","AUD","1760845181","14629/2025-11-04/1760845181.json"
"1004618","882330","2025-11-04","45.36","AUD","1760845181","14629/2025-11-04/1760845181.json"
"1004617","882331","2025-11-04","55.44","AUD","1760845181","14629/2025-11-04/1760845181.json"
"971684","835234","2025-11-06","38.64","AUD","1760845181","14629/2025-11-06/1760845181.json"
"971684","835234","2025-11-05","38.64","AUD","1760845181","14629/2025-11-05/1760845181.json"
"1004618","882330","2025-11-06","45.36","AUD","1760845181","14629/2025-11-06/1760845181.json"
"1004618","882330","2025-11-05","45.36","AUD","1760845181","14629/2025-11-05/1760845181.json"
"971684","835234","2025-10-21","38.64","AUD","1760849289","14629/2025-10-21/1760849289.json"
"971684","835234","2025-10-22","38.64","AUD","1760849289","14629/2025-10-22/1760849289.json"
"1004618","882330","2025-10-22","45.36","AUD","1760849289","14629/2025-10-22/1760849289.json"
"1004618","882330","2025-10-21","45.36","AUD","1760849289","14629/2025-10-21/1760849289.json"
"1004617","882331","2025-10-22","55.44","AUD","1760849289","14629/2025-10-22/1760849289.json"
"971684","835234","2025-10-20","38.64","AUD","1760849289","14629/2025-10-20/1760849289.json"
"653350","630660","2025-10-19","29.40","AUD","1760849289","14629/2025-10-19/1760849289.json"
"971684","835234","2025-10-23","38.64","AUD","1760849289","14629/2025-10-23/1760849289.json"
"1004618","882330","2025-10-23","45.36","AUD","1760849289","14629/2025-10-23/1760849289.json"
"1004617","882331","2025-10-23","55.44","AUD","1760849289","14629/2025-10-23/1760849289.json"
"653350","630660","2025-10-24","33.60","AUD","1760849289","14629/2025-10-24/1760849289.json"
"971684","835234","2025-10-24","38.64","AUD","1760849289","14629/2025-10-24/1760849289.json"
"1004618","882330","2025-10-24","45.36","AUD","1760849289","14629/2025-10-24/1760849289.json"
"1004617","882331","2025-10-24","55.44","AUD","1760849289","14629/2025-10-24/1760849289.json"
"653350","630660","2025-10-25","33.60","AUD","1760849289","14629/2025-10-25/1760849289.json"
"971684","835234","2025-10-25","38.64","AUD","1760849289","14629/2025-10-25/1760849289.json"
"1004618","882330","2025-10-25","45.36","AUD","1760849289","14629/2025-10-25/1760849289.json"
"1004617","882331","2025-10-25","55.44","AUD","1760849289","14629/2025-10-25/1760849289.json"
"653350","630660","2025-10-26","33.60","AUD","1760849289","14629/2025-10-26/1760849289.json"
"971684","835234","2025-10-26","38.64","AUD","1760849289","14629/2025-10-26/1760849289.json"
"1004618","882330","2025-10-26","45.36","AUD","1760849289","14629/2025-10-26/1760849289.json"
"818510","600849","2025-10-26","48.72","AUD","1760849289","14629/2025-10-26/1760849289.json"
"1004617","882331","2025-10-26","55.44","AUD","1760849289","14629/2025-10-26/1760849289.json"
"653350","630660","2025-10-28","33.60","AUD","1760849289","14629/2025-10-28/1760849289.json"
"971684","835234","2025-10-28","38.64","AUD","1760849289","14629/2025-10-28/1760849289.json"
"1004618","882330","2025-10-28","45.36","AUD","1760849289","14629/2025-10-28/1760849289.json"
"818510","600849","2025-10-28","48.72","AUD","1760849289","14629/2025-10-28/1760849289.json"
"1004617","882331","2025-10-28","55.44","AUD","1760849289","14629/2025-10-28/1760849289.json"
"653350","630660","2025-10-27","33.60","AUD","1760849289","14629/2025-10-27/1760849289.json"
"971684","835234","2025-10-27","38.64","AUD","1760849289","14629/2025-10-27/1760849289.json"
"1004618","882330","2025-10-27","45.36","AUD","1760849289","14629/2025-10-27/1760849289.json"
"818510","600849","2025-10-27","48.72","AUD","1760849289","14629/2025-10-27/1760849289.json"
"1004617","882331","2025-10-27","55.44","AUD","1760849289","14629/2025-10-27/1760849289.json"
"653350","630660","2025-10-29","33.60","AUD","1760849289","14629/2025-10-29/1760849289.json"
"971684","835234","2025-10-29","38.64","AUD","1760849289","14629/2025-10-29/1760849289.json"
"1004618","882330","2025-10-29","45.36","AUD","1760849289","14629/2025-10-29/1760849289.json"
"818510","600849","2025-10-29","48.72","AUD","1760849289","14629/2025-10-29/1760849289.json"
"1004617","882331","2025-10-29","55.44","AUD","1760849289","14629/2025-10-29/1760849289.json"
"653350","630660","2025-10-30","33.60","AUD","1760849289","14629/2025-10-30/1760849289.json"
"971684","835234","2025-10-30","38.64","AUD","1760849289","14629/2025-10-30/1760849289.json"
"1004618","882330","2025-10-30","45.36","AUD","1760849289","14629/2025-10-30/1760849289.json"
"818510","600849","2025-10-30","48.72","AUD","1760849289","14629/2025-10-30/1760849289.json"
"1004617","882331","2025-10-30","55.44","AUD","1760849289","14629/2025-10-30/1760849289.json"
"653350","630660","2025-10-31","33.60","AUD","1760849289","14629/2025-10-31/1760849289.json"
"971684","835234","2025-10-31","38.64","AUD","1760849289","14629/2025-10-31/1760849289.json"
"1004618","882330","2025-10-31","45.36","AUD","1760849289","14629/2025-10-31/1760849289.json"
"818510","600849","2025-10-31","48.72","AUD","1760849289","14629/2025-10-31/1760849289.json"
"1004617","882331","2025-10-31","55.44","AUD","1760849289","14629/2025-10-31/1760849289.json"
"971684","835234","2025-11-02","38.64","AUD","1760849289","14629/2025-11-02/1760849289.json"
"1004618","882330","2025-11-02","45.36","AUD","1760849289","14629/2025-11-02/1760849289.json"
"818510","600849","2025-11-02","48.72","AUD","1760849289","14629/2025-11-02/1760849289.json"
"1004617","882331","2025-11-02","55.44","AUD","1760849289","14629/2025-11-02/1760849289.json"
"971684","835234","2025-11-01","38.64","AUD","1760849289","14629/2025-11-01/1760849289.json"
"1004618","882330","2025-11-01","45.36","AUD","1760849289","14629/2025-11-01/1760849289.json"
"818510","600849","2025-11-01","48.72","AUD","1760849289","14629/2025-11-01/1760849289.json"
"1004617","882331","2025-11-01","55.44","AUD","1760849289","14629/2025-11-01/1760849289.json"
"971684","835234","2025-11-03","38.64","AUD","1760849289","14629/2025-11-03/1760849289.json"
"1004618","882330","2025-11-03","45.36","AUD","1760849289","14629/2025-11-03/1760849289.json"
"1004617","882331","2025-11-03","55.44","AUD","1760849289","14629/2025-11-03/1760849289.json"
"971684","835234","2025-11-04","38.64","AUD","1760849289","14629/2025-11-04/1760849289.json"
"1004618","882330","2025-11-04","45.36","AUD","1760849289","14629/2025-11-04/1760849289.json"
"1004617","882331","2025-11-04","55.44","AUD","1760849289","14629/2025-11-04/1760849289.json"
"971684","835234","2025-11-06","38.64","AUD","1760849289","14629/2025-11-06/1760849289.json"
"1004618","882330","2025-11-06","45.36","AUD","1760849289","14629/2025-11-06/1760849289.json"
"971684","835234","2025-11-05","38.64","AUD","1760849289","14629/2025-11-05/1760849289.json"
"1004618","882330","2025-11-05","45.36","AUD","1760849289","14629/2025-11-05/1760849289.json"
"971684","835234","2025-10-21","38.64","AUD","1760863342","14629/2025-10-21/1760863342.json"
"1004618","882330","2025-10-21","45.36","AUD","1760863342","14629/2025-10-21/1760863342.json"
"971684","835234","2025-10-22","38.64","AUD","1760863342","14629/2025-10-22/1760863342.json"
"1004618","882330","2025-10-22","45.36","AUD","1760863342","14629/2025-10-22/1760863342.json"
"1004617","882331","2025-10-22","55.44","AUD","1760863342","14629/2025-10-22/1760863342.json"
"971684","835234","2025-10-20","38.64","AUD","1760863342","14629/2025-10-20/1760863342.json"
"971684","835234","2025-10-23","38.64","AUD","1760863342","14629/2025-10-23/1760863342.json"
"1004618","882330","2025-10-23","45.36","AUD","1760863342","14629/2025-10-23/1760863342.json"
"1004617","882331","2025-10-23","55.44","AUD","1760863342","14629/2025-10-23/1760863342.json"
"653350","630660","2025-10-24","33.60","AUD","1760863342","14629/2025-10-24/1760863342.json"
"971684","835234","2025-10-24","38.64","AUD","1760863342","14629/2025-10-24/1760863342.json"
"1004618","882330","2025-10-24","45.36","AUD","1760863342","14629/2025-10-24/1760863342.json"
"1004617","882331","2025-10-24","55.44","AUD","1760863342","14629/2025-10-24/1760863342.json"
"653350","630660","2025-10-26","33.60","AUD","1760863342","14629/2025-10-26/1760863342.json"
"971684","835234","2025-10-26","38.64","AUD","1760863342","14629/2025-10-26/1760863342.json"
"1004618","882330","2025-10-26","45.36","AUD","1760863342","14629/2025-10-26/1760863342.json"
"818510","600849","2025-10-26","48.72","AUD","1760863342","14629/2025-10-26/1760863342.json"
"1004617","882331","2025-10-26","55.44","AUD","1760863342","14629/2025-10-26/1760863342.json"
"653350","630660","2025-10-25","33.60","AUD","1760863342","14629/2025-10-25/1760863342.json"
"971684","835234","2025-10-25","38.64","AUD","1760863342","14629/2025-10-25/1760863342.json"
"1004618","882330","2025-10-25","45.36","AUD","1760863342","14629/2025-10-25/1760863342.json"
"1004617","882331","2025-10-25","55.44","AUD","1760863342","14629/2025-10-25/1760863342.json"
"653350","630660","2025-10-27","33.60","AUD","1760863342","14629/2025-10-27/1760863342.json"
"971684","835234","2025-10-27","38.64","AUD","1760863342","14629/2025-10-27/1760863342.json"
"1004618","882330","2025-10-27","45.36","AUD","1760863342","14629/2025-10-27/1760863342.json"
"818510","600849","2025-10-27","48.72","AUD","1760863342","14629/2025-10-27/1760863342.json"
"1004617","882331","2025-10-27","55.44","AUD","1760863342","14629/2025-10-27/1760863342.json"
"653350","630660","2025-10-28","33.60","AUD","1760863342","14629/2025-10-28/1760863342.json"
"971684","835234","2025-10-28","38.64","AUD","1760863342","14629/2025-10-28/1760863342.json"
"1004618","882330","2025-10-28","45.36","AUD","1760863342","14629/2025-10-28/1760863342.json"
"818510","600849","2025-10-28","48.72","AUD","1760863342","14629/2025-10-28/1760863342.json"
"1004617","882331","2025-10-28","55.44","AUD","1760863342","14629/2025-10-28/1760863342.json"
"653350","630660","2025-10-30","33.60","AUD","1760863342","14629/2025-10-30/1760863342.json"
"971684","835234","2025-10-30","38.64","AUD","1760863342","14629/2025-10-30/1760863342.json"
"1004618","882330","2025-10-30","45.36","AUD","1760863342","14629/2025-10-30/1760863342.json"
"818510","600849","2025-10-30","48.72","AUD","1760863342","14629/2025-10-30/1760863342.json"
"1004617","882331","2025-10-30","55.44","AUD","1760863342","14629/2025-10-30/1760863342.json"
"653350","630660","2025-10-29","33.60","AUD","1760863342","14629/2025-10-29/1760863342.json"
"971684","835234","2025-10-29","38.64","AUD","1760863342","14629/2025-10-29/1760863342.json"
"1004618","882330","2025-10-29","45.36","AUD","1760863342","14629/2025-10-29/1760863342.json"
"818510","600849","2025-10-29","48.72","AUD","1760863342","14629/2025-10-29/1760863342.json"
"1004617","882331","2025-10-29","55.44","AUD","1760863342","14629/2025-10-29/1760863342.json"
"653350","630660","2025-10-31","33.60","AUD","1760863342","14629/2025-10-31/1760863342.json"
"971684","835234","2025-10-31","38.64","AUD","1760863342","14629/2025-10-31/1760863342.json"
"1004618","882330","2025-10-31","45.36","AUD","1760863342","14629/2025-10-31/1760863342.json"
"818510","600849","2025-10-31","48.72","AUD","1760863342","14629/2025-10-31/1760863342.json"
"1004617","882331","2025-10-31","55.44","AUD","1760863342","14629/2025-10-31/1760863342.json"
"971684","835234","2025-11-01","38.64","AUD","1760863342","14629/2025-11-01/1760863342.json"
"1004618","882330","2025-11-01","45.36","AUD","1760863342","14629/2025-11-01/1760863342.json"
"818510","600849","2025-11-01","48.72","AUD","1760863342","14629/2025-11-01/1760863342.json"
"1004617","882331","2025-11-01","55.44","AUD","1760863342","14629/2025-11-01/1760863342.json"
"971684","835234","2025-11-02","38.64","AUD","1760863342","14629/2025-11-02/1760863342.json"
"1004618","882330","2025-11-02","45.36","AUD","1760863342","14629/2025-11-02/1760863342.json"
"818510","600849","2025-11-02","48.72","AUD","1760863342","14629/2025-11-02/1760863342.json"
"1004617","882331","2025-11-02","55.44","AUD","1760863342","14629/2025-11-02/1760863342.json"
"971684","835234","2025-11-03","38.64","AUD","1760863342","14629/2025-11-03/1760863342.json"
"1004618","882330","2025-11-03","45.36","AUD","1760863342","14629/2025-11-03/1760863342.json"
"1004617","882331","2025-11-03","55.44","AUD","1760863342","14629/2025-11-03/1760863342.json"
"971684","835234","2025-11-04","38.64","AUD","1760863342","14629/2025-11-04/1760863342.json"
"1004618","882330","2025-11-04","45.36","AUD","1760863342","14629/2025-11-04/1760863342.json"
"1004617","882331","2025-11-04","55.44","AUD","1760863342","14629/2025-11-04/1760863342.json"
"971684","835234","2025-11-05","38.64","AUD","1760863342","14629/2025-11-05/1760863342.json"
"1004618","882330","2025-11-05","45.36","AUD","1760863342","14629/2025-11-05/1760863342.json"
"971684","835234","2025-11-06","38.64","AUD","1760863342","14629/2025-11-06/1760863342.json"
"1004618","882330","2025-11-06","45.36","AUD","1760863342","14629/2025-11-06/1760863342.json"
"971684","835234","2025-10-20","38.64","AUD","1760879322","14629/2025-10-20/1760879322.json"
"971684","835234","2025-10-21","38.64","AUD","1760879322","14629/2025-10-21/1760879322.json"
"1004618","882330","2025-10-21","45.36","AUD","1760879322","14629/2025-10-21/1760879322.json"
"971684","835234","2025-10-23","38.64","AUD","1760879322","14629/2025-10-23/1760879322.json"
"1004618","882330","2025-10-23","45.36","AUD","1760879322","14629/2025-10-23/1760879322.json"
"1004617","882331","2025-10-23","55.44","AUD","1760879322","14629/2025-10-23/1760879322.json"
"971684","835234","2025-10-22","38.64","AUD","1760879322","14629/2025-10-22/1760879322.json"
"1004618","882330","2025-10-22","45.36","AUD","1760879322","14629/2025-10-22/1760879322.json"
"1004617","882331","2025-10-22","55.44","AUD","1760879322","14629/2025-10-22/1760879322.json"
"653350","630660","2025-10-25","33.60","AUD","1760879322","14629/2025-10-25/1760879322.json"
"971684","835234","2025-10-25","38.64","AUD","1760879322","14629/2025-10-25/1760879322.json"
"1004618","882330","2025-10-25","45.36","AUD","1760879322","14629/2025-10-25/1760879322.json"
"1004617","882331","2025-10-25","55.44","AUD","1760879322","14629/2025-10-25/1760879322.json"
"653350","630660","2025-10-24","33.60","AUD","1760879322","14629/2025-10-24/1760879322.json"
"971684","835234","2025-10-24","38.64","AUD","1760879322","14629/2025-10-24/1760879322.json"
"1004618","882330","2025-10-24","45.36","AUD","1760879322","14629/2025-10-24/1760879322.json"
"1004617","882331","2025-10-24","55.44","AUD","1760879322","14629/2025-10-24/1760879322.json"
"653350","630660","2025-10-26","33.60","AUD","1760879322","14629/2025-10-26/1760879322.json"
"971684","835234","2025-10-26","38.64","AUD","1760879322","14629/2025-10-26/1760879322.json"
"1004618","882330","2025-10-26","45.36","AUD","1760879322","14629/2025-10-26/1760879322.json"
"818510","600849","2025-10-26","48.72","AUD","1760879322","14629/2025-10-26/1760879322.json"
"1004617","882331","2025-10-26","55.44","AUD","1760879322","14629/2025-10-26/1760879322.json"
"653350","630660","2025-10-27","33.60","AUD","1760879322","14629/2025-10-27/1760879322.json"
"971684","835234","2025-10-27","38.64","AUD","1760879322","14629/2025-10-27/1760879322.json"
"1004618","882330","2025-10-27","45.36","AUD","1760879322","14629/2025-10-27/1760879322.json"
"818510","600849","2025-10-27","48.72","AUD","1760879322","14629/2025-10-27/1760879322.json"
"1004617","882331","2025-10-27","55.44","AUD","1760879322","14629/2025-10-27/1760879322.json"
"653350","630660","2025-10-28","33.60","AUD","1760879322","14629/2025-10-28/1760879322.json"
"971684","835234","2025-10-28","38.64","AUD","1760879322","14629/2025-10-28/1760879322.json"
"1004618","882330","2025-10-28","45.36","AUD","1760879322","14629/2025-10-28/1760879322.json"
"818510","600849","2025-10-28","48.72","AUD","1760879322","14629/2025-10-28/1760879322.json"
"1004617","882331","2025-10-28","55.44","AUD","1760879322","14629/2025-10-28/1760879322.json"
"653350","630660","2025-10-29","33.60","AUD","1760879322","14629/2025-10-29/1760879322.json"
"971684","835234","2025-10-29","38.64","AUD","1760879322","14629/2025-10-29/1760879322.json"
"1004618","882330","2025-10-29","45.36","AUD","1760879322","14629/2025-10-29/1760879322.json"
"818510","600849","2025-10-29","48.72","AUD","1760879322","14629/2025-10-29/1760879322.json"
"1004617","882331","2025-10-29","55.44","AUD","1760879322","14629/2025-10-29/1760879322.json"
"653350","630660","2025-10-30","33.60","AUD","1760879322","14629/2025-10-30/1760879322.json"
"971684","835234","2025-10-30","38.64","AUD","1760879322","14629/2025-10-30/1760879322.json"
"1004618","882330","2025-10-30","45.36","AUD","1760879322","14629/2025-10-30/1760879322.json"
"818510","600849","2025-10-30","48.72","AUD","1760879322","14629/2025-10-30/1760879322.json"
"1004617","882331","2025-10-30","55.44","AUD","1760879322","14629/2025-10-30/1760879322.json"
"653350","630660","2025-10-31","33.60","AUD","1760879322","14629/2025-10-31/1760879322.json"
"971684","835234","2025-10-31","38.64","AUD","1760879322","14629/2025-10-31/1760879322.json"
"1004618","882330","2025-10-31","45.36","AUD","1760879322","14629/2025-10-31/1760879322.json"
"818510","600849","2025-10-31","48.72","AUD","1760879322","14629/2025-10-31/1760879322.json"
"1004617","882331","2025-10-31","55.44","AUD","1760879322","14629/2025-10-31/1760879322.json"
"971684","835234","2025-11-01","38.64","AUD","1760879322","14629/2025-11-01/1760879322.json"
"1004618","882330","2025-11-01","45.36","AUD","1760879322","14629/2025-11-01/1760879322.json"
"818510","600849","2025-11-01","48.72","AUD","1760879322","14629/2025-11-01/1760879322.json"
"1004617","882331","2025-11-01","55.44","AUD","1760879322","14629/2025-11-01/1760879322.json"
"971684","835234","2025-11-03","38.64","AUD","1760879322","14629/2025-11-03/1760879322.json"
"1004618","882330","2025-11-03","45.36","AUD","1760879322","14629/2025-11-03/1760879322.json"
"1004617","882331","2025-11-03","55.44","AUD","1760879322","14629/2025-11-03/1760879322.json"
"971684","835234","2025-11-02","38.64","AUD","1760879322","14629/2025-11-02/1760879322.json"
"1004618","882330","2025-11-02","45.36","AUD","1760879322","14629/2025-11-02/1760879322.json"
"818510","600849","2025-11-02","48.72","AUD","1760879322","14629/2025-11-02/1760879322.json"
"1004617","882331","2025-11-02","55.44","AUD","1760879322","14629/2025-11-02/1760879322.json"
"971684","835234","2025-11-04","38.64","AUD","1760879322","14629/2025-11-04/1760879322.json"
"1004618","882330","2025-11-04","45.36","AUD","1760879322","14629/2025-11-04/1760879322.json"
"1004617","882331","2025-11-04","55.44","AUD","1760879322","14629/2025-11-04/1760879322.json"
"971684","835234","2025-11-05","38.64","AUD","1760879322","14629/2025-11-05/1760879322.json"
"1004618","882330","2025-11-05","45.36","AUD","1760879322","14629/2025-11-05/1760879322.json"
"971684","835234","2025-11-06","38.64","AUD","1760879322","14629/2025-11-06/1760879322.json"
"1004618","882330","2025-11-06","45.36","AUD","1760879322","14629/2025-11-06/1760879322.json"
"971684","835234","2025-10-20","38.64","AUD","1760892410","14629/2025-10-20/1760892410.json"
"971684","835234","2025-10-22","38.64","AUD","1760892410","14629/2025-10-22/1760892410.json"
"1004618","882330","2025-10-22","45.36","AUD","1760892410","14629/2025-10-22/1760892410.json"
"1004617","882331","2025-10-22","55.44","AUD","1760892410","14629/2025-10-22/1760892410.json"
"971684","835234","2025-10-23","38.64","AUD","1760892410","14629/2025-10-23/1760892410.json"
"1004618","882330","2025-10-23","45.36","AUD","1760892410","14629/2025-10-23/1760892410.json"
"1004617","882331","2025-10-23","55.44","AUD","1760892410","14629/2025-10-23/1760892410.json"
"971684","835234","2025-10-21","38.64","AUD","1760892410","14629/2025-10-21/1760892410.json"
"1004618","882330","2025-10-21","45.36","AUD","1760892410","14629/2025-10-21/1760892410.json"
"653350","630660","2025-10-24","33.60","AUD","1760892410","14629/2025-10-24/1760892410.json"
"971684","835234","2025-10-24","38.64","AUD","1760892410","14629/2025-10-24/1760892410.json"
"1004618","882330","2025-10-24","45.36","AUD","1760892410","14629/2025-10-24/1760892410.json"
"1004617","882331","2025-10-24","55.44","AUD","1760892410","14629/2025-10-24/1760892410.json"
"653350","630660","2025-10-25","33.60","AUD","1760892410","14629/2025-10-25/1760892410.json"
"971684","835234","2025-10-25","38.64","AUD","1760892410","14629/2025-10-25/1760892410.json"
"1004618","882330","2025-10-25","45.36","AUD","1760892410","14629/2025-10-25/1760892410.json"
"1004617","882331","2025-10-25","55.44","AUD","1760892410","14629/2025-10-25/1760892410.json"
"653350","630660","2025-10-26","33.60","AUD","1760892410","14629/2025-10-26/1760892410.json"
"971684","835234","2025-10-26","38.64","AUD","1760892410","14629/2025-10-26/1760892410.json"
"1004618","882330","2025-10-26","45.36","AUD","1760892410","14629/2025-10-26/1760892410.json"
"818510","600849","2025-10-26","48.72","AUD","1760892410","14629/2025-10-26/1760892410.json"
"1004617","882331","2025-10-26","55.44","AUD","1760892410","14629/2025-10-26/1760892410.json"
"653350","630660","2025-10-27","33.60","AUD","1760892410","14629/2025-10-27/1760892410.json"
"971684","835234","2025-10-27","38.64","AUD","1760892410","14629/2025-10-27/1760892410.json"
"1004618","882330","2025-10-27","45.36","AUD","1760892410","14629/2025-10-27/1760892410.json"
"818510","600849","2025-10-27","48.72","AUD","1760892410","14629/2025-10-27/1760892410.json"
"1004617","882331","2025-10-27","55.44","AUD","1760892410","14629/2025-10-27/1760892410.json"
"653350","630660","2025-10-28","33.60","AUD","1760892410","14629/2025-10-28/1760892410.json"
"971684","835234","2025-10-28","38.64","AUD","1760892410","14629/2025-10-28/1760892410.json"
"1004618","882330","2025-10-28","45.36","AUD","1760892410","14629/2025-10-28/1760892410.json"
"818510","600849","2025-10-28","48.72","AUD","1760892410","14629/2025-10-28/1760892410.json"
"1004617","882331","2025-10-28","55.44","AUD","1760892410","14629/2025-10-28/1760892410.json"
"653350","630660","2025-10-29","33.60","AUD","1760892410","14629/2025-10-29/1760892410.json"
"971684","835234","2025-10-29","38.64","AUD","1760892410","14629/2025-10-29/1760892410.json"
"1004618","882330","2025-10-29","45.36","AUD","1760892410","14629/2025-10-29/1760892410.json"
"818510","600849","2025-10-29","48.72","AUD","1760892410","14629/2025-10-29/1760892410.json"
"1004617","882331","2025-10-29","55.44","AUD","1760892410","14629/2025-10-29/1760892410.json"
"653350","630660","2025-10-31","33.60","AUD","1760892410","14629/2025-10-31/1760892410.json"
"971684","835234","2025-10-31","38.64","AUD","1760892410","14629/2025-10-31/1760892410.json"
"1004618","882330","2025-10-31","45.36","AUD","1760892410","14629/2025-10-31/1760892410.json"
"818510","600849","2025-10-31","48.72","AUD","1760892410","14629/2025-10-31/1760892410.json"
"1004617","882331","2025-10-31","55.44","AUD","1760892410","14629/2025-10-31/1760892410.json"
"653350","630660","2025-10-30","33.60","AUD","1760892410","14629/2025-10-30/1760892410.json"
"971684","835234","2025-10-30","38.64","AUD","1760892410","14629/2025-10-30/1760892410.json"
"1004618","882330","2025-10-30","45.36","AUD","1760892410","14629/2025-10-30/1760892410.json"
"818510","600849","2025-10-30","48.72","AUD","1760892410","14629/2025-10-30/1760892410.json"
"1004617","882331","2025-10-30","55.44","AUD","1760892410","14629/2025-10-30/1760892410.json"
"971684","835234","2025-11-01","38.64","AUD","1760892410","14629/2025-11-01/1760892410.json"
"1004618","882330","2025-11-01","45.36","AUD","1760892410","14629/2025-11-01/1760892410.json"
"818510","600849","2025-11-01","48.72","AUD","1760892410","14629/2025-11-01/1760892410.json"
"1004617","882331","2025-11-01","55.44","AUD","1760892410","14629/2025-11-01/1760892410.json"
"971684","835234","2025-11-02","38.64","AUD","1760892410","14629/2025-11-02/1760892410.json"
"1004618","882330","2025-11-02","45.36","AUD","1760892410","14629/2025-11-02/1760892410.json"
"818510","600849","2025-11-02","48.72","AUD","1760892410","14629/2025-11-02/1760892410.json"
"1004617","882331","2025-11-02","55.44","AUD","1760892410","14629/2025-11-02/1760892410.json"
"971684","835234","2025-11-03","38.64","AUD","1760892410","14629/2025-11-03/1760892410.json"
"1004618","882330","2025-11-03","45.36","AUD","1760892410","14629/2025-11-03/1760892410.json"
"1004617","882331","2025-11-03","55.44","AUD","1760892410","14629/2025-11-03/1760892410.json"
"971684","835234","2025-11-04","38.64","AUD","1760892410","14629/2025-11-04/1760892410.json"
"1004618","882330","2025-11-04","45.36","AUD","1760892410","14629/2025-11-04/1760892410.json"
"1004617","882331","2025-11-04","55.44","AUD","1760892410","14629/2025-11-04/1760892410.json"
"971684","835234","2025-11-06","38.64","AUD","1760892410","14629/2025-11-06/1760892410.json"
"1004618","882330","2025-11-06","45.36","AUD","1760892410","14629/2025-11-06/1760892410.json"
"971684","835234","2025-11-05","38.64","AUD","1760892410","14629/2025-11-05/1760892410.json"
"1004618","882330","2025-11-05","45.36","AUD","1760892410","14629/2025-11-05/1760892410.json"
"971684","835234","2025-10-20","38.64","AUD","1760906467","14629/2025-10-20/1760906467.json"
"971684","835234","2025-10-21","38.64","AUD","1760906467","14629/2025-10-21/1760906467.json"
"1004618","882330","2025-10-21","45.36","AUD","1760906467","14629/2025-10-21/1760906467.json"
"971684","835234","2025-10-22","38.64","AUD","1760906467","14629/2025-10-22/1760906467.json"
"1004618","882330","2025-10-22","45.36","AUD","1760906467","14629/2025-10-22/1760906467.json"
"1004617","882331","2025-10-22","55.44","AUD","1760906467","14629/2025-10-22/1760906467.json"
"971684","835234","2025-10-23","38.64","AUD","1760906467","14629/2025-10-23/1760906467.json"
"1004618","882330","2025-10-23","45.36","AUD","1760906467","14629/2025-10-23/1760906467.json"
"1004617","882331","2025-10-23","55.44","AUD","1760906467","14629/2025-10-23/1760906467.json"
"653350","630660","2025-10-24","33.60","AUD","1760906467","14629/2025-10-24/1760906467.json"
"971684","835234","2025-10-24","38.64","AUD","1760906467","14629/2025-10-24/1760906467.json"
"1004618","882330","2025-10-24","45.36","AUD","1760906467","14629/2025-10-24/1760906467.json"
"1004617","882331","2025-10-24","55.44","AUD","1760906467","14629/2025-10-24/1760906467.json"
"653350","630660","2025-10-25","33.60","AUD","1760906467","14629/2025-10-25/1760906467.json"
"971684","835234","2025-10-25","38.64","AUD","1760906467","14629/2025-10-25/1760906467.json"
"1004618","882330","2025-10-25","45.36","AUD","1760906467","14629/2025-10-25/1760906467.json"
"1004617","882331","2025-10-25","55.44","AUD","1760906467","14629/2025-10-25/1760906467.json"
"653350","630660","2025-10-26","33.60","AUD","1760906467","14629/2025-10-26/1760906467.json"
"971684","835234","2025-10-26","38.64","AUD","1760906467","14629/2025-10-26/1760906467.json"
"1004618","882330","2025-10-26","45.36","AUD","1760906467","14629/2025-10-26/1760906467.json"
"818510","600849","2025-10-26","48.72","AUD","1760906467","14629/2025-10-26/1760906467.json"
"1004617","882331","2025-10-26","55.44","AUD","1760906467","14629/2025-10-26/1760906467.json"
"653350","630660","2025-10-27","33.60","AUD","1760906467","14629/2025-10-27/1760906467.json"
"971684","835234","2025-10-27","38.64","AUD","1760906467","14629/2025-10-27/1760906467.json"
"1004618","882330","2025-10-27","45.36","AUD","1760906467","14629/2025-10-27/1760906467.json"
"818510","600849","2025-10-27","48.72","AUD","1760906467","14629/2025-10-27/1760906467.json"
"1004617","882331","2025-10-27","55.44","AUD","1760906467","14629/2025-10-27/1760906467.json"
"653350","630660","2025-10-29","33.60","AUD","1760906467","14629/2025-10-29/1760906467.json"
"971684","835234","2025-10-29","38.64","AUD","1760906467","14629/2025-10-29/1760906467.json"
"1004618","882330","2025-10-29","45.36","AUD","1760906467","14629/2025-10-29/1760906467.json"
"818510","600849","2025-10-29","48.72","AUD","1760906467","14629/2025-10-29/1760906467.json"
"1004617","882331","2025-10-29","55.44","AUD","1760906467","14629/2025-10-29/1760906467.json"
"653350","630660","2025-10-28","33.60","AUD","1760906467","14629/2025-10-28/1760906467.json"
"971684","835234","2025-10-28","38.64","AUD","1760906467","14629/2025-10-28/1760906467.json"
"1004618","882330","2025-10-28","45.36","AUD","1760906467","14629/2025-10-28/1760906467.json"
"818510","600849","2025-10-28","48.72","AUD","1760906467","14629/2025-10-28/1760906467.json"
"1004617","882331","2025-10-28","55.44","AUD","1760906467","14629/2025-10-28/1760906467.json"
"653350","630660","2025-10-30","33.60","AUD","1760906467","14629/2025-10-30/1760906467.json"
"971684","835234","2025-10-30","38.64","AUD","1760906467","14629/2025-10-30/1760906467.json"
"1004618","882330","2025-10-30","45.36","AUD","1760906467","14629/2025-10-30/1760906467.json"
"818510","600849","2025-10-30","48.72","AUD","1760906467","14629/2025-10-30/1760906467.json"
"1004617","882331","2025-10-30","55.44","AUD","1760906467","14629/2025-10-30/1760906467.json"
"653350","630660","2025-10-31","33.60","AUD","1760906467","14629/2025-10-31/1760906467.json"
"971684","835234","2025-10-31","38.64","AUD","1760906467","14629/2025-10-31/1760906467.json"
"1004618","882330","2025-10-31","45.36","AUD","1760906467","14629/2025-10-31/1760906467.json"
"818510","600849","2025-10-31","48.72","AUD","1760906467","14629/2025-10-31/1760906467.json"
"1004617","882331","2025-10-31","55.44","AUD","1760906467","14629/2025-10-31/1760906467.json"
"971684","835234","2025-11-01","38.64","AUD","1760906467","14629/2025-11-01/1760906467.json"
"1004618","882330","2025-11-01","45.36","AUD","1760906467","14629/2025-11-01/1760906467.json"
"818510","600849","2025-11-01","48.72","AUD","1760906467","14629/2025-11-01/1760906467.json"
"1004617","882331","2025-11-01","55.44","AUD","1760906467","14629/2025-11-01/1760906467.json"
"971684","835234","2025-11-02","38.64","AUD","1760906467","14629/2025-11-02/1760906467.json"
"1004618","882330","2025-11-02","45.36","AUD","1760906467","14629/2025-11-02/1760906467.json"
"818510","600849","2025-11-02","48.72","AUD","1760906467","14629/2025-11-02/1760906467.json"
"1004617","882331","2025-11-02","55.44","AUD","1760906467","14629/2025-11-02/1760906467.json"
"971684","835234","2025-11-03","38.64","AUD","1760906467","14629/2025-11-03/1760906467.json"
"1004618","882330","2025-11-03","45.36","AUD","1760906467","14629/2025-11-03/1760906467.json"
"1004617","882331","2025-11-03","55.44","AUD","1760906467","14629/2025-11-03/1760906467.json"
"971684","835234","2025-11-04","38.64","AUD","1760906467","14629/2025-11-04/1760906467.json"
"1004618","882330","2025-11-04","45.36","AUD","1760906467","14629/2025-11-04/1760906467.json"
"1004617","882331","2025-11-04","55.44","AUD","1760906467","14629/2025-11-04/1760906467.json"
"971684","835234","2025-11-05","38.64","AUD","1760906467","14629/2025-11-05/1760906467.json"
"1004618","882330","2025-11-05","45.36","AUD","1760906467","14629/2025-11-05/1760906467.json"
"971684","835234","2025-11-06","38.64","AUD","1760906467","14629/2025-11-06/1760906467.json"
"1004618","882330","2025-11-06","45.36","AUD","1760906467","14629/2025-11-06/1760906467.json"
"971684","835234","2025-10-21","38.64","AUD","1760931760","14629/2025-10-21/1760931760.json"
"1004618","882330","2025-10-21","45.36","AUD","1760931760","14629/2025-10-21/1760931760.json"
"653350","630660","2025-10-20","33.60","AUD","1760931760","14629/2025-10-20/1760931760.json"
"1004618","882330","2025-10-22","45.36","AUD","1760931760","14629/2025-10-22/1760931760.json"
"1004617","882331","2025-10-22","55.44","AUD","1760931760","14629/2025-10-22/1760931760.json"
"1004618","882330","2025-10-23","45.36","AUD","1760931760","14629/2025-10-23/1760931760.json"
"1004617","882331","2025-10-23","55.44","AUD","1760931760","14629/2025-10-23/1760931760.json"
"653350","630660","2025-10-24","33.60","AUD","1760931760","14629/2025-10-24/1760931760.json"
"971684","835234","2025-10-24","38.64","AUD","1760931760","14629/2025-10-24/1760931760.json"
"1004618","882330","2025-10-24","45.36","AUD","1760931760","14629/2025-10-24/1760931760.json"
"1004617","882331","2025-10-24","55.44","AUD","1760931760","14629/2025-10-24/1760931760.json"
"653350","630660","2025-10-27","33.60","AUD","1760931760","14629/2025-10-27/1760931760.json"
"971684","835234","2025-10-27","38.64","AUD","1760931760","14629/2025-10-27/1760931760.json"
"1004618","882330","2025-10-27","45.36","AUD","1760931760","14629/2025-10-27/1760931760.json"
"818510","600849","2025-10-27","48.72","AUD","1760931760","14629/2025-10-27/1760931760.json"
"1004617","882331","2025-10-27","55.44","AUD","1760931760","14629/2025-10-27/1760931760.json"
"653350","630660","2025-10-26","33.60","AUD","1760931760","14629/2025-10-26/1760931760.json"
"971684","835234","2025-10-26","38.64","AUD","1760931760","14629/2025-10-26/1760931760.json"
"1004618","882330","2025-10-26","45.36","AUD","1760931760","14629/2025-10-26/1760931760.json"
"818510","600849","2025-10-26","48.72","AUD","1760931760","14629/2025-10-26/1760931760.json"
"1004617","882331","2025-10-26","55.44","AUD","1760931760","14629/2025-10-26/1760931760.json"
"653350","630660","2025-10-25","33.60","AUD","1760931760","14629/2025-10-25/1760931760.json"
"971684","835234","2025-10-25","38.64","AUD","1760931760","14629/2025-10-25/1760931760.json"
"1004618","882330","2025-10-25","45.36","AUD","1760931760","14629/2025-10-25/1760931760.json"
"1004617","882331","2025-10-25","55.44","AUD","1760931760","14629/2025-10-25/1760931760.json"
"653350","630660","2025-10-28","33.60","AUD","1760931760","14629/2025-10-28/1760931760.json"
"971684","835234","2025-10-28","38.64","AUD","1760931760","14629/2025-10-28/1760931760.json"
"1004618","882330","2025-10-28","45.36","AUD","1760931760","14629/2025-10-28/1760931760.json"
"818510","600849","2025-10-28","48.72","AUD","1760931760","14629/2025-10-28/1760931760.json"
"1004617","882331","2025-10-28","55.44","AUD","1760931760","14629/2025-10-28/1760931760.json"
"653350","630660","2025-10-29","33.60","AUD","1760931760","14629/2025-10-29/1760931760.json"
"971684","835234","2025-10-29","38.64","AUD","1760931760","14629/2025-10-29/1760931760.json"
"1004618","882330","2025-10-29","45.36","AUD","1760931760","14629/2025-10-29/1760931760.json"
"818510","600849","2025-10-29","48.72","AUD","1760931760","14629/2025-10-29/1760931760.json"
"1004617","882331","2025-10-29","55.44","AUD","1760931760","14629/2025-10-29/1760931760.json"
"653350","630660","2025-10-30","33.60","AUD","1760931760","14629/2025-10-30/1760931760.json"
"971684","835234","2025-10-30","38.64","AUD","1760931760","14629/2025-10-30/1760931760.json"
"1004618","882330","2025-10-30","45.36","AUD","1760931760","14629/2025-10-30/1760931760.json"
"818510","600849","2025-10-30","48.72","AUD","1760931760","14629/2025-10-30/1760931760.json"
"1004617","882331","2025-10-30","55.44","AUD","1760931760","14629/2025-10-30/1760931760.json"
"653350","630660","2025-10-31","33.60","AUD","1760931760","14629/2025-10-31/1760931760.json"
"971684","835234","2025-10-31","38.64","AUD","1760931760","14629/2025-10-31/1760931760.json"
"1004618","882330","2025-10-31","45.36","AUD","1760931760","14629/2025-10-31/1760931760.json"
"818510","600849","2025-10-31","48.72","AUD","1760931760","14629/2025-10-31/1760931760.json"
"1004617","882331","2025-10-31","55.44","AUD","1760931760","14629/2025-10-31/1760931760.json"
"971684","835234","2025-11-01","38.64","AUD","1760931760","14629/2025-11-01/1760931760.json"
"1004618","882330","2025-11-01","45.36","AUD","1760931760","14629/2025-11-01/1760931760.json"
"818510","600849","2025-11-01","48.72","AUD","1760931760","14629/2025-11-01/1760931760.json"
"1004617","882331","2025-11-01","55.44","AUD","1760931760","14629/2025-11-01/1760931760.json"
"971684","835234","2025-11-02","38.64","AUD","1760931760","14629/2025-11-02/1760931760.json"
"1004618","882330","2025-11-02","45.36","AUD","1760931760","14629/2025-11-02/1760931760.json"
"818510","600849","2025-11-02","48.72","AUD","1760931760","14629/2025-11-02/1760931760.json"
"1004617","882331","2025-11-02","55.44","AUD","1760931760","14629/2025-11-02/1760931760.json"
"971684","835234","2025-11-03","38.64","AUD","1760931760","14629/2025-11-03/1760931760.json"
"1004618","882330","2025-11-03","45.36","AUD","1760931760","14629/2025-11-03/1760931760.json"
"1004617","882331","2025-11-03","55.44","AUD","1760931760","14629/2025-11-03/1760931760.json"
"971684","835234","2025-11-04","38.64","AUD","1760931760","14629/2025-11-04/1760931760.json"
"1004618","882330","2025-11-04","45.36","AUD","1760931760","14629/2025-11-04/1760931760.json"
"1004617","882331","2025-11-04","55.44","AUD","1760931760","14629/2025-11-04/1760931760.json"
"971684","835234","2025-11-05","38.64","AUD","1760931760","14629/2025-11-05/1760931760.json"
"1004618","882330","2025-11-05","45.36","AUD","1760931760","14629/2025-11-05/1760931760.json"
"971684","835234","2025-11-06","38.64","AUD","1760931760","14629/2025-11-06/1760931760.json"
"1004618","882330","2025-11-06","45.36","AUD","1760931760","14629/2025-11-06/1760931760.json"
"1004618","882330","2025-10-22","45.36","AUD","1760935897","14629/2025-10-22/1760935897.json"
"1004617","882331","2025-10-22","55.44","AUD","1760935897","14629/2025-10-22/1760935897.json"
"971684","835234","2025-10-21","38.64","AUD","1760935897","14629/2025-10-21/1760935897.json"
"1004618","882330","2025-10-21","45.36","AUD","1760935897","14629/2025-10-21/1760935897.json"
"1004618","882330","2025-10-23","45.36","AUD","1760935897","14629/2025-10-23/1760935897.json"
"1004617","882331","2025-10-23","55.44","AUD","1760935897","14629/2025-10-23/1760935897.json"
"653350","630660","2025-10-20","33.60","AUD","1760935897","14629/2025-10-20/1760935897.json"
"653350","630660","2025-10-26","33.60","AUD","1760935897","14629/2025-10-26/1760935897.json"
"971684","835234","2025-10-26","38.64","AUD","1760935897","14629/2025-10-26/1760935897.json"
"1004618","882330","2025-10-26","45.36","AUD","1760935897","14629/2025-10-26/1760935897.json"
"818510","600849","2025-10-26","48.72","AUD","1760935897","14629/2025-10-26/1760935897.json"
"1004617","882331","2025-10-26","55.44","AUD","1760935897","14629/2025-10-26/1760935897.json"
"653350","630660","2025-10-25","33.60","AUD","1760935897","14629/2025-10-25/1760935897.json"
"971684","835234","2025-10-25","38.64","AUD","1760935897","14629/2025-10-25/1760935897.json"
"1004618","882330","2025-10-25","45.36","AUD","1760935897","14629/2025-10-25/1760935897.json"
"1004617","882331","2025-10-25","55.44","AUD","1760935897","14629/2025-10-25/1760935897.json"
"653350","630660","2025-10-24","33.60","AUD","1760935897","14629/2025-10-24/1760935897.json"
"971684","835234","2025-10-24","38.64","AUD","1760935897","14629/2025-10-24/1760935897.json"
"1004618","882330","2025-10-24","45.36","AUD","1760935897","14629/2025-10-24/1760935897.json"
"1004617","882331","2025-10-24","55.44","AUD","1760935897","14629/2025-10-24/1760935897.json"
"653350","630660","2025-10-27","33.60","AUD","1760935897","14629/2025-10-27/1760935897.json"
"971684","835234","2025-10-27","38.64","AUD","1760935897","14629/2025-10-27/1760935897.json"
"1004618","882330","2025-10-27","45.36","AUD","1760935897","14629/2025-10-27/1760935897.json"
"818510","600849","2025-10-27","48.72","AUD","1760935897","14629/2025-10-27/1760935897.json"
"1004617","882331","2025-10-27","55.44","AUD","1760935897","14629/2025-10-27/1760935897.json"
"653350","630660","2025-10-29","33.60","AUD","1760935897","14629/2025-10-29/1760935897.json"
"971684","835234","2025-10-29","38.64","AUD","1760935897","14629/2025-10-29/1760935897.json"
"1004618","882330","2025-10-29","45.36","AUD","1760935897","14629/2025-10-29/1760935897.json"
"818510","600849","2025-10-29","48.72","AUD","1760935897","14629/2025-10-29/1760935897.json"
"1004617","882331","2025-10-29","55.44","AUD","1760935897","14629/2025-10-29/1760935897.json"
"653350","630660","2025-10-30","33.60","AUD","1760935897","14629/2025-10-30/1760935897.json"
"971684","835234","2025-10-30","38.64","AUD","1760935897","14629/2025-10-30/1760935897.json"
"1004618","882330","2025-10-30","45.36","AUD","1760935897","14629/2025-10-30/1760935897.json"
"818510","600849","2025-10-30","48.72","AUD","1760935897","14629/2025-10-30/1760935897.json"
"1004617","882331","2025-10-30","55.44","AUD","1760935897","14629/2025-10-30/1760935897.json"
"653350","630660","2025-10-31","33.60","AUD","1760935897","14629/2025-10-31/1760935897.json"
"971684","835234","2025-10-31","38.64","AUD","1760935897","14629/2025-10-31/1760935897.json"
"1004618","882330","2025-10-31","45.36","AUD","1760935897","14629/2025-10-31/1760935897.json"
"818510","600849","2025-10-31","48.72","AUD","1760935897","14629/2025-10-31/1760935897.json"
"1004617","882331","2025-10-31","55.44","AUD","1760935897","14629/2025-10-31/1760935897.json"
"653350","630660","2025-10-28","33.60","AUD","1760935897","14629/2025-10-28/1760935897.json"
"971684","835234","2025-10-28","38.64","AUD","1760935897","14629/2025-10-28/1760935897.json"
"1004618","882330","2025-10-28","45.36","AUD","1760935897","14629/2025-10-28/1760935897.json"
"818510","600849","2025-10-28","48.72","AUD","1760935897","14629/2025-10-28/1760935897.json"
"1004617","882331","2025-10-28","55.44","AUD","1760935897","14629/2025-10-28/1760935897.json"
"971684","835234","2025-11-01","38.64","AUD","1760935897","14629/2025-11-01/1760935897.json"
"971684","835234","2025-11-02","38.64","AUD","1760935897","14629/2025-11-02/1760935897.json"
"1004618","882330","2025-11-01","45.36","AUD","1760935897","14629/2025-11-01/1760935897.json"
"1004618","882330","2025-11-02","45.36","AUD","1760935897","14629/2025-11-02/1760935897.json"
"818510","600849","2025-11-01","48.72","AUD","1760935897","14629/2025-11-01/1760935897.json"
"818510","600849","2025-11-02","48.72","AUD","1760935897","14629/2025-11-02/1760935897.json"
"1004617","882331","2025-11-01","55.44","AUD","1760935897","14629/2025-11-01/1760935897.json"
"1004617","882331","2025-11-02","55.44","AUD","1760935897","14629/2025-11-02/1760935897.json"
"971684","835234","2025-11-03","38.64","AUD","1760935897","14629/2025-11-03/1760935897.json"
"1004618","882330","2025-11-03","45.36","AUD","1760935897","14629/2025-11-03/1760935897.json"
"1004617","882331","2025-11-03","55.44","AUD","1760935897","14629/2025-11-03/1760935897.json"
"971684","835234","2025-11-04","38.64","AUD","1760935897","14629/2025-11-04/1760935897.json"
"1004618","882330","2025-11-04","45.36","AUD","1760935897","14629/2025-11-04/1760935897.json"
"1004617","882331","2025-11-04","55.44","AUD","1760935897","14629/2025-11-04/1760935897.json"
"971684","835234","2025-11-06","38.64","AUD","1760935897","14629/2025-11-06/1760935897.json"
"1004618","882330","2025-11-06","45.36","AUD","1760935897","14629/2025-11-06/1760935897.json"
"971684","835234","2025-11-05","38.64","AUD","1760935897","14629/2025-11-05/1760935897.json"
"1004618","882330","2025-11-05","45.36","AUD","1760935897","14629/2025-11-05/1760935897.json"
"971684","835234","2025-10-21","38.64","AUD","1760950489","14629/2025-10-21/1760950489.json"
"1004618","882330","2025-10-21","45.36","AUD","1760950489","14629/2025-10-21/1760950489.json"
"1004618","882330","2025-10-22","45.36","AUD","1760950489","14629/2025-10-22/1760950489.json"
"1004617","882331","2025-10-22","55.44","AUD","1760950489","14629/2025-10-22/1760950489.json"
"1004618","882330","2025-10-23","45.36","AUD","1760950489","14629/2025-10-23/1760950489.json"
"1004617","882331","2025-10-23","55.44","AUD","1760950489","14629/2025-10-23/1760950489.json"
"653350","630660","2025-10-24","33.60","AUD","1760950489","14629/2025-10-24/1760950489.json"
"971684","835234","2025-10-24","38.64","AUD","1760950489","14629/2025-10-24/1760950489.json"
"1004618","882330","2025-10-24","45.36","AUD","1760950489","14629/2025-10-24/1760950489.json"
"1004617","882331","2025-10-24","55.44","AUD","1760950489","14629/2025-10-24/1760950489.json"
"653350","630660","2025-10-25","33.60","AUD","1760950489","14629/2025-10-25/1760950489.json"
"971684","835234","2025-10-25","38.64","AUD","1760950489","14629/2025-10-25/1760950489.json"
"1004618","882330","2025-10-25","45.36","AUD","1760950489","14629/2025-10-25/1760950489.json"
"1004617","882331","2025-10-25","55.44","AUD","1760950489","14629/2025-10-25/1760950489.json"
"653350","630660","2025-10-27","33.60","AUD","1760950489","14629/2025-10-27/1760950489.json"
"971684","835234","2025-10-27","38.64","AUD","1760950489","14629/2025-10-27/1760950489.json"
"1004618","882330","2025-10-27","45.36","AUD","1760950489","14629/2025-10-27/1760950489.json"
"818510","600849","2025-10-27","48.72","AUD","1760950489","14629/2025-10-27/1760950489.json"
"1004617","882331","2025-10-27","55.44","AUD","1760950489","14629/2025-10-27/1760950489.json"
"653350","630660","2025-10-26","33.60","AUD","1760950489","14629/2025-10-26/1760950489.json"
"971684","835234","2025-10-26","38.64","AUD","1760950489","14629/2025-10-26/1760950489.json"
"1004618","882330","2025-10-26","45.36","AUD","1760950489","14629/2025-10-26/1760950489.json"
"818510","600849","2025-10-26","48.72","AUD","1760950489","14629/2025-10-26/1760950489.json"
"1004617","882331","2025-10-26","55.44","AUD","1760950489","14629/2025-10-26/1760950489.json"
"653350","630660","2025-10-28","33.60","AUD","1760950489","14629/2025-10-28/1760950489.json"
"971684","835234","2025-10-28","38.64","AUD","1760950489","14629/2025-10-28/1760950489.json"
"1004618","882330","2025-10-28","45.36","AUD","1760950489","14629/2025-10-28/1760950489.json"
"818510","600849","2025-10-28","48.72","AUD","1760950489","14629/2025-10-28/1760950489.json"
"1004617","882331","2025-10-28","55.44","AUD","1760950489","14629/2025-10-28/1760950489.json"
"653350","630660","2025-10-29","33.60","AUD","1760950489","14629/2025-10-29/1760950489.json"
"971684","835234","2025-10-29","38.64","AUD","1760950489","14629/2025-10-29/1760950489.json"
"1004618","882330","2025-10-29","45.36","AUD","1760950489","14629/2025-10-29/1760950489.json"
"818510","600849","2025-10-29","48.72","AUD","1760950489","14629/2025-10-29/1760950489.json"
"1004617","882331","2025-10-29","55.44","AUD","1760950489","14629/2025-10-29/1760950489.json"
"653350","630660","2025-10-30","33.60","AUD","1760950489","14629/2025-10-30/1760950489.json"
"971684","835234","2025-10-30","38.64","AUD","1760950489","14629/2025-10-30/1760950489.json"
"1004618","882330","2025-10-30","45.36","AUD","1760950489","14629/2025-10-30/1760950489.json"
"818510","600849","2025-10-30","48.72","AUD","1760950489","14629/2025-10-30/1760950489.json"
"1004617","882331","2025-10-30","55.44","AUD","1760950489","14629/2025-10-30/1760950489.json"
"653350","630660","2025-10-31","33.60","AUD","1760950489","14629/2025-10-31/1760950489.json"
"971684","835234","2025-10-31","38.64","AUD","1760950489","14629/2025-10-31/1760950489.json"
"1004618","882330","2025-10-31","45.36","AUD","1760950489","14629/2025-10-31/1760950489.json"
"818510","600849","2025-10-31","48.72","AUD","1760950489","14629/2025-10-31/1760950489.json"
"1004617","882331","2025-10-31","55.44","AUD","1760950489","14629/2025-10-31/1760950489.json"
"971684","835234","2025-11-01","38.64","AUD","1760950489","14629/2025-11-01/1760950489.json"
"1004618","882330","2025-11-01","45.36","AUD","1760950489","14629/2025-11-01/1760950489.json"
"818510","600849","2025-11-01","48.72","AUD","1760950489","14629/2025-11-01/1760950489.json"
"1004617","882331","2025-11-01","55.44","AUD","1760950489","14629/2025-11-01/1760950489.json"
"971684","835234","2025-11-02","38.64","AUD","1760950489","14629/2025-11-02/1760950489.json"
"1004618","882330","2025-11-02","45.36","AUD","1760950489","14629/2025-11-02/1760950489.json"
"818510","600849","2025-11-02","48.72","AUD","1760950489","14629/2025-11-02/1760950489.json"
"1004617","882331","2025-11-02","55.44","AUD","1760950489","14629/2025-11-02/1760950489.json"
"971684","835234","2025-11-03","38.64","AUD","1760950489","14629/2025-11-03/1760950489.json"
"1004618","882330","2025-11-03","45.36","AUD","1760950489","14629/2025-11-03/1760950489.json"
"1004617","882331","2025-11-03","55.44","AUD","1760950489","14629/2025-11-03/1760950489.json"
"971684","835234","2025-11-04","38.64","AUD","1760950489","14629/2025-11-04/1760950489.json"
"1004618","882330","2025-11-04","45.36","AUD","1760950489","14629/2025-11-04/1760950489.json"
"1004617","882331","2025-11-04","55.44","AUD","1760950489","14629/2025-11-04/1760950489.json"
"971684","835234","2025-11-05","38.64","AUD","1760950489","14629/2025-11-05/1760950489.json"
"1004618","882330","2025-11-05","45.36","AUD","1760950489","14629/2025-11-05/1760950489.json"
"971684","835234","2025-11-06","38.64","AUD","1760950489","14629/2025-11-06/1760950489.json"
"1004618","882330","2025-11-06","45.36","AUD","1760950489","14629/2025-11-06/1760950489.json"
"971684","835234","2025-10-21","38.64","AUD","1760967955","14629/2025-10-21/1760967955.json"
"1004618","882330","2025-10-21","45.36","AUD","1760967955","14629/2025-10-21/1760967955.json"
"1004618","882330","2025-10-23","45.36","AUD","1760967955","14629/2025-10-23/1760967955.json"
"1004617","882331","2025-10-23","55.44","AUD","1760967955","14629/2025-10-23/1760967955.json"
"653350","630660","2025-10-24","33.60","AUD","1760967955","14629/2025-10-24/1760967955.json"
"971684","835234","2025-10-24","38.64","AUD","1760967955","14629/2025-10-24/1760967955.json"
"1004618","882330","2025-10-24","45.36","AUD","1760967955","14629/2025-10-24/1760967955.json"
"1004617","882331","2025-10-24","55.44","AUD","1760967955","14629/2025-10-24/1760967955.json"
"1004618","882330","2025-10-22","45.36","AUD","1760967955","14629/2025-10-22/1760967955.json"
"1004617","882331","2025-10-22","55.44","AUD","1760967955","14629/2025-10-22/1760967955.json"
"653350","630660","2025-10-25","33.60","AUD","1760967955","14629/2025-10-25/1760967955.json"
"971684","835234","2025-10-25","38.64","AUD","1760967955","14629/2025-10-25/1760967955.json"
"1004618","882330","2025-10-25","45.36","AUD","1760967955","14629/2025-10-25/1760967955.json"
"1004617","882331","2025-10-25","55.44","AUD","1760967955","14629/2025-10-25/1760967955.json"
"653350","630660","2025-10-27","33.60","AUD","1760967955","14629/2025-10-27/1760967955.json"
"971684","835234","2025-10-27","38.64","AUD","1760967955","14629/2025-10-27/1760967955.json"
"1004618","882330","2025-10-27","45.36","AUD","1760967955","14629/2025-10-27/1760967955.json"
"818510","600849","2025-10-27","48.72","AUD","1760967955","14629/2025-10-27/1760967955.json"
"1004617","882331","2025-10-27","55.44","AUD","1760967955","14629/2025-10-27/1760967955.json"
"653350","630660","2025-10-26","33.60","AUD","1760967955","14629/2025-10-26/1760967955.json"
"971684","835234","2025-10-26","38.64","AUD","1760967955","14629/2025-10-26/1760967955.json"
"1004618","882330","2025-10-26","45.36","AUD","1760967955","14629/2025-10-26/1760967955.json"
"818510","600849","2025-10-26","48.72","AUD","1760967955","14629/2025-10-26/1760967955.json"
"1004617","882331","2025-10-26","55.44","AUD","1760967955","14629/2025-10-26/1760967955.json"
"653350","630660","2025-10-28","33.60","AUD","1760967955","14629/2025-10-28/1760967955.json"
"971684","835234","2025-10-28","38.64","AUD","1760967955","14629/2025-10-28/1760967955.json"
"1004618","882330","2025-10-28","45.36","AUD","1760967955","14629/2025-10-28/1760967955.json"
"818510","600849","2025-10-28","48.72","AUD","1760967955","14629/2025-10-28/1760967955.json"
"1004617","882331","2025-10-28","55.44","AUD","1760967955","14629/2025-10-28/1760967955.json"
"653350","630660","2025-10-29","33.60","AUD","1760967955","14629/2025-10-29/1760967955.json"
"971684","835234","2025-10-29","38.64","AUD","1760967955","14629/2025-10-29/1760967955.json"
"1004618","882330","2025-10-29","45.36","AUD","1760967955","14629/2025-10-29/1760967955.json"
"818510","600849","2025-10-29","48.72","AUD","1760967955","14629/2025-10-29/1760967955.json"
"1004617","882331","2025-10-29","55.44","AUD","1760967955","14629/2025-10-29/1760967955.json"
"653350","630660","2025-10-30","33.60","AUD","1760967955","14629/2025-10-30/1760967955.json"
"971684","835234","2025-10-30","38.64","AUD","1760967955","14629/2025-10-30/1760967955.json"
"1004618","882330","2025-10-30","45.36","AUD","1760967955","14629/2025-10-30/1760967955.json"
"818510","600849","2025-10-30","48.72","AUD","1760967955","14629/2025-10-30/1760967955.json"
"1004617","882331","2025-10-30","55.44","AUD","1760967955","14629/2025-10-30/1760967955.json"
"653350","630660","2025-10-31","33.60","AUD","1760967955","14629/2025-10-31/1760967955.json"
"971684","835234","2025-10-31","38.64","AUD","1760967955","14629/2025-10-31/1760967955.json"
"1004618","882330","2025-10-31","45.36","AUD","1760967955","14629/2025-10-31/1760967955.json"
"818510","600849","2025-10-31","48.72","AUD","1760967955","14629/2025-10-31/1760967955.json"
"1004617","882331","2025-10-31","55.44","AUD","1760967955","14629/2025-10-31/1760967955.json"
"971684","835234","2025-11-01","38.64","AUD","1760967955","14629/2025-11-01/1760967955.json"
"1004618","882330","2025-11-01","45.36","AUD","1760967955","14629/2025-11-01/1760967955.json"
"818510","600849","2025-11-01","48.72","AUD","1760967955","14629/2025-11-01/1760967955.json"
"1004617","882331","2025-11-01","55.44","AUD","1760967955","14629/2025-11-01/1760967955.json"
"971684","835234","2025-11-02","38.64","AUD","1760967955","14629/2025-11-02/1760967955.json"
"1004618","882330","2025-11-02","45.36","AUD","1760967955","14629/2025-11-02/1760967955.json"
"818510","600849","2025-11-02","48.72","AUD","1760967955","14629/2025-11-02/1760967955.json"
"1004617","882331","2025-11-02","55.44","AUD","1760967955","14629/2025-11-02/1760967955.json"
"971684","835234","2025-11-03","38.64","AUD","1760967955","14629/2025-11-03/1760967955.json"
"1004618","882330","2025-11-03","45.36","AUD","1760967955","14629/2025-11-03/1760967955.json"
"1004617","882331","2025-11-03","55.44","AUD","1760967955","14629/2025-11-03/1760967955.json"
"971684","835234","2025-11-04","38.64","AUD","1760967955","14629/2025-11-04/1760967955.json"
"1004618","882330","2025-11-04","45.36","AUD","1760967955","14629/2025-11-04/1760967955.json"
"1004617","882331","2025-11-04","55.44","AUD","1760967955","14629/2025-11-04/1760967955.json"
"971684","835234","2025-11-06","38.64","AUD","1760967955","14629/2025-11-06/1760967955.json"
"1004618","882330","2025-11-06","45.36","AUD","1760967955","14629/2025-11-06/1760967955.json"
"971684","835234","2025-11-05","38.64","AUD","1760967955","14629/2025-11-05/1760967955.json"
"1004618","882330","2025-11-05","45.36","AUD","1760967955","14629/2025-11-05/1760967955.json"
"1004618","882330","2025-10-22","45.36","AUD","1760979280","14629/2025-10-22/1760979280.json"
"1004617","882331","2025-10-22","55.44","AUD","1760979280","14629/2025-10-22/1760979280.json"
"971684","835234","2025-10-21","38.64","AUD","1760979280","14629/2025-10-21/1760979280.json"
"1004618","882330","2025-10-21","45.36","AUD","1760979280","14629/2025-10-21/1760979280.json"
"1004618","882330","2025-10-23","45.36","AUD","1760979280","14629/2025-10-23/1760979280.json"
"1004617","882331","2025-10-23","55.44","AUD","1760979280","14629/2025-10-23/1760979280.json"
"653350","630660","2025-10-24","33.60","AUD","1760979280","14629/2025-10-24/1760979280.json"
"971684","835234","2025-10-24","38.64","AUD","1760979280","14629/2025-10-24/1760979280.json"
"1004618","882330","2025-10-24","45.36","AUD","1760979280","14629/2025-10-24/1760979280.json"
"1004617","882331","2025-10-24","55.44","AUD","1760979280","14629/2025-10-24/1760979280.json"
"653350","630660","2025-10-28","33.60","AUD","1760979280","14629/2025-10-28/1760979280.json"
"971684","835234","2025-10-28","38.64","AUD","1760979280","14629/2025-10-28/1760979280.json"
"1004618","882330","2025-10-28","45.36","AUD","1760979280","14629/2025-10-28/1760979280.json"
"818510","600849","2025-10-28","48.72","AUD","1760979280","14629/2025-10-28/1760979280.json"
"1004617","882331","2025-10-28","55.44","AUD","1760979280","14629/2025-10-28/1760979280.json"
"653350","630660","2025-10-27","33.60","AUD","1760979280","14629/2025-10-27/1760979280.json"
"653350","630660","2025-10-26","33.60","AUD","1760979280","14629/2025-10-26/1760979280.json"
"971684","835234","2025-10-27","38.64","AUD","1760979280","14629/2025-10-27/1760979280.json"
"971684","835234","2025-10-26","38.64","AUD","1760979280","14629/2025-10-26/1760979280.json"
"1004618","882330","2025-10-27","45.36","AUD","1760979280","14629/2025-10-27/1760979280.json"
"1004618","882330","2025-10-26","45.36","AUD","1760979280","14629/2025-10-26/1760979280.json"
"818510","600849","2025-10-27","48.72","AUD","1760979280","14629/2025-10-27/1760979280.json"
"818510","600849","2025-10-26","48.72","AUD","1760979280","14629/2025-10-26/1760979280.json"
"1004617","882331","2025-10-27","55.44","AUD","1760979280","14629/2025-10-27/1760979280.json"
"1004617","882331","2025-10-26","55.44","AUD","1760979280","14629/2025-10-26/1760979280.json"
"653350","630660","2025-10-25","33.60","AUD","1760979280","14629/2025-10-25/1760979280.json"
"971684","835234","2025-10-25","38.64","AUD","1760979280","14629/2025-10-25/1760979280.json"
"1004618","882330","2025-10-25","45.36","AUD","1760979280","14629/2025-10-25/1760979280.json"
"1004617","882331","2025-10-25","55.44","AUD","1760979280","14629/2025-10-25/1760979280.json"
"653350","630660","2025-10-29","33.60","AUD","1760979280","14629/2025-10-29/1760979280.json"
"971684","835234","2025-10-29","38.64","AUD","1760979280","14629/2025-10-29/1760979280.json"
"1004618","882330","2025-10-29","45.36","AUD","1760979280","14629/2025-10-29/1760979280.json"
"818510","600849","2025-10-29","48.72","AUD","1760979280","14629/2025-10-29/1760979280.json"
"1004617","882331","2025-10-29","55.44","AUD","1760979280","14629/2025-10-29/1760979280.json"
"653350","630660","2025-10-30","33.60","AUD","1760979280","14629/2025-10-30/1760979280.json"
"971684","835234","2025-10-30","38.64","AUD","1760979280","14629/2025-10-30/1760979280.json"
"1004618","882330","2025-10-30","45.36","AUD","1760979280","14629/2025-10-30/1760979280.json"
"818510","600849","2025-10-30","48.72","AUD","1760979280","14629/2025-10-30/1760979280.json"
"1004617","882331","2025-10-30","55.44","AUD","1760979280","14629/2025-10-30/1760979280.json"
"971684","835234","2025-11-01","38.64","AUD","1760979280","14629/2025-11-01/1760979280.json"
"1004618","882330","2025-11-01","45.36","AUD","1760979280","14629/2025-11-01/1760979280.json"
"818510","600849","2025-11-01","48.72","AUD","1760979280","14629/2025-11-01/1760979280.json"
"1004617","882331","2025-11-01","55.44","AUD","1760979280","14629/2025-11-01/1760979280.json"
"653350","630660","2025-10-31","33.60","AUD","1760979280","14629/2025-10-31/1760979280.json"
"971684","835234","2025-10-31","38.64","AUD","1760979280","14629/2025-10-31/1760979280.json"
"1004618","882330","2025-10-31","45.36","AUD","1760979280","14629/2025-10-31/1760979280.json"
"818510","600849","2025-10-31","48.72","AUD","1760979280","14629/2025-10-31/1760979280.json"
"1004617","882331","2025-10-31","55.44","AUD","1760979280","14629/2025-10-31/1760979280.json"
"971684","835234","2025-11-02","38.64","AUD","1760979280","14629/2025-11-02/1760979280.json"
"1004618","882330","2025-11-02","45.36","AUD","1760979280","14629/2025-11-02/1760979280.json"
"818510","600849","2025-11-02","48.72","AUD","1760979280","14629/2025-11-02/1760979280.json"
"1004617","882331","2025-11-02","55.44","AUD","1760979280","14629/2025-11-02/1760979280.json"
"971684","835234","2025-11-04","38.64","AUD","1760979280","14629/2025-11-04/1760979280.json"
"1004618","882330","2025-11-04","45.36","AUD","1760979280","14629/2025-11-04/1760979280.json"
"1004617","882331","2025-11-04","55.44","AUD","1760979280","14629/2025-11-04/1760979280.json"
"971684","835234","2025-11-05","38.64","AUD","1760979280","14629/2025-11-05/1760979280.json"
"1004618","882330","2025-11-05","45.36","AUD","1760979280","14629/2025-11-05/1760979280.json"
"971684","835234","2025-11-03","38.64","AUD","1760979280","14629/2025-11-03/1760979280.json"
"1004618","882330","2025-11-03","45.36","AUD","1760979280","14629/2025-11-03/1760979280.json"
"1004617","882331","2025-11-03","55.44","AUD","1760979280","14629/2025-11-03/1760979280.json"
"971684","835234","2025-11-06","38.64","AUD","1760979280","14629/2025-11-06/1760979280.json"
"1004618","882330","2025-11-06","45.36","AUD","1760979280","14629/2025-11-06/1760979280.json"
"1004618","882330","2025-10-22","45.36","AUD","1760993023","14629/2025-10-22/1760993023.json"
"1004617","882331","2025-10-22","55.44","AUD","1760993023","14629/2025-10-22/1760993023.json"
"1004618","882330","2025-10-23","45.36","AUD","1760993023","14629/2025-10-23/1760993023.json"
"1004617","882331","2025-10-23","55.44","AUD","1760993023","14629/2025-10-23/1760993023.json"
"971684","835234","2025-10-21","38.64","AUD","1760993023","14629/2025-10-21/1760993023.json"
"1004618","882330","2025-10-21","45.36","AUD","1760993023","14629/2025-10-21/1760993023.json"
"653350","630660","2025-10-24","33.60","AUD","1760993023","14629/2025-10-24/1760993023.json"
"971684","835234","2025-10-24","38.64","AUD","1760993023","14629/2025-10-24/1760993023.json"
"1004618","882330","2025-10-24","45.36","AUD","1760993023","14629/2025-10-24/1760993023.json"
"1004617","882331","2025-10-24","55.44","AUD","1760993023","14629/2025-10-24/1760993023.json"
"653350","630660","2025-10-25","33.60","AUD","1760993023","14629/2025-10-25/1760993023.json"
"971684","835234","2025-10-25","38.64","AUD","1760993023","14629/2025-10-25/1760993023.json"
"1004618","882330","2025-10-25","45.36","AUD","1760993023","14629/2025-10-25/1760993023.json"
"1004617","882331","2025-10-25","55.44","AUD","1760993023","14629/2025-10-25/1760993023.json"
"653350","630660","2025-10-26","33.60","AUD","1760993023","14629/2025-10-26/1760993023.json"
"971684","835234","2025-10-26","38.64","AUD","1760993023","14629/2025-10-26/1760993023.json"
"1004618","882330","2025-10-26","45.36","AUD","1760993023","14629/2025-10-26/1760993023.json"
"818510","600849","2025-10-26","48.72","AUD","1760993023","14629/2025-10-26/1760993023.json"
"1004617","882331","2025-10-26","55.44","AUD","1760993023","14629/2025-10-26/1760993023.json"
"653350","630660","2025-10-27","33.60","AUD","1760993023","14629/2025-10-27/1760993023.json"
"971684","835234","2025-10-27","38.64","AUD","1760993023","14629/2025-10-27/1760993023.json"
"1004618","882330","2025-10-27","45.36","AUD","1760993023","14629/2025-10-27/1760993023.json"
"818510","600849","2025-10-27","48.72","AUD","1760993023","14629/2025-10-27/1760993023.json"
"1004617","882331","2025-10-27","55.44","AUD","1760993023","14629/2025-10-27/1760993023.json"
"653350","630660","2025-10-28","33.60","AUD","1760993023","14629/2025-10-28/1760993023.json"
"971684","835234","2025-10-28","38.64","AUD","1760993023","14629/2025-10-28/1760993023.json"
"1004618","882330","2025-10-28","45.36","AUD","1760993023","14629/2025-10-28/1760993023.json"
"818510","600849","2025-10-28","48.72","AUD","1760993023","14629/2025-10-28/1760993023.json"
"1004617","882331","2025-10-28","55.44","AUD","1760993023","14629/2025-10-28/1760993023.json"
"653350","630660","2025-10-29","33.60","AUD","1760993023","14629/2025-10-29/1760993023.json"
"971684","835234","2025-10-29","38.64","AUD","1760993023","14629/2025-10-29/1760993023.json"
"1004618","882330","2025-10-29","45.36","AUD","1760993023","14629/2025-10-29/1760993023.json"
"818510","600849","2025-10-29","48.72","AUD","1760993023","14629/2025-10-29/1760993023.json"
"1004617","882331","2025-10-29","55.44","AUD","1760993023","14629/2025-10-29/1760993023.json"
"971684","835234","2025-11-01","38.64","AUD","1760993023","14629/2025-11-01/1760993023.json"
"1004618","882330","2025-11-01","45.36","AUD","1760993023","14629/2025-11-01/1760993023.json"
"818510","600849","2025-11-01","48.72","AUD","1760993023","14629/2025-11-01/1760993023.json"
"1004617","882331","2025-11-01","55.44","AUD","1760993023","14629/2025-11-01/1760993023.json"
"653350","630660","2025-10-30","33.60","AUD","1760993023","14629/2025-10-30/1760993023.json"
"971684","835234","2025-10-30","38.64","AUD","1760993023","14629/2025-10-30/1760993023.json"
"1004618","882330","2025-10-30","45.36","AUD","1760993023","14629/2025-10-30/1760993023.json"
"818510","600849","2025-10-30","48.72","AUD","1760993023","14629/2025-10-30/1760993023.json"
"1004617","882331","2025-10-30","55.44","AUD","1760993023","14629/2025-10-30/1760993023.json"
"653350","630660","2025-10-31","33.60","AUD","1760993023","14629/2025-10-31/1760993023.json"
"971684","835234","2025-10-31","38.64","AUD","1760993023","14629/2025-10-31/1760993023.json"
"1004618","882330","2025-10-31","45.36","AUD","1760993023","14629/2025-10-31/1760993023.json"
"818510","600849","2025-10-31","48.72","AUD","1760993023","14629/2025-10-31/1760993023.json"
"1004617","882331","2025-10-31","55.44","AUD","1760993023","14629/2025-10-31/1760993023.json"
"971684","835234","2025-11-02","38.64","AUD","1760993023","14629/2025-11-02/1760993023.json"
"1004618","882330","2025-11-02","45.36","AUD","1760993023","14629/2025-11-02/1760993023.json"
"818510","600849","2025-11-02","48.72","AUD","1760993023","14629/2025-11-02/1760993023.json"
"1004617","882331","2025-11-02","55.44","AUD","1760993023","14629/2025-11-02/1760993023.json"
"971684","835234","2025-11-03","38.64","AUD","1760993023","14629/2025-11-03/1760993023.json"
"1004618","882330","2025-11-03","45.36","AUD","1760993023","14629/2025-11-03/1760993023.json"
"1004617","882331","2025-11-03","55.44","AUD","1760993023","14629/2025-11-03/1760993023.json"
"971684","835234","2025-11-04","38.64","AUD","1760993023","14629/2025-11-04/1760993023.json"
"1004618","882330","2025-11-04","45.36","AUD","1760993023","14629/2025-11-04/1760993023.json"
"1004617","882331","2025-11-04","55.44","AUD","1760993023","14629/2025-11-04/1760993023.json"
"971684","835234","2025-11-06","38.64","AUD","1760993023","14629/2025-11-06/1760993023.json"
"1004618","882330","2025-11-06","45.36","AUD","1760993023","14629/2025-11-06/1760993023.json"
"971684","835234","2025-11-05","38.64","AUD","1760993023","14629/2025-11-05/1760993023.json"
"1004618","882330","2025-11-05","45.36","AUD","1760993023","14629/2025-11-05/1760993023.json"
"1004618","882330","2025-10-21","35.28","AUD","1761016825","14629/2025-10-21/1761016825.json"
"971684","835234","2025-10-21","36.96","AUD","1761016825","14629/2025-10-21/1761016825.json"
"1004617","882331","2025-10-21","52.08","AUD","1761016825","14629/2025-10-21/1761016825.json"
"1004618","882330","2025-10-23","35.28","AUD","1761016825","14629/2025-10-23/1761016825.json"
"1004617","882331","2025-10-23","52.08","AUD","1761016825","14629/2025-10-23/1761016825.json"
"1004618","882330","2025-10-22","35.28","AUD","1761016825","14629/2025-10-22/1761016825.json"
"1004617","882331","2025-10-22","52.08","AUD","1761016825","14629/2025-10-22/1761016825.json"
"653350","630660","2025-10-24","33.60","AUD","1761016825","14629/2025-10-24/1761016825.json"
"1004618","882330","2025-10-24","35.28","AUD","1761016825","14629/2025-10-24/1761016825.json"
"971684","835234","2025-10-24","36.96","AUD","1761016825","14629/2025-10-24/1761016825.json"
"1004617","882331","2025-10-24","52.08","AUD","1761016825","14629/2025-10-24/1761016825.json"
"653350","630660","2025-10-25","33.60","AUD","1761016825","14629/2025-10-25/1761016825.json"
"1004618","882330","2025-10-25","35.28","AUD","1761016825","14629/2025-10-25/1761016825.json"
"971684","835234","2025-10-25","36.96","AUD","1761016825","14629/2025-10-25/1761016825.json"
"1004617","882331","2025-10-25","52.08","AUD","1761016825","14629/2025-10-25/1761016825.json"
"653350","630660","2025-10-26","33.60","AUD","1761016825","14629/2025-10-26/1761016825.json"
"1004618","882330","2025-10-26","35.28","AUD","1761016825","14629/2025-10-26/1761016825.json"
"971684","835234","2025-10-26","36.96","AUD","1761016825","14629/2025-10-26/1761016825.json"
"818510","600849","2025-10-26","48.72","AUD","1761016825","14629/2025-10-26/1761016825.json"
"1004617","882331","2025-10-26","52.08","AUD","1761016825","14629/2025-10-26/1761016825.json"
"653350","630660","2025-10-27","33.60","AUD","1761016825","14629/2025-10-27/1761016825.json"
"1004618","882330","2025-10-27","35.28","AUD","1761016825","14629/2025-10-27/1761016825.json"
"971684","835234","2025-10-27","36.96","AUD","1761016825","14629/2025-10-27/1761016825.json"
"818510","600849","2025-10-27","48.72","AUD","1761016825","14629/2025-10-27/1761016825.json"
"1004617","882331","2025-10-27","52.08","AUD","1761016825","14629/2025-10-27/1761016825.json"
"653350","630660","2025-10-28","33.60","AUD","1761016825","14629/2025-10-28/1761016825.json"
"1004618","882330","2025-10-28","35.28","AUD","1761016825","14629/2025-10-28/1761016825.json"
"971684","835234","2025-10-28","36.96","AUD","1761016825","14629/2025-10-28/1761016825.json"
"818510","600849","2025-10-28","48.72","AUD","1761016825","14629/2025-10-28/1761016825.json"
"1004617","882331","2025-10-28","52.08","AUD","1761016825","14629/2025-10-28/1761016825.json"
"653350","630660","2025-10-30","33.60","AUD","1761016825","14629/2025-10-30/1761016825.json"
"1004618","882330","2025-10-30","35.28","AUD","1761016825","14629/2025-10-30/1761016825.json"
"971684","835234","2025-10-30","36.96","AUD","1761016825","14629/2025-10-30/1761016825.json"
"818510","600849","2025-10-30","48.72","AUD","1761016825","14629/2025-10-30/1761016825.json"
"1004617","882331","2025-10-30","52.08","AUD","1761016825","14629/2025-10-30/1761016825.json"
"653350","630660","2025-10-29","33.60","AUD","1761016825","14629/2025-10-29/1761016825.json"
"1004618","882330","2025-10-29","35.28","AUD","1761016825","14629/2025-10-29/1761016825.json"
"971684","835234","2025-10-29","36.96","AUD","1761016825","14629/2025-10-29/1761016825.json"
"818510","600849","2025-10-29","48.72","AUD","1761016825","14629/2025-10-29/1761016825.json"
"1004617","882331","2025-10-29","52.08","AUD","1761016825","14629/2025-10-29/1761016825.json"
"1004618","882330","2025-11-01","35.28","AUD","1761016825","14629/2025-11-01/1761016825.json"
"971684","835234","2025-11-01","36.96","AUD","1761016825","14629/2025-11-01/1761016825.json"
"818510","600849","2025-11-01","48.72","AUD","1761016825","14629/2025-11-01/1761016825.json"
"1004617","882331","2025-11-01","52.08","AUD","1761016825","14629/2025-11-01/1761016825.json"
"653350","630660","2025-10-31","33.60","AUD","1761016825","14629/2025-10-31/1761016825.json"
"1004618","882330","2025-10-31","35.28","AUD","1761016825","14629/2025-10-31/1761016825.json"
"971684","835234","2025-10-31","36.96","AUD","1761016825","14629/2025-10-31/1761016825.json"
"818510","600849","2025-10-31","48.72","AUD","1761016825","14629/2025-10-31/1761016825.json"
"1004617","882331","2025-10-31","52.08","AUD","1761016825","14629/2025-10-31/1761016825.json"
"1004618","882330","2025-11-02","35.28","AUD","1761016825","14629/2025-11-02/1761016825.json"
"971684","835234","2025-11-02","36.96","AUD","1761016825","14629/2025-11-02/1761016825.json"
"818510","600849","2025-11-02","48.72","AUD","1761016825","14629/2025-11-02/1761016825.json"
"1004617","882331","2025-11-02","52.08","AUD","1761016825","14629/2025-11-02/1761016825.json"
"1004618","882330","2025-11-03","35.28","AUD","1761016825","14629/2025-11-03/1761016825.json"
"971684","835234","2025-11-03","36.96","AUD","1761016825","14629/2025-11-03/1761016825.json"
"1004617","882331","2025-11-03","52.08","AUD","1761016825","14629/2025-11-03/1761016825.json"
"971684","835234","2025-11-04","38.64","AUD","1761016825","14629/2025-11-04/1761016825.json"
"1004618","882330","2025-11-04","45.36","AUD","1761016825","14629/2025-11-04/1761016825.json"
"1004617","882331","2025-11-04","55.44","AUD","1761016825","14629/2025-11-04/1761016825.json"
"971684","835234","2025-11-05","38.64","AUD","1761016825","14629/2025-11-05/1761016825.json"
"1004618","882330","2025-11-05","45.36","AUD","1761016825","14629/2025-11-05/1761016825.json"
"971684","835234","2025-11-06","38.64","AUD","1761016825","14629/2025-11-06/1761016825.json"
"1004618","882330","2025-11-06","45.36","AUD","1761016825","14629/2025-11-06/1761016825.json"
"1004618","882330","2025-10-22","35.28","AUD","1761022068","14629/2025-10-22/1761022068.json"
"1004617","882331","2025-10-22","52.08","AUD","1761022068","14629/2025-10-22/1761022068.json"
"653350","630660","2025-10-24","33.60","AUD","1761022068","14629/2025-10-24/1761022068.json"
"1004618","882330","2025-10-24","35.28","AUD","1761022068","14629/2025-10-24/1761022068.json"
"971684","835234","2025-10-24","36.96","AUD","1761022068","14629/2025-10-24/1761022068.json"
"1004617","882331","2025-10-24","52.08","AUD","1761022068","14629/2025-10-24/1761022068.json"
"1004618","882330","2025-10-23","35.28","AUD","1761022068","14629/2025-10-23/1761022068.json"
"1004617","882331","2025-10-23","52.08","AUD","1761022068","14629/2025-10-23/1761022068.json"
"1004618","882330","2025-10-21","35.28","AUD","1761022068","14629/2025-10-21/1761022068.json"
"971684","835234","2025-10-21","36.96","AUD","1761022068","14629/2025-10-21/1761022068.json"
"1004617","882331","2025-10-21","52.08","AUD","1761022068","14629/2025-10-21/1761022068.json"
"653350","630660","2025-10-28","33.60","AUD","1761022068","14629/2025-10-28/1761022068.json"
"1004618","882330","2025-10-28","35.28","AUD","1761022068","14629/2025-10-28/1761022068.json"
"971684","835234","2025-10-28","36.96","AUD","1761022068","14629/2025-10-28/1761022068.json"
"818510","600849","2025-10-28","48.72","AUD","1761022068","14629/2025-10-28/1761022068.json"
"1004617","882331","2025-10-28","52.08","AUD","1761022068","14629/2025-10-28/1761022068.json"
"653350","630660","2025-10-26","33.60","AUD","1761022068","14629/2025-10-26/1761022068.json"
"653350","630660","2025-10-27","33.60","AUD","1761022068","14629/2025-10-27/1761022068.json"
"1004618","882330","2025-10-26","35.28","AUD","1761022068","14629/2025-10-26/1761022068.json"
"1004618","882330","2025-10-27","35.28","AUD","1761022068","14629/2025-10-27/1761022068.json"
"971684","835234","2025-10-26","36.96","AUD","1761022068","14629/2025-10-26/1761022068.json"
"971684","835234","2025-10-27","36.96","AUD","1761022068","14629/2025-10-27/1761022068.json"
"818510","600849","2025-10-26","48.72","AUD","1761022068","14629/2025-10-26/1761022068.json"
"818510","600849","2025-10-27","48.72","AUD","1761022068","14629/2025-10-27/1761022068.json"
"1004617","882331","2025-10-27","52.08","AUD","1761022068","14629/2025-10-27/1761022068.json"
"1004617","882331","2025-10-26","52.08","AUD","1761022068","14629/2025-10-26/1761022068.json"
"653350","630660","2025-10-25","33.60","AUD","1761022068","14629/2025-10-25/1761022068.json"
"1004618","882330","2025-10-25","35.28","AUD","1761022068","14629/2025-10-25/1761022068.json"
"971684","835234","2025-10-25","36.96","AUD","1761022068","14629/2025-10-25/1761022068.json"
"1004617","882331","2025-10-25","52.08","AUD","1761022068","14629/2025-10-25/1761022068.json"
"653350","630660","2025-10-29","33.60","AUD","1761022068","14629/2025-10-29/1761022068.json"
"1004618","882330","2025-10-29","35.28","AUD","1761022068","14629/2025-10-29/1761022068.json"
"971684","835234","2025-10-29","36.96","AUD","1761022068","14629/2025-10-29/1761022068.json"
"818510","600849","2025-10-29","48.72","AUD","1761022068","14629/2025-10-29/1761022068.json"
"1004617","882331","2025-10-29","52.08","AUD","1761022068","14629/2025-10-29/1761022068.json"
"653350","630660","2025-10-31","33.60","AUD","1761022068","14629/2025-10-31/1761022068.json"
"1004618","882330","2025-10-31","35.28","AUD","1761022068","14629/2025-10-31/1761022068.json"
"971684","835234","2025-10-31","36.96","AUD","1761022068","14629/2025-10-31/1761022068.json"
"818510","600849","2025-10-31","48.72","AUD","1761022068","14629/2025-10-31/1761022068.json"
"1004617","882331","2025-10-31","52.08","AUD","1761022068","14629/2025-10-31/1761022068.json"
"653350","630660","2025-10-30","33.60","AUD","1761022068","14629/2025-10-30/1761022068.json"
"1004618","882330","2025-10-30","35.28","AUD","1761022068","14629/2025-10-30/1761022068.json"
"971684","835234","2025-10-30","36.96","AUD","1761022068","14629/2025-10-30/1761022068.json"
"818510","600849","2025-10-30","48.72","AUD","1761022068","14629/2025-10-30/1761022068.json"
"1004617","882331","2025-10-30","52.08","AUD","1761022068","14629/2025-10-30/1761022068.json"
"1004618","882330","2025-11-01","35.28","AUD","1761022068","14629/2025-11-01/1761022068.json"
"971684","835234","2025-11-01","36.96","AUD","1761022068","14629/2025-11-01/1761022068.json"
"818510","600849","2025-11-01","48.72","AUD","1761022068","14629/2025-11-01/1761022068.json"
"1004617","882331","2025-11-01","52.08","AUD","1761022068","14629/2025-11-01/1761022068.json"
"1004618","882330","2025-11-02","35.28","AUD","1761022068","14629/2025-11-02/1761022068.json"
"971684","835234","2025-11-02","36.96","AUD","1761022068","14629/2025-11-02/1761022068.json"
"818510","600849","2025-11-02","48.72","AUD","1761022068","14629/2025-11-02/1761022068.json"
"1004617","882331","2025-11-02","52.08","AUD","1761022068","14629/2025-11-02/1761022068.json"
"971684","835234","2025-11-04","38.64","AUD","1761022068","14629/2025-11-04/1761022068.json"
"1004618","882330","2025-11-04","45.36","AUD","1761022068","14629/2025-11-04/1761022068.json"
"1004617","882331","2025-11-04","55.44","AUD","1761022068","14629/2025-11-04/1761022068.json"
"971684","835234","2025-11-05","38.64","AUD","1761022068","14629/2025-11-05/1761022068.json"
"1004618","882330","2025-11-05","45.36","AUD","1761022068","14629/2025-11-05/1761022068.json"
"1004618","882330","2025-11-03","35.28","AUD","1761022068","14629/2025-11-03/1761022068.json"
"971684","835234","2025-11-03","36.96","AUD","1761022068","14629/2025-11-03/1761022068.json"
"1004617","882331","2025-11-03","52.08","AUD","1761022068","14629/2025-11-03/1761022068.json"
"971684","835234","2025-11-06","38.64","AUD","1761022068","14629/2025-11-06/1761022068.json"
"1004618","882330","2025-11-06","45.36","AUD","1761022068","14629/2025-11-06/1761022068.json"
"1004618","882330","2025-10-23","35.28","AUD","1761036968","14629/2025-10-23/1761036968.json"
"1004618","882330","2025-10-22","35.28","AUD","1761036968","14629/2025-10-22/1761036968.json"
"1004617","882331","2025-10-23","52.08","AUD","1761036968","14629/2025-10-23/1761036968.json"
"1004617","882331","2025-10-22","52.08","AUD","1761036968","14629/2025-10-22/1761036968.json"
"653350","630660","2025-10-24","33.60","AUD","1761036968","14629/2025-10-24/1761036968.json"
"1004618","882330","2025-10-24","35.28","AUD","1761036968","14629/2025-10-24/1761036968.json"
"971684","835234","2025-10-24","36.96","AUD","1761036968","14629/2025-10-24/1761036968.json"
"1004617","882331","2025-10-24","52.08","AUD","1761036968","14629/2025-10-24/1761036968.json"
"1004618","882330","2025-10-25","35.28","AUD","1761036968","14629/2025-10-25/1761036968.json"
"971684","835234","2025-10-25","36.96","AUD","1761036968","14629/2025-10-25/1761036968.json"
"1004617","882331","2025-10-25","52.08","AUD","1761036968","14629/2025-10-25/1761036968.json"
"653350","630660","2025-10-26","33.60","AUD","1761036968","14629/2025-10-26/1761036968.json"
"1004618","882330","2025-10-26","35.28","AUD","1761036968","14629/2025-10-26/1761036968.json"
"971684","835234","2025-10-26","36.96","AUD","1761036968","14629/2025-10-26/1761036968.json"
"818510","600849","2025-10-26","48.72","AUD","1761036968","14629/2025-10-26/1761036968.json"
"1004617","882331","2025-10-26","52.08","AUD","1761036968","14629/2025-10-26/1761036968.json"
"653350","630660","2025-10-27","33.60","AUD","1761036968","14629/2025-10-27/1761036968.json"
"1004618","882330","2025-10-27","35.28","AUD","1761036968","14629/2025-10-27/1761036968.json"
"971684","835234","2025-10-27","36.96","AUD","1761036968","14629/2025-10-27/1761036968.json"
"818510","600849","2025-10-27","48.72","AUD","1761036968","14629/2025-10-27/1761036968.json"
"1004617","882331","2025-10-27","52.08","AUD","1761036968","14629/2025-10-27/1761036968.json"
"653350","630660","2025-10-29","33.60","AUD","1761036968","14629/2025-10-29/1761036968.json"
"1004618","882330","2025-10-29","35.28","AUD","1761036968","14629/2025-10-29/1761036968.json"
"971684","835234","2025-10-29","36.96","AUD","1761036968","14629/2025-10-29/1761036968.json"
"818510","600849","2025-10-29","48.72","AUD","1761036968","14629/2025-10-29/1761036968.json"
"1004617","882331","2025-10-29","52.08","AUD","1761036968","14629/2025-10-29/1761036968.json"
"653350","630660","2025-10-28","33.60","AUD","1761036968","14629/2025-10-28/1761036968.json"
"1004618","882330","2025-10-28","35.28","AUD","1761036968","14629/2025-10-28/1761036968.json"
"971684","835234","2025-10-28","36.96","AUD","1761036968","14629/2025-10-28/1761036968.json"
"818510","600849","2025-10-28","48.72","AUD","1761036968","14629/2025-10-28/1761036968.json"
"1004617","882331","2025-10-28","52.08","AUD","1761036968","14629/2025-10-28/1761036968.json"
"653350","630660","2025-10-30","33.60","AUD","1761036968","14629/2025-10-30/1761036968.json"
"1004618","882330","2025-10-30","35.28","AUD","1761036968","14629/2025-10-30/1761036968.json"
"971684","835234","2025-10-30","36.96","AUD","1761036968","14629/2025-10-30/1761036968.json"
"818510","600849","2025-10-30","48.72","AUD","1761036968","14629/2025-10-30/1761036968.json"
"1004617","882331","2025-10-30","52.08","AUD","1761036968","14629/2025-10-30/1761036968.json"
"653350","630660","2025-10-31","33.60","AUD","1761036968","14629/2025-10-31/1761036968.json"
"1004618","882330","2025-10-31","35.28","AUD","1761036968","14629/2025-10-31/1761036968.json"
"971684","835234","2025-10-31","36.96","AUD","1761036968","14629/2025-10-31/1761036968.json"
"818510","600849","2025-10-31","48.72","AUD","1761036968","14629/2025-10-31/1761036968.json"
"1004617","882331","2025-10-31","52.08","AUD","1761036968","14629/2025-10-31/1761036968.json"
"1004618","882330","2025-11-01","35.28","AUD","1761036968","14629/2025-11-01/1761036968.json"
"971684","835234","2025-11-01","36.96","AUD","1761036968","14629/2025-11-01/1761036968.json"
"818510","600849","2025-11-01","48.72","AUD","1761036968","14629/2025-11-01/1761036968.json"
"1004617","882331","2025-11-01","52.08","AUD","1761036968","14629/2025-11-01/1761036968.json"
"1004618","882330","2025-11-02","35.28","AUD","1761036968","14629/2025-11-02/1761036968.json"
"971684","835234","2025-11-02","36.96","AUD","1761036968","14629/2025-11-02/1761036968.json"
"818510","600849","2025-11-02","48.72","AUD","1761036968","14629/2025-11-02/1761036968.json"
"1004617","882331","2025-11-02","52.08","AUD","1761036968","14629/2025-11-02/1761036968.json"
"1004618","882330","2025-11-03","35.28","AUD","1761036968","14629/2025-11-03/1761036968.json"
"971684","835234","2025-11-03","36.96","AUD","1761036968","14629/2025-11-03/1761036968.json"
"1004617","882331","2025-11-03","52.08","AUD","1761036968","14629/2025-11-03/1761036968.json"
"971684","835234","2025-11-05","38.64","AUD","1761036968","14629/2025-11-05/1761036968.json"
"1004618","882330","2025-11-05","45.36","AUD","1761036968","14629/2025-11-05/1761036968.json"
"971684","835234","2025-11-04","38.64","AUD","1761036968","14629/2025-11-04/1761036968.json"
"1004618","882330","2025-11-04","45.36","AUD","1761036968","14629/2025-11-04/1761036968.json"
"1004617","882331","2025-11-04","55.44","AUD","1761036968","14629/2025-11-04/1761036968.json"
"971684","835234","2025-11-06","38.64","AUD","1761036968","14629/2025-11-06/1761036968.json"
"1004618","882330","2025-11-06","45.36","AUD","1761036968","14629/2025-11-06/1761036968.json"
"1004618","882330","2025-10-22","35.28","AUD","1761054569","14629/2025-10-22/1761054569.json"
"1004617","882331","2025-10-22","52.08","AUD","1761054569","14629/2025-10-22/1761054569.json"
"1004618","882330","2025-10-23","35.28","AUD","1761054569","14629/2025-10-23/1761054569.json"
"1004617","882331","2025-10-23","52.08","AUD","1761054569","14629/2025-10-23/1761054569.json"
"653350","630660","2025-10-24","33.60","AUD","1761054569","14629/2025-10-24/1761054569.json"
"1004618","882330","2025-10-24","35.28","AUD","1761054569","14629/2025-10-24/1761054569.json"
"971684","835234","2025-10-24","36.96","AUD","1761054569","14629/2025-10-24/1761054569.json"
"1004617","882331","2025-10-24","52.08","AUD","1761054569","14629/2025-10-24/1761054569.json"
"1004618","882330","2025-10-25","35.28","AUD","1761054569","14629/2025-10-25/1761054569.json"
"1004617","882331","2025-10-25","52.08","AUD","1761054569","14629/2025-10-25/1761054569.json"
"653350","630660","2025-10-27","33.60","AUD","1761054569","14629/2025-10-27/1761054569.json"
"1004618","882330","2025-10-27","35.28","AUD","1761054569","14629/2025-10-27/1761054569.json"
"971684","835234","2025-10-27","36.96","AUD","1761054569","14629/2025-10-27/1761054569.json"
"818510","600849","2025-10-27","48.72","AUD","1761054569","14629/2025-10-27/1761054569.json"
"1004617","882331","2025-10-27","52.08","AUD","1761054569","14629/2025-10-27/1761054569.json"
"653350","630660","2025-10-26","33.60","AUD","1761054569","14629/2025-10-26/1761054569.json"
"1004618","882330","2025-10-26","35.28","AUD","1761054569","14629/2025-10-26/1761054569.json"
"971684","835234","2025-10-26","36.96","AUD","1761054569","14629/2025-10-26/1761054569.json"
"818510","600849","2025-10-26","48.72","AUD","1761054569","14629/2025-10-26/1761054569.json"
"1004617","882331","2025-10-26","52.08","AUD","1761054569","14629/2025-10-26/1761054569.json"
"653350","630660","2025-10-29","33.60","AUD","1761054569","14629/2025-10-29/1761054569.json"
"1004618","882330","2025-10-29","35.28","AUD","1761054569","14629/2025-10-29/1761054569.json"
"971684","835234","2025-10-29","36.96","AUD","1761054569","14629/2025-10-29/1761054569.json"
"818510","600849","2025-10-29","48.72","AUD","1761054569","14629/2025-10-29/1761054569.json"
"1004617","882331","2025-10-29","52.08","AUD","1761054569","14629/2025-10-29/1761054569.json"
"653350","630660","2025-10-28","33.60","AUD","1761054569","14629/2025-10-28/1761054569.json"
"1004618","882330","2025-10-28","35.28","AUD","1761054569","14629/2025-10-28/1761054569.json"
"971684","835234","2025-10-28","36.96","AUD","1761054569","14629/2025-10-28/1761054569.json"
"818510","600849","2025-10-28","48.72","AUD","1761054569","14629/2025-10-28/1761054569.json"
"1004617","882331","2025-10-28","52.08","AUD","1761054569","14629/2025-10-28/1761054569.json"
"653350","630660","2025-10-30","33.60","AUD","1761054569","14629/2025-10-30/1761054569.json"
"1004618","882330","2025-10-30","35.28","AUD","1761054569","14629/2025-10-30/1761054569.json"
"971684","835234","2025-10-30","36.96","AUD","1761054569","14629/2025-10-30/1761054569.json"
"818510","600849","2025-10-30","48.72","AUD","1761054569","14629/2025-10-30/1761054569.json"
"1004617","882331","2025-10-30","52.08","AUD","1761054569","14629/2025-10-30/1761054569.json"
"1004618","882330","2025-11-01","35.28","AUD","1761054569","14629/2025-11-01/1761054569.json"
"971684","835234","2025-11-01","36.96","AUD","1761054569","14629/2025-11-01/1761054569.json"
"818510","600849","2025-11-01","48.72","AUD","1761054569","14629/2025-11-01/1761054569.json"
"1004617","882331","2025-11-01","52.08","AUD","1761054569","14629/2025-11-01/1761054569.json"
"653350","630660","2025-10-31","33.60","AUD","1761054569","14629/2025-10-31/1761054569.json"
"1004618","882330","2025-10-31","35.28","AUD","1761054569","14629/2025-10-31/1761054569.json"
"971684","835234","2025-10-31","36.96","AUD","1761054569","14629/2025-10-31/1761054569.json"
"818510","600849","2025-10-31","48.72","AUD","1761054569","14629/2025-10-31/1761054569.json"
"1004617","882331","2025-10-31","52.08","AUD","1761054569","14629/2025-10-31/1761054569.json"
"1004618","882330","2025-11-02","35.28","AUD","1761054569","14629/2025-11-02/1761054569.json"
"971684","835234","2025-11-02","36.96","AUD","1761054569","14629/2025-11-02/1761054569.json"
"818510","600849","2025-11-02","48.72","AUD","1761054569","14629/2025-11-02/1761054569.json"
"1004617","882331","2025-11-02","52.08","AUD","1761054569","14629/2025-11-02/1761054569.json"
"1004618","882330","2025-11-03","35.28","AUD","1761054569","14629/2025-11-03/1761054569.json"
"971684","835234","2025-11-03","36.96","AUD","1761054569","14629/2025-11-03/1761054569.json"
"1004617","882331","2025-11-03","52.08","AUD","1761054569","14629/2025-11-03/1761054569.json"
"971684","835234","2025-11-05","38.64","AUD","1761054569","14629/2025-11-05/1761054569.json"
"1004618","882330","2025-11-05","45.36","AUD","1761054569","14629/2025-11-05/1761054569.json"
"971684","835234","2025-11-04","38.64","AUD","1761054569","14629/2025-11-04/1761054569.json"
"1004618","882330","2025-11-04","45.36","AUD","1761054569","14629/2025-11-04/1761054569.json"
"1004617","882331","2025-11-04","55.44","AUD","1761054569","14629/2025-11-04/1761054569.json"
"971684","835234","2025-11-06","38.64","AUD","1761054569","14629/2025-11-06/1761054569.json"
"1004618","882330","2025-11-06","45.36","AUD","1761054569","14629/2025-11-06/1761054569.json"
"1004618","882330","2025-10-24","35.28","AUD","1761065509","14629/2025-10-24/1761065509.json"
"971684","835234","2025-10-24","36.96","AUD","1761065509","14629/2025-10-24/1761065509.json"
"1004617","882331","2025-10-24","52.08","AUD","1761065509","14629/2025-10-24/1761065509.json"
"1004618","882330","2025-10-23","35.28","AUD","1761065509","14629/2025-10-23/1761065509.json"
"1004617","882331","2025-10-23","52.08","AUD","1761065509","14629/2025-10-23/1761065509.json"
"1004618","882330","2025-10-25","35.28","AUD","1761065509","14629/2025-10-25/1761065509.json"
"1004617","882331","2025-10-25","52.08","AUD","1761065509","14629/2025-10-25/1761065509.json"
"653350","630660","2025-10-27","33.60","AUD","1761065509","14629/2025-10-27/1761065509.json"
"1004618","882330","2025-10-27","35.28","AUD","1761065509","14629/2025-10-27/1761065509.json"
"971684","835234","2025-10-27","36.96","AUD","1761065509","14629/2025-10-27/1761065509.json"
"818510","600849","2025-10-27","48.72","AUD","1761065509","14629/2025-10-27/1761065509.json"
"1004617","882331","2025-10-27","52.08","AUD","1761065509","14629/2025-10-27/1761065509.json"
"1004618","882330","2025-10-22","35.28","AUD","1761065509","14629/2025-10-22/1761065509.json"
"1004617","882331","2025-10-22","52.08","AUD","1761065509","14629/2025-10-22/1761065509.json"
"1004618","882330","2025-10-26","35.28","AUD","1761065509","14629/2025-10-26/1761065509.json"
"971684","835234","2025-10-26","36.96","AUD","1761065509","14629/2025-10-26/1761065509.json"
"1004617","882331","2025-10-26","52.08","AUD","1761065509","14629/2025-10-26/1761065509.json"
"653350","630660","2025-10-28","33.60","AUD","1761065509","14629/2025-10-28/1761065509.json"
"1004618","882330","2025-10-28","35.28","AUD","1761065509","14629/2025-10-28/1761065509.json"
"971684","835234","2025-10-28","36.96","AUD","1761065509","14629/2025-10-28/1761065509.json"
"818510","600849","2025-10-28","48.72","AUD","1761065509","14629/2025-10-28/1761065509.json"
"1004617","882331","2025-10-28","52.08","AUD","1761065509","14629/2025-10-28/1761065509.json"
"653350","630660","2025-10-30","33.60","AUD","1761065509","14629/2025-10-30/1761065509.json"
"1004618","882330","2025-10-30","35.28","AUD","1761065509","14629/2025-10-30/1761065509.json"
"971684","835234","2025-10-30","36.96","AUD","1761065509","14629/2025-10-30/1761065509.json"
"818510","600849","2025-10-30","48.72","AUD","1761065509","14629/2025-10-30/1761065509.json"
"1004617","882331","2025-10-30","52.08","AUD","1761065509","14629/2025-10-30/1761065509.json"
"653350","630660","2025-10-31","33.60","AUD","1761065509","14629/2025-10-31/1761065509.json"
"1004618","882330","2025-10-31","35.28","AUD","1761065509","14629/2025-10-31/1761065509.json"
"971684","835234","2025-10-31","36.96","AUD","1761065509","14629/2025-10-31/1761065509.json"
"818510","600849","2025-10-31","48.72","AUD","1761065509","14629/2025-10-31/1761065509.json"
"1004617","882331","2025-10-31","52.08","AUD","1761065509","14629/2025-10-31/1761065509.json"
"653350","630660","2025-10-29","33.60","AUD","1761065509","14629/2025-10-29/1761065509.json"
"1004618","882330","2025-10-29","35.28","AUD","1761065509","14629/2025-10-29/1761065509.json"
"971684","835234","2025-10-29","36.96","AUD","1761065509","14629/2025-10-29/1761065509.json"
"818510","600849","2025-10-29","48.72","AUD","1761065509","14629/2025-10-29/1761065509.json"
"1004617","882331","2025-10-29","52.08","AUD","1761065509","14629/2025-10-29/1761065509.json"
"1004618","882330","2025-11-01","35.28","AUD","1761065509","14629/2025-11-01/1761065509.json"
"971684","835234","2025-11-01","36.96","AUD","1761065509","14629/2025-11-01/1761065509.json"
"818510","600849","2025-11-01","48.72","AUD","1761065509","14629/2025-11-01/1761065509.json"
"1004617","882331","2025-11-01","52.08","AUD","1761065509","14629/2025-11-01/1761065509.json"
"1004618","882330","2025-11-02","35.28","AUD","1761065509","14629/2025-11-02/1761065509.json"
"971684","835234","2025-11-02","36.96","AUD","1761065509","14629/2025-11-02/1761065509.json"
"818510","600849","2025-11-02","48.72","AUD","1761065509","14629/2025-11-02/1761065509.json"
"1004617","882331","2025-11-02","52.08","AUD","1761065509","14629/2025-11-02/1761065509.json"
"971684","835234","2025-11-04","38.64","AUD","1761065509","14629/2025-11-04/1761065509.json"
"1004618","882330","2025-11-04","45.36","AUD","1761065509","14629/2025-11-04/1761065509.json"
"1004617","882331","2025-11-04","55.44","AUD","1761065509","14629/2025-11-04/1761065509.json"
"1004618","882330","2025-11-03","35.28","AUD","1761065509","14629/2025-11-03/1761065509.json"
"971684","835234","2025-11-03","36.96","AUD","1761065509","14629/2025-11-03/1761065509.json"
"1004617","882331","2025-11-03","52.08","AUD","1761065509","14629/2025-11-03/1761065509.json"
"971684","835234","2025-11-05","38.64","AUD","1761065509","14629/2025-11-05/1761065509.json"
"1004618","882330","2025-11-05","45.36","AUD","1761065509","14629/2025-11-05/1761065509.json"
"971684","835234","2025-11-06","38.64","AUD","1761065509","14629/2025-11-06/1761065509.json"
"1004618","882330","2025-11-06","45.36","AUD","1761065509","14629/2025-11-06/1761065509.json"
"1004618","882330","2025-10-23","35.28","AUD","1761079432","14629/2025-10-23/1761079432.json"
"1004617","882331","2025-10-23","52.08","AUD","1761079432","14629/2025-10-23/1761079432.json"
"1004618","882330","2025-10-22","35.28","AUD","1761079432","14629/2025-10-22/1761079432.json"
"1004617","882331","2025-10-22","52.08","AUD","1761079432","14629/2025-10-22/1761079432.json"
"1004618","882330","2025-10-24","35.28","AUD","1761079432","14629/2025-10-24/1761079432.json"
"971684","835234","2025-10-24","36.96","AUD","1761079432","14629/2025-10-24/1761079432.json"
"1004617","882331","2025-10-24","52.08","AUD","1761079432","14629/2025-10-24/1761079432.json"
"1004618","882330","2025-10-25","35.28","AUD","1761079432","14629/2025-10-25/1761079432.json"
"1004617","882331","2025-10-25","52.08","AUD","1761079432","14629/2025-10-25/1761079432.json"
"1004618","882330","2025-10-26","35.28","AUD","1761079432","14629/2025-10-26/1761079432.json"
"971684","835234","2025-10-26","36.96","AUD","1761079432","14629/2025-10-26/1761079432.json"
"1004617","882331","2025-10-26","52.08","AUD","1761079432","14629/2025-10-26/1761079432.json"
"653350","630660","2025-10-28","33.60","AUD","1761079432","14629/2025-10-28/1761079432.json"
"1004618","882330","2025-10-28","35.28","AUD","1761079432","14629/2025-10-28/1761079432.json"
"971684","835234","2025-10-28","36.96","AUD","1761079432","14629/2025-10-28/1761079432.json"
"818510","600849","2025-10-28","48.72","AUD","1761079432","14629/2025-10-28/1761079432.json"
"1004617","882331","2025-10-28","52.08","AUD","1761079432","14629/2025-10-28/1761079432.json"
"653350","630660","2025-10-27","33.60","AUD","1761079432","14629/2025-10-27/1761079432.json"
"1004618","882330","2025-10-27","35.28","AUD","1761079432","14629/2025-10-27/1761079432.json"
"971684","835234","2025-10-27","36.96","AUD","1761079432","14629/2025-10-27/1761079432.json"
"818510","600849","2025-10-27","48.72","AUD","1761079432","14629/2025-10-27/1761079432.json"
"1004617","882331","2025-10-27","52.08","AUD","1761079432","14629/2025-10-27/1761079432.json"
"653350","630660","2025-10-29","33.60","AUD","1761079432","14629/2025-10-29/1761079432.json"
"1004618","882330","2025-10-29","35.28","AUD","1761079432","14629/2025-10-29/1761079432.json"
"971684","835234","2025-10-29","36.96","AUD","1761079432","14629/2025-10-29/1761079432.json"
"818510","600849","2025-10-29","48.72","AUD","1761079432","14629/2025-10-29/1761079432.json"
"1004617","882331","2025-10-29","52.08","AUD","1761079432","14629/2025-10-29/1761079432.json"
"653350","630660","2025-10-30","33.60","AUD","1761079432","14629/2025-10-30/1761079432.json"
"653350","630660","2025-10-31","33.60","AUD","1761079432","14629/2025-10-31/1761079432.json"
"1004618","882330","2025-10-30","35.28","AUD","1761079432","14629/2025-10-30/1761079432.json"
"1004618","882330","2025-10-31","35.28","AUD","1761079432","14629/2025-10-31/1761079432.json"
"971684","835234","2025-10-30","36.96","AUD","1761079432","14629/2025-10-30/1761079432.json"
"971684","835234","2025-10-31","36.96","AUD","1761079432","14629/2025-10-31/1761079432.json"
"818510","600849","2025-10-30","48.72","AUD","1761079432","14629/2025-10-30/1761079432.json"
"818510","600849","2025-10-31","48.72","AUD","1761079432","14629/2025-10-31/1761079432.json"
"1004617","882331","2025-10-30","52.08","AUD","1761079432","14629/2025-10-30/1761079432.json"
"1004617","882331","2025-10-31","52.08","AUD","1761079432","14629/2025-10-31/1761079432.json"
"1004618","882330","2025-11-01","35.28","AUD","1761079432","14629/2025-11-01/1761079432.json"
"971684","835234","2025-11-01","36.96","AUD","1761079432","14629/2025-11-01/1761079432.json"
"818510","600849","2025-11-01","48.72","AUD","1761079432","14629/2025-11-01/1761079432.json"
"1004617","882331","2025-11-01","52.08","AUD","1761079432","14629/2025-11-01/1761079432.json"
"1004618","882330","2025-11-02","35.28","AUD","1761079432","14629/2025-11-02/1761079432.json"
"971684","835234","2025-11-02","36.96","AUD","1761079432","14629/2025-11-02/1761079432.json"
"818510","600849","2025-11-02","48.72","AUD","1761079432","14629/2025-11-02/1761079432.json"
"1004617","882331","2025-11-02","52.08","AUD","1761079432","14629/2025-11-02/1761079432.json"
"1004618","882330","2025-11-03","35.28","AUD","1761079432","14629/2025-11-03/1761079432.json"
"971684","835234","2025-11-03","36.96","AUD","1761079432","14629/2025-11-03/1761079432.json"
"1004617","882331","2025-11-03","52.08","AUD","1761079432","14629/2025-11-03/1761079432.json"
"971684","835234","2025-11-05","38.64","AUD","1761079432","14629/2025-11-05/1761079432.json"
"1004618","882330","2025-11-05","45.36","AUD","1761079432","14629/2025-11-05/1761079432.json"
"971684","835234","2025-11-04","38.64","AUD","1761079432","14629/2025-11-04/1761079432.json"
"1004618","882330","2025-11-04","45.36","AUD","1761079432","14629/2025-11-04/1761079432.json"
"1004617","882331","2025-11-04","55.44","AUD","1761079432","14629/2025-11-04/1761079432.json"
"971684","835234","2025-11-06","38.64","AUD","1761079432","14629/2025-11-06/1761079432.json"
"1004618","882330","2025-11-06","45.36","AUD","1761079432","14629/2025-11-06/1761079432.json"
"1004618","882330","2025-10-22","35.28","AUD","1761104346","14629/2025-10-22/1761104346.json"
"1004618","882330","2025-10-25","35.28","AUD","1761104346","14629/2025-10-25/1761104346.json"
"1004618","882330","2025-10-23","35.28","AUD","1761104346","14629/2025-10-23/1761104346.json"
"1004618","882330","2025-10-24","35.28","AUD","1761104346","14629/2025-10-24/1761104346.json"
"971684","835234","2025-10-24","36.96","AUD","1761104346","14629/2025-10-24/1761104346.json"
"653350","630660","2025-10-27","33.60","AUD","1761104346","14629/2025-10-27/1761104346.json"
"1004618","882330","2025-10-27","35.28","AUD","1761104346","14629/2025-10-27/1761104346.json"
"971684","835234","2025-10-27","36.96","AUD","1761104346","14629/2025-10-27/1761104346.json"
"818510","600849","2025-10-27","48.72","AUD","1761104346","14629/2025-10-27/1761104346.json"
"1004618","882330","2025-10-26","35.28","AUD","1761104346","14629/2025-10-26/1761104346.json"
"971684","835234","2025-10-26","36.96","AUD","1761104346","14629/2025-10-26/1761104346.json"
"653350","630660","2025-10-29","33.60","AUD","1761104346","14629/2025-10-29/1761104346.json"
"1004618","882330","2025-10-29","35.28","AUD","1761104346","14629/2025-10-29/1761104346.json"
"971684","835234","2025-10-29","36.96","AUD","1761104346","14629/2025-10-29/1761104346.json"
"818510","600849","2025-10-29","48.72","AUD","1761104346","14629/2025-10-29/1761104346.json"
"653350","630660","2025-10-28","33.60","AUD","1761104346","14629/2025-10-28/1761104346.json"
"1004618","882330","2025-10-28","35.28","AUD","1761104346","14629/2025-10-28/1761104346.json"
"971684","835234","2025-10-28","36.96","AUD","1761104346","14629/2025-10-28/1761104346.json"
"818510","600849","2025-10-28","48.72","AUD","1761104346","14629/2025-10-28/1761104346.json"
"653350","630660","2025-10-30","33.60","AUD","1761104346","14629/2025-10-30/1761104346.json"
"1004618","882330","2025-10-30","35.28","AUD","1761104346","14629/2025-10-30/1761104346.json"
"971684","835234","2025-10-30","36.96","AUD","1761104346","14629/2025-10-30/1761104346.json"
"818510","600849","2025-10-30","48.72","AUD","1761104346","14629/2025-10-30/1761104346.json"
"1004618","882330","2025-11-01","35.28","AUD","1761104346","14629/2025-11-01/1761104346.json"
"971684","835234","2025-11-01","36.96","AUD","1761104346","14629/2025-11-01/1761104346.json"
"818510","600849","2025-11-01","48.72","AUD","1761104346","14629/2025-11-01/1761104346.json"
"653350","630660","2025-10-31","33.60","AUD","1761104346","14629/2025-10-31/1761104346.json"
"1004618","882330","2025-11-02","35.28","AUD","1761104346","14629/2025-11-02/1761104346.json"
"1004618","882330","2025-10-31","35.28","AUD","1761104346","14629/2025-10-31/1761104346.json"
"971684","835234","2025-11-02","36.96","AUD","1761104346","14629/2025-11-02/1761104346.json"
"971684","835234","2025-10-31","36.96","AUD","1761104346","14629/2025-10-31/1761104346.json"
"818510","600849","2025-11-02","48.72","AUD","1761104346","14629/2025-11-02/1761104346.json"
"818510","600849","2025-10-31","48.72","AUD","1761104346","14629/2025-10-31/1761104346.json"
"1004618","882330","2025-11-03","35.28","AUD","1761104346","14629/2025-11-03/1761104346.json"
"971684","835234","2025-11-03","36.96","AUD","1761104346","14629/2025-11-03/1761104346.json"
"971684","835234","2025-11-06","38.64","AUD","1761104346","14629/2025-11-06/1761104346.json"
"1004618","882330","2025-11-06","45.36","AUD","1761104346","14629/2025-11-06/1761104346.json"
"971684","835234","2025-11-04","38.64","AUD","1761104346","14629/2025-11-04/1761104346.json"
"1004618","882330","2025-11-04","45.36","AUD","1761104346","14629/2025-11-04/1761104346.json"
"971684","835234","2025-11-05","38.64","AUD","1761104346","14629/2025-11-05/1761104346.json"
"1004618","882330","2025-11-05","45.36","AUD","1761104346","14629/2025-11-05/1761104346.json"
"653350","630660","2025-10-25","33.60","AUD","1761108563","14629/2025-10-25/1761108563.json"
"1004618","882330","2025-10-25","35.28","AUD","1761108563","14629/2025-10-25/1761108563.json"
"971684","835234","2025-10-25","36.96","AUD","1761108563","14629/2025-10-25/1761108563.json"
"653350","630660","2025-10-24","33.60","AUD","1761108563","14629/2025-10-24/1761108563.json"
"1004618","882330","2025-10-24","35.28","AUD","1761108563","14629/2025-10-24/1761108563.json"
"653350","630660","2025-10-23","33.60","AUD","1761108563","14629/2025-10-23/1761108563.json"
"971684","835234","2025-10-24","36.96","AUD","1761108563","14629/2025-10-24/1761108563.json"
"1004618","882330","2025-10-23","35.28","AUD","1761108563","14629/2025-10-23/1761108563.json"
"971684","835234","2025-10-23","36.96","AUD","1761108563","14629/2025-10-23/1761108563.json"
"653350","630660","2025-10-22","33.60","AUD","1761108563","14629/2025-10-22/1761108563.json"
"1004618","882330","2025-10-22","35.28","AUD","1761108563","14629/2025-10-22/1761108563.json"
"971684","835234","2025-10-22","36.96","AUD","1761108563","14629/2025-10-22/1761108563.json"
"653350","630660","2025-10-28","33.60","AUD","1761108563","14629/2025-10-28/1761108563.json"
"1004618","882330","2025-10-28","35.28","AUD","1761108563","14629/2025-10-28/1761108563.json"
"818510","600849","2025-10-28","48.72","AUD","1761108563","14629/2025-10-28/1761108563.json"
"653350","630660","2025-10-26","33.60","AUD","1761108563","14629/2025-10-26/1761108563.json"
"1004618","882330","2025-10-26","35.28","AUD","1761108563","14629/2025-10-26/1761108563.json"
"971684","835234","2025-10-26","36.96","AUD","1761108563","14629/2025-10-26/1761108563.json"
"653350","630660","2025-10-27","33.60","AUD","1761108563","14629/2025-10-27/1761108563.json"
"1004618","882330","2025-10-27","35.28","AUD","1761108563","14629/2025-10-27/1761108563.json"
"818510","600849","2025-10-27","48.72","AUD","1761108563","14629/2025-10-27/1761108563.json"
"653350","630660","2025-10-29","33.60","AUD","1761108563","14629/2025-10-29/1761108563.json"
"1004618","882330","2025-10-29","35.28","AUD","1761108563","14629/2025-10-29/1761108563.json"
"818510","600849","2025-10-29","48.72","AUD","1761108563","14629/2025-10-29/1761108563.json"
"1004618","882330","2025-11-01","35.28","AUD","1761108563","14629/2025-11-01/1761108563.json"
"653350","630660","2025-10-30","33.60","AUD","1761108563","14629/2025-10-30/1761108563.json"
"971684","835234","2025-11-01","36.96","AUD","1761108563","14629/2025-11-01/1761108563.json"
"1004618","882330","2025-10-30","35.28","AUD","1761108563","14629/2025-10-30/1761108563.json"
"818510","600849","2025-11-01","48.72","AUD","1761108563","14629/2025-11-01/1761108563.json"
"971684","835234","2025-10-30","36.96","AUD","1761108563","14629/2025-10-30/1761108563.json"
"818510","600849","2025-10-30","48.72","AUD","1761108563","14629/2025-10-30/1761108563.json"
"1004618","882330","2025-11-02","35.28","AUD","1761108563","14629/2025-11-02/1761108563.json"
"971684","835234","2025-11-02","36.96","AUD","1761108563","14629/2025-11-02/1761108563.json"
"818510","600849","2025-11-02","48.72","AUD","1761108563","14629/2025-11-02/1761108563.json"
"653350","630660","2025-10-31","33.60","AUD","1761108563","14629/2025-10-31/1761108563.json"
"1004618","882330","2025-10-31","35.28","AUD","1761108563","14629/2025-10-31/1761108563.json"
"971684","835234","2025-10-31","36.96","AUD","1761108563","14629/2025-10-31/1761108563.json"
"818510","600849","2025-10-31","48.72","AUD","1761108563","14629/2025-10-31/1761108563.json"
"971684","835234","2025-11-04","38.64","AUD","1761108563","14629/2025-11-04/1761108563.json"
"1004618","882330","2025-11-04","45.36","AUD","1761108563","14629/2025-11-04/1761108563.json"
"971684","835234","2025-11-05","38.64","AUD","1761108563","14629/2025-11-05/1761108563.json"
"1004618","882330","2025-11-05","45.36","AUD","1761108563","14629/2025-11-05/1761108563.json"
"1004618","882330","2025-11-03","35.28","AUD","1761108563","14629/2025-11-03/1761108563.json"
"971684","835234","2025-11-03","36.96","AUD","1761108563","14629/2025-11-03/1761108563.json"
"971684","835234","2025-11-06","38.64","AUD","1761108563","14629/2025-11-06/1761108563.json"
"1004618","882330","2025-11-06","45.36","AUD","1761108563","14629/2025-11-06/1761108563.json"
"653350","630660","2025-10-24","33.60","AUD","1761123467","14629/2025-10-24/1761123467.json"
"1004618","882330","2025-10-24","35.28","AUD","1761123467","14629/2025-10-24/1761123467.json"
"653350","630660","2025-10-25","33.60","AUD","1761123467","14629/2025-10-25/1761123467.json"
"1004618","882330","2025-10-25","35.28","AUD","1761123467","14629/2025-10-25/1761123467.json"
"971684","835234","2025-10-24","36.96","AUD","1761123467","14629/2025-10-24/1761123467.json"
"971684","835234","2025-10-25","36.96","AUD","1761123467","14629/2025-10-25/1761123467.json"
"653350","630660","2025-10-23","33.60","AUD","1761123467","14629/2025-10-23/1761123467.json"
"1004618","882330","2025-10-23","35.28","AUD","1761123467","14629/2025-10-23/1761123467.json"
"971684","835234","2025-10-23","36.96","AUD","1761123467","14629/2025-10-23/1761123467.json"
"653350","630660","2025-10-28","33.60","AUD","1761123467","14629/2025-10-28/1761123467.json"
"653350","630660","2025-10-26","33.60","AUD","1761123467","14629/2025-10-26/1761123467.json"
"1004618","882330","2025-10-28","35.28","AUD","1761123467","14629/2025-10-28/1761123467.json"
"1004618","882330","2025-10-26","35.28","AUD","1761123467","14629/2025-10-26/1761123467.json"
"818510","600849","2025-10-28","48.72","AUD","1761123467","14629/2025-10-28/1761123467.json"
"653350","630660","2025-10-29","33.60","AUD","1761123467","14629/2025-10-29/1761123467.json"
"1004618","882330","2025-10-29","35.28","AUD","1761123467","14629/2025-10-29/1761123467.json"
"818510","600849","2025-10-29","48.72","AUD","1761123467","14629/2025-10-29/1761123467.json"
"653350","630660","2025-10-27","33.60","AUD","1761123467","14629/2025-10-27/1761123467.json"
"1004618","882330","2025-10-27","35.28","AUD","1761123467","14629/2025-10-27/1761123467.json"
"818510","600849","2025-10-27","48.72","AUD","1761123467","14629/2025-10-27/1761123467.json"
"653350","630660","2025-10-31","33.60","AUD","1761123467","14629/2025-10-31/1761123467.json"
"1004618","882330","2025-10-31","35.28","AUD","1761123467","14629/2025-10-31/1761123467.json"
"818510","600849","2025-10-31","48.72","AUD","1761123467","14629/2025-10-31/1761123467.json"
"653350","630660","2025-11-01","33.60","AUD","1761123467","14629/2025-11-01/1761123467.json"
"1004618","882330","2025-11-01","35.28","AUD","1761123467","14629/2025-11-01/1761123467.json"
"818510","600849","2025-11-01","48.72","AUD","1761123467","14629/2025-11-01/1761123467.json"
"653350","630660","2025-10-30","33.60","AUD","1761123467","14629/2025-10-30/1761123467.json"
"1004618","882330","2025-10-30","35.28","AUD","1761123467","14629/2025-10-30/1761123467.json"
"818510","600849","2025-10-30","48.72","AUD","1761123467","14629/2025-10-30/1761123467.json"
"653350","630660","2025-11-02","33.60","AUD","1761123467","14629/2025-11-02/1761123467.json"
"1004618","882330","2025-11-02","35.28","AUD","1761123467","14629/2025-11-02/1761123467.json"
"971684","835234","2025-11-02","36.96","AUD","1761123467","14629/2025-11-02/1761123467.json"
"818510","600849","2025-11-02","48.72","AUD","1761123467","14629/2025-11-02/1761123467.json"
"653350","630660","2025-11-03","33.60","AUD","1761123467","14629/2025-11-03/1761123467.json"
"1004618","882330","2025-11-03","35.28","AUD","1761123467","14629/2025-11-03/1761123467.json"
"971684","835234","2025-11-03","36.96","AUD","1761123467","14629/2025-11-03/1761123467.json"
"818510","600849","2025-11-03","48.72","AUD","1761123467","14629/2025-11-03/1761123467.json"
"971684","835234","2025-11-05","38.64","AUD","1761123467","14629/2025-11-05/1761123467.json"
"1004618","882330","2025-11-05","45.36","AUD","1761123467","14629/2025-11-05/1761123467.json"
"971684","835234","2025-11-06","38.64","AUD","1761123467","14629/2025-11-06/1761123467.json"
"1004618","882330","2025-11-06","45.36","AUD","1761123467","14629/2025-11-06/1761123467.json"
"653350","630660","2025-11-04","33.60","AUD","1761123467","14629/2025-11-04/1761123467.json"
"1004618","882330","2025-11-04","35.28","AUD","1761123467","14629/2025-11-04/1761123467.json"
"971684","835234","2025-11-04","38.64","AUD","1761123467","14629/2025-11-04/1761123467.json"
"818510","600849","2025-11-04","48.72","AUD","1761123467","14629/2025-11-04/1761123467.json"
"653350","630660","2025-10-25","33.60","AUD","1761140932","14629/2025-10-25/1761140932.json"
"971684","835234","2025-10-25","36.96","AUD","1761140932","14629/2025-10-25/1761140932.json"
"653350","630660","2025-10-23","33.60","AUD","1761140932","14629/2025-10-23/1761140932.json"
"1004618","882330","2025-10-23","35.28","AUD","1761140932","14629/2025-10-23/1761140932.json"
"971684","835234","2025-10-23","36.96","AUD","1761140932","14629/2025-10-23/1761140932.json"
"653350","630660","2025-10-24","33.60","AUD","1761140932","14629/2025-10-24/1761140932.json"
"1004618","882330","2025-10-24","35.28","AUD","1761140932","14629/2025-10-24/1761140932.json"
"971684","835234","2025-10-24","36.96","AUD","1761140932","14629/2025-10-24/1761140932.json"
"1004618","882330","2025-10-26","35.28","AUD","1761140932","14629/2025-10-26/1761140932.json"
"653350","630660","2025-10-28","33.60","AUD","1761140932","14629/2025-10-28/1761140932.json"
"1004618","882330","2025-10-28","35.28","AUD","1761140932","14629/2025-10-28/1761140932.json"
"653350","630660","2025-10-29","33.60","AUD","1761140932","14629/2025-10-29/1761140932.json"
"1004618","882330","2025-10-29","35.28","AUD","1761140932","14629/2025-10-29/1761140932.json"
"653350","630660","2025-10-27","33.60","AUD","1761140932","14629/2025-10-27/1761140932.json"
"1004618","882330","2025-10-27","35.28","AUD","1761140932","14629/2025-10-27/1761140932.json"
"653350","630660","2025-10-30","33.60","AUD","1761140932","14629/2025-10-30/1761140932.json"
"1004618","882330","2025-10-30","35.28","AUD","1761140932","14629/2025-10-30/1761140932.json"
"653350","630660","2025-11-01","33.60","AUD","1761140932","14629/2025-11-01/1761140932.json"
"1004618","882330","2025-11-01","35.28","AUD","1761140932","14629/2025-11-01/1761140932.json"
"653350","630660","2025-10-31","33.60","AUD","1761140932","14629/2025-10-31/1761140932.json"
"1004618","882330","2025-10-31","35.28","AUD","1761140932","14629/2025-10-31/1761140932.json"
"653350","630660","2025-11-03","33.60","AUD","1761140932","14629/2025-11-03/1761140932.json"
"1004618","882330","2025-11-03","35.28","AUD","1761140932","14629/2025-11-03/1761140932.json"
"971684","835234","2025-11-03","36.96","AUD","1761140932","14629/2025-11-03/1761140932.json"
"818510","600849","2025-11-03","48.72","AUD","1761140932","14629/2025-11-03/1761140932.json"
"653350","630660","2025-11-02","33.60","AUD","1761140932","14629/2025-11-02/1761140932.json"
"1004618","882330","2025-11-02","35.28","AUD","1761140932","14629/2025-11-02/1761140932.json"
"971684","835234","2025-11-02","36.96","AUD","1761140932","14629/2025-11-02/1761140932.json"
"818510","600849","2025-11-02","48.72","AUD","1761140932","14629/2025-11-02/1761140932.json"
"971684","835234","2025-11-05","38.64","AUD","1761140932","14629/2025-11-05/1761140932.json"
"1004618","882330","2025-11-05","45.36","AUD","1761140932","14629/2025-11-05/1761140932.json"
"653350","630660","2025-11-04","33.60","AUD","1761140932","14629/2025-11-04/1761140932.json"
"1004618","882330","2025-11-04","35.28","AUD","1761140932","14629/2025-11-04/1761140932.json"
"971684","835234","2025-11-04","38.64","AUD","1761140932","14629/2025-11-04/1761140932.json"
"818510","600849","2025-11-04","48.72","AUD","1761140932","14629/2025-11-04/1761140932.json"
"971684","835234","2025-11-06","38.64","AUD","1761140932","14629/2025-11-06/1761140932.json"
"1004618","882330","2025-11-06","45.36","AUD","1761140932","14629/2025-11-06/1761140932.json"
"653350","630660","2025-10-23","33.60","AUD","1761152276","14629/2025-10-23/1761152276.json"
"1004618","882330","2025-10-23","35.28","AUD","1761152276","14629/2025-10-23/1761152276.json"
"971684","835234","2025-10-23","36.96","AUD","1761152276","14629/2025-10-23/1761152276.json"
"653350","630660","2025-10-25","33.60","AUD","1761152276","14629/2025-10-25/1761152276.json"
"971684","835234","2025-10-25","36.96","AUD","1761152276","14629/2025-10-25/1761152276.json"
"653350","630660","2025-10-24","33.60","AUD","1761152276","14629/2025-10-24/1761152276.json"
"1004618","882330","2025-10-24","35.28","AUD","1761152276","14629/2025-10-24/1761152276.json"
"971684","835234","2025-10-24","36.96","AUD","1761152276","14629/2025-10-24/1761152276.json"
"1004618","882330","2025-10-26","35.28","AUD","1761152276","14629/2025-10-26/1761152276.json"
"653350","630660","2025-10-29","33.60","AUD","1761152276","14629/2025-10-29/1761152276.json"
"1004618","882330","2025-10-29","35.28","AUD","1761152276","14629/2025-10-29/1761152276.json"
"653350","630660","2025-10-28","33.60","AUD","1761152276","14629/2025-10-28/1761152276.json"
"1004618","882330","2025-10-28","35.28","AUD","1761152276","14629/2025-10-28/1761152276.json"
"653350","630660","2025-10-27","33.60","AUD","1761152276","14629/2025-10-27/1761152276.json"
"1004618","882330","2025-10-27","35.28","AUD","1761152276","14629/2025-10-27/1761152276.json"
"653350","630660","2025-10-30","33.60","AUD","1761152276","14629/2025-10-30/1761152276.json"
"1004618","882330","2025-10-30","35.28","AUD","1761152276","14629/2025-10-30/1761152276.json"
"653350","630660","2025-10-31","33.60","AUD","1761152276","14629/2025-10-31/1761152276.json"
"1004618","882330","2025-10-31","35.28","AUD","1761152276","14629/2025-10-31/1761152276.json"
"653350","630660","2025-11-02","33.60","AUD","1761152276","14629/2025-11-02/1761152276.json"
"1004618","882330","2025-11-02","35.28","AUD","1761152276","14629/2025-11-02/1761152276.json"
"971684","835234","2025-11-02","36.96","AUD","1761152276","14629/2025-11-02/1761152276.json"
"818510","600849","2025-11-02","48.72","AUD","1761152276","14629/2025-11-02/1761152276.json"
"653350","630660","2025-11-03","33.60","AUD","1761152276","14629/2025-11-03/1761152276.json"
"1004618","882330","2025-11-03","35.28","AUD","1761152276","14629/2025-11-03/1761152276.json"
"971684","835234","2025-11-03","36.96","AUD","1761152276","14629/2025-11-03/1761152276.json"
"818510","600849","2025-11-03","48.72","AUD","1761152276","14629/2025-11-03/1761152276.json"
"653350","630660","2025-11-01","33.60","AUD","1761152276","14629/2025-11-01/1761152276.json"
"1004618","882330","2025-11-01","35.28","AUD","1761152276","14629/2025-11-01/1761152276.json"
"971684","835234","2025-11-05","38.64","AUD","1761152276","14629/2025-11-05/1761152276.json"
"1004618","882330","2025-11-05","45.36","AUD","1761152276","14629/2025-11-05/1761152276.json"
"653350","630660","2025-11-04","33.60","AUD","1761152276","14629/2025-11-04/1761152276.json"
"1004618","882330","2025-11-04","35.28","AUD","1761152276","14629/2025-11-04/1761152276.json"
"971684","835234","2025-11-04","38.64","AUD","1761152276","14629/2025-11-04/1761152276.json"
"818510","600849","2025-11-04","48.72","AUD","1761152276","14629/2025-11-04/1761152276.json"
"971684","835234","2025-11-06","38.64","AUD","1761152276","14629/2025-11-06/1761152276.json"
"1004618","882330","2025-11-06","45.36","AUD","1761152276","14629/2025-11-06/1761152276.json"
"653350","630660","2025-10-23","33.60","AUD","1761165772","14629/2025-10-23/1761165772.json"
"1004618","882330","2025-10-23","35.28","AUD","1761165772","14629/2025-10-23/1761165772.json"
"971684","835234","2025-10-23","36.96","AUD","1761165772","14629/2025-10-23/1761165772.json"
"653350","630660","2025-10-25","33.60","AUD","1761165772","14629/2025-10-25/1761165772.json"
"971684","835234","2025-10-25","36.96","AUD","1761165772","14629/2025-10-25/1761165772.json"
"653350","630660","2025-10-24","33.60","AUD","1761165772","14629/2025-10-24/1761165772.json"
"1004618","882330","2025-10-24","35.28","AUD","1761165772","14629/2025-10-24/1761165772.json"
"971684","835234","2025-10-24","36.96","AUD","1761165772","14629/2025-10-24/1761165772.json"
"1004618","882330","2025-10-26","35.28","AUD","1761165772","14629/2025-10-26/1761165772.json"
"653350","630660","2025-10-27","33.60","AUD","1761165772","14629/2025-10-27/1761165772.json"
"1004618","882330","2025-10-27","35.28","AUD","1761165772","14629/2025-10-27/1761165772.json"
"653350","630660","2025-10-28","33.60","AUD","1761165772","14629/2025-10-28/1761165772.json"
"1004618","882330","2025-10-28","35.28","AUD","1761165772","14629/2025-10-28/1761165772.json"
"653350","630660","2025-10-29","33.60","AUD","1761165772","14629/2025-10-29/1761165772.json"
"1004618","882330","2025-10-29","35.28","AUD","1761165772","14629/2025-10-29/1761165772.json"
"653350","630660","2025-10-30","33.60","AUD","1761165772","14629/2025-10-30/1761165772.json"
"1004618","882330","2025-10-30","35.28","AUD","1761165772","14629/2025-10-30/1761165772.json"
"653350","630660","2025-10-31","33.60","AUD","1761165772","14629/2025-10-31/1761165772.json"
"1004618","882330","2025-10-31","35.28","AUD","1761165772","14629/2025-10-31/1761165772.json"
"653350","630660","2025-11-02","33.60","AUD","1761165772","14629/2025-11-02/1761165772.json"
"1004618","882330","2025-11-02","35.28","AUD","1761165772","14629/2025-11-02/1761165772.json"
"971684","835234","2025-11-02","36.96","AUD","1761165772","14629/2025-11-02/1761165772.json"
"818510","600849","2025-11-02","48.72","AUD","1761165772","14629/2025-11-02/1761165772.json"
"653350","630660","2025-11-01","33.60","AUD","1761165772","14629/2025-11-01/1761165772.json"
"1004618","882330","2025-11-01","35.28","AUD","1761165772","14629/2025-11-01/1761165772.json"
"653350","630660","2025-11-03","33.60","AUD","1761165772","14629/2025-11-03/1761165772.json"
"1004618","882330","2025-11-03","35.28","AUD","1761165772","14629/2025-11-03/1761165772.json"
"971684","835234","2025-11-03","36.96","AUD","1761165772","14629/2025-11-03/1761165772.json"
"818510","600849","2025-11-03","48.72","AUD","1761165772","14629/2025-11-03/1761165772.json"
"653350","630660","2025-11-04","33.60","AUD","1761165772","14629/2025-11-04/1761165772.json"
"1004618","882330","2025-11-04","35.28","AUD","1761165772","14629/2025-11-04/1761165772.json"
"971684","835234","2025-11-04","38.64","AUD","1761165772","14629/2025-11-04/1761165772.json"
"818510","600849","2025-11-04","48.72","AUD","1761165772","14629/2025-11-04/1761165772.json"
"971684","835234","2025-11-05","38.64","AUD","1761165772","14629/2025-11-05/1761165772.json"
"1004618","882330","2025-11-05","45.36","AUD","1761165772","14629/2025-11-05/1761165772.json"
"971684","835234","2025-11-06","38.64","AUD","1761165772","14629/2025-11-06/1761165772.json"
"1004618","882330","2025-11-06","45.36","AUD","1761165772","14629/2025-11-06/1761165772.json"
"1004618","882330","2025-10-26","35.28","AUD","1761189578","14629/2025-10-26/1761189578.json"
"653350","630660","2025-10-25","33.60","AUD","1761189578","14629/2025-10-25/1761189578.json"
"971684","835234","2025-10-25","36.96","AUD","1761189578","14629/2025-10-25/1761189578.json"
"653350","630660","2025-10-24","33.60","AUD","1761189578","14629/2025-10-24/1761189578.json"
"1004618","882330","2025-10-24","35.28","AUD","1761189578","14629/2025-10-24/1761189578.json"
"1004618","882330","2025-10-23","35.28","AUD","1761189578","14629/2025-10-23/1761189578.json"
"653350","630660","2025-10-27","33.60","AUD","1761189578","14629/2025-10-27/1761189578.json"
"1004618","882330","2025-10-27","35.28","AUD","1761189578","14629/2025-10-27/1761189578.json"
"653350","630660","2025-10-29","33.60","AUD","1761189578","14629/2025-10-29/1761189578.json"
"1004618","882330","2025-10-29","35.28","AUD","1761189578","14629/2025-10-29/1761189578.json"
"653350","630660","2025-10-30","33.60","AUD","1761189578","14629/2025-10-30/1761189578.json"
"1004618","882330","2025-10-30","35.28","AUD","1761189578","14629/2025-10-30/1761189578.json"
"653350","630660","2025-10-28","33.60","AUD","1761189578","14629/2025-10-28/1761189578.json"
"1004618","882330","2025-10-28","35.28","AUD","1761189578","14629/2025-10-28/1761189578.json"
"653350","630660","2025-10-31","33.60","AUD","1761189578","14629/2025-10-31/1761189578.json"
"1004618","882330","2025-10-31","35.28","AUD","1761189578","14629/2025-10-31/1761189578.json"
"653350","630660","2025-11-01","33.60","AUD","1761189578","14629/2025-11-01/1761189578.json"
"1004618","882330","2025-11-01","35.28","AUD","1761189578","14629/2025-11-01/1761189578.json"
"653350","630660","2025-11-02","33.60","AUD","1761189578","14629/2025-11-02/1761189578.json"
"1004618","882330","2025-11-02","35.28","AUD","1761189578","14629/2025-11-02/1761189578.json"
"971684","835234","2025-11-02","36.96","AUD","1761189578","14629/2025-11-02/1761189578.json"
"818510","600849","2025-11-02","48.72","AUD","1761189578","14629/2025-11-02/1761189578.json"
"653350","630660","2025-11-03","33.60","AUD","1761189578","14629/2025-11-03/1761189578.json"
"1004618","882330","2025-11-03","35.28","AUD","1761189578","14629/2025-11-03/1761189578.json"
"971684","835234","2025-11-03","36.96","AUD","1761189578","14629/2025-11-03/1761189578.json"
"818510","600849","2025-11-03","48.72","AUD","1761189578","14629/2025-11-03/1761189578.json"
"653350","630660","2025-11-04","33.60","AUD","1761189578","14629/2025-11-04/1761189578.json"
"1004618","882330","2025-11-04","35.28","AUD","1761189578","14629/2025-11-04/1761189578.json"
"971684","835234","2025-11-04","38.64","AUD","1761189578","14629/2025-11-04/1761189578.json"
"818510","600849","2025-11-04","48.72","AUD","1761189578","14629/2025-11-04/1761189578.json"
"971684","835234","2025-11-06","38.64","AUD","1761189578","14629/2025-11-06/1761189578.json"
"1004618","882330","2025-11-06","45.36","AUD","1761189578","14629/2025-11-06/1761189578.json"
"971684","835234","2025-11-05","38.64","AUD","1761189578","14629/2025-11-05/1761189578.json"
"1004618","882330","2025-11-05","45.36","AUD","1761189578","14629/2025-11-05/1761189578.json"
"971684","835234","2025-10-25","36.96","AUD","1761194927","14629/2025-10-25/1761194927.json"
"1004618","882330","2025-10-26","35.28","AUD","1761194927","14629/2025-10-26/1761194927.json"
"653350","630660","2025-10-23","33.60","AUD","1761194927","14629/2025-10-23/1761194927.json"
"1004618","882330","2025-10-24","35.28","AUD","1761194927","14629/2025-10-24/1761194927.json"
"653350","630660","2025-10-27","33.60","AUD","1761194927","14629/2025-10-27/1761194927.json"
"1004618","882330","2025-10-27","35.28","AUD","1761194927","14629/2025-10-27/1761194927.json"
"653350","630660","2025-10-29","33.60","AUD","1761194927","14629/2025-10-29/1761194927.json"
"1004618","882330","2025-10-29","35.28","AUD","1761194927","14629/2025-10-29/1761194927.json"
"653350","630660","2025-10-30","33.60","AUD","1761194927","14629/2025-10-30/1761194927.json"
"1004618","882330","2025-10-30","35.28","AUD","1761194927","14629/2025-10-30/1761194927.json"
"653350","630660","2025-10-28","33.60","AUD","1761194927","14629/2025-10-28/1761194927.json"
"1004618","882330","2025-10-28","35.28","AUD","1761194927","14629/2025-10-28/1761194927.json"
"653350","630660","2025-10-31","33.60","AUD","1761194927","14629/2025-10-31/1761194927.json"
"1004618","882330","2025-10-31","35.28","AUD","1761194927","14629/2025-10-31/1761194927.json"
"653350","630660","2025-11-02","33.60","AUD","1761194927","14629/2025-11-02/1761194927.json"
"1004618","882330","2025-11-02","35.28","AUD","1761194927","14629/2025-11-02/1761194927.json"
"971684","835234","2025-11-02","36.96","AUD","1761194927","14629/2025-11-02/1761194927.json"
"818510","600849","2025-11-02","48.72","AUD","1761194927","14629/2025-11-02/1761194927.json"
"653350","630660","2025-11-01","33.60","AUD","1761194927","14629/2025-11-01/1761194927.json"
"1004618","882330","2025-11-01","35.28","AUD","1761194927","14629/2025-11-01/1761194927.json"
"653350","630660","2025-11-03","33.60","AUD","1761194927","14629/2025-11-03/1761194927.json"
"1004618","882330","2025-11-03","35.28","AUD","1761194927","14629/2025-11-03/1761194927.json"
"971684","835234","2025-11-03","36.96","AUD","1761194927","14629/2025-11-03/1761194927.json"
"818510","600849","2025-11-03","48.72","AUD","1761194927","14629/2025-11-03/1761194927.json"
"653350","630660","2025-11-04","33.60","AUD","1761194927","14629/2025-11-04/1761194927.json"
"1004618","882330","2025-11-04","35.28","AUD","1761194927","14629/2025-11-04/1761194927.json"
"971684","835234","2025-11-04","38.64","AUD","1761194927","14629/2025-11-04/1761194927.json"
"818510","600849","2025-11-04","48.72","AUD","1761194927","14629/2025-11-04/1761194927.json"
"971684","835234","2025-11-05","38.64","AUD","1761194927","14629/2025-11-05/1761194927.json"
"1004618","882330","2025-11-05","45.36","AUD","1761194927","14629/2025-11-05/1761194927.json"
"971684","835234","2025-11-06","38.64","AUD","1761194927","14629/2025-11-06/1761194927.json"
"1004618","882330","2025-11-06","45.36","AUD","1761194927","14629/2025-11-06/1761194927.json"
"1004618","882330","2025-10-26","35.28","AUD","1761209868","14629/2025-10-26/1761209868.json"
"1004618","882330","2025-10-24","35.28","AUD","1761209868","14629/2025-10-24/1761209868.json"
"971684","835234","2025-10-25","36.96","AUD","1761209868","14629/2025-10-25/1761209868.json"
"653350","630660","2025-10-28","33.60","AUD","1761209868","14629/2025-10-28/1761209868.json"
"1004618","882330","2025-10-28","35.28","AUD","1761209868","14629/2025-10-28/1761209868.json"
"653350","630660","2025-10-29","33.60","AUD","1761209868","14629/2025-10-29/1761209868.json"
"1004618","882330","2025-10-29","35.28","AUD","1761209868","14629/2025-10-29/1761209868.json"
"653350","630660","2025-10-27","33.60","AUD","1761209868","14629/2025-10-27/1761209868.json"
"1004618","882330","2025-10-27","35.28","AUD","1761209868","14629/2025-10-27/1761209868.json"
"653350","630660","2025-10-30","33.60","AUD","1761209868","14629/2025-10-30/1761209868.json"
"1004618","882330","2025-10-30","35.28","AUD","1761209868","14629/2025-10-30/1761209868.json"
"653350","630660","2025-10-31","33.60","AUD","1761209868","14629/2025-10-31/1761209868.json"
"1004618","882330","2025-10-31","35.28","AUD","1761209868","14629/2025-10-31/1761209868.json"
"653350","630660","2025-11-01","33.60","AUD","1761209868","14629/2025-11-01/1761209868.json"
"1004618","882330","2025-11-01","35.28","AUD","1761209868","14629/2025-11-01/1761209868.json"
"653350","630660","2025-11-02","33.60","AUD","1761209868","14629/2025-11-02/1761209868.json"
"1004618","882330","2025-11-02","35.28","AUD","1761209868","14629/2025-11-02/1761209868.json"
"971684","835234","2025-11-02","36.96","AUD","1761209868","14629/2025-11-02/1761209868.json"
"818510","600849","2025-11-02","48.72","AUD","1761209868","14629/2025-11-02/1761209868.json"
"653350","630660","2025-11-03","33.60","AUD","1761209868","14629/2025-11-03/1761209868.json"
"1004618","882330","2025-11-03","35.28","AUD","1761209868","14629/2025-11-03/1761209868.json"
"971684","835234","2025-11-03","36.96","AUD","1761209868","14629/2025-11-03/1761209868.json"
"818510","600849","2025-11-03","48.72","AUD","1761209868","14629/2025-11-03/1761209868.json"
"971684","835234","2025-11-05","38.64","AUD","1761209868","14629/2025-11-05/1761209868.json"
"1004618","882330","2025-11-05","45.36","AUD","1761209868","14629/2025-11-05/1761209868.json"
"971684","835234","2025-11-06","38.64","AUD","1761209868","14629/2025-11-06/1761209868.json"
"1004618","882330","2025-11-06","45.36","AUD","1761209868","14629/2025-11-06/1761209868.json"
"653350","630660","2025-11-04","33.60","AUD","1761209868","14629/2025-11-04/1761209868.json"
"1004618","882330","2025-11-04","35.28","AUD","1761209868","14629/2025-11-04/1761209868.json"
"971684","835234","2025-11-04","38.64","AUD","1761209868","14629/2025-11-04/1761209868.json"
"818510","600849","2025-11-04","48.72","AUD","1761209868","14629/2025-11-04/1761209868.json"
"1004618","882330","2025-10-24","35.28","AUD","1761227070","14629/2025-10-24/1761227070.json"
"1004618","882330","2025-10-26","35.28","AUD","1761227070","14629/2025-10-26/1761227070.json"
"653350","630660","2025-10-27","33.60","AUD","1761227070","14629/2025-10-27/1761227070.json"
"1004618","882330","2025-10-27","35.28","AUD","1761227070","14629/2025-10-27/1761227070.json"
"971684","835234","2025-10-25","36.96","AUD","1761227070","14629/2025-10-25/1761227070.json"
"653350","630660","2025-10-28","33.60","AUD","1761227070","14629/2025-10-28/1761227070.json"
"1004618","882330","2025-10-28","35.28","AUD","1761227070","14629/2025-10-28/1761227070.json"
"653350","630660","2025-10-29","33.60","AUD","1761227070","14629/2025-10-29/1761227070.json"
"1004618","882330","2025-10-29","35.28","AUD","1761227070","14629/2025-10-29/1761227070.json"
"653350","630660","2025-10-30","33.60","AUD","1761227070","14629/2025-10-30/1761227070.json"
"1004618","882330","2025-10-30","35.28","AUD","1761227070","14629/2025-10-30/1761227070.json"
"653350","630660","2025-11-02","33.60","AUD","1761227070","14629/2025-11-02/1761227070.json"
"1004618","882330","2025-11-02","35.28","AUD","1761227070","14629/2025-11-02/1761227070.json"
"971684","835234","2025-11-02","36.96","AUD","1761227070","14629/2025-11-02/1761227070.json"
"818510","600849","2025-11-02","48.72","AUD","1761227070","14629/2025-11-02/1761227070.json"
"653350","630660","2025-11-01","33.60","AUD","1761227070","14629/2025-11-01/1761227070.json"
"1004618","882330","2025-11-01","35.28","AUD","1761227070","14629/2025-11-01/1761227070.json"
"653350","630660","2025-11-03","33.60","AUD","1761227070","14629/2025-11-03/1761227070.json"
"1004618","882330","2025-11-03","35.28","AUD","1761227070","14629/2025-11-03/1761227070.json"
"971684","835234","2025-11-03","36.96","AUD","1761227070","14629/2025-11-03/1761227070.json"
"818510","600849","2025-11-03","48.72","AUD","1761227070","14629/2025-11-03/1761227070.json"
"653350","630660","2025-10-31","33.60","AUD","1761227070","14629/2025-10-31/1761227070.json"
"1004618","882330","2025-10-31","35.28","AUD","1761227070","14629/2025-10-31/1761227070.json"
"653350","630660","2025-11-04","33.60","AUD","1761227070","14629/2025-11-04/1761227070.json"
"1004618","882330","2025-11-04","35.28","AUD","1761227070","14629/2025-11-04/1761227070.json"
"971684","835234","2025-11-04","38.64","AUD","1761227070","14629/2025-11-04/1761227070.json"
"818510","600849","2025-11-04","48.72","AUD","1761227070","14629/2025-11-04/1761227070.json"
"971684","835234","2025-11-06","38.64","AUD","1761227070","14629/2025-11-06/1761227070.json"
"1004618","882330","2025-11-06","45.36","AUD","1761227070","14629/2025-11-06/1761227070.json"
"971684","835234","2025-11-05","38.64","AUD","1761227070","14629/2025-11-05/1761227070.json"
"1004618","882330","2025-11-05","45.36","AUD","1761227070","14629/2025-11-05/1761227070.json"
"1004618","882330","2025-10-24","35.28","AUD","1761238570","14629/2025-10-24/1761238570.json"
"1004618","882330","2025-10-26","35.28","AUD","1761238570","14629/2025-10-26/1761238570.json"
"653350","630660","2025-10-27","33.60","AUD","1761238570","14629/2025-10-27/1761238570.json"
"1004618","882330","2025-10-27","35.28","AUD","1761238570","14629/2025-10-27/1761238570.json"
"971684","835234","2025-10-25","36.96","AUD","1761238570","14629/2025-10-25/1761238570.json"
"653350","630660","2025-10-28","33.60","AUD","1761238570","14629/2025-10-28/1761238570.json"
"1004618","882330","2025-10-28","35.28","AUD","1761238570","14629/2025-10-28/1761238570.json"
"653350","630660","2025-10-29","33.60","AUD","1761238570","14629/2025-10-29/1761238570.json"
"1004618","882330","2025-10-29","35.28","AUD","1761238570","14629/2025-10-29/1761238570.json"
"653350","630660","2025-10-30","33.60","AUD","1761238570","14629/2025-10-30/1761238570.json"
"1004618","882330","2025-10-30","35.28","AUD","1761238570","14629/2025-10-30/1761238570.json"
"653350","630660","2025-10-31","33.60","AUD","1761238570","14629/2025-10-31/1761238570.json"
"1004618","882330","2025-10-31","35.28","AUD","1761238570","14629/2025-10-31/1761238570.json"
"653350","630660","2025-11-01","33.60","AUD","1761238570","14629/2025-11-01/1761238570.json"
"1004618","882330","2025-11-01","35.28","AUD","1761238570","14629/2025-11-01/1761238570.json"
"653350","630660","2025-11-02","33.60","AUD","1761238570","14629/2025-11-02/1761238570.json"
"1004618","882330","2025-11-02","35.28","AUD","1761238570","14629/2025-11-02/1761238570.json"
"971684","835234","2025-11-02","36.96","AUD","1761238570","14629/2025-11-02/1761238570.json"
"818510","600849","2025-11-02","48.72","AUD","1761238570","14629/2025-11-02/1761238570.json"
"653350","630660","2025-11-03","33.60","AUD","1761238570","14629/2025-11-03/1761238570.json"
"1004618","882330","2025-11-03","35.28","AUD","1761238570","14629/2025-11-03/1761238570.json"
"971684","835234","2025-11-03","36.96","AUD","1761238570","14629/2025-11-03/1761238570.json"
"818510","600849","2025-11-03","48.72","AUD","1761238570","14629/2025-11-03/1761238570.json"
"653350","630660","2025-11-04","33.60","AUD","1761238570","14629/2025-11-04/1761238570.json"
"1004618","882330","2025-11-04","35.28","AUD","1761238570","14629/2025-11-04/1761238570.json"
"971684","835234","2025-11-04","38.64","AUD","1761238570","14629/2025-11-04/1761238570.json"
"818510","600849","2025-11-04","48.72","AUD","1761238570","14629/2025-11-04/1761238570.json"
"971684","835234","2025-11-06","38.64","AUD","1761238570","14629/2025-11-06/1761238570.json"
"1004618","882330","2025-11-06","45.36","AUD","1761238570","14629/2025-11-06/1761238570.json"
"971684","835234","2025-11-05","38.64","AUD","1761238570","14629/2025-11-05/1761238570.json"
"1004618","882330","2025-11-05","45.36","AUD","1761238570","14629/2025-11-05/1761238570.json"
"971684","835234","2025-10-25","36.96","AUD","1761252115","14629/2025-10-25/1761252115.json"
"1004618","882330","2025-10-26","35.28","AUD","1761252115","14629/2025-10-26/1761252115.json"
"653350","630660","2025-10-27","33.60","AUD","1761252115","14629/2025-10-27/1761252115.json"
"1004618","882330","2025-10-27","35.28","AUD","1761252115","14629/2025-10-27/1761252115.json"
"1004618","882330","2025-10-24","35.28","AUD","1761252115","14629/2025-10-24/1761252115.json"
"653350","630660","2025-10-30","33.60","AUD","1761252115","14629/2025-10-30/1761252115.json"
"1004618","882330","2025-10-30","35.28","AUD","1761252115","14629/2025-10-30/1761252115.json"
"653350","630660","2025-10-29","33.60","AUD","1761252115","14629/2025-10-29/1761252115.json"
"1004618","882330","2025-10-29","35.28","AUD","1761252115","14629/2025-10-29/1761252115.json"
"653350","630660","2025-10-31","33.60","AUD","1761252115","14629/2025-10-31/1761252115.json"
"1004618","882330","2025-10-31","35.28","AUD","1761252115","14629/2025-10-31/1761252115.json"
"653350","630660","2025-10-28","33.60","AUD","1761252115","14629/2025-10-28/1761252115.json"
"1004618","882330","2025-10-28","35.28","AUD","1761252115","14629/2025-10-28/1761252115.json"
"653350","630660","2025-11-02","33.60","AUD","1761252115","14629/2025-11-02/1761252115.json"
"1004618","882330","2025-11-02","35.28","AUD","1761252115","14629/2025-11-02/1761252115.json"
"971684","835234","2025-11-02","36.96","AUD","1761252115","14629/2025-11-02/1761252115.json"
"818510","600849","2025-11-02","48.72","AUD","1761252115","14629/2025-11-02/1761252115.json"
"653350","630660","2025-11-01","33.60","AUD","1761252115","14629/2025-11-01/1761252115.json"
"1004618","882330","2025-11-01","35.28","AUD","1761252115","14629/2025-11-01/1761252115.json"
"653350","630660","2025-11-03","33.60","AUD","1761252115","14629/2025-11-03/1761252115.json"
"1004618","882330","2025-11-03","35.28","AUD","1761252115","14629/2025-11-03/1761252115.json"
"971684","835234","2025-11-03","36.96","AUD","1761252115","14629/2025-11-03/1761252115.json"
"818510","600849","2025-11-03","48.72","AUD","1761252115","14629/2025-11-03/1761252115.json"
"971684","835234","2025-11-05","38.64","AUD","1761252115","14629/2025-11-05/1761252115.json"
"1004618","882330","2025-11-05","45.36","AUD","1761252115","14629/2025-11-05/1761252115.json"
"653350","630660","2025-11-04","33.60","AUD","1761252115","14629/2025-11-04/1761252115.json"
"1004618","882330","2025-11-04","35.28","AUD","1761252115","14629/2025-11-04/1761252115.json"
"971684","835234","2025-11-04","38.64","AUD","1761252115","14629/2025-11-04/1761252115.json"
"818510","600849","2025-11-04","48.72","AUD","1761252115","14629/2025-11-04/1761252115.json"
"971684","835234","2025-11-06","38.64","AUD","1761252115","14629/2025-11-06/1761252115.json"
"1004618","882330","2025-11-06","45.36","AUD","1761252115","14629/2025-11-06/1761252115.json"
"653350","630660","2025-10-27","33.60","AUD","1761275614","14629/2025-10-27/1761275614.json"
"1004618","882330","2025-10-27","35.28","AUD","1761275614","14629/2025-10-27/1761275614.json"
"888510","710069","2025-10-27","37.80","AUD","1761275614","14629/2025-10-27/1761275614.json"
"1004618","882330","2025-10-24","35.28","AUD","1761275614","14629/2025-10-24/1761275614.json"
"971684","835234","2025-10-25","36.96","AUD","1761275614","14629/2025-10-25/1761275614.json"
"888510","710069","2025-10-25","37.80","AUD","1761275614","14629/2025-10-25/1761275614.json"
"1004618","882330","2025-10-26","35.28","AUD","1761275614","14629/2025-10-26/1761275614.json"
"888510","710069","2025-10-26","37.80","AUD","1761275614","14629/2025-10-26/1761275614.json"
"653350","630660","2025-10-29","33.60","AUD","1761275614","14629/2025-10-29/1761275614.json"
"1004618","882330","2025-10-29","35.28","AUD","1761275614","14629/2025-10-29/1761275614.json"
"888510","710069","2025-10-29","37.80","AUD","1761275614","14629/2025-10-29/1761275614.json"
"653350","630660","2025-10-31","33.60","AUD","1761275614","14629/2025-10-31/1761275614.json"
"1004618","882330","2025-10-31","35.28","AUD","1761275614","14629/2025-10-31/1761275614.json"
"888510","710069","2025-10-31","37.80","AUD","1761275614","14629/2025-10-31/1761275614.json"
"653350","630660","2025-10-30","33.60","AUD","1761275614","14629/2025-10-30/1761275614.json"
"1004618","882330","2025-10-30","35.28","AUD","1761275614","14629/2025-10-30/1761275614.json"
"888510","710069","2025-10-30","37.80","AUD","1761275614","14629/2025-10-30/1761275614.json"
"653350","630660","2025-10-28","33.60","AUD","1761275614","14629/2025-10-28/1761275614.json"
"1004618","882330","2025-10-28","35.28","AUD","1761275614","14629/2025-10-28/1761275614.json"
"888510","710069","2025-10-28","37.80","AUD","1761275614","14629/2025-10-28/1761275614.json"
"653350","630660","2025-11-01","33.60","AUD","1761275614","14629/2025-11-01/1761275614.json"
"1004618","882330","2025-11-01","35.28","AUD","1761275614","14629/2025-11-01/1761275614.json"
"888510","710069","2025-11-01","37.80","AUD","1761275614","14629/2025-11-01/1761275614.json"
"653350","630660","2025-11-03","33.60","AUD","1761275614","14629/2025-11-03/1761275614.json"
"1004618","882330","2025-11-03","35.28","AUD","1761275614","14629/2025-11-03/1761275614.json"
"971684","835234","2025-11-03","36.96","AUD","1761275614","14629/2025-11-03/1761275614.json"
"888510","710069","2025-11-03","37.80","AUD","1761275614","14629/2025-11-03/1761275614.json"
"818510","600849","2025-11-03","48.72","AUD","1761275614","14629/2025-11-03/1761275614.json"
"653350","630660","2025-11-04","33.60","AUD","1761275614","14629/2025-11-04/1761275614.json"
"1004618","882330","2025-11-04","35.28","AUD","1761275614","14629/2025-11-04/1761275614.json"
"888510","710069","2025-11-04","37.80","AUD","1761275614","14629/2025-11-04/1761275614.json"
"971684","835234","2025-11-04","38.64","AUD","1761275614","14629/2025-11-04/1761275614.json"
"818510","600849","2025-11-04","48.72","AUD","1761275614","14629/2025-11-04/1761275614.json"
"888510","710069","2025-11-05","37.80","AUD","1761275614","14629/2025-11-05/1761275614.json"
"971684","835234","2025-11-05","38.64","AUD","1761275614","14629/2025-11-05/1761275614.json"
"1004618","882330","2025-11-05","45.36","AUD","1761275614","14629/2025-11-05/1761275614.json"
"888510","710069","2025-11-06","37.80","AUD","1761275614","14629/2025-11-06/1761275614.json"
"971684","835234","2025-11-06","38.64","AUD","1761275614","14629/2025-11-06/1761275614.json"
"1004618","882330","2025-11-06","45.36","AUD","1761275614","14629/2025-11-06/1761275614.json"
"653350","630660","2025-11-02","33.60","AUD","1761275614","14629/2025-11-02/1761275614.json"
"1004618","882330","2025-11-02","35.28","AUD","1761275614","14629/2025-11-02/1761275614.json"
"971684","835234","2025-11-02","36.96","AUD","1761275614","14629/2025-11-02/1761275614.json"
"888510","710069","2025-11-02","37.80","AUD","1761275614","14629/2025-11-02/1761275614.json"
"818510","600849","2025-11-02","48.72","AUD","1761275614","14629/2025-11-02/1761275614.json"
"1004618","882330","2025-10-24","35.28","AUD","1761280951","14629/2025-10-24/1761280951.json"
"1004618","882330","2025-10-26","35.28","AUD","1761280951","14629/2025-10-26/1761280951.json"
"888510","710069","2025-10-26","37.80","AUD","1761280951","14629/2025-10-26/1761280951.json"
"971684","835234","2025-10-25","36.96","AUD","1761280951","14629/2025-10-25/1761280951.json"
"888510","710069","2025-10-25","37.80","AUD","1761280951","14629/2025-10-25/1761280951.json"
"653350","630660","2025-10-27","33.60","AUD","1761280951","14629/2025-10-27/1761280951.json"
"1004618","882330","2025-10-27","35.28","AUD","1761280951","14629/2025-10-27/1761280951.json"
"888510","710069","2025-10-27","37.80","AUD","1761280951","14629/2025-10-27/1761280951.json"
"653350","630660","2025-10-28","33.60","AUD","1761280951","14629/2025-10-28/1761280951.json"
"1004618","882330","2025-10-28","35.28","AUD","1761280951","14629/2025-10-28/1761280951.json"
"888510","710069","2025-10-28","37.80","AUD","1761280951","14629/2025-10-28/1761280951.json"
"653350","630660","2025-10-29","33.60","AUD","1761280951","14629/2025-10-29/1761280951.json"
"1004618","882330","2025-10-29","35.28","AUD","1761280951","14629/2025-10-29/1761280951.json"
"888510","710069","2025-10-29","37.80","AUD","1761280951","14629/2025-10-29/1761280951.json"
"653350","630660","2025-10-30","33.60","AUD","1761280951","14629/2025-10-30/1761280951.json"
"1004618","882330","2025-10-30","35.28","AUD","1761280951","14629/2025-10-30/1761280951.json"
"888510","710069","2025-10-30","37.80","AUD","1761280951","14629/2025-10-30/1761280951.json"
"653350","630660","2025-10-31","33.60","AUD","1761280951","14629/2025-10-31/1761280951.json"
"1004618","882330","2025-10-31","35.28","AUD","1761280951","14629/2025-10-31/1761280951.json"
"888510","710069","2025-10-31","37.80","AUD","1761280951","14629/2025-10-31/1761280951.json"
"653350","630660","2025-11-01","33.60","AUD","1761280951","14629/2025-11-01/1761280951.json"
"1004618","882330","2025-11-01","35.28","AUD","1761280951","14629/2025-11-01/1761280951.json"
"888510","710069","2025-11-01","37.80","AUD","1761280951","14629/2025-11-01/1761280951.json"
"653350","630660","2025-11-03","33.60","AUD","1761280951","14629/2025-11-03/1761280951.json"
"1004618","882330","2025-11-03","35.28","AUD","1761280951","14629/2025-11-03/1761280951.json"
"971684","835234","2025-11-03","36.96","AUD","1761280951","14629/2025-11-03/1761280951.json"
"888510","710069","2025-11-03","37.80","AUD","1761280951","14629/2025-11-03/1761280951.json"
"818510","600849","2025-11-03","48.72","AUD","1761280951","14629/2025-11-03/1761280951.json"
"653350","630660","2025-11-04","33.60","AUD","1761280951","14629/2025-11-04/1761280951.json"
"1004618","882330","2025-11-04","35.28","AUD","1761280951","14629/2025-11-04/1761280951.json"
"888510","710069","2025-11-04","37.80","AUD","1761280951","14629/2025-11-04/1761280951.json"
"971684","835234","2025-11-04","38.64","AUD","1761280951","14629/2025-11-04/1761280951.json"
"818510","600849","2025-11-04","48.72","AUD","1761280951","14629/2025-11-04/1761280951.json"
"653350","630660","2025-11-02","33.60","AUD","1761280951","14629/2025-11-02/1761280951.json"
"1004618","882330","2025-11-02","35.28","AUD","1761280951","14629/2025-11-02/1761280951.json"
"971684","835234","2025-11-02","36.96","AUD","1761280951","14629/2025-11-02/1761280951.json"
"888510","710069","2025-11-02","37.80","AUD","1761280951","14629/2025-11-02/1761280951.json"
"818510","600849","2025-11-02","48.72","AUD","1761280951","14629/2025-11-02/1761280951.json"
"888510","710069","2025-11-05","37.80","AUD","1761280951","14629/2025-11-05/1761280951.json"
"971684","835234","2025-11-05","38.64","AUD","1761280951","14629/2025-11-05/1761280951.json"
"1004618","882330","2025-11-05","45.36","AUD","1761280951","14629/2025-11-05/1761280951.json"
"888510","710069","2025-11-06","37.80","AUD","1761280951","14629/2025-11-06/1761280951.json"
"971684","835234","2025-11-06","38.64","AUD","1761280951","14629/2025-11-06/1761280951.json"
"1004618","882330","2025-11-06","45.36","AUD","1761280951","14629/2025-11-06/1761280951.json"
"971684","835234","2025-10-25","36.96","AUD","1761296022","14629/2025-10-25/1761296022.json"
"888510","710069","2025-10-25","37.80","AUD","1761296022","14629/2025-10-25/1761296022.json"
"1004618","882330","2025-10-26","35.28","AUD","1761296022","14629/2025-10-26/1761296022.json"
"888510","710069","2025-10-26","37.80","AUD","1761296022","14629/2025-10-26/1761296022.json"
"653350","630660","2025-10-27","33.60","AUD","1761296022","14629/2025-10-27/1761296022.json"
"1004618","882330","2025-10-27","35.28","AUD","1761296022","14629/2025-10-27/1761296022.json"
"888510","710069","2025-10-27","37.80","AUD","1761296022","14629/2025-10-27/1761296022.json"
"653350","630660","2025-10-30","33.60","AUD","1761296022","14629/2025-10-30/1761296022.json"
"1004618","882330","2025-10-30","35.28","AUD","1761296022","14629/2025-10-30/1761296022.json"
"888510","710069","2025-10-30","37.80","AUD","1761296022","14629/2025-10-30/1761296022.json"
"653350","630660","2025-10-29","33.60","AUD","1761296022","14629/2025-10-29/1761296022.json"
"1004618","882330","2025-10-29","35.28","AUD","1761296022","14629/2025-10-29/1761296022.json"
"888510","710069","2025-10-29","37.80","AUD","1761296022","14629/2025-10-29/1761296022.json"
"653350","630660","2025-10-28","33.60","AUD","1761296022","14629/2025-10-28/1761296022.json"
"1004618","882330","2025-10-28","35.28","AUD","1761296022","14629/2025-10-28/1761296022.json"
"888510","710069","2025-10-28","37.80","AUD","1761296022","14629/2025-10-28/1761296022.json"
"653350","630660","2025-11-01","33.60","AUD","1761296022","14629/2025-11-01/1761296022.json"
"1004618","882330","2025-11-01","35.28","AUD","1761296022","14629/2025-11-01/1761296022.json"
"888510","710069","2025-11-01","37.80","AUD","1761296022","14629/2025-11-01/1761296022.json"
"653350","630660","2025-10-31","33.60","AUD","1761296022","14629/2025-10-31/1761296022.json"
"1004618","882330","2025-10-31","35.28","AUD","1761296022","14629/2025-10-31/1761296022.json"
"888510","710069","2025-10-31","37.80","AUD","1761296022","14629/2025-10-31/1761296022.json"
"653350","630660","2025-11-02","33.60","AUD","1761296022","14629/2025-11-02/1761296022.json"
"1004618","882330","2025-11-02","35.28","AUD","1761296022","14629/2025-11-02/1761296022.json"
"971684","835234","2025-11-02","36.96","AUD","1761296022","14629/2025-11-02/1761296022.json"
"888510","710069","2025-11-02","37.80","AUD","1761296022","14629/2025-11-02/1761296022.json"
"818510","600849","2025-11-02","48.72","AUD","1761296022","14629/2025-11-02/1761296022.json"
"653350","630660","2025-11-03","33.60","AUD","1761296022","14629/2025-11-03/1761296022.json"
"1004618","882330","2025-11-03","35.28","AUD","1761296022","14629/2025-11-03/1761296022.json"
"971684","835234","2025-11-03","36.96","AUD","1761296022","14629/2025-11-03/1761296022.json"
"888510","710069","2025-11-03","37.80","AUD","1761296022","14629/2025-11-03/1761296022.json"
"818510","600849","2025-11-03","48.72","AUD","1761296022","14629/2025-11-03/1761296022.json"
"653350","630660","2025-11-04","33.60","AUD","1761296022","14629/2025-11-04/1761296022.json"
"1004618","882330","2025-11-04","35.28","AUD","1761296022","14629/2025-11-04/1761296022.json"
"888510","710069","2025-11-04","37.80","AUD","1761296022","14629/2025-11-04/1761296022.json"
"971684","835234","2025-11-04","38.64","AUD","1761296022","14629/2025-11-04/1761296022.json"
"888510","710069","2025-11-05","37.80","AUD","1761296022","14629/2025-11-05/1761296022.json"
"818510","600849","2025-11-04","48.72","AUD","1761296022","14629/2025-11-04/1761296022.json"
"971684","835234","2025-11-05","38.64","AUD","1761296022","14629/2025-11-05/1761296022.json"
"1004618","882330","2025-11-05","45.36","AUD","1761296022","14629/2025-11-05/1761296022.json"
"888510","710069","2025-11-06","37.80","AUD","1761296022","14629/2025-11-06/1761296022.json"
"971684","835234","2025-11-06","38.64","AUD","1761296022","14629/2025-11-06/1761296022.json"
"1004618","882330","2025-11-06","45.36","AUD","1761296022","14629/2025-11-06/1761296022.json"
"1004618","882330","2025-10-26","35.28","AUD","1761313356","14629/2025-10-26/1761313356.json"
"971684","835234","2025-10-25","36.96","AUD","1761313356","14629/2025-10-25/1761313356.json"
"888510","710069","2025-10-25","37.80","AUD","1761313356","14629/2025-10-25/1761313356.json"
"888510","710069","2025-10-26","37.80","AUD","1761313356","14629/2025-10-26/1761313356.json"
"653350","630660","2025-10-27","33.60","AUD","1761313356","14629/2025-10-27/1761313356.json"
"1004618","882330","2025-10-27","35.28","AUD","1761313356","14629/2025-10-27/1761313356.json"
"888510","710069","2025-10-27","37.80","AUD","1761313356","14629/2025-10-27/1761313356.json"
"653350","630660","2025-10-28","33.60","AUD","1761313356","14629/2025-10-28/1761313356.json"
"1004618","882330","2025-10-28","35.28","AUD","1761313356","14629/2025-10-28/1761313356.json"
"888510","710069","2025-10-28","37.80","AUD","1761313356","14629/2025-10-28/1761313356.json"
"653350","630660","2025-10-29","33.60","AUD","1761313356","14629/2025-10-29/1761313356.json"
"1004618","882330","2025-10-29","35.28","AUD","1761313356","14629/2025-10-29/1761313356.json"
"888510","710069","2025-10-29","37.80","AUD","1761313356","14629/2025-10-29/1761313356.json"
"653350","630660","2025-10-30","33.60","AUD","1761313356","14629/2025-10-30/1761313356.json"
"1004618","882330","2025-10-30","35.28","AUD","1761313356","14629/2025-10-30/1761313356.json"
"888510","710069","2025-10-30","37.80","AUD","1761313356","14629/2025-10-30/1761313356.json"
"653350","630660","2025-10-31","33.60","AUD","1761313356","14629/2025-10-31/1761313356.json"
"1004618","882330","2025-10-31","35.28","AUD","1761313356","14629/2025-10-31/1761313356.json"
"888510","710069","2025-10-31","37.80","AUD","1761313356","14629/2025-10-31/1761313356.json"
"653350","630660","2025-11-01","33.60","AUD","1761313356","14629/2025-11-01/1761313356.json"
"1004618","882330","2025-11-01","35.28","AUD","1761313356","14629/2025-11-01/1761313356.json"
"888510","710069","2025-11-01","37.80","AUD","1761313356","14629/2025-11-01/1761313356.json"
"653350","630660","2025-11-04","33.60","AUD","1761313356","14629/2025-11-04/1761313356.json"
"1004618","882330","2025-11-04","35.28","AUD","1761313356","14629/2025-11-04/1761313356.json"
"888510","710069","2025-11-04","37.80","AUD","1761313356","14629/2025-11-04/1761313356.json"
"971684","835234","2025-11-04","38.64","AUD","1761313356","14629/2025-11-04/1761313356.json"
"818510","600849","2025-11-04","48.72","AUD","1761313356","14629/2025-11-04/1761313356.json"
"653350","630660","2025-11-02","33.60","AUD","1761313356","14629/2025-11-02/1761313356.json"
"1004618","882330","2025-11-02","35.28","AUD","1761313356","14629/2025-11-02/1761313356.json"
"971684","835234","2025-11-02","36.96","AUD","1761313356","14629/2025-11-02/1761313356.json"
"888510","710069","2025-11-02","37.80","AUD","1761313356","14629/2025-11-02/1761313356.json"
"818510","600849","2025-11-02","48.72","AUD","1761313356","14629/2025-11-02/1761313356.json"
"653350","630660","2025-11-03","33.60","AUD","1761313356","14629/2025-11-03/1761313356.json"
"1004618","882330","2025-11-03","35.28","AUD","1761313356","14629/2025-11-03/1761313356.json"
"971684","835234","2025-11-03","36.96","AUD","1761313356","14629/2025-11-03/1761313356.json"
"888510","710069","2025-11-03","37.80","AUD","1761313356","14629/2025-11-03/1761313356.json"
"818510","600849","2025-11-03","48.72","AUD","1761313356","14629/2025-11-03/1761313356.json"
"888510","710069","2025-11-05","37.80","AUD","1761313356","14629/2025-11-05/1761313356.json"
"971684","835234","2025-11-05","38.64","AUD","1761313356","14629/2025-11-05/1761313356.json"
"1004618","882330","2025-11-05","45.36","AUD","1761313356","14629/2025-11-05/1761313356.json"
"888510","710069","2025-11-06","37.80","AUD","1761313356","14629/2025-11-06/1761313356.json"
"971684","835234","2025-11-06","38.64","AUD","1761313356","14629/2025-11-06/1761313356.json"
"1004618","882330","2025-11-06","45.36","AUD","1761313356","14629/2025-11-06/1761313356.json"
"653350","630660","2025-10-28","33.60","AUD","1761324652","14629/2025-10-28/1761324652.json"
"1004618","882330","2025-10-28","35.28","AUD","1761324652","14629/2025-10-28/1761324652.json"
"888510","710069","2025-10-28","37.80","AUD","1761324652","14629/2025-10-28/1761324652.json"
"971684","835234","2025-10-25","36.96","AUD","1761324652","14629/2025-10-25/1761324652.json"
"888510","710069","2025-10-25","37.80","AUD","1761324652","14629/2025-10-25/1761324652.json"
"653350","630660","2025-10-27","33.60","AUD","1761324652","14629/2025-10-27/1761324652.json"
"1004618","882330","2025-10-27","35.28","AUD","1761324652","14629/2025-10-27/1761324652.json"
"888510","710069","2025-10-27","37.80","AUD","1761324652","14629/2025-10-27/1761324652.json"
"1004618","882330","2025-10-26","35.28","AUD","1761324652","14629/2025-10-26/1761324652.json"
"888510","710069","2025-10-26","37.80","AUD","1761324652","14629/2025-10-26/1761324652.json"
"653350","630660","2025-10-29","33.60","AUD","1761324652","14629/2025-10-29/1761324652.json"
"1004618","882330","2025-10-29","35.28","AUD","1761324652","14629/2025-10-29/1761324652.json"
"888510","710069","2025-10-29","37.80","AUD","1761324652","14629/2025-10-29/1761324652.json"
"653350","630660","2025-10-31","33.60","AUD","1761324652","14629/2025-10-31/1761324652.json"
"1004618","882330","2025-10-31","35.28","AUD","1761324652","14629/2025-10-31/1761324652.json"
"888510","710069","2025-10-31","37.80","AUD","1761324652","14629/2025-10-31/1761324652.json"
"653350","630660","2025-11-01","33.60","AUD","1761324652","14629/2025-11-01/1761324652.json"
"1004618","882330","2025-11-01","35.28","AUD","1761324652","14629/2025-11-01/1761324652.json"
"888510","710069","2025-11-01","37.80","AUD","1761324652","14629/2025-11-01/1761324652.json"
"653350","630660","2025-10-30","33.60","AUD","1761324652","14629/2025-10-30/1761324652.json"
"1004618","882330","2025-10-30","35.28","AUD","1761324652","14629/2025-10-30/1761324652.json"
"888510","710069","2025-10-30","37.80","AUD","1761324652","14629/2025-10-30/1761324652.json"
"653350","630660","2025-11-02","33.60","AUD","1761324652","14629/2025-11-02/1761324652.json"
"1004618","882330","2025-11-02","35.28","AUD","1761324652","14629/2025-11-02/1761324652.json"
"971684","835234","2025-11-02","36.96","AUD","1761324652","14629/2025-11-02/1761324652.json"
"888510","710069","2025-11-02","37.80","AUD","1761324652","14629/2025-11-02/1761324652.json"
"818510","600849","2025-11-02","48.72","AUD","1761324652","14629/2025-11-02/1761324652.json"
"888510","710069","2025-11-05","37.80","AUD","1761324652","14629/2025-11-05/1761324652.json"
"971684","835234","2025-11-05","38.64","AUD","1761324652","14629/2025-11-05/1761324652.json"
"1004618","882330","2025-11-05","45.36","AUD","1761324652","14629/2025-11-05/1761324652.json"
"653350","630660","2025-11-03","33.60","AUD","1761324652","14629/2025-11-03/1761324652.json"
"1004618","882330","2025-11-03","35.28","AUD","1761324652","14629/2025-11-03/1761324652.json"
"971684","835234","2025-11-03","36.96","AUD","1761324652","14629/2025-11-03/1761324652.json"
"888510","710069","2025-11-03","37.80","AUD","1761324652","14629/2025-11-03/1761324652.json"
"818510","600849","2025-11-03","48.72","AUD","1761324652","14629/2025-11-03/1761324652.json"
"888510","710069","2025-11-06","37.80","AUD","1761324652","14629/2025-11-06/1761324652.json"
"971684","835234","2025-11-06","38.64","AUD","1761324652","14629/2025-11-06/1761324652.json"
"1004618","882330","2025-11-06","45.36","AUD","1761324652","14629/2025-11-06/1761324652.json"
"653350","630660","2025-11-04","33.60","AUD","1761324652","14629/2025-11-04/1761324652.json"
"1004618","882330","2025-11-04","35.28","AUD","1761324652","14629/2025-11-04/1761324652.json"
"888510","710069","2025-11-04","37.80","AUD","1761324652","14629/2025-11-04/1761324652.json"
"971684","835234","2025-11-04","38.64","AUD","1761324652","14629/2025-11-04/1761324652.json"
"818510","600849","2025-11-04","48.72","AUD","1761324652","14629/2025-11-04/1761324652.json"
"971684","835234","2025-10-25","36.96","AUD","1761338371","14629/2025-10-25/1761338371.json"
"653350","630660","2025-10-27","33.60","AUD","1761338371","14629/2025-10-27/1761338371.json"
"1004618","882330","2025-10-27","35.28","AUD","1761338371","14629/2025-10-27/1761338371.json"
"888510","710069","2025-10-25","37.80","AUD","1761338371","14629/2025-10-25/1761338371.json"
"888510","710069","2025-10-27","37.80","AUD","1761338371","14629/2025-10-27/1761338371.json"
"653350","630660","2025-10-28","33.60","AUD","1761338371","14629/2025-10-28/1761338371.json"
"1004618","882330","2025-10-28","35.28","AUD","1761338371","14629/2025-10-28/1761338371.json"
"888510","710069","2025-10-28","37.80","AUD","1761338371","14629/2025-10-28/1761338371.json"
"1004618","882330","2025-10-26","35.28","AUD","1761338371","14629/2025-10-26/1761338371.json"
"888510","710069","2025-10-26","37.80","AUD","1761338371","14629/2025-10-26/1761338371.json"
"653350","630660","2025-10-30","33.60","AUD","1761338371","14629/2025-10-30/1761338371.json"
"1004618","882330","2025-10-30","35.28","AUD","1761338371","14629/2025-10-30/1761338371.json"
"888510","710069","2025-10-30","37.80","AUD","1761338371","14629/2025-10-30/1761338371.json"
"653350","630660","2025-10-29","33.60","AUD","1761338371","14629/2025-10-29/1761338371.json"
"1004618","882330","2025-10-29","35.28","AUD","1761338371","14629/2025-10-29/1761338371.json"
"888510","710069","2025-10-29","37.80","AUD","1761338371","14629/2025-10-29/1761338371.json"
"653350","630660","2025-11-01","33.60","AUD","1761338371","14629/2025-11-01/1761338371.json"
"653350","630660","2025-10-31","33.60","AUD","1761338371","14629/2025-10-31/1761338371.json"
"1004618","882330","2025-11-01","35.28","AUD","1761338371","14629/2025-11-01/1761338371.json"
"1004618","882330","2025-10-31","35.28","AUD","1761338371","14629/2025-10-31/1761338371.json"
"888510","710069","2025-11-01","37.80","AUD","1761338371","14629/2025-11-01/1761338371.json"
"888510","710069","2025-10-31","37.80","AUD","1761338371","14629/2025-10-31/1761338371.json"
"653350","630660","2025-11-02","33.60","AUD","1761338371","14629/2025-11-02/1761338371.json"
"1004618","882330","2025-11-02","35.28","AUD","1761338371","14629/2025-11-02/1761338371.json"
"971684","835234","2025-11-02","36.96","AUD","1761338371","14629/2025-11-02/1761338371.json"
"888510","710069","2025-11-02","37.80","AUD","1761338371","14629/2025-11-02/1761338371.json"
"818510","600849","2025-11-02","48.72","AUD","1761338371","14629/2025-11-02/1761338371.json"
"653350","630660","2025-11-03","33.60","AUD","1761338371","14629/2025-11-03/1761338371.json"
"1004618","882330","2025-11-03","35.28","AUD","1761338371","14629/2025-11-03/1761338371.json"
"971684","835234","2025-11-03","36.96","AUD","1761338371","14629/2025-11-03/1761338371.json"
"888510","710069","2025-11-03","37.80","AUD","1761338371","14629/2025-11-03/1761338371.json"
"818510","600849","2025-11-03","48.72","AUD","1761338371","14629/2025-11-03/1761338371.json"
"888510","710069","2025-11-05","37.80","AUD","1761338371","14629/2025-11-05/1761338371.json"
"971684","835234","2025-11-05","38.64","AUD","1761338371","14629/2025-11-05/1761338371.json"
"1004618","882330","2025-11-05","45.36","AUD","1761338371","14629/2025-11-05/1761338371.json"
"653350","630660","2025-11-04","33.60","AUD","1761338371","14629/2025-11-04/1761338371.json"
"1004618","882330","2025-11-04","35.28","AUD","1761338371","14629/2025-11-04/1761338371.json"
"888510","710069","2025-11-04","37.80","AUD","1761338371","14629/2025-11-04/1761338371.json"
"971684","835234","2025-11-04","38.64","AUD","1761338371","14629/2025-11-04/1761338371.json"
"818510","600849","2025-11-04","48.72","AUD","1761338371","14629/2025-11-04/1761338371.json"
"888510","710069","2025-11-06","37.80","AUD","1761338371","14629/2025-11-06/1761338371.json"
"971684","835234","2025-11-06","38.64","AUD","1761338371","14629/2025-11-06/1761338371.json"
"1004618","882330","2025-11-06","45.36","AUD","1761338371","14629/2025-11-06/1761338371.json"
"885717","706057","2025-10-25","33.60","AUD","1761362479","14629/2025-10-25/1761362479.json"
"885717","706057","2025-10-26","33.60","AUD","1761362479","14629/2025-10-26/1761362479.json"
"1004618","882330","2025-10-27","35.28","AUD","1761362479","14629/2025-10-27/1761362479.json"
"1004618","882330","2025-10-26","35.28","AUD","1761362479","14629/2025-10-26/1761362479.json"
"818510","600849","2025-10-27","48.72","AUD","1761362479","14629/2025-10-27/1761362479.json"
"818510","600849","2025-10-26","48.72","AUD","1761362479","14629/2025-10-26/1761362479.json"
"1004618","882330","2025-10-28","35.28","AUD","1761362479","14629/2025-10-28/1761362479.json"
"818510","600849","2025-10-28","48.72","AUD","1761362479","14629/2025-10-28/1761362479.json"
"653350","630660","2025-10-30","33.60","AUD","1761362479","14629/2025-10-30/1761362479.json"
"1004618","882330","2025-10-30","35.28","AUD","1761362479","14629/2025-10-30/1761362479.json"
"818510","600849","2025-10-30","48.72","AUD","1761362479","14629/2025-10-30/1761362479.json"
"653350","630660","2025-10-29","33.60","AUD","1761362479","14629/2025-10-29/1761362479.json"
"1004618","882330","2025-10-29","35.28","AUD","1761362479","14629/2025-10-29/1761362479.json"
"818510","600849","2025-10-29","48.72","AUD","1761362479","14629/2025-10-29/1761362479.json"
"653350","630660","2025-10-31","33.60","AUD","1761362479","14629/2025-10-31/1761362479.json"
"1004618","882330","2025-10-31","35.28","AUD","1761362479","14629/2025-10-31/1761362479.json"
"818510","600849","2025-10-31","48.72","AUD","1761362479","14629/2025-10-31/1761362479.json"
"653350","630660","2025-11-01","33.60","AUD","1761362479","14629/2025-11-01/1761362479.json"
"1004618","882330","2025-11-01","35.28","AUD","1761362479","14629/2025-11-01/1761362479.json"
"818510","600849","2025-11-01","48.72","AUD","1761362479","14629/2025-11-01/1761362479.json"
"653350","630660","2025-11-02","33.60","AUD","1761362479","14629/2025-11-02/1761362479.json"
"1004618","882330","2025-11-02","35.28","AUD","1761362479","14629/2025-11-02/1761362479.json"
"971684","835234","2025-11-02","36.96","AUD","1761362479","14629/2025-11-02/1761362479.json"
"818510","600849","2025-11-02","48.72","AUD","1761362479","14629/2025-11-02/1761362479.json"
"653350","630660","2025-11-03","33.60","AUD","1761362479","14629/2025-11-03/1761362479.json"
"1004618","882330","2025-11-03","35.28","AUD","1761362479","14629/2025-11-03/1761362479.json"
"971684","835234","2025-11-03","36.96","AUD","1761362479","14629/2025-11-03/1761362479.json"
"818510","600849","2025-11-03","48.72","AUD","1761362479","14629/2025-11-03/1761362479.json"
"653350","630660","2025-11-04","33.60","AUD","1761362479","14629/2025-11-04/1761362479.json"
"1004618","882330","2025-11-04","35.28","AUD","1761362479","14629/2025-11-04/1761362479.json"
"971684","835234","2025-11-04","38.64","AUD","1761362479","14629/2025-11-04/1761362479.json"
"818510","600849","2025-11-04","48.72","AUD","1761362479","14629/2025-11-04/1761362479.json"
"653350","630660","2025-11-05","33.60","AUD","1761362479","14629/2025-11-05/1761362479.json"
"971684","835234","2025-11-05","38.64","AUD","1761362479","14629/2025-11-05/1761362479.json"
"1004618","882330","2025-11-05","45.36","AUD","1761362479","14629/2025-11-05/1761362479.json"
"818510","600849","2025-11-05","48.72","AUD","1761362479","14629/2025-11-05/1761362479.json"
"653350","630660","2025-11-07","33.60","AUD","1761362479","14629/2025-11-07/1761362479.json"
"818510","600849","2025-11-07","48.72","AUD","1761362479","14629/2025-11-07/1761362479.json"
"653350","630660","2025-11-06","33.60","AUD","1761362479","14629/2025-11-06/1761362479.json"
"971684","835234","2025-11-06","38.64","AUD","1761362479","14629/2025-11-06/1761362479.json"
"1004618","882330","2025-11-06","45.36","AUD","1761362479","14629/2025-11-06/1761362479.json"
"818510","600849","2025-11-06","48.72","AUD","1761362479","14629/2025-11-06/1761362479.json"
"885717","706057","2025-10-25","33.60","AUD","1761367441","14629/2025-10-25/1761367441.json"
"1004618","882330","2025-10-27","35.28","AUD","1761367441","14629/2025-10-27/1761367441.json"
"818510","600849","2025-10-27","48.72","AUD","1761367441","14629/2025-10-27/1761367441.json"
"885717","706057","2025-10-26","33.60","AUD","1761367441","14629/2025-10-26/1761367441.json"
"1004618","882330","2025-10-26","35.28","AUD","1761367441","14629/2025-10-26/1761367441.json"
"818510","600849","2025-10-26","48.72","AUD","1761367441","14629/2025-10-26/1761367441.json"
"653350","630660","2025-10-29","33.60","AUD","1761367441","14629/2025-10-29/1761367441.json"
"1004618","882330","2025-10-29","35.28","AUD","1761367441","14629/2025-10-29/1761367441.json"
"818510","600849","2025-10-29","48.72","AUD","1761367441","14629/2025-10-29/1761367441.json"
"653350","630660","2025-10-30","33.60","AUD","1761367441","14629/2025-10-30/1761367441.json"
"1004618","882330","2025-10-30","35.28","AUD","1761367441","14629/2025-10-30/1761367441.json"
"818510","600849","2025-10-30","48.72","AUD","1761367441","14629/2025-10-30/1761367441.json"
"653350","630660","2025-10-31","33.60","AUD","1761367441","14629/2025-10-31/1761367441.json"
"1004618","882330","2025-10-31","35.28","AUD","1761367441","14629/2025-10-31/1761367441.json"
"818510","600849","2025-10-31","48.72","AUD","1761367441","14629/2025-10-31/1761367441.json"
"1004618","882330","2025-10-28","35.28","AUD","1761367441","14629/2025-10-28/1761367441.json"
"818510","600849","2025-10-28","48.72","AUD","1761367441","14629/2025-10-28/1761367441.json"
"653350","630660","2025-11-02","33.60","AUD","1761367441","14629/2025-11-02/1761367441.json"
"1004618","882330","2025-11-02","35.28","AUD","1761367441","14629/2025-11-02/1761367441.json"
"971684","835234","2025-11-02","36.96","AUD","1761367441","14629/2025-11-02/1761367441.json"
"818510","600849","2025-11-02","48.72","AUD","1761367441","14629/2025-11-02/1761367441.json"
"653350","630660","2025-11-03","33.60","AUD","1761367441","14629/2025-11-03/1761367441.json"
"1004618","882330","2025-11-03","35.28","AUD","1761367441","14629/2025-11-03/1761367441.json"
"971684","835234","2025-11-03","36.96","AUD","1761367441","14629/2025-11-03/1761367441.json"
"818510","600849","2025-11-03","48.72","AUD","1761367441","14629/2025-11-03/1761367441.json"
"653350","630660","2025-11-01","33.60","AUD","1761367441","14629/2025-11-01/1761367441.json"
"1004618","882330","2025-11-01","35.28","AUD","1761367441","14629/2025-11-01/1761367441.json"
"818510","600849","2025-11-01","48.72","AUD","1761367441","14629/2025-11-01/1761367441.json"
"653350","630660","2025-11-04","33.60","AUD","1761367441","14629/2025-11-04/1761367441.json"
"1004618","882330","2025-11-04","35.28","AUD","1761367441","14629/2025-11-04/1761367441.json"
"971684","835234","2025-11-04","38.64","AUD","1761367441","14629/2025-11-04/1761367441.json"
"818510","600849","2025-11-04","48.72","AUD","1761367441","14629/2025-11-04/1761367441.json"
"653350","630660","2025-11-05","33.60","AUD","1761367441","14629/2025-11-05/1761367441.json"
"971684","835234","2025-11-05","38.64","AUD","1761367441","14629/2025-11-05/1761367441.json"
"1004618","882330","2025-11-05","45.36","AUD","1761367441","14629/2025-11-05/1761367441.json"
"818510","600849","2025-11-05","48.72","AUD","1761367441","14629/2025-11-05/1761367441.json"
"653350","630660","2025-11-06","33.60","AUD","1761367441","14629/2025-11-06/1761367441.json"
"971684","835234","2025-11-06","38.64","AUD","1761367441","14629/2025-11-06/1761367441.json"
"1004618","882330","2025-11-06","45.36","AUD","1761367441","14629/2025-11-06/1761367441.json"
"818510","600849","2025-11-06","48.72","AUD","1761367441","14629/2025-11-06/1761367441.json"
"653350","630660","2025-11-07","33.60","AUD","1761367441","14629/2025-11-07/1761367441.json"
"818510","600849","2025-11-07","48.72","AUD","1761367441","14629/2025-11-07/1761367441.json"
"1004618","882330","2025-10-28","35.28","AUD","1761381975","14629/2025-10-28/1761381975.json"
"818510","600849","2025-10-28","48.72","AUD","1761381975","14629/2025-10-28/1761381975.json"
"818510","600849","2025-10-26","48.72","AUD","1761381975","14629/2025-10-26/1761381975.json"
"818510","600849","2025-10-27","48.72","AUD","1761381975","14629/2025-10-27/1761381975.json"
"653350","630660","2025-10-29","33.60","AUD","1761381975","14629/2025-10-29/1761381975.json"
"1004618","882330","2025-10-29","35.28","AUD","1761381975","14629/2025-10-29/1761381975.json"
"818510","600849","2025-10-29","48.72","AUD","1761381975","14629/2025-10-29/1761381975.json"
"653350","630660","2025-10-30","33.60","AUD","1761381975","14629/2025-10-30/1761381975.json"
"1004618","882330","2025-10-30","35.28","AUD","1761381975","14629/2025-10-30/1761381975.json"
"818510","600849","2025-10-30","48.72","AUD","1761381975","14629/2025-10-30/1761381975.json"
"653350","630660","2025-10-31","33.60","AUD","1761381975","14629/2025-10-31/1761381975.json"
"1004618","882330","2025-10-31","35.28","AUD","1761381975","14629/2025-10-31/1761381975.json"
"818510","600849","2025-10-31","48.72","AUD","1761381975","14629/2025-10-31/1761381975.json"
"653350","630660","2025-11-01","33.60","AUD","1761381975","14629/2025-11-01/1761381975.json"
"1004618","882330","2025-11-01","35.28","AUD","1761381975","14629/2025-11-01/1761381975.json"
"818510","600849","2025-11-01","48.72","AUD","1761381975","14629/2025-11-01/1761381975.json"
"653350","630660","2025-11-02","33.60","AUD","1761381975","14629/2025-11-02/1761381975.json"
"1004618","882330","2025-11-02","35.28","AUD","1761381975","14629/2025-11-02/1761381975.json"
"971684","835234","2025-11-02","36.96","AUD","1761381975","14629/2025-11-02/1761381975.json"
"818510","600849","2025-11-02","48.72","AUD","1761381975","14629/2025-11-02/1761381975.json"
"653350","630660","2025-11-04","33.60","AUD","1761381975","14629/2025-11-04/1761381975.json"
"653350","630660","2025-11-05","33.60","AUD","1761381975","14629/2025-11-05/1761381975.json"
"1004618","882330","2025-11-04","35.28","AUD","1761381975","14629/2025-11-04/1761381975.json"
"971684","835234","2025-11-05","38.64","AUD","1761381975","14629/2025-11-05/1761381975.json"
"1004618","882330","2025-11-05","45.36","AUD","1761381975","14629/2025-11-05/1761381975.json"
"971684","835234","2025-11-04","38.64","AUD","1761381975","14629/2025-11-04/1761381975.json"
"818510","600849","2025-11-05","48.72","AUD","1761381975","14629/2025-11-05/1761381975.json"
"818510","600849","2025-11-04","48.72","AUD","1761381975","14629/2025-11-04/1761381975.json"
"653350","630660","2025-11-03","33.60","AUD","1761381975","14629/2025-11-03/1761381975.json"
"1004618","882330","2025-11-03","35.28","AUD","1761381975","14629/2025-11-03/1761381975.json"
"971684","835234","2025-11-03","36.96","AUD","1761381975","14629/2025-11-03/1761381975.json"
"818510","600849","2025-11-03","48.72","AUD","1761381975","14629/2025-11-03/1761381975.json"
"653350","630660","2025-11-06","33.60","AUD","1761381975","14629/2025-11-06/1761381975.json"
"971684","835234","2025-11-06","38.64","AUD","1761381975","14629/2025-11-06/1761381975.json"
"1004618","882330","2025-11-06","45.36","AUD","1761381975","14629/2025-11-06/1761381975.json"
"818510","600849","2025-11-06","48.72","AUD","1761381975","14629/2025-11-06/1761381975.json"
"653350","630660","2025-11-07","33.60","AUD","1761381975","14629/2025-11-07/1761381975.json"
"818510","600849","2025-11-07","48.72","AUD","1761381975","14629/2025-11-07/1761381975.json"
"1004618","882330","2025-10-28","35.28","AUD","1761397804","14629/2025-10-28/1761397804.json"
"818510","600849","2025-10-26","48.72","AUD","1761397804","14629/2025-10-26/1761397804.json"
"818510","600849","2025-10-28","48.72","AUD","1761397804","14629/2025-10-28/1761397804.json"
"818510","600849","2025-10-27","48.72","AUD","1761397804","14629/2025-10-27/1761397804.json"
"653350","630660","2025-10-29","33.60","AUD","1761397804","14629/2025-10-29/1761397804.json"
"1004618","882330","2025-10-29","35.28","AUD","1761397804","14629/2025-10-29/1761397804.json"
"818510","600849","2025-10-29","48.72","AUD","1761397804","14629/2025-10-29/1761397804.json"
"653350","630660","2025-10-31","33.60","AUD","1761397804","14629/2025-10-31/1761397804.json"
"1004618","882330","2025-10-31","35.28","AUD","1761397804","14629/2025-10-31/1761397804.json"
"818510","600849","2025-10-31","48.72","AUD","1761397804","14629/2025-10-31/1761397804.json"
"653350","630660","2025-11-02","33.60","AUD","1761397804","14629/2025-11-02/1761397804.json"
"1004618","882330","2025-11-02","35.28","AUD","1761397804","14629/2025-11-02/1761397804.json"
"971684","835234","2025-11-02","36.96","AUD","1761397804","14629/2025-11-02/1761397804.json"
"818510","600849","2025-11-02","48.72","AUD","1761397804","14629/2025-11-02/1761397804.json"
"653350","630660","2025-11-01","33.60","AUD","1761397804","14629/2025-11-01/1761397804.json"
"1004618","882330","2025-11-01","35.28","AUD","1761397804","14629/2025-11-01/1761397804.json"
"818510","600849","2025-11-01","48.72","AUD","1761397804","14629/2025-11-01/1761397804.json"
"653350","630660","2025-10-30","33.60","AUD","1761397804","14629/2025-10-30/1761397804.json"
"1004618","882330","2025-10-30","35.28","AUD","1761397804","14629/2025-10-30/1761397804.json"
"818510","600849","2025-10-30","48.72","AUD","1761397804","14629/2025-10-30/1761397804.json"
"653350","630660","2025-11-03","33.60","AUD","1761397804","14629/2025-11-03/1761397804.json"
"1004618","882330","2025-11-03","35.28","AUD","1761397804","14629/2025-11-03/1761397804.json"
"971684","835234","2025-11-03","36.96","AUD","1761397804","14629/2025-11-03/1761397804.json"
"818510","600849","2025-11-03","48.72","AUD","1761397804","14629/2025-11-03/1761397804.json"
"653350","630660","2025-11-04","33.60","AUD","1761397804","14629/2025-11-04/1761397804.json"
"1004618","882330","2025-11-04","35.28","AUD","1761397804","14629/2025-11-04/1761397804.json"
"971684","835234","2025-11-04","38.64","AUD","1761397804","14629/2025-11-04/1761397804.json"
"818510","600849","2025-11-04","48.72","AUD","1761397804","14629/2025-11-04/1761397804.json"
"653350","630660","2025-11-05","33.60","AUD","1761397804","14629/2025-11-05/1761397804.json"
"971684","835234","2025-11-05","38.64","AUD","1761397804","14629/2025-11-05/1761397804.json"
"1004618","882330","2025-11-05","45.36","AUD","1761397804","14629/2025-11-05/1761397804.json"
"818510","600849","2025-11-05","48.72","AUD","1761397804","14629/2025-11-05/1761397804.json"
"653350","630660","2025-11-06","33.60","AUD","1761397804","14629/2025-11-06/1761397804.json"
"971684","835234","2025-11-06","38.64","AUD","1761397804","14629/2025-11-06/1761397804.json"
"1004618","882330","2025-11-06","45.36","AUD","1761397804","14629/2025-11-06/1761397804.json"
"818510","600849","2025-11-06","48.72","AUD","1761397804","14629/2025-11-06/1761397804.json"
"653350","630660","2025-11-07","33.60","AUD","1761397804","14629/2025-11-07/1761397804.json"
"818510","600849","2025-11-07","48.72","AUD","1761397804","14629/2025-11-07/1761397804.json"
"818510","600849","2025-10-27","48.72","AUD","1761410885","14629/2025-10-27/1761410885.json"
"818510","600849","2025-10-26","48.72","AUD","1761410885","14629/2025-10-26/1761410885.json"
"653350","630660","2025-10-29","33.60","AUD","1761410885","14629/2025-10-29/1761410885.json"
"1004618","882330","2025-10-29","35.28","AUD","1761410885","14629/2025-10-29/1761410885.json"
"818510","600849","2025-10-29","48.72","AUD","1761410885","14629/2025-10-29/1761410885.json"
"1004618","882330","2025-10-28","35.28","AUD","1761410885","14629/2025-10-28/1761410885.json"
"818510","600849","2025-10-28","48.72","AUD","1761410885","14629/2025-10-28/1761410885.json"
"653350","630660","2025-10-31","33.60","AUD","1761410885","14629/2025-10-31/1761410885.json"
"1004618","882330","2025-10-31","35.28","AUD","1761410885","14629/2025-10-31/1761410885.json"
"818510","600849","2025-10-31","48.72","AUD","1761410885","14629/2025-10-31/1761410885.json"
"653350","630660","2025-11-01","33.60","AUD","1761410885","14629/2025-11-01/1761410885.json"
"1004618","882330","2025-11-01","35.28","AUD","1761410885","14629/2025-11-01/1761410885.json"
"818510","600849","2025-11-01","48.72","AUD","1761410885","14629/2025-11-01/1761410885.json"
"653350","630660","2025-10-30","33.60","AUD","1761410885","14629/2025-10-30/1761410885.json"
"1004618","882330","2025-10-30","35.28","AUD","1761410885","14629/2025-10-30/1761410885.json"
"818510","600849","2025-10-30","48.72","AUD","1761410885","14629/2025-10-30/1761410885.json"
"653350","630660","2025-11-03","33.60","AUD","1761410885","14629/2025-11-03/1761410885.json"
"1004618","882330","2025-11-03","35.28","AUD","1761410885","14629/2025-11-03/1761410885.json"
"971684","835234","2025-11-03","36.96","AUD","1761410885","14629/2025-11-03/1761410885.json"
"818510","600849","2025-11-03","48.72","AUD","1761410885","14629/2025-11-03/1761410885.json"
"653350","630660","2025-11-02","33.60","AUD","1761410885","14629/2025-11-02/1761410885.json"
"1004618","882330","2025-11-02","35.28","AUD","1761410885","14629/2025-11-02/1761410885.json"
"971684","835234","2025-11-02","36.96","AUD","1761410885","14629/2025-11-02/1761410885.json"
"818510","600849","2025-11-02","48.72","AUD","1761410885","14629/2025-11-02/1761410885.json"
"653350","630660","2025-11-04","33.60","AUD","1761410885","14629/2025-11-04/1761410885.json"
"1004618","882330","2025-11-04","35.28","AUD","1761410885","14629/2025-11-04/1761410885.json"
"971684","835234","2025-11-04","38.64","AUD","1761410885","14629/2025-11-04/1761410885.json"
"818510","600849","2025-11-04","48.72","AUD","1761410885","14629/2025-11-04/1761410885.json"
"653350","630660","2025-11-05","33.60","AUD","1761410885","14629/2025-11-05/1761410885.json"
"971684","835234","2025-11-05","38.64","AUD","1761410885","14629/2025-11-05/1761410885.json"
"1004618","882330","2025-11-05","45.36","AUD","1761410885","14629/2025-11-05/1761410885.json"
"818510","600849","2025-11-05","48.72","AUD","1761410885","14629/2025-11-05/1761410885.json"
"653350","630660","2025-11-07","33.60","AUD","1761410885","14629/2025-11-07/1761410885.json"
"818510","600849","2025-11-07","48.72","AUD","1761410885","14629/2025-11-07/1761410885.json"
"653350","630660","2025-11-06","33.60","AUD","1761410885","14629/2025-11-06/1761410885.json"
"971684","835234","2025-11-06","38.64","AUD","1761410885","14629/2025-11-06/1761410885.json"
"1004618","882330","2025-11-06","45.36","AUD","1761410885","14629/2025-11-06/1761410885.json"
"818510","600849","2025-11-06","48.72","AUD","1761410885","14629/2025-11-06/1761410885.json"
"818510","600849","2025-10-27","48.72","AUD","1761424791","14629/2025-10-27/1761424791.json"
"1004618","882330","2025-10-28","35.28","AUD","1761424791","14629/2025-10-28/1761424791.json"
"818510","600849","2025-10-28","48.72","AUD","1761424791","14629/2025-10-28/1761424791.json"
"818510","600849","2025-10-26","48.72","AUD","1761424791","14629/2025-10-26/1761424791.json"
"653350","630660","2025-10-29","33.60","AUD","1761424791","14629/2025-10-29/1761424791.json"
"1004618","882330","2025-10-29","35.28","AUD","1761424791","14629/2025-10-29/1761424791.json"
"818510","600849","2025-10-29","48.72","AUD","1761424791","14629/2025-10-29/1761424791.json"
"653350","630660","2025-11-01","33.60","AUD","1761424791","14629/2025-11-01/1761424791.json"
"1004618","882330","2025-11-01","35.28","AUD","1761424791","14629/2025-11-01/1761424791.json"
"818510","600849","2025-11-01","48.72","AUD","1761424791","14629/2025-11-01/1761424791.json"
"653350","630660","2025-10-30","33.60","AUD","1761424791","14629/2025-10-30/1761424791.json"
"1004618","882330","2025-10-30","35.28","AUD","1761424791","14629/2025-10-30/1761424791.json"
"818510","600849","2025-10-30","48.72","AUD","1761424791","14629/2025-10-30/1761424791.json"
"653350","630660","2025-11-02","33.60","AUD","1761424791","14629/2025-11-02/1761424791.json"
"1004618","882330","2025-11-02","35.28","AUD","1761424791","14629/2025-11-02/1761424791.json"
"971684","835234","2025-11-02","36.96","AUD","1761424791","14629/2025-11-02/1761424791.json"
"818510","600849","2025-11-02","48.72","AUD","1761424791","14629/2025-11-02/1761424791.json"
"653350","630660","2025-10-31","33.60","AUD","1761424791","14629/2025-10-31/1761424791.json"
"1004618","882330","2025-10-31","35.28","AUD","1761424791","14629/2025-10-31/1761424791.json"
"818510","600849","2025-10-31","48.72","AUD","1761424791","14629/2025-10-31/1761424791.json"
"653350","630660","2025-11-04","33.60","AUD","1761424791","14629/2025-11-04/1761424791.json"
"1004618","882330","2025-11-04","35.28","AUD","1761424791","14629/2025-11-04/1761424791.json"
"971684","835234","2025-11-04","38.64","AUD","1761424791","14629/2025-11-04/1761424791.json"
"818510","600849","2025-11-04","48.72","AUD","1761424791","14629/2025-11-04/1761424791.json"
"653350","630660","2025-11-03","33.60","AUD","1761424791","14629/2025-11-03/1761424791.json"
"1004618","882330","2025-11-03","35.28","AUD","1761424791","14629/2025-11-03/1761424791.json"
"971684","835234","2025-11-03","36.96","AUD","1761424791","14629/2025-11-03/1761424791.json"
"818510","600849","2025-11-03","48.72","AUD","1761424791","14629/2025-11-03/1761424791.json"
"653350","630660","2025-11-05","33.60","AUD","1761424791","14629/2025-11-05/1761424791.json"
"971684","835234","2025-11-05","38.64","AUD","1761424791","14629/2025-11-05/1761424791.json"
"1004618","882330","2025-11-05","45.36","AUD","1761424791","14629/2025-11-05/1761424791.json"
"818510","600849","2025-11-05","48.72","AUD","1761424791","14629/2025-11-05/1761424791.json"
"653350","630660","2025-11-06","33.60","AUD","1761424791","14629/2025-11-06/1761424791.json"
"971684","835234","2025-11-06","38.64","AUD","1761424791","14629/2025-11-06/1761424791.json"
"1004618","882330","2025-11-06","45.36","AUD","1761424791","14629/2025-11-06/1761424791.json"
"818510","600849","2025-11-06","48.72","AUD","1761424791","14629/2025-11-06/1761424791.json"
"653350","630660","2025-11-07","33.60","AUD","1761424791","14629/2025-11-07/1761424791.json"
"818510","600849","2025-11-07","48.72","AUD","1761424791","14629/2025-11-07/1761424791.json"
"1004618","882330","2025-10-28","35.28","AUD","1761449657","14629/2025-10-28/1761449657.json"
"818510","600849","2025-10-28","48.72","AUD","1761449657","14629/2025-10-28/1761449657.json"
"818510","600849","2025-10-27","48.72","AUD","1761449657","14629/2025-10-27/1761449657.json"
"653350","630660","2025-10-29","33.60","AUD","1761449657","14629/2025-10-29/1761449657.json"
"1004618","882330","2025-10-29","35.28","AUD","1761449657","14629/2025-10-29/1761449657.json"
"818510","600849","2025-10-29","48.72","AUD","1761449657","14629/2025-10-29/1761449657.json"
"653350","630660","2025-10-30","33.60","AUD","1761449657","14629/2025-10-30/1761449657.json"
"1004618","882330","2025-10-30","35.28","AUD","1761449657","14629/2025-10-30/1761449657.json"
"818510","600849","2025-10-30","48.72","AUD","1761449657","14629/2025-10-30/1761449657.json"
"653350","630660","2025-10-31","33.60","AUD","1761449657","14629/2025-10-31/1761449657.json"
"1004618","882330","2025-10-31","35.28","AUD","1761449657","14629/2025-10-31/1761449657.json"
"818510","600849","2025-10-31","48.72","AUD","1761449657","14629/2025-10-31/1761449657.json"
"653350","630660","2025-11-01","33.60","AUD","1761449657","14629/2025-11-01/1761449657.json"
"1004618","882330","2025-11-01","35.28","AUD","1761449657","14629/2025-11-01/1761449657.json"
"818510","600849","2025-11-01","48.72","AUD","1761449657","14629/2025-11-01/1761449657.json"
"653350","630660","2025-11-02","33.60","AUD","1761449657","14629/2025-11-02/1761449657.json"
"1004618","882330","2025-11-02","35.28","AUD","1761449657","14629/2025-11-02/1761449657.json"
"971684","835234","2025-11-02","36.96","AUD","1761449657","14629/2025-11-02/1761449657.json"
"818510","600849","2025-11-02","48.72","AUD","1761449657","14629/2025-11-02/1761449657.json"
"653350","630660","2025-11-03","33.60","AUD","1761449657","14629/2025-11-03/1761449657.json"
"1004618","882330","2025-11-03","35.28","AUD","1761449657","14629/2025-11-03/1761449657.json"
"971684","835234","2025-11-03","36.96","AUD","1761449657","14629/2025-11-03/1761449657.json"
"818510","600849","2025-11-03","48.72","AUD","1761449657","14629/2025-11-03/1761449657.json"
"653350","630660","2025-11-04","33.60","AUD","1761449657","14629/2025-11-04/1761449657.json"
"1004618","882330","2025-11-04","35.28","AUD","1761449657","14629/2025-11-04/1761449657.json"
"971684","835234","2025-11-04","38.64","AUD","1761449657","14629/2025-11-04/1761449657.json"
"818510","600849","2025-11-04","48.72","AUD","1761449657","14629/2025-11-04/1761449657.json"
"653350","630660","2025-11-05","33.60","AUD","1761449657","14629/2025-11-05/1761449657.json"
"971684","835234","2025-11-05","38.64","AUD","1761449657","14629/2025-11-05/1761449657.json"
"1004618","882330","2025-11-05","45.36","AUD","1761449657","14629/2025-11-05/1761449657.json"
"818510","600849","2025-11-05","48.72","AUD","1761449657","14629/2025-11-05/1761449657.json"
"653350","630660","2025-11-06","33.60","AUD","1761449657","14629/2025-11-06/1761449657.json"
"971684","835234","2025-11-06","38.64","AUD","1761449657","14629/2025-11-06/1761449657.json"
"1004618","882330","2025-11-06","45.36","AUD","1761449657","14629/2025-11-06/1761449657.json"
"818510","600849","2025-11-06","48.72","AUD","1761449657","14629/2025-11-06/1761449657.json"
"653350","630660","2025-11-07","33.60","AUD","1761449657","14629/2025-11-07/1761449657.json"
"818510","600849","2025-11-07","48.72","AUD","1761449657","14629/2025-11-07/1761449657.json"
"653350","630660","2025-10-29","33.60","AUD","1761453752","14629/2025-10-29/1761453752.json"
"1004618","882330","2025-10-29","35.28","AUD","1761453752","14629/2025-10-29/1761453752.json"
"818510","600849","2025-10-29","48.72","AUD","1761453752","14629/2025-10-29/1761453752.json"
"1004618","882330","2025-10-28","35.28","AUD","1761453752","14629/2025-10-28/1761453752.json"
"818510","600849","2025-10-28","48.72","AUD","1761453752","14629/2025-10-28/1761453752.json"
"818510","600849","2025-10-27","48.72","AUD","1761453752","14629/2025-10-27/1761453752.json"
"653350","630660","2025-10-30","33.60","AUD","1761453752","14629/2025-10-30/1761453752.json"
"1004618","882330","2025-10-30","35.28","AUD","1761453752","14629/2025-10-30/1761453752.json"
"818510","600849","2025-10-30","48.72","AUD","1761453752","14629/2025-10-30/1761453752.json"
"653350","630660","2025-10-31","33.60","AUD","1761453752","14629/2025-10-31/1761453752.json"
"1004618","882330","2025-10-31","35.28","AUD","1761453752","14629/2025-10-31/1761453752.json"
"818510","600849","2025-10-31","48.72","AUD","1761453752","14629/2025-10-31/1761453752.json"
"653350","630660","2025-11-03","33.60","AUD","1761453752","14629/2025-11-03/1761453752.json"
"1004618","882330","2025-11-03","35.28","AUD","1761453752","14629/2025-11-03/1761453752.json"
"971684","835234","2025-11-03","36.96","AUD","1761453752","14629/2025-11-03/1761453752.json"
"818510","600849","2025-11-03","48.72","AUD","1761453752","14629/2025-11-03/1761453752.json"
"653350","630660","2025-11-02","33.60","AUD","1761453752","14629/2025-11-02/1761453752.json"
"1004618","882330","2025-11-02","35.28","AUD","1761453752","14629/2025-11-02/1761453752.json"
"971684","835234","2025-11-02","36.96","AUD","1761453752","14629/2025-11-02/1761453752.json"
"818510","600849","2025-11-02","48.72","AUD","1761453752","14629/2025-11-02/1761453752.json"
"653350","630660","2025-11-04","33.60","AUD","1761453752","14629/2025-11-04/1761453752.json"
"1004618","882330","2025-11-04","35.28","AUD","1761453752","14629/2025-11-04/1761453752.json"
"971684","835234","2025-11-04","38.64","AUD","1761453752","14629/2025-11-04/1761453752.json"
"818510","600849","2025-11-04","48.72","AUD","1761453752","14629/2025-11-04/1761453752.json"
"653350","630660","2025-11-01","33.60","AUD","1761453752","14629/2025-11-01/1761453752.json"
"1004618","882330","2025-11-01","35.28","AUD","1761453752","14629/2025-11-01/1761453752.json"
"818510","600849","2025-11-01","48.72","AUD","1761453752","14629/2025-11-01/1761453752.json"
"653350","630660","2025-11-05","33.60","AUD","1761453752","14629/2025-11-05/1761453752.json"
"971684","835234","2025-11-05","38.64","AUD","1761453752","14629/2025-11-05/1761453752.json"
"1004618","882330","2025-11-05","45.36","AUD","1761453752","14629/2025-11-05/1761453752.json"
"818510","600849","2025-11-05","48.72","AUD","1761453752","14629/2025-11-05/1761453752.json"
"653350","630660","2025-11-06","33.60","AUD","1761453752","14629/2025-11-06/1761453752.json"
"971684","835234","2025-11-06","38.64","AUD","1761453752","14629/2025-11-06/1761453752.json"
"1004618","882330","2025-11-06","45.36","AUD","1761453752","14629/2025-11-06/1761453752.json"
"818510","600849","2025-11-06","48.72","AUD","1761453752","14629/2025-11-06/1761453752.json"
"653350","630660","2025-11-07","33.60","AUD","1761453752","14629/2025-11-07/1761453752.json"
"818510","600849","2025-11-07","48.72","AUD","1761453752","14629/2025-11-07/1761453752.json"
"1004618","882330","2025-10-28","35.28","AUD","1761468186","14629/2025-10-28/1761468186.json"
"818510","600849","2025-10-28","48.72","AUD","1761468186","14629/2025-10-28/1761468186.json"
"818510","600849","2025-10-27","48.72","AUD","1761468186","14629/2025-10-27/1761468186.json"
"653350","630660","2025-10-29","33.60","AUD","1761468186","14629/2025-10-29/1761468186.json"
"1004618","882330","2025-10-29","35.28","AUD","1761468186","14629/2025-10-29/1761468186.json"
"818510","600849","2025-10-29","48.72","AUD","1761468186","14629/2025-10-29/1761468186.json"
"653350","630660","2025-10-31","33.60","AUD","1761468186","14629/2025-10-31/1761468186.json"
"1004618","882330","2025-10-31","35.28","AUD","1761468186","14629/2025-10-31/1761468186.json"
"818510","600849","2025-10-31","48.72","AUD","1761468186","14629/2025-10-31/1761468186.json"
"653350","630660","2025-11-01","33.60","AUD","1761468186","14629/2025-11-01/1761468186.json"
"1004618","882330","2025-11-01","35.28","AUD","1761468186","14629/2025-11-01/1761468186.json"
"818510","600849","2025-11-01","48.72","AUD","1761468186","14629/2025-11-01/1761468186.json"
"653350","630660","2025-11-02","33.60","AUD","1761468186","14629/2025-11-02/1761468186.json"
"1004618","882330","2025-11-02","35.28","AUD","1761468186","14629/2025-11-02/1761468186.json"
"971684","835234","2025-11-02","36.96","AUD","1761468186","14629/2025-11-02/1761468186.json"
"818510","600849","2025-11-02","48.72","AUD","1761468186","14629/2025-11-02/1761468186.json"
"653350","630660","2025-10-30","33.60","AUD","1761468186","14629/2025-10-30/1761468186.json"
"1004618","882330","2025-10-30","35.28","AUD","1761468186","14629/2025-10-30/1761468186.json"
"818510","600849","2025-10-30","48.72","AUD","1761468186","14629/2025-10-30/1761468186.json"
"653350","630660","2025-11-03","33.60","AUD","1761468186","14629/2025-11-03/1761468186.json"
"1004618","882330","2025-11-03","35.28","AUD","1761468186","14629/2025-11-03/1761468186.json"
"971684","835234","2025-11-03","36.96","AUD","1761468186","14629/2025-11-03/1761468186.json"
"818510","600849","2025-11-03","48.72","AUD","1761468186","14629/2025-11-03/1761468186.json"
"653350","630660","2025-11-04","33.60","AUD","1761468186","14629/2025-11-04/1761468186.json"
"1004618","882330","2025-11-04","35.28","AUD","1761468186","14629/2025-11-04/1761468186.json"
"971684","835234","2025-11-04","38.64","AUD","1761468186","14629/2025-11-04/1761468186.json"
"818510","600849","2025-11-04","48.72","AUD","1761468186","14629/2025-11-04/1761468186.json"
"653350","630660","2025-11-06","33.60","AUD","1761468186","14629/2025-11-06/1761468186.json"
"971684","835234","2025-11-06","38.64","AUD","1761468186","14629/2025-11-06/1761468186.json"
"1004618","882330","2025-11-06","45.36","AUD","1761468186","14629/2025-11-06/1761468186.json"
"818510","600849","2025-11-06","48.72","AUD","1761468186","14629/2025-11-06/1761468186.json"
"653350","630660","2025-11-05","33.60","AUD","1761468186","14629/2025-11-05/1761468186.json"
"971684","835234","2025-11-05","38.64","AUD","1761468186","14629/2025-11-05/1761468186.json"
"1004618","882330","2025-11-05","45.36","AUD","1761468186","14629/2025-11-05/1761468186.json"
"818510","600849","2025-11-05","48.72","AUD","1761468186","14629/2025-11-05/1761468186.json"
"653350","630660","2025-11-07","33.60","AUD","1761468186","14629/2025-11-07/1761468186.json"
"818510","600849","2025-11-07","48.72","AUD","1761468186","14629/2025-11-07/1761468186.json"
"653350","630660","2025-10-29","33.60","AUD","1761536777","14629/2025-10-29/1761536777.json"
"1004618","882330","2025-10-29","35.28","AUD","1761536777","14629/2025-10-29/1761536777.json"
"818510","600849","2025-10-29","48.72","AUD","1761536777","14629/2025-10-29/1761536777.json"
"653350","630660","2025-10-28","33.60","AUD","1761536777","14629/2025-10-28/1761536777.json"
"1004618","882330","2025-10-28","35.28","AUD","1761536777","14629/2025-10-28/1761536777.json"
"653350","630660","2025-10-30","33.60","AUD","1761536777","14629/2025-10-30/1761536777.json"
"1004618","882330","2025-10-30","35.28","AUD","1761536777","14629/2025-10-30/1761536777.json"
"653350","630660","2025-10-27","33.60","AUD","1761536777","14629/2025-10-27/1761536777.json"
"653350","630660","2025-10-31","33.60","AUD","1761536777","14629/2025-10-31/1761536777.json"
"653350","630660","2025-11-02","33.60","AUD","1761536777","14629/2025-11-02/1761536777.json"
"1004618","882330","2025-11-02","35.28","AUD","1761536777","14629/2025-11-02/1761536777.json"
"971684","835234","2025-11-02","36.96","AUD","1761536777","14629/2025-11-02/1761536777.json"
"818510","600849","2025-11-02","48.72","AUD","1761536777","14629/2025-11-02/1761536777.json"
"653350","630660","2025-11-01","33.60","AUD","1761536777","14629/2025-11-01/1761536777.json"
"653350","630660","2025-11-03","33.60","AUD","1761536777","14629/2025-11-03/1761536777.json"
"1004618","882330","2025-11-03","35.28","AUD","1761536777","14629/2025-11-03/1761536777.json"
"971684","835234","2025-11-03","36.96","AUD","1761536777","14629/2025-11-03/1761536777.json"
"818510","600849","2025-11-03","48.72","AUD","1761536777","14629/2025-11-03/1761536777.json"
"653350","630660","2025-11-04","33.60","AUD","1761536777","14629/2025-11-04/1761536777.json"
"1004618","882330","2025-11-04","35.28","AUD","1761536777","14629/2025-11-04/1761536777.json"
"971684","835234","2025-11-04","36.96","AUD","1761536777","14629/2025-11-04/1761536777.json"
"818510","600849","2025-11-04","48.72","AUD","1761536777","14629/2025-11-04/1761536777.json"
"653350","630660","2025-11-05","33.60","AUD","1761536777","14629/2025-11-05/1761536777.json"
"1004618","882330","2025-11-05","35.28","AUD","1761536777","14629/2025-11-05/1761536777.json"
"971684","835234","2025-11-05","36.96","AUD","1761536777","14629/2025-11-05/1761536777.json"
"818510","600849","2025-11-05","48.72","AUD","1761536777","14629/2025-11-05/1761536777.json"
"653350","630660","2025-11-06","33.60","AUD","1761536777","14629/2025-11-06/1761536777.json"
"1004618","882330","2025-11-06","35.28","AUD","1761536777","14629/2025-11-06/1761536777.json"
"971684","835234","2025-11-06","36.96","AUD","1761536777","14629/2025-11-06/1761536777.json"
"818510","600849","2025-11-06","48.72","AUD","1761536777","14629/2025-11-06/1761536777.json"
"653350","630660","2025-11-07","33.60","AUD","1761536777","14629/2025-11-07/1761536777.json"
"818510","600849","2025-11-07","48.72","AUD","1761536777","14629/2025-11-07/1761536777.json"
"653350","630660","2025-11-08","33.60","AUD","1761536777","14629/2025-11-08/1761536777.json"
"818510","600849","2025-11-08","48.72","AUD","1761536777","14629/2025-11-08/1761536777.json"
"653350","630660","2025-11-09","33.60","AUD","1761536777","14629/2025-11-09/1761536777.json"
"818510","600849","2025-11-09","48.72","AUD","1761536777","14629/2025-11-09/1761536777.json"
"653350","630660","2025-10-30","33.60","AUD","1761540899","14629/2025-10-30/1761540899.json"
"1004618","882330","2025-10-30","35.28","AUD","1761540899","14629/2025-10-30/1761540899.json"
"653350","630660","2025-10-28","33.60","AUD","1761540899","14629/2025-10-28/1761540899.json"
"1004618","882330","2025-10-28","35.28","AUD","1761540899","14629/2025-10-28/1761540899.json"
"653350","630660","2025-10-27","33.60","AUD","1761540899","14629/2025-10-27/1761540899.json"
"653350","630660","2025-10-29","33.60","AUD","1761540899","14629/2025-10-29/1761540899.json"
"1004618","882330","2025-10-29","35.28","AUD","1761540899","14629/2025-10-29/1761540899.json"
"818510","600849","2025-10-29","48.72","AUD","1761540899","14629/2025-10-29/1761540899.json"
"653350","630660","2025-10-31","33.60","AUD","1761540899","14629/2025-10-31/1761540899.json"
"653350","630660","2025-11-02","33.60","AUD","1761540899","14629/2025-11-02/1761540899.json"
"1004618","882330","2025-11-02","35.28","AUD","1761540899","14629/2025-11-02/1761540899.json"
"971684","835234","2025-11-02","36.96","AUD","1761540899","14629/2025-11-02/1761540899.json"
"818510","600849","2025-11-02","48.72","AUD","1761540899","14629/2025-11-02/1761540899.json"
"653350","630660","2025-11-01","33.60","AUD","1761540899","14629/2025-11-01/1761540899.json"
"653350","630660","2025-11-03","33.60","AUD","1761540899","14629/2025-11-03/1761540899.json"
"1004618","882330","2025-11-03","35.28","AUD","1761540899","14629/2025-11-03/1761540899.json"
"971684","835234","2025-11-03","36.96","AUD","1761540899","14629/2025-11-03/1761540899.json"
"818510","600849","2025-11-03","48.72","AUD","1761540899","14629/2025-11-03/1761540899.json"
"653350","630660","2025-11-04","33.60","AUD","1761540899","14629/2025-11-04/1761540899.json"
"1004618","882330","2025-11-04","35.28","AUD","1761540899","14629/2025-11-04/1761540899.json"
"971684","835234","2025-11-04","36.96","AUD","1761540899","14629/2025-11-04/1761540899.json"
"818510","600849","2025-11-04","48.72","AUD","1761540899","14629/2025-11-04/1761540899.json"
"653350","630660","2025-11-05","33.60","AUD","1761540899","14629/2025-11-05/1761540899.json"
"1004618","882330","2025-11-05","35.28","AUD","1761540899","14629/2025-11-05/1761540899.json"
"971684","835234","2025-11-05","36.96","AUD","1761540899","14629/2025-11-05/1761540899.json"
"818510","600849","2025-11-05","48.72","AUD","1761540899","14629/2025-11-05/1761540899.json"
"653350","630660","2025-11-07","33.60","AUD","1761540899","14629/2025-11-07/1761540899.json"
"818510","600849","2025-11-07","48.72","AUD","1761540899","14629/2025-11-07/1761540899.json"
"653350","630660","2025-11-06","33.60","AUD","1761540899","14629/2025-11-06/1761540899.json"
"1004618","882330","2025-11-06","35.28","AUD","1761540899","14629/2025-11-06/1761540899.json"
"971684","835234","2025-11-06","36.96","AUD","1761540899","14629/2025-11-06/1761540899.json"
"818510","600849","2025-11-06","48.72","AUD","1761540899","14629/2025-11-06/1761540899.json"
"653350","630660","2025-11-08","33.60","AUD","1761540899","14629/2025-11-08/1761540899.json"
"818510","600849","2025-11-08","48.72","AUD","1761540899","14629/2025-11-08/1761540899.json"
"653350","630660","2025-11-09","33.60","AUD","1761540899","14629/2025-11-09/1761540899.json"
"818510","600849","2025-11-09","48.72","AUD","1761540899","14629/2025-11-09/1761540899.json"
"1004618","882330","2025-10-30","35.28","AUD","1761572845","14629/2025-10-30/1761572845.json"
"653350","630660","2025-11-01","33.60","AUD","1761572845","14629/2025-11-01/1761572845.json"
"653350","630660","2025-11-03","33.60","AUD","1761572845","14629/2025-11-03/1761572845.json"
"1004618","882330","2025-11-03","35.28","AUD","1761572845","14629/2025-11-03/1761572845.json"
"971684","835234","2025-11-03","36.96","AUD","1761572845","14629/2025-11-03/1761572845.json"
"818510","600849","2025-11-03","48.72","AUD","1761572845","14629/2025-11-03/1761572845.json"
"653350","630660","2025-11-02","33.60","AUD","1761572845","14629/2025-11-02/1761572845.json"
"1004618","882330","2025-11-02","35.28","AUD","1761572845","14629/2025-11-02/1761572845.json"
"971684","835234","2025-11-02","36.96","AUD","1761572845","14629/2025-11-02/1761572845.json"
"653350","630660","2025-11-04","33.60","AUD","1761572845","14629/2025-11-04/1761572845.json"
"1004618","882330","2025-11-04","35.28","AUD","1761572845","14629/2025-11-04/1761572845.json"
"971684","835234","2025-11-04","36.96","AUD","1761572845","14629/2025-11-04/1761572845.json"
"818510","600849","2025-11-04","48.72","AUD","1761572845","14629/2025-11-04/1761572845.json"
"653350","630660","2025-11-05","33.60","AUD","1761572845","14629/2025-11-05/1761572845.json"
"1004618","882330","2025-11-05","35.28","AUD","1761572845","14629/2025-11-05/1761572845.json"
"971684","835234","2025-11-05","36.96","AUD","1761572845","14629/2025-11-05/1761572845.json"
"818510","600849","2025-11-05","48.72","AUD","1761572845","14629/2025-11-05/1761572845.json"
"653350","630660","2025-11-06","33.60","AUD","1761572845","14629/2025-11-06/1761572845.json"
"1004618","882330","2025-11-06","35.28","AUD","1761572845","14629/2025-11-06/1761572845.json"
"971684","835234","2025-11-06","36.96","AUD","1761572845","14629/2025-11-06/1761572845.json"
"818510","600849","2025-11-06","48.72","AUD","1761572845","14629/2025-11-06/1761572845.json"
"653350","630660","2025-11-07","33.60","AUD","1761572845","14629/2025-11-07/1761572845.json"
"818510","600849","2025-11-07","48.72","AUD","1761572845","14629/2025-11-07/1761572845.json"
"653350","630660","2025-11-08","33.60","AUD","1761572845","14629/2025-11-08/1761572845.json"
"818510","600849","2025-11-08","48.72","AUD","1761572845","14629/2025-11-08/1761572845.json"
"653350","630660","2025-11-09","33.60","AUD","1761572845","14629/2025-11-09/1761572845.json"
"818510","600849","2025-11-09","48.72","AUD","1761572845","14629/2025-11-09/1761572845.json"
"653350","630660","2025-11-02","33.60","AUD","1761584073","14629/2025-11-02/1761584073.json"
"1004618","882330","2025-11-02","35.28","AUD","1761584073","14629/2025-11-02/1761584073.json"
"818510","600849","2025-11-02","48.72","AUD","1761584073","14629/2025-11-02/1761584073.json"
"818510","600849","2025-11-01","48.72","AUD","1761584073","14629/2025-11-01/1761584073.json"
"653350","630660","2025-11-03","33.60","AUD","1761584073","14629/2025-11-03/1761584073.json"
"1004618","882330","2025-11-03","35.28","AUD","1761584073","14629/2025-11-03/1761584073.json"
"818510","600849","2025-11-03","48.72","AUD","1761584073","14629/2025-11-03/1761584073.json"
"653350","630660","2025-11-04","33.60","AUD","1761584073","14629/2025-11-04/1761584073.json"
"1004618","882330","2025-11-04","35.28","AUD","1761584073","14629/2025-11-04/1761584073.json"
"818510","600849","2025-11-04","48.72","AUD","1761584073","14629/2025-11-04/1761584073.json"
"653350","630660","2025-11-05","33.60","AUD","1761584073","14629/2025-11-05/1761584073.json"
"1004618","882330","2025-11-05","35.28","AUD","1761584073","14629/2025-11-05/1761584073.json"
"818510","600849","2025-11-05","48.72","AUD","1761584073","14629/2025-11-05/1761584073.json"
"971683","835235","2025-11-05","52.92","AUD","1761584073","14629/2025-11-05/1761584073.json"
"653350","630660","2025-11-07","33.60","AUD","1761584073","14629/2025-11-07/1761584073.json"
"818510","600849","2025-11-07","48.72","AUD","1761584073","14629/2025-11-07/1761584073.json"
"653350","630660","2025-11-08","33.60","AUD","1761584073","14629/2025-11-08/1761584073.json"
"818510","600849","2025-11-08","48.72","AUD","1761584073","14629/2025-11-08/1761584073.json"
"653350","630660","2025-11-09","33.60","AUD","1761584073","14629/2025-11-09/1761584073.json"
"818510","600849","2025-11-09","48.72","AUD","1761584073","14629/2025-11-09/1761584073.json"
"653350","630660","2025-11-06","33.60","AUD","1761584073","14629/2025-11-06/1761584073.json"
"1004618","882330","2025-11-06","35.28","AUD","1761584073","14629/2025-11-06/1761584073.json"
"818510","600849","2025-11-06","48.72","AUD","1761584073","14629/2025-11-06/1761584073.json"
"971683","835235","2025-11-06","52.92","AUD","1761584073","14629/2025-11-06/1761584073.json"
"818510","600849","2025-11-01","48.72","AUD","1761597742","14629/2025-11-01/1761597742.json"
"653350","630660","2025-11-02","33.60","AUD","1761597742","14629/2025-11-02/1761597742.json"
"1004618","882330","2025-11-02","35.28","AUD","1761597742","14629/2025-11-02/1761597742.json"
"818510","600849","2025-11-02","48.72","AUD","1761597742","14629/2025-11-02/1761597742.json"
"653350","630660","2025-11-03","33.60","AUD","1761597742","14629/2025-11-03/1761597742.json"
"1004618","882330","2025-11-03","35.28","AUD","1761597742","14629/2025-11-03/1761597742.json"
"818510","600849","2025-11-03","48.72","AUD","1761597742","14629/2025-11-03/1761597742.json"
"653350","630660","2025-11-04","33.60","AUD","1761597742","14629/2025-11-04/1761597742.json"
"1004618","882330","2025-11-04","35.28","AUD","1761597742","14629/2025-11-04/1761597742.json"
"818510","600849","2025-11-04","48.72","AUD","1761597742","14629/2025-11-04/1761597742.json"
"653350","630660","2025-11-05","33.60","AUD","1761597742","14629/2025-11-05/1761597742.json"
"1004618","882330","2025-11-05","35.28","AUD","1761597742","14629/2025-11-05/1761597742.json"
"818510","600849","2025-11-05","48.72","AUD","1761597742","14629/2025-11-05/1761597742.json"
"971683","835235","2025-11-05","52.92","AUD","1761597742","14629/2025-11-05/1761597742.json"
"653350","630660","2025-11-07","33.60","AUD","1761597742","14629/2025-11-07/1761597742.json"
"818510","600849","2025-11-07","48.72","AUD","1761597742","14629/2025-11-07/1761597742.json"
"653350","630660","2025-11-06","33.60","AUD","1761597742","14629/2025-11-06/1761597742.json"
"1004618","882330","2025-11-06","35.28","AUD","1761597742","14629/2025-11-06/1761597742.json"
"818510","600849","2025-11-06","48.72","AUD","1761597742","14629/2025-11-06/1761597742.json"
"971683","835235","2025-11-06","52.92","AUD","1761597742","14629/2025-11-06/1761597742.json"
"653350","630660","2025-11-08","33.60","AUD","1761597742","14629/2025-11-08/1761597742.json"
"818510","600849","2025-11-08","48.72","AUD","1761597742","14629/2025-11-08/1761597742.json"
"653350","630660","2025-11-09","33.60","AUD","1761597742","14629/2025-11-09/1761597742.json"
"818510","600849","2025-11-09","48.72","AUD","1761597742","14629/2025-11-09/1761597742.json"
"653350","630660","2025-11-02","33.60","AUD","1761622724","14629/2025-11-02/1761622724.json"
"1004618","882330","2025-11-02","35.28","AUD","1761622724","14629/2025-11-02/1761622724.json"
"818510","600849","2025-11-02","48.72","AUD","1761622724","14629/2025-11-02/1761622724.json"
"653350","630660","2025-11-03","33.60","AUD","1761622724","14629/2025-11-03/1761622724.json"
"1004618","882330","2025-11-03","35.28","AUD","1761622724","14629/2025-11-03/1761622724.json"
"818510","600849","2025-11-03","48.72","AUD","1761622724","14629/2025-11-03/1761622724.json"
"818510","600849","2025-11-01","48.72","AUD","1761622724","14629/2025-11-01/1761622724.json"
"653350","630660","2025-11-04","33.60","AUD","1761622724","14629/2025-11-04/1761622724.json"
"1004618","882330","2025-11-04","35.28","AUD","1761622724","14629/2025-11-04/1761622724.json"
"818510","600849","2025-11-04","48.72","AUD","1761622724","14629/2025-11-04/1761622724.json"
"653350","630660","2025-11-05","33.60","AUD","1761622724","14629/2025-11-05/1761622724.json"
"1004618","882330","2025-11-05","35.28","AUD","1761622724","14629/2025-11-05/1761622724.json"
"818510","600849","2025-11-05","48.72","AUD","1761622724","14629/2025-11-05/1761622724.json"
"971683","835235","2025-11-05","52.92","AUD","1761622724","14629/2025-11-05/1761622724.json"
"653350","630660","2025-11-07","33.60","AUD","1761622724","14629/2025-11-07/1761622724.json"
"818510","600849","2025-11-07","48.72","AUD","1761622724","14629/2025-11-07/1761622724.json"
"653350","630660","2025-11-08","33.60","AUD","1761622724","14629/2025-11-08/1761622724.json"
"818510","600849","2025-11-08","48.72","AUD","1761622724","14629/2025-11-08/1761622724.json"
"653350","630660","2025-11-06","33.60","AUD","1761622724","14629/2025-11-06/1761622724.json"
"1004618","882330","2025-11-06","35.28","AUD","1761622724","14629/2025-11-06/1761622724.json"
"818510","600849","2025-11-06","48.72","AUD","1761622724","14629/2025-11-06/1761622724.json"
"971683","835235","2025-11-06","52.92","AUD","1761622724","14629/2025-11-06/1761622724.json"
"653350","630660","2025-11-09","33.60","AUD","1761622724","14629/2025-11-09/1761622724.json"
"818510","600849","2025-11-09","48.72","AUD","1761622724","14629/2025-11-09/1761622724.json"
"818510","600849","2025-11-01","48.72","AUD","1761626778","14629/2025-11-01/1761626778.json"
"653350","630660","2025-11-02","33.60","AUD","1761626778","14629/2025-11-02/1761626778.json"
"1004618","882330","2025-11-02","35.28","AUD","1761626778","14629/2025-11-02/1761626778.json"
"818510","600849","2025-11-02","48.72","AUD","1761626778","14629/2025-11-02/1761626778.json"
"653350","630660","2025-11-04","33.60","AUD","1761626778","14629/2025-11-04/1761626778.json"
"1004618","882330","2025-11-04","35.28","AUD","1761626778","14629/2025-11-04/1761626778.json"
"818510","600849","2025-11-04","48.72","AUD","1761626778","14629/2025-11-04/1761626778.json"
"653350","630660","2025-11-06","33.60","AUD","1761626778","14629/2025-11-06/1761626778.json"
"1004618","882330","2025-11-06","35.28","AUD","1761626778","14629/2025-11-06/1761626778.json"
"818510","600849","2025-11-06","48.72","AUD","1761626778","14629/2025-11-06/1761626778.json"
"971683","835235","2025-11-06","52.92","AUD","1761626778","14629/2025-11-06/1761626778.json"
"653350","630660","2025-11-07","33.60","AUD","1761626778","14629/2025-11-07/1761626778.json"
"818510","600849","2025-11-07","48.72","AUD","1761626778","14629/2025-11-07/1761626778.json"
"653350","630660","2025-11-05","33.60","AUD","1761626778","14629/2025-11-05/1761626778.json"
"1004618","882330","2025-11-05","35.28","AUD","1761626778","14629/2025-11-05/1761626778.json"
"818510","600849","2025-11-05","48.72","AUD","1761626778","14629/2025-11-05/1761626778.json"
"971683","835235","2025-11-05","52.92","AUD","1761626778","14629/2025-11-05/1761626778.json"
"653350","630660","2025-11-03","33.60","AUD","1761626778","14629/2025-11-03/1761626778.json"
"1004618","882330","2025-11-03","35.28","AUD","1761626778","14629/2025-11-03/1761626778.json"
"818510","600849","2025-11-03","48.72","AUD","1761626778","14629/2025-11-03/1761626778.json"
"653350","630660","2025-11-08","33.60","AUD","1761626778","14629/2025-11-08/1761626778.json"
"653350","630660","2025-11-09","33.60","AUD","1761626778","14629/2025-11-09/1761626778.json"
"818510","600849","2025-11-08","48.72","AUD","1761626778","14629/2025-11-08/1761626778.json"
"818510","600849","2025-11-09","48.72","AUD","1761626778","14629/2025-11-09/1761626778.json"
"818510","600849","2025-11-01","48.72","AUD","1761641981","14629/2025-11-01/1761641981.json"
"653350","630660","2025-11-04","33.60","AUD","1761641981","14629/2025-11-04/1761641981.json"
"1004618","882330","2025-11-04","35.28","AUD","1761641981","14629/2025-11-04/1761641981.json"
"818510","600849","2025-11-04","48.72","AUD","1761641981","14629/2025-11-04/1761641981.json"
"653350","630660","2025-11-02","33.60","AUD","1761641981","14629/2025-11-02/1761641981.json"
"1004618","882330","2025-11-02","35.28","AUD","1761641981","14629/2025-11-02/1761641981.json"
"818510","600849","2025-11-02","48.72","AUD","1761641981","14629/2025-11-02/1761641981.json"
"653350","630660","2025-11-03","33.60","AUD","1761641981","14629/2025-11-03/1761641981.json"
"1004618","882330","2025-11-03","35.28","AUD","1761641981","14629/2025-11-03/1761641981.json"
"818510","600849","2025-11-03","48.72","AUD","1761641981","14629/2025-11-03/1761641981.json"
"653350","630660","2025-11-05","33.60","AUD","1761641981","14629/2025-11-05/1761641981.json"
"1004618","882330","2025-11-05","35.28","AUD","1761641981","14629/2025-11-05/1761641981.json"
"818510","600849","2025-11-05","48.72","AUD","1761641981","14629/2025-11-05/1761641981.json"
"971683","835235","2025-11-05","52.92","AUD","1761641981","14629/2025-11-05/1761641981.json"
"653350","630660","2025-11-06","33.60","AUD","1761641981","14629/2025-11-06/1761641981.json"
"1004618","882330","2025-11-06","35.28","AUD","1761641981","14629/2025-11-06/1761641981.json"
"818510","600849","2025-11-06","48.72","AUD","1761641981","14629/2025-11-06/1761641981.json"
"971683","835235","2025-11-06","52.92","AUD","1761641981","14629/2025-11-06/1761641981.json"
"653350","630660","2025-11-08","33.60","AUD","1761641981","14629/2025-11-08/1761641981.json"
"818510","600849","2025-11-08","48.72","AUD","1761641981","14629/2025-11-08/1761641981.json"
"653350","630660","2025-11-07","33.60","AUD","1761641981","14629/2025-11-07/1761641981.json"
"818510","600849","2025-11-07","48.72","AUD","1761641981","14629/2025-11-07/1761641981.json"
"653350","630660","2025-11-09","33.60","AUD","1761641981","14629/2025-11-09/1761641981.json"
"818510","600849","2025-11-09","48.72","AUD","1761641981","14629/2025-11-09/1761641981.json"
"818510","600849","2025-10-30","48.72","AUD","1761659084","14629/2025-10-30/1761659084.json"
"818510","600849","2025-10-29","48.72","AUD","1761659084","14629/2025-10-29/1761659084.json"
"818510","600849","2025-10-31","48.72","AUD","1761659084","14629/2025-10-31/1761659084.json"
"653350","630660","2025-11-02","33.60","AUD","1761659084","14629/2025-11-02/1761659084.json"
"1004618","882330","2025-11-02","35.28","AUD","1761659084","14629/2025-11-02/1761659084.json"
"818510","600849","2025-11-02","48.72","AUD","1761659084","14629/2025-11-02/1761659084.json"
"653350","630660","2025-11-03","33.60","AUD","1761659084","14629/2025-11-03/1761659084.json"
"1004618","882330","2025-11-03","35.28","AUD","1761659084","14629/2025-11-03/1761659084.json"
"653350","630660","2025-11-04","33.60","AUD","1761659084","14629/2025-11-04/1761659084.json"
"1004618","882330","2025-11-04","35.28","AUD","1761659084","14629/2025-11-04/1761659084.json"
"818510","600849","2025-11-01","48.72","AUD","1761659084","14629/2025-11-01/1761659084.json"
"653350","630660","2025-11-06","33.60","AUD","1761659084","14629/2025-11-06/1761659084.json"
"1004618","882330","2025-11-06","35.28","AUD","1761659084","14629/2025-11-06/1761659084.json"
"971683","835235","2025-11-06","52.92","AUD","1761659084","14629/2025-11-06/1761659084.json"
"653350","630660","2025-11-05","33.60","AUD","1761659084","14629/2025-11-05/1761659084.json"
"1004618","882330","2025-11-05","35.28","AUD","1761659084","14629/2025-11-05/1761659084.json"
"971683","835235","2025-11-05","52.92","AUD","1761659084","14629/2025-11-05/1761659084.json"
"653350","630660","2025-11-07","33.60","AUD","1761659084","14629/2025-11-07/1761659084.json"
"1004618","882330","2025-11-07","35.28","AUD","1761659084","14629/2025-11-07/1761659084.json"
"653350","630660","2025-11-08","33.60","AUD","1761659084","14629/2025-11-08/1761659084.json"
"1004618","882330","2025-11-08","35.28","AUD","1761659084","14629/2025-11-08/1761659084.json"
"653350","630660","2025-11-09","33.60","AUD","1761659084","14629/2025-11-09/1761659084.json"
"1004618","882330","2025-11-09","35.28","AUD","1761659084","14629/2025-11-09/1761659084.json"
"653350","630660","2025-11-10","33.60","AUD","1761659084","14629/2025-11-10/1761659084.json"
"818510","600849","2025-10-29","48.72","AUD","1761670902","14629/2025-10-29/1761670902.json"
"818510","600849","2025-10-30","48.72","AUD","1761670902","14629/2025-10-30/1761670902.json"
"818510","600849","2025-10-31","48.72","AUD","1761670902","14629/2025-10-31/1761670902.json"
"818510","600849","2025-11-01","52.00","AUD","1761670902","14629/2025-11-01/1761670902.json"
"653350","630660","2025-11-04","36.00","AUD","1761670902","14629/2025-11-04/1761670902.json"
"1004618","882330","2025-11-04","42.00","AUD","1761670902","14629/2025-11-04/1761670902.json"
"653350","630660","2025-11-02","36.00","AUD","1761670902","14629/2025-11-02/1761670902.json"
"1004618","882330","2025-11-02","42.00","AUD","1761670902","14629/2025-11-02/1761670902.json"
"818510","600849","2025-11-02","52.00","AUD","1761670902","14629/2025-11-02/1761670902.json"
"653350","630660","2025-11-05","36.00","AUD","1761670902","14629/2025-11-05/1761670902.json"
"1004618","882330","2025-11-05","42.00","AUD","1761670902","14629/2025-11-05/1761670902.json"
"971683","835235","2025-11-05","56.95","AUD","1761670902","14629/2025-11-05/1761670902.json"
"653350","630660","2025-11-03","36.00","AUD","1761670902","14629/2025-11-03/1761670902.json"
"1004618","882330","2025-11-03","42.00","AUD","1761670902","14629/2025-11-03/1761670902.json"
"653350","630660","2025-11-07","36.00","AUD","1761670902","14629/2025-11-07/1761670902.json"
"1004618","882330","2025-11-07","42.00","AUD","1761670902","14629/2025-11-07/1761670902.json"
"653350","630660","2025-11-06","36.00","AUD","1761670902","14629/2025-11-06/1761670902.json"
"1004618","882330","2025-11-06","42.00","AUD","1761670902","14629/2025-11-06/1761670902.json"
"971683","835235","2025-11-06","56.95","AUD","1761670902","14629/2025-11-06/1761670902.json"
"653350","630660","2025-11-08","36.00","AUD","1761670902","14629/2025-11-08/1761670902.json"
"1004618","882330","2025-11-08","42.00","AUD","1761670902","14629/2025-11-08/1761670902.json"
"653350","630660","2025-11-09","36.00","AUD","1761670902","14629/2025-11-09/1761670902.json"
"1004618","882330","2025-11-09","42.00","AUD","1761670902","14629/2025-11-09/1761670902.json"
"653350","630660","2025-11-10","36.00","AUD","1761670902","14629/2025-11-10/1761670902.json"
"818510","600849","2025-10-29","48.72","AUD","1761684509","14629/2025-10-29/1761684509.json"
"818510","600849","2025-10-31","48.72","AUD","1761684509","14629/2025-10-31/1761684509.json"
"818510","600849","2025-10-30","48.72","AUD","1761684509","14629/2025-10-30/1761684509.json"
"818510","600849","2025-11-01","52.00","AUD","1761684509","14629/2025-11-01/1761684509.json"
"653350","630660","2025-11-02","36.00","AUD","1761684509","14629/2025-11-02/1761684509.json"
"1004618","882330","2025-11-02","42.00","AUD","1761684509","14629/2025-11-02/1761684509.json"
"818510","600849","2025-11-02","52.00","AUD","1761684509","14629/2025-11-02/1761684509.json"
"653350","630660","2025-11-03","36.00","AUD","1761684509","14629/2025-11-03/1761684509.json"
"1004618","882330","2025-11-03","42.00","AUD","1761684509","14629/2025-11-03/1761684509.json"
"653350","630660","2025-11-04","36.00","AUD","1761684509","14629/2025-11-04/1761684509.json"
"1004618","882330","2025-11-04","42.00","AUD","1761684509","14629/2025-11-04/1761684509.json"
"653350","630660","2025-11-05","36.00","AUD","1761684509","14629/2025-11-05/1761684509.json"
"1004618","882330","2025-11-05","42.00","AUD","1761684509","14629/2025-11-05/1761684509.json"
"971683","835235","2025-11-05","56.95","AUD","1761684509","14629/2025-11-05/1761684509.json"
"1004618","882330","2025-11-07","42.00","AUD","1761684509","14629/2025-11-07/1761684509.json"
"1004618","882330","2025-11-08","42.00","AUD","1761684509","14629/2025-11-08/1761684509.json"
"653350","630660","2025-11-06","36.00","AUD","1761684509","14629/2025-11-06/1761684509.json"
"1004618","882330","2025-11-06","42.00","AUD","1761684509","14629/2025-11-06/1761684509.json"
"971683","835235","2025-11-06","56.95","AUD","1761684509","14629/2025-11-06/1761684509.json"
"653350","630660","2025-11-10","36.00","AUD","1761684509","14629/2025-11-10/1761684509.json"
"1004618","882330","2025-11-09","42.00","AUD","1761684509","14629/2025-11-09/1761684509.json"
"818510","600849","2025-10-29","48.72","AUD","1761709455","14629/2025-10-29/1761709455.json"
"818510","600849","2025-10-31","48.72","AUD","1761709455","14629/2025-10-31/1761709455.json"
"818510","600849","2025-11-01","52.00","AUD","1761709455","14629/2025-11-01/1761709455.json"
"818510","600849","2025-10-30","48.72","AUD","1761709455","14629/2025-10-30/1761709455.json"
"653350","630660","2025-11-03","36.00","AUD","1761709455","14629/2025-11-03/1761709455.json"
"1004618","882330","2025-11-03","42.00","AUD","1761709455","14629/2025-11-03/1761709455.json"
"653350","630660","2025-11-05","36.00","AUD","1761709455","14629/2025-11-05/1761709455.json"
"1004618","882330","2025-11-05","42.00","AUD","1761709455","14629/2025-11-05/1761709455.json"
"971683","835235","2025-11-05","56.95","AUD","1761709455","14629/2025-11-05/1761709455.json"
"653350","630660","2025-11-02","36.00","AUD","1761709455","14629/2025-11-02/1761709455.json"
"1004618","882330","2025-11-02","42.00","AUD","1761709455","14629/2025-11-02/1761709455.json"
"818510","600849","2025-11-02","52.00","AUD","1761709455","14629/2025-11-02/1761709455.json"
"653350","630660","2025-11-04","36.00","AUD","1761709455","14629/2025-11-04/1761709455.json"
"1004618","882330","2025-11-04","42.00","AUD","1761709455","14629/2025-11-04/1761709455.json"
"653350","630660","2025-11-06","36.00","AUD","1761709455","14629/2025-11-06/1761709455.json"
"1004618","882330","2025-11-06","42.00","AUD","1761709455","14629/2025-11-06/1761709455.json"
"971683","835235","2025-11-06","56.95","AUD","1761709455","14629/2025-11-06/1761709455.json"
"653350","630660","2025-11-07","36.00","AUD","1761709455","14629/2025-11-07/1761709455.json"
"653350","630660","2025-11-08","36.00","AUD","1761709455","14629/2025-11-08/1761709455.json"
"653350","630660","2025-11-10","36.00","AUD","1761709455","14629/2025-11-10/1761709455.json"
"653350","630660","2025-11-09","36.00","AUD","1761709455","14629/2025-11-09/1761709455.json"
"653350","630660","2025-11-03","36.00","AUD","1761713539","14629/2025-11-03/1761713539.json"
"653350","630660","2025-11-02","36.00","AUD","1761713539","14629/2025-11-02/1761713539.json"
"1004618","882330","2025-11-03","42.00","AUD","1761713539","14629/2025-11-03/1761713539.json"
"1004618","882330","2025-11-02","42.00","AUD","1761713539","14629/2025-11-02/1761713539.json"
"653350","630660","2025-11-05","36.00","AUD","1761713539","14629/2025-11-05/1761713539.json"
"1004618","882330","2025-11-05","42.00","AUD","1761713539","14629/2025-11-05/1761713539.json"
"971683","835235","2025-11-05","56.95","AUD","1761713539","14629/2025-11-05/1761713539.json"
"653350","630660","2025-11-04","36.00","AUD","1761713539","14629/2025-11-04/1761713539.json"
"1004618","882330","2025-11-04","42.00","AUD","1761713539","14629/2025-11-04/1761713539.json"
"653350","630660","2025-11-06","36.00","AUD","1761713539","14629/2025-11-06/1761713539.json"
"1004618","882330","2025-11-06","42.00","AUD","1761713539","14629/2025-11-06/1761713539.json"
"971683","835235","2025-11-06","56.95","AUD","1761713539","14629/2025-11-06/1761713539.json"
"653350","630660","2025-11-08","36.00","AUD","1761713539","14629/2025-11-08/1761713539.json"
"653350","630660","2025-11-07","36.00","AUD","1761713539","14629/2025-11-07/1761713539.json"
"653350","630660","2025-11-09","36.00","AUD","1761713539","14629/2025-11-09/1761713539.json"
"888510","710069","2025-11-10","42.00","AUD","1761713539","14629/2025-11-10/1761713539.json"
"888510","710069","2025-11-11","42.00","AUD","1761713539","14629/2025-11-11/1761713539.json"
"653350","630660","2025-11-01","5040.00","AUD","1761728426","14629/2025-11-01/1761728426.json"
"653350","630660","2025-11-03","36.00","AUD","1761728426","14629/2025-11-03/1761728426.json"
"1004618","882330","2025-11-03","42.00","AUD","1761728426","14629/2025-11-03/1761728426.json"
"818510","600849","2025-11-03","52.00","AUD","1761728426","14629/2025-11-03/1761728426.json"
"653350","630660","2025-11-02","36.00","AUD","1761728426","14629/2025-11-02/1761728426.json"
"1004618","882330","2025-11-02","42.00","AUD","1761728426","14629/2025-11-02/1761728426.json"
"818510","600849","2025-11-02","52.00","AUD","1761728426","14629/2025-11-02/1761728426.json"
"653350","630660","2025-11-04","36.00","AUD","1761728426","14629/2025-11-04/1761728426.json"
"1004618","882330","2025-11-04","42.00","AUD","1761728426","14629/2025-11-04/1761728426.json"
"818510","600849","2025-11-04","52.00","AUD","1761728426","14629/2025-11-04/1761728426.json"
"653350","630660","2025-11-05","36.00","AUD","1761728426","14629/2025-11-05/1761728426.json"
"1004618","882330","2025-11-05","42.00","AUD","1761728426","14629/2025-11-05/1761728426.json"
"818510","600849","2025-11-05","52.00","AUD","1761728426","14629/2025-11-05/1761728426.json"
"971683","835235","2025-11-05","56.95","AUD","1761728426","14629/2025-11-05/1761728426.json"
"653350","630660","2025-11-06","36.00","AUD","1761728426","14629/2025-11-06/1761728426.json"
"1004618","882330","2025-11-06","42.00","AUD","1761728426","14629/2025-11-06/1761728426.json"
"818510","600849","2025-11-06","52.00","AUD","1761728426","14629/2025-11-06/1761728426.json"
"971683","835235","2025-11-06","56.95","AUD","1761728426","14629/2025-11-06/1761728426.json"
"653350","630660","2025-11-09","36.00","AUD","1761728426","14629/2025-11-09/1761728426.json"
"818510","600849","2025-11-09","52.00","AUD","1761728426","14629/2025-11-09/1761728426.json"
"653350","630660","2025-11-08","36.00","AUD","1761728426","14629/2025-11-08/1761728426.json"
"818510","600849","2025-11-08","52.00","AUD","1761728426","14629/2025-11-08/1761728426.json"
"653350","630660","2025-11-07","36.00","AUD","1761728426","14629/2025-11-07/1761728426.json"
"818510","600849","2025-11-07","52.00","AUD","1761728426","14629/2025-11-07/1761728426.json"
"888510","710069","2025-11-10","42.00","AUD","1761728426","14629/2025-11-10/1761728426.json"
"818510","600849","2025-11-10","52.00","AUD","1761728426","14629/2025-11-10/1761728426.json"
"888510","710069","2025-11-11","42.00","AUD","1761728426","14629/2025-11-11/1761728426.json"
"818510","600849","2025-11-11","52.00","AUD","1761728426","14629/2025-11-11/1761728426.json"
"653350","630660","2025-11-01","5040.00","AUD","1761745950","14629/2025-11-01/1761745950.json"
"653350","630660","2025-11-02","36.00","AUD","1761745950","14629/2025-11-02/1761745950.json"
"1004618","882330","2025-11-02","42.00","AUD","1761745950","14629/2025-11-02/1761745950.json"
"818510","600849","2025-11-02","52.00","AUD","1761745950","14629/2025-11-02/1761745950.json"
"653350","630660","2025-11-03","36.00","AUD","1761745950","14629/2025-11-03/1761745950.json"
"1004618","882330","2025-11-03","42.00","AUD","1761745950","14629/2025-11-03/1761745950.json"
"818510","600849","2025-11-03","52.00","AUD","1761745950","14629/2025-11-03/1761745950.json"
"653350","630660","2025-11-04","36.00","AUD","1761745950","14629/2025-11-04/1761745950.json"
"1004618","882330","2025-11-04","42.00","AUD","1761745950","14629/2025-11-04/1761745950.json"
"818510","600849","2025-11-04","52.00","AUD","1761745950","14629/2025-11-04/1761745950.json"
"653350","630660","2025-11-05","36.00","AUD","1761745950","14629/2025-11-05/1761745950.json"
"1004618","882330","2025-11-05","42.00","AUD","1761745950","14629/2025-11-05/1761745950.json"
"818510","600849","2025-11-05","52.00","AUD","1761745950","14629/2025-11-05/1761745950.json"
"971683","835235","2025-11-05","56.95","AUD","1761745950","14629/2025-11-05/1761745950.json"
"653350","630660","2025-11-06","36.00","AUD","1761745950","14629/2025-11-06/1761745950.json"
"1004618","882330","2025-11-06","42.00","AUD","1761745950","14629/2025-11-06/1761745950.json"
"818510","600849","2025-11-06","52.00","AUD","1761745950","14629/2025-11-06/1761745950.json"
"971683","835235","2025-11-06","56.95","AUD","1761745950","14629/2025-11-06/1761745950.json"
"653350","630660","2025-11-07","36.00","AUD","1761745950","14629/2025-11-07/1761745950.json"
"818510","600849","2025-11-07","52.00","AUD","1761745950","14629/2025-11-07/1761745950.json"
"888510","710069","2025-11-10","42.00","AUD","1761745950","14629/2025-11-10/1761745950.json"
"818510","600849","2025-11-10","52.00","AUD","1761745950","14629/2025-11-10/1761745950.json"
"653350","630660","2025-11-09","36.00","AUD","1761745950","14629/2025-11-09/1761745950.json"
"818510","600849","2025-11-09","52.00","AUD","1761745950","14629/2025-11-09/1761745950.json"
"653350","630660","2025-11-08","36.00","AUD","1761745950","14629/2025-11-08/1761745950.json"
"818510","600849","2025-11-08","52.00","AUD","1761745950","14629/2025-11-08/1761745950.json"
"888510","710069","2025-11-11","42.00","AUD","1761745950","14629/2025-11-11/1761745950.json"
"818510","600849","2025-11-11","52.00","AUD","1761745950","14629/2025-11-11/1761745950.json"
"653350","630660","2025-11-01","5040.00","AUD","1761757374","14629/2025-11-01/1761757374.json"
"653350","630660","2025-11-02","36.00","AUD","1761757374","14629/2025-11-02/1761757374.json"
"1004618","882330","2025-11-02","42.00","AUD","1761757374","14629/2025-11-02/1761757374.json"
"818510","600849","2025-11-02","52.00","AUD","1761757374","14629/2025-11-02/1761757374.json"
"653350","630660","2025-11-03","36.00","AUD","1761757374","14629/2025-11-03/1761757374.json"
"1004618","882330","2025-11-03","42.00","AUD","1761757374","14629/2025-11-03/1761757374.json"
"818510","600849","2025-11-03","52.00","AUD","1761757374","14629/2025-11-03/1761757374.json"
"653350","630660","2025-11-04","36.00","AUD","1761757374","14629/2025-11-04/1761757374.json"
"1004618","882330","2025-11-04","42.00","AUD","1761757374","14629/2025-11-04/1761757374.json"
"818510","600849","2025-11-04","52.00","AUD","1761757374","14629/2025-11-04/1761757374.json"
"653350","630660","2025-11-05","36.00","AUD","1761757374","14629/2025-11-05/1761757374.json"
"1004618","882330","2025-11-05","42.00","AUD","1761757374","14629/2025-11-05/1761757374.json"
"818510","600849","2025-11-05","52.00","AUD","1761757374","14629/2025-11-05/1761757374.json"
"971683","835235","2025-11-05","56.95","AUD","1761757374","14629/2025-11-05/1761757374.json"
"653350","630660","2025-11-06","36.00","AUD","1761757374","14629/2025-11-06/1761757374.json"
"1004618","882330","2025-11-06","42.00","AUD","1761757374","14629/2025-11-06/1761757374.json"
"818510","600849","2025-11-06","52.00","AUD","1761757374","14629/2025-11-06/1761757374.json"
"971683","835235","2025-11-06","56.95","AUD","1761757374","14629/2025-11-06/1761757374.json"
"653350","630660","2025-11-07","36.00","AUD","1761757374","14629/2025-11-07/1761757374.json"
"818510","600849","2025-11-07","52.00","AUD","1761757374","14629/2025-11-07/1761757374.json"
"653350","630660","2025-11-09","36.00","AUD","1761757374","14629/2025-11-09/1761757374.json"
"818510","600849","2025-11-09","52.00","AUD","1761757374","14629/2025-11-09/1761757374.json"
"653350","630660","2025-11-08","36.00","AUD","1761757374","14629/2025-11-08/1761757374.json"
"818510","600849","2025-11-08","52.00","AUD","1761757374","14629/2025-11-08/1761757374.json"
"888510","710069","2025-11-10","42.00","AUD","1761757374","14629/2025-11-10/1761757374.json"
"818510","600849","2025-11-10","52.00","AUD","1761757374","14629/2025-11-10/1761757374.json"
"888510","710069","2025-11-11","42.00","AUD","1761757374","14629/2025-11-11/1761757374.json"
"818510","600849","2025-11-11","52.00","AUD","1761757374","14629/2025-11-11/1761757374.json"
"653350","630660","2025-11-01","5040.00","AUD","1761770818","14629/2025-11-01/1761770818.json"
"1004618","882330","2025-11-02","42.00","AUD","1761770818","14629/2025-11-02/1761770818.json"
"818510","600849","2025-11-02","52.00","AUD","1761770818","14629/2025-11-02/1761770818.json"
"653350","630660","2025-11-04","36.00","AUD","1761770818","14629/2025-11-04/1761770818.json"
"1004618","882330","2025-11-04","42.00","AUD","1761770818","14629/2025-11-04/1761770818.json"
"818510","600849","2025-11-04","52.00","AUD","1761770818","14629/2025-11-04/1761770818.json"
"1004618","882330","2025-11-03","42.00","AUD","1761770818","14629/2025-11-03/1761770818.json"
"818510","600849","2025-11-03","52.00","AUD","1761770818","14629/2025-11-03/1761770818.json"
"653350","630660","2025-11-06","36.00","AUD","1761770818","14629/2025-11-06/1761770818.json"
"1004618","882330","2025-11-06","42.00","AUD","1761770818","14629/2025-11-06/1761770818.json"
"818510","600849","2025-11-06","52.00","AUD","1761770818","14629/2025-11-06/1761770818.json"
"971683","835235","2025-11-06","56.95","AUD","1761770818","14629/2025-11-06/1761770818.json"
"818510","600849","2025-11-07","52.00","AUD","1761770818","14629/2025-11-07/1761770818.json"
"653350","630660","2025-11-05","36.00","AUD","1761770818","14629/2025-11-05/1761770818.json"
"1004618","882330","2025-11-05","42.00","AUD","1761770818","14629/2025-11-05/1761770818.json"
"818510","600849","2025-11-05","52.00","AUD","1761770818","14629/2025-11-05/1761770818.json"
"971683","835235","2025-11-05","56.95","AUD","1761770818","14629/2025-11-05/1761770818.json"
"818510","600849","2025-11-08","52.00","AUD","1761770818","14629/2025-11-08/1761770818.json"
"653350","630660","2025-11-09","36.00","AUD","1761770818","14629/2025-11-09/1761770818.json"
"818510","600849","2025-11-09","52.00","AUD","1761770818","14629/2025-11-09/1761770818.json"
"888510","710069","2025-11-10","42.00","AUD","1761770818","14629/2025-11-10/1761770818.json"
"818510","600849","2025-11-10","52.00","AUD","1761770818","14629/2025-11-10/1761770818.json"
"888510","710069","2025-11-11","42.00","AUD","1761770818","14629/2025-11-11/1761770818.json"
"818510","600849","2025-11-11","52.00","AUD","1761770818","14629/2025-11-11/1761770818.json"
"653350","630660","2025-11-02","36.00","AUD","1761795588","14629/2025-11-02/1761795588.json"
"818510","600849","2025-11-02","52.00","AUD","1761795588","14629/2025-11-02/1761795588.json"
"653350","630660","2025-11-01","5040.00","AUD","1761795588","14629/2025-11-01/1761795588.json"
"653350","630660","2025-11-04","36.00","AUD","1761795588","14629/2025-11-04/1761795588.json"
"1004618","882330","2025-11-04","42.00","AUD","1761795588","14629/2025-11-04/1761795588.json"
"818510","600849","2025-11-04","52.00","AUD","1761795588","14629/2025-11-04/1761795588.json"
"653350","630660","2025-11-05","36.00","AUD","1761795588","14629/2025-11-05/1761795588.json"
"653350","630660","2025-11-03","36.00","AUD","1761795588","14629/2025-11-03/1761795588.json"
"1004618","882330","2025-11-05","42.00","AUD","1761795588","14629/2025-11-05/1761795588.json"
"1004618","882330","2025-11-03","42.00","AUD","1761795588","14629/2025-11-03/1761795588.json"
"818510","600849","2025-11-05","52.00","AUD","1761795588","14629/2025-11-05/1761795588.json"
"818510","600849","2025-11-03","52.00","AUD","1761795588","14629/2025-11-03/1761795588.json"
"653350","630660","2025-11-06","36.00","AUD","1761795588","14629/2025-11-06/1761795588.json"
"1004618","882330","2025-11-06","42.00","AUD","1761795588","14629/2025-11-06/1761795588.json"
"818510","600849","2025-11-06","52.00","AUD","1761795588","14629/2025-11-06/1761795588.json"
"653350","630660","2025-11-08","36.00","AUD","1761795588","14629/2025-11-08/1761795588.json"
"653350","630660","2025-11-09","36.00","AUD","1761795588","14629/2025-11-09/1761795588.json"
"1004618","882330","2025-11-08","42.00","AUD","1761795588","14629/2025-11-08/1761795588.json"
"818510","600849","2025-11-09","52.00","AUD","1761795588","14629/2025-11-09/1761795588.json"
"818510","600849","2025-11-08","52.00","AUD","1761795588","14629/2025-11-08/1761795588.json"
"653350","630660","2025-11-07","36.00","AUD","1761795588","14629/2025-11-07/1761795588.json"
"1004618","882330","2025-11-07","42.00","AUD","1761795588","14629/2025-11-07/1761795588.json"
"818510","600849","2025-11-07","52.00","AUD","1761795588","14629/2025-11-07/1761795588.json"
"888510","710069","2025-11-10","42.00","AUD","1761795588","14629/2025-11-10/1761795588.json"
"818510","600849","2025-11-10","52.00","AUD","1761795588","14629/2025-11-10/1761795588.json"
"888510","710069","2025-11-11","42.00","AUD","1761795588","14629/2025-11-11/1761795588.json"
"818510","600849","2025-11-11","52.00","AUD","1761795588","14629/2025-11-11/1761795588.json"
"653350","630660","2025-11-02","36.00","AUD","1761799801","14629/2025-11-02/1761799801.json"
"818510","600849","2025-11-02","52.00","AUD","1761799801","14629/2025-11-02/1761799801.json"
"653350","630660","2025-11-01","5040.00","AUD","1761799801","14629/2025-11-01/1761799801.json"
"653350","630660","2025-11-05","36.00","AUD","1761799801","14629/2025-11-05/1761799801.json"
"1004618","882330","2025-11-05","42.00","AUD","1761799801","14629/2025-11-05/1761799801.json"
"818510","600849","2025-11-05","52.00","AUD","1761799801","14629/2025-11-05/1761799801.json"
"653350","630660","2025-11-06","36.00","AUD","1761799801","14629/2025-11-06/1761799801.json"
"653350","630660","2025-11-04","36.00","AUD","1761799801","14629/2025-11-04/1761799801.json"
"1004618","882330","2025-11-06","42.00","AUD","1761799801","14629/2025-11-06/1761799801.json"
"1004618","882330","2025-11-04","42.00","AUD","1761799801","14629/2025-11-04/1761799801.json"
"818510","600849","2025-11-04","52.00","AUD","1761799801","14629/2025-11-04/1761799801.json"
"818510","600849","2025-11-06","52.00","AUD","1761799801","14629/2025-11-06/1761799801.json"
"1004618","882330","2025-11-03","42.00","AUD","1761799801","14629/2025-11-03/1761799801.json"
"818510","600849","2025-11-03","52.00","AUD","1761799801","14629/2025-11-03/1761799801.json"
"653350","630660","2025-11-08","36.00","AUD","1761799801","14629/2025-11-08/1761799801.json"
"1004618","882330","2025-11-08","42.00","AUD","1761799801","14629/2025-11-08/1761799801.json"
"818510","600849","2025-11-08","52.00","AUD","1761799801","14629/2025-11-08/1761799801.json"
"888510","710069","2025-11-10","42.00","AUD","1761799801","14629/2025-11-10/1761799801.json"
"818510","600849","2025-11-10","52.00","AUD","1761799801","14629/2025-11-10/1761799801.json"
"653350","630660","2025-11-07","36.00","AUD","1761799801","14629/2025-11-07/1761799801.json"
"1004618","882330","2025-11-07","42.00","AUD","1761799801","14629/2025-11-07/1761799801.json"
"818510","600849","2025-11-07","52.00","AUD","1761799801","14629/2025-11-07/1761799801.json"
"653350","630660","2025-11-09","36.00","AUD","1761799801","14629/2025-11-09/1761799801.json"
"818510","600849","2025-11-09","52.00","AUD","1761799801","14629/2025-11-09/1761799801.json"
"888510","710069","2025-11-11","42.00","AUD","1761799801","14629/2025-11-11/1761799801.json"
"818510","600849","2025-11-11","52.00","AUD","1761799801","14629/2025-11-11/1761799801.json"
"653350","630660","2025-11-01","5040.00","AUD","1761814442","14629/2025-11-01/1761814442.json"
"653350","630660","2025-11-02","36.00","AUD","1761814442","14629/2025-11-02/1761814442.json"
"818510","600849","2025-11-02","52.00","AUD","1761814442","14629/2025-11-02/1761814442.json"
"1004618","882330","2025-11-04","42.00","AUD","1761814442","14629/2025-11-04/1761814442.json"
"818510","600849","2025-11-04","52.00","AUD","1761814442","14629/2025-11-04/1761814442.json"
"653350","630660","2025-11-06","36.00","AUD","1761814442","14629/2025-11-06/1761814442.json"
"1004618","882330","2025-11-06","42.00","AUD","1761814442","14629/2025-11-06/1761814442.json"
"818510","600849","2025-11-06","52.00","AUD","1761814442","14629/2025-11-06/1761814442.json"
"653350","630660","2025-11-05","36.00","AUD","1761814442","14629/2025-11-05/1761814442.json"
"1004618","882330","2025-11-05","42.00","AUD","1761814442","14629/2025-11-05/1761814442.json"
"818510","600849","2025-11-05","52.00","AUD","1761814442","14629/2025-11-05/1761814442.json"
"1004618","882330","2025-11-03","42.00","AUD","1761814442","14629/2025-11-03/1761814442.json"
"818510","600849","2025-11-03","52.00","AUD","1761814442","14629/2025-11-03/1761814442.json"
"653350","630660","2025-11-07","36.00","AUD","1761814442","14629/2025-11-07/1761814442.json"
"1004618","882330","2025-11-07","42.00","AUD","1761814442","14629/2025-11-07/1761814442.json"
"818510","600849","2025-11-07","52.00","AUD","1761814442","14629/2025-11-07/1761814442.json"
"653350","630660","2025-11-09","36.00","AUD","1761814442","14629/2025-11-09/1761814442.json"
"818510","600849","2025-11-09","52.00","AUD","1761814442","14629/2025-11-09/1761814442.json"
"653350","630660","2025-11-08","36.00","AUD","1761814442","14629/2025-11-08/1761814442.json"
"1004618","882330","2025-11-08","42.00","AUD","1761814442","14629/2025-11-08/1761814442.json"
"818510","600849","2025-11-08","52.00","AUD","1761814442","14629/2025-11-08/1761814442.json"
"888510","710069","2025-11-10","42.00","AUD","1761814442","14629/2025-11-10/1761814442.json"
"818510","600849","2025-11-10","52.00","AUD","1761814442","14629/2025-11-10/1761814442.json"
"888510","710069","2025-11-11","42.00","AUD","1761814442","14629/2025-11-11/1761814442.json"
"818510","600849","2025-11-11","52.00","AUD","1761814442","14629/2025-11-11/1761814442.json"
"653350","630660","2025-11-01","5040.00","AUD","1761832037","14629/2025-11-01/1761832037.json"
"653350","630660","2025-11-02","36.00","AUD","1761832037","14629/2025-11-02/1761832037.json"
"818510","600849","2025-11-02","52.00","AUD","1761832037","14629/2025-11-02/1761832037.json"
"1004618","882330","2025-11-03","42.00","AUD","1761832037","14629/2025-11-03/1761832037.json"
"818510","600849","2025-11-03","52.00","AUD","1761832037","14629/2025-11-03/1761832037.json"
"653350","630660","2025-11-05","36.00","AUD","1761832037","14629/2025-11-05/1761832037.json"
"1004618","882330","2025-11-05","42.00","AUD","1761832037","14629/2025-11-05/1761832037.json"
"818510","600849","2025-11-05","52.00","AUD","1761832037","14629/2025-11-05/1761832037.json"
"653350","630660","2025-11-06","36.00","AUD","1761832037","14629/2025-11-06/1761832037.json"
"1004618","882330","2025-11-06","42.00","AUD","1761832037","14629/2025-11-06/1761832037.json"
"818510","600849","2025-11-06","52.00","AUD","1761832037","14629/2025-11-06/1761832037.json"
"653350","630660","2025-11-07","36.00","AUD","1761832037","14629/2025-11-07/1761832037.json"
"1004618","882330","2025-11-07","42.00","AUD","1761832037","14629/2025-11-07/1761832037.json"
"818510","600849","2025-11-07","52.00","AUD","1761832037","14629/2025-11-07/1761832037.json"
"1004618","882330","2025-11-04","42.00","AUD","1761832037","14629/2025-11-04/1761832037.json"
"818510","600849","2025-11-04","52.00","AUD","1761832037","14629/2025-11-04/1761832037.json"
"653350","630660","2025-11-09","36.00","AUD","1761832037","14629/2025-11-09/1761832037.json"
"818510","600849","2025-11-09","52.00","AUD","1761832037","14629/2025-11-09/1761832037.json"
"653350","630660","2025-11-08","36.00","AUD","1761832037","14629/2025-11-08/1761832037.json"
"1004618","882330","2025-11-08","42.00","AUD","1761832037","14629/2025-11-08/1761832037.json"
"818510","600849","2025-11-08","52.00","AUD","1761832037","14629/2025-11-08/1761832037.json"
"888510","710069","2025-11-10","42.00","AUD","1761832037","14629/2025-11-10/1761832037.json"
"818510","600849","2025-11-10","52.00","AUD","1761832037","14629/2025-11-10/1761832037.json"
"888510","710069","2025-11-11","42.00","AUD","1761832037","14629/2025-11-11/1761832037.json"
"818510","600849","2025-11-11","52.00","AUD","1761832037","14629/2025-11-11/1761832037.json"
"653350","630660","2025-11-02","36.00","AUD","1761843504","14629/2025-11-02/1761843504.json"
"818510","600849","2025-11-02","52.00","AUD","1761843504","14629/2025-11-02/1761843504.json"
"1004618","882330","2025-11-03","42.00","AUD","1761843504","14629/2025-11-03/1761843504.json"
"818510","600849","2025-11-03","52.00","AUD","1761843504","14629/2025-11-03/1761843504.json"
"653350","630660","2025-11-01","5040.00","AUD","1761843504","14629/2025-11-01/1761843504.json"
"653350","630660","2025-11-05","36.00","AUD","1761843504","14629/2025-11-05/1761843504.json"
"1004618","882330","2025-11-05","42.00","AUD","1761843504","14629/2025-11-05/1761843504.json"
"818510","600849","2025-11-05","52.00","AUD","1761843504","14629/2025-11-05/1761843504.json"
"1004618","882330","2025-11-04","42.00","AUD","1761843504","14629/2025-11-04/1761843504.json"
"818510","600849","2025-11-04","52.00","AUD","1761843504","14629/2025-11-04/1761843504.json"
"653350","630660","2025-11-07","36.00","AUD","1761843504","14629/2025-11-07/1761843504.json"
"1004618","882330","2025-11-07","42.00","AUD","1761843504","14629/2025-11-07/1761843504.json"
"818510","600849","2025-11-07","52.00","AUD","1761843504","14629/2025-11-07/1761843504.json"
"653350","630660","2025-11-06","36.00","AUD","1761843504","14629/2025-11-06/1761843504.json"
"1004618","882330","2025-11-06","42.00","AUD","1761843504","14629/2025-11-06/1761843504.json"
"818510","600849","2025-11-06","52.00","AUD","1761843504","14629/2025-11-06/1761843504.json"
"653350","630660","2025-11-08","36.00","AUD","1761843504","14629/2025-11-08/1761843504.json"
"1004618","882330","2025-11-08","42.00","AUD","1761843504","14629/2025-11-08/1761843504.json"
"818510","600849","2025-11-08","52.00","AUD","1761843504","14629/2025-11-08/1761843504.json"
"653350","630660","2025-11-09","36.00","AUD","1761843504","14629/2025-11-09/1761843504.json"
"818510","600849","2025-11-09","52.00","AUD","1761843504","14629/2025-11-09/1761843504.json"
"888510","710069","2025-11-11","42.00","AUD","1761843504","14629/2025-11-11/1761843504.json"
"818510","600849","2025-11-11","52.00","AUD","1761843504","14629/2025-11-11/1761843504.json"
"888510","710069","2025-11-10","42.00","AUD","1761843504","14629/2025-11-10/1761843504.json"
"818510","600849","2025-11-10","52.00","AUD","1761843504","14629/2025-11-10/1761843504.json"
"653350","630660","2025-11-01","5040.00","AUD","1761857161","14629/2025-11-01/1761857161.json"
"653350","630660","2025-11-02","36.00","AUD","1761857161","14629/2025-11-02/1761857161.json"
"818510","600849","2025-11-02","52.00","AUD","1761857161","14629/2025-11-02/1761857161.json"
"1004618","882330","2025-11-03","42.00","AUD","1761857161","14629/2025-11-03/1761857161.json"
"818510","600849","2025-11-03","52.00","AUD","1761857161","14629/2025-11-03/1761857161.json"
"653350","630660","2025-11-05","36.00","AUD","1761857161","14629/2025-11-05/1761857161.json"
"1004618","882330","2025-11-05","42.00","AUD","1761857161","14629/2025-11-05/1761857161.json"
"818510","600849","2025-11-05","52.00","AUD","1761857161","14629/2025-11-05/1761857161.json"
"1004618","882330","2025-11-04","42.00","AUD","1761857161","14629/2025-11-04/1761857161.json"
"818510","600849","2025-11-04","52.00","AUD","1761857161","14629/2025-11-04/1761857161.json"
"653350","630660","2025-11-06","36.00","AUD","1761857161","14629/2025-11-06/1761857161.json"
"1004618","882330","2025-11-06","42.00","AUD","1761857161","14629/2025-11-06/1761857161.json"
"818510","600849","2025-11-06","52.00","AUD","1761857161","14629/2025-11-06/1761857161.json"
"653350","630660","2025-11-07","36.00","AUD","1761857161","14629/2025-11-07/1761857161.json"
"1004618","882330","2025-11-07","42.00","AUD","1761857161","14629/2025-11-07/1761857161.json"
"818510","600849","2025-11-07","52.00","AUD","1761857161","14629/2025-11-07/1761857161.json"
"653350","630660","2025-11-08","36.00","AUD","1761857161","14629/2025-11-08/1761857161.json"
"1004618","882330","2025-11-08","42.00","AUD","1761857161","14629/2025-11-08/1761857161.json"
"818510","600849","2025-11-08","52.00","AUD","1761857161","14629/2025-11-08/1761857161.json"
"653350","630660","2025-11-09","36.00","AUD","1761857161","14629/2025-11-09/1761857161.json"
"818510","600849","2025-11-09","52.00","AUD","1761857161","14629/2025-11-09/1761857161.json"
"888510","710069","2025-11-10","42.00","AUD","1761857161","14629/2025-11-10/1761857161.json"
"818510","600849","2025-11-10","52.00","AUD","1761857161","14629/2025-11-10/1761857161.json"
"888510","710069","2025-11-11","42.00","AUD","1761857161","14629/2025-11-11/1761857161.json"
"818510","600849","2025-11-11","52.00","AUD","1761857161","14629/2025-11-11/1761857161.json"
"971684","835234","2025-11-03","42.00","AUD","1762054968","14629/2025-11-03/1762054968.json"
"653350","630660","2025-11-02","36.00","AUD","1762054968","14629/2025-11-02/1762054968.json"
"885717","706057","2025-11-08","36.00","AUD","1762054968","14629/2025-11-08/1762054968.json"
"653350","630660","2025-11-08","36.00","AUD","1762054968","14629/2025-11-08/1762054968.json"
"653350","630660","2025-11-07","36.00","AUD","1762054968","14629/2025-11-07/1762054968.json"
"653350","630660","2025-11-06","36.00","AUD","1762054968","14629/2025-11-06/1762054968.json"
"888510","710069","2025-11-10","42.00","AUD","1762054968","14629/2025-11-10/1762054968.json"
"653350","630660","2025-11-11","36.00","AUD","1762054968","14629/2025-11-11/1762054968.json"
"888510","710069","2025-11-11","42.00","AUD","1762054968","14629/2025-11-11/1762054968.json"
"653350","630660","2025-11-13","36.00","AUD","1762054968","14629/2025-11-13/1762054968.json"
"888510","710069","2025-11-13","42.00","AUD","1762054968","14629/2025-11-13/1762054968.json"
"653350","630660","2025-11-12","36.00","AUD","1762054968","14629/2025-11-12/1762054968.json"
"888510","710069","2025-11-12","42.00","AUD","1762054968","14629/2025-11-12/1762054968.json"
"653350","630660","2025-11-02","36.00","AUD","1762057434","14629/2025-11-02/1762057434.json"
"653350","630660","2025-11-06","36.00","AUD","1762057434","14629/2025-11-06/1762057434.json"
"885717","706057","2025-11-08","36.00","AUD","1762057434","14629/2025-11-08/1762057434.json"
"653350","630660","2025-11-08","36.00","AUD","1762057434","14629/2025-11-08/1762057434.json"
"653350","630660","2025-11-07","36.00","AUD","1762057434","14629/2025-11-07/1762057434.json"
"971684","835234","2025-11-03","42.00","AUD","1762057434","14629/2025-11-03/1762057434.json"
"888510","710069","2025-11-10","42.00","AUD","1762057434","14629/2025-11-10/1762057434.json"
"653350","630660","2025-11-11","36.00","AUD","1762057434","14629/2025-11-11/1762057434.json"
"888510","710069","2025-11-11","42.00","AUD","1762057434","14629/2025-11-11/1762057434.json"
"653350","630660","2025-11-12","36.00","AUD","1762057434","14629/2025-11-12/1762057434.json"
"888510","710069","2025-11-12","42.00","AUD","1762057434","14629/2025-11-12/1762057434.json"
"653350","630660","2025-11-13","36.00","AUD","1762057434","14629/2025-11-13/1762057434.json"
"888510","710069","2025-11-13","42.00","AUD","1762057434","14629/2025-11-13/1762057434.json"
"653350","630660","2025-11-03","36.00","AUD","1762071736","14629/2025-11-03/1762071736.json"
"971684","835234","2025-11-03","42.00","AUD","1762071736","14629/2025-11-03/1762071736.json"
"653350","630660","2025-11-09","36.00","AUD","1762071736","14629/2025-11-09/1762071736.json"
"885717","706057","2025-11-08","36.00","AUD","1762071736","14629/2025-11-08/1762071736.json"
"653350","630660","2025-11-08","36.00","AUD","1762071736","14629/2025-11-08/1762071736.json"
"653350","630660","2025-11-10","36.00","AUD","1762071736","14629/2025-11-10/1762071736.json"
"888510","710069","2025-11-10","42.00","AUD","1762071736","14629/2025-11-10/1762071736.json"
"653350","630660","2025-11-12","36.00","AUD","1762071736","14629/2025-11-12/1762071736.json"
"888510","710069","2025-11-12","42.00","AUD","1762071736","14629/2025-11-12/1762071736.json"
"653350","630660","2025-11-11","36.00","AUD","1762071736","14629/2025-11-11/1762071736.json"
"888510","710069","2025-11-11","42.00","AUD","1762071736","14629/2025-11-11/1762071736.json"
"653350","630660","2025-11-13","36.00","AUD","1762071736","14629/2025-11-13/1762071736.json"
"888510","710069","2025-11-13","42.00","AUD","1762071736","14629/2025-11-13/1762071736.json"
"653350","630660","2025-11-03","36.00","AUD","1762086681","14629/2025-11-03/1762086681.json"
"971684","835234","2025-11-03","42.00","AUD","1762086681","14629/2025-11-03/1762086681.json"
"885717","706057","2025-11-08","36.00","AUD","1762086681","14629/2025-11-08/1762086681.json"
"653350","630660","2025-11-08","36.00","AUD","1762086681","14629/2025-11-08/1762086681.json"
"653350","630660","2025-11-09","36.00","AUD","1762086681","14629/2025-11-09/1762086681.json"
"653350","630660","2025-11-10","36.00","AUD","1762086681","14629/2025-11-10/1762086681.json"
"888510","710069","2025-11-10","42.00","AUD","1762086681","14629/2025-11-10/1762086681.json"
"653350","630660","2025-11-11","36.00","AUD","1762086681","14629/2025-11-11/1762086681.json"
"888510","710069","2025-11-11","42.00","AUD","1762086681","14629/2025-11-11/1762086681.json"
"653350","630660","2025-11-12","36.00","AUD","1762086681","14629/2025-11-12/1762086681.json"
"888510","710069","2025-11-12","42.00","AUD","1762086681","14629/2025-11-12/1762086681.json"
"653350","630660","2025-11-13","36.00","AUD","1762086681","14629/2025-11-13/1762086681.json"
"888510","710069","2025-11-13","42.00","AUD","1762086681","14629/2025-11-13/1762086681.json"
"653350","630660","2025-11-03","36.00","AUD","1762100642","14629/2025-11-03/1762100642.json"
"971684","835234","2025-11-03","42.00","AUD","1762100642","14629/2025-11-03/1762100642.json"
"885717","706057","2025-11-08","36.00","AUD","1762100642","14629/2025-11-08/1762100642.json"
"653350","630660","2025-11-08","36.00","AUD","1762100642","14629/2025-11-08/1762100642.json"
"653350","630660","2025-11-09","36.00","AUD","1762100642","14629/2025-11-09/1762100642.json"
"653350","630660","2025-11-10","36.00","AUD","1762100642","14629/2025-11-10/1762100642.json"
"888510","710069","2025-11-10","42.00","AUD","1762100642","14629/2025-11-10/1762100642.json"
"653350","630660","2025-11-11","36.00","AUD","1762100642","14629/2025-11-11/1762100642.json"
"888510","710069","2025-11-11","42.00","AUD","1762100642","14629/2025-11-11/1762100642.json"
"653350","630660","2025-11-13","36.00","AUD","1762100642","14629/2025-11-13/1762100642.json"
"888510","710069","2025-11-13","42.00","AUD","1762100642","14629/2025-11-13/1762100642.json"
"653350","630660","2025-11-12","36.00","AUD","1762100642","14629/2025-11-12/1762100642.json"
"888510","710069","2025-11-12","42.00","AUD","1762100642","14629/2025-11-12/1762100642.json"
"653350","630660","2025-11-03","36.00","AUD","1762114885","14629/2025-11-03/1762114885.json"
"971684","835234","2025-11-03","42.00","AUD","1762114885","14629/2025-11-03/1762114885.json"
"885717","706057","2025-11-08","36.00","AUD","1762114885","14629/2025-11-08/1762114885.json"
"653350","630660","2025-11-08","36.00","AUD","1762114885","14629/2025-11-08/1762114885.json"
"653350","630660","2025-11-10","36.00","AUD","1762114885","14629/2025-11-10/1762114885.json"
"888510","710069","2025-11-10","42.00","AUD","1762114885","14629/2025-11-10/1762114885.json"
"653350","630660","2025-11-09","36.00","AUD","1762114885","14629/2025-11-09/1762114885.json"
"653350","630660","2025-11-11","36.00","AUD","1762114885","14629/2025-11-11/1762114885.json"
"888510","710069","2025-11-11","42.00","AUD","1762114885","14629/2025-11-11/1762114885.json"
"653350","630660","2025-11-12","36.00","AUD","1762114885","14629/2025-11-12/1762114885.json"
"888510","710069","2025-11-12","42.00","AUD","1762114885","14629/2025-11-12/1762114885.json"
"653350","630660","2025-11-13","36.00","AUD","1762114885","14629/2025-11-13/1762114885.json"
"888510","710069","2025-11-13","42.00","AUD","1762114885","14629/2025-11-13/1762114885.json"
"653350","630660","2025-11-03","36.00","AUD","1762132327","14629/2025-11-03/1762132327.json"
"971684","835234","2025-11-03","42.00","AUD","1762132327","14629/2025-11-03/1762132327.json"
"885717","706057","2025-11-08","36.00","AUD","1762132327","14629/2025-11-08/1762132327.json"
"653350","630660","2025-11-03","36.00","AUD","1762143992","14629/2025-11-03/1762143992.json"
"971684","835234","2025-11-03","42.00","AUD","1762143992","14629/2025-11-03/1762143992.json"
"1004618","882330","2025-11-08","42.00","AUD","1762143992","14629/2025-11-08/1762143992.json"
"1004618","882330","2025-11-08","42.00","AUD","1762158264","14629/2025-11-08/1762158264.json"
"1004618","882330","2025-11-08","42.00","AUD","1762173465","14629/2025-11-08/1762173465.json"
"1004618","882330","2025-11-08","42.00","AUD","1762186886","14629/2025-11-08/1762186886.json"
"1004618","882330","2025-11-08","42.00","AUD","1762201227","14629/2025-11-08/1762201227.json"
"885716","706059","2025-11-14","52.00","AUD","1762823480","14629/2025-11-14/1762823480.json"
"885716","706059","2025-11-13","52.00","AUD","1762823480","14629/2025-11-13/1762823480.json"
"885716","706059","2025-11-16","52.00","AUD","1762823480","14629/2025-11-16/1762823480.json"
"1004617","882331","2025-11-16","56.95","AUD","1762823480","14629/2025-11-16/1762823480.json"
"885716","706059","2025-11-15","52.00","AUD","1762823480","14629/2025-11-15/1762823480.json"
"885716","706059","2025-11-18","52.00","AUD","1762823480","14629/2025-11-18/1762823480.json"
"1004617","882331","2025-11-18","56.95","AUD","1762823480","14629/2025-11-18/1762823480.json"
"885716","706059","2025-11-17","52.00","AUD","1762823480","14629/2025-11-17/1762823480.json"
"1004617","882331","2025-11-17","56.95","AUD","1762823480","14629/2025-11-17/1762823480.json"
"885716","706059","2025-11-19","52.00","AUD","1762823480","14629/2025-11-19/1762823480.json"
"1004617","882331","2025-11-19","56.95","AUD","1762823480","14629/2025-11-19/1762823480.json"
"1004617","882331","2025-11-22","56.95","AUD","1762823480","14629/2025-11-22/1762823480.json"
"885716","706059","2025-11-20","52.00","AUD","1762823480","14629/2025-11-20/1762823480.json"
"1004617","882331","2025-11-21","56.95","AUD","1762823480","14629/2025-11-21/1762823480.json"
"1004617","882331","2025-11-20","56.95","AUD","1762823480","14629/2025-11-20/1762823480.json"
"1004617","882331","2025-11-23","56.95","AUD","1762823480","14629/2025-11-23/1762823480.json"
"1004617","882331","2025-11-24","56.95","AUD","1762823480","14629/2025-11-24/1762823480.json"
"1004617","882331","2025-11-25","56.95","AUD","1762823480","14629/2025-11-25/1762823480.json"
"1004617","882331","2025-11-26","56.95","AUD","1762823480","14629/2025-11-26/1762823480.json"
"1004617","882331","2025-11-27","56.95","AUD","1762823480","14629/2025-11-27/1762823480.json"
"1004617","882331","2025-11-28","56.95","AUD","1762823480","14629/2025-11-28/1762823480.json"
"1004617","882331","2025-11-30","56.95","AUD","1762823480","14629/2025-11-30/1762823480.json"
"1004617","882331","2025-11-29","56.95","AUD","1762823480","14629/2025-11-29/1762823480.json"
"1004617","882331","2025-12-01","55.44","AUD","1762823480","14629/2025-12-01/1762823480.json"
"1004617","882331","2025-12-04","37.80","AUD","1762823480","14629/2025-12-04/1762823480.json"
"1004617","882331","2025-12-03","37.80","AUD","1762823480","14629/2025-12-03/1762823480.json"
"1004617","882331","2025-12-02","37.80","AUD","1762823480","14629/2025-12-02/1762823480.json"
"1004617","882331","2025-12-05","37.80","AUD","1762823480","14629/2025-12-05/1762823480.json"
"1004617","882331","2025-12-07","37.80","AUD","1762823480","14629/2025-12-07/1762823480.json"
"1004617","882331","2025-12-06","37.80","AUD","1762823480","14629/2025-12-06/1762823480.json"
"885716","706059","2025-11-14","52.00","AUD","1762835174","14629/2025-11-14/1762835174.json"
"885716","706059","2025-11-13","52.00","AUD","1762835174","14629/2025-11-13/1762835174.json"
"885716","706059","2025-11-17","52.00","AUD","1762835174","14629/2025-11-17/1762835174.json"
"885716","706059","2025-11-16","52.00","AUD","1762835174","14629/2025-11-16/1762835174.json"
"1004617","882331","2025-11-17","56.95","AUD","1762835174","14629/2025-11-17/1762835174.json"
"1004617","882331","2025-11-16","56.95","AUD","1762835174","14629/2025-11-16/1762835174.json"
"885716","706059","2025-11-15","52.00","AUD","1762835174","14629/2025-11-15/1762835174.json"
"885716","706059","2025-11-18","52.00","AUD","1762835174","14629/2025-11-18/1762835174.json"
"1004617","882331","2025-11-18","56.95","AUD","1762835174","14629/2025-11-18/1762835174.json"
"885716","706059","2025-11-20","52.00","AUD","1762835174","14629/2025-11-20/1762835174.json"
"1004617","882331","2025-11-20","56.95","AUD","1762835174","14629/2025-11-20/1762835174.json"
"1004617","882331","2025-11-21","56.95","AUD","1762835174","14629/2025-11-21/1762835174.json"
"1004617","882331","2025-11-22","56.95","AUD","1762835174","14629/2025-11-22/1762835174.json"
"885716","706059","2025-11-19","52.00","AUD","1762835174","14629/2025-11-19/1762835174.json"
"1004617","882331","2025-11-19","56.95","AUD","1762835174","14629/2025-11-19/1762835174.json"
"1004617","882331","2025-11-23","56.95","AUD","1762835174","14629/2025-11-23/1762835174.json"
"1004617","882331","2025-11-24","56.95","AUD","1762835174","14629/2025-11-24/1762835174.json"
"1004617","882331","2025-11-26","56.95","AUD","1762835174","14629/2025-11-26/1762835174.json"
"1004617","882331","2025-11-25","56.95","AUD","1762835174","14629/2025-11-25/1762835174.json"
"1004617","882331","2025-11-29","56.95","AUD","1762835174","14629/2025-11-29/1762835174.json"
"1004617","882331","2025-11-30","56.95","AUD","1762835174","14629/2025-11-30/1762835174.json"
"1004617","882331","2025-11-28","56.95","AUD","1762835174","14629/2025-11-28/1762835174.json"
"1004617","882331","2025-12-02","37.80","AUD","1762835174","14629/2025-12-02/1762835174.json"
"1004617","882331","2025-12-01","55.44","AUD","1762835174","14629/2025-12-01/1762835174.json"
"1004617","882331","2025-12-03","37.80","AUD","1762835174","14629/2025-12-03/1762835174.json"
"1004617","882331","2025-12-04","37.80","AUD","1762835174","14629/2025-12-04/1762835174.json"
"1004617","882331","2025-12-05","37.80","AUD","1762835174","14629/2025-12-05/1762835174.json"
"1004617","882331","2025-11-27","56.95","AUD","1762835174","14629/2025-11-27/1762835174.json"
"1004617","882331","2025-12-06","37.80","AUD","1762835174","14629/2025-12-06/1762835174.json"
"1004617","882331","2025-12-07","37.80","AUD","1762835174","14629/2025-12-07/1762835174.json"
"885716","706059","2025-11-14","52.00","AUD","1762849658","14629/2025-11-14/1762849658.json"
"885716","706059","2025-11-13","52.00","AUD","1762849658","14629/2025-11-13/1762849658.json"
"885716","706059","2025-11-17","52.00","AUD","1762849658","14629/2025-11-17/1762849658.json"
"1004617","882331","2025-11-17","56.95","AUD","1762849658","14629/2025-11-17/1762849658.json"
"885716","706059","2025-11-16","52.00","AUD","1762849658","14629/2025-11-16/1762849658.json"
"1004617","882331","2025-11-16","56.95","AUD","1762849658","14629/2025-11-16/1762849658.json"
"885716","706059","2025-11-18","52.00","AUD","1762849658","14629/2025-11-18/1762849658.json"
"1004617","882331","2025-11-18","56.95","AUD","1762849658","14629/2025-11-18/1762849658.json"
"885716","706059","2025-11-15","52.00","AUD","1762849658","14629/2025-11-15/1762849658.json"
"885716","706059","2025-11-19","52.00","AUD","1762849658","14629/2025-11-19/1762849658.json"
"1004617","882331","2025-11-19","56.95","AUD","1762849658","14629/2025-11-19/1762849658.json"
"1004617","882331","2025-11-22","56.95","AUD","1762849658","14629/2025-11-22/1762849658.json"
"1004617","882331","2025-11-21","56.95","AUD","1762849658","14629/2025-11-21/1762849658.json"
"885716","706059","2025-11-20","52.00","AUD","1762849658","14629/2025-11-20/1762849658.json"
"1004617","882331","2025-11-20","56.95","AUD","1762849658","14629/2025-11-20/1762849658.json"
"1004617","882331","2025-11-23","56.95","AUD","1762849658","14629/2025-11-23/1762849658.json"
"1004617","882331","2025-11-24","56.95","AUD","1762849658","14629/2025-11-24/1762849658.json"
"1004617","882331","2025-11-25","56.95","AUD","1762849658","14629/2025-11-25/1762849658.json"
"1004617","882331","2025-11-26","56.95","AUD","1762849658","14629/2025-11-26/1762849658.json"
"1004617","882331","2025-11-27","56.95","AUD","1762849658","14629/2025-11-27/1762849658.json"
"1004617","882331","2025-11-28","56.95","AUD","1762849658","14629/2025-11-28/1762849658.json"
"1004617","882331","2025-11-29","56.95","AUD","1762849658","14629/2025-11-29/1762849658.json"
"1004617","882331","2025-12-04","37.80","AUD","1762849658","14629/2025-12-04/1762849658.json"
"1004617","882331","2025-12-03","37.80","AUD","1762849658","14629/2025-12-03/1762849658.json"
"1004617","882331","2025-12-05","37.80","AUD","1762849658","14629/2025-12-05/1762849658.json"
"1004617","882331","2025-12-06","37.80","AUD","1762849658","14629/2025-12-06/1762849658.json"
"1004617","882331","2025-12-07","37.80","AUD","1762849658","14629/2025-12-07/1762849658.json"
"885716","706059","2025-11-13","52.00","AUD","1762864699","14629/2025-11-13/1762864699.json"
"885716","706059","2025-11-16","52.00","AUD","1762864699","14629/2025-11-16/1762864699.json"
"1004617","882331","2025-11-16","56.95","AUD","1762864699","14629/2025-11-16/1762864699.json"
"885716","706059","2025-11-17","52.00","AUD","1762864699","14629/2025-11-17/1762864699.json"
"1004617","882331","2025-11-17","56.95","AUD","1762864699","14629/2025-11-17/1762864699.json"
"885716","706059","2025-11-18","52.00","AUD","1762864699","14629/2025-11-18/1762864699.json"
"1004617","882331","2025-11-18","56.95","AUD","1762864699","14629/2025-11-18/1762864699.json"
"885716","706059","2025-11-19","52.00","AUD","1762864699","14629/2025-11-19/1762864699.json"
"1004617","882331","2025-11-19","56.95","AUD","1762864699","14629/2025-11-19/1762864699.json"
"885716","706059","2025-11-20","52.00","AUD","1762864699","14629/2025-11-20/1762864699.json"
"1004617","882331","2025-11-20","56.95","AUD","1762864699","14629/2025-11-20/1762864699.json"
"1004617","882331","2025-11-21","56.95","AUD","1762864699","14629/2025-11-21/1762864699.json"
"1004617","882331","2025-11-22","56.95","AUD","1762864699","14629/2025-11-22/1762864699.json"
"1004617","882331","2025-11-26","56.95","AUD","1762864699","14629/2025-11-26/1762864699.json"
"1004617","882331","2025-11-24","56.95","AUD","1762864699","14629/2025-11-24/1762864699.json"
"1004617","882331","2025-11-25","56.95","AUD","1762864699","14629/2025-11-25/1762864699.json"
"1004617","882331","2025-11-23","56.95","AUD","1762864699","14629/2025-11-23/1762864699.json"
"1004617","882331","2025-11-27","56.95","AUD","1762864699","14629/2025-11-27/1762864699.json"
"1004617","882331","2025-11-29","56.95","AUD","1762864699","14629/2025-11-29/1762864699.json"
"1004617","882331","2025-11-28","56.95","AUD","1762864699","14629/2025-11-28/1762864699.json"
"1004617","882331","2025-12-03","37.80","AUD","1762864699","14629/2025-12-03/1762864699.json"
"1004617","882331","2025-12-04","37.80","AUD","1762864699","14629/2025-12-04/1762864699.json"
"1004617","882331","2025-12-05","37.80","AUD","1762864699","14629/2025-12-05/1762864699.json"
"1004617","882331","2025-12-06","37.80","AUD","1762864699","14629/2025-12-06/1762864699.json"
"1004617","882331","2025-12-07","37.80","AUD","1762864699","14629/2025-12-07/1762864699.json"
"885716","706059","2025-11-13","52.00","AUD","1762878377","14629/2025-11-13/1762878377.json"
"885716","706059","2025-11-18","52.00","AUD","1762878377","14629/2025-11-18/1762878377.json"
"1004617","882331","2025-11-18","56.95","AUD","1762878377","14629/2025-11-18/1762878377.json"
"885716","706059","2025-11-17","52.00","AUD","1762878377","14629/2025-11-17/1762878377.json"
"1004617","882331","2025-11-17","56.95","AUD","1762878377","14629/2025-11-17/1762878377.json"
"885716","706059","2025-11-16","52.00","AUD","1762878377","14629/2025-11-16/1762878377.json"
"1004617","882331","2025-11-16","56.95","AUD","1762878377","14629/2025-11-16/1762878377.json"
"885716","706059","2025-11-19","52.00","AUD","1762878377","14629/2025-11-19/1762878377.json"
"1004617","882331","2025-11-19","56.95","AUD","1762878377","14629/2025-11-19/1762878377.json"
"885716","706059","2025-11-20","52.00","AUD","1762878377","14629/2025-11-20/1762878377.json"
"1004617","882331","2025-11-20","56.95","AUD","1762878377","14629/2025-11-20/1762878377.json"
"1004617","882331","2025-11-21","56.95","AUD","1762878377","14629/2025-11-21/1762878377.json"
"1004617","882331","2025-11-23","56.95","AUD","1762878377","14629/2025-11-23/1762878377.json"
"1004617","882331","2025-11-22","56.95","AUD","1762878377","14629/2025-11-22/1762878377.json"
"1004617","882331","2025-11-24","56.95","AUD","1762878377","14629/2025-11-24/1762878377.json"
"1004617","882331","2025-11-25","56.95","AUD","1762878377","14629/2025-11-25/1762878377.json"
"1004617","882331","2025-11-26","56.95","AUD","1762878377","14629/2025-11-26/1762878377.json"
"1004617","882331","2025-11-27","56.95","AUD","1762878377","14629/2025-11-27/1762878377.json"
"1004617","882331","2025-11-28","56.95","AUD","1762878377","14629/2025-11-28/1762878377.json"
"1004617","882331","2025-11-29","56.95","AUD","1762878377","14629/2025-11-29/1762878377.json"
"1004617","882331","2025-12-03","8399.16","AUD","1762878377","14629/2025-12-03/1762878377.json"
"1004617","882331","2025-12-04","8399.16","AUD","1762878377","14629/2025-12-04/1762878377.json"
"1004617","882331","2025-12-05","8399.16","AUD","1762878377","14629/2025-12-05/1762878377.json"
"1004617","882331","2025-12-06","8399.16","AUD","1762878377","14629/2025-12-06/1762878377.json"
"1004617","882331","2025-12-07","8399.16","AUD","1762878377","14629/2025-12-07/1762878377.json"
"885716","706059","2025-11-13","52.00","AUD","1762892424","14629/2025-11-13/1762892424.json"
"885716","706059","2025-11-17","52.00","AUD","1762892424","14629/2025-11-17/1762892424.json"
"1004617","882331","2025-11-17","56.95","AUD","1762892424","14629/2025-11-17/1762892424.json"
"885716","706059","2025-11-16","52.00","AUD","1762892424","14629/2025-11-16/1762892424.json"
"1004617","882331","2025-11-16","56.95","AUD","1762892424","14629/2025-11-16/1762892424.json"
"885716","706059","2025-11-18","52.00","AUD","1762892424","14629/2025-11-18/1762892424.json"
"1004617","882331","2025-11-18","56.95","AUD","1762892424","14629/2025-11-18/1762892424.json"
"885716","706059","2025-11-19","52.00","AUD","1762892424","14629/2025-11-19/1762892424.json"
"1004617","882331","2025-11-19","56.95","AUD","1762892424","14629/2025-11-19/1762892424.json"
"1004617","882331","2025-11-21","56.95","AUD","1762892424","14629/2025-11-21/1762892424.json"
"885716","706059","2025-11-20","52.00","AUD","1762892424","14629/2025-11-20/1762892424.json"
"1004617","882331","2025-11-20","56.95","AUD","1762892424","14629/2025-11-20/1762892424.json"
"1004617","882331","2025-11-23","56.95","AUD","1762892424","14629/2025-11-23/1762892424.json"
"1004617","882331","2025-11-22","56.95","AUD","1762892424","14629/2025-11-22/1762892424.json"
"1004617","882331","2025-11-24","56.95","AUD","1762892424","14629/2025-11-24/1762892424.json"
"1004617","882331","2025-11-25","56.95","AUD","1762892424","14629/2025-11-25/1762892424.json"
"1004617","882331","2025-11-26","56.95","AUD","1762892424","14629/2025-11-26/1762892424.json"
"1004617","882331","2025-11-27","56.95","AUD","1762892424","14629/2025-11-27/1762892424.json"
"1004617","882331","2025-11-29","56.95","AUD","1762892424","14629/2025-11-29/1762892424.json"
"1004617","882331","2025-11-28","56.95","AUD","1762892424","14629/2025-11-28/1762892424.json"
"1004617","882331","2025-12-03","8399.16","AUD","1762892424","14629/2025-12-03/1762892424.json"
"1004617","882331","2025-12-04","8399.16","AUD","1762892424","14629/2025-12-04/1762892424.json"
"1004617","882331","2025-12-05","8399.16","AUD","1762892424","14629/2025-12-05/1762892424.json"
"1004617","882331","2025-12-06","8399.16","AUD","1762892424","14629/2025-12-06/1762892424.json"
"1004617","882331","2025-12-07","8399.16","AUD","1762892424","14629/2025-12-07/1762892424.json"
"885716","706059","2025-11-13","52.00","AUD","1762909794","14629/2025-11-13/1762909794.json"
"885716","706059","2025-11-16","52.00","AUD","1762909794","14629/2025-11-16/1762909794.json"
"1004617","882331","2025-11-16","56.95","AUD","1762909794","14629/2025-11-16/1762909794.json"
"885716","706059","2025-11-19","52.00","AUD","1762909794","14629/2025-11-19/1762909794.json"
"1004617","882331","2025-11-19","56.95","AUD","1762909794","14629/2025-11-19/1762909794.json"
"885716","706059","2025-11-17","52.00","AUD","1762909794","14629/2025-11-17/1762909794.json"
"1004617","882331","2025-11-17","56.95","AUD","1762909794","14629/2025-11-17/1762909794.json"
"885716","706059","2025-11-18","52.00","AUD","1762909794","14629/2025-11-18/1762909794.json"
"1004617","882331","2025-11-18","56.95","AUD","1762909794","14629/2025-11-18/1762909794.json"
"885716","706059","2025-11-20","52.00","AUD","1762909794","14629/2025-11-20/1762909794.json"
"1004617","882331","2025-11-20","56.95","AUD","1762909794","14629/2025-11-20/1762909794.json"
"1004617","882331","2025-11-21","56.95","AUD","1762909794","14629/2025-11-21/1762909794.json"
"1004617","882331","2025-11-22","56.95","AUD","1762909794","14629/2025-11-22/1762909794.json"
"1004617","882331","2025-11-23","56.95","AUD","1762909794","14629/2025-11-23/1762909794.json"
"1004617","882331","2025-11-24","56.95","AUD","1762909794","14629/2025-11-24/1762909794.json"
"1004617","882331","2025-11-25","56.95","AUD","1762909794","14629/2025-11-25/1762909794.json"
"1004617","882331","2025-11-26","56.95","AUD","1762909794","14629/2025-11-26/1762909794.json"
"1004617","882331","2025-11-27","56.95","AUD","1762909794","14629/2025-11-27/1762909794.json"
"1004617","882331","2025-11-28","56.95","AUD","1762909794","14629/2025-11-28/1762909794.json"
"1004617","882331","2025-11-29","56.95","AUD","1762909794","14629/2025-11-29/1762909794.json"
"1004617","882331","2025-12-03","8399.16","AUD","1762909794","14629/2025-12-03/1762909794.json"
"1004617","882331","2025-12-04","8399.16","AUD","1762909794","14629/2025-12-04/1762909794.json"
"1004617","882331","2025-12-05","8399.16","AUD","1762909794","14629/2025-12-05/1762909794.json"
"1004617","882331","2025-12-06","8399.16","AUD","1762909794","14629/2025-12-06/1762909794.json"
"1004617","882331","2025-12-07","8399.16","AUD","1762909794","14629/2025-12-07/1762909794.json"
"885716","706059","2025-11-13","52.00","AUD","1762921290","14629/2025-11-13/1762921290.json"
"885716","706059","2025-11-18","52.00","AUD","1762921290","14629/2025-11-18/1762921290.json"
"1004617","882331","2025-11-18","56.95","AUD","1762921290","14629/2025-11-18/1762921290.json"
"885716","706059","2025-11-17","52.00","AUD","1762921290","14629/2025-11-17/1762921290.json"
"1004617","882331","2025-11-17","56.95","AUD","1762921290","14629/2025-11-17/1762921290.json"
"885716","706059","2025-11-16","52.00","AUD","1762921290","14629/2025-11-16/1762921290.json"
"1004617","882331","2025-11-16","56.95","AUD","1762921290","14629/2025-11-16/1762921290.json"
"885716","706059","2025-11-19","52.00","AUD","1762921290","14629/2025-11-19/1762921290.json"
"1004617","882331","2025-11-19","56.95","AUD","1762921290","14629/2025-11-19/1762921290.json"
"1004617","882331","2025-11-23","56.95","AUD","1762921290","14629/2025-11-23/1762921290.json"
"1004617","882331","2025-11-21","56.95","AUD","1762921290","14629/2025-11-21/1762921290.json"
"1004617","882331","2025-11-22","56.95","AUD","1762921290","14629/2025-11-22/1762921290.json"
"885716","706059","2025-11-20","52.00","AUD","1762921290","14629/2025-11-20/1762921290.json"
"1004617","882331","2025-11-20","56.95","AUD","1762921290","14629/2025-11-20/1762921290.json"
"1004617","882331","2025-11-24","56.95","AUD","1762921290","14629/2025-11-24/1762921290.json"
"1004617","882331","2025-11-25","56.95","AUD","1762921290","14629/2025-11-25/1762921290.json"
"1004617","882331","2025-11-26","56.95","AUD","1762921290","14629/2025-11-26/1762921290.json"
"1004617","882331","2025-11-27","56.95","AUD","1762921290","14629/2025-11-27/1762921290.json"
"1004617","882331","2025-11-28","56.95","AUD","1762921290","14629/2025-11-28/1762921290.json"
"1004617","882331","2025-11-29","56.95","AUD","1762921290","14629/2025-11-29/1762921290.json"
"1004617","882331","2025-12-03","8399.16","AUD","1762921290","14629/2025-12-03/1762921290.json"
"1004617","882331","2025-12-04","8399.16","AUD","1762921290","14629/2025-12-04/1762921290.json"
"1004617","882331","2025-12-05","8399.16","AUD","1762921290","14629/2025-12-05/1762921290.json"
"1004617","882331","2025-12-06","8399.16","AUD","1762921290","14629/2025-12-06/1762921290.json"
"1004617","882331","2025-12-07","8399.16","AUD","1762921290","14629/2025-12-07/1762921290.json"
"885716","706059","2025-11-13","52.00","AUD","1762935789","14629/2025-11-13/1762935789.json"
"885716","706059","2025-11-16","52.00","AUD","1762935789","14629/2025-11-16/1762935789.json"
"1004617","882331","2025-11-16","56.95","AUD","1762935789","14629/2025-11-16/1762935789.json"
"885716","706059","2025-11-18","52.00","AUD","1762935789","14629/2025-11-18/1762935789.json"
"1004617","882331","2025-11-18","56.95","AUD","1762935789","14629/2025-11-18/1762935789.json"
"885716","706059","2025-11-17","52.00","AUD","1762935789","14629/2025-11-17/1762935789.json"
"1004617","882331","2025-11-17","56.95","AUD","1762935789","14629/2025-11-17/1762935789.json"
"885716","706059","2025-11-19","52.00","AUD","1762935789","14629/2025-11-19/1762935789.json"
"1004617","882331","2025-11-19","56.95","AUD","1762935789","14629/2025-11-19/1762935789.json"
"885716","706059","2025-11-20","52.00","AUD","1762935789","14629/2025-11-20/1762935789.json"
"1004617","882331","2025-11-20","56.95","AUD","1762935789","14629/2025-11-20/1762935789.json"
"1004617","882331","2025-11-21","56.95","AUD","1762935789","14629/2025-11-21/1762935789.json"
"1004617","882331","2025-11-22","56.95","AUD","1762935789","14629/2025-11-22/1762935789.json"
"1004617","882331","2025-11-23","56.95","AUD","1762935789","14629/2025-11-23/1762935789.json"
"1004617","882331","2025-11-24","56.95","AUD","1762935789","14629/2025-11-24/1762935789.json"
"1004617","882331","2025-11-25","56.95","AUD","1762935789","14629/2025-11-25/1762935789.json"
"1004617","882331","2025-11-27","56.95","AUD","1762935789","14629/2025-11-27/1762935789.json"
"1004617","882331","2025-11-26","56.95","AUD","1762935789","14629/2025-11-26/1762935789.json"
"1004617","882331","2025-11-28","56.95","AUD","1762935789","14629/2025-11-28/1762935789.json"
"1004617","882331","2025-11-29","56.95","AUD","1762935789","14629/2025-11-29/1762935789.json"
"1004617","882331","2025-12-03","8399.16","AUD","1762935789","14629/2025-12-03/1762935789.json"
"1004617","882331","2025-12-04","8399.16","AUD","1762935789","14629/2025-12-04/1762935789.json"
"1004617","882331","2025-12-06","8399.16","AUD","1762935789","14629/2025-12-06/1762935789.json"
"1004617","882331","2025-12-07","8399.16","AUD","1762935789","14629/2025-12-07/1762935789.json"
"1004617","882331","2025-12-05","8399.16","AUD","1762935789","14629/2025-12-05/1762935789.json"
"885716","706059","2025-11-13","52.00","AUD","1762950746","14629/2025-11-13/1762950746.json"
"885716","706059","2025-11-18","52.00","AUD","1762950746","14629/2025-11-18/1762950746.json"
"1004617","882331","2025-11-18","56.95","AUD","1762950746","14629/2025-11-18/1762950746.json"
"885716","706059","2025-11-16","52.00","AUD","1762950746","14629/2025-11-16/1762950746.json"
"1004617","882331","2025-11-16","56.95","AUD","1762950746","14629/2025-11-16/1762950746.json"
"885716","706059","2025-11-17","52.00","AUD","1762950746","14629/2025-11-17/1762950746.json"
"1004617","882331","2025-11-17","56.95","AUD","1762950746","14629/2025-11-17/1762950746.json"
"885716","706059","2025-11-19","52.00","AUD","1762950746","14629/2025-11-19/1762950746.json"
"1004617","882331","2025-11-22","56.95","AUD","1762950746","14629/2025-11-22/1762950746.json"
"1004617","882331","2025-11-21","56.95","AUD","1762950746","14629/2025-11-21/1762950746.json"
"1004617","882331","2025-11-23","56.95","AUD","1762950746","14629/2025-11-23/1762950746.json"
"885716","706059","2025-11-20","52.00","AUD","1762950746","14629/2025-11-20/1762950746.json"
"1004617","882331","2025-11-20","56.95","AUD","1762950746","14629/2025-11-20/1762950746.json"
"1004617","882331","2025-11-24","56.95","AUD","1762950746","14629/2025-11-24/1762950746.json"
"1004617","882331","2025-11-26","56.95","AUD","1762950746","14629/2025-11-26/1762950746.json"
"1004617","882331","2025-11-25","56.95","AUD","1762950746","14629/2025-11-25/1762950746.json"
"1004617","882331","2025-11-27","56.95","AUD","1762950746","14629/2025-11-27/1762950746.json"
"1004617","882331","2025-11-28","56.95","AUD","1762950746","14629/2025-11-28/1762950746.json"
"1004617","882331","2025-11-29","56.95","AUD","1762950746","14629/2025-11-29/1762950746.json"
"1004617","882331","2025-12-03","8399.16","AUD","1762950746","14629/2025-12-03/1762950746.json"
"1004617","882331","2025-12-05","8399.16","AUD","1762950746","14629/2025-12-05/1762950746.json"
"1004617","882331","2025-12-04","8399.16","AUD","1762950746","14629/2025-12-04/1762950746.json"
"1004617","882331","2025-12-06","8399.16","AUD","1762950746","14629/2025-12-06/1762950746.json"
"1004617","882331","2025-12-07","8399.16","AUD","1762950746","14629/2025-12-07/1762950746.json"
"888510","710069","2025-11-16","42.00","AUD","1762964933","14629/2025-11-16/1762964933.json"
"885716","706059","2025-11-16","52.00","AUD","1762964933","14629/2025-11-16/1762964933.json"
"1004617","882331","2025-11-16","56.95","AUD","1762964933","14629/2025-11-16/1762964933.json"
"888510","710069","2025-11-17","42.00","AUD","1762964933","14629/2025-11-17/1762964933.json"
"885716","706059","2025-11-17","52.00","AUD","1762964933","14629/2025-11-17/1762964933.json"
"1004617","882331","2025-11-17","56.95","AUD","1762964933","14629/2025-11-17/1762964933.json"
"888510","710069","2025-11-18","42.00","AUD","1762964933","14629/2025-11-18/1762964933.json"
"885716","706059","2025-11-18","52.00","AUD","1762964933","14629/2025-11-18/1762964933.json"
"1004617","882331","2025-11-18","56.95","AUD","1762964933","14629/2025-11-18/1762964933.json"
"885716","706059","2025-11-19","52.00","AUD","1762964933","14629/2025-11-19/1762964933.json"
"885716","706059","2025-11-20","52.00","AUD","1762964933","14629/2025-11-20/1762964933.json"
"1004617","882331","2025-11-20","56.95","AUD","1762964933","14629/2025-11-20/1762964933.json"
"653350","630660","2025-11-21","36.00","AUD","1762964933","14629/2025-11-21/1762964933.json"
"1004617","882331","2025-11-21","56.95","AUD","1762964933","14629/2025-11-21/1762964933.json"
"653350","630660","2025-11-22","36.00","AUD","1762964933","14629/2025-11-22/1762964933.json"
"1004617","882331","2025-11-22","56.95","AUD","1762964933","14629/2025-11-22/1762964933.json"
"653350","630660","2025-11-23","36.00","AUD","1762964933","14629/2025-11-23/1762964933.json"
"1004617","882331","2025-11-23","56.95","AUD","1762964933","14629/2025-11-23/1762964933.json"
"653350","630660","2025-11-24","36.00","AUD","1762964933","14629/2025-11-24/1762964933.json"
"888510","710069","2025-11-24","42.00","AUD","1762964933","14629/2025-11-24/1762964933.json"
"1004617","882331","2025-11-24","56.95","AUD","1762964933","14629/2025-11-24/1762964933.json"
"653350","630660","2025-11-25","36.00","AUD","1762964933","14629/2025-11-25/1762964933.json"
"888510","710069","2025-11-25","42.00","AUD","1762964933","14629/2025-11-25/1762964933.json"
"1004617","882331","2025-11-25","56.95","AUD","1762964933","14629/2025-11-25/1762964933.json"
"888510","710069","2025-11-26","42.00","AUD","1762964933","14629/2025-11-26/1762964933.json"
"1004617","882331","2025-11-26","56.95","AUD","1762964933","14629/2025-11-26/1762964933.json"
"888510","710069","2025-11-27","42.00","AUD","1762964933","14629/2025-11-27/1762964933.json"
"1004617","882331","2025-11-27","56.95","AUD","1762964933","14629/2025-11-27/1762964933.json"
"888510","710069","2025-11-28","42.00","AUD","1762964933","14629/2025-11-28/1762964933.json"
"1004617","882331","2025-11-28","56.95","AUD","1762964933","14629/2025-11-28/1762964933.json"
"888510","710069","2025-11-29","42.00","AUD","1762964933","14629/2025-11-29/1762964933.json"
"1004617","882331","2025-11-29","56.95","AUD","1762964933","14629/2025-11-29/1762964933.json"
"888510","710069","2025-11-30","42.00","AUD","1762964933","14629/2025-11-30/1762964933.json"
"1004617","882331","2025-12-03","8399.16","AUD","1762964933","14629/2025-12-03/1762964933.json"
"1004617","882331","2025-12-05","8399.16","AUD","1762964933","14629/2025-12-05/1762964933.json"
"1004617","882331","2025-12-04","8399.16","AUD","1762964933","14629/2025-12-04/1762964933.json"
"1004617","882331","2025-12-06","8399.16","AUD","1762964933","14629/2025-12-06/1762964933.json"
"1004617","882331","2025-12-07","8399.16","AUD","1762964933","14629/2025-12-07/1762964933.json"
"888510","710069","2025-11-16","42.00","AUD","1762979083","14629/2025-11-16/1762979083.json"
"885716","706059","2025-11-16","52.00","AUD","1762979083","14629/2025-11-16/1762979083.json"
"1004617","882331","2025-11-16","56.95","AUD","1762979083","14629/2025-11-16/1762979083.json"
"888510","710069","2025-11-18","42.00","AUD","1762979083","14629/2025-11-18/1762979083.json"
"885716","706059","2025-11-18","52.00","AUD","1762979083","14629/2025-11-18/1762979083.json"
"1004617","882331","2025-11-18","56.95","AUD","1762979083","14629/2025-11-18/1762979083.json"
"888510","710069","2025-11-17","42.00","AUD","1762979083","14629/2025-11-17/1762979083.json"
"885716","706059","2025-11-17","52.00","AUD","1762979083","14629/2025-11-17/1762979083.json"
"1004617","882331","2025-11-17","56.95","AUD","1762979083","14629/2025-11-17/1762979083.json"
"885716","706059","2025-11-19","52.00","AUD","1762979083","14629/2025-11-19/1762979083.json"
"885716","706059","2025-11-20","52.00","AUD","1762979083","14629/2025-11-20/1762979083.json"
"1004617","882331","2025-11-20","56.95","AUD","1762979083","14629/2025-11-20/1762979083.json"
"653350","630660","2025-11-23","36.00","AUD","1762979083","14629/2025-11-23/1762979083.json"
"1004617","882331","2025-11-23","56.95","AUD","1762979083","14629/2025-11-23/1762979083.json"
"653350","630660","2025-11-22","36.00","AUD","1762979083","14629/2025-11-22/1762979083.json"
"1004617","882331","2025-11-22","56.95","AUD","1762979083","14629/2025-11-22/1762979083.json"
"653350","630660","2025-11-21","36.00","AUD","1762979083","14629/2025-11-21/1762979083.json"
"1004617","882331","2025-11-21","56.95","AUD","1762979083","14629/2025-11-21/1762979083.json"
"653350","630660","2025-11-24","36.00","AUD","1762979083","14629/2025-11-24/1762979083.json"
"888510","710069","2025-11-24","42.00","AUD","1762979083","14629/2025-11-24/1762979083.json"
"1004617","882331","2025-11-24","56.95","AUD","1762979083","14629/2025-11-24/1762979083.json"
"653350","630660","2025-11-25","36.00","AUD","1762979083","14629/2025-11-25/1762979083.json"
"888510","710069","2025-11-25","42.00","AUD","1762979083","14629/2025-11-25/1762979083.json"
"1004617","882331","2025-11-25","56.95","AUD","1762979083","14629/2025-11-25/1762979083.json"
"888510","710069","2025-11-28","42.00","AUD","1762979083","14629/2025-11-28/1762979083.json"
"1004617","882331","2025-11-28","56.95","AUD","1762979083","14629/2025-11-28/1762979083.json"
"888510","710069","2025-11-27","42.00","AUD","1762979083","14629/2025-11-27/1762979083.json"
"1004617","882331","2025-11-27","56.95","AUD","1762979083","14629/2025-11-27/1762979083.json"
"888510","710069","2025-11-26","42.00","AUD","1762979083","14629/2025-11-26/1762979083.json"
"1004617","882331","2025-11-26","56.95","AUD","1762979083","14629/2025-11-26/1762979083.json"
"888510","710069","2025-11-29","42.00","AUD","1762979083","14629/2025-11-29/1762979083.json"
"1004617","882331","2025-11-29","56.95","AUD","1762979083","14629/2025-11-29/1762979083.json"
"888510","710069","2025-11-30","42.00","AUD","1762979083","14629/2025-11-30/1762979083.json"
"1004617","882331","2025-12-03","8399.16","AUD","1762979083","14629/2025-12-03/1762979083.json"
"1004617","882331","2025-12-04","8399.16","AUD","1762979083","14629/2025-12-04/1762979083.json"
"1004617","882331","2025-12-05","8399.16","AUD","1762979083","14629/2025-12-05/1762979083.json"
"1004617","882331","2025-12-06","8399.16","AUD","1762979083","14629/2025-12-06/1762979083.json"
"1004617","882331","2025-12-07","8399.16","AUD","1762979083","14629/2025-12-07/1762979083.json"
"888510","710069","2025-11-16","42.00","AUD","1762996444","14629/2025-11-16/1762996444.json"
"885716","706059","2025-11-16","52.00","AUD","1762996444","14629/2025-11-16/1762996444.json"
"1004617","882331","2025-11-16","56.95","AUD","1762996444","14629/2025-11-16/1762996444.json"
"888510","710069","2025-11-18","42.00","AUD","1762996444","14629/2025-11-18/1762996444.json"
"885716","706059","2025-11-18","52.00","AUD","1762996444","14629/2025-11-18/1762996444.json"
"1004617","882331","2025-11-18","56.95","AUD","1762996444","14629/2025-11-18/1762996444.json"
"888510","710069","2025-11-17","42.00","AUD","1762996444","14629/2025-11-17/1762996444.json"
"885716","706059","2025-11-17","52.00","AUD","1762996444","14629/2025-11-17/1762996444.json"
"1004617","882331","2025-11-17","56.95","AUD","1762996444","14629/2025-11-17/1762996444.json"
"885716","706059","2025-11-19","52.00","AUD","1762996444","14629/2025-11-19/1762996444.json"
"885716","706059","2025-11-20","52.00","AUD","1762996444","14629/2025-11-20/1762996444.json"
"1004617","882331","2025-11-20","56.95","AUD","1762996444","14629/2025-11-20/1762996444.json"
"653350","630660","2025-11-21","36.00","AUD","1762996444","14629/2025-11-21/1762996444.json"
"1004617","882331","2025-11-21","56.95","AUD","1762996444","14629/2025-11-21/1762996444.json"
"653350","630660","2025-11-23","36.00","AUD","1762996444","14629/2025-11-23/1762996444.json"
"1004617","882331","2025-11-23","56.95","AUD","1762996444","14629/2025-11-23/1762996444.json"
"653350","630660","2025-11-24","36.00","AUD","1762996444","14629/2025-11-24/1762996444.json"
"888510","710069","2025-11-24","42.00","AUD","1762996444","14629/2025-11-24/1762996444.json"
"1004617","882331","2025-11-24","56.95","AUD","1762996444","14629/2025-11-24/1762996444.json"
"653350","630660","2025-11-22","36.00","AUD","1762996444","14629/2025-11-22/1762996444.json"
"1004617","882331","2025-11-22","56.95","AUD","1762996444","14629/2025-11-22/1762996444.json"
"653350","630660","2025-11-25","36.00","AUD","1762996444","14629/2025-11-25/1762996444.json"
"888510","710069","2025-11-25","42.00","AUD","1762996444","14629/2025-11-25/1762996444.json"
"1004617","882331","2025-11-25","56.95","AUD","1762996444","14629/2025-11-25/1762996444.json"
"888510","710069","2025-11-26","42.00","AUD","1762996444","14629/2025-11-26/1762996444.json"
"1004617","882331","2025-11-26","56.95","AUD","1762996444","14629/2025-11-26/1762996444.json"
"888510","710069","2025-11-27","42.00","AUD","1762996444","14629/2025-11-27/1762996444.json"
"1004617","882331","2025-11-27","56.95","AUD","1762996444","14629/2025-11-27/1762996444.json"
"888510","710069","2025-11-28","42.00","AUD","1762996444","14629/2025-11-28/1762996444.json"
"1004617","882331","2025-11-28","56.95","AUD","1762996444","14629/2025-11-28/1762996444.json"
"888510","710069","2025-11-29","42.00","AUD","1762996444","14629/2025-11-29/1762996444.json"
"1004617","882331","2025-11-29","56.95","AUD","1762996444","14629/2025-11-29/1762996444.json"
"888510","710069","2025-11-30","42.00","AUD","1762996444","14629/2025-11-30/1762996444.json"
"1004617","882331","2025-12-03","8399.16","AUD","1762996444","14629/2025-12-03/1762996444.json"
"1004617","882331","2025-12-04","8399.16","AUD","1762996444","14629/2025-12-04/1762996444.json"
"1004617","882331","2025-12-05","8399.16","AUD","1762996444","14629/2025-12-05/1762996444.json"
"1004617","882331","2025-12-06","8399.16","AUD","1762996444","14629/2025-12-06/1762996444.json"
"1004617","882331","2025-12-07","8399.16","AUD","1762996444","14629/2025-12-07/1762996444.json"
"888510","710069","2025-11-16","42.00","AUD","1763007966","14629/2025-11-16/1763007966.json"
"885716","706059","2025-11-16","52.00","AUD","1763007966","14629/2025-11-16/1763007966.json"
"1004617","882331","2025-11-16","56.95","AUD","1763007966","14629/2025-11-16/1763007966.json"
"888510","710069","2025-11-18","42.00","AUD","1763007966","14629/2025-11-18/1763007966.json"
"885716","706059","2025-11-20","52.00","AUD","1763007966","14629/2025-11-20/1763007966.json"
"885716","706059","2025-11-18","52.00","AUD","1763007966","14629/2025-11-18/1763007966.json"
"1004617","882331","2025-11-20","56.95","AUD","1763007966","14629/2025-11-20/1763007966.json"
"1004617","882331","2025-11-18","56.95","AUD","1763007966","14629/2025-11-18/1763007966.json"
"885716","706059","2025-11-19","52.00","AUD","1763007966","14629/2025-11-19/1763007966.json"
"888510","710069","2025-11-17","42.00","AUD","1763007966","14629/2025-11-17/1763007966.json"
"885716","706059","2025-11-17","52.00","AUD","1763007966","14629/2025-11-17/1763007966.json"
"1004617","882331","2025-11-17","56.95","AUD","1763007966","14629/2025-11-17/1763007966.json"
"653350","630660","2025-11-22","36.00","AUD","1763007966","14629/2025-11-22/1763007966.json"
"1004617","882331","2025-11-22","56.95","AUD","1763007966","14629/2025-11-22/1763007966.json"
"653350","630660","2025-11-23","36.00","AUD","1763007966","14629/2025-11-23/1763007966.json"
"1004617","882331","2025-11-23","56.95","AUD","1763007966","14629/2025-11-23/1763007966.json"
"653350","630660","2025-11-21","36.00","AUD","1763007966","14629/2025-11-21/1763007966.json"
"1004617","882331","2025-11-21","56.95","AUD","1763007966","14629/2025-11-21/1763007966.json"
"653350","630660","2025-11-25","36.00","AUD","1763007966","14629/2025-11-25/1763007966.json"
"888510","710069","2025-11-25","42.00","AUD","1763007966","14629/2025-11-25/1763007966.json"
"1004617","882331","2025-11-25","56.95","AUD","1763007966","14629/2025-11-25/1763007966.json"
"888510","710069","2025-11-26","42.00","AUD","1763007966","14629/2025-11-26/1763007966.json"
"1004617","882331","2025-11-26","56.95","AUD","1763007966","14629/2025-11-26/1763007966.json"
"653350","630660","2025-11-24","36.00","AUD","1763007966","14629/2025-11-24/1763007966.json"
"888510","710069","2025-11-24","42.00","AUD","1763007966","14629/2025-11-24/1763007966.json"
"1004617","882331","2025-11-24","56.95","AUD","1763007966","14629/2025-11-24/1763007966.json"
"888510","710069","2025-11-28","42.00","AUD","1763007966","14629/2025-11-28/1763007966.json"
"1004617","882331","2025-11-28","56.95","AUD","1763007966","14629/2025-11-28/1763007966.json"
"888510","710069","2025-11-29","42.00","AUD","1763007966","14629/2025-11-29/1763007966.json"
"1004617","882331","2025-11-29","56.95","AUD","1763007966","14629/2025-11-29/1763007966.json"
"888510","710069","2025-11-30","42.00","AUD","1763007966","14629/2025-11-30/1763007966.json"
"888510","710069","2025-11-27","42.00","AUD","1763007966","14629/2025-11-27/1763007966.json"
"1004617","882331","2025-11-27","56.95","AUD","1763007966","14629/2025-11-27/1763007966.json"
"1004617","882331","2025-12-03","8399.16","AUD","1763007966","14629/2025-12-03/1763007966.json"
"1004617","882331","2025-12-04","8399.16","AUD","1763007966","14629/2025-12-04/1763007966.json"
"1004617","882331","2025-12-05","8399.16","AUD","1763007966","14629/2025-12-05/1763007966.json"
"1004617","882331","2025-12-06","8399.16","AUD","1763007966","14629/2025-12-06/1763007966.json"
"1004617","882331","2025-12-07","8399.16","AUD","1763007966","14629/2025-12-07/1763007966.json"
"888510","710069","2025-11-16","42.00","AUD","1763022463","14629/2025-11-16/1763022463.json"
"885716","706059","2025-11-16","52.00","AUD","1763022463","14629/2025-11-16/1763022463.json"
"1004617","882331","2025-11-16","56.95","AUD","1763022463","14629/2025-11-16/1763022463.json"
"888510","710069","2025-11-18","42.00","AUD","1763022463","14629/2025-11-18/1763022463.json"
"885716","706059","2025-11-18","52.00","AUD","1763022463","14629/2025-11-18/1763022463.json"
"1004617","882331","2025-11-18","56.95","AUD","1763022463","14629/2025-11-18/1763022463.json"
"885716","706059","2025-11-19","52.00","AUD","1763022463","14629/2025-11-19/1763022463.json"
"888510","710069","2025-11-17","42.00","AUD","1763022463","14629/2025-11-17/1763022463.json"
"885716","706059","2025-11-17","52.00","AUD","1763022463","14629/2025-11-17/1763022463.json"
"1004617","882331","2025-11-17","56.95","AUD","1763022463","14629/2025-11-17/1763022463.json"
"885716","706059","2025-11-20","52.00","AUD","1763022463","14629/2025-11-20/1763022463.json"
"1004617","882331","2025-11-20","56.95","AUD","1763022463","14629/2025-11-20/1763022463.json"
"1004617","882331","2025-11-21","56.95","AUD","1763022463","14629/2025-11-21/1763022463.json"
"1004617","882331","2025-11-23","56.95","AUD","1763022463","14629/2025-11-23/1763022463.json"
"1004617","882331","2025-11-22","56.95","AUD","1763022463","14629/2025-11-22/1763022463.json"
"888510","710069","2025-11-24","42.00","AUD","1763022463","14629/2025-11-24/1763022463.json"
"1004617","882331","2025-11-24","56.95","AUD","1763022463","14629/2025-11-24/1763022463.json"
"888510","710069","2025-11-25","42.00","AUD","1763022463","14629/2025-11-25/1763022463.json"
"1004617","882331","2025-11-25","56.95","AUD","1763022463","14629/2025-11-25/1763022463.json"
"888510","710069","2025-11-27","42.00","AUD","1763022463","14629/2025-11-27/1763022463.json"
"1004617","882331","2025-11-27","56.95","AUD","1763022463","14629/2025-11-27/1763022463.json"
"888510","710069","2025-11-26","42.00","AUD","1763022463","14629/2025-11-26/1763022463.json"
"1004617","882331","2025-11-26","56.95","AUD","1763022463","14629/2025-11-26/1763022463.json"
"888510","710069","2025-11-29","42.00","AUD","1763022463","14629/2025-11-29/1763022463.json"
"888510","710069","2025-11-30","42.00","AUD","1763022463","14629/2025-11-30/1763022463.json"
"1004617","882331","2025-11-29","56.95","AUD","1763022463","14629/2025-11-29/1763022463.json"
"888510","710069","2025-11-28","42.00","AUD","1763022463","14629/2025-11-28/1763022463.json"
"1004617","882331","2025-11-28","56.95","AUD","1763022463","14629/2025-11-28/1763022463.json"
"1004617","882331","2025-12-03","8399.16","AUD","1763022463","14629/2025-12-03/1763022463.json"
"1004617","882331","2025-12-04","8399.16","AUD","1763022463","14629/2025-12-04/1763022463.json"
"1004617","882331","2025-12-05","8399.16","AUD","1763022463","14629/2025-12-05/1763022463.json"
"1004617","882331","2025-12-06","8399.16","AUD","1763022463","14629/2025-12-06/1763022463.json"
"1004617","882331","2025-12-07","8399.16","AUD","1763022463","14629/2025-12-07/1763022463.json"
"885717","706057","2025-11-16","36.00","AUD","1763037456","14629/2025-11-16/1763037456.json"
"1004618","882330","2025-11-16","42.00","AUD","1763037456","14629/2025-11-16/1763037456.json"
"888510","710069","2025-11-16","42.00","AUD","1763037456","14629/2025-11-16/1763037456.json"
"885717","706057","2025-11-18","36.00","AUD","1763037456","14629/2025-11-18/1763037456.json"
"1004618","882330","2025-11-18","42.00","AUD","1763037456","14629/2025-11-18/1763037456.json"
"888510","710069","2025-11-18","42.00","AUD","1763037456","14629/2025-11-18/1763037456.json"
"885717","706057","2025-11-20","36.00","AUD","1763037456","14629/2025-11-20/1763037456.json"
"885717","706057","2025-11-19","36.00","AUD","1763037456","14629/2025-11-19/1763037456.json"
"885717","706057","2025-11-17","36.00","AUD","1763037456","14629/2025-11-17/1763037456.json"
"1004618","882330","2025-11-17","42.00","AUD","1763037456","14629/2025-11-17/1763037456.json"
"888510","710069","2025-11-17","42.00","AUD","1763037456","14629/2025-11-17/1763037456.json"
"1004618","882330","2025-11-21","42.00","AUD","1763037456","14629/2025-11-21/1763037456.json"
"888510","710069","2025-11-24","42.00","AUD","1763037456","14629/2025-11-24/1763037456.json"
"1004618","882330","2025-11-27","42.00","AUD","1763037456","14629/2025-11-27/1763037456.json"
"888510","710069","2025-11-27","42.00","AUD","1763037456","14629/2025-11-27/1763037456.json"
"1004618","882330","2025-11-25","42.00","AUD","1763037456","14629/2025-11-25/1763037456.json"
"888510","710069","2025-11-25","42.00","AUD","1763037456","14629/2025-11-25/1763037456.json"
"1004618","882330","2025-11-28","42.00","AUD","1763037456","14629/2025-11-28/1763037456.json"
"888510","710069","2025-11-28","42.00","AUD","1763037456","14629/2025-11-28/1763037456.json"
"1004618","882330","2025-11-26","42.00","AUD","1763037456","14629/2025-11-26/1763037456.json"
"888510","710069","2025-11-26","42.00","AUD","1763037456","14629/2025-11-26/1763037456.json"
"1004618","882330","2025-11-29","42.00","AUD","1763037456","14629/2025-11-29/1763037456.json"
"888510","710069","2025-11-29","42.00","AUD","1763037456","14629/2025-11-29/1763037456.json"
"888510","710069","2025-11-30","42.00","AUD","1763037456","14629/2025-11-30/1763037456.json"
"1004617","882331","2025-12-03","8399.16","AUD","1763037456","14629/2025-12-03/1763037456.json"
"1004617","882331","2025-12-04","8399.16","AUD","1763037456","14629/2025-12-04/1763037456.json"
"1004617","882331","2025-12-06","8399.16","AUD","1763037456","14629/2025-12-06/1763037456.json"
"1004617","882331","2025-12-05","8399.16","AUD","1763037456","14629/2025-12-05/1763037456.json"
"1004617","882331","2025-12-07","8399.16","AUD","1763037456","14629/2025-12-07/1763037456.json"
