"dormId","ratePlan","date","priceValue","priceCurrency","crawledAt","urlPart"
"892632","715987","2025-10-06","37.00","AUD","1759642111","29218/2025-10-06/1759642111.json"
"892632","715987","2025-10-07","37.00","AUD","1759642111","29218/2025-10-07/1759642111.json"
"892632","715987","2025-10-08","37.00","AUD","1759642111","29218/2025-10-08/1759642111.json"
"892632","715987","2025-10-09","37.00","AUD","1759642111","29218/2025-10-09/1759642111.json"
"892632","715987","2025-10-10","37.00","AUD","1759642111","29218/2025-10-10/1759642111.json"
"892632","715987","2025-10-11","37.00","AUD","1759642111","29218/2025-10-11/1759642111.json"
"892632","715987","2025-10-12","37.00","AUD","1759642111","29218/2025-10-12/1759642111.json"
"892632","715987","2025-10-13","37.00","AUD","1759642111","29218/2025-10-13/1759642111.json"
"892632","715987","2025-10-14","37.00","AUD","1759642111","29218/2025-10-14/1759642111.json"
"892632","715987","2025-10-15","37.00","AUD","1759642111","29218/2025-10-15/1759642111.json"
"892632","715987","2025-10-16","37.00","AUD","1759642111","29218/2025-10-16/1759642111.json"
"892632","715987","2025-10-17","37.00","AUD","1759642111","29218/2025-10-17/1759642111.json"
"892632","715987","2025-10-18","37.00","AUD","1759642111","29218/2025-10-18/1759642111.json"
"892632","715987","2025-10-19","37.00","AUD","1759642111","29218/2025-10-19/1759642111.json"
"892632","715987","2025-10-20","37.00","AUD","1759642111","29218/2025-10-20/1759642111.json"
"892632","715987","2025-10-21","37.00","AUD","1759642111","29218/2025-10-21/1759642111.json"
"892632","715987","2025-10-22","37.00","AUD","1759642111","29218/2025-10-22/1759642111.json"
"892632","715987","2025-10-23","37.00","AUD","1759642111","29218/2025-10-23/1759642111.json"
"892632","715987","2025-10-24","37.00","AUD","1759642111","29218/2025-10-24/1759642111.json"
"892632","715987","2025-10-25","37.00","AUD","1759642111","29218/2025-10-25/1759642111.json"
"892632","715987","2025-10-26","37.00","AUD","1759642111","29218/2025-10-26/1759642111.json"
"892632","715987","2025-10-27","37.00","AUD","1759642111","29218/2025-10-27/1759642111.json"
"892632","715987","2025-10-28","37.00","AUD","1759642111","29218/2025-10-28/1759642111.json"
"892632","715987","2025-10-29","37.00","AUD","1759642111","29218/2025-10-29/1759642111.json"
"892632","715987","2025-10-30","37.00","AUD","1759642111","29218/2025-10-30/1759642111.json"
"892632","715987","2025-10-31","37.00","AUD","1759642111","29218/2025-10-31/1759642111.json"
"892632","715987","2025-11-01","37.00","AUD","1759642111","29218/2025-11-01/1759642111.json"
"892632","715987","2025-11-02","37.00","AUD","1759642111","29218/2025-11-02/1759642111.json"
"892632","715987","2025-11-03","37.00","AUD","1759642111","29218/2025-11-03/1759642111.json"
"892632","715987","2025-11-04","37.00","AUD","1759642111","29218/2025-11-04/1759642111.json"
"892632","715987","2025-10-06","37.00","AUD","1759656406","29218/2025-10-06/1759656406.json"
"892632","715987","2025-10-07","37.00","AUD","1759656406","29218/2025-10-07/1759656406.json"
"892632","715987","2025-10-08","37.00","AUD","1759656406","29218/2025-10-08/1759656406.json"
"892632","715987","2025-10-09","37.00","AUD","1759656406","29218/2025-10-09/1759656406.json"
"892632","715987","2025-10-10","37.00","AUD","1759656406","29218/2025-10-10/1759656406.json"
"892632","715987","2025-10-11","37.00","AUD","1759656406","29218/2025-10-11/1759656406.json"
"892632","715987","2025-10-12","37.00","AUD","1759656406","29218/2025-10-12/1759656406.json"
"892632","715987","2025-10-13","37.00","AUD","1759656406","29218/2025-10-13/1759656406.json"
"892632","715987","2025-10-14","37.00","AUD","1759656406","29218/2025-10-14/1759656406.json"
"892632","715987","2025-10-15","37.00","AUD","1759656406","29218/2025-10-15/1759656406.json"
"892632","715987","2025-10-16","37.00","AUD","1759656406","29218/2025-10-16/1759656406.json"
"892632","715987","2025-10-17","37.00","AUD","1759656406","29218/2025-10-17/1759656406.json"
"892632","715987","2025-10-18","37.00","AUD","1759656406","29218/2025-10-18/1759656406.json"
"892632","715987","2025-10-19","37.00","AUD","1759656406","29218/2025-10-19/1759656406.json"
"892632","715987","2025-10-20","37.00","AUD","1759656406","29218/2025-10-20/1759656406.json"
"892632","715987","2025-10-21","37.00","AUD","1759656406","29218/2025-10-21/1759656406.json"
"892632","715987","2025-10-22","37.00","AUD","1759656406","29218/2025-10-22/1759656406.json"
"892632","715987","2025-10-23","37.00","AUD","1759656406","29218/2025-10-23/1759656406.json"
"892632","715987","2025-10-24","37.00","AUD","1759656406","29218/2025-10-24/1759656406.json"
"892632","715987","2025-10-25","37.00","AUD","1759656406","29218/2025-10-25/1759656406.json"
"892632","715987","2025-10-26","37.00","AUD","1759656406","29218/2025-10-26/1759656406.json"
"892632","715987","2025-10-27","37.00","AUD","1759656406","29218/2025-10-27/1759656406.json"
"892632","715987","2025-10-28","37.00","AUD","1759656406","29218/2025-10-28/1759656406.json"
"892632","715987","2025-10-29","37.00","AUD","1759656406","29218/2025-10-29/1759656406.json"
"892632","715987","2025-10-30","37.00","AUD","1759656406","29218/2025-10-30/1759656406.json"
"892632","715987","2025-10-31","37.00","AUD","1759656406","29218/2025-10-31/1759656406.json"
"892632","715987","2025-11-01","37.00","AUD","1759656406","29218/2025-11-01/1759656406.json"
"892632","715987","2025-11-02","37.00","AUD","1759656406","29218/2025-11-02/1759656406.json"
"892632","715987","2025-11-03","37.00","AUD","1759656406","29218/2025-11-03/1759656406.json"
"892632","715987","2025-11-04","37.00","AUD","1759656406","29218/2025-11-04/1759656406.json"
"892632","715987","2025-10-06","37.00","AUD","1759672521","29218/2025-10-06/1759672521.json"
"892632","715987","2025-10-07","37.00","AUD","1759672521","29218/2025-10-07/1759672521.json"
"892632","715987","2025-10-08","37.00","AUD","1759672521","29218/2025-10-08/1759672521.json"
"892632","715987","2025-10-09","37.00","AUD","1759672521","29218/2025-10-09/1759672521.json"
"892632","715987","2025-10-10","37.00","AUD","1759672521","29218/2025-10-10/1759672521.json"
"892632","715987","2025-10-11","37.00","AUD","1759672521","29218/2025-10-11/1759672521.json"
"892632","715987","2025-10-12","37.00","AUD","1759672521","29218/2025-10-12/1759672521.json"
"892632","715987","2025-10-13","37.00","AUD","1759672521","29218/2025-10-13/1759672521.json"
"892632","715987","2025-10-14","37.00","AUD","1759672521","29218/2025-10-14/1759672521.json"
"892632","715987","2025-10-15","37.00","AUD","1759672521","29218/2025-10-15/1759672521.json"
"892632","715987","2025-10-16","37.00","AUD","1759672521","29218/2025-10-16/1759672521.json"
"892632","715987","2025-10-17","37.00","AUD","1759672521","29218/2025-10-17/1759672521.json"
"892632","715987","2025-10-18","37.00","AUD","1759672521","29218/2025-10-18/1759672521.json"
"892632","715987","2025-10-19","37.00","AUD","1759672521","29218/2025-10-19/1759672521.json"
"892632","715987","2025-10-20","37.00","AUD","1759672521","29218/2025-10-20/1759672521.json"
"892632","715987","2025-10-21","37.00","AUD","1759672521","29218/2025-10-21/1759672521.json"
"892632","715987","2025-10-22","37.00","AUD","1759672521","29218/2025-10-22/1759672521.json"
"892632","715987","2025-10-23","37.00","AUD","1759672521","29218/2025-10-23/1759672521.json"
"892632","715987","2025-10-24","37.00","AUD","1759672521","29218/2025-10-24/1759672521.json"
"892632","715987","2025-10-25","37.00","AUD","1759672521","29218/2025-10-25/1759672521.json"
"892632","715987","2025-10-26","37.00","AUD","1759672521","29218/2025-10-26/1759672521.json"
"892632","715987","2025-10-27","37.00","AUD","1759672521","29218/2025-10-27/1759672521.json"
"892632","715987","2025-10-28","37.00","AUD","1759672521","29218/2025-10-28/1759672521.json"
"892632","715987","2025-10-29","37.00","AUD","1759672521","29218/2025-10-29/1759672521.json"
"892632","715987","2025-10-30","37.00","AUD","1759672521","29218/2025-10-30/1759672521.json"
"892632","715987","2025-10-31","37.00","AUD","1759672521","29218/2025-10-31/1759672521.json"
"892632","715987","2025-11-01","37.00","AUD","1759672521","29218/2025-11-01/1759672521.json"
"892632","715987","2025-11-02","37.00","AUD","1759672521","29218/2025-11-02/1759672521.json"
"892632","715987","2025-11-03","37.00","AUD","1759672521","29218/2025-11-03/1759672521.json"
"892632","715987","2025-11-04","37.00","AUD","1759672521","29218/2025-11-04/1759672521.json"
"892632","715987","2025-10-06","37.00","AUD","1759685406","29218/2025-10-06/1759685406.json"
"892632","715987","2025-10-07","37.00","AUD","1759685406","29218/2025-10-07/1759685406.json"
"892632","715987","2025-10-08","37.00","AUD","1759685406","29218/2025-10-08/1759685406.json"
"892632","715987","2025-10-09","37.00","AUD","1759685406","29218/2025-10-09/1759685406.json"
"892632","715987","2025-10-10","37.00","AUD","1759685406","29218/2025-10-10/1759685406.json"
"892632","715987","2025-10-11","37.00","AUD","1759685406","29218/2025-10-11/1759685406.json"
"892632","715987","2025-10-12","37.00","AUD","1759685406","29218/2025-10-12/1759685406.json"
"892632","715987","2025-10-13","37.00","AUD","1759685406","29218/2025-10-13/1759685406.json"
"892632","715987","2025-10-14","37.00","AUD","1759685406","29218/2025-10-14/1759685406.json"
"892632","715987","2025-10-15","37.00","AUD","1759685406","29218/2025-10-15/1759685406.json"
"892632","715987","2025-10-16","37.00","AUD","1759685406","29218/2025-10-16/1759685406.json"
"892632","715987","2025-10-17","37.00","AUD","1759685406","29218/2025-10-17/1759685406.json"
"892632","715987","2025-10-18","37.00","AUD","1759685406","29218/2025-10-18/1759685406.json"
"892632","715987","2025-10-19","37.00","AUD","1759685406","29218/2025-10-19/1759685406.json"
"892632","715987","2025-10-20","37.00","AUD","1759685406","29218/2025-10-20/1759685406.json"
"892632","715987","2025-10-21","37.00","AUD","1759685406","29218/2025-10-21/1759685406.json"
"892632","715987","2025-10-22","37.00","AUD","1759685406","29218/2025-10-22/1759685406.json"
"892632","715987","2025-10-23","37.00","AUD","1759685406","29218/2025-10-23/1759685406.json"
"892632","715987","2025-10-24","37.00","AUD","1759685406","29218/2025-10-24/1759685406.json"
"892632","715987","2025-10-25","37.00","AUD","1759685406","29218/2025-10-25/1759685406.json"
"892632","715987","2025-10-26","37.00","AUD","1759685406","29218/2025-10-26/1759685406.json"
"892632","715987","2025-10-27","37.00","AUD","1759685406","29218/2025-10-27/1759685406.json"
"892632","715987","2025-10-28","37.00","AUD","1759685406","29218/2025-10-28/1759685406.json"
"892632","715987","2025-10-29","37.00","AUD","1759685406","29218/2025-10-29/1759685406.json"
"892632","715987","2025-10-30","37.00","AUD","1759685406","29218/2025-10-30/1759685406.json"
"892632","715987","2025-10-31","37.00","AUD","1759685406","29218/2025-10-31/1759685406.json"
"892632","715987","2025-11-01","37.00","AUD","1759685406","29218/2025-11-01/1759685406.json"
"892632","715987","2025-11-02","37.00","AUD","1759685406","29218/2025-11-02/1759685406.json"
"892632","715987","2025-11-03","37.00","AUD","1759685406","29218/2025-11-03/1759685406.json"
"892632","715987","2025-11-04","37.00","AUD","1759685406","29218/2025-11-04/1759685406.json"
"892632","715987","2025-10-06","37.00","AUD","1759699762","29218/2025-10-06/1759699762.json"
"892632","715987","2025-10-07","37.00","AUD","1759699762","29218/2025-10-07/1759699762.json"
"892632","715987","2025-10-08","37.00","AUD","1759699762","29218/2025-10-08/1759699762.json"
"892632","715987","2025-10-09","37.00","AUD","1759699762","29218/2025-10-09/1759699762.json"
"892632","715987","2025-10-10","37.00","AUD","1759699762","29218/2025-10-10/1759699762.json"
"892632","715987","2025-10-11","37.00","AUD","1759699762","29218/2025-10-11/1759699762.json"
"892632","715987","2025-10-12","37.00","AUD","1759699762","29218/2025-10-12/1759699762.json"
"892632","715987","2025-10-13","37.00","AUD","1759699762","29218/2025-10-13/1759699762.json"
"892632","715987","2025-10-14","37.00","AUD","1759699762","29218/2025-10-14/1759699762.json"
"892632","715987","2025-10-15","37.00","AUD","1759699762","29218/2025-10-15/1759699762.json"
"892632","715987","2025-10-16","37.00","AUD","1759699762","29218/2025-10-16/1759699762.json"
"892632","715987","2025-10-17","37.00","AUD","1759699762","29218/2025-10-17/1759699762.json"
"892632","715987","2025-10-18","37.00","AUD","1759699762","29218/2025-10-18/1759699762.json"
"892632","715987","2025-10-19","37.00","AUD","1759699762","29218/2025-10-19/1759699762.json"
"892632","715987","2025-10-20","37.00","AUD","1759699762","29218/2025-10-20/1759699762.json"
"892632","715987","2025-10-21","37.00","AUD","1759699762","29218/2025-10-21/1759699762.json"
"892632","715987","2025-10-22","37.00","AUD","1759699762","29218/2025-10-22/1759699762.json"
"892632","715987","2025-10-23","37.00","AUD","1759699762","29218/2025-10-23/1759699762.json"
"892632","715987","2025-10-24","37.00","AUD","1759699762","29218/2025-10-24/1759699762.json"
"892632","715987","2025-10-25","37.00","AUD","1759699762","29218/2025-10-25/1759699762.json"
"892632","715987","2025-10-26","37.00","AUD","1759699762","29218/2025-10-26/1759699762.json"
"892632","715987","2025-10-27","37.00","AUD","1759699762","29218/2025-10-27/1759699762.json"
"892632","715987","2025-10-28","37.00","AUD","1759699762","29218/2025-10-28/1759699762.json"
"892632","715987","2025-10-29","37.00","AUD","1759699762","29218/2025-10-29/1759699762.json"
"892632","715987","2025-10-30","37.00","AUD","1759699762","29218/2025-10-30/1759699762.json"
"892632","715987","2025-10-31","37.00","AUD","1759699762","29218/2025-10-31/1759699762.json"
"892632","715987","2025-11-01","37.00","AUD","1759699762","29218/2025-11-01/1759699762.json"
"892632","715987","2025-11-02","37.00","AUD","1759699762","29218/2025-11-02/1759699762.json"
"892632","715987","2025-11-03","37.00","AUD","1759699762","29218/2025-11-03/1759699762.json"
"892632","715987","2025-11-04","37.00","AUD","1759699762","29218/2025-11-04/1759699762.json"
"892632","715987","2025-10-09","37.00","AUD","1759721913","29218/2025-10-09/1759721913.json"
"892632","715987","2025-10-07","37.00","AUD","1759721913","29218/2025-10-07/1759721913.json"
"892632","715987","2025-10-08","37.00","AUD","1759721913","29218/2025-10-08/1759721913.json"
"892632","715987","2025-10-10","37.00","AUD","1759721913","29218/2025-10-10/1759721913.json"
"892632","715987","2025-10-12","37.00","AUD","1759721913","29218/2025-10-12/1759721913.json"
"892632","715987","2025-10-13","37.00","AUD","1759721913","29218/2025-10-13/1759721913.json"
"892632","715987","2025-10-11","37.00","AUD","1759721913","29218/2025-10-11/1759721913.json"
"892632","715987","2025-10-14","37.00","AUD","1759721913","29218/2025-10-14/1759721913.json"
"892632","715987","2025-10-15","37.00","AUD","1759721913","29218/2025-10-15/1759721913.json"
"892632","715987","2025-10-16","37.00","AUD","1759721913","29218/2025-10-16/1759721913.json"
"892632","715987","2025-10-17","37.00","AUD","1759721913","29218/2025-10-17/1759721913.json"
"892632","715987","2025-10-18","37.00","AUD","1759721913","29218/2025-10-18/1759721913.json"
"892632","715987","2025-10-19","37.00","AUD","1759721913","29218/2025-10-19/1759721913.json"
"892632","715987","2025-10-20","37.00","AUD","1759721913","29218/2025-10-20/1759721913.json"
"892632","715987","2025-10-21","37.00","AUD","1759721913","29218/2025-10-21/1759721913.json"
"892632","715987","2025-10-22","37.00","AUD","1759721913","29218/2025-10-22/1759721913.json"
"892632","715987","2025-10-23","37.00","AUD","1759721913","29218/2025-10-23/1759721913.json"
"892632","715987","2025-10-24","37.00","AUD","1759721913","29218/2025-10-24/1759721913.json"
"892632","715987","2025-10-25","37.00","AUD","1759721913","29218/2025-10-25/1759721913.json"
"892632","715987","2025-10-26","37.00","AUD","1759721913","29218/2025-10-26/1759721913.json"
"892632","715987","2025-10-27","37.00","AUD","1759721913","29218/2025-10-27/1759721913.json"
"892632","715987","2025-10-28","37.00","AUD","1759721913","29218/2025-10-28/1759721913.json"
"892632","715987","2025-10-29","37.00","AUD","1759721913","29218/2025-10-29/1759721913.json"
"892632","715987","2025-10-30","37.00","AUD","1759721913","29218/2025-10-30/1759721913.json"
"892632","715987","2025-10-31","37.00","AUD","1759721913","29218/2025-10-31/1759721913.json"
"892632","715987","2025-11-01","37.00","AUD","1759721913","29218/2025-11-01/1759721913.json"
"892632","715987","2025-11-02","37.00","AUD","1759721913","29218/2025-11-02/1759721913.json"
"892632","715987","2025-11-03","37.00","AUD","1759721913","29218/2025-11-03/1759721913.json"
"892632","715987","2025-11-04","37.00","AUD","1759721913","29218/2025-11-04/1759721913.json"
"892632","715987","2025-11-05","37.00","AUD","1759721913","29218/2025-11-05/1759721913.json"
"892632","715987","2025-11-06","37.00","AUD","1759721913","29218/2025-11-06/1759721913.json"
"892632","715987","2025-11-07","37.00","AUD","1759721913","29218/2025-11-07/1759721913.json"
"892632","715987","2025-11-08","37.00","AUD","1759721913","29218/2025-11-08/1759721913.json"
"892632","715987","2025-11-10","37.00","AUD","1759721913","29218/2025-11-10/1759721913.json"
"892632","715987","2025-11-09","37.00","AUD","1759721913","29218/2025-11-09/1759721913.json"
"892632","715987","2025-11-11","37.00","AUD","1759721913","29218/2025-11-11/1759721913.json"
"892632","715987","2025-11-12","37.00","AUD","1759721913","29218/2025-11-12/1759721913.json"
"892632","715987","2025-11-13","37.00","AUD","1759721913","29218/2025-11-13/1759721913.json"
"892632","715987","2025-11-14","37.00","AUD","1759721913","29218/2025-11-14/1759721913.json"
"892632","715987","2025-11-15","37.00","AUD","1759721913","29218/2025-11-15/1759721913.json"
"892632","715987","2025-11-16","37.00","AUD","1759721913","29218/2025-11-16/1759721913.json"
"892632","715987","2025-11-17","37.00","AUD","1759721913","29218/2025-11-17/1759721913.json"
"892632","715987","2025-11-18","37.00","AUD","1759721913","29218/2025-11-18/1759721913.json"
"892632","715987","2025-11-19","37.00","AUD","1759721913","29218/2025-11-19/1759721913.json"
"892632","715987","2025-11-21","37.00","AUD","1759721913","29218/2025-11-21/1759721913.json"
"892632","715987","2025-11-22","37.00","AUD","1759721913","29218/2025-11-22/1759721913.json"
"892632","715987","2025-11-23","37.00","AUD","1759721913","29218/2025-11-23/1759721913.json"
"892632","715987","2025-11-24","37.00","AUD","1759721913","29218/2025-11-24/1759721913.json"
"892632","715987","2025-11-25","37.00","AUD","1759721913","29218/2025-11-25/1759721913.json"
"892632","715987","2025-11-26","37.00","AUD","1759721913","29218/2025-11-26/1759721913.json"
"892632","715987","2025-11-27","37.00","AUD","1759721913","29218/2025-11-27/1759721913.json"
"892632","715987","2025-11-28","37.00","AUD","1759721913","29218/2025-11-28/1759721913.json"
"892632","715987","2025-11-29","37.00","AUD","1759721913","29218/2025-11-29/1759721913.json"
"892632","715987","2025-11-30","37.00","AUD","1759721913","29218/2025-11-30/1759721913.json"
"892632","715987","2025-12-01","37.00","AUD","1759721913","29218/2025-12-01/1759721913.json"
"892632","715987","2025-12-02","37.00","AUD","1759721913","29218/2025-12-02/1759721913.json"
"892632","715987","2025-11-20","37.00","AUD","1759721913","29218/2025-11-20/1759721913.json"
"892632","715987","2025-12-03","37.00","AUD","1759721913","29218/2025-12-03/1759721913.json"
"892632","715987","2025-12-04","37.00","AUD","1759721913","29218/2025-12-04/1759721913.json"
"892632","715987","2025-12-05","37.00","AUD","1759721913","29218/2025-12-05/1759721913.json"
"892632","715987","2025-10-09","37.00","AUD","1759727184","29218/2025-10-09/1759727184.json"
"892632","715987","2025-10-08","37.00","AUD","1759727184","29218/2025-10-08/1759727184.json"
"892632","715987","2025-10-07","37.00","AUD","1759727184","29218/2025-10-07/1759727184.json"
"892632","715987","2025-10-12","37.00","AUD","1759727184","29218/2025-10-12/1759727184.json"
"892632","715987","2025-10-10","37.00","AUD","1759727184","29218/2025-10-10/1759727184.json"
"892632","715987","2025-10-13","37.00","AUD","1759727184","29218/2025-10-13/1759727184.json"
"892632","715987","2025-10-11","37.00","AUD","1759727184","29218/2025-10-11/1759727184.json"
"892632","715987","2025-10-14","37.00","AUD","1759727184","29218/2025-10-14/1759727184.json"
"892632","715987","2025-10-15","37.00","AUD","1759727184","29218/2025-10-15/1759727184.json"
"892632","715987","2025-10-17","37.00","AUD","1759727184","29218/2025-10-17/1759727184.json"
"892632","715987","2025-10-16","37.00","AUD","1759727184","29218/2025-10-16/1759727184.json"
"892632","715987","2025-10-19","37.00","AUD","1759727184","29218/2025-10-19/1759727184.json"
"892632","715987","2025-10-18","37.00","AUD","1759727184","29218/2025-10-18/1759727184.json"
"892632","715987","2025-10-20","37.00","AUD","1759727184","29218/2025-10-20/1759727184.json"
"892632","715987","2025-10-21","37.00","AUD","1759727184","29218/2025-10-21/1759727184.json"
"892632","715987","2025-10-23","37.00","AUD","1759727184","29218/2025-10-23/1759727184.json"
"892632","715987","2025-10-22","37.00","AUD","1759727184","29218/2025-10-22/1759727184.json"
"892632","715987","2025-10-24","37.00","AUD","1759727184","29218/2025-10-24/1759727184.json"
"892632","715987","2025-10-25","37.00","AUD","1759727184","29218/2025-10-25/1759727184.json"
"892632","715987","2025-10-26","37.00","AUD","1759727184","29218/2025-10-26/1759727184.json"
"892632","715987","2025-10-27","37.00","AUD","1759727184","29218/2025-10-27/1759727184.json"
"892632","715987","2025-10-28","37.00","AUD","1759727184","29218/2025-10-28/1759727184.json"
"892632","715987","2025-10-29","37.00","AUD","1759727184","29218/2025-10-29/1759727184.json"
"892632","715987","2025-10-30","37.00","AUD","1759727184","29218/2025-10-30/1759727184.json"
"892632","715987","2025-10-31","37.00","AUD","1759727184","29218/2025-10-31/1759727184.json"
"892632","715987","2025-11-02","37.00","AUD","1759727184","29218/2025-11-02/1759727184.json"
"892632","715987","2025-11-03","37.00","AUD","1759727184","29218/2025-11-03/1759727184.json"
"892632","715987","2025-11-01","37.00","AUD","1759727184","29218/2025-11-01/1759727184.json"
"892632","715987","2025-11-05","37.00","AUD","1759727184","29218/2025-11-05/1759727184.json"
"892632","715987","2025-11-04","37.00","AUD","1759727184","29218/2025-11-04/1759727184.json"
"892632","715987","2025-11-07","37.00","AUD","1759727184","29218/2025-11-07/1759727184.json"
"892632","715987","2025-11-08","37.00","AUD","1759727184","29218/2025-11-08/1759727184.json"
"892632","715987","2025-11-06","37.00","AUD","1759727184","29218/2025-11-06/1759727184.json"
"892632","715987","2025-11-09","37.00","AUD","1759727184","29218/2025-11-09/1759727184.json"
"892632","715987","2025-11-10","37.00","AUD","1759727184","29218/2025-11-10/1759727184.json"
"892632","715987","2025-11-12","37.00","AUD","1759727184","29218/2025-11-12/1759727184.json"
"892632","715987","2025-11-13","37.00","AUD","1759727184","29218/2025-11-13/1759727184.json"
"892632","715987","2025-11-11","37.00","AUD","1759727184","29218/2025-11-11/1759727184.json"
"892632","715987","2025-11-14","37.00","AUD","1759727184","29218/2025-11-14/1759727184.json"
"892632","715987","2025-11-15","37.00","AUD","1759727184","29218/2025-11-15/1759727184.json"
"892632","715987","2025-11-17","37.00","AUD","1759727184","29218/2025-11-17/1759727184.json"
"892632","715987","2025-11-16","37.00","AUD","1759727184","29218/2025-11-16/1759727184.json"
"892632","715987","2025-11-19","37.00","AUD","1759727184","29218/2025-11-19/1759727184.json"
"892632","715987","2025-11-20","37.00","AUD","1759727184","29218/2025-11-20/1759727184.json"
"892632","715987","2025-11-21","37.00","AUD","1759727184","29218/2025-11-21/1759727184.json"
"892632","715987","2025-11-18","37.00","AUD","1759727184","29218/2025-11-18/1759727184.json"
"892632","715987","2025-11-22","37.00","AUD","1759727184","29218/2025-11-22/1759727184.json"
"892632","715987","2025-11-23","37.00","AUD","1759727184","29218/2025-11-23/1759727184.json"
"892632","715987","2025-11-25","37.00","AUD","1759727184","29218/2025-11-25/1759727184.json"
"892632","715987","2025-11-24","37.00","AUD","1759727184","29218/2025-11-24/1759727184.json"
"892632","715987","2025-11-26","37.00","AUD","1759727184","29218/2025-11-26/1759727184.json"
"892632","715987","2025-11-27","37.00","AUD","1759727184","29218/2025-11-27/1759727184.json"
"892632","715987","2025-11-28","37.00","AUD","1759727184","29218/2025-11-28/1759727184.json"
"892632","715987","2025-11-29","37.00","AUD","1759727184","29218/2025-11-29/1759727184.json"
"892632","715987","2025-11-30","37.00","AUD","1759727184","29218/2025-11-30/1759727184.json"
"892632","715987","2025-12-01","37.00","AUD","1759727184","29218/2025-12-01/1759727184.json"
"892632","715987","2025-12-02","37.00","AUD","1759727184","29218/2025-12-02/1759727184.json"
"892632","715987","2025-12-03","37.00","AUD","1759727184","29218/2025-12-03/1759727184.json"
"892632","715987","2025-12-05","37.00","AUD","1759727184","29218/2025-12-05/1759727184.json"
"892632","715987","2025-12-04","37.00","AUD","1759727184","29218/2025-12-04/1759727184.json"
"892632","715987","2025-10-09","37.00","AUD","1759742145","29218/2025-10-09/1759742145.json"
"892632","715987","2025-10-08","37.00","AUD","1759742145","29218/2025-10-08/1759742145.json"
"892632","715987","2025-10-07","37.00","AUD","1759742145","29218/2025-10-07/1759742145.json"
"892632","715987","2025-10-10","37.00","AUD","1759742145","29218/2025-10-10/1759742145.json"
"892632","715987","2025-10-11","37.00","AUD","1759742145","29218/2025-10-11/1759742145.json"
"892632","715987","2025-10-12","37.00","AUD","1759742145","29218/2025-10-12/1759742145.json"
"892632","715987","2025-10-13","37.00","AUD","1759742145","29218/2025-10-13/1759742145.json"
"892632","715987","2025-10-14","37.00","AUD","1759742145","29218/2025-10-14/1759742145.json"
"892632","715987","2025-10-15","37.00","AUD","1759742145","29218/2025-10-15/1759742145.json"
"892632","715987","2025-10-16","37.00","AUD","1759742145","29218/2025-10-16/1759742145.json"
"892632","715987","2025-10-17","37.00","AUD","1759742145","29218/2025-10-17/1759742145.json"
"892632","715987","2025-10-18","37.00","AUD","1759742145","29218/2025-10-18/1759742145.json"
"892632","715987","2025-10-19","37.00","AUD","1759742145","29218/2025-10-19/1759742145.json"
"892632","715987","2025-10-20","37.00","AUD","1759742145","29218/2025-10-20/1759742145.json"
"892632","715987","2025-10-21","37.00","AUD","1759742145","29218/2025-10-21/1759742145.json"
"892632","715987","2025-10-22","37.00","AUD","1759742145","29218/2025-10-22/1759742145.json"
"892632","715987","2025-10-23","37.00","AUD","1759742145","29218/2025-10-23/1759742145.json"
"892632","715987","2025-10-24","37.00","AUD","1759742145","29218/2025-10-24/1759742145.json"
"892632","715987","2025-10-25","37.00","AUD","1759742145","29218/2025-10-25/1759742145.json"
"892632","715987","2025-10-26","37.00","AUD","1759742145","29218/2025-10-26/1759742145.json"
"892632","715987","2025-10-27","37.00","AUD","1759742145","29218/2025-10-27/1759742145.json"
"892632","715987","2025-10-29","37.00","AUD","1759742145","29218/2025-10-29/1759742145.json"
"892632","715987","2025-10-30","37.00","AUD","1759742145","29218/2025-10-30/1759742145.json"
"892632","715987","2025-10-28","37.00","AUD","1759742145","29218/2025-10-28/1759742145.json"
"892632","715987","2025-11-01","37.00","AUD","1759742145","29218/2025-11-01/1759742145.json"
"892632","715987","2025-11-02","37.00","AUD","1759742145","29218/2025-11-02/1759742145.json"
"892632","715987","2025-10-31","37.00","AUD","1759742145","29218/2025-10-31/1759742145.json"
"892632","715987","2025-11-03","37.00","AUD","1759742145","29218/2025-11-03/1759742145.json"
"892632","715987","2025-11-04","37.00","AUD","1759742145","29218/2025-11-04/1759742145.json"
"892632","715987","2025-11-05","37.00","AUD","1759742145","29218/2025-11-05/1759742145.json"
"892632","715987","2025-11-06","37.00","AUD","1759742145","29218/2025-11-06/1759742145.json"
"892632","715987","2025-11-07","37.00","AUD","1759742145","29218/2025-11-07/1759742145.json"
"892632","715987","2025-11-09","37.00","AUD","1759742145","29218/2025-11-09/1759742145.json"
"892632","715987","2025-11-08","37.00","AUD","1759742145","29218/2025-11-08/1759742145.json"
"892632","715987","2025-11-10","37.00","AUD","1759742145","29218/2025-11-10/1759742145.json"
"892632","715987","2025-11-11","37.00","AUD","1759742145","29218/2025-11-11/1759742145.json"
"892632","715987","2025-11-12","37.00","AUD","1759742145","29218/2025-11-12/1759742145.json"
"892632","715987","2025-11-14","37.00","AUD","1759742145","29218/2025-11-14/1759742145.json"
"892632","715987","2025-11-15","37.00","AUD","1759742145","29218/2025-11-15/1759742145.json"
"892632","715987","2025-11-16","37.00","AUD","1759742145","29218/2025-11-16/1759742145.json"
"892632","715987","2025-11-13","37.00","AUD","1759742145","29218/2025-11-13/1759742145.json"
"892632","715987","2025-11-17","37.00","AUD","1759742145","29218/2025-11-17/1759742145.json"
"892632","715987","2025-11-18","37.00","AUD","1759742145","29218/2025-11-18/1759742145.json"
"892632","715987","2025-11-19","37.00","AUD","1759742145","29218/2025-11-19/1759742145.json"
"892632","715987","2025-11-20","37.00","AUD","1759742145","29218/2025-11-20/1759742145.json"
"892632","715987","2025-11-21","37.00","AUD","1759742145","29218/2025-11-21/1759742145.json"
"892632","715987","2025-11-23","37.00","AUD","1759742145","29218/2025-11-23/1759742145.json"
"892632","715987","2025-11-22","37.00","AUD","1759742145","29218/2025-11-22/1759742145.json"
"892632","715987","2025-11-24","37.00","AUD","1759742145","29218/2025-11-24/1759742145.json"
"892632","715987","2025-11-25","37.00","AUD","1759742145","29218/2025-11-25/1759742145.json"
"892632","715987","2025-11-27","37.00","AUD","1759742145","29218/2025-11-27/1759742145.json"
"892632","715987","2025-11-26","37.00","AUD","1759742145","29218/2025-11-26/1759742145.json"
"892632","715987","2025-11-28","37.00","AUD","1759742145","29218/2025-11-28/1759742145.json"
"892632","715987","2025-11-29","37.00","AUD","1759742145","29218/2025-11-29/1759742145.json"
"892632","715987","2025-11-30","37.00","AUD","1759742145","29218/2025-11-30/1759742145.json"
"892632","715987","2025-12-01","37.00","AUD","1759742145","29218/2025-12-01/1759742145.json"
"892632","715987","2025-12-03","37.00","AUD","1759742145","29218/2025-12-03/1759742145.json"
"892632","715987","2025-12-04","37.00","AUD","1759742145","29218/2025-12-04/1759742145.json"
"892632","715987","2025-12-05","37.00","AUD","1759742145","29218/2025-12-05/1759742145.json"
"892632","715987","2025-12-02","37.00","AUD","1759742145","29218/2025-12-02/1759742145.json"
"892632","715987","2025-10-07","37.00","AUD","1759759556","29218/2025-10-07/1759759556.json"
"892632","715987","2025-10-08","37.00","AUD","1759759556","29218/2025-10-08/1759759556.json"
"892632","715987","2025-10-09","37.00","AUD","1759759556","29218/2025-10-09/1759759556.json"
"892632","715987","2025-10-10","37.00","AUD","1759759556","29218/2025-10-10/1759759556.json"
"892632","715987","2025-10-11","37.00","AUD","1759759556","29218/2025-10-11/1759759556.json"
"892632","715987","2025-10-13","37.00","AUD","1759759556","29218/2025-10-13/1759759556.json"
"892632","715987","2025-10-14","37.00","AUD","1759759556","29218/2025-10-14/1759759556.json"
"892632","715987","2025-10-12","37.00","AUD","1759759556","29218/2025-10-12/1759759556.json"
"892632","715987","2025-10-15","37.00","AUD","1759759556","29218/2025-10-15/1759759556.json"
"892632","715987","2025-10-16","37.00","AUD","1759759556","29218/2025-10-16/1759759556.json"
"892632","715987","2025-10-18","37.00","AUD","1759759556","29218/2025-10-18/1759759556.json"
"892632","715987","2025-10-17","37.00","AUD","1759759556","29218/2025-10-17/1759759556.json"
"892632","715987","2025-10-19","37.00","AUD","1759759556","29218/2025-10-19/1759759556.json"
"892632","715987","2025-10-20","37.00","AUD","1759759556","29218/2025-10-20/1759759556.json"
"892632","715987","2025-10-21","37.00","AUD","1759759556","29218/2025-10-21/1759759556.json"
"892632","715987","2025-10-22","37.00","AUD","1759759556","29218/2025-10-22/1759759556.json"
"892632","715987","2025-10-23","37.00","AUD","1759759556","29218/2025-10-23/1759759556.json"
"892632","715987","2025-10-25","37.00","AUD","1759759556","29218/2025-10-25/1759759556.json"
"892632","715987","2025-10-27","37.00","AUD","1759759556","29218/2025-10-27/1759759556.json"
"892632","715987","2025-10-24","37.00","AUD","1759759556","29218/2025-10-24/1759759556.json"
"892632","715987","2025-10-26","37.00","AUD","1759759556","29218/2025-10-26/1759759556.json"
"892632","715987","2025-10-28","37.00","AUD","1759759556","29218/2025-10-28/1759759556.json"
"892632","715987","2025-10-29","37.00","AUD","1759759556","29218/2025-10-29/1759759556.json"
"892632","715987","2025-10-30","37.00","AUD","1759759556","29218/2025-10-30/1759759556.json"
"892632","715987","2025-10-31","37.00","AUD","1759759556","29218/2025-10-31/1759759556.json"
"892632","715987","2025-11-01","37.00","AUD","1759759556","29218/2025-11-01/1759759556.json"
"892632","715987","2025-11-02","37.00","AUD","1759759556","29218/2025-11-02/1759759556.json"
"892632","715987","2025-11-03","37.00","AUD","1759759556","29218/2025-11-03/1759759556.json"
"892632","715987","2025-11-04","37.00","AUD","1759759556","29218/2025-11-04/1759759556.json"
"892632","715987","2025-11-05","37.00","AUD","1759759556","29218/2025-11-05/1759759556.json"
"892632","715987","2025-11-07","37.00","AUD","1759759556","29218/2025-11-07/1759759556.json"
"892632","715987","2025-11-06","37.00","AUD","1759759556","29218/2025-11-06/1759759556.json"
"892632","715987","2025-11-09","37.00","AUD","1759759556","29218/2025-11-09/1759759556.json"
"892632","715987","2025-11-08","37.00","AUD","1759759556","29218/2025-11-08/1759759556.json"
"892632","715987","2025-11-10","37.00","AUD","1759759556","29218/2025-11-10/1759759556.json"
"892632","715987","2025-11-11","37.00","AUD","1759759556","29218/2025-11-11/1759759556.json"
"892632","715987","2025-11-12","37.00","AUD","1759759556","29218/2025-11-12/1759759556.json"
"892632","715987","2025-11-13","37.00","AUD","1759759556","29218/2025-11-13/1759759556.json"
"892632","715987","2025-11-14","37.00","AUD","1759759556","29218/2025-11-14/1759759556.json"
"892632","715987","2025-11-15","37.00","AUD","1759759556","29218/2025-11-15/1759759556.json"
"892632","715987","2025-11-16","37.00","AUD","1759759556","29218/2025-11-16/1759759556.json"
"892632","715987","2025-11-17","37.00","AUD","1759759556","29218/2025-11-17/1759759556.json"
"892632","715987","2025-11-19","37.00","AUD","1759759556","29218/2025-11-19/1759759556.json"
"892632","715987","2025-11-20","37.00","AUD","1759759556","29218/2025-11-20/1759759556.json"
"892632","715987","2025-11-21","37.00","AUD","1759759556","29218/2025-11-21/1759759556.json"
"892632","715987","2025-11-22","37.00","AUD","1759759556","29218/2025-11-22/1759759556.json"
"892632","715987","2025-11-18","37.00","AUD","1759759556","29218/2025-11-18/1759759556.json"
"892632","715987","2025-11-23","37.00","AUD","1759759556","29218/2025-11-23/1759759556.json"
"892632","715987","2025-11-24","37.00","AUD","1759759556","29218/2025-11-24/1759759556.json"
"892632","715987","2025-11-26","37.00","AUD","1759759556","29218/2025-11-26/1759759556.json"
"892632","715987","2025-11-25","37.00","AUD","1759759556","29218/2025-11-25/1759759556.json"
"892632","715987","2025-11-27","37.00","AUD","1759759556","29218/2025-11-27/1759759556.json"
"892632","715987","2025-11-28","37.00","AUD","1759759556","29218/2025-11-28/1759759556.json"
"892632","715987","2025-11-29","37.00","AUD","1759759556","29218/2025-11-29/1759759556.json"
"892632","715987","2025-11-30","37.00","AUD","1759759556","29218/2025-11-30/1759759556.json"
"892632","715987","2025-12-01","37.00","AUD","1759759556","29218/2025-12-01/1759759556.json"
"892632","715987","2025-12-02","37.00","AUD","1759759556","29218/2025-12-02/1759759556.json"
"892632","715987","2025-12-03","37.00","AUD","1759759556","29218/2025-12-03/1759759556.json"
"892632","715987","2025-12-04","37.00","AUD","1759759556","29218/2025-12-04/1759759556.json"
"892632","715987","2025-12-05","37.00","AUD","1759759556","29218/2025-12-05/1759759556.json"
"892632","715987","2025-10-07","37.00","AUD","1759770762","29218/2025-10-07/1759770762.json"
"892632","715987","2025-10-09","37.00","AUD","1759770762","29218/2025-10-09/1759770762.json"
"892632","715987","2025-10-08","37.00","AUD","1759770762","29218/2025-10-08/1759770762.json"
"892632","715987","2025-10-10","37.00","AUD","1759770762","29218/2025-10-10/1759770762.json"
"892632","715987","2025-10-13","37.00","AUD","1759770762","29218/2025-10-13/1759770762.json"
"892632","715987","2025-10-12","37.00","AUD","1759770762","29218/2025-10-12/1759770762.json"
"892632","715987","2025-10-11","37.00","AUD","1759770762","29218/2025-10-11/1759770762.json"
"892632","715987","2025-10-15","37.00","AUD","1759770762","29218/2025-10-15/1759770762.json"
"892632","715987","2025-10-14","37.00","AUD","1759770762","29218/2025-10-14/1759770762.json"
"892632","715987","2025-10-16","37.00","AUD","1759770762","29218/2025-10-16/1759770762.json"
"892632","715987","2025-10-17","37.00","AUD","1759770762","29218/2025-10-17/1759770762.json"
"892632","715987","2025-10-18","37.00","AUD","1759770762","29218/2025-10-18/1759770762.json"
"892632","715987","2025-10-19","37.00","AUD","1759770762","29218/2025-10-19/1759770762.json"
"892632","715987","2025-10-21","37.00","AUD","1759770762","29218/2025-10-21/1759770762.json"
"892632","715987","2025-10-20","37.00","AUD","1759770762","29218/2025-10-20/1759770762.json"
"892632","715987","2025-10-22","37.00","AUD","1759770762","29218/2025-10-22/1759770762.json"
"892632","715987","2025-10-26","37.00","AUD","1759770762","29218/2025-10-26/1759770762.json"
"892632","715987","2025-10-23","37.00","AUD","1759770762","29218/2025-10-23/1759770762.json"
"892632","715987","2025-10-25","37.00","AUD","1759770762","29218/2025-10-25/1759770762.json"
"892632","715987","2025-10-28","37.00","AUD","1759770762","29218/2025-10-28/1759770762.json"
"892632","715987","2025-10-29","37.00","AUD","1759770762","29218/2025-10-29/1759770762.json"
"892632","715987","2025-10-27","37.00","AUD","1759770762","29218/2025-10-27/1759770762.json"
"892632","715987","2025-10-24","37.00","AUD","1759770762","29218/2025-10-24/1759770762.json"
"892632","715987","2025-10-30","37.00","AUD","1759770762","29218/2025-10-30/1759770762.json"
"892632","715987","2025-10-31","37.00","AUD","1759770762","29218/2025-10-31/1759770762.json"
"892632","715987","2025-11-01","37.00","AUD","1759770762","29218/2025-11-01/1759770762.json"
"892632","715987","2025-11-02","37.00","AUD","1759770762","29218/2025-11-02/1759770762.json"
"892632","715987","2025-11-03","37.00","AUD","1759770762","29218/2025-11-03/1759770762.json"
"892632","715987","2025-11-04","37.00","AUD","1759770762","29218/2025-11-04/1759770762.json"
"892632","715987","2025-11-06","37.00","AUD","1759770762","29218/2025-11-06/1759770762.json"
"892632","715987","2025-11-07","37.00","AUD","1759770762","29218/2025-11-07/1759770762.json"
"892632","715987","2025-11-09","37.00","AUD","1759770762","29218/2025-11-09/1759770762.json"
"892632","715987","2025-11-08","37.00","AUD","1759770762","29218/2025-11-08/1759770762.json"
"892632","715987","2025-11-05","37.00","AUD","1759770762","29218/2025-11-05/1759770762.json"
"892632","715987","2025-11-10","37.00","AUD","1759770762","29218/2025-11-10/1759770762.json"
"892632","715987","2025-11-11","37.00","AUD","1759770762","29218/2025-11-11/1759770762.json"
"892632","715987","2025-11-12","37.00","AUD","1759770762","29218/2025-11-12/1759770762.json"
"892632","715987","2025-11-13","37.00","AUD","1759770762","29218/2025-11-13/1759770762.json"
"892632","715987","2025-11-14","37.00","AUD","1759770762","29218/2025-11-14/1759770762.json"
"892632","715987","2025-11-15","37.00","AUD","1759770762","29218/2025-11-15/1759770762.json"
"892632","715987","2025-11-16","37.00","AUD","1759770762","29218/2025-11-16/1759770762.json"
"892632","715987","2025-11-18","37.00","AUD","1759770762","29218/2025-11-18/1759770762.json"
"892632","715987","2025-11-17","37.00","AUD","1759770762","29218/2025-11-17/1759770762.json"
"892632","715987","2025-11-19","37.00","AUD","1759770762","29218/2025-11-19/1759770762.json"
"892632","715987","2025-11-20","37.00","AUD","1759770762","29218/2025-11-20/1759770762.json"
"892632","715987","2025-11-21","37.00","AUD","1759770762","29218/2025-11-21/1759770762.json"
"892632","715987","2025-11-23","37.00","AUD","1759770762","29218/2025-11-23/1759770762.json"
"892632","715987","2025-11-24","37.00","AUD","1759770762","29218/2025-11-24/1759770762.json"
"892632","715987","2025-11-25","37.00","AUD","1759770762","29218/2025-11-25/1759770762.json"
"892632","715987","2025-11-22","37.00","AUD","1759770762","29218/2025-11-22/1759770762.json"
"892632","715987","2025-11-26","37.00","AUD","1759770762","29218/2025-11-26/1759770762.json"
"892632","715987","2025-11-28","37.00","AUD","1759770762","29218/2025-11-28/1759770762.json"
"892632","715987","2025-11-29","37.00","AUD","1759770762","29218/2025-11-29/1759770762.json"
"892632","715987","2025-11-30","37.00","AUD","1759770762","29218/2025-11-30/1759770762.json"
"892632","715987","2025-11-27","37.00","AUD","1759770762","29218/2025-11-27/1759770762.json"
"892632","715987","2025-12-01","37.00","AUD","1759770762","29218/2025-12-01/1759770762.json"
"892632","715987","2025-12-02","37.00","AUD","1759770762","29218/2025-12-02/1759770762.json"
"892632","715987","2025-12-04","37.00","AUD","1759770762","29218/2025-12-04/1759770762.json"
"892632","715987","2025-12-03","37.00","AUD","1759770762","29218/2025-12-03/1759770762.json"
"892632","715987","2025-12-05","37.00","AUD","1759770762","29218/2025-12-05/1759770762.json"
"892632","715987","2025-10-09","37.00","AUD","1759784564","29218/2025-10-09/1759784564.json"
"892632","715987","2025-10-08","37.00","AUD","1759784564","29218/2025-10-08/1759784564.json"
"892632","715987","2025-10-07","37.00","AUD","1759784564","29218/2025-10-07/1759784564.json"
"892632","715987","2025-10-10","37.00","AUD","1759784564","29218/2025-10-10/1759784564.json"
"892632","715987","2025-10-11","37.00","AUD","1759784564","29218/2025-10-11/1759784564.json"
"892632","715987","2025-10-13","37.00","AUD","1759784564","29218/2025-10-13/1759784564.json"
"892632","715987","2025-10-12","37.00","AUD","1759784564","29218/2025-10-12/1759784564.json"
"892632","715987","2025-10-14","37.00","AUD","1759784564","29218/2025-10-14/1759784564.json"
"892632","715987","2025-10-16","37.00","AUD","1759784564","29218/2025-10-16/1759784564.json"
"892632","715987","2025-10-17","37.00","AUD","1759784564","29218/2025-10-17/1759784564.json"
"892632","715987","2025-10-18","37.00","AUD","1759784564","29218/2025-10-18/1759784564.json"
"892632","715987","2025-10-15","37.00","AUD","1759784564","29218/2025-10-15/1759784564.json"
"892632","715987","2025-10-19","37.00","AUD","1759784564","29218/2025-10-19/1759784564.json"
"892632","715987","2025-10-20","37.00","AUD","1759784564","29218/2025-10-20/1759784564.json"
"892632","715987","2025-10-22","37.00","AUD","1759784564","29218/2025-10-22/1759784564.json"
"892632","715987","2025-10-21","37.00","AUD","1759784564","29218/2025-10-21/1759784564.json"
"892632","715987","2025-10-23","37.00","AUD","1759784564","29218/2025-10-23/1759784564.json"
"892632","715987","2025-10-25","37.00","AUD","1759784564","29218/2025-10-25/1759784564.json"
"892632","715987","2025-10-24","37.00","AUD","1759784564","29218/2025-10-24/1759784564.json"
"892632","715987","2025-10-26","37.00","AUD","1759784564","29218/2025-10-26/1759784564.json"
"892632","715987","2025-10-27","37.00","AUD","1759784564","29218/2025-10-27/1759784564.json"
"892632","715987","2025-10-29","37.00","AUD","1759784564","29218/2025-10-29/1759784564.json"
"892632","715987","2025-10-28","37.00","AUD","1759784564","29218/2025-10-28/1759784564.json"
"892632","715987","2025-10-30","37.00","AUD","1759784564","29218/2025-10-30/1759784564.json"
"892632","715987","2025-10-31","37.00","AUD","1759784564","29218/2025-10-31/1759784564.json"
"892632","715987","2025-11-01","37.00","AUD","1759784564","29218/2025-11-01/1759784564.json"
"892632","715987","2025-11-02","37.00","AUD","1759784564","29218/2025-11-02/1759784564.json"
"892632","715987","2025-11-04","37.00","AUD","1759784564","29218/2025-11-04/1759784564.json"
"892632","715987","2025-11-03","37.00","AUD","1759784564","29218/2025-11-03/1759784564.json"
"892632","715987","2025-11-05","37.00","AUD","1759784564","29218/2025-11-05/1759784564.json"
"892632","715987","2025-11-06","37.00","AUD","1759784564","29218/2025-11-06/1759784564.json"
"892632","715987","2025-11-07","37.00","AUD","1759784564","29218/2025-11-07/1759784564.json"
"892632","715987","2025-11-09","37.00","AUD","1759784564","29218/2025-11-09/1759784564.json"
"892632","715987","2025-11-08","37.00","AUD","1759784564","29218/2025-11-08/1759784564.json"
"892632","715987","2025-11-10","37.00","AUD","1759784564","29218/2025-11-10/1759784564.json"
"892632","715987","2025-11-13","37.00","AUD","1759784564","29218/2025-11-13/1759784564.json"
"892632","715987","2025-11-11","37.00","AUD","1759784564","29218/2025-11-11/1759784564.json"
"892632","715987","2025-11-12","37.00","AUD","1759784564","29218/2025-11-12/1759784564.json"
"892632","715987","2025-11-14","37.00","AUD","1759784564","29218/2025-11-14/1759784564.json"
"892632","715987","2025-11-16","37.00","AUD","1759784564","29218/2025-11-16/1759784564.json"
"892632","715987","2025-11-17","37.00","AUD","1759784564","29218/2025-11-17/1759784564.json"
"892632","715987","2025-11-15","37.00","AUD","1759784564","29218/2025-11-15/1759784564.json"
"892632","715987","2025-11-18","37.00","AUD","1759784564","29218/2025-11-18/1759784564.json"
"892632","715987","2025-11-19","37.00","AUD","1759784564","29218/2025-11-19/1759784564.json"
"892632","715987","2025-11-22","37.00","AUD","1759784564","29218/2025-11-22/1759784564.json"
"892632","715987","2025-11-21","37.00","AUD","1759784564","29218/2025-11-21/1759784564.json"
"892632","715987","2025-11-20","37.00","AUD","1759784564","29218/2025-11-20/1759784564.json"
"892632","715987","2025-11-23","37.00","AUD","1759784564","29218/2025-11-23/1759784564.json"
"892632","715987","2025-11-26","37.00","AUD","1759784564","29218/2025-11-26/1759784564.json"
"892632","715987","2025-11-24","37.00","AUD","1759784564","29218/2025-11-24/1759784564.json"
"892632","715987","2025-11-25","37.00","AUD","1759784564","29218/2025-11-25/1759784564.json"
"892632","715987","2025-11-29","37.00","AUD","1759784564","29218/2025-11-29/1759784564.json"
"892632","715987","2025-11-27","37.00","AUD","1759784564","29218/2025-11-27/1759784564.json"
"892632","715987","2025-11-28","37.00","AUD","1759784564","29218/2025-11-28/1759784564.json"
"892632","715987","2025-11-30","37.00","AUD","1759784564","29218/2025-11-30/1759784564.json"
"892632","715987","2025-12-01","37.00","AUD","1759784564","29218/2025-12-01/1759784564.json"
"892632","715987","2025-12-02","37.00","AUD","1759784564","29218/2025-12-02/1759784564.json"
"892632","715987","2025-12-03","37.00","AUD","1759784564","29218/2025-12-03/1759784564.json"
"892632","715987","2025-12-04","37.00","AUD","1759784564","29218/2025-12-04/1759784564.json"
"892632","715987","2025-12-05","37.00","AUD","1759784564","29218/2025-12-05/1759784564.json"
"892632","715987","2025-10-10","37.00","AUD","1759808143","29218/2025-10-10/1759808143.json"
"892632","715987","2025-10-08","37.00","AUD","1759808143","29218/2025-10-08/1759808143.json"
"892632","715987","2025-10-09","37.00","AUD","1759808143","29218/2025-10-09/1759808143.json"
"892632","715987","2025-10-11","37.00","AUD","1759808143","29218/2025-10-11/1759808143.json"
"892632","715987","2025-10-13","37.00","AUD","1759808143","29218/2025-10-13/1759808143.json"
"892632","715987","2025-10-14","37.00","AUD","1759808143","29218/2025-10-14/1759808143.json"
"892632","715987","2025-10-12","37.00","AUD","1759808143","29218/2025-10-12/1759808143.json"
"892632","715987","2025-10-15","37.00","AUD","1759808143","29218/2025-10-15/1759808143.json"
"892632","715987","2025-10-17","37.00","AUD","1759808143","29218/2025-10-17/1759808143.json"
"892632","715987","2025-10-18","37.00","AUD","1759808143","29218/2025-10-18/1759808143.json"
"892632","715987","2025-10-16","37.00","AUD","1759808143","29218/2025-10-16/1759808143.json"
"892632","715987","2025-10-20","37.00","AUD","1759808143","29218/2025-10-20/1759808143.json"
"892632","715987","2025-10-19","37.00","AUD","1759808143","29218/2025-10-19/1759808143.json"
"892632","715987","2025-10-21","37.00","AUD","1759808143","29218/2025-10-21/1759808143.json"
"892632","715987","2025-10-22","37.00","AUD","1759808143","29218/2025-10-22/1759808143.json"
"892632","715987","2025-10-23","37.00","AUD","1759808143","29218/2025-10-23/1759808143.json"
"892632","715987","2025-10-24","37.00","AUD","1759808143","29218/2025-10-24/1759808143.json"
"892632","715987","2025-10-26","37.00","AUD","1759808143","29218/2025-10-26/1759808143.json"
"892632","715987","2025-10-25","37.00","AUD","1759808143","29218/2025-10-25/1759808143.json"
"892632","715987","2025-10-27","37.00","AUD","1759808143","29218/2025-10-27/1759808143.json"
"892632","715987","2025-10-28","37.00","AUD","1759808143","29218/2025-10-28/1759808143.json"
"892632","715987","2025-10-29","37.00","AUD","1759808143","29218/2025-10-29/1759808143.json"
"892632","715987","2025-10-30","37.00","AUD","1759808143","29218/2025-10-30/1759808143.json"
"892632","715987","2025-10-31","37.00","AUD","1759808143","29218/2025-10-31/1759808143.json"
"892632","715987","2025-11-01","37.00","AUD","1759808143","29218/2025-11-01/1759808143.json"
"892632","715987","2025-11-02","37.00","AUD","1759808143","29218/2025-11-02/1759808143.json"
"892632","715987","2025-11-03","37.00","AUD","1759808143","29218/2025-11-03/1759808143.json"
"892632","715987","2025-11-04","37.00","AUD","1759808143","29218/2025-11-04/1759808143.json"
"892632","715987","2025-11-05","37.00","AUD","1759808143","29218/2025-11-05/1759808143.json"
"892632","715987","2025-11-06","37.00","AUD","1759808143","29218/2025-11-06/1759808143.json"
"892632","715987","2025-11-07","37.00","AUD","1759808143","29218/2025-11-07/1759808143.json"
"892632","715987","2025-11-08","37.00","AUD","1759808143","29218/2025-11-08/1759808143.json"
"892632","715987","2025-11-09","37.00","AUD","1759808143","29218/2025-11-09/1759808143.json"
"892632","715987","2025-11-11","37.00","AUD","1759808143","29218/2025-11-11/1759808143.json"
"892632","715987","2025-11-10","37.00","AUD","1759808143","29218/2025-11-10/1759808143.json"
"892632","715987","2025-11-12","37.00","AUD","1759808143","29218/2025-11-12/1759808143.json"
"892632","715987","2025-11-13","37.00","AUD","1759808143","29218/2025-11-13/1759808143.json"
"892632","715987","2025-11-14","37.00","AUD","1759808143","29218/2025-11-14/1759808143.json"
"892632","715987","2025-11-15","37.00","AUD","1759808143","29218/2025-11-15/1759808143.json"
"892632","715987","2025-11-16","37.00","AUD","1759808143","29218/2025-11-16/1759808143.json"
"892632","715987","2025-11-17","37.00","AUD","1759808143","29218/2025-11-17/1759808143.json"
"892632","715987","2025-11-18","37.00","AUD","1759808143","29218/2025-11-18/1759808143.json"
"892632","715987","2025-11-20","37.00","AUD","1759808143","29218/2025-11-20/1759808143.json"
"892632","715987","2025-11-19","37.00","AUD","1759808143","29218/2025-11-19/1759808143.json"
"892632","715987","2025-11-21","37.00","AUD","1759808143","29218/2025-11-21/1759808143.json"
"892632","715987","2025-11-22","37.00","AUD","1759808143","29218/2025-11-22/1759808143.json"
"892632","715987","2025-11-23","37.00","AUD","1759808143","29218/2025-11-23/1759808143.json"
"892632","715987","2025-11-24","37.00","AUD","1759808143","29218/2025-11-24/1759808143.json"
"892632","715987","2025-11-25","37.00","AUD","1759808143","29218/2025-11-25/1759808143.json"
"892632","715987","2025-11-26","37.00","AUD","1759808143","29218/2025-11-26/1759808143.json"
"892632","715987","2025-11-27","37.00","AUD","1759808143","29218/2025-11-27/1759808143.json"
"892632","715987","2025-11-28","37.00","AUD","1759808143","29218/2025-11-28/1759808143.json"
"892632","715987","2025-11-29","37.00","AUD","1759808143","29218/2025-11-29/1759808143.json"
"892632","715987","2025-11-30","37.00","AUD","1759808143","29218/2025-11-30/1759808143.json"
"892632","715987","2025-12-01","37.00","AUD","1759808143","29218/2025-12-01/1759808143.json"
"892632","715987","2025-12-02","37.00","AUD","1759808143","29218/2025-12-02/1759808143.json"
"892632","715987","2025-12-03","37.00","AUD","1759808143","29218/2025-12-03/1759808143.json"
"892632","715987","2025-12-04","37.00","AUD","1759808143","29218/2025-12-04/1759808143.json"
"892632","715987","2025-12-05","37.00","AUD","1759808143","29218/2025-12-05/1759808143.json"
"892632","715987","2025-12-06","37.00","AUD","1759808143","29218/2025-12-06/1759808143.json"
"892632","715987","2025-10-10","37.00","AUD","1759813520","29218/2025-10-10/1759813520.json"
"892632","715987","2025-10-09","37.00","AUD","1759813520","29218/2025-10-09/1759813520.json"
"892632","715987","2025-10-08","37.00","AUD","1759813520","29218/2025-10-08/1759813520.json"
"892632","715987","2025-10-11","37.00","AUD","1759813520","29218/2025-10-11/1759813520.json"
"892632","715987","2025-10-13","37.00","AUD","1759813520","29218/2025-10-13/1759813520.json"
"892632","715987","2025-10-14","37.00","AUD","1759813520","29218/2025-10-14/1759813520.json"
"892632","715987","2025-10-12","37.00","AUD","1759813520","29218/2025-10-12/1759813520.json"
"892632","715987","2025-10-15","37.00","AUD","1759813520","29218/2025-10-15/1759813520.json"
"892632","715987","2025-10-16","37.00","AUD","1759813520","29218/2025-10-16/1759813520.json"
"892632","715987","2025-10-18","37.00","AUD","1759813520","29218/2025-10-18/1759813520.json"
"892632","715987","2025-10-17","37.00","AUD","1759813520","29218/2025-10-17/1759813520.json"
"892632","715987","2025-10-20","37.00","AUD","1759813520","29218/2025-10-20/1759813520.json"
"892632","715987","2025-10-19","37.00","AUD","1759813520","29218/2025-10-19/1759813520.json"
"892632","715987","2025-10-21","37.00","AUD","1759813520","29218/2025-10-21/1759813520.json"
"892632","715987","2025-10-22","37.00","AUD","1759813520","29218/2025-10-22/1759813520.json"
"892632","715987","2025-10-23","37.00","AUD","1759813520","29218/2025-10-23/1759813520.json"
"892632","715987","2025-10-25","37.00","AUD","1759813520","29218/2025-10-25/1759813520.json"
"892632","715987","2025-10-26","37.00","AUD","1759813520","29218/2025-10-26/1759813520.json"
"892632","715987","2025-10-24","37.00","AUD","1759813520","29218/2025-10-24/1759813520.json"
"892632","715987","2025-10-27","37.00","AUD","1759813520","29218/2025-10-27/1759813520.json"
"892632","715987","2025-10-29","37.00","AUD","1759813520","29218/2025-10-29/1759813520.json"
"892632","715987","2025-10-30","37.00","AUD","1759813520","29218/2025-10-30/1759813520.json"
"892632","715987","2025-10-28","37.00","AUD","1759813520","29218/2025-10-28/1759813520.json"
"892632","715987","2025-10-31","37.00","AUD","1759813520","29218/2025-10-31/1759813520.json"
"892632","715987","2025-11-01","37.00","AUD","1759813520","29218/2025-11-01/1759813520.json"
"892632","715987","2025-11-02","37.00","AUD","1759813520","29218/2025-11-02/1759813520.json"
"892632","715987","2025-11-03","37.00","AUD","1759813520","29218/2025-11-03/1759813520.json"
"892632","715987","2025-11-04","37.00","AUD","1759813520","29218/2025-11-04/1759813520.json"
"892632","715987","2025-11-06","37.00","AUD","1759813520","29218/2025-11-06/1759813520.json"
"892632","715987","2025-11-05","37.00","AUD","1759813520","29218/2025-11-05/1759813520.json"
"892632","715987","2025-11-07","37.00","AUD","1759813520","29218/2025-11-07/1759813520.json"
"892632","715987","2025-11-08","37.00","AUD","1759813520","29218/2025-11-08/1759813520.json"
"892632","715987","2025-11-09","37.00","AUD","1759813520","29218/2025-11-09/1759813520.json"
"892632","715987","2025-11-11","37.00","AUD","1759813520","29218/2025-11-11/1759813520.json"
"892632","715987","2025-11-10","37.00","AUD","1759813520","29218/2025-11-10/1759813520.json"
"892632","715987","2025-11-12","37.00","AUD","1759813520","29218/2025-11-12/1759813520.json"
"892632","715987","2025-11-13","37.00","AUD","1759813520","29218/2025-11-13/1759813520.json"
"892632","715987","2025-11-14","37.00","AUD","1759813520","29218/2025-11-14/1759813520.json"
"892632","715987","2025-11-15","37.00","AUD","1759813520","29218/2025-11-15/1759813520.json"
"892632","715987","2025-11-16","37.00","AUD","1759813520","29218/2025-11-16/1759813520.json"
"892632","715987","2025-11-17","37.00","AUD","1759813520","29218/2025-11-17/1759813520.json"
"892632","715987","2025-11-18","37.00","AUD","1759813520","29218/2025-11-18/1759813520.json"
"892632","715987","2025-11-19","37.00","AUD","1759813520","29218/2025-11-19/1759813520.json"
"892632","715987","2025-11-20","37.00","AUD","1759813520","29218/2025-11-20/1759813520.json"
"892632","715987","2025-11-21","37.00","AUD","1759813520","29218/2025-11-21/1759813520.json"
"892632","715987","2025-11-23","37.00","AUD","1759813520","29218/2025-11-23/1759813520.json"
"892632","715987","2025-11-22","37.00","AUD","1759813520","29218/2025-11-22/1759813520.json"
"892632","715987","2025-11-24","37.00","AUD","1759813520","29218/2025-11-24/1759813520.json"
"892632","715987","2025-11-25","37.00","AUD","1759813520","29218/2025-11-25/1759813520.json"
"892632","715987","2025-11-26","37.00","AUD","1759813520","29218/2025-11-26/1759813520.json"
"892632","715987","2025-11-28","37.00","AUD","1759813520","29218/2025-11-28/1759813520.json"
"892632","715987","2025-11-27","37.00","AUD","1759813520","29218/2025-11-27/1759813520.json"
"892632","715987","2025-11-29","37.00","AUD","1759813520","29218/2025-11-29/1759813520.json"
"892632","715987","2025-12-01","37.00","AUD","1759813520","29218/2025-12-01/1759813520.json"
"892632","715987","2025-11-30","37.00","AUD","1759813520","29218/2025-11-30/1759813520.json"
"892632","715987","2025-12-03","37.00","AUD","1759813520","29218/2025-12-03/1759813520.json"
"892632","715987","2025-12-05","37.00","AUD","1759813520","29218/2025-12-05/1759813520.json"
"892632","715987","2025-12-04","37.00","AUD","1759813520","29218/2025-12-04/1759813520.json"
"892632","715987","2025-12-02","37.00","AUD","1759813520","29218/2025-12-02/1759813520.json"
"892632","715987","2025-12-06","37.00","AUD","1759813520","29218/2025-12-06/1759813520.json"
"892632","715987","2025-10-09","37.00","AUD","1759828547","29218/2025-10-09/1759828547.json"
"892632","715987","2025-10-08","37.00","AUD","1759828547","29218/2025-10-08/1759828547.json"
"892632","715987","2025-10-10","37.00","AUD","1759828547","29218/2025-10-10/1759828547.json"
"892632","715987","2025-10-11","37.00","AUD","1759828547","29218/2025-10-11/1759828547.json"
"892632","715987","2025-10-12","37.00","AUD","1759828547","29218/2025-10-12/1759828547.json"
"892632","715987","2025-10-13","37.00","AUD","1759828547","29218/2025-10-13/1759828547.json"
"892632","715987","2025-10-14","37.00","AUD","1759828547","29218/2025-10-14/1759828547.json"
"892632","715987","2025-10-17","37.00","AUD","1759828547","29218/2025-10-17/1759828547.json"
"892632","715987","2025-10-15","37.00","AUD","1759828547","29218/2025-10-15/1759828547.json"
"892632","715987","2025-10-16","37.00","AUD","1759828547","29218/2025-10-16/1759828547.json"
"892632","715987","2025-10-18","37.00","AUD","1759828547","29218/2025-10-18/1759828547.json"
"892632","715987","2025-10-21","37.00","AUD","1759828547","29218/2025-10-21/1759828547.json"
"892632","715987","2025-10-19","37.00","AUD","1759828547","29218/2025-10-19/1759828547.json"
"892632","715987","2025-10-20","37.00","AUD","1759828547","29218/2025-10-20/1759828547.json"
"892632","715987","2025-10-22","37.00","AUD","1759828547","29218/2025-10-22/1759828547.json"
"892632","715987","2025-10-23","37.00","AUD","1759828547","29218/2025-10-23/1759828547.json"
"892632","715987","2025-10-24","37.00","AUD","1759828547","29218/2025-10-24/1759828547.json"
"892632","715987","2025-10-25","37.00","AUD","1759828547","29218/2025-10-25/1759828547.json"
"892632","715987","2025-10-26","37.00","AUD","1759828547","29218/2025-10-26/1759828547.json"
"892632","715987","2025-10-27","37.00","AUD","1759828547","29218/2025-10-27/1759828547.json"
"892632","715987","2025-10-28","37.00","AUD","1759828547","29218/2025-10-28/1759828547.json"
"892632","715987","2025-10-29","37.00","AUD","1759828547","29218/2025-10-29/1759828547.json"
"892632","715987","2025-10-30","37.00","AUD","1759828547","29218/2025-10-30/1759828547.json"
"892632","715987","2025-10-31","37.00","AUD","1759828547","29218/2025-10-31/1759828547.json"
"892632","715987","2025-11-01","37.00","AUD","1759828547","29218/2025-11-01/1759828547.json"
"892632","715987","2025-11-05","37.00","AUD","1759828547","29218/2025-11-05/1759828547.json"
"892632","715987","2025-11-04","37.00","AUD","1759828547","29218/2025-11-04/1759828547.json"
"892632","715987","2025-11-07","37.00","AUD","1759828547","29218/2025-11-07/1759828547.json"
"892632","715987","2025-11-06","37.00","AUD","1759828547","29218/2025-11-06/1759828547.json"
"892632","715987","2025-11-02","37.00","AUD","1759828547","29218/2025-11-02/1759828547.json"
"892632","715987","2025-11-03","37.00","AUD","1759828547","29218/2025-11-03/1759828547.json"
"892632","715987","2025-11-08","37.00","AUD","1759828547","29218/2025-11-08/1759828547.json"
"892632","715987","2025-11-11","37.00","AUD","1759828547","29218/2025-11-11/1759828547.json"
"892632","715987","2025-11-12","37.00","AUD","1759828547","29218/2025-11-12/1759828547.json"
"892632","715987","2025-11-09","37.00","AUD","1759828547","29218/2025-11-09/1759828547.json"
"892632","715987","2025-11-10","37.00","AUD","1759828547","29218/2025-11-10/1759828547.json"
"892632","715987","2025-11-13","37.00","AUD","1759828547","29218/2025-11-13/1759828547.json"
"892632","715987","2025-11-14","37.00","AUD","1759828547","29218/2025-11-14/1759828547.json"
"892632","715987","2025-11-15","37.00","AUD","1759828547","29218/2025-11-15/1759828547.json"
"892632","715987","2025-11-17","37.00","AUD","1759828547","29218/2025-11-17/1759828547.json"
"892632","715987","2025-11-16","37.00","AUD","1759828547","29218/2025-11-16/1759828547.json"
"892632","715987","2025-11-19","37.00","AUD","1759828547","29218/2025-11-19/1759828547.json"
"892632","715987","2025-11-20","37.00","AUD","1759828547","29218/2025-11-20/1759828547.json"
"892632","715987","2025-11-18","37.00","AUD","1759828547","29218/2025-11-18/1759828547.json"
"892632","715987","2025-11-21","37.00","AUD","1759828547","29218/2025-11-21/1759828547.json"
"892632","715987","2025-11-22","37.00","AUD","1759828547","29218/2025-11-22/1759828547.json"
"892632","715987","2025-11-23","37.00","AUD","1759828547","29218/2025-11-23/1759828547.json"
"892632","715987","2025-11-24","37.00","AUD","1759828547","29218/2025-11-24/1759828547.json"
"892632","715987","2025-11-25","37.00","AUD","1759828547","29218/2025-11-25/1759828547.json"
"892632","715987","2025-11-26","37.00","AUD","1759828547","29218/2025-11-26/1759828547.json"
"892632","715987","2025-11-27","37.00","AUD","1759828547","29218/2025-11-27/1759828547.json"
"892632","715987","2025-11-28","37.00","AUD","1759828547","29218/2025-11-28/1759828547.json"
"892632","715987","2025-11-29","37.00","AUD","1759828547","29218/2025-11-29/1759828547.json"
"892632","715987","2025-11-30","37.00","AUD","1759828547","29218/2025-11-30/1759828547.json"
"892632","715987","2025-12-01","37.00","AUD","1759828547","29218/2025-12-01/1759828547.json"
"892632","715987","2025-12-02","37.00","AUD","1759828547","29218/2025-12-02/1759828547.json"
"892632","715987","2025-12-04","37.00","AUD","1759828547","29218/2025-12-04/1759828547.json"
"892632","715987","2025-12-03","37.00","AUD","1759828547","29218/2025-12-03/1759828547.json"
"892632","715987","2025-12-05","37.00","AUD","1759828547","29218/2025-12-05/1759828547.json"
"892632","715987","2025-12-06","37.00","AUD","1759828547","29218/2025-12-06/1759828547.json"
"892632","715987","2025-10-09","37.00","AUD","1759846002","29218/2025-10-09/1759846002.json"
"892632","715987","2025-10-11","37.00","AUD","1759846002","29218/2025-10-11/1759846002.json"
"892632","715987","2025-10-10","37.00","AUD","1759846002","29218/2025-10-10/1759846002.json"
"892632","715987","2025-10-08","37.00","AUD","1759846002","29218/2025-10-08/1759846002.json"
"892632","715987","2025-10-12","37.00","AUD","1759846002","29218/2025-10-12/1759846002.json"
"892632","715987","2025-10-13","37.00","AUD","1759846002","29218/2025-10-13/1759846002.json"
"892632","715987","2025-10-14","37.00","AUD","1759846002","29218/2025-10-14/1759846002.json"
"892632","715987","2025-10-15","37.00","AUD","1759846002","29218/2025-10-15/1759846002.json"
"892632","715987","2025-10-16","37.00","AUD","1759846002","29218/2025-10-16/1759846002.json"
"892632","715987","2025-10-17","37.00","AUD","1759846002","29218/2025-10-17/1759846002.json"
"892632","715987","2025-10-18","37.00","AUD","1759846002","29218/2025-10-18/1759846002.json"
"892632","715987","2025-10-19","37.00","AUD","1759846002","29218/2025-10-19/1759846002.json"
"892632","715987","2025-10-20","37.00","AUD","1759846002","29218/2025-10-20/1759846002.json"
"892632","715987","2025-10-21","37.00","AUD","1759846002","29218/2025-10-21/1759846002.json"
"892632","715987","2025-10-22","37.00","AUD","1759846002","29218/2025-10-22/1759846002.json"
"892632","715987","2025-10-23","37.00","AUD","1759846002","29218/2025-10-23/1759846002.json"
"892632","715987","2025-10-24","37.00","AUD","1759846002","29218/2025-10-24/1759846002.json"
"892632","715987","2025-10-25","37.00","AUD","1759846002","29218/2025-10-25/1759846002.json"
"892632","715987","2025-10-26","37.00","AUD","1759846002","29218/2025-10-26/1759846002.json"
"892632","715987","2025-10-27","37.00","AUD","1759846002","29218/2025-10-27/1759846002.json"
"892632","715987","2025-10-28","37.00","AUD","1759846002","29218/2025-10-28/1759846002.json"
"892632","715987","2025-10-29","37.00","AUD","1759846002","29218/2025-10-29/1759846002.json"
"892632","715987","2025-10-31","37.00","AUD","1759846002","29218/2025-10-31/1759846002.json"
"892632","715987","2025-11-01","37.00","AUD","1759846002","29218/2025-11-01/1759846002.json"
"892632","715987","2025-10-30","37.00","AUD","1759846002","29218/2025-10-30/1759846002.json"
"892632","715987","2025-11-02","37.00","AUD","1759846002","29218/2025-11-02/1759846002.json"
"892632","715987","2025-11-04","37.00","AUD","1759846002","29218/2025-11-04/1759846002.json"
"892632","715987","2025-11-03","37.00","AUD","1759846002","29218/2025-11-03/1759846002.json"
"892632","715987","2025-11-05","37.00","AUD","1759846002","29218/2025-11-05/1759846002.json"
"892632","715987","2025-11-07","37.00","AUD","1759846002","29218/2025-11-07/1759846002.json"
"892632","715987","2025-11-08","37.00","AUD","1759846002","29218/2025-11-08/1759846002.json"
"892632","715987","2025-11-09","37.00","AUD","1759846002","29218/2025-11-09/1759846002.json"
"892632","715987","2025-11-06","37.00","AUD","1759846002","29218/2025-11-06/1759846002.json"
"892632","715987","2025-11-10","37.00","AUD","1759846002","29218/2025-11-10/1759846002.json"
"892632","715987","2025-11-11","37.00","AUD","1759846002","29218/2025-11-11/1759846002.json"
"892632","715987","2025-11-12","37.00","AUD","1759846002","29218/2025-11-12/1759846002.json"
"892632","715987","2025-11-13","37.00","AUD","1759846002","29218/2025-11-13/1759846002.json"
"892632","715987","2025-11-14","37.00","AUD","1759846002","29218/2025-11-14/1759846002.json"
"892632","715987","2025-11-15","37.00","AUD","1759846002","29218/2025-11-15/1759846002.json"
"892632","715987","2025-11-16","37.00","AUD","1759846002","29218/2025-11-16/1759846002.json"
"892632","715987","2025-11-17","37.00","AUD","1759846002","29218/2025-11-17/1759846002.json"
"892632","715987","2025-11-18","37.00","AUD","1759846002","29218/2025-11-18/1759846002.json"
"892632","715987","2025-11-19","37.00","AUD","1759846002","29218/2025-11-19/1759846002.json"
"892632","715987","2025-11-21","37.00","AUD","1759846002","29218/2025-11-21/1759846002.json"
"892632","715987","2025-11-20","37.00","AUD","1759846002","29218/2025-11-20/1759846002.json"
"892632","715987","2025-11-22","37.00","AUD","1759846002","29218/2025-11-22/1759846002.json"
"892632","715987","2025-11-24","37.00","AUD","1759846002","29218/2025-11-24/1759846002.json"
"892632","715987","2025-11-23","37.00","AUD","1759846002","29218/2025-11-23/1759846002.json"
"892632","715987","2025-11-25","37.00","AUD","1759846002","29218/2025-11-25/1759846002.json"
"892632","715987","2025-11-26","37.00","AUD","1759846002","29218/2025-11-26/1759846002.json"
"892632","715987","2025-11-27","37.00","AUD","1759846002","29218/2025-11-27/1759846002.json"
"892632","715987","2025-11-28","37.00","AUD","1759846002","29218/2025-11-28/1759846002.json"
"892632","715987","2025-11-30","37.00","AUD","1759846002","29218/2025-11-30/1759846002.json"
"892632","715987","2025-11-29","37.00","AUD","1759846002","29218/2025-11-29/1759846002.json"
"892632","715987","2025-12-01","37.00","AUD","1759846002","29218/2025-12-01/1759846002.json"
"892632","715987","2025-12-02","37.00","AUD","1759846002","29218/2025-12-02/1759846002.json"
"892632","715987","2025-12-04","37.00","AUD","1759846002","29218/2025-12-04/1759846002.json"
"892632","715987","2025-12-03","37.00","AUD","1759846002","29218/2025-12-03/1759846002.json"
"892632","715987","2025-12-06","37.00","AUD","1759846002","29218/2025-12-06/1759846002.json"
"892632","715987","2025-12-05","37.00","AUD","1759846002","29218/2025-12-05/1759846002.json"
"892632","715987","2025-10-10","37.00","AUD","1759857138","29218/2025-10-10/1759857138.json"
"892632","715987","2025-10-08","37.00","AUD","1759857138","29218/2025-10-08/1759857138.json"
"892632","715987","2025-10-09","37.00","AUD","1759857138","29218/2025-10-09/1759857138.json"
"892632","715987","2025-10-11","37.00","AUD","1759857138","29218/2025-10-11/1759857138.json"
"892632","715987","2025-10-14","37.00","AUD","1759857138","29218/2025-10-14/1759857138.json"
"892632","715987","2025-10-12","37.00","AUD","1759857138","29218/2025-10-12/1759857138.json"
"892632","715987","2025-10-13","37.00","AUD","1759857138","29218/2025-10-13/1759857138.json"
"892632","715987","2025-10-15","37.00","AUD","1759857138","29218/2025-10-15/1759857138.json"
"892632","715987","2025-10-18","37.00","AUD","1759857138","29218/2025-10-18/1759857138.json"
"892632","715987","2025-10-19","37.00","AUD","1759857138","29218/2025-10-19/1759857138.json"
"892632","715987","2025-10-20","37.00","AUD","1759857138","29218/2025-10-20/1759857138.json"
"892632","715987","2025-10-21","37.00","AUD","1759857138","29218/2025-10-21/1759857138.json"
"892632","715987","2025-10-17","37.00","AUD","1759857138","29218/2025-10-17/1759857138.json"
"892632","715987","2025-10-16","37.00","AUD","1759857138","29218/2025-10-16/1759857138.json"
"892632","715987","2025-10-22","37.00","AUD","1759857138","29218/2025-10-22/1759857138.json"
"892632","715987","2025-10-23","37.00","AUD","1759857138","29218/2025-10-23/1759857138.json"
"892632","715987","2025-10-24","37.00","AUD","1759857138","29218/2025-10-24/1759857138.json"
"892632","715987","2025-10-25","37.00","AUD","1759857138","29218/2025-10-25/1759857138.json"
"892632","715987","2025-10-27","37.00","AUD","1759857138","29218/2025-10-27/1759857138.json"
"892632","715987","2025-10-26","37.00","AUD","1759857138","29218/2025-10-26/1759857138.json"
"892632","715987","2025-10-29","37.00","AUD","1759857138","29218/2025-10-29/1759857138.json"
"892632","715987","2025-10-30","37.00","AUD","1759857138","29218/2025-10-30/1759857138.json"
"892632","715987","2025-10-28","37.00","AUD","1759857138","29218/2025-10-28/1759857138.json"
"892632","715987","2025-10-31","37.00","AUD","1759857138","29218/2025-10-31/1759857138.json"
"892632","715987","2025-11-01","37.00","AUD","1759857138","29218/2025-11-01/1759857138.json"
"892632","715987","2025-11-02","37.00","AUD","1759857138","29218/2025-11-02/1759857138.json"
"892632","715987","2025-11-04","37.00","AUD","1759857138","29218/2025-11-04/1759857138.json"
"892632","715987","2025-11-03","37.00","AUD","1759857138","29218/2025-11-03/1759857138.json"
"892632","715987","2025-11-05","37.00","AUD","1759857138","29218/2025-11-05/1759857138.json"
"892632","715987","2025-11-06","37.00","AUD","1759857138","29218/2025-11-06/1759857138.json"
"892632","715987","2025-11-08","37.00","AUD","1759857138","29218/2025-11-08/1759857138.json"
"892632","715987","2025-11-09","37.00","AUD","1759857138","29218/2025-11-09/1759857138.json"
"892632","715987","2025-11-07","37.00","AUD","1759857138","29218/2025-11-07/1759857138.json"
"892632","715987","2025-11-10","37.00","AUD","1759857138","29218/2025-11-10/1759857138.json"
"892632","715987","2025-11-11","37.00","AUD","1759857138","29218/2025-11-11/1759857138.json"
"892632","715987","2025-11-12","37.00","AUD","1759857138","29218/2025-11-12/1759857138.json"
"892632","715987","2025-11-13","37.00","AUD","1759857138","29218/2025-11-13/1759857138.json"
"892632","715987","2025-11-14","37.00","AUD","1759857138","29218/2025-11-14/1759857138.json"
"892632","715987","2025-11-15","37.00","AUD","1759857138","29218/2025-11-15/1759857138.json"
"892632","715987","2025-11-16","37.00","AUD","1759857138","29218/2025-11-16/1759857138.json"
"892632","715987","2025-11-17","37.00","AUD","1759857138","29218/2025-11-17/1759857138.json"
"892632","715987","2025-11-18","37.00","AUD","1759857138","29218/2025-11-18/1759857138.json"
"892632","715987","2025-11-19","37.00","AUD","1759857138","29218/2025-11-19/1759857138.json"
"892632","715987","2025-11-20","37.00","AUD","1759857138","29218/2025-11-20/1759857138.json"
"892632","715987","2025-11-21","37.00","AUD","1759857138","29218/2025-11-21/1759857138.json"
"892632","715987","2025-11-22","37.00","AUD","1759857138","29218/2025-11-22/1759857138.json"
"892632","715987","2025-11-23","37.00","AUD","1759857138","29218/2025-11-23/1759857138.json"
"892632","715987","2025-11-25","37.00","AUD","1759857138","29218/2025-11-25/1759857138.json"
"892632","715987","2025-11-24","37.00","AUD","1759857138","29218/2025-11-24/1759857138.json"
"892632","715987","2025-11-26","37.00","AUD","1759857138","29218/2025-11-26/1759857138.json"
"892632","715987","2025-11-27","37.00","AUD","1759857138","29218/2025-11-27/1759857138.json"
"892632","715987","2025-11-28","37.00","AUD","1759857138","29218/2025-11-28/1759857138.json"
"892632","715987","2025-11-30","37.00","AUD","1759857138","29218/2025-11-30/1759857138.json"
"892632","715987","2025-11-29","37.00","AUD","1759857138","29218/2025-11-29/1759857138.json"
"892632","715987","2025-12-01","37.00","AUD","1759857138","29218/2025-12-01/1759857138.json"
"892632","715987","2025-12-02","37.00","AUD","1759857138","29218/2025-12-02/1759857138.json"
"892632","715987","2025-12-03","37.00","AUD","1759857138","29218/2025-12-03/1759857138.json"
"892632","715987","2025-12-04","37.00","AUD","1759857138","29218/2025-12-04/1759857138.json"
"892632","715987","2025-12-05","37.00","AUD","1759857138","29218/2025-12-05/1759857138.json"
"892632","715987","2025-12-06","37.00","AUD","1759857138","29218/2025-12-06/1759857138.json"
"892632","715987","2025-10-09","37.00","AUD","1759870894","29218/2025-10-09/1759870894.json"
"892632","715987","2025-10-10","37.00","AUD","1759870894","29218/2025-10-10/1759870894.json"
"892632","715987","2025-10-08","37.00","AUD","1759870894","29218/2025-10-08/1759870894.json"
"892632","715987","2025-10-11","37.00","AUD","1759870894","29218/2025-10-11/1759870894.json"
"892632","715987","2025-10-12","37.00","AUD","1759870894","29218/2025-10-12/1759870894.json"
"892632","715987","2025-10-14","37.00","AUD","1759870894","29218/2025-10-14/1759870894.json"
"892632","715987","2025-10-13","37.00","AUD","1759870894","29218/2025-10-13/1759870894.json"
"892632","715987","2025-10-15","37.00","AUD","1759870894","29218/2025-10-15/1759870894.json"
"892632","715987","2025-10-17","37.00","AUD","1759870894","29218/2025-10-17/1759870894.json"
"892632","715987","2025-10-19","37.00","AUD","1759870894","29218/2025-10-19/1759870894.json"
"892632","715987","2025-10-18","37.00","AUD","1759870894","29218/2025-10-18/1759870894.json"
"892632","715987","2025-10-16","37.00","AUD","1759870894","29218/2025-10-16/1759870894.json"
"892632","715987","2025-10-20","37.00","AUD","1759870894","29218/2025-10-20/1759870894.json"
"892632","715987","2025-10-23","37.00","AUD","1759870894","29218/2025-10-23/1759870894.json"
"892632","715987","2025-10-22","37.00","AUD","1759870894","29218/2025-10-22/1759870894.json"
"892632","715987","2025-10-21","37.00","AUD","1759870894","29218/2025-10-21/1759870894.json"
"892632","715987","2025-10-24","37.00","AUD","1759870894","29218/2025-10-24/1759870894.json"
"892632","715987","2025-10-25","37.00","AUD","1759870894","29218/2025-10-25/1759870894.json"
"892632","715987","2025-10-27","37.00","AUD","1759870894","29218/2025-10-27/1759870894.json"
"892632","715987","2025-10-29","37.00","AUD","1759870894","29218/2025-10-29/1759870894.json"
"892632","715987","2025-10-30","37.00","AUD","1759870894","29218/2025-10-30/1759870894.json"
"892632","715987","2025-10-26","37.00","AUD","1759870894","29218/2025-10-26/1759870894.json"
"892632","715987","2025-10-28","37.00","AUD","1759870894","29218/2025-10-28/1759870894.json"
"892632","715987","2025-11-01","37.00","AUD","1759870894","29218/2025-11-01/1759870894.json"
"892632","715987","2025-10-31","37.00","AUD","1759870894","29218/2025-10-31/1759870894.json"
"892632","715987","2025-11-02","37.00","AUD","1759870894","29218/2025-11-02/1759870894.json"
"892632","715987","2025-11-03","37.00","AUD","1759870894","29218/2025-11-03/1759870894.json"
"892632","715987","2025-11-04","37.00","AUD","1759870894","29218/2025-11-04/1759870894.json"
"892632","715987","2025-11-08","37.00","AUD","1759870894","29218/2025-11-08/1759870894.json"
"892632","715987","2025-11-05","37.00","AUD","1759870894","29218/2025-11-05/1759870894.json"
"892632","715987","2025-11-07","37.00","AUD","1759870894","29218/2025-11-07/1759870894.json"
"892632","715987","2025-11-06","37.00","AUD","1759870894","29218/2025-11-06/1759870894.json"
"892632","715987","2025-11-09","37.00","AUD","1759870894","29218/2025-11-09/1759870894.json"
"892632","715987","2025-11-11","37.00","AUD","1759870894","29218/2025-11-11/1759870894.json"
"892632","715987","2025-11-12","37.00","AUD","1759870894","29218/2025-11-12/1759870894.json"
"892632","715987","2025-11-10","37.00","AUD","1759870894","29218/2025-11-10/1759870894.json"
"892632","715987","2025-11-15","37.00","AUD","1759870894","29218/2025-11-15/1759870894.json"
"892632","715987","2025-11-14","37.00","AUD","1759870894","29218/2025-11-14/1759870894.json"
"892632","715987","2025-11-13","37.00","AUD","1759870894","29218/2025-11-13/1759870894.json"
"892632","715987","2025-11-16","37.00","AUD","1759870894","29218/2025-11-16/1759870894.json"
"892632","715987","2025-11-19","37.00","AUD","1759870894","29218/2025-11-19/1759870894.json"
"892632","715987","2025-11-18","37.00","AUD","1759870894","29218/2025-11-18/1759870894.json"
"892632","715987","2025-11-20","37.00","AUD","1759870894","29218/2025-11-20/1759870894.json"
"892632","715987","2025-11-22","37.00","AUD","1759870894","29218/2025-11-22/1759870894.json"
"892632","715987","2025-11-23","37.00","AUD","1759870894","29218/2025-11-23/1759870894.json"
"892632","715987","2025-11-17","37.00","AUD","1759870894","29218/2025-11-17/1759870894.json"
"892632","715987","2025-11-25","37.00","AUD","1759870894","29218/2025-11-25/1759870894.json"
"892632","715987","2025-11-24","37.00","AUD","1759870894","29218/2025-11-24/1759870894.json"
"892632","715987","2025-11-21","37.00","AUD","1759870894","29218/2025-11-21/1759870894.json"
"892632","715987","2025-11-26","37.00","AUD","1759870894","29218/2025-11-26/1759870894.json"
"892632","715987","2025-11-28","37.00","AUD","1759870894","29218/2025-11-28/1759870894.json"
"892632","715987","2025-11-27","37.00","AUD","1759870894","29218/2025-11-27/1759870894.json"
"892632","715987","2025-11-30","37.00","AUD","1759870894","29218/2025-11-30/1759870894.json"
"892632","715987","2025-11-29","37.00","AUD","1759870894","29218/2025-11-29/1759870894.json"
"892632","715987","2025-12-01","37.00","AUD","1759870894","29218/2025-12-01/1759870894.json"
"892632","715987","2025-12-03","37.00","AUD","1759870894","29218/2025-12-03/1759870894.json"
"892632","715987","2025-12-02","37.00","AUD","1759870894","29218/2025-12-02/1759870894.json"
"892632","715987","2025-12-04","37.00","AUD","1759870894","29218/2025-12-04/1759870894.json"
"892632","715987","2025-12-05","37.00","AUD","1759870894","29218/2025-12-05/1759870894.json"
"892632","715987","2025-12-06","37.00","AUD","1759870894","29218/2025-12-06/1759870894.json"
"892632","715987","2025-10-09","37.00","AUD","1759894262","29218/2025-10-09/1759894262.json"
"892632","715987","2025-10-10","37.00","AUD","1759894262","29218/2025-10-10/1759894262.json"
"892632","715987","2025-10-11","37.00","AUD","1759894262","29218/2025-10-11/1759894262.json"
"892632","715987","2025-10-08","37.00","AUD","1759894262","29218/2025-10-08/1759894262.json"
"892632","715987","2025-10-14","37.00","AUD","1759894262","29218/2025-10-14/1759894262.json"
"892632","715987","2025-10-15","37.00","AUD","1759894262","29218/2025-10-15/1759894262.json"
"892632","715987","2025-10-12","37.00","AUD","1759894262","29218/2025-10-12/1759894262.json"
"892632","715987","2025-10-13","37.00","AUD","1759894262","29218/2025-10-13/1759894262.json"
"892632","715987","2025-10-17","37.00","AUD","1759894262","29218/2025-10-17/1759894262.json"
"892632","715987","2025-10-16","37.00","AUD","1759894262","29218/2025-10-16/1759894262.json"
"892632","715987","2025-10-18","37.00","AUD","1759894262","29218/2025-10-18/1759894262.json"
"892632","715987","2025-10-19","37.00","AUD","1759894262","29218/2025-10-19/1759894262.json"
"892632","715987","2025-10-20","37.00","AUD","1759894262","29218/2025-10-20/1759894262.json"
"892632","715987","2025-10-21","37.00","AUD","1759894262","29218/2025-10-21/1759894262.json"
"892632","715987","2025-10-22","37.00","AUD","1759894262","29218/2025-10-22/1759894262.json"
"892632","715987","2025-10-23","37.00","AUD","1759894262","29218/2025-10-23/1759894262.json"
"892632","715987","2025-10-24","37.00","AUD","1759894262","29218/2025-10-24/1759894262.json"
"892632","715987","2025-10-25","37.00","AUD","1759894262","29218/2025-10-25/1759894262.json"
"892632","715987","2025-10-27","37.00","AUD","1759894262","29218/2025-10-27/1759894262.json"
"892632","715987","2025-10-29","37.00","AUD","1759894262","29218/2025-10-29/1759894262.json"
"892632","715987","2025-10-26","37.00","AUD","1759894262","29218/2025-10-26/1759894262.json"
"892632","715987","2025-10-28","37.00","AUD","1759894262","29218/2025-10-28/1759894262.json"
"892632","715987","2025-10-30","37.00","AUD","1759894262","29218/2025-10-30/1759894262.json"
"892632","715987","2025-10-31","37.00","AUD","1759894262","29218/2025-10-31/1759894262.json"
"892632","715987","2025-11-01","37.00","AUD","1759894262","29218/2025-11-01/1759894262.json"
"892632","715987","2025-11-02","37.00","AUD","1759894262","29218/2025-11-02/1759894262.json"
"892632","715987","2025-11-03","37.00","AUD","1759894262","29218/2025-11-03/1759894262.json"
"892632","715987","2025-11-05","37.00","AUD","1759894262","29218/2025-11-05/1759894262.json"
"892632","715987","2025-11-04","37.00","AUD","1759894262","29218/2025-11-04/1759894262.json"
"892632","715987","2025-11-06","37.00","AUD","1759894262","29218/2025-11-06/1759894262.json"
"892632","715987","2025-11-07","37.00","AUD","1759894262","29218/2025-11-07/1759894262.json"
"892632","715987","2025-11-10","37.00","AUD","1759894262","29218/2025-11-10/1759894262.json"
"892632","715987","2025-11-09","37.00","AUD","1759894262","29218/2025-11-09/1759894262.json"
"892632","715987","2025-11-08","37.00","AUD","1759894262","29218/2025-11-08/1759894262.json"
"892632","715987","2025-11-11","37.00","AUD","1759894262","29218/2025-11-11/1759894262.json"
"892632","715987","2025-11-12","37.00","AUD","1759894262","29218/2025-11-12/1759894262.json"
"892632","715987","2025-11-13","37.00","AUD","1759894262","29218/2025-11-13/1759894262.json"
"892632","715987","2025-11-14","37.00","AUD","1759894262","29218/2025-11-14/1759894262.json"
"892632","715987","2025-11-15","37.00","AUD","1759894262","29218/2025-11-15/1759894262.json"
"892632","715987","2025-11-17","37.00","AUD","1759894262","29218/2025-11-17/1759894262.json"
"892632","715987","2025-11-16","37.00","AUD","1759894262","29218/2025-11-16/1759894262.json"
"892632","715987","2025-11-18","37.00","AUD","1759894262","29218/2025-11-18/1759894262.json"
"892632","715987","2025-11-19","37.00","AUD","1759894262","29218/2025-11-19/1759894262.json"
"892632","715987","2025-11-20","37.00","AUD","1759894262","29218/2025-11-20/1759894262.json"
"892632","715987","2025-11-21","37.00","AUD","1759894262","29218/2025-11-21/1759894262.json"
"892632","715987","2025-11-22","37.00","AUD","1759894262","29218/2025-11-22/1759894262.json"
"892632","715987","2025-11-23","37.00","AUD","1759894262","29218/2025-11-23/1759894262.json"
"892632","715987","2025-11-25","37.00","AUD","1759894262","29218/2025-11-25/1759894262.json"
"892632","715987","2025-11-27","37.00","AUD","1759894262","29218/2025-11-27/1759894262.json"
"892632","715987","2025-11-26","37.00","AUD","1759894262","29218/2025-11-26/1759894262.json"
"892632","715987","2025-11-28","37.00","AUD","1759894262","29218/2025-11-28/1759894262.json"
"892632","715987","2025-11-29","37.00","AUD","1759894262","29218/2025-11-29/1759894262.json"
"892632","715987","2025-11-30","37.00","AUD","1759894262","29218/2025-11-30/1759894262.json"
"892632","715987","2025-11-24","37.00","AUD","1759894262","29218/2025-11-24/1759894262.json"
"892632","715987","2025-12-01","37.00","AUD","1759894262","29218/2025-12-01/1759894262.json"
"892632","715987","2025-12-02","37.00","AUD","1759894262","29218/2025-12-02/1759894262.json"
"892632","715987","2025-12-04","37.00","AUD","1759894262","29218/2025-12-04/1759894262.json"
"892632","715987","2025-12-03","37.00","AUD","1759894262","29218/2025-12-03/1759894262.json"
"892632","715987","2025-12-05","37.00","AUD","1759894262","29218/2025-12-05/1759894262.json"
"892632","715987","2025-12-07","37.00","AUD","1759894262","29218/2025-12-07/1759894262.json"
"892632","715987","2025-12-06","37.00","AUD","1759894262","29218/2025-12-06/1759894262.json"
"892632","715987","2025-10-10","37.00","AUD","1759900233","29218/2025-10-10/1759900233.json"
"892632","715987","2025-10-11","37.00","AUD","1759900233","29218/2025-10-11/1759900233.json"
"892632","715987","2025-10-09","37.00","AUD","1759900233","29218/2025-10-09/1759900233.json"
"892632","715987","2025-10-12","37.00","AUD","1759900233","29218/2025-10-12/1759900233.json"
"892632","715987","2025-10-13","37.00","AUD","1759900233","29218/2025-10-13/1759900233.json"
"892632","715987","2025-10-15","37.00","AUD","1759900233","29218/2025-10-15/1759900233.json"
"892632","715987","2025-10-14","37.00","AUD","1759900233","29218/2025-10-14/1759900233.json"
"892632","715987","2025-10-18","37.00","AUD","1759900233","29218/2025-10-18/1759900233.json"
"892632","715987","2025-10-19","37.00","AUD","1759900233","29218/2025-10-19/1759900233.json"
"892632","715987","2025-10-16","37.00","AUD","1759900233","29218/2025-10-16/1759900233.json"
"892632","715987","2025-10-17","37.00","AUD","1759900233","29218/2025-10-17/1759900233.json"
"892632","715987","2025-10-20","37.00","AUD","1759900233","29218/2025-10-20/1759900233.json"
"892632","715987","2025-10-21","37.00","AUD","1759900233","29218/2025-10-21/1759900233.json"
"892632","715987","2025-10-22","37.00","AUD","1759900233","29218/2025-10-22/1759900233.json"
"892632","715987","2025-10-23","37.00","AUD","1759900233","29218/2025-10-23/1759900233.json"
"892632","715987","2025-10-24","37.00","AUD","1759900233","29218/2025-10-24/1759900233.json"
"892632","715987","2025-10-25","37.00","AUD","1759900233","29218/2025-10-25/1759900233.json"
"892632","715987","2025-10-27","37.00","AUD","1759900233","29218/2025-10-27/1759900233.json"
"892632","715987","2025-10-26","37.00","AUD","1759900233","29218/2025-10-26/1759900233.json"
"892632","715987","2025-10-28","37.00","AUD","1759900233","29218/2025-10-28/1759900233.json"
"892632","715987","2025-10-29","37.00","AUD","1759900233","29218/2025-10-29/1759900233.json"
"892632","715987","2025-10-30","37.00","AUD","1759900233","29218/2025-10-30/1759900233.json"
"892632","715987","2025-10-31","37.00","AUD","1759900233","29218/2025-10-31/1759900233.json"
"892632","715987","2025-11-01","37.00","AUD","1759900233","29218/2025-11-01/1759900233.json"
"892632","715987","2025-11-02","37.00","AUD","1759900233","29218/2025-11-02/1759900233.json"
"892632","715987","2025-11-03","37.00","AUD","1759900233","29218/2025-11-03/1759900233.json"
"892632","715987","2025-11-04","37.00","AUD","1759900233","29218/2025-11-04/1759900233.json"
"892632","715987","2025-11-05","37.00","AUD","1759900233","29218/2025-11-05/1759900233.json"
"892632","715987","2025-11-06","37.00","AUD","1759900233","29218/2025-11-06/1759900233.json"
"892632","715987","2025-11-07","37.00","AUD","1759900233","29218/2025-11-07/1759900233.json"
"892632","715987","2025-11-08","37.00","AUD","1759900233","29218/2025-11-08/1759900233.json"
"892632","715987","2025-11-09","37.00","AUD","1759900233","29218/2025-11-09/1759900233.json"
"892632","715987","2025-11-10","37.00","AUD","1759900233","29218/2025-11-10/1759900233.json"
"892632","715987","2025-11-11","37.00","AUD","1759900233","29218/2025-11-11/1759900233.json"
"892632","715987","2025-11-12","37.00","AUD","1759900233","29218/2025-11-12/1759900233.json"
"892632","715987","2025-11-13","37.00","AUD","1759900233","29218/2025-11-13/1759900233.json"
"892632","715987","2025-11-14","37.00","AUD","1759900233","29218/2025-11-14/1759900233.json"
"892632","715987","2025-11-15","37.00","AUD","1759900233","29218/2025-11-15/1759900233.json"
"892632","715987","2025-11-16","37.00","AUD","1759900233","29218/2025-11-16/1759900233.json"
"892632","715987","2025-11-17","37.00","AUD","1759900233","29218/2025-11-17/1759900233.json"
"892632","715987","2025-11-19","37.00","AUD","1759900233","29218/2025-11-19/1759900233.json"
"892632","715987","2025-11-20","37.00","AUD","1759900233","29218/2025-11-20/1759900233.json"
"892632","715987","2025-11-21","37.00","AUD","1759900233","29218/2025-11-21/1759900233.json"
"892632","715987","2025-11-18","37.00","AUD","1759900233","29218/2025-11-18/1759900233.json"
"892632","715987","2025-11-22","37.00","AUD","1759900233","29218/2025-11-22/1759900233.json"
"892632","715987","2025-11-23","37.00","AUD","1759900233","29218/2025-11-23/1759900233.json"
"892632","715987","2025-11-24","37.00","AUD","1759900233","29218/2025-11-24/1759900233.json"
"892632","715987","2025-11-26","37.00","AUD","1759900233","29218/2025-11-26/1759900233.json"
"892632","715987","2025-11-25","37.00","AUD","1759900233","29218/2025-11-25/1759900233.json"
"892632","715987","2025-11-27","37.00","AUD","1759900233","29218/2025-11-27/1759900233.json"
"892632","715987","2025-11-28","37.00","AUD","1759900233","29218/2025-11-28/1759900233.json"
"892632","715987","2025-12-01","37.00","AUD","1759900233","29218/2025-12-01/1759900233.json"
"892632","715987","2025-11-30","37.00","AUD","1759900233","29218/2025-11-30/1759900233.json"
"892632","715987","2025-12-02","37.00","AUD","1759900233","29218/2025-12-02/1759900233.json"
"892632","715987","2025-12-03","37.00","AUD","1759900233","29218/2025-12-03/1759900233.json"
"892632","715987","2025-12-04","37.00","AUD","1759900233","29218/2025-12-04/1759900233.json"
"892632","715987","2025-12-05","37.00","AUD","1759900233","29218/2025-12-05/1759900233.json"
"892632","715987","2025-11-29","37.00","AUD","1759900233","29218/2025-11-29/1759900233.json"
"892632","715987","2025-12-07","37.00","AUD","1759900233","29218/2025-12-07/1759900233.json"
"892632","715987","2025-12-06","37.00","AUD","1759900233","29218/2025-12-06/1759900233.json"
"892632","715987","2025-10-11","37.00","AUD","1759915088","29218/2025-10-11/1759915088.json"
"892632","715987","2025-10-10","37.00","AUD","1759915088","29218/2025-10-10/1759915088.json"
"892632","715987","2025-10-09","37.00","AUD","1759915088","29218/2025-10-09/1759915088.json"
"892632","715987","2025-10-13","37.00","AUD","1759915088","29218/2025-10-13/1759915088.json"
"892632","715987","2025-10-12","37.00","AUD","1759915088","29218/2025-10-12/1759915088.json"
"892632","715987","2025-10-14","37.00","AUD","1759915088","29218/2025-10-14/1759915088.json"
"892632","715987","2025-10-15","37.00","AUD","1759915088","29218/2025-10-15/1759915088.json"
"892632","715987","2025-10-16","37.00","AUD","1759915088","29218/2025-10-16/1759915088.json"
"892632","715987","2025-10-18","37.00","AUD","1759915088","29218/2025-10-18/1759915088.json"
"892632","715987","2025-10-19","37.00","AUD","1759915088","29218/2025-10-19/1759915088.json"
"892632","715987","2025-10-17","37.00","AUD","1759915088","29218/2025-10-17/1759915088.json"
"892632","715987","2025-10-20","37.00","AUD","1759915088","29218/2025-10-20/1759915088.json"
"892632","715987","2025-10-21","37.00","AUD","1759915088","29218/2025-10-21/1759915088.json"
"892632","715987","2025-10-23","37.00","AUD","1759915088","29218/2025-10-23/1759915088.json"
"892632","715987","2025-10-22","37.00","AUD","1759915088","29218/2025-10-22/1759915088.json"
"892632","715987","2025-10-24","37.00","AUD","1759915088","29218/2025-10-24/1759915088.json"
"892632","715987","2025-10-25","37.00","AUD","1759915088","29218/2025-10-25/1759915088.json"
"892632","715987","2025-10-27","37.00","AUD","1759915088","29218/2025-10-27/1759915088.json"
"892632","715987","2025-10-26","37.00","AUD","1759915088","29218/2025-10-26/1759915088.json"
"892632","715987","2025-10-28","37.00","AUD","1759915088","29218/2025-10-28/1759915088.json"
"892632","715987","2025-10-29","37.00","AUD","1759915088","29218/2025-10-29/1759915088.json"
"892632","715987","2025-10-30","37.00","AUD","1759915088","29218/2025-10-30/1759915088.json"
"892632","715987","2025-10-31","37.00","AUD","1759915088","29218/2025-10-31/1759915088.json"
"892632","715987","2025-11-02","37.00","AUD","1759915088","29218/2025-11-02/1759915088.json"
"892632","715987","2025-11-01","37.00","AUD","1759915088","29218/2025-11-01/1759915088.json"
"892632","715987","2025-11-03","37.00","AUD","1759915088","29218/2025-11-03/1759915088.json"
"892632","715987","2025-11-04","37.00","AUD","1759915088","29218/2025-11-04/1759915088.json"
"892632","715987","2025-11-05","37.00","AUD","1759915088","29218/2025-11-05/1759915088.json"
"892632","715987","2025-11-06","37.00","AUD","1759915088","29218/2025-11-06/1759915088.json"
"892632","715987","2025-11-07","37.00","AUD","1759915088","29218/2025-11-07/1759915088.json"
"892632","715987","2025-11-09","37.00","AUD","1759915088","29218/2025-11-09/1759915088.json"
"892632","715987","2025-11-08","37.00","AUD","1759915088","29218/2025-11-08/1759915088.json"
"892632","715987","2025-11-10","37.00","AUD","1759915088","29218/2025-11-10/1759915088.json"
"892632","715987","2025-11-11","37.00","AUD","1759915088","29218/2025-11-11/1759915088.json"
"892632","715987","2025-11-12","37.00","AUD","1759915088","29218/2025-11-12/1759915088.json"
"892632","715987","2025-11-13","37.00","AUD","1759915088","29218/2025-11-13/1759915088.json"
"892632","715987","2025-11-14","37.00","AUD","1759915088","29218/2025-11-14/1759915088.json"
"892632","715987","2025-11-15","37.00","AUD","1759915088","29218/2025-11-15/1759915088.json"
"892632","715987","2025-11-16","37.00","AUD","1759915088","29218/2025-11-16/1759915088.json"
"892632","715987","2025-11-17","37.00","AUD","1759915088","29218/2025-11-17/1759915088.json"
"892632","715987","2025-11-19","37.00","AUD","1759915088","29218/2025-11-19/1759915088.json"
"892632","715987","2025-11-18","37.00","AUD","1759915088","29218/2025-11-18/1759915088.json"
"892632","715987","2025-11-21","37.00","AUD","1759915088","29218/2025-11-21/1759915088.json"
"892632","715987","2025-11-23","37.00","AUD","1759915088","29218/2025-11-23/1759915088.json"
"892632","715987","2025-11-20","37.00","AUD","1759915088","29218/2025-11-20/1759915088.json"
"892632","715987","2025-11-22","37.00","AUD","1759915088","29218/2025-11-22/1759915088.json"
"892632","715987","2025-11-24","37.00","AUD","1759915088","29218/2025-11-24/1759915088.json"
"892632","715987","2025-11-26","37.00","AUD","1759915088","29218/2025-11-26/1759915088.json"
"892632","715987","2025-11-25","37.00","AUD","1759915088","29218/2025-11-25/1759915088.json"
"892632","715987","2025-11-27","37.00","AUD","1759915088","29218/2025-11-27/1759915088.json"
"892632","715987","2025-11-28","37.00","AUD","1759915088","29218/2025-11-28/1759915088.json"
"892632","715987","2025-11-30","37.00","AUD","1759915088","29218/2025-11-30/1759915088.json"
"892632","715987","2025-11-29","37.00","AUD","1759915088","29218/2025-11-29/1759915088.json"
"892632","715987","2025-12-01","37.00","AUD","1759915088","29218/2025-12-01/1759915088.json"
"892632","715987","2025-12-02","37.00","AUD","1759915088","29218/2025-12-02/1759915088.json"
"892632","715987","2025-12-03","37.00","AUD","1759915088","29218/2025-12-03/1759915088.json"
"892632","715987","2025-12-04","37.00","AUD","1759915088","29218/2025-12-04/1759915088.json"
"892632","715987","2025-12-05","37.00","AUD","1759915088","29218/2025-12-05/1759915088.json"
"892632","715987","2025-12-06","37.00","AUD","1759915088","29218/2025-12-06/1759915088.json"
"892632","715987","2025-12-07","37.00","AUD","1759915088","29218/2025-12-07/1759915088.json"
"892632","715987","2025-10-10","37.00","AUD","1759932563","29218/2025-10-10/1759932563.json"
"892632","715987","2025-10-09","37.00","AUD","1759932563","29218/2025-10-09/1759932563.json"
"892632","715987","2025-10-11","37.00","AUD","1759932563","29218/2025-10-11/1759932563.json"
"892632","715987","2025-10-12","37.00","AUD","1759932563","29218/2025-10-12/1759932563.json"
"892632","715987","2025-10-15","37.00","AUD","1759932563","29218/2025-10-15/1759932563.json"
"892632","715987","2025-10-13","37.00","AUD","1759932563","29218/2025-10-13/1759932563.json"
"892632","715987","2025-10-14","37.00","AUD","1759932563","29218/2025-10-14/1759932563.json"
"892632","715987","2025-10-16","37.00","AUD","1759932563","29218/2025-10-16/1759932563.json"
"892632","715987","2025-10-17","37.00","AUD","1759932563","29218/2025-10-17/1759932563.json"
"892632","715987","2025-10-18","37.00","AUD","1759932563","29218/2025-10-18/1759932563.json"
"892632","715987","2025-10-19","37.00","AUD","1759932563","29218/2025-10-19/1759932563.json"
"892632","715987","2025-10-20","37.00","AUD","1759932563","29218/2025-10-20/1759932563.json"
"892632","715987","2025-10-21","37.00","AUD","1759932563","29218/2025-10-21/1759932563.json"
"892632","715987","2025-10-23","37.00","AUD","1759932563","29218/2025-10-23/1759932563.json"
"892632","715987","2025-10-24","37.00","AUD","1759932563","29218/2025-10-24/1759932563.json"
"892632","715987","2025-10-22","37.00","AUD","1759932563","29218/2025-10-22/1759932563.json"
"892632","715987","2025-10-25","37.00","AUD","1759932563","29218/2025-10-25/1759932563.json"
"892632","715987","2025-10-26","37.00","AUD","1759932563","29218/2025-10-26/1759932563.json"
"892632","715987","2025-10-28","37.00","AUD","1759932563","29218/2025-10-28/1759932563.json"
"892632","715987","2025-10-27","37.00","AUD","1759932563","29218/2025-10-27/1759932563.json"
"892632","715987","2025-10-29","37.00","AUD","1759932563","29218/2025-10-29/1759932563.json"
"892632","715987","2025-10-30","37.00","AUD","1759932563","29218/2025-10-30/1759932563.json"
"892632","715987","2025-10-31","37.00","AUD","1759932563","29218/2025-10-31/1759932563.json"
"892632","715987","2025-11-02","37.00","AUD","1759932563","29218/2025-11-02/1759932563.json"
"892632","715987","2025-11-03","37.00","AUD","1759932563","29218/2025-11-03/1759932563.json"
"892632","715987","2025-11-01","37.00","AUD","1759932563","29218/2025-11-01/1759932563.json"
"892632","715987","2025-11-04","37.00","AUD","1759932563","29218/2025-11-04/1759932563.json"
"892632","715987","2025-11-05","37.00","AUD","1759932563","29218/2025-11-05/1759932563.json"
"892632","715987","2025-11-06","37.00","AUD","1759932563","29218/2025-11-06/1759932563.json"
"892632","715987","2025-11-07","37.00","AUD","1759932563","29218/2025-11-07/1759932563.json"
"892632","715987","2025-11-08","37.00","AUD","1759932563","29218/2025-11-08/1759932563.json"
"892632","715987","2025-11-10","37.00","AUD","1759932563","29218/2025-11-10/1759932563.json"
"892632","715987","2025-11-09","37.00","AUD","1759932563","29218/2025-11-09/1759932563.json"
"892632","715987","2025-11-11","37.00","AUD","1759932563","29218/2025-11-11/1759932563.json"
"892632","715987","2025-11-12","37.00","AUD","1759932563","29218/2025-11-12/1759932563.json"
"892632","715987","2025-11-14","37.00","AUD","1759932563","29218/2025-11-14/1759932563.json"
"892632","715987","2025-11-13","37.00","AUD","1759932563","29218/2025-11-13/1759932563.json"
"892632","715987","2025-11-16","37.00","AUD","1759932563","29218/2025-11-16/1759932563.json"
"892632","715987","2025-11-15","37.00","AUD","1759932563","29218/2025-11-15/1759932563.json"
"892632","715987","2025-11-17","37.00","AUD","1759932563","29218/2025-11-17/1759932563.json"
"892632","715987","2025-11-18","37.00","AUD","1759932563","29218/2025-11-18/1759932563.json"
"892632","715987","2025-11-20","37.00","AUD","1759932563","29218/2025-11-20/1759932563.json"
"892632","715987","2025-11-19","37.00","AUD","1759932563","29218/2025-11-19/1759932563.json"
"892632","715987","2025-11-21","37.00","AUD","1759932563","29218/2025-11-21/1759932563.json"
"892632","715987","2025-11-22","37.00","AUD","1759932563","29218/2025-11-22/1759932563.json"
"892632","715987","2025-11-23","37.00","AUD","1759932563","29218/2025-11-23/1759932563.json"
"892632","715987","2025-11-24","37.00","AUD","1759932563","29218/2025-11-24/1759932563.json"
"892632","715987","2025-11-25","37.00","AUD","1759932563","29218/2025-11-25/1759932563.json"
"892632","715987","2025-11-26","37.00","AUD","1759932563","29218/2025-11-26/1759932563.json"
"892632","715987","2025-11-27","37.00","AUD","1759932563","29218/2025-11-27/1759932563.json"
"892632","715987","2025-11-28","37.00","AUD","1759932563","29218/2025-11-28/1759932563.json"
"892632","715987","2025-11-30","37.00","AUD","1759932563","29218/2025-11-30/1759932563.json"
"892632","715987","2025-11-29","37.00","AUD","1759932563","29218/2025-11-29/1759932563.json"
"892632","715987","2025-12-01","37.00","AUD","1759932563","29218/2025-12-01/1759932563.json"
"892632","715987","2025-12-02","37.00","AUD","1759932563","29218/2025-12-02/1759932563.json"
"892632","715987","2025-12-04","37.00","AUD","1759932563","29218/2025-12-04/1759932563.json"
"892632","715987","2025-12-03","37.00","AUD","1759932563","29218/2025-12-03/1759932563.json"
"892632","715987","2025-12-05","37.00","AUD","1759932563","29218/2025-12-05/1759932563.json"
"892632","715987","2025-12-06","37.00","AUD","1759932563","29218/2025-12-06/1759932563.json"
"892632","715987","2025-12-07","37.00","AUD","1759932563","29218/2025-12-07/1759932563.json"
"892632","715987","2025-10-11","37.00","AUD","1759943645","29218/2025-10-11/1759943645.json"
"892632","715987","2025-10-10","37.00","AUD","1759943645","29218/2025-10-10/1759943645.json"
"892632","715987","2025-10-09","37.00","AUD","1759943645","29218/2025-10-09/1759943645.json"
"892632","715987","2025-10-12","37.00","AUD","1759943645","29218/2025-10-12/1759943645.json"
"892632","715987","2025-10-13","37.00","AUD","1759943645","29218/2025-10-13/1759943645.json"
"892632","715987","2025-10-15","37.00","AUD","1759943645","29218/2025-10-15/1759943645.json"
"892632","715987","2025-10-14","37.00","AUD","1759943645","29218/2025-10-14/1759943645.json"
"892632","715987","2025-10-16","37.00","AUD","1759943645","29218/2025-10-16/1759943645.json"
"892632","715987","2025-10-18","37.00","AUD","1759943645","29218/2025-10-18/1759943645.json"
"892632","715987","2025-10-17","37.00","AUD","1759943645","29218/2025-10-17/1759943645.json"
"892632","715987","2025-10-19","37.00","AUD","1759943645","29218/2025-10-19/1759943645.json"
"892632","715987","2025-10-20","37.00","AUD","1759943645","29218/2025-10-20/1759943645.json"
"892632","715987","2025-10-21","37.00","AUD","1759943645","29218/2025-10-21/1759943645.json"
"892632","715987","2025-10-22","37.00","AUD","1759943645","29218/2025-10-22/1759943645.json"
"892632","715987","2025-10-23","37.00","AUD","1759943645","29218/2025-10-23/1759943645.json"
"892632","715987","2025-10-24","37.00","AUD","1759943645","29218/2025-10-24/1759943645.json"
"892632","715987","2025-10-25","37.00","AUD","1759943645","29218/2025-10-25/1759943645.json"
"892632","715987","2025-10-26","37.00","AUD","1759943645","29218/2025-10-26/1759943645.json"
"892632","715987","2025-10-27","37.00","AUD","1759943645","29218/2025-10-27/1759943645.json"
"892632","715987","2025-10-29","37.00","AUD","1759943645","29218/2025-10-29/1759943645.json"
"892632","715987","2025-10-30","37.00","AUD","1759943645","29218/2025-10-30/1759943645.json"
"892632","715987","2025-10-31","37.00","AUD","1759943645","29218/2025-10-31/1759943645.json"
"892632","715987","2025-11-02","37.00","AUD","1759943645","29218/2025-11-02/1759943645.json"
"892632","715987","2025-11-01","37.00","AUD","1759943645","29218/2025-11-01/1759943645.json"
"892632","715987","2025-11-03","37.00","AUD","1759943645","29218/2025-11-03/1759943645.json"
"892632","715987","2025-11-05","37.00","AUD","1759943645","29218/2025-11-05/1759943645.json"
"892632","715987","2025-11-04","37.00","AUD","1759943645","29218/2025-11-04/1759943645.json"
"892632","715987","2025-11-06","37.00","AUD","1759943645","29218/2025-11-06/1759943645.json"
"892632","715987","2025-10-28","37.00","AUD","1759943645","29218/2025-10-28/1759943645.json"
"892632","715987","2025-11-07","37.00","AUD","1759943645","29218/2025-11-07/1759943645.json"
"892632","715987","2025-11-10","37.00","AUD","1759943645","29218/2025-11-10/1759943645.json"
"892632","715987","2025-11-11","37.00","AUD","1759943645","29218/2025-11-11/1759943645.json"
"892632","715987","2025-11-12","37.00","AUD","1759943645","29218/2025-11-12/1759943645.json"
"892632","715987","2025-11-09","37.00","AUD","1759943645","29218/2025-11-09/1759943645.json"
"892632","715987","2025-11-08","37.00","AUD","1759943645","29218/2025-11-08/1759943645.json"
"892632","715987","2025-11-13","37.00","AUD","1759943645","29218/2025-11-13/1759943645.json"
"892632","715987","2025-11-14","37.00","AUD","1759943645","29218/2025-11-14/1759943645.json"
"892632","715987","2025-11-15","37.00","AUD","1759943645","29218/2025-11-15/1759943645.json"
"892632","715987","2025-11-17","37.00","AUD","1759943645","29218/2025-11-17/1759943645.json"
"892632","715987","2025-11-18","37.00","AUD","1759943645","29218/2025-11-18/1759943645.json"
"892632","715987","2025-11-16","37.00","AUD","1759943645","29218/2025-11-16/1759943645.json"
"892632","715987","2025-11-19","37.00","AUD","1759943645","29218/2025-11-19/1759943645.json"
"892632","715987","2025-11-20","37.00","AUD","1759943645","29218/2025-11-20/1759943645.json"
"892632","715987","2025-11-21","37.00","AUD","1759943645","29218/2025-11-21/1759943645.json"
"892632","715987","2025-11-23","37.00","AUD","1759943645","29218/2025-11-23/1759943645.json"
"892632","715987","2025-11-24","37.00","AUD","1759943645","29218/2025-11-24/1759943645.json"
"892632","715987","2025-11-22","37.00","AUD","1759943645","29218/2025-11-22/1759943645.json"
"892632","715987","2025-11-25","37.00","AUD","1759943645","29218/2025-11-25/1759943645.json"
"892632","715987","2025-11-27","37.00","AUD","1759943645","29218/2025-11-27/1759943645.json"
"892632","715987","2025-11-26","37.00","AUD","1759943645","29218/2025-11-26/1759943645.json"
"892632","715987","2025-11-28","37.00","AUD","1759943645","29218/2025-11-28/1759943645.json"
"892632","715987","2025-11-29","37.00","AUD","1759943645","29218/2025-11-29/1759943645.json"
"892632","715987","2025-11-30","37.00","AUD","1759943645","29218/2025-11-30/1759943645.json"
"892632","715987","2025-12-01","37.00","AUD","1759943645","29218/2025-12-01/1759943645.json"
"892632","715987","2025-12-02","37.00","AUD","1759943645","29218/2025-12-02/1759943645.json"
"892632","715987","2025-12-03","37.00","AUD","1759943645","29218/2025-12-03/1759943645.json"
"892632","715987","2025-12-04","37.00","AUD","1759943645","29218/2025-12-04/1759943645.json"
"892632","715987","2025-12-05","37.00","AUD","1759943645","29218/2025-12-05/1759943645.json"
"892632","715987","2025-12-06","37.00","AUD","1759943645","29218/2025-12-06/1759943645.json"
"892632","715987","2025-12-07","37.00","AUD","1759943645","29218/2025-12-07/1759943645.json"
"892632","715987","2025-10-09","37.00","AUD","1759957327","29218/2025-10-09/1759957327.json"
"892632","715987","2025-10-11","37.00","AUD","1759957327","29218/2025-10-11/1759957327.json"
"892632","715987","2025-10-10","37.00","AUD","1759957327","29218/2025-10-10/1759957327.json"
"892632","715987","2025-10-12","37.00","AUD","1759957327","29218/2025-10-12/1759957327.json"
"892632","715987","2025-10-13","37.00","AUD","1759957327","29218/2025-10-13/1759957327.json"
"892632","715987","2025-10-15","37.00","AUD","1759957327","29218/2025-10-15/1759957327.json"
"892632","715987","2025-10-14","37.00","AUD","1759957327","29218/2025-10-14/1759957327.json"
"892632","715987","2025-10-16","37.00","AUD","1759957327","29218/2025-10-16/1759957327.json"
"892632","715987","2025-10-18","37.00","AUD","1759957327","29218/2025-10-18/1759957327.json"
"892632","715987","2025-10-17","37.00","AUD","1759957327","29218/2025-10-17/1759957327.json"
"892632","715987","2025-10-19","37.00","AUD","1759957327","29218/2025-10-19/1759957327.json"
"892632","715987","2025-10-20","37.00","AUD","1759957327","29218/2025-10-20/1759957327.json"
"892632","715987","2025-10-21","37.00","AUD","1759957327","29218/2025-10-21/1759957327.json"
"892632","715987","2025-10-22","37.00","AUD","1759957327","29218/2025-10-22/1759957327.json"
"892632","715987","2025-10-24","37.00","AUD","1759957327","29218/2025-10-24/1759957327.json"
"892632","715987","2025-10-23","37.00","AUD","1759957327","29218/2025-10-23/1759957327.json"
"892632","715987","2025-10-25","37.00","AUD","1759957327","29218/2025-10-25/1759957327.json"
"892632","715987","2025-10-26","37.00","AUD","1759957327","29218/2025-10-26/1759957327.json"
"892632","715987","2025-10-27","37.00","AUD","1759957327","29218/2025-10-27/1759957327.json"
"892632","715987","2025-10-28","37.00","AUD","1759957327","29218/2025-10-28/1759957327.json"
"892632","715987","2025-10-30","37.00","AUD","1759957327","29218/2025-10-30/1759957327.json"
"892632","715987","2025-10-29","37.00","AUD","1759957327","29218/2025-10-29/1759957327.json"
"892632","715987","2025-11-01","37.00","AUD","1759957327","29218/2025-11-01/1759957327.json"
"892632","715987","2025-10-31","37.00","AUD","1759957327","29218/2025-10-31/1759957327.json"
"892632","715987","2025-11-03","37.00","AUD","1759957327","29218/2025-11-03/1759957327.json"
"892632","715987","2025-11-04","37.00","AUD","1759957327","29218/2025-11-04/1759957327.json"
"892632","715987","2025-11-02","37.00","AUD","1759957327","29218/2025-11-02/1759957327.json"
"892632","715987","2025-11-05","37.00","AUD","1759957327","29218/2025-11-05/1759957327.json"
"892632","715987","2025-11-06","37.00","AUD","1759957327","29218/2025-11-06/1759957327.json"
"892632","715987","2025-11-07","37.00","AUD","1759957327","29218/2025-11-07/1759957327.json"
"892632","715987","2025-11-08","37.00","AUD","1759957327","29218/2025-11-08/1759957327.json"
"892632","715987","2025-11-09","37.00","AUD","1759957327","29218/2025-11-09/1759957327.json"
"892632","715987","2025-11-11","37.00","AUD","1759957327","29218/2025-11-11/1759957327.json"
"892632","715987","2025-11-10","37.00","AUD","1759957327","29218/2025-11-10/1759957327.json"
"892632","715987","2025-11-12","37.00","AUD","1759957327","29218/2025-11-12/1759957327.json"
"892632","715987","2025-11-13","37.00","AUD","1759957327","29218/2025-11-13/1759957327.json"
"892632","715987","2025-11-14","37.00","AUD","1759957327","29218/2025-11-14/1759957327.json"
"892632","715987","2025-11-16","37.00","AUD","1759957327","29218/2025-11-16/1759957327.json"
"892632","715987","2025-11-17","37.00","AUD","1759957327","29218/2025-11-17/1759957327.json"
"892632","715987","2025-11-19","37.00","AUD","1759957327","29218/2025-11-19/1759957327.json"
"892632","715987","2025-11-18","37.00","AUD","1759957327","29218/2025-11-18/1759957327.json"
"892632","715987","2025-11-20","37.00","AUD","1759957327","29218/2025-11-20/1759957327.json"
"892632","715987","2025-11-21","37.00","AUD","1759957327","29218/2025-11-21/1759957327.json"
"892632","715987","2025-11-22","37.00","AUD","1759957327","29218/2025-11-22/1759957327.json"
"892632","715987","2025-11-23","37.00","AUD","1759957327","29218/2025-11-23/1759957327.json"
"892632","715987","2025-11-24","37.00","AUD","1759957327","29218/2025-11-24/1759957327.json"
"892632","715987","2025-11-25","37.00","AUD","1759957327","29218/2025-11-25/1759957327.json"
"892632","715987","2025-11-27","37.00","AUD","1759957327","29218/2025-11-27/1759957327.json"
"892632","715987","2025-11-26","37.00","AUD","1759957327","29218/2025-11-26/1759957327.json"
"892632","715987","2025-11-28","37.00","AUD","1759957327","29218/2025-11-28/1759957327.json"
"892632","715987","2025-11-15","37.00","AUD","1759957327","29218/2025-11-15/1759957327.json"
"892632","715987","2025-11-30","37.00","AUD","1759957327","29218/2025-11-30/1759957327.json"
"892632","715987","2025-11-29","37.00","AUD","1759957327","29218/2025-11-29/1759957327.json"
"892632","715987","2025-12-01","37.00","AUD","1759957327","29218/2025-12-01/1759957327.json"
"892632","715987","2025-12-02","37.00","AUD","1759957327","29218/2025-12-02/1759957327.json"
"892632","715987","2025-12-03","37.00","AUD","1759957327","29218/2025-12-03/1759957327.json"
"892632","715987","2025-12-04","37.00","AUD","1759957327","29218/2025-12-04/1759957327.json"
"892632","715987","2025-12-05","37.00","AUD","1759957327","29218/2025-12-05/1759957327.json"
"892632","715987","2025-12-06","37.00","AUD","1759957327","29218/2025-12-06/1759957327.json"
"892632","715987","2025-12-07","37.00","AUD","1759957327","29218/2025-12-07/1759957327.json"
"892632","715987","2025-10-12","37.00","AUD","1759980920","29218/2025-10-12/1759980920.json"
"892632","715987","2025-10-11","37.00","AUD","1759980920","29218/2025-10-11/1759980920.json"
"892632","715987","2025-10-10","37.00","AUD","1759980920","29218/2025-10-10/1759980920.json"
"892632","715987","2025-10-13","37.00","AUD","1759980920","29218/2025-10-13/1759980920.json"
"892632","715987","2025-10-14","37.00","AUD","1759980920","29218/2025-10-14/1759980920.json"
"892632","715987","2025-10-15","37.00","AUD","1759980920","29218/2025-10-15/1759980920.json"
"892632","715987","2025-10-16","37.00","AUD","1759980920","29218/2025-10-16/1759980920.json"
"892632","715987","2025-10-17","37.00","AUD","1759980920","29218/2025-10-17/1759980920.json"
"892632","715987","2025-10-18","37.00","AUD","1759980920","29218/2025-10-18/1759980920.json"
"892632","715987","2025-10-19","37.00","AUD","1759980920","29218/2025-10-19/1759980920.json"
"892632","715987","2025-10-20","37.00","AUD","1759980920","29218/2025-10-20/1759980920.json"
"892632","715987","2025-10-23","37.00","AUD","1759980920","29218/2025-10-23/1759980920.json"
"892632","715987","2025-10-22","37.00","AUD","1759980920","29218/2025-10-22/1759980920.json"
"892632","715987","2025-10-24","37.00","AUD","1759980920","29218/2025-10-24/1759980920.json"
"892632","715987","2025-10-25","37.00","AUD","1759980920","29218/2025-10-25/1759980920.json"
"892632","715987","2025-10-26","37.00","AUD","1759980920","29218/2025-10-26/1759980920.json"
"892632","715987","2025-10-27","37.00","AUD","1759980920","29218/2025-10-27/1759980920.json"
"892632","715987","2025-10-28","37.00","AUD","1759980920","29218/2025-10-28/1759980920.json"
"892632","715987","2025-10-29","37.00","AUD","1759980920","29218/2025-10-29/1759980920.json"
"892632","715987","2025-10-30","37.00","AUD","1759980920","29218/2025-10-30/1759980920.json"
"892632","715987","2025-10-31","37.00","AUD","1759980920","29218/2025-10-31/1759980920.json"
"892632","715987","2025-11-01","37.00","AUD","1759980920","29218/2025-11-01/1759980920.json"
"892632","715987","2025-11-02","37.00","AUD","1759980920","29218/2025-11-02/1759980920.json"
"892632","715987","2025-10-21","37.00","AUD","1759980920","29218/2025-10-21/1759980920.json"
"892632","715987","2025-11-03","37.00","AUD","1759980920","29218/2025-11-03/1759980920.json"
"892632","715987","2025-11-04","37.00","AUD","1759980920","29218/2025-11-04/1759980920.json"
"892632","715987","2025-11-05","37.00","AUD","1759980920","29218/2025-11-05/1759980920.json"
"892632","715987","2025-11-06","37.00","AUD","1759980920","29218/2025-11-06/1759980920.json"
"892632","715987","2025-11-07","37.00","AUD","1759980920","29218/2025-11-07/1759980920.json"
"892632","715987","2025-11-08","37.00","AUD","1759980920","29218/2025-11-08/1759980920.json"
"892632","715987","2025-11-09","37.00","AUD","1759980920","29218/2025-11-09/1759980920.json"
"892632","715987","2025-11-10","37.00","AUD","1759980920","29218/2025-11-10/1759980920.json"
"892632","715987","2025-11-11","37.00","AUD","1759980920","29218/2025-11-11/1759980920.json"
"892632","715987","2025-11-13","37.00","AUD","1759980920","29218/2025-11-13/1759980920.json"
"892632","715987","2025-11-15","37.00","AUD","1759980920","29218/2025-11-15/1759980920.json"
"892632","715987","2025-11-12","37.00","AUD","1759980920","29218/2025-11-12/1759980920.json"
"892632","715987","2025-11-16","37.00","AUD","1759980920","29218/2025-11-16/1759980920.json"
"892632","715987","2025-11-14","37.00","AUD","1759980920","29218/2025-11-14/1759980920.json"
"892632","715987","2025-11-18","37.00","AUD","1759980920","29218/2025-11-18/1759980920.json"
"892632","715987","2025-11-17","37.00","AUD","1759980920","29218/2025-11-17/1759980920.json"
"892632","715987","2025-11-19","37.00","AUD","1759980920","29218/2025-11-19/1759980920.json"
"892632","715987","2025-11-20","37.00","AUD","1759980920","29218/2025-11-20/1759980920.json"
"892632","715987","2025-11-21","37.00","AUD","1759980920","29218/2025-11-21/1759980920.json"
"892632","715987","2025-11-22","37.00","AUD","1759980920","29218/2025-11-22/1759980920.json"
"892632","715987","2025-11-23","37.00","AUD","1759980920","29218/2025-11-23/1759980920.json"
"892632","715987","2025-11-24","37.00","AUD","1759980920","29218/2025-11-24/1759980920.json"
"892632","715987","2025-11-25","37.00","AUD","1759980920","29218/2025-11-25/1759980920.json"
"892632","715987","2025-11-26","37.00","AUD","1759980920","29218/2025-11-26/1759980920.json"
"892632","715987","2025-11-27","37.00","AUD","1759980920","29218/2025-11-27/1759980920.json"
"892632","715987","2025-11-30","37.00","AUD","1759980920","29218/2025-11-30/1759980920.json"
"892632","715987","2025-11-28","37.00","AUD","1759980920","29218/2025-11-28/1759980920.json"
"892632","715987","2025-12-01","37.00","AUD","1759980920","29218/2025-12-01/1759980920.json"
"892632","715987","2025-11-29","37.00","AUD","1759980920","29218/2025-11-29/1759980920.json"
"892632","715987","2025-12-02","37.00","AUD","1759980920","29218/2025-12-02/1759980920.json"
"892632","715987","2025-12-03","37.00","AUD","1759980920","29218/2025-12-03/1759980920.json"
"892632","715987","2025-12-04","37.00","AUD","1759980920","29218/2025-12-04/1759980920.json"
"892632","715987","2025-12-05","37.00","AUD","1759980920","29218/2025-12-05/1759980920.json"
"892632","715987","2025-12-07","37.00","AUD","1759980920","29218/2025-12-07/1759980920.json"
"892632","715987","2025-12-06","37.00","AUD","1759980920","29218/2025-12-06/1759980920.json"
"892632","715987","2025-12-08","37.00","AUD","1759980920","29218/2025-12-08/1759980920.json"
"892632","715987","2025-10-10","37.00","AUD","1759986568","29218/2025-10-10/1759986568.json"
"892632","715987","2025-10-12","37.00","AUD","1759986568","29218/2025-10-12/1759986568.json"
"892632","715987","2025-10-11","37.00","AUD","1759986568","29218/2025-10-11/1759986568.json"
"892632","715987","2025-10-13","37.00","AUD","1759986568","29218/2025-10-13/1759986568.json"
"892632","715987","2025-10-15","37.00","AUD","1759986568","29218/2025-10-15/1759986568.json"
"892632","715987","2025-10-14","37.00","AUD","1759986568","29218/2025-10-14/1759986568.json"
"892632","715987","2025-10-16","37.00","AUD","1759986568","29218/2025-10-16/1759986568.json"
"892632","715987","2025-10-17","37.00","AUD","1759986568","29218/2025-10-17/1759986568.json"
"892632","715987","2025-10-19","37.00","AUD","1759986568","29218/2025-10-19/1759986568.json"
"892632","715987","2025-10-20","37.00","AUD","1759986568","29218/2025-10-20/1759986568.json"
"892632","715987","2025-10-18","37.00","AUD","1759986568","29218/2025-10-18/1759986568.json"
"892632","715987","2025-10-23","37.00","AUD","1759986568","29218/2025-10-23/1759986568.json"
"892632","715987","2025-10-21","37.00","AUD","1759986568","29218/2025-10-21/1759986568.json"
"892632","715987","2025-10-22","37.00","AUD","1759986568","29218/2025-10-22/1759986568.json"
"892632","715987","2025-10-24","37.00","AUD","1759986568","29218/2025-10-24/1759986568.json"
"892632","715987","2025-10-26","37.00","AUD","1759986568","29218/2025-10-26/1759986568.json"
"892632","715987","2025-10-27","37.00","AUD","1759986568","29218/2025-10-27/1759986568.json"
"892632","715987","2025-10-28","37.00","AUD","1759986568","29218/2025-10-28/1759986568.json"
"892632","715987","2025-10-25","37.00","AUD","1759986568","29218/2025-10-25/1759986568.json"
"892632","715987","2025-10-29","37.00","AUD","1759986568","29218/2025-10-29/1759986568.json"
"892632","715987","2025-10-30","37.00","AUD","1759986568","29218/2025-10-30/1759986568.json"
"892632","715987","2025-10-31","37.00","AUD","1759986568","29218/2025-10-31/1759986568.json"
"892632","715987","2025-11-01","37.00","AUD","1759986568","29218/2025-11-01/1759986568.json"
"892632","715987","2025-11-02","37.00","AUD","1759986568","29218/2025-11-02/1759986568.json"
"892632","715987","2025-11-03","37.00","AUD","1759986568","29218/2025-11-03/1759986568.json"
"892632","715987","2025-11-04","37.00","AUD","1759986568","29218/2025-11-04/1759986568.json"
"892632","715987","2025-11-05","37.00","AUD","1759986568","29218/2025-11-05/1759986568.json"
"892632","715987","2025-11-06","37.00","AUD","1759986568","29218/2025-11-06/1759986568.json"
"892632","715987","2025-11-07","37.00","AUD","1759986568","29218/2025-11-07/1759986568.json"
"892632","715987","2025-11-08","37.00","AUD","1759986568","29218/2025-11-08/1759986568.json"
"892632","715987","2025-11-09","37.00","AUD","1759986568","29218/2025-11-09/1759986568.json"
"892632","715987","2025-11-10","37.00","AUD","1759986568","29218/2025-11-10/1759986568.json"
"892632","715987","2025-11-11","37.00","AUD","1759986568","29218/2025-11-11/1759986568.json"
"892632","715987","2025-11-12","37.00","AUD","1759986568","29218/2025-11-12/1759986568.json"
"892632","715987","2025-11-13","37.00","AUD","1759986568","29218/2025-11-13/1759986568.json"
"892632","715987","2025-11-14","37.00","AUD","1759986568","29218/2025-11-14/1759986568.json"
"892632","715987","2025-11-15","37.00","AUD","1759986568","29218/2025-11-15/1759986568.json"
"892632","715987","2025-11-16","37.00","AUD","1759986568","29218/2025-11-16/1759986568.json"
"892632","715987","2025-11-18","37.00","AUD","1759986568","29218/2025-11-18/1759986568.json"
"892632","715987","2025-11-19","37.00","AUD","1759986568","29218/2025-11-19/1759986568.json"
"892632","715987","2025-11-20","37.00","AUD","1759986568","29218/2025-11-20/1759986568.json"
"892632","715987","2025-11-17","37.00","AUD","1759986568","29218/2025-11-17/1759986568.json"
"892632","715987","2025-11-21","37.00","AUD","1759986568","29218/2025-11-21/1759986568.json"
"892632","715987","2025-11-22","37.00","AUD","1759986568","29218/2025-11-22/1759986568.json"
"892632","715987","2025-11-23","37.00","AUD","1759986568","29218/2025-11-23/1759986568.json"
"892632","715987","2025-11-24","37.00","AUD","1759986568","29218/2025-11-24/1759986568.json"
"892632","715987","2025-11-25","37.00","AUD","1759986568","29218/2025-11-25/1759986568.json"
"892632","715987","2025-11-26","37.00","AUD","1759986568","29218/2025-11-26/1759986568.json"
"892632","715987","2025-11-27","37.00","AUD","1759986568","29218/2025-11-27/1759986568.json"
"892632","715987","2025-11-28","37.00","AUD","1759986568","29218/2025-11-28/1759986568.json"
"892632","715987","2025-11-29","37.00","AUD","1759986568","29218/2025-11-29/1759986568.json"
"892632","715987","2025-11-30","37.00","AUD","1759986568","29218/2025-11-30/1759986568.json"
"892632","715987","2025-12-01","37.00","AUD","1759986568","29218/2025-12-01/1759986568.json"
"892632","715987","2025-12-03","37.00","AUD","1759986568","29218/2025-12-03/1759986568.json"
"892632","715987","2025-12-05","37.00","AUD","1759986568","29218/2025-12-05/1759986568.json"
"892632","715987","2025-12-04","37.00","AUD","1759986568","29218/2025-12-04/1759986568.json"
"892632","715987","2025-12-02","37.00","AUD","1759986568","29218/2025-12-02/1759986568.json"
"892632","715987","2025-12-08","37.00","AUD","1759986568","29218/2025-12-08/1759986568.json"
"892632","715987","2025-12-07","37.00","AUD","1759986568","29218/2025-12-07/1759986568.json"
"892632","715987","2025-12-06","37.00","AUD","1759986568","29218/2025-12-06/1759986568.json"
"892632","715987","2025-10-12","37.00","AUD","1760001258","29218/2025-10-12/1760001258.json"
"892632","715987","2025-10-11","37.00","AUD","1760001258","29218/2025-10-11/1760001258.json"
"892632","715987","2025-10-10","37.00","AUD","1760001258","29218/2025-10-10/1760001258.json"
"892632","715987","2025-10-13","37.00","AUD","1760001258","29218/2025-10-13/1760001258.json"
"892632","715987","2025-10-14","37.00","AUD","1760001258","29218/2025-10-14/1760001258.json"
"892632","715987","2025-10-16","37.00","AUD","1760001258","29218/2025-10-16/1760001258.json"
"892632","715987","2025-10-15","37.00","AUD","1760001258","29218/2025-10-15/1760001258.json"
"892632","715987","2025-10-18","37.00","AUD","1760001258","29218/2025-10-18/1760001258.json"
"892632","715987","2025-10-17","37.00","AUD","1760001258","29218/2025-10-17/1760001258.json"
"892632","715987","2025-10-19","37.00","AUD","1760001258","29218/2025-10-19/1760001258.json"
"892632","715987","2025-10-20","37.00","AUD","1760001258","29218/2025-10-20/1760001258.json"
"892632","715987","2025-10-23","37.00","AUD","1760001258","29218/2025-10-23/1760001258.json"
"892632","715987","2025-10-24","37.00","AUD","1760001258","29218/2025-10-24/1760001258.json"
"892632","715987","2025-10-21","37.00","AUD","1760001258","29218/2025-10-21/1760001258.json"
"892632","715987","2025-10-22","37.00","AUD","1760001258","29218/2025-10-22/1760001258.json"
"892632","715987","2025-10-25","37.00","AUD","1760001258","29218/2025-10-25/1760001258.json"
"892632","715987","2025-10-27","37.00","AUD","1760001258","29218/2025-10-27/1760001258.json"
"892632","715987","2025-10-28","37.00","AUD","1760001258","29218/2025-10-28/1760001258.json"
"892632","715987","2025-10-26","37.00","AUD","1760001258","29218/2025-10-26/1760001258.json"
"892632","715987","2025-10-29","37.00","AUD","1760001258","29218/2025-10-29/1760001258.json"
"892632","715987","2025-10-30","37.00","AUD","1760001258","29218/2025-10-30/1760001258.json"
"892632","715987","2025-10-31","37.00","AUD","1760001258","29218/2025-10-31/1760001258.json"
"892632","715987","2025-11-01","37.00","AUD","1760001258","29218/2025-11-01/1760001258.json"
"892632","715987","2025-11-03","37.00","AUD","1760001258","29218/2025-11-03/1760001258.json"
"892632","715987","2025-11-02","37.00","AUD","1760001258","29218/2025-11-02/1760001258.json"
"892632","715987","2025-11-04","37.00","AUD","1760001258","29218/2025-11-04/1760001258.json"
"892632","715987","2025-11-07","37.00","AUD","1760001258","29218/2025-11-07/1760001258.json"
"892632","715987","2025-11-06","37.00","AUD","1760001258","29218/2025-11-06/1760001258.json"
"892632","715987","2025-11-08","37.00","AUD","1760001258","29218/2025-11-08/1760001258.json"
"892632","715987","2025-11-10","37.00","AUD","1760001258","29218/2025-11-10/1760001258.json"
"892632","715987","2025-11-11","37.00","AUD","1760001258","29218/2025-11-11/1760001258.json"
"892632","715987","2025-11-09","37.00","AUD","1760001258","29218/2025-11-09/1760001258.json"
"892632","715987","2025-11-13","37.00","AUD","1760001258","29218/2025-11-13/1760001258.json"
"892632","715987","2025-11-12","37.00","AUD","1760001258","29218/2025-11-12/1760001258.json"
"892632","715987","2025-11-15","37.00","AUD","1760001258","29218/2025-11-15/1760001258.json"
"892632","715987","2025-11-16","37.00","AUD","1760001258","29218/2025-11-16/1760001258.json"
"892632","715987","2025-11-14","37.00","AUD","1760001258","29218/2025-11-14/1760001258.json"
"892632","715987","2025-11-18","37.00","AUD","1760001258","29218/2025-11-18/1760001258.json"
"892632","715987","2025-11-17","37.00","AUD","1760001258","29218/2025-11-17/1760001258.json"
"892632","715987","2025-11-19","37.00","AUD","1760001258","29218/2025-11-19/1760001258.json"
"892632","715987","2025-11-21","37.00","AUD","1760001258","29218/2025-11-21/1760001258.json"
"892632","715987","2025-11-20","37.00","AUD","1760001258","29218/2025-11-20/1760001258.json"
"892632","715987","2025-11-22","37.00","AUD","1760001258","29218/2025-11-22/1760001258.json"
"892632","715987","2025-11-24","37.00","AUD","1760001258","29218/2025-11-24/1760001258.json"
"892632","715987","2025-11-23","37.00","AUD","1760001258","29218/2025-11-23/1760001258.json"
"892632","715987","2025-11-25","37.00","AUD","1760001258","29218/2025-11-25/1760001258.json"
"892632","715987","2025-11-28","37.00","AUD","1760001258","29218/2025-11-28/1760001258.json"
"892632","715987","2025-11-27","37.00","AUD","1760001258","29218/2025-11-27/1760001258.json"
"892632","715987","2025-11-26","37.00","AUD","1760001258","29218/2025-11-26/1760001258.json"
"892632","715987","2025-11-29","37.00","AUD","1760001258","29218/2025-11-29/1760001258.json"
"892632","715987","2025-11-30","37.00","AUD","1760001258","29218/2025-11-30/1760001258.json"
"892632","715987","2025-12-01","37.00","AUD","1760001258","29218/2025-12-01/1760001258.json"
"892632","715987","2025-12-02","37.00","AUD","1760001258","29218/2025-12-02/1760001258.json"
"892632","715987","2025-12-03","37.00","AUD","1760001258","29218/2025-12-03/1760001258.json"
"892632","715987","2025-12-04","37.00","AUD","1760001258","29218/2025-12-04/1760001258.json"
"892632","715987","2025-12-05","37.00","AUD","1760001258","29218/2025-12-05/1760001258.json"
"892632","715987","2025-12-07","37.00","AUD","1760001258","29218/2025-12-07/1760001258.json"
"892632","715987","2025-12-06","37.00","AUD","1760001258","29218/2025-12-06/1760001258.json"
"892632","715987","2025-12-08","37.00","AUD","1760001258","29218/2025-12-08/1760001258.json"
"892632","715987","2025-11-05","37.00","AUD","1760001258","29218/2025-11-05/1760001258.json"
"892632","715987","2025-10-10","37.00","AUD","1760018774","29218/2025-10-10/1760018774.json"
"892632","715987","2025-10-12","37.00","AUD","1760018774","29218/2025-10-12/1760018774.json"
"892632","715987","2025-10-11","37.00","AUD","1760018774","29218/2025-10-11/1760018774.json"
"892632","715987","2025-10-13","37.00","AUD","1760018774","29218/2025-10-13/1760018774.json"
"892632","715987","2025-10-14","37.00","AUD","1760018774","29218/2025-10-14/1760018774.json"
"892632","715987","2025-10-15","37.00","AUD","1760018774","29218/2025-10-15/1760018774.json"
"892632","715987","2025-10-17","37.00","AUD","1760018774","29218/2025-10-17/1760018774.json"
"892632","715987","2025-10-18","37.00","AUD","1760018774","29218/2025-10-18/1760018774.json"
"892632","715987","2025-10-19","37.00","AUD","1760018774","29218/2025-10-19/1760018774.json"
"892632","715987","2025-10-16","37.00","AUD","1760018774","29218/2025-10-16/1760018774.json"
"892632","715987","2025-10-20","37.00","AUD","1760018774","29218/2025-10-20/1760018774.json"
"892632","715987","2025-10-21","37.00","AUD","1760018774","29218/2025-10-21/1760018774.json"
"892632","715987","2025-10-23","37.00","AUD","1760018774","29218/2025-10-23/1760018774.json"
"892632","715987","2025-10-22","37.00","AUD","1760018774","29218/2025-10-22/1760018774.json"
"892632","715987","2025-10-24","37.00","AUD","1760018774","29218/2025-10-24/1760018774.json"
"892632","715987","2025-10-25","37.00","AUD","1760018774","29218/2025-10-25/1760018774.json"
"892632","715987","2025-10-26","37.00","AUD","1760018774","29218/2025-10-26/1760018774.json"
"892632","715987","2025-10-27","37.00","AUD","1760018774","29218/2025-10-27/1760018774.json"
"892632","715987","2025-10-28","37.00","AUD","1760018774","29218/2025-10-28/1760018774.json"
"892632","715987","2025-10-30","37.00","AUD","1760018774","29218/2025-10-30/1760018774.json"
"892632","715987","2025-10-31","37.00","AUD","1760018774","29218/2025-10-31/1760018774.json"
"892632","715987","2025-11-01","37.00","AUD","1760018774","29218/2025-11-01/1760018774.json"
"892632","715987","2025-10-29","37.00","AUD","1760018774","29218/2025-10-29/1760018774.json"
"892632","715987","2025-11-02","37.00","AUD","1760018774","29218/2025-11-02/1760018774.json"
"892632","715987","2025-11-03","37.00","AUD","1760018774","29218/2025-11-03/1760018774.json"
"892632","715987","2025-11-04","37.00","AUD","1760018774","29218/2025-11-04/1760018774.json"
"892632","715987","2025-11-05","37.00","AUD","1760018774","29218/2025-11-05/1760018774.json"
"892632","715987","2025-11-06","37.00","AUD","1760018774","29218/2025-11-06/1760018774.json"
"892632","715987","2025-11-07","37.00","AUD","1760018774","29218/2025-11-07/1760018774.json"
"892632","715987","2025-11-08","37.00","AUD","1760018774","29218/2025-11-08/1760018774.json"
"892632","715987","2025-11-09","37.00","AUD","1760018774","29218/2025-11-09/1760018774.json"
"892632","715987","2025-11-10","37.00","AUD","1760018774","29218/2025-11-10/1760018774.json"
"892632","715987","2025-11-11","37.00","AUD","1760018774","29218/2025-11-11/1760018774.json"
"892632","715987","2025-11-12","37.00","AUD","1760018774","29218/2025-11-12/1760018774.json"
"892632","715987","2025-11-14","37.00","AUD","1760018774","29218/2025-11-14/1760018774.json"
"892632","715987","2025-11-13","37.00","AUD","1760018774","29218/2025-11-13/1760018774.json"
"892632","715987","2025-11-15","37.00","AUD","1760018774","29218/2025-11-15/1760018774.json"
"892632","715987","2025-11-16","37.00","AUD","1760018774","29218/2025-11-16/1760018774.json"
"892632","715987","2025-11-17","37.00","AUD","1760018774","29218/2025-11-17/1760018774.json"
"892632","715987","2025-11-18","37.00","AUD","1760018774","29218/2025-11-18/1760018774.json"
"892632","715987","2025-11-19","37.00","AUD","1760018774","29218/2025-11-19/1760018774.json"
"892632","715987","2025-11-20","37.00","AUD","1760018774","29218/2025-11-20/1760018774.json"
"892632","715987","2025-11-22","37.00","AUD","1760018774","29218/2025-11-22/1760018774.json"
"892632","715987","2025-11-21","37.00","AUD","1760018774","29218/2025-11-21/1760018774.json"
"892632","715987","2025-11-23","37.00","AUD","1760018774","29218/2025-11-23/1760018774.json"
"892632","715987","2025-11-24","37.00","AUD","1760018774","29218/2025-11-24/1760018774.json"
"892632","715987","2025-11-25","37.00","AUD","1760018774","29218/2025-11-25/1760018774.json"
"892632","715987","2025-11-26","37.00","AUD","1760018774","29218/2025-11-26/1760018774.json"
"892632","715987","2025-11-27","37.00","AUD","1760018774","29218/2025-11-27/1760018774.json"
"892632","715987","2025-11-28","37.00","AUD","1760018774","29218/2025-11-28/1760018774.json"
"892632","715987","2025-11-29","37.00","AUD","1760018774","29218/2025-11-29/1760018774.json"
"892632","715987","2025-11-30","37.00","AUD","1760018774","29218/2025-11-30/1760018774.json"
"892632","715987","2025-12-01","37.00","AUD","1760018774","29218/2025-12-01/1760018774.json"
"892632","715987","2025-12-02","37.00","AUD","1760018774","29218/2025-12-02/1760018774.json"
"892632","715987","2025-12-03","37.00","AUD","1760018774","29218/2025-12-03/1760018774.json"
"892632","715987","2025-12-04","37.00","AUD","1760018774","29218/2025-12-04/1760018774.json"
"892632","715987","2025-12-06","37.00","AUD","1760018774","29218/2025-12-06/1760018774.json"
"892632","715987","2025-12-05","37.00","AUD","1760018774","29218/2025-12-05/1760018774.json"
"892632","715987","2025-12-07","37.00","AUD","1760018774","29218/2025-12-07/1760018774.json"
"892632","715987","2025-12-08","37.00","AUD","1760018774","29218/2025-12-08/1760018774.json"
"892632","715987","2025-10-12","37.00","AUD","1760030495","29218/2025-10-12/1760030495.json"
"892632","715987","2025-10-10","37.00","AUD","1760030495","29218/2025-10-10/1760030495.json"
"892632","715987","2025-10-11","37.00","AUD","1760030495","29218/2025-10-11/1760030495.json"
"892632","715987","2025-10-13","37.00","AUD","1760030495","29218/2025-10-13/1760030495.json"
"892632","715987","2025-10-15","37.00","AUD","1760030495","29218/2025-10-15/1760030495.json"
"892632","715987","2025-10-14","37.00","AUD","1760030495","29218/2025-10-14/1760030495.json"
"892632","715987","2025-10-17","37.00","AUD","1760030495","29218/2025-10-17/1760030495.json"
"892632","715987","2025-10-16","37.00","AUD","1760030495","29218/2025-10-16/1760030495.json"
"892632","715987","2025-10-18","37.00","AUD","1760030495","29218/2025-10-18/1760030495.json"
"892632","715987","2025-10-19","37.00","AUD","1760030495","29218/2025-10-19/1760030495.json"
"892632","715987","2025-10-20","37.00","AUD","1760030495","29218/2025-10-20/1760030495.json"
"892632","715987","2025-10-21","37.00","AUD","1760030495","29218/2025-10-21/1760030495.json"
"892632","715987","2025-10-22","37.00","AUD","1760030495","29218/2025-10-22/1760030495.json"
"892632","715987","2025-10-23","37.00","AUD","1760030495","29218/2025-10-23/1760030495.json"
"892632","715987","2025-10-24","37.00","AUD","1760030495","29218/2025-10-24/1760030495.json"
"892632","715987","2025-10-25","37.00","AUD","1760030495","29218/2025-10-25/1760030495.json"
"892632","715987","2025-10-26","37.00","AUD","1760030495","29218/2025-10-26/1760030495.json"
"892632","715987","2025-10-27","37.00","AUD","1760030495","29218/2025-10-27/1760030495.json"
"892632","715987","2025-10-28","37.00","AUD","1760030495","29218/2025-10-28/1760030495.json"
"892632","715987","2025-10-29","37.00","AUD","1760030495","29218/2025-10-29/1760030495.json"
"892632","715987","2025-10-30","37.00","AUD","1760030495","29218/2025-10-30/1760030495.json"
"892632","715987","2025-10-31","37.00","AUD","1760030495","29218/2025-10-31/1760030495.json"
"892632","715987","2025-11-01","37.00","AUD","1760030495","29218/2025-11-01/1760030495.json"
"892632","715987","2025-11-02","37.00","AUD","1760030495","29218/2025-11-02/1760030495.json"
"892632","715987","2025-11-03","37.00","AUD","1760030495","29218/2025-11-03/1760030495.json"
"892632","715987","2025-11-04","37.00","AUD","1760030495","29218/2025-11-04/1760030495.json"
"892632","715987","2025-11-06","37.00","AUD","1760030495","29218/2025-11-06/1760030495.json"
"892632","715987","2025-11-05","37.00","AUD","1760030495","29218/2025-11-05/1760030495.json"
"892632","715987","2025-11-07","37.00","AUD","1760030495","29218/2025-11-07/1760030495.json"
"892632","715987","2025-11-08","37.00","AUD","1760030495","29218/2025-11-08/1760030495.json"
"892632","715987","2025-11-10","37.00","AUD","1760030495","29218/2025-11-10/1760030495.json"
"892632","715987","2025-11-11","37.00","AUD","1760030495","29218/2025-11-11/1760030495.json"
"892632","715987","2025-11-12","37.00","AUD","1760030495","29218/2025-11-12/1760030495.json"
"892632","715987","2025-11-09","37.00","AUD","1760030495","29218/2025-11-09/1760030495.json"
"892632","715987","2025-11-14","37.00","AUD","1760030495","29218/2025-11-14/1760030495.json"
"892632","715987","2025-11-13","37.00","AUD","1760030495","29218/2025-11-13/1760030495.json"
"892632","715987","2025-11-15","37.00","AUD","1760030495","29218/2025-11-15/1760030495.json"
"892632","715987","2025-11-16","37.00","AUD","1760030495","29218/2025-11-16/1760030495.json"
"892632","715987","2025-11-17","37.00","AUD","1760030495","29218/2025-11-17/1760030495.json"
"892632","715987","2025-11-18","37.00","AUD","1760030495","29218/2025-11-18/1760030495.json"
"892632","715987","2025-11-19","37.00","AUD","1760030495","29218/2025-11-19/1760030495.json"
"892632","715987","2025-11-20","37.00","AUD","1760030495","29218/2025-11-20/1760030495.json"
"892632","715987","2025-11-21","37.00","AUD","1760030495","29218/2025-11-21/1760030495.json"
"892632","715987","2025-11-22","37.00","AUD","1760030495","29218/2025-11-22/1760030495.json"
"892632","715987","2025-11-24","37.00","AUD","1760030495","29218/2025-11-24/1760030495.json"
"892632","715987","2025-11-23","37.00","AUD","1760030495","29218/2025-11-23/1760030495.json"
"892632","715987","2025-11-26","37.00","AUD","1760030495","29218/2025-11-26/1760030495.json"
"892632","715987","2025-11-25","37.00","AUD","1760030495","29218/2025-11-25/1760030495.json"
"892632","715987","2025-11-27","37.00","AUD","1760030495","29218/2025-11-27/1760030495.json"
"892632","715987","2025-11-28","37.00","AUD","1760030495","29218/2025-11-28/1760030495.json"
"892632","715987","2025-11-29","37.00","AUD","1760030495","29218/2025-11-29/1760030495.json"
"892632","715987","2025-11-30","37.00","AUD","1760030495","29218/2025-11-30/1760030495.json"
"892632","715987","2025-12-01","37.00","AUD","1760030495","29218/2025-12-01/1760030495.json"
"892632","715987","2025-12-02","37.00","AUD","1760030495","29218/2025-12-02/1760030495.json"
"892632","715987","2025-12-04","37.00","AUD","1760030495","29218/2025-12-04/1760030495.json"
"892632","715987","2025-12-03","37.00","AUD","1760030495","29218/2025-12-03/1760030495.json"
"892632","715987","2025-12-06","37.00","AUD","1760030495","29218/2025-12-06/1760030495.json"
"892632","715987","2025-12-05","37.00","AUD","1760030495","29218/2025-12-05/1760030495.json"
"892632","715987","2025-12-07","37.00","AUD","1760030495","29218/2025-12-07/1760030495.json"
"892632","715987","2025-12-08","37.00","AUD","1760030495","29218/2025-12-08/1760030495.json"
"892632","715987","2025-10-11","37.00","AUD","1760043968","29218/2025-10-11/1760043968.json"
"892632","715987","2025-10-12","37.00","AUD","1760043968","29218/2025-10-12/1760043968.json"
"892632","715987","2025-10-10","37.00","AUD","1760043968","29218/2025-10-10/1760043968.json"
"892632","715987","2025-10-13","37.00","AUD","1760043968","29218/2025-10-13/1760043968.json"
"892632","715987","2025-10-14","37.00","AUD","1760043968","29218/2025-10-14/1760043968.json"
"892632","715987","2025-10-15","37.00","AUD","1760043968","29218/2025-10-15/1760043968.json"
"892632","715987","2025-10-16","37.00","AUD","1760043968","29218/2025-10-16/1760043968.json"
"892632","715987","2025-10-17","37.00","AUD","1760043968","29218/2025-10-17/1760043968.json"
"892632","715987","2025-10-19","37.00","AUD","1760043968","29218/2025-10-19/1760043968.json"
"892632","715987","2025-10-18","37.00","AUD","1760043968","29218/2025-10-18/1760043968.json"
"892632","715987","2025-10-20","37.00","AUD","1760043968","29218/2025-10-20/1760043968.json"
"892632","715987","2025-10-21","37.00","AUD","1760043968","29218/2025-10-21/1760043968.json"
"892632","715987","2025-10-22","37.00","AUD","1760043968","29218/2025-10-22/1760043968.json"
"892632","715987","2025-10-23","37.00","AUD","1760043968","29218/2025-10-23/1760043968.json"
"892632","715987","2025-10-24","37.00","AUD","1760043968","29218/2025-10-24/1760043968.json"
"892632","715987","2025-10-25","37.00","AUD","1760043968","29218/2025-10-25/1760043968.json"
"892632","715987","2025-10-27","37.00","AUD","1760043968","29218/2025-10-27/1760043968.json"
"892632","715987","2025-10-26","37.00","AUD","1760043968","29218/2025-10-26/1760043968.json"
"892632","715987","2025-10-28","37.00","AUD","1760043968","29218/2025-10-28/1760043968.json"
"892632","715987","2025-10-31","37.00","AUD","1760043968","29218/2025-10-31/1760043968.json"
"892632","715987","2025-10-30","37.00","AUD","1760043968","29218/2025-10-30/1760043968.json"
"892632","715987","2025-11-01","37.00","AUD","1760043968","29218/2025-11-01/1760043968.json"
"892632","715987","2025-10-29","37.00","AUD","1760043968","29218/2025-10-29/1760043968.json"
"892632","715987","2025-11-02","37.00","AUD","1760043968","29218/2025-11-02/1760043968.json"
"892632","715987","2025-11-03","37.00","AUD","1760043968","29218/2025-11-03/1760043968.json"
"892632","715987","2025-11-05","37.00","AUD","1760043968","29218/2025-11-05/1760043968.json"
"892632","715987","2025-11-04","37.00","AUD","1760043968","29218/2025-11-04/1760043968.json"
"892632","715987","2025-11-06","37.00","AUD","1760043968","29218/2025-11-06/1760043968.json"
"892632","715987","2025-11-07","37.00","AUD","1760043968","29218/2025-11-07/1760043968.json"
"892632","715987","2025-11-09","37.00","AUD","1760043968","29218/2025-11-09/1760043968.json"
"892632","715987","2025-11-08","37.00","AUD","1760043968","29218/2025-11-08/1760043968.json"
"892632","715987","2025-11-11","37.00","AUD","1760043968","29218/2025-11-11/1760043968.json"
"892632","715987","2025-11-10","37.00","AUD","1760043968","29218/2025-11-10/1760043968.json"
"892632","715987","2025-11-12","37.00","AUD","1760043968","29218/2025-11-12/1760043968.json"
"892632","715987","2025-11-13","37.00","AUD","1760043968","29218/2025-11-13/1760043968.json"
"892632","715987","2025-11-14","37.00","AUD","1760043968","29218/2025-11-14/1760043968.json"
"892632","715987","2025-11-15","37.00","AUD","1760043968","29218/2025-11-15/1760043968.json"
"892632","715987","2025-11-17","37.00","AUD","1760043968","29218/2025-11-17/1760043968.json"
"892632","715987","2025-11-16","37.00","AUD","1760043968","29218/2025-11-16/1760043968.json"
"892632","715987","2025-11-18","37.00","AUD","1760043968","29218/2025-11-18/1760043968.json"
"892632","715987","2025-11-21","37.00","AUD","1760043968","29218/2025-11-21/1760043968.json"
"892632","715987","2025-11-20","37.00","AUD","1760043968","29218/2025-11-20/1760043968.json"
"892632","715987","2025-11-19","37.00","AUD","1760043968","29218/2025-11-19/1760043968.json"
"892632","715987","2025-11-22","37.00","AUD","1760043968","29218/2025-11-22/1760043968.json"
"892632","715987","2025-11-24","37.00","AUD","1760043968","29218/2025-11-24/1760043968.json"
"892632","715987","2025-11-23","37.00","AUD","1760043968","29218/2025-11-23/1760043968.json"
"892632","715987","2025-11-25","37.00","AUD","1760043968","29218/2025-11-25/1760043968.json"
"892632","715987","2025-11-26","37.00","AUD","1760043968","29218/2025-11-26/1760043968.json"
"892632","715987","2025-11-28","37.00","AUD","1760043968","29218/2025-11-28/1760043968.json"
"892632","715987","2025-11-27","37.00","AUD","1760043968","29218/2025-11-27/1760043968.json"
"892632","715987","2025-11-29","37.00","AUD","1760043968","29218/2025-11-29/1760043968.json"
"892632","715987","2025-12-02","37.00","AUD","1760043968","29218/2025-12-02/1760043968.json"
"892632","715987","2025-12-01","37.00","AUD","1760043968","29218/2025-12-01/1760043968.json"
"892632","715987","2025-11-30","37.00","AUD","1760043968","29218/2025-11-30/1760043968.json"
"892632","715987","2025-12-03","37.00","AUD","1760043968","29218/2025-12-03/1760043968.json"
"892632","715987","2025-12-05","37.00","AUD","1760043968","29218/2025-12-05/1760043968.json"
"892632","715987","2025-12-04","37.00","AUD","1760043968","29218/2025-12-04/1760043968.json"
"892632","715987","2025-12-06","37.00","AUD","1760043968","29218/2025-12-06/1760043968.json"
"892632","715987","2025-12-07","37.00","AUD","1760043968","29218/2025-12-07/1760043968.json"
"892632","715987","2025-12-08","37.00","AUD","1760043968","29218/2025-12-08/1760043968.json"
"892632","715987","2025-10-12","37.00","AUD","1760067303","29218/2025-10-12/1760067303.json"
"892632","715987","2025-10-13","37.00","AUD","1760067303","29218/2025-10-13/1760067303.json"
"892632","715987","2025-10-11","37.00","AUD","1760067303","29218/2025-10-11/1760067303.json"
"892632","715987","2025-10-16","37.00","AUD","1760067303","29218/2025-10-16/1760067303.json"
"892632","715987","2025-10-14","37.00","AUD","1760067303","29218/2025-10-14/1760067303.json"
"892632","715987","2025-10-15","37.00","AUD","1760067303","29218/2025-10-15/1760067303.json"
"892632","715987","2025-10-17","37.00","AUD","1760067303","29218/2025-10-17/1760067303.json"
"892632","715987","2025-10-18","37.00","AUD","1760067303","29218/2025-10-18/1760067303.json"
"892632","715987","2025-10-19","37.00","AUD","1760067303","29218/2025-10-19/1760067303.json"
"892632","715987","2025-10-20","37.00","AUD","1760067303","29218/2025-10-20/1760067303.json"
"892632","715987","2025-10-22","37.00","AUD","1760067303","29218/2025-10-22/1760067303.json"
"892632","715987","2025-10-21","37.00","AUD","1760067303","29218/2025-10-21/1760067303.json"
"892632","715987","2025-10-24","37.00","AUD","1760067303","29218/2025-10-24/1760067303.json"
"892632","715987","2025-10-25","37.00","AUD","1760067303","29218/2025-10-25/1760067303.json"
"892632","715987","2025-10-26","37.00","AUD","1760067303","29218/2025-10-26/1760067303.json"
"892632","715987","2025-10-27","37.00","AUD","1760067303","29218/2025-10-27/1760067303.json"
"892632","715987","2025-10-29","37.00","AUD","1760067303","29218/2025-10-29/1760067303.json"
"892632","715987","2025-10-30","37.00","AUD","1760067303","29218/2025-10-30/1760067303.json"
"892632","715987","2025-10-28","37.00","AUD","1760067303","29218/2025-10-28/1760067303.json"
"892632","715987","2025-10-31","37.00","AUD","1760067303","29218/2025-10-31/1760067303.json"
"892632","715987","2025-11-02","37.00","AUD","1760067303","29218/2025-11-02/1760067303.json"
"892632","715987","2025-11-01","37.00","AUD","1760067303","29218/2025-11-01/1760067303.json"
"892632","715987","2025-10-23","37.00","AUD","1760067303","29218/2025-10-23/1760067303.json"
"892632","715987","2025-11-03","37.00","AUD","1760067303","29218/2025-11-03/1760067303.json"
"892632","715987","2025-11-04","37.00","AUD","1760067303","29218/2025-11-04/1760067303.json"
"892632","715987","2025-11-05","37.00","AUD","1760067303","29218/2025-11-05/1760067303.json"
"892632","715987","2025-11-06","37.00","AUD","1760067303","29218/2025-11-06/1760067303.json"
"892632","715987","2025-11-08","37.00","AUD","1760067303","29218/2025-11-08/1760067303.json"
"892632","715987","2025-11-09","37.00","AUD","1760067303","29218/2025-11-09/1760067303.json"
"892632","715987","2025-11-07","37.00","AUD","1760067303","29218/2025-11-07/1760067303.json"
"892632","715987","2025-11-10","37.00","AUD","1760067303","29218/2025-11-10/1760067303.json"
"892632","715987","2025-11-11","37.00","AUD","1760067303","29218/2025-11-11/1760067303.json"
"892632","715987","2025-11-13","37.00","AUD","1760067303","29218/2025-11-13/1760067303.json"
"892632","715987","2025-11-12","37.00","AUD","1760067303","29218/2025-11-12/1760067303.json"
"892632","715987","2025-11-15","37.00","AUD","1760067303","29218/2025-11-15/1760067303.json"
"892632","715987","2025-11-14","37.00","AUD","1760067303","29218/2025-11-14/1760067303.json"
"892632","715987","2025-11-16","37.00","AUD","1760067303","29218/2025-11-16/1760067303.json"
"892632","715987","2025-11-17","37.00","AUD","1760067303","29218/2025-11-17/1760067303.json"
"892632","715987","2025-11-19","37.00","AUD","1760067303","29218/2025-11-19/1760067303.json"
"892632","715987","2025-11-20","37.00","AUD","1760067303","29218/2025-11-20/1760067303.json"
"892632","715987","2025-11-21","37.00","AUD","1760067303","29218/2025-11-21/1760067303.json"
"892632","715987","2025-11-18","37.00","AUD","1760067303","29218/2025-11-18/1760067303.json"
"892632","715987","2025-11-22","37.00","AUD","1760067303","29218/2025-11-22/1760067303.json"
"892632","715987","2025-11-23","37.00","AUD","1760067303","29218/2025-11-23/1760067303.json"
"892632","715987","2025-11-24","37.00","AUD","1760067303","29218/2025-11-24/1760067303.json"
"892632","715987","2025-11-25","37.00","AUD","1760067303","29218/2025-11-25/1760067303.json"
"892632","715987","2025-11-26","37.00","AUD","1760067303","29218/2025-11-26/1760067303.json"
"892632","715987","2025-11-27","37.00","AUD","1760067303","29218/2025-11-27/1760067303.json"
"892632","715987","2025-11-28","37.00","AUD","1760067303","29218/2025-11-28/1760067303.json"
"892632","715987","2025-11-29","37.00","AUD","1760067303","29218/2025-11-29/1760067303.json"
"892632","715987","2025-11-30","37.00","AUD","1760067303","29218/2025-11-30/1760067303.json"
"892632","715987","2025-12-01","37.00","AUD","1760067303","29218/2025-12-01/1760067303.json"
"892632","715987","2025-12-03","37.00","AUD","1760067303","29218/2025-12-03/1760067303.json"
"892632","715987","2025-12-04","37.00","AUD","1760067303","29218/2025-12-04/1760067303.json"
"892632","715987","2025-12-02","37.00","AUD","1760067303","29218/2025-12-02/1760067303.json"
"892632","715987","2025-12-05","37.00","AUD","1760067303","29218/2025-12-05/1760067303.json"
"892632","715987","2025-12-06","37.00","AUD","1760067303","29218/2025-12-06/1760067303.json"
"892632","715987","2025-12-07","37.00","AUD","1760067303","29218/2025-12-07/1760067303.json"
"892632","715987","2025-12-08","37.00","AUD","1760067303","29218/2025-12-08/1760067303.json"
"892632","715987","2025-12-09","37.00","AUD","1760067303","29218/2025-12-09/1760067303.json"
"892632","715987","2025-10-11","37.00","AUD","1760072781","29218/2025-10-11/1760072781.json"
"892632","715987","2025-10-12","37.00","AUD","1760072781","29218/2025-10-12/1760072781.json"
"892632","715987","2025-10-13","37.00","AUD","1760072781","29218/2025-10-13/1760072781.json"
"892632","715987","2025-10-14","37.00","AUD","1760072781","29218/2025-10-14/1760072781.json"
"892632","715987","2025-10-15","37.00","AUD","1760072781","29218/2025-10-15/1760072781.json"
"892632","715987","2025-10-16","37.00","AUD","1760072781","29218/2025-10-16/1760072781.json"
"892632","715987","2025-10-17","37.00","AUD","1760072781","29218/2025-10-17/1760072781.json"
"892632","715987","2025-10-18","37.00","AUD","1760072781","29218/2025-10-18/1760072781.json"
"892632","715987","2025-10-21","37.00","AUD","1760072781","29218/2025-10-21/1760072781.json"
"892632","715987","2025-10-20","37.00","AUD","1760072781","29218/2025-10-20/1760072781.json"
"892632","715987","2025-10-19","37.00","AUD","1760072781","29218/2025-10-19/1760072781.json"
"892632","715987","2025-10-23","37.00","AUD","1760072781","29218/2025-10-23/1760072781.json"
"892632","715987","2025-10-22","37.00","AUD","1760072781","29218/2025-10-22/1760072781.json"
"892632","715987","2025-10-24","37.00","AUD","1760072781","29218/2025-10-24/1760072781.json"
"892632","715987","2025-10-25","37.00","AUD","1760072781","29218/2025-10-25/1760072781.json"
"892632","715987","2025-10-27","37.00","AUD","1760072781","29218/2025-10-27/1760072781.json"
"892632","715987","2025-10-26","37.00","AUD","1760072781","29218/2025-10-26/1760072781.json"
"892632","715987","2025-10-29","37.00","AUD","1760072781","29218/2025-10-29/1760072781.json"
"892632","715987","2025-10-28","37.00","AUD","1760072781","29218/2025-10-28/1760072781.json"
"892632","715987","2025-10-30","37.00","AUD","1760072781","29218/2025-10-30/1760072781.json"
"892632","715987","2025-10-31","37.00","AUD","1760072781","29218/2025-10-31/1760072781.json"
"892632","715987","2025-11-01","37.00","AUD","1760072781","29218/2025-11-01/1760072781.json"
"892632","715987","2025-11-02","37.00","AUD","1760072781","29218/2025-11-02/1760072781.json"
"892632","715987","2025-11-03","37.00","AUD","1760072781","29218/2025-11-03/1760072781.json"
"892632","715987","2025-11-04","37.00","AUD","1760072781","29218/2025-11-04/1760072781.json"
"892632","715987","2025-11-05","37.00","AUD","1760072781","29218/2025-11-05/1760072781.json"
"892632","715987","2025-11-06","37.00","AUD","1760072781","29218/2025-11-06/1760072781.json"
"892632","715987","2025-11-07","37.00","AUD","1760072781","29218/2025-11-07/1760072781.json"
"892632","715987","2025-11-09","37.00","AUD","1760072781","29218/2025-11-09/1760072781.json"
"892632","715987","2025-11-08","37.00","AUD","1760072781","29218/2025-11-08/1760072781.json"
"892632","715987","2025-11-11","37.00","AUD","1760072781","29218/2025-11-11/1760072781.json"
"892632","715987","2025-11-12","37.00","AUD","1760072781","29218/2025-11-12/1760072781.json"
"892632","715987","2025-11-10","37.00","AUD","1760072781","29218/2025-11-10/1760072781.json"
"892632","715987","2025-11-13","37.00","AUD","1760072781","29218/2025-11-13/1760072781.json"
"892632","715987","2025-11-14","37.00","AUD","1760072781","29218/2025-11-14/1760072781.json"
"892632","715987","2025-11-15","37.00","AUD","1760072781","29218/2025-11-15/1760072781.json"
"892632","715987","2025-11-17","37.00","AUD","1760072781","29218/2025-11-17/1760072781.json"
"892632","715987","2025-11-16","37.00","AUD","1760072781","29218/2025-11-16/1760072781.json"
"892632","715987","2025-11-18","37.00","AUD","1760072781","29218/2025-11-18/1760072781.json"
"892632","715987","2025-11-19","37.00","AUD","1760072781","29218/2025-11-19/1760072781.json"
"892632","715987","2025-11-21","37.00","AUD","1760072781","29218/2025-11-21/1760072781.json"
"892632","715987","2025-11-20","37.00","AUD","1760072781","29218/2025-11-20/1760072781.json"
"892632","715987","2025-11-23","37.00","AUD","1760072781","29218/2025-11-23/1760072781.json"
"892632","715987","2025-11-24","37.00","AUD","1760072781","29218/2025-11-24/1760072781.json"
"892632","715987","2025-11-22","37.00","AUD","1760072781","29218/2025-11-22/1760072781.json"
"892632","715987","2025-11-25","37.00","AUD","1760072781","29218/2025-11-25/1760072781.json"
"892632","715987","2025-11-26","37.00","AUD","1760072781","29218/2025-11-26/1760072781.json"
"892632","715987","2025-11-27","37.00","AUD","1760072781","29218/2025-11-27/1760072781.json"
"892632","715987","2025-11-28","37.00","AUD","1760072781","29218/2025-11-28/1760072781.json"
"892632","715987","2025-11-29","37.00","AUD","1760072781","29218/2025-11-29/1760072781.json"
"892632","715987","2025-11-30","37.00","AUD","1760072781","29218/2025-11-30/1760072781.json"
"892632","715987","2025-12-01","37.00","AUD","1760072781","29218/2025-12-01/1760072781.json"
"892632","715987","2025-12-02","37.00","AUD","1760072781","29218/2025-12-02/1760072781.json"
"892632","715987","2025-12-03","37.00","AUD","1760072781","29218/2025-12-03/1760072781.json"
"892632","715987","2025-12-04","37.00","AUD","1760072781","29218/2025-12-04/1760072781.json"
"892632","715987","2025-12-05","37.00","AUD","1760072781","29218/2025-12-05/1760072781.json"
"892632","715987","2025-12-07","37.00","AUD","1760072781","29218/2025-12-07/1760072781.json"
"892632","715987","2025-12-06","37.00","AUD","1760072781","29218/2025-12-06/1760072781.json"
"892632","715987","2025-12-08","37.00","AUD","1760072781","29218/2025-12-08/1760072781.json"
"892632","715987","2025-12-09","37.00","AUD","1760072781","29218/2025-12-09/1760072781.json"
"892632","715987","2025-10-11","37.00","AUD","1760087883","29218/2025-10-11/1760087883.json"
"892632","715987","2025-10-12","37.00","AUD","1760087883","29218/2025-10-12/1760087883.json"
"892632","715987","2025-10-13","37.00","AUD","1760087883","29218/2025-10-13/1760087883.json"
"892632","715987","2025-10-15","37.00","AUD","1760087883","29218/2025-10-15/1760087883.json"
"892632","715987","2025-10-16","37.00","AUD","1760087883","29218/2025-10-16/1760087883.json"
"892632","715987","2025-10-14","37.00","AUD","1760087883","29218/2025-10-14/1760087883.json"
"892632","715987","2025-10-17","37.00","AUD","1760087883","29218/2025-10-17/1760087883.json"
"892632","715987","2025-10-18","37.00","AUD","1760087883","29218/2025-10-18/1760087883.json"
"892632","715987","2025-10-19","37.00","AUD","1760087883","29218/2025-10-19/1760087883.json"
"892632","715987","2025-10-20","37.00","AUD","1760087883","29218/2025-10-20/1760087883.json"
"892632","715987","2025-10-21","37.00","AUD","1760087883","29218/2025-10-21/1760087883.json"
"892632","715987","2025-10-22","37.00","AUD","1760087883","29218/2025-10-22/1760087883.json"
"892632","715987","2025-10-23","37.00","AUD","1760087883","29218/2025-10-23/1760087883.json"
"892632","715987","2025-10-24","37.00","AUD","1760087883","29218/2025-10-24/1760087883.json"
"892632","715987","2025-10-26","37.00","AUD","1760087883","29218/2025-10-26/1760087883.json"
"892632","715987","2025-10-25","37.00","AUD","1760087883","29218/2025-10-25/1760087883.json"
"892632","715987","2025-10-27","37.00","AUD","1760087883","29218/2025-10-27/1760087883.json"
"892632","715987","2025-10-28","37.00","AUD","1760087883","29218/2025-10-28/1760087883.json"
"892632","715987","2025-10-29","37.00","AUD","1760087883","29218/2025-10-29/1760087883.json"
"892632","715987","2025-10-31","37.00","AUD","1760087883","29218/2025-10-31/1760087883.json"
"892632","715987","2025-10-30","37.00","AUD","1760087883","29218/2025-10-30/1760087883.json"
"892632","715987","2025-11-01","37.00","AUD","1760087883","29218/2025-11-01/1760087883.json"
"892632","715987","2025-11-02","37.00","AUD","1760087883","29218/2025-11-02/1760087883.json"
"892632","715987","2025-11-05","37.00","AUD","1760087883","29218/2025-11-05/1760087883.json"
"892632","715987","2025-11-04","37.00","AUD","1760087883","29218/2025-11-04/1760087883.json"
"892632","715987","2025-11-03","37.00","AUD","1760087883","29218/2025-11-03/1760087883.json"
"892632","715987","2025-11-06","37.00","AUD","1760087883","29218/2025-11-06/1760087883.json"
"892632","715987","2025-11-07","37.00","AUD","1760087883","29218/2025-11-07/1760087883.json"
"892632","715987","2025-11-08","37.00","AUD","1760087883","29218/2025-11-08/1760087883.json"
"892632","715987","2025-11-09","37.00","AUD","1760087883","29218/2025-11-09/1760087883.json"
"892632","715987","2025-11-10","37.00","AUD","1760087883","29218/2025-11-10/1760087883.json"
"892632","715987","2025-11-11","37.00","AUD","1760087883","29218/2025-11-11/1760087883.json"
"892632","715987","2025-11-12","37.00","AUD","1760087883","29218/2025-11-12/1760087883.json"
"892632","715987","2025-11-13","37.00","AUD","1760087883","29218/2025-11-13/1760087883.json"
"892632","715987","2025-11-14","37.00","AUD","1760087883","29218/2025-11-14/1760087883.json"
"892632","715987","2025-11-15","37.00","AUD","1760087883","29218/2025-11-15/1760087883.json"
"892632","715987","2025-11-16","37.00","AUD","1760087883","29218/2025-11-16/1760087883.json"
"892632","715987","2025-11-17","37.00","AUD","1760087883","29218/2025-11-17/1760087883.json"
"892632","715987","2025-11-18","37.00","AUD","1760087883","29218/2025-11-18/1760087883.json"
"892632","715987","2025-11-19","37.00","AUD","1760087883","29218/2025-11-19/1760087883.json"
"892632","715987","2025-11-20","37.00","AUD","1760087883","29218/2025-11-20/1760087883.json"
"892632","715987","2025-11-21","37.00","AUD","1760087883","29218/2025-11-21/1760087883.json"
"892632","715987","2025-11-23","37.00","AUD","1760087883","29218/2025-11-23/1760087883.json"
"892632","715987","2025-11-22","37.00","AUD","1760087883","29218/2025-11-22/1760087883.json"
"892632","715987","2025-11-24","37.00","AUD","1760087883","29218/2025-11-24/1760087883.json"
"892632","715987","2025-11-26","37.00","AUD","1760087883","29218/2025-11-26/1760087883.json"
"892632","715987","2025-11-27","37.00","AUD","1760087883","29218/2025-11-27/1760087883.json"
"892632","715987","2025-11-25","37.00","AUD","1760087883","29218/2025-11-25/1760087883.json"
"892632","715987","2025-11-28","37.00","AUD","1760087883","29218/2025-11-28/1760087883.json"
"892632","715987","2025-11-29","37.00","AUD","1760087883","29218/2025-11-29/1760087883.json"
"892632","715987","2025-12-02","37.00","AUD","1760087883","29218/2025-12-02/1760087883.json"
"892632","715987","2025-12-01","37.00","AUD","1760087883","29218/2025-12-01/1760087883.json"
"892632","715987","2025-11-30","37.00","AUD","1760087883","29218/2025-11-30/1760087883.json"
"892632","715987","2025-12-03","37.00","AUD","1760087883","29218/2025-12-03/1760087883.json"
"892632","715987","2025-12-04","37.00","AUD","1760087883","29218/2025-12-04/1760087883.json"
"892632","715987","2025-12-05","37.00","AUD","1760087883","29218/2025-12-05/1760087883.json"
"892632","715987","2025-12-06","37.00","AUD","1760087883","29218/2025-12-06/1760087883.json"
"892632","715987","2025-12-07","37.00","AUD","1760087883","29218/2025-12-07/1760087883.json"
"892632","715987","2025-12-09","37.00","AUD","1760087883","29218/2025-12-09/1760087883.json"
"892632","715987","2025-12-08","37.00","AUD","1760087883","29218/2025-12-08/1760087883.json"
"892632","715987","2025-10-11","37.00","AUD","1760104263","29218/2025-10-11/1760104263.json"
"892632","715987","2025-10-13","37.00","AUD","1760104263","29218/2025-10-13/1760104263.json"
"892632","715987","2025-10-12","37.00","AUD","1760104263","29218/2025-10-12/1760104263.json"
"892632","715987","2025-10-14","37.00","AUD","1760104263","29218/2025-10-14/1760104263.json"
"892632","715987","2025-10-15","37.00","AUD","1760104263","29218/2025-10-15/1760104263.json"
"892632","715987","2025-10-16","37.00","AUD","1760104263","29218/2025-10-16/1760104263.json"
"892632","715987","2025-10-17","37.00","AUD","1760104263","29218/2025-10-17/1760104263.json"
"892632","715987","2025-10-18","37.00","AUD","1760104263","29218/2025-10-18/1760104263.json"
"892632","715987","2025-10-19","37.00","AUD","1760104263","29218/2025-10-19/1760104263.json"
"892632","715987","2025-10-20","37.00","AUD","1760104263","29218/2025-10-20/1760104263.json"
"892632","715987","2025-10-21","37.00","AUD","1760104263","29218/2025-10-21/1760104263.json"
"892632","715987","2025-10-23","37.00","AUD","1760104263","29218/2025-10-23/1760104263.json"
"892632","715987","2025-10-22","37.00","AUD","1760104263","29218/2025-10-22/1760104263.json"
"892632","715987","2025-10-24","37.00","AUD","1760104263","29218/2025-10-24/1760104263.json"
"892632","715987","2025-10-25","37.00","AUD","1760104263","29218/2025-10-25/1760104263.json"
"892632","715987","2025-10-26","37.00","AUD","1760104263","29218/2025-10-26/1760104263.json"
"892632","715987","2025-10-27","37.00","AUD","1760104263","29218/2025-10-27/1760104263.json"
"892632","715987","2025-10-28","37.00","AUD","1760104263","29218/2025-10-28/1760104263.json"
"892632","715987","2025-10-29","37.00","AUD","1760104263","29218/2025-10-29/1760104263.json"
"892632","715987","2025-10-30","37.00","AUD","1760104263","29218/2025-10-30/1760104263.json"
"892632","715987","2025-10-31","37.00","AUD","1760104263","29218/2025-10-31/1760104263.json"
"892632","715987","2025-11-01","37.00","AUD","1760104263","29218/2025-11-01/1760104263.json"
"892632","715987","2025-11-02","37.00","AUD","1760104263","29218/2025-11-02/1760104263.json"
"892632","715987","2025-11-03","37.00","AUD","1760104263","29218/2025-11-03/1760104263.json"
"892632","715987","2025-11-04","37.00","AUD","1760104263","29218/2025-11-04/1760104263.json"
"892632","715987","2025-11-05","37.00","AUD","1760104263","29218/2025-11-05/1760104263.json"
"892632","715987","2025-11-06","37.00","AUD","1760104263","29218/2025-11-06/1760104263.json"
"892632","715987","2025-11-08","37.00","AUD","1760104263","29218/2025-11-08/1760104263.json"
"892632","715987","2025-11-07","37.00","AUD","1760104263","29218/2025-11-07/1760104263.json"
"892632","715987","2025-11-09","37.00","AUD","1760104263","29218/2025-11-09/1760104263.json"
"892632","715987","2025-11-10","37.00","AUD","1760104263","29218/2025-11-10/1760104263.json"
"892632","715987","2025-11-11","37.00","AUD","1760104263","29218/2025-11-11/1760104263.json"
"892632","715987","2025-11-12","37.00","AUD","1760104263","29218/2025-11-12/1760104263.json"
"892632","715987","2025-11-14","37.00","AUD","1760104263","29218/2025-11-14/1760104263.json"
"892632","715987","2025-11-13","37.00","AUD","1760104263","29218/2025-11-13/1760104263.json"
"892632","715987","2025-11-15","37.00","AUD","1760104263","29218/2025-11-15/1760104263.json"
"892632","715987","2025-11-16","37.00","AUD","1760104263","29218/2025-11-16/1760104263.json"
"892632","715987","2025-11-17","37.00","AUD","1760104263","29218/2025-11-17/1760104263.json"
"892632","715987","2025-11-18","37.00","AUD","1760104263","29218/2025-11-18/1760104263.json"
"892632","715987","2025-11-19","37.00","AUD","1760104263","29218/2025-11-19/1760104263.json"
"892632","715987","2025-11-20","37.00","AUD","1760104263","29218/2025-11-20/1760104263.json"
"892632","715987","2025-11-21","37.00","AUD","1760104263","29218/2025-11-21/1760104263.json"
"892632","715987","2025-11-22","37.00","AUD","1760104263","29218/2025-11-22/1760104263.json"
"892632","715987","2025-11-23","37.00","AUD","1760104263","29218/2025-11-23/1760104263.json"
"892632","715987","2025-11-25","37.00","AUD","1760104263","29218/2025-11-25/1760104263.json"
"892632","715987","2025-11-24","37.00","AUD","1760104263","29218/2025-11-24/1760104263.json"
"892632","715987","2025-11-26","37.00","AUD","1760104263","29218/2025-11-26/1760104263.json"
"892632","715987","2025-11-27","37.00","AUD","1760104263","29218/2025-11-27/1760104263.json"
"892632","715987","2025-11-28","37.00","AUD","1760104263","29218/2025-11-28/1760104263.json"
"892632","715987","2025-11-30","37.00","AUD","1760104263","29218/2025-11-30/1760104263.json"
"892632","715987","2025-12-01","37.00","AUD","1760104263","29218/2025-12-01/1760104263.json"
"892632","715987","2025-11-29","37.00","AUD","1760104263","29218/2025-11-29/1760104263.json"
"892632","715987","2025-12-02","37.00","AUD","1760104263","29218/2025-12-02/1760104263.json"
"892632","715987","2025-12-03","37.00","AUD","1760104263","29218/2025-12-03/1760104263.json"
"892632","715987","2025-12-04","37.00","AUD","1760104263","29218/2025-12-04/1760104263.json"
"892632","715987","2025-12-05","37.00","AUD","1760104263","29218/2025-12-05/1760104263.json"
"892632","715987","2025-12-06","37.00","AUD","1760104263","29218/2025-12-06/1760104263.json"
"892632","715987","2025-12-07","37.00","AUD","1760104263","29218/2025-12-07/1760104263.json"
"892632","715987","2025-12-08","37.00","AUD","1760104263","29218/2025-12-08/1760104263.json"
"892632","715987","2025-12-09","37.00","AUD","1760104263","29218/2025-12-09/1760104263.json"
"892632","715987","2025-10-12","37.00","AUD","1760116478","29218/2025-10-12/1760116478.json"
"892632","715987","2025-10-11","37.00","AUD","1760116478","29218/2025-10-11/1760116478.json"
"892632","715987","2025-10-13","37.00","AUD","1760116478","29218/2025-10-13/1760116478.json"
"892632","715987","2025-10-14","37.00","AUD","1760116478","29218/2025-10-14/1760116478.json"
"892632","715987","2025-10-16","37.00","AUD","1760116478","29218/2025-10-16/1760116478.json"
"892632","715987","2025-10-17","37.00","AUD","1760116478","29218/2025-10-17/1760116478.json"
"892632","715987","2025-10-18","37.00","AUD","1760116478","29218/2025-10-18/1760116478.json"
"892632","715987","2025-10-15","37.00","AUD","1760116478","29218/2025-10-15/1760116478.json"
"892632","715987","2025-10-19","37.00","AUD","1760116478","29218/2025-10-19/1760116478.json"
"892632","715987","2025-10-21","37.00","AUD","1760116478","29218/2025-10-21/1760116478.json"
"892632","715987","2025-10-22","37.00","AUD","1760116478","29218/2025-10-22/1760116478.json"
"892632","715987","2025-10-20","37.00","AUD","1760116478","29218/2025-10-20/1760116478.json"
"892632","715987","2025-10-23","37.00","AUD","1760116478","29218/2025-10-23/1760116478.json"
"892632","715987","2025-10-24","37.00","AUD","1760116478","29218/2025-10-24/1760116478.json"
"892632","715987","2025-10-25","37.00","AUD","1760116478","29218/2025-10-25/1760116478.json"
"892632","715987","2025-10-26","37.00","AUD","1760116478","29218/2025-10-26/1760116478.json"
"892632","715987","2025-10-27","37.00","AUD","1760116478","29218/2025-10-27/1760116478.json"
"892632","715987","2025-10-28","37.00","AUD","1760116478","29218/2025-10-28/1760116478.json"
"892632","715987","2025-10-29","37.00","AUD","1760116478","29218/2025-10-29/1760116478.json"
"892632","715987","2025-10-30","37.00","AUD","1760116478","29218/2025-10-30/1760116478.json"
"892632","715987","2025-10-31","37.00","AUD","1760116478","29218/2025-10-31/1760116478.json"
"892632","715987","2025-11-01","37.00","AUD","1760116478","29218/2025-11-01/1760116478.json"
"892632","715987","2025-11-02","37.00","AUD","1760116478","29218/2025-11-02/1760116478.json"
"892632","715987","2025-11-03","37.00","AUD","1760116478","29218/2025-11-03/1760116478.json"
"892632","715987","2025-11-04","37.00","AUD","1760116478","29218/2025-11-04/1760116478.json"
"892632","715987","2025-11-06","37.00","AUD","1760116478","29218/2025-11-06/1760116478.json"
"892632","715987","2025-11-05","37.00","AUD","1760116478","29218/2025-11-05/1760116478.json"
"892632","715987","2025-11-07","37.00","AUD","1760116478","29218/2025-11-07/1760116478.json"
"892632","715987","2025-11-08","37.00","AUD","1760116478","29218/2025-11-08/1760116478.json"
"892632","715987","2025-11-09","37.00","AUD","1760116478","29218/2025-11-09/1760116478.json"
"892632","715987","2025-11-11","37.00","AUD","1760116478","29218/2025-11-11/1760116478.json"
"892632","715987","2025-11-10","37.00","AUD","1760116478","29218/2025-11-10/1760116478.json"
"892632","715987","2025-11-12","37.00","AUD","1760116478","29218/2025-11-12/1760116478.json"
"892632","715987","2025-11-13","37.00","AUD","1760116478","29218/2025-11-13/1760116478.json"
"892632","715987","2025-11-14","37.00","AUD","1760116478","29218/2025-11-14/1760116478.json"
"892632","715987","2025-11-16","37.00","AUD","1760116478","29218/2025-11-16/1760116478.json"
"892632","715987","2025-11-17","37.00","AUD","1760116478","29218/2025-11-17/1760116478.json"
"892632","715987","2025-11-18","37.00","AUD","1760116478","29218/2025-11-18/1760116478.json"
"892632","715987","2025-11-20","37.00","AUD","1760116478","29218/2025-11-20/1760116478.json"
"892632","715987","2025-11-19","37.00","AUD","1760116478","29218/2025-11-19/1760116478.json"
"892632","715987","2025-11-21","37.00","AUD","1760116478","29218/2025-11-21/1760116478.json"
"892632","715987","2025-11-22","37.00","AUD","1760116478","29218/2025-11-22/1760116478.json"
"892632","715987","2025-11-23","37.00","AUD","1760116478","29218/2025-11-23/1760116478.json"
"892632","715987","2025-11-24","37.00","AUD","1760116478","29218/2025-11-24/1760116478.json"
"892632","715987","2025-11-25","37.00","AUD","1760116478","29218/2025-11-25/1760116478.json"
"892632","715987","2025-11-26","37.00","AUD","1760116478","29218/2025-11-26/1760116478.json"
"892632","715987","2025-11-27","37.00","AUD","1760116478","29218/2025-11-27/1760116478.json"
"892632","715987","2025-11-15","37.00","AUD","1760116478","29218/2025-11-15/1760116478.json"
"892632","715987","2025-11-29","37.00","AUD","1760116478","29218/2025-11-29/1760116478.json"
"892632","715987","2025-11-28","37.00","AUD","1760116478","29218/2025-11-28/1760116478.json"
"892632","715987","2025-11-30","37.00","AUD","1760116478","29218/2025-11-30/1760116478.json"
"892632","715987","2025-12-01","37.00","AUD","1760116478","29218/2025-12-01/1760116478.json"
"892632","715987","2025-12-02","37.00","AUD","1760116478","29218/2025-12-02/1760116478.json"
"892632","715987","2025-12-03","37.00","AUD","1760116478","29218/2025-12-03/1760116478.json"
"892632","715987","2025-12-04","37.00","AUD","1760116478","29218/2025-12-04/1760116478.json"
"892632","715987","2025-12-05","37.00","AUD","1760116478","29218/2025-12-05/1760116478.json"
"892632","715987","2025-12-06","37.00","AUD","1760116478","29218/2025-12-06/1760116478.json"
"892632","715987","2025-12-07","37.00","AUD","1760116478","29218/2025-12-07/1760116478.json"
"892632","715987","2025-12-08","37.00","AUD","1760116478","29218/2025-12-08/1760116478.json"
"892632","715987","2025-12-09","37.00","AUD","1760116478","29218/2025-12-09/1760116478.json"
"892632","715987","2025-10-12","37.00","AUD","1760129995","29218/2025-10-12/1760129995.json"
"892632","715987","2025-10-11","37.00","AUD","1760129995","29218/2025-10-11/1760129995.json"
"892632","715987","2025-10-14","37.00","AUD","1760129995","29218/2025-10-14/1760129995.json"
"892632","715987","2025-10-13","37.00","AUD","1760129995","29218/2025-10-13/1760129995.json"
"892632","715987","2025-10-15","37.00","AUD","1760129995","29218/2025-10-15/1760129995.json"
"892632","715987","2025-10-16","37.00","AUD","1760129995","29218/2025-10-16/1760129995.json"
"892632","715987","2025-10-17","37.00","AUD","1760129995","29218/2025-10-17/1760129995.json"
"892632","715987","2025-10-18","37.00","AUD","1760129995","29218/2025-10-18/1760129995.json"
"892632","715987","2025-10-19","37.00","AUD","1760129995","29218/2025-10-19/1760129995.json"
"892632","715987","2025-10-20","37.00","AUD","1760129995","29218/2025-10-20/1760129995.json"
"892632","715987","2025-10-22","37.00","AUD","1760129995","29218/2025-10-22/1760129995.json"
"892632","715987","2025-10-24","37.00","AUD","1760129995","29218/2025-10-24/1760129995.json"
"892632","715987","2025-10-21","37.00","AUD","1760129995","29218/2025-10-21/1760129995.json"
"892632","715987","2025-10-23","37.00","AUD","1760129995","29218/2025-10-23/1760129995.json"
"892632","715987","2025-10-25","37.00","AUD","1760129995","29218/2025-10-25/1760129995.json"
"892632","715987","2025-10-26","37.00","AUD","1760129995","29218/2025-10-26/1760129995.json"
"892632","715987","2025-10-27","37.00","AUD","1760129995","29218/2025-10-27/1760129995.json"
"892632","715987","2025-10-29","37.00","AUD","1760129995","29218/2025-10-29/1760129995.json"
"892632","715987","2025-10-30","37.00","AUD","1760129995","29218/2025-10-30/1760129995.json"
"892632","715987","2025-10-28","37.00","AUD","1760129995","29218/2025-10-28/1760129995.json"
"892632","715987","2025-10-31","37.00","AUD","1760129995","29218/2025-10-31/1760129995.json"
"892632","715987","2025-11-01","37.00","AUD","1760129995","29218/2025-11-01/1760129995.json"
"892632","715987","2025-11-02","37.00","AUD","1760129995","29218/2025-11-02/1760129995.json"
"892632","715987","2025-11-03","37.00","AUD","1760129995","29218/2025-11-03/1760129995.json"
"892632","715987","2025-11-04","37.00","AUD","1760129995","29218/2025-11-04/1760129995.json"
"892632","715987","2025-11-05","37.00","AUD","1760129995","29218/2025-11-05/1760129995.json"
"892632","715987","2025-11-06","37.00","AUD","1760129995","29218/2025-11-06/1760129995.json"
"892632","715987","2025-11-07","37.00","AUD","1760129995","29218/2025-11-07/1760129995.json"
"892632","715987","2025-11-09","37.00","AUD","1760129995","29218/2025-11-09/1760129995.json"
"892632","715987","2025-11-08","37.00","AUD","1760129995","29218/2025-11-08/1760129995.json"
"892632","715987","2025-11-10","37.00","AUD","1760129995","29218/2025-11-10/1760129995.json"
"892632","715987","2025-11-11","37.00","AUD","1760129995","29218/2025-11-11/1760129995.json"
"892632","715987","2025-11-13","37.00","AUD","1760129995","29218/2025-11-13/1760129995.json"
"892632","715987","2025-11-12","37.00","AUD","1760129995","29218/2025-11-12/1760129995.json"
"892632","715987","2025-11-14","37.00","AUD","1760129995","29218/2025-11-14/1760129995.json"
"892632","715987","2025-11-15","37.00","AUD","1760129995","29218/2025-11-15/1760129995.json"
"892632","715987","2025-11-16","37.00","AUD","1760129995","29218/2025-11-16/1760129995.json"
"892632","715987","2025-11-17","37.00","AUD","1760129995","29218/2025-11-17/1760129995.json"
"892632","715987","2025-11-18","37.00","AUD","1760129995","29218/2025-11-18/1760129995.json"
"892632","715987","2025-11-19","37.00","AUD","1760129995","29218/2025-11-19/1760129995.json"
"892632","715987","2025-11-20","37.00","AUD","1760129995","29218/2025-11-20/1760129995.json"
"892632","715987","2025-11-22","37.00","AUD","1760129995","29218/2025-11-22/1760129995.json"
"892632","715987","2025-11-21","37.00","AUD","1760129995","29218/2025-11-21/1760129995.json"
"892632","715987","2025-11-23","37.00","AUD","1760129995","29218/2025-11-23/1760129995.json"
"892632","715987","2025-11-25","37.00","AUD","1760129995","29218/2025-11-25/1760129995.json"
"892632","715987","2025-11-26","37.00","AUD","1760129995","29218/2025-11-26/1760129995.json"
"892632","715987","2025-11-24","37.00","AUD","1760129995","29218/2025-11-24/1760129995.json"
"892632","715987","2025-11-28","37.00","AUD","1760129995","29218/2025-11-28/1760129995.json"
"892632","715987","2025-11-27","37.00","AUD","1760129995","29218/2025-11-27/1760129995.json"
"892632","715987","2025-11-29","37.00","AUD","1760129995","29218/2025-11-29/1760129995.json"
"892632","715987","2025-11-30","37.00","AUD","1760129995","29218/2025-11-30/1760129995.json"
"892632","715987","2025-12-01","37.00","AUD","1760129995","29218/2025-12-01/1760129995.json"
"892632","715987","2025-12-02","37.00","AUD","1760129995","29218/2025-12-02/1760129995.json"
"892632","715987","2025-12-04","37.00","AUD","1760129995","29218/2025-12-04/1760129995.json"
"892632","715987","2025-12-05","37.00","AUD","1760129995","29218/2025-12-05/1760129995.json"
"892632","715987","2025-12-06","37.00","AUD","1760129995","29218/2025-12-06/1760129995.json"
"892632","715987","2025-12-03","37.00","AUD","1760129995","29218/2025-12-03/1760129995.json"
"892632","715987","2025-12-07","37.00","AUD","1760129995","29218/2025-12-07/1760129995.json"
"892632","715987","2025-12-08","37.00","AUD","1760129995","29218/2025-12-08/1760129995.json"
"892632","715987","2025-12-09","37.00","AUD","1760129995","29218/2025-12-09/1760129995.json"
"892632","715987","2025-10-14","37.00","AUD","1760153209","29218/2025-10-14/1760153209.json"
"892632","715987","2025-10-13","37.00","AUD","1760153209","29218/2025-10-13/1760153209.json"
"892632","715987","2025-10-12","37.00","AUD","1760153209","29218/2025-10-12/1760153209.json"
"892632","715987","2025-10-11","37.00","AUD","1760153209","29218/2025-10-11/1760153209.json"
"892632","715987","2025-10-15","37.00","AUD","1760153209","29218/2025-10-15/1760153209.json"
"892632","715987","2025-10-16","37.00","AUD","1760153209","29218/2025-10-16/1760153209.json"
"892632","715987","2025-10-18","37.00","AUD","1760153209","29218/2025-10-18/1760153209.json"
"892632","715987","2025-10-17","37.00","AUD","1760153209","29218/2025-10-17/1760153209.json"
"892632","715987","2025-10-19","37.00","AUD","1760153209","29218/2025-10-19/1760153209.json"
"892632","715987","2025-10-21","37.00","AUD","1760153209","29218/2025-10-21/1760153209.json"
"892632","715987","2025-10-20","37.00","AUD","1760153209","29218/2025-10-20/1760153209.json"
"892632","715987","2025-10-24","37.00","AUD","1760153209","29218/2025-10-24/1760153209.json"
"892632","715987","2025-10-23","37.00","AUD","1760153209","29218/2025-10-23/1760153209.json"
"892632","715987","2025-10-25","37.00","AUD","1760153209","29218/2025-10-25/1760153209.json"
"892632","715987","2025-10-22","37.00","AUD","1760153209","29218/2025-10-22/1760153209.json"
"892632","715987","2025-10-29","37.00","AUD","1760153209","29218/2025-10-29/1760153209.json"
"892632","715987","2025-10-28","37.00","AUD","1760153209","29218/2025-10-28/1760153209.json"
"892632","715987","2025-10-26","37.00","AUD","1760153209","29218/2025-10-26/1760153209.json"
"892632","715987","2025-11-01","37.00","AUD","1760153209","29218/2025-11-01/1760153209.json"
"892632","715987","2025-10-31","37.00","AUD","1760153209","29218/2025-10-31/1760153209.json"
"892632","715987","2025-10-30","37.00","AUD","1760153209","29218/2025-10-30/1760153209.json"
"892632","715987","2025-11-02","37.00","AUD","1760153209","29218/2025-11-02/1760153209.json"
"892632","715987","2025-11-04","37.00","AUD","1760153209","29218/2025-11-04/1760153209.json"
"892632","715987","2025-11-03","37.00","AUD","1760153209","29218/2025-11-03/1760153209.json"
"892632","715987","2025-10-27","37.00","AUD","1760153209","29218/2025-10-27/1760153209.json"
"892632","715987","2025-11-06","37.00","AUD","1760153209","29218/2025-11-06/1760153209.json"
"892632","715987","2025-11-07","37.00","AUD","1760153209","29218/2025-11-07/1760153209.json"
"892632","715987","2025-11-05","37.00","AUD","1760153209","29218/2025-11-05/1760153209.json"
"892632","715987","2025-11-08","37.00","AUD","1760153209","29218/2025-11-08/1760153209.json"
"892632","715987","2025-11-10","37.00","AUD","1760153209","29218/2025-11-10/1760153209.json"
"892632","715987","2025-11-11","37.00","AUD","1760153209","29218/2025-11-11/1760153209.json"
"892632","715987","2025-11-09","37.00","AUD","1760153209","29218/2025-11-09/1760153209.json"
"892632","715987","2025-11-12","37.00","AUD","1760153209","29218/2025-11-12/1760153209.json"
"892632","715987","2025-11-14","37.00","AUD","1760153209","29218/2025-11-14/1760153209.json"
"892632","715987","2025-11-15","37.00","AUD","1760153209","29218/2025-11-15/1760153209.json"
"892632","715987","2025-11-16","37.00","AUD","1760153209","29218/2025-11-16/1760153209.json"
"892632","715987","2025-11-13","37.00","AUD","1760153209","29218/2025-11-13/1760153209.json"
"892632","715987","2025-11-18","37.00","AUD","1760153209","29218/2025-11-18/1760153209.json"
"892632","715987","2025-11-17","37.00","AUD","1760153209","29218/2025-11-17/1760153209.json"
"892632","715987","2025-11-19","37.00","AUD","1760153209","29218/2025-11-19/1760153209.json"
"892632","715987","2025-11-20","37.00","AUD","1760153209","29218/2025-11-20/1760153209.json"
"892632","715987","2025-11-21","37.00","AUD","1760153209","29218/2025-11-21/1760153209.json"
"892632","715987","2025-11-23","37.00","AUD","1760153209","29218/2025-11-23/1760153209.json"
"892632","715987","2025-11-22","37.00","AUD","1760153209","29218/2025-11-22/1760153209.json"
"892632","715987","2025-11-24","37.00","AUD","1760153209","29218/2025-11-24/1760153209.json"
"892632","715987","2025-11-25","37.00","AUD","1760153209","29218/2025-11-25/1760153209.json"
"892632","715987","2025-11-27","37.00","AUD","1760153209","29218/2025-11-27/1760153209.json"
"892632","715987","2025-11-26","37.00","AUD","1760153209","29218/2025-11-26/1760153209.json"
"892632","715987","2025-11-28","37.00","AUD","1760153209","29218/2025-11-28/1760153209.json"
"892632","715987","2025-11-29","37.00","AUD","1760153209","29218/2025-11-29/1760153209.json"
"892632","715987","2025-11-30","37.00","AUD","1760153209","29218/2025-11-30/1760153209.json"
"892632","715987","2025-12-01","37.00","AUD","1760153209","29218/2025-12-01/1760153209.json"
"892632","715987","2025-12-02","37.00","AUD","1760153209","29218/2025-12-02/1760153209.json"
"892632","715987","2025-12-03","37.00","AUD","1760153209","29218/2025-12-03/1760153209.json"
"892632","715987","2025-12-04","37.00","AUD","1760153209","29218/2025-12-04/1760153209.json"
"892632","715987","2025-12-05","37.00","AUD","1760153209","29218/2025-12-05/1760153209.json"
"892632","715987","2025-12-06","37.00","AUD","1760153209","29218/2025-12-06/1760153209.json"
"892632","715987","2025-12-07","37.00","AUD","1760153209","29218/2025-12-07/1760153209.json"
"892632","715987","2025-12-09","37.00","AUD","1760153209","29218/2025-12-09/1760153209.json"
"892632","715987","2025-12-08","37.00","AUD","1760153209","29218/2025-12-08/1760153209.json"
"892632","715987","2025-12-10","37.00","AUD","1760153209","29218/2025-12-10/1760153209.json"
"892632","715987","2025-10-12","37.00","AUD","1760159117","29218/2025-10-12/1760159117.json"
"892632","715987","2025-10-14","37.00","AUD","1760159117","29218/2025-10-14/1760159117.json"
"892632","715987","2025-10-13","37.00","AUD","1760159117","29218/2025-10-13/1760159117.json"
"892632","715987","2025-10-15","37.00","AUD","1760159117","29218/2025-10-15/1760159117.json"
"892632","715987","2025-10-17","37.00","AUD","1760159117","29218/2025-10-17/1760159117.json"
"892632","715987","2025-10-18","37.00","AUD","1760159117","29218/2025-10-18/1760159117.json"
"892632","715987","2025-10-16","37.00","AUD","1760159117","29218/2025-10-16/1760159117.json"
"892632","715987","2025-10-19","37.00","AUD","1760159117","29218/2025-10-19/1760159117.json"
"892632","715987","2025-10-22","37.00","AUD","1760159117","29218/2025-10-22/1760159117.json"
"892632","715987","2025-10-20","37.00","AUD","1760159117","29218/2025-10-20/1760159117.json"
"892632","715987","2025-10-21","37.00","AUD","1760159117","29218/2025-10-21/1760159117.json"
"892632","715987","2025-10-23","37.00","AUD","1760159117","29218/2025-10-23/1760159117.json"
"892632","715987","2025-10-25","37.00","AUD","1760159117","29218/2025-10-25/1760159117.json"
"892632","715987","2025-10-24","37.00","AUD","1760159117","29218/2025-10-24/1760159117.json"
"892632","715987","2025-10-26","37.00","AUD","1760159117","29218/2025-10-26/1760159117.json"
"892632","715987","2025-10-27","37.00","AUD","1760159117","29218/2025-10-27/1760159117.json"
"892632","715987","2025-10-28","37.00","AUD","1760159117","29218/2025-10-28/1760159117.json"
"892632","715987","2025-10-29","37.00","AUD","1760159117","29218/2025-10-29/1760159117.json"
"892632","715987","2025-10-30","37.00","AUD","1760159117","29218/2025-10-30/1760159117.json"
"892632","715987","2025-10-31","37.00","AUD","1760159117","29218/2025-10-31/1760159117.json"
"892632","715987","2025-11-01","37.00","AUD","1760159117","29218/2025-11-01/1760159117.json"
"892632","715987","2025-11-03","37.00","AUD","1760159117","29218/2025-11-03/1760159117.json"
"892632","715987","2025-11-02","37.00","AUD","1760159117","29218/2025-11-02/1760159117.json"
"892632","715987","2025-11-04","37.00","AUD","1760159117","29218/2025-11-04/1760159117.json"
"892632","715987","2025-11-05","37.00","AUD","1760159117","29218/2025-11-05/1760159117.json"
"892632","715987","2025-11-06","37.00","AUD","1760159117","29218/2025-11-06/1760159117.json"
"892632","715987","2025-11-07","37.00","AUD","1760159117","29218/2025-11-07/1760159117.json"
"892632","715987","2025-11-08","37.00","AUD","1760159117","29218/2025-11-08/1760159117.json"
"892632","715987","2025-11-09","37.00","AUD","1760159117","29218/2025-11-09/1760159117.json"
"892632","715987","2025-11-10","37.00","AUD","1760159117","29218/2025-11-10/1760159117.json"
"892632","715987","2025-11-11","37.00","AUD","1760159117","29218/2025-11-11/1760159117.json"
"892632","715987","2025-11-12","37.00","AUD","1760159117","29218/2025-11-12/1760159117.json"
"892632","715987","2025-11-13","37.00","AUD","1760159117","29218/2025-11-13/1760159117.json"
"892632","715987","2025-11-14","37.00","AUD","1760159117","29218/2025-11-14/1760159117.json"
"892632","715987","2025-11-15","37.00","AUD","1760159117","29218/2025-11-15/1760159117.json"
"892632","715987","2025-11-17","37.00","AUD","1760159117","29218/2025-11-17/1760159117.json"
"892632","715987","2025-11-16","37.00","AUD","1760159117","29218/2025-11-16/1760159117.json"
"892632","715987","2025-11-18","37.00","AUD","1760159117","29218/2025-11-18/1760159117.json"
"892632","715987","2025-11-19","37.00","AUD","1760159117","29218/2025-11-19/1760159117.json"
"892632","715987","2025-11-20","37.00","AUD","1760159117","29218/2025-11-20/1760159117.json"
"892632","715987","2025-11-22","37.00","AUD","1760159117","29218/2025-11-22/1760159117.json"
"892632","715987","2025-11-21","37.00","AUD","1760159117","29218/2025-11-21/1760159117.json"
"892632","715987","2025-11-23","37.00","AUD","1760159117","29218/2025-11-23/1760159117.json"
"892632","715987","2025-11-24","37.00","AUD","1760159117","29218/2025-11-24/1760159117.json"
"892632","715987","2025-11-25","37.00","AUD","1760159117","29218/2025-11-25/1760159117.json"
"892632","715987","2025-11-26","37.00","AUD","1760159117","29218/2025-11-26/1760159117.json"
"892632","715987","2025-11-27","37.00","AUD","1760159117","29218/2025-11-27/1760159117.json"
"892632","715987","2025-11-28","37.00","AUD","1760159117","29218/2025-11-28/1760159117.json"
"892632","715987","2025-11-29","37.00","AUD","1760159117","29218/2025-11-29/1760159117.json"
"892632","715987","2025-11-30","37.00","AUD","1760159117","29218/2025-11-30/1760159117.json"
"892632","715987","2025-12-01","37.00","AUD","1760159117","29218/2025-12-01/1760159117.json"
"892632","715987","2025-12-02","37.00","AUD","1760159117","29218/2025-12-02/1760159117.json"
"892632","715987","2025-12-04","37.00","AUD","1760159117","29218/2025-12-04/1760159117.json"
"892632","715987","2025-12-03","37.00","AUD","1760159117","29218/2025-12-03/1760159117.json"
"892632","715987","2025-12-05","37.00","AUD","1760159117","29218/2025-12-05/1760159117.json"
"892632","715987","2025-12-06","37.00","AUD","1760159117","29218/2025-12-06/1760159117.json"
"892632","715987","2025-12-07","37.00","AUD","1760159117","29218/2025-12-07/1760159117.json"
"892632","715987","2025-12-08","37.00","AUD","1760159117","29218/2025-12-08/1760159117.json"
"892632","715987","2025-12-09","37.00","AUD","1760159117","29218/2025-12-09/1760159117.json"
"892632","715987","2025-12-10","37.00","AUD","1760159117","29218/2025-12-10/1760159117.json"
"892632","715987","2025-10-14","37.00","AUD","1760173785","29218/2025-10-14/1760173785.json"
"892632","715987","2025-10-12","37.00","AUD","1760173785","29218/2025-10-12/1760173785.json"
"892632","715987","2025-10-13","37.00","AUD","1760173785","29218/2025-10-13/1760173785.json"
"892632","715987","2025-10-15","37.00","AUD","1760173785","29218/2025-10-15/1760173785.json"
"892632","715987","2025-10-17","37.00","AUD","1760173785","29218/2025-10-17/1760173785.json"
"892632","715987","2025-10-18","37.00","AUD","1760173785","29218/2025-10-18/1760173785.json"
"892632","715987","2025-10-16","37.00","AUD","1760173785","29218/2025-10-16/1760173785.json"
"892632","715987","2025-10-21","37.00","AUD","1760173785","29218/2025-10-21/1760173785.json"
"892632","715987","2025-10-20","37.00","AUD","1760173785","29218/2025-10-20/1760173785.json"
"892632","715987","2025-10-22","37.00","AUD","1760173785","29218/2025-10-22/1760173785.json"
"892632","715987","2025-10-24","37.00","AUD","1760173785","29218/2025-10-24/1760173785.json"
"892632","715987","2025-10-23","37.00","AUD","1760173785","29218/2025-10-23/1760173785.json"
"892632","715987","2025-10-25","37.00","AUD","1760173785","29218/2025-10-25/1760173785.json"
"892632","715987","2025-10-19","37.00","AUD","1760173785","29218/2025-10-19/1760173785.json"
"892632","715987","2025-10-26","37.00","AUD","1760173785","29218/2025-10-26/1760173785.json"
"892632","715987","2025-10-27","37.00","AUD","1760173785","29218/2025-10-27/1760173785.json"
"892632","715987","2025-10-28","37.00","AUD","1760173785","29218/2025-10-28/1760173785.json"
"892632","715987","2025-10-29","37.00","AUD","1760173785","29218/2025-10-29/1760173785.json"
"892632","715987","2025-10-30","37.00","AUD","1760173785","29218/2025-10-30/1760173785.json"
"892632","715987","2025-10-31","37.00","AUD","1760173785","29218/2025-10-31/1760173785.json"
"892632","715987","2025-11-01","37.00","AUD","1760173785","29218/2025-11-01/1760173785.json"
"892632","715987","2025-11-02","37.00","AUD","1760173785","29218/2025-11-02/1760173785.json"
"892632","715987","2025-11-03","37.00","AUD","1760173785","29218/2025-11-03/1760173785.json"
"892632","715987","2025-11-04","37.00","AUD","1760173785","29218/2025-11-04/1760173785.json"
"892632","715987","2025-11-05","37.00","AUD","1760173785","29218/2025-11-05/1760173785.json"
"892632","715987","2025-11-06","37.00","AUD","1760173785","29218/2025-11-06/1760173785.json"
"892632","715987","2025-11-07","37.00","AUD","1760173785","29218/2025-11-07/1760173785.json"
"892632","715987","2025-11-09","37.00","AUD","1760173785","29218/2025-11-09/1760173785.json"
"892632","715987","2025-11-08","37.00","AUD","1760173785","29218/2025-11-08/1760173785.json"
"892632","715987","2025-11-10","37.00","AUD","1760173785","29218/2025-11-10/1760173785.json"
"892632","715987","2025-11-11","37.00","AUD","1760173785","29218/2025-11-11/1760173785.json"
"892632","715987","2025-11-12","37.00","AUD","1760173785","29218/2025-11-12/1760173785.json"
"892632","715987","2025-11-14","37.00","AUD","1760173785","29218/2025-11-14/1760173785.json"
"892632","715987","2025-11-13","37.00","AUD","1760173785","29218/2025-11-13/1760173785.json"
"892632","715987","2025-11-15","37.00","AUD","1760173785","29218/2025-11-15/1760173785.json"
"892632","715987","2025-11-16","37.00","AUD","1760173785","29218/2025-11-16/1760173785.json"
"892632","715987","2025-11-18","37.00","AUD","1760173785","29218/2025-11-18/1760173785.json"
"892632","715987","2025-11-20","37.00","AUD","1760173785","29218/2025-11-20/1760173785.json"
"892632","715987","2025-11-19","37.00","AUD","1760173785","29218/2025-11-19/1760173785.json"
"892632","715987","2025-11-17","37.00","AUD","1760173785","29218/2025-11-17/1760173785.json"
"892632","715987","2025-11-21","37.00","AUD","1760173785","29218/2025-11-21/1760173785.json"
"892632","715987","2025-11-24","37.00","AUD","1760173785","29218/2025-11-24/1760173785.json"
"892632","715987","2025-11-23","37.00","AUD","1760173785","29218/2025-11-23/1760173785.json"
"892632","715987","2025-11-22","37.00","AUD","1760173785","29218/2025-11-22/1760173785.json"
"892632","715987","2025-11-25","37.00","AUD","1760173785","29218/2025-11-25/1760173785.json"
"892632","715987","2025-11-26","37.00","AUD","1760173785","29218/2025-11-26/1760173785.json"
"892632","715987","2025-11-28","37.00","AUD","1760173785","29218/2025-11-28/1760173785.json"
"892632","715987","2025-11-27","37.00","AUD","1760173785","29218/2025-11-27/1760173785.json"
"892632","715987","2025-11-29","37.00","AUD","1760173785","29218/2025-11-29/1760173785.json"
"892632","715987","2025-12-02","37.00","AUD","1760173785","29218/2025-12-02/1760173785.json"
"892632","715987","2025-11-30","37.00","AUD","1760173785","29218/2025-11-30/1760173785.json"
"892632","715987","2025-12-01","37.00","AUD","1760173785","29218/2025-12-01/1760173785.json"
"892632","715987","2025-12-03","37.00","AUD","1760173785","29218/2025-12-03/1760173785.json"
"892632","715987","2025-12-05","37.00","AUD","1760173785","29218/2025-12-05/1760173785.json"
"892632","715987","2025-12-04","37.00","AUD","1760173785","29218/2025-12-04/1760173785.json"
"892632","715987","2025-12-07","37.00","AUD","1760173785","29218/2025-12-07/1760173785.json"
"892632","715987","2025-12-06","37.00","AUD","1760173785","29218/2025-12-06/1760173785.json"
"892632","715987","2025-12-08","37.00","AUD","1760173785","29218/2025-12-08/1760173785.json"
"892632","715987","2025-12-09","37.00","AUD","1760173785","29218/2025-12-09/1760173785.json"
"892632","715987","2025-12-10","37.00","AUD","1760173785","29218/2025-12-10/1760173785.json"
"892632","715987","2025-10-13","37.00","AUD","1760189456","29218/2025-10-13/1760189456.json"
"892632","715987","2025-10-12","37.00","AUD","1760189456","29218/2025-10-12/1760189456.json"
"892632","715987","2025-10-14","37.00","AUD","1760189456","29218/2025-10-14/1760189456.json"
"892632","715987","2025-10-17","37.00","AUD","1760189456","29218/2025-10-17/1760189456.json"
"892632","715987","2025-10-18","37.00","AUD","1760189456","29218/2025-10-18/1760189456.json"
"892632","715987","2025-10-15","37.00","AUD","1760189456","29218/2025-10-15/1760189456.json"
"892632","715987","2025-10-16","37.00","AUD","1760189456","29218/2025-10-16/1760189456.json"
"892632","715987","2025-10-19","37.00","AUD","1760189456","29218/2025-10-19/1760189456.json"
"892632","715987","2025-10-20","37.00","AUD","1760189456","29218/2025-10-20/1760189456.json"
"892632","715987","2025-10-21","37.00","AUD","1760189456","29218/2025-10-21/1760189456.json"
"892632","715987","2025-10-22","37.00","AUD","1760189456","29218/2025-10-22/1760189456.json"
"892632","715987","2025-10-23","37.00","AUD","1760189456","29218/2025-10-23/1760189456.json"
"892632","715987","2025-10-24","37.00","AUD","1760189456","29218/2025-10-24/1760189456.json"
"892632","715987","2025-10-25","37.00","AUD","1760189456","29218/2025-10-25/1760189456.json"
"892632","715987","2025-10-26","37.00","AUD","1760189456","29218/2025-10-26/1760189456.json"
"892632","715987","2025-10-27","37.00","AUD","1760189456","29218/2025-10-27/1760189456.json"
"892632","715987","2025-10-28","37.00","AUD","1760189456","29218/2025-10-28/1760189456.json"
"892632","715987","2025-10-29","37.00","AUD","1760189456","29218/2025-10-29/1760189456.json"
"892632","715987","2025-10-30","37.00","AUD","1760189456","29218/2025-10-30/1760189456.json"
"892632","715987","2025-10-31","37.00","AUD","1760189456","29218/2025-10-31/1760189456.json"
"892632","715987","2025-11-01","37.00","AUD","1760189456","29218/2025-11-01/1760189456.json"
"892632","715987","2025-11-02","37.00","AUD","1760189456","29218/2025-11-02/1760189456.json"
"892632","715987","2025-11-03","37.00","AUD","1760189456","29218/2025-11-03/1760189456.json"
"892632","715987","2025-11-04","37.00","AUD","1760189456","29218/2025-11-04/1760189456.json"
"892632","715987","2025-11-06","37.00","AUD","1760189456","29218/2025-11-06/1760189456.json"
"892632","715987","2025-11-05","37.00","AUD","1760189456","29218/2025-11-05/1760189456.json"
"892632","715987","2025-11-07","37.00","AUD","1760189456","29218/2025-11-07/1760189456.json"
"892632","715987","2025-11-08","37.00","AUD","1760189456","29218/2025-11-08/1760189456.json"
"892632","715987","2025-11-10","37.00","AUD","1760189456","29218/2025-11-10/1760189456.json"
"892632","715987","2025-11-09","37.00","AUD","1760189456","29218/2025-11-09/1760189456.json"
"892632","715987","2025-11-11","37.00","AUD","1760189456","29218/2025-11-11/1760189456.json"
"892632","715987","2025-11-12","37.00","AUD","1760189456","29218/2025-11-12/1760189456.json"
"892632","715987","2025-11-13","37.00","AUD","1760189456","29218/2025-11-13/1760189456.json"
"892632","715987","2025-11-14","37.00","AUD","1760189456","29218/2025-11-14/1760189456.json"
"892632","715987","2025-11-16","37.00","AUD","1760189456","29218/2025-11-16/1760189456.json"
"892632","715987","2025-11-17","37.00","AUD","1760189456","29218/2025-11-17/1760189456.json"
"892632","715987","2025-11-18","37.00","AUD","1760189456","29218/2025-11-18/1760189456.json"
"892632","715987","2025-11-15","37.00","AUD","1760189456","29218/2025-11-15/1760189456.json"
"892632","715987","2025-11-19","37.00","AUD","1760189456","29218/2025-11-19/1760189456.json"
"892632","715987","2025-11-20","37.00","AUD","1760189456","29218/2025-11-20/1760189456.json"
"892632","715987","2025-11-22","37.00","AUD","1760189456","29218/2025-11-22/1760189456.json"
"892632","715987","2025-11-21","37.00","AUD","1760189456","29218/2025-11-21/1760189456.json"
"892632","715987","2025-11-23","37.00","AUD","1760189456","29218/2025-11-23/1760189456.json"
"892632","715987","2025-11-24","37.00","AUD","1760189456","29218/2025-11-24/1760189456.json"
"892632","715987","2025-11-25","37.00","AUD","1760189456","29218/2025-11-25/1760189456.json"
"892632","715987","2025-11-27","37.00","AUD","1760189456","29218/2025-11-27/1760189456.json"
"892632","715987","2025-11-26","37.00","AUD","1760189456","29218/2025-11-26/1760189456.json"
"892632","715987","2025-11-28","37.00","AUD","1760189456","29218/2025-11-28/1760189456.json"
"892632","715987","2025-12-01","37.00","AUD","1760189456","29218/2025-12-01/1760189456.json"
"892632","715987","2025-11-29","37.00","AUD","1760189456","29218/2025-11-29/1760189456.json"
"892632","715987","2025-11-30","37.00","AUD","1760189456","29218/2025-11-30/1760189456.json"
"892632","715987","2025-12-02","37.00","AUD","1760189456","29218/2025-12-02/1760189456.json"
"892632","715987","2025-12-05","37.00","AUD","1760189456","29218/2025-12-05/1760189456.json"
"892632","715987","2025-12-04","37.00","AUD","1760189456","29218/2025-12-04/1760189456.json"
"892632","715987","2025-12-03","37.00","AUD","1760189456","29218/2025-12-03/1760189456.json"
"892632","715987","2025-12-08","37.00","AUD","1760189456","29218/2025-12-08/1760189456.json"
"892632","715987","2025-12-07","37.00","AUD","1760189456","29218/2025-12-07/1760189456.json"
"892632","715987","2025-12-06","37.00","AUD","1760189456","29218/2025-12-06/1760189456.json"
"892632","715987","2025-12-09","37.00","AUD","1760189456","29218/2025-12-09/1760189456.json"
"892632","715987","2025-12-10","37.00","AUD","1760189456","29218/2025-12-10/1760189456.json"
"892632","715987","2025-10-12","37.00","AUD","1760202217","29218/2025-10-12/1760202217.json"
"892632","715987","2025-10-13","37.00","AUD","1760202217","29218/2025-10-13/1760202217.json"
"892632","715987","2025-10-14","37.00","AUD","1760202217","29218/2025-10-14/1760202217.json"
"892632","715987","2025-10-15","37.00","AUD","1760202217","29218/2025-10-15/1760202217.json"
"892632","715987","2025-10-16","37.00","AUD","1760202217","29218/2025-10-16/1760202217.json"
"892632","715987","2025-10-17","37.00","AUD","1760202217","29218/2025-10-17/1760202217.json"
"892632","715987","2025-10-19","37.00","AUD","1760202217","29218/2025-10-19/1760202217.json"
"892632","715987","2025-10-18","37.00","AUD","1760202217","29218/2025-10-18/1760202217.json"
"892632","715987","2025-10-22","37.00","AUD","1760202217","29218/2025-10-22/1760202217.json"
"892632","715987","2025-10-21","37.00","AUD","1760202217","29218/2025-10-21/1760202217.json"
"892632","715987","2025-10-20","37.00","AUD","1760202217","29218/2025-10-20/1760202217.json"
"892632","715987","2025-10-23","37.00","AUD","1760202217","29218/2025-10-23/1760202217.json"
"892632","715987","2025-10-26","37.00","AUD","1760202217","29218/2025-10-26/1760202217.json"
"892632","715987","2025-10-27","37.00","AUD","1760202217","29218/2025-10-27/1760202217.json"
"892632","715987","2025-10-25","37.00","AUD","1760202217","29218/2025-10-25/1760202217.json"
"892632","715987","2025-10-24","37.00","AUD","1760202217","29218/2025-10-24/1760202217.json"
"892632","715987","2025-10-28","37.00","AUD","1760202217","29218/2025-10-28/1760202217.json"
"892632","715987","2025-10-29","37.00","AUD","1760202217","29218/2025-10-29/1760202217.json"
"892632","715987","2025-10-30","37.00","AUD","1760202217","29218/2025-10-30/1760202217.json"
"892632","715987","2025-10-31","37.00","AUD","1760202217","29218/2025-10-31/1760202217.json"
"892632","715987","2025-11-01","37.00","AUD","1760202217","29218/2025-11-01/1760202217.json"
"892632","715987","2025-11-03","37.00","AUD","1760202217","29218/2025-11-03/1760202217.json"
"892632","715987","2025-11-02","37.00","AUD","1760202217","29218/2025-11-02/1760202217.json"
"892632","715987","2025-11-05","37.00","AUD","1760202217","29218/2025-11-05/1760202217.json"
"892632","715987","2025-11-06","37.00","AUD","1760202217","29218/2025-11-06/1760202217.json"
"892632","715987","2025-11-04","37.00","AUD","1760202217","29218/2025-11-04/1760202217.json"
"892632","715987","2025-11-07","37.00","AUD","1760202217","29218/2025-11-07/1760202217.json"
"892632","715987","2025-11-08","37.00","AUD","1760202217","29218/2025-11-08/1760202217.json"
"892632","715987","2025-11-09","37.00","AUD","1760202217","29218/2025-11-09/1760202217.json"
"892632","715987","2025-11-10","37.00","AUD","1760202217","29218/2025-11-10/1760202217.json"
"892632","715987","2025-11-11","37.00","AUD","1760202217","29218/2025-11-11/1760202217.json"
"892632","715987","2025-11-12","37.00","AUD","1760202217","29218/2025-11-12/1760202217.json"
"892632","715987","2025-11-13","37.00","AUD","1760202217","29218/2025-11-13/1760202217.json"
"892632","715987","2025-11-14","37.00","AUD","1760202217","29218/2025-11-14/1760202217.json"
"892632","715987","2025-11-15","37.00","AUD","1760202217","29218/2025-11-15/1760202217.json"
"892632","715987","2025-11-18","37.00","AUD","1760202217","29218/2025-11-18/1760202217.json"
"892632","715987","2025-11-17","37.00","AUD","1760202217","29218/2025-11-17/1760202217.json"
"892632","715987","2025-11-19","37.00","AUD","1760202217","29218/2025-11-19/1760202217.json"
"892632","715987","2025-11-16","37.00","AUD","1760202217","29218/2025-11-16/1760202217.json"
"892632","715987","2025-11-21","37.00","AUD","1760202217","29218/2025-11-21/1760202217.json"
"892632","715987","2025-11-20","37.00","AUD","1760202217","29218/2025-11-20/1760202217.json"
"892632","715987","2025-11-22","37.00","AUD","1760202217","29218/2025-11-22/1760202217.json"
"892632","715987","2025-11-23","37.00","AUD","1760202217","29218/2025-11-23/1760202217.json"
"892632","715987","2025-11-24","37.00","AUD","1760202217","29218/2025-11-24/1760202217.json"
"892632","715987","2025-11-25","37.00","AUD","1760202217","29218/2025-11-25/1760202217.json"
"892632","715987","2025-11-26","37.00","AUD","1760202217","29218/2025-11-26/1760202217.json"
"892632","715987","2025-11-27","37.00","AUD","1760202217","29218/2025-11-27/1760202217.json"
"892632","715987","2025-11-28","37.00","AUD","1760202217","29218/2025-11-28/1760202217.json"
"892632","715987","2025-11-29","37.00","AUD","1760202217","29218/2025-11-29/1760202217.json"
"892632","715987","2025-11-30","37.00","AUD","1760202217","29218/2025-11-30/1760202217.json"
"892632","715987","2025-12-03","37.00","AUD","1760202217","29218/2025-12-03/1760202217.json"
"892632","715987","2025-12-01","37.00","AUD","1760202217","29218/2025-12-01/1760202217.json"
"892632","715987","2025-12-02","37.00","AUD","1760202217","29218/2025-12-02/1760202217.json"
"892632","715987","2025-12-04","37.00","AUD","1760202217","29218/2025-12-04/1760202217.json"
"892632","715987","2025-12-05","37.00","AUD","1760202217","29218/2025-12-05/1760202217.json"
"892632","715987","2025-12-06","37.00","AUD","1760202217","29218/2025-12-06/1760202217.json"
"892632","715987","2025-12-07","37.00","AUD","1760202217","29218/2025-12-07/1760202217.json"
"892632","715987","2025-12-08","37.00","AUD","1760202217","29218/2025-12-08/1760202217.json"
"892632","715987","2025-12-09","37.00","AUD","1760202217","29218/2025-12-09/1760202217.json"
"892632","715987","2025-12-10","37.00","AUD","1760202217","29218/2025-12-10/1760202217.json"
"892632","715987","2025-10-12","37.00","AUD","1760216223","29218/2025-10-12/1760216223.json"
"892632","715987","2025-10-13","37.00","AUD","1760216223","29218/2025-10-13/1760216223.json"
"892632","715987","2025-10-14","37.00","AUD","1760216223","29218/2025-10-14/1760216223.json"
"892632","715987","2025-10-15","37.00","AUD","1760216223","29218/2025-10-15/1760216223.json"
"892632","715987","2025-10-16","37.00","AUD","1760216223","29218/2025-10-16/1760216223.json"
"892632","715987","2025-10-17","37.00","AUD","1760216223","29218/2025-10-17/1760216223.json"
"892632","715987","2025-10-18","37.00","AUD","1760216223","29218/2025-10-18/1760216223.json"
"892632","715987","2025-10-19","37.00","AUD","1760216223","29218/2025-10-19/1760216223.json"
"892632","715987","2025-10-20","37.00","AUD","1760216223","29218/2025-10-20/1760216223.json"
"892632","715987","2025-10-21","37.00","AUD","1760216223","29218/2025-10-21/1760216223.json"
"892632","715987","2025-10-22","37.00","AUD","1760216223","29218/2025-10-22/1760216223.json"
"892632","715987","2025-10-23","37.00","AUD","1760216223","29218/2025-10-23/1760216223.json"
"892632","715987","2025-10-25","37.00","AUD","1760216223","29218/2025-10-25/1760216223.json"
"892632","715987","2025-10-24","37.00","AUD","1760216223","29218/2025-10-24/1760216223.json"
"892632","715987","2025-10-26","37.00","AUD","1760216223","29218/2025-10-26/1760216223.json"
"892632","715987","2025-10-27","37.00","AUD","1760216223","29218/2025-10-27/1760216223.json"
"892632","715987","2025-10-28","37.00","AUD","1760216223","29218/2025-10-28/1760216223.json"
"892632","715987","2025-10-29","37.00","AUD","1760216223","29218/2025-10-29/1760216223.json"
"892632","715987","2025-10-31","37.00","AUD","1760216223","29218/2025-10-31/1760216223.json"
"892632","715987","2025-10-30","37.00","AUD","1760216223","29218/2025-10-30/1760216223.json"
"892632","715987","2025-11-01","37.00","AUD","1760216223","29218/2025-11-01/1760216223.json"
"892632","715987","2025-11-02","37.00","AUD","1760216223","29218/2025-11-02/1760216223.json"
"892632","715987","2025-11-04","37.00","AUD","1760216223","29218/2025-11-04/1760216223.json"
"892632","715987","2025-11-03","37.00","AUD","1760216223","29218/2025-11-03/1760216223.json"
"892632","715987","2025-11-06","37.00","AUD","1760216223","29218/2025-11-06/1760216223.json"
"892632","715987","2025-11-05","37.00","AUD","1760216223","29218/2025-11-05/1760216223.json"
"892632","715987","2025-11-07","37.00","AUD","1760216223","29218/2025-11-07/1760216223.json"
"892632","715987","2025-11-08","37.00","AUD","1760216223","29218/2025-11-08/1760216223.json"
"892632","715987","2025-11-09","37.00","AUD","1760216223","29218/2025-11-09/1760216223.json"
"892632","715987","2025-11-10","37.00","AUD","1760216223","29218/2025-11-10/1760216223.json"
"892632","715987","2025-11-12","37.00","AUD","1760216223","29218/2025-11-12/1760216223.json"
"892632","715987","2025-11-11","37.00","AUD","1760216223","29218/2025-11-11/1760216223.json"
"892632","715987","2025-11-13","37.00","AUD","1760216223","29218/2025-11-13/1760216223.json"
"892632","715987","2025-11-14","37.00","AUD","1760216223","29218/2025-11-14/1760216223.json"
"892632","715987","2025-11-15","37.00","AUD","1760216223","29218/2025-11-15/1760216223.json"
"892632","715987","2025-11-17","37.00","AUD","1760216223","29218/2025-11-17/1760216223.json"
"892632","715987","2025-11-18","37.00","AUD","1760216223","29218/2025-11-18/1760216223.json"
"892632","715987","2025-11-16","37.00","AUD","1760216223","29218/2025-11-16/1760216223.json"
"892632","715987","2025-11-19","37.00","AUD","1760216223","29218/2025-11-19/1760216223.json"
"892632","715987","2025-11-21","37.00","AUD","1760216223","29218/2025-11-21/1760216223.json"
"892632","715987","2025-11-22","37.00","AUD","1760216223","29218/2025-11-22/1760216223.json"
"892632","715987","2025-11-20","37.00","AUD","1760216223","29218/2025-11-20/1760216223.json"
"892632","715987","2025-11-23","37.00","AUD","1760216223","29218/2025-11-23/1760216223.json"
"892632","715987","2025-11-24","37.00","AUD","1760216223","29218/2025-11-24/1760216223.json"
"892632","715987","2025-11-26","37.00","AUD","1760216223","29218/2025-11-26/1760216223.json"
"892632","715987","2025-11-25","37.00","AUD","1760216223","29218/2025-11-25/1760216223.json"
"892632","715987","2025-11-29","37.00","AUD","1760216223","29218/2025-11-29/1760216223.json"
"892632","715987","2025-11-30","37.00","AUD","1760216223","29218/2025-11-30/1760216223.json"
"892632","715987","2025-11-27","37.00","AUD","1760216223","29218/2025-11-27/1760216223.json"
"892632","715987","2025-11-28","37.00","AUD","1760216223","29218/2025-11-28/1760216223.json"
"892632","715987","2025-12-01","37.00","AUD","1760216223","29218/2025-12-01/1760216223.json"
"892632","715987","2025-12-02","37.00","AUD","1760216223","29218/2025-12-02/1760216223.json"
"892632","715987","2025-12-03","37.00","AUD","1760216223","29218/2025-12-03/1760216223.json"
"892632","715987","2025-12-04","37.00","AUD","1760216223","29218/2025-12-04/1760216223.json"
"892632","715987","2025-12-06","37.00","AUD","1760216223","29218/2025-12-06/1760216223.json"
"892632","715987","2025-12-08","37.00","AUD","1760216223","29218/2025-12-08/1760216223.json"
"892632","715987","2025-12-07","37.00","AUD","1760216223","29218/2025-12-07/1760216223.json"
"892632","715987","2025-12-05","37.00","AUD","1760216223","29218/2025-12-05/1760216223.json"
"892632","715987","2025-12-09","37.00","AUD","1760216223","29218/2025-12-09/1760216223.json"
"892632","715987","2025-12-10","37.00","AUD","1760216223","29218/2025-12-10/1760216223.json"
"892632","715987","2025-10-13","37.00","AUD","1760240239","29218/2025-10-13/1760240239.json"
"892632","715987","2025-10-14","37.00","AUD","1760240239","29218/2025-10-14/1760240239.json"
"892632","715987","2025-10-15","37.00","AUD","1760240239","29218/2025-10-15/1760240239.json"
"892632","715987","2025-10-19","37.00","AUD","1760240239","29218/2025-10-19/1760240239.json"
"892632","715987","2025-10-18","37.00","AUD","1760240239","29218/2025-10-18/1760240239.json"
"892632","715987","2025-10-17","37.00","AUD","1760240239","29218/2025-10-17/1760240239.json"
"892632","715987","2025-10-16","37.00","AUD","1760240239","29218/2025-10-16/1760240239.json"
"892632","715987","2025-10-23","37.00","AUD","1760240239","29218/2025-10-23/1760240239.json"
"892632","715987","2025-10-20","37.00","AUD","1760240239","29218/2025-10-20/1760240239.json"
"892632","715987","2025-10-21","37.00","AUD","1760240239","29218/2025-10-21/1760240239.json"
"892632","715987","2025-10-22","37.00","AUD","1760240239","29218/2025-10-22/1760240239.json"
"892632","715987","2025-10-24","37.00","AUD","1760240239","29218/2025-10-24/1760240239.json"
"892632","715987","2025-10-25","37.00","AUD","1760240239","29218/2025-10-25/1760240239.json"
"892632","715987","2025-10-27","37.00","AUD","1760240239","29218/2025-10-27/1760240239.json"
"892632","715987","2025-10-26","37.00","AUD","1760240239","29218/2025-10-26/1760240239.json"
"892632","715987","2025-10-28","37.00","AUD","1760240239","29218/2025-10-28/1760240239.json"
"892632","715987","2025-10-31","37.00","AUD","1760240239","29218/2025-10-31/1760240239.json"
"892632","715987","2025-10-29","37.00","AUD","1760240239","29218/2025-10-29/1760240239.json"
"892632","715987","2025-10-30","37.00","AUD","1760240239","29218/2025-10-30/1760240239.json"
"892632","715987","2025-11-01","37.00","AUD","1760240239","29218/2025-11-01/1760240239.json"
"892632","715987","2025-11-02","37.00","AUD","1760240239","29218/2025-11-02/1760240239.json"
"892632","715987","2025-11-03","37.00","AUD","1760240239","29218/2025-11-03/1760240239.json"
"892632","715987","2025-11-04","37.00","AUD","1760240239","29218/2025-11-04/1760240239.json"
"892632","715987","2025-11-05","37.00","AUD","1760240239","29218/2025-11-05/1760240239.json"
"892632","715987","2025-11-08","37.00","AUD","1760240239","29218/2025-11-08/1760240239.json"
"892632","715987","2025-11-06","37.00","AUD","1760240239","29218/2025-11-06/1760240239.json"
"892632","715987","2025-11-07","37.00","AUD","1760240239","29218/2025-11-07/1760240239.json"
"892632","715987","2025-11-09","37.00","AUD","1760240239","29218/2025-11-09/1760240239.json"
"892632","715987","2025-11-11","37.00","AUD","1760240239","29218/2025-11-11/1760240239.json"
"892632","715987","2025-11-10","37.00","AUD","1760240239","29218/2025-11-10/1760240239.json"
"892632","715987","2025-11-12","37.00","AUD","1760240239","29218/2025-11-12/1760240239.json"
"892632","715987","2025-11-13","37.00","AUD","1760240239","29218/2025-11-13/1760240239.json"
"892632","715987","2025-11-14","37.00","AUD","1760240239","29218/2025-11-14/1760240239.json"
"892632","715987","2025-11-16","37.00","AUD","1760240239","29218/2025-11-16/1760240239.json"
"892632","715987","2025-11-15","37.00","AUD","1760240239","29218/2025-11-15/1760240239.json"
"892632","715987","2025-11-17","37.00","AUD","1760240239","29218/2025-11-17/1760240239.json"
"892632","715987","2025-11-18","37.00","AUD","1760240239","29218/2025-11-18/1760240239.json"
"892632","715987","2025-11-19","37.00","AUD","1760240239","29218/2025-11-19/1760240239.json"
"892632","715987","2025-11-20","37.00","AUD","1760240239","29218/2025-11-20/1760240239.json"
"892632","715987","2025-11-21","37.00","AUD","1760240239","29218/2025-11-21/1760240239.json"
"892632","715987","2025-11-23","37.00","AUD","1760240239","29218/2025-11-23/1760240239.json"
"892632","715987","2025-11-22","37.00","AUD","1760240239","29218/2025-11-22/1760240239.json"
"892632","715987","2025-11-24","37.00","AUD","1760240239","29218/2025-11-24/1760240239.json"
"892632","715987","2025-11-25","37.00","AUD","1760240239","29218/2025-11-25/1760240239.json"
"892632","715987","2025-11-26","37.00","AUD","1760240239","29218/2025-11-26/1760240239.json"
"892632","715987","2025-11-28","37.00","AUD","1760240239","29218/2025-11-28/1760240239.json"
"892632","715987","2025-11-27","37.00","AUD","1760240239","29218/2025-11-27/1760240239.json"
"892632","715987","2025-11-29","37.00","AUD","1760240239","29218/2025-11-29/1760240239.json"
"892632","715987","2025-11-30","37.00","AUD","1760240239","29218/2025-11-30/1760240239.json"
"892632","715987","2025-12-02","37.00","AUD","1760240239","29218/2025-12-02/1760240239.json"
"892632","715987","2025-12-01","37.00","AUD","1760240239","29218/2025-12-01/1760240239.json"
"892632","715987","2025-12-04","37.00","AUD","1760240239","29218/2025-12-04/1760240239.json"
"892632","715987","2025-12-03","37.00","AUD","1760240239","29218/2025-12-03/1760240239.json"
"892632","715987","2025-12-05","37.00","AUD","1760240239","29218/2025-12-05/1760240239.json"
"892632","715987","2025-12-06","37.00","AUD","1760240239","29218/2025-12-06/1760240239.json"
"892632","715987","2025-12-07","37.00","AUD","1760240239","29218/2025-12-07/1760240239.json"
"892632","715987","2025-12-08","37.00","AUD","1760240239","29218/2025-12-08/1760240239.json"
"892632","715987","2025-12-09","37.00","AUD","1760240239","29218/2025-12-09/1760240239.json"
"892632","715987","2025-12-11","37.00","AUD","1760240239","29218/2025-12-11/1760240239.json"
"892632","715987","2025-12-10","37.00","AUD","1760240239","29218/2025-12-10/1760240239.json"
"892632","715987","2025-10-14","37.00","AUD","1760245284","29218/2025-10-14/1760245284.json"
"892632","715987","2025-10-15","37.00","AUD","1760245284","29218/2025-10-15/1760245284.json"
"892632","715987","2025-10-13","37.00","AUD","1760245284","29218/2025-10-13/1760245284.json"
"892632","715987","2025-10-16","37.00","AUD","1760245284","29218/2025-10-16/1760245284.json"
"892632","715987","2025-10-17","37.00","AUD","1760245284","29218/2025-10-17/1760245284.json"
"892632","715987","2025-10-18","37.00","AUD","1760245284","29218/2025-10-18/1760245284.json"
"892632","715987","2025-10-19","37.00","AUD","1760245284","29218/2025-10-19/1760245284.json"
"892632","715987","2025-10-20","37.00","AUD","1760245284","29218/2025-10-20/1760245284.json"
"892632","715987","2025-10-22","37.00","AUD","1760245284","29218/2025-10-22/1760245284.json"
"892632","715987","2025-10-21","37.00","AUD","1760245284","29218/2025-10-21/1760245284.json"
"892632","715987","2025-10-23","37.00","AUD","1760245284","29218/2025-10-23/1760245284.json"
"892632","715987","2025-10-25","37.00","AUD","1760245284","29218/2025-10-25/1760245284.json"
"892632","715987","2025-10-24","37.00","AUD","1760245284","29218/2025-10-24/1760245284.json"
"892632","715987","2025-10-26","37.00","AUD","1760245284","29218/2025-10-26/1760245284.json"
"892632","715987","2025-10-27","37.00","AUD","1760245284","29218/2025-10-27/1760245284.json"
"892632","715987","2025-10-28","37.00","AUD","1760245284","29218/2025-10-28/1760245284.json"
"892632","715987","2025-10-29","37.00","AUD","1760245284","29218/2025-10-29/1760245284.json"
"892632","715987","2025-10-30","37.00","AUD","1760245284","29218/2025-10-30/1760245284.json"
"892632","715987","2025-11-02","37.00","AUD","1760245284","29218/2025-11-02/1760245284.json"
"892632","715987","2025-11-01","37.00","AUD","1760245284","29218/2025-11-01/1760245284.json"
"892632","715987","2025-10-31","37.00","AUD","1760245284","29218/2025-10-31/1760245284.json"
"892632","715987","2025-11-03","37.00","AUD","1760245284","29218/2025-11-03/1760245284.json"
"892632","715987","2025-11-04","37.00","AUD","1760245284","29218/2025-11-04/1760245284.json"
"892632","715987","2025-11-06","37.00","AUD","1760245284","29218/2025-11-06/1760245284.json"
"892632","715987","2025-11-05","37.00","AUD","1760245284","29218/2025-11-05/1760245284.json"
"892632","715987","2025-11-07","37.00","AUD","1760245284","29218/2025-11-07/1760245284.json"
"892632","715987","2025-11-08","37.00","AUD","1760245284","29218/2025-11-08/1760245284.json"
"892632","715987","2025-11-10","37.00","AUD","1760245284","29218/2025-11-10/1760245284.json"
"892632","715987","2025-11-09","37.00","AUD","1760245284","29218/2025-11-09/1760245284.json"
"892632","715987","2025-11-11","37.00","AUD","1760245284","29218/2025-11-11/1760245284.json"
"892632","715987","2025-11-12","37.00","AUD","1760245284","29218/2025-11-12/1760245284.json"
"892632","715987","2025-11-13","37.00","AUD","1760245284","29218/2025-11-13/1760245284.json"
"892632","715987","2025-11-14","37.00","AUD","1760245284","29218/2025-11-14/1760245284.json"
"892632","715987","2025-11-15","37.00","AUD","1760245284","29218/2025-11-15/1760245284.json"
"892632","715987","2025-11-16","37.00","AUD","1760245284","29218/2025-11-16/1760245284.json"
"892632","715987","2025-11-17","37.00","AUD","1760245284","29218/2025-11-17/1760245284.json"
"892632","715987","2025-11-19","37.00","AUD","1760245284","29218/2025-11-19/1760245284.json"
"892632","715987","2025-11-18","37.00","AUD","1760245284","29218/2025-11-18/1760245284.json"
"892632","715987","2025-11-21","37.00","AUD","1760245284","29218/2025-11-21/1760245284.json"
"892632","715987","2025-11-23","37.00","AUD","1760245284","29218/2025-11-23/1760245284.json"
"892632","715987","2025-11-22","37.00","AUD","1760245284","29218/2025-11-22/1760245284.json"
"892632","715987","2025-11-20","37.00","AUD","1760245284","29218/2025-11-20/1760245284.json"
"892632","715987","2025-11-24","37.00","AUD","1760245284","29218/2025-11-24/1760245284.json"
"892632","715987","2025-11-25","37.00","AUD","1760245284","29218/2025-11-25/1760245284.json"
"892632","715987","2025-11-27","37.00","AUD","1760245284","29218/2025-11-27/1760245284.json"
"892632","715987","2025-11-28","37.00","AUD","1760245284","29218/2025-11-28/1760245284.json"
"892632","715987","2025-11-26","37.00","AUD","1760245284","29218/2025-11-26/1760245284.json"
"892632","715987","2025-11-29","37.00","AUD","1760245284","29218/2025-11-29/1760245284.json"
"892632","715987","2025-11-30","37.00","AUD","1760245284","29218/2025-11-30/1760245284.json"
"892632","715987","2025-12-02","37.00","AUD","1760245284","29218/2025-12-02/1760245284.json"
"892632","715987","2025-12-01","37.00","AUD","1760245284","29218/2025-12-01/1760245284.json"
"892632","715987","2025-12-03","37.00","AUD","1760245284","29218/2025-12-03/1760245284.json"
"892632","715987","2025-12-04","37.00","AUD","1760245284","29218/2025-12-04/1760245284.json"
"892632","715987","2025-12-06","37.00","AUD","1760245284","29218/2025-12-06/1760245284.json"
"892632","715987","2025-12-07","37.00","AUD","1760245284","29218/2025-12-07/1760245284.json"
"892632","715987","2025-12-08","37.00","AUD","1760245284","29218/2025-12-08/1760245284.json"
"892632","715987","2025-12-05","37.00","AUD","1760245284","29218/2025-12-05/1760245284.json"
"892632","715987","2025-12-09","37.00","AUD","1760245284","29218/2025-12-09/1760245284.json"
"892632","715987","2025-12-10","37.00","AUD","1760245284","29218/2025-12-10/1760245284.json"
"892632","715987","2025-12-11","37.00","AUD","1760245284","29218/2025-12-11/1760245284.json"
"892632","715987","2025-10-13","37.00","AUD","1760259982","29218/2025-10-13/1760259982.json"
"892632","715987","2025-10-15","37.00","AUD","1760259982","29218/2025-10-15/1760259982.json"
"892632","715987","2025-10-14","37.00","AUD","1760259982","29218/2025-10-14/1760259982.json"
"892632","715987","2025-10-16","37.00","AUD","1760259982","29218/2025-10-16/1760259982.json"
"892632","715987","2025-10-19","37.00","AUD","1760259982","29218/2025-10-19/1760259982.json"
"892632","715987","2025-10-17","37.00","AUD","1760259982","29218/2025-10-17/1760259982.json"
"892632","715987","2025-10-20","37.00","AUD","1760259982","29218/2025-10-20/1760259982.json"
"892632","715987","2025-10-22","37.00","AUD","1760259982","29218/2025-10-22/1760259982.json"
"892632","715987","2025-10-21","37.00","AUD","1760259982","29218/2025-10-21/1760259982.json"
"892632","715987","2025-10-18","37.00","AUD","1760259982","29218/2025-10-18/1760259982.json"
"892632","715987","2025-10-23","37.00","AUD","1760259982","29218/2025-10-23/1760259982.json"
"892632","715987","2025-10-24","37.00","AUD","1760259982","29218/2025-10-24/1760259982.json"
"892632","715987","2025-10-25","37.00","AUD","1760259982","29218/2025-10-25/1760259982.json"
"892632","715987","2025-10-26","37.00","AUD","1760259982","29218/2025-10-26/1760259982.json"
"892632","715987","2025-10-28","37.00","AUD","1760259982","29218/2025-10-28/1760259982.json"
"892632","715987","2025-10-27","37.00","AUD","1760259982","29218/2025-10-27/1760259982.json"
"892632","715987","2025-10-30","37.00","AUD","1760259982","29218/2025-10-30/1760259982.json"
"892632","715987","2025-10-31","37.00","AUD","1760259982","29218/2025-10-31/1760259982.json"
"892632","715987","2025-10-29","37.00","AUD","1760259982","29218/2025-10-29/1760259982.json"
"892632","715987","2025-11-01","37.00","AUD","1760259982","29218/2025-11-01/1760259982.json"
"892632","715987","2025-11-04","37.00","AUD","1760259982","29218/2025-11-04/1760259982.json"
"892632","715987","2025-11-03","37.00","AUD","1760259982","29218/2025-11-03/1760259982.json"
"892632","715987","2025-11-05","37.00","AUD","1760259982","29218/2025-11-05/1760259982.json"
"892632","715987","2025-11-02","37.00","AUD","1760259982","29218/2025-11-02/1760259982.json"
"892632","715987","2025-11-06","37.00","AUD","1760259982","29218/2025-11-06/1760259982.json"
"892632","715987","2025-11-07","37.00","AUD","1760259982","29218/2025-11-07/1760259982.json"
"892632","715987","2025-11-08","37.00","AUD","1760259982","29218/2025-11-08/1760259982.json"
"892632","715987","2025-11-09","37.00","AUD","1760259982","29218/2025-11-09/1760259982.json"
"892632","715987","2025-11-10","37.00","AUD","1760259982","29218/2025-11-10/1760259982.json"
"892632","715987","2025-11-11","37.00","AUD","1760259982","29218/2025-11-11/1760259982.json"
"892632","715987","2025-11-13","37.00","AUD","1760259982","29218/2025-11-13/1760259982.json"
"892632","715987","2025-11-12","37.00","AUD","1760259982","29218/2025-11-12/1760259982.json"
"892632","715987","2025-11-15","37.00","AUD","1760259982","29218/2025-11-15/1760259982.json"
"892632","715987","2025-11-14","37.00","AUD","1760259982","29218/2025-11-14/1760259982.json"
"892632","715987","2025-11-18","37.00","AUD","1760259982","29218/2025-11-18/1760259982.json"
"892632","715987","2025-11-17","37.00","AUD","1760259982","29218/2025-11-17/1760259982.json"
"892632","715987","2025-11-16","37.00","AUD","1760259982","29218/2025-11-16/1760259982.json"
"892632","715987","2025-11-19","37.00","AUD","1760259982","29218/2025-11-19/1760259982.json"
"892632","715987","2025-11-20","37.00","AUD","1760259982","29218/2025-11-20/1760259982.json"
"892632","715987","2025-11-21","37.00","AUD","1760259982","29218/2025-11-21/1760259982.json"
"892632","715987","2025-11-23","37.00","AUD","1760259982","29218/2025-11-23/1760259982.json"
"892632","715987","2025-11-22","37.00","AUD","1760259982","29218/2025-11-22/1760259982.json"
"892632","715987","2025-11-24","37.00","AUD","1760259982","29218/2025-11-24/1760259982.json"
"892632","715987","2025-11-25","37.00","AUD","1760259982","29218/2025-11-25/1760259982.json"
"892632","715987","2025-11-26","37.00","AUD","1760259982","29218/2025-11-26/1760259982.json"
"892632","715987","2025-11-27","37.00","AUD","1760259982","29218/2025-11-27/1760259982.json"
"892632","715987","2025-11-28","37.00","AUD","1760259982","29218/2025-11-28/1760259982.json"
"892632","715987","2025-12-01","37.00","AUD","1760259982","29218/2025-12-01/1760259982.json"
"892632","715987","2025-12-02","37.00","AUD","1760259982","29218/2025-12-02/1760259982.json"
"892632","715987","2025-12-03","37.00","AUD","1760259982","29218/2025-12-03/1760259982.json"
"892632","715987","2025-12-04","37.00","AUD","1760259982","29218/2025-12-04/1760259982.json"
"892632","715987","2025-12-05","37.00","AUD","1760259982","29218/2025-12-05/1760259982.json"
"892632","715987","2025-12-06","37.00","AUD","1760259982","29218/2025-12-06/1760259982.json"
"892632","715987","2025-12-08","37.00","AUD","1760259982","29218/2025-12-08/1760259982.json"
"892632","715987","2025-12-07","37.00","AUD","1760259982","29218/2025-12-07/1760259982.json"
"892632","715987","2025-12-09","37.00","AUD","1760259982","29218/2025-12-09/1760259982.json"
"892632","715987","2025-12-10","37.00","AUD","1760259982","29218/2025-12-10/1760259982.json"
"892632","715987","2025-12-11","37.00","AUD","1760259982","29218/2025-12-11/1760259982.json"
"892632","715987","2025-11-30","37.00","AUD","1760259982","29218/2025-11-30/1760259982.json"
"892632","715987","2025-11-29","37.00","AUD","1760259982","29218/2025-11-29/1760259982.json"
"892632","715987","2025-10-15","37.00","AUD","1760276011","29218/2025-10-15/1760276011.json"
"892632","715987","2025-10-13","37.00","AUD","1760276011","29218/2025-10-13/1760276011.json"
"892632","715987","2025-10-14","37.00","AUD","1760276011","29218/2025-10-14/1760276011.json"
"892632","715987","2025-10-17","37.00","AUD","1760276011","29218/2025-10-17/1760276011.json"
"892632","715987","2025-10-16","37.00","AUD","1760276011","29218/2025-10-16/1760276011.json"
"892632","715987","2025-10-18","37.00","AUD","1760276011","29218/2025-10-18/1760276011.json"
"892632","715987","2025-10-19","37.00","AUD","1760276011","29218/2025-10-19/1760276011.json"
"892632","715987","2025-10-20","37.00","AUD","1760276011","29218/2025-10-20/1760276011.json"
"892632","715987","2025-10-22","37.00","AUD","1760276011","29218/2025-10-22/1760276011.json"
"892632","715987","2025-10-24","37.00","AUD","1760276011","29218/2025-10-24/1760276011.json"
"892632","715987","2025-10-21","37.00","AUD","1760276011","29218/2025-10-21/1760276011.json"
"892632","715987","2025-10-25","37.00","AUD","1760276011","29218/2025-10-25/1760276011.json"
"892632","715987","2025-10-26","37.00","AUD","1760276011","29218/2025-10-26/1760276011.json"
"892632","715987","2025-10-23","37.00","AUD","1760276011","29218/2025-10-23/1760276011.json"
"892632","715987","2025-10-27","37.00","AUD","1760276011","29218/2025-10-27/1760276011.json"
"892632","715987","2025-10-28","37.00","AUD","1760276011","29218/2025-10-28/1760276011.json"
"892632","715987","2025-10-29","37.00","AUD","1760276011","29218/2025-10-29/1760276011.json"
"892632","715987","2025-10-30","37.00","AUD","1760276011","29218/2025-10-30/1760276011.json"
"892632","715987","2025-10-31","37.00","AUD","1760276011","29218/2025-10-31/1760276011.json"
"892632","715987","2025-11-01","37.00","AUD","1760276011","29218/2025-11-01/1760276011.json"
"892632","715987","2025-11-02","37.00","AUD","1760276011","29218/2025-11-02/1760276011.json"
"892632","715987","2025-11-03","37.00","AUD","1760276011","29218/2025-11-03/1760276011.json"
"892632","715987","2025-11-05","37.00","AUD","1760276011","29218/2025-11-05/1760276011.json"
"892632","715987","2025-11-04","37.00","AUD","1760276011","29218/2025-11-04/1760276011.json"
"892632","715987","2025-11-06","37.00","AUD","1760276011","29218/2025-11-06/1760276011.json"
"892632","715987","2025-11-07","37.00","AUD","1760276011","29218/2025-11-07/1760276011.json"
"892632","715987","2025-11-08","37.00","AUD","1760276011","29218/2025-11-08/1760276011.json"
"892632","715987","2025-11-09","37.00","AUD","1760276011","29218/2025-11-09/1760276011.json"
"892632","715987","2025-11-10","37.00","AUD","1760276011","29218/2025-11-10/1760276011.json"
"892632","715987","2025-11-11","37.00","AUD","1760276011","29218/2025-11-11/1760276011.json"
"892632","715987","2025-11-12","37.00","AUD","1760276011","29218/2025-11-12/1760276011.json"
"892632","715987","2025-11-13","37.00","AUD","1760276011","29218/2025-11-13/1760276011.json"
"892632","715987","2025-11-14","37.00","AUD","1760276011","29218/2025-11-14/1760276011.json"
"892632","715987","2025-11-15","37.00","AUD","1760276011","29218/2025-11-15/1760276011.json"
"892632","715987","2025-11-16","37.00","AUD","1760276011","29218/2025-11-16/1760276011.json"
"892632","715987","2025-11-17","37.00","AUD","1760276011","29218/2025-11-17/1760276011.json"
"892632","715987","2025-11-20","37.00","AUD","1760276011","29218/2025-11-20/1760276011.json"
"892632","715987","2025-11-19","37.00","AUD","1760276011","29218/2025-11-19/1760276011.json"
"892632","715987","2025-11-18","37.00","AUD","1760276011","29218/2025-11-18/1760276011.json"
"892632","715987","2025-11-21","37.00","AUD","1760276011","29218/2025-11-21/1760276011.json"
"892632","715987","2025-11-24","37.00","AUD","1760276011","29218/2025-11-24/1760276011.json"
"892632","715987","2025-11-22","37.00","AUD","1760276011","29218/2025-11-22/1760276011.json"
"892632","715987","2025-11-23","37.00","AUD","1760276011","29218/2025-11-23/1760276011.json"
"892632","715987","2025-11-26","37.00","AUD","1760276011","29218/2025-11-26/1760276011.json"
"892632","715987","2025-11-25","37.00","AUD","1760276011","29218/2025-11-25/1760276011.json"
"892632","715987","2025-11-29","37.00","AUD","1760276011","29218/2025-11-29/1760276011.json"
"892632","715987","2025-11-27","37.00","AUD","1760276011","29218/2025-11-27/1760276011.json"
"892632","715987","2025-11-30","37.00","AUD","1760276011","29218/2025-11-30/1760276011.json"
"892632","715987","2025-12-01","37.00","AUD","1760276011","29218/2025-12-01/1760276011.json"
"892632","715987","2025-12-02","37.00","AUD","1760276011","29218/2025-12-02/1760276011.json"
"892632","715987","2025-12-03","37.00","AUD","1760276011","29218/2025-12-03/1760276011.json"
"892632","715987","2025-12-04","37.00","AUD","1760276011","29218/2025-12-04/1760276011.json"
"892632","715987","2025-12-05","37.00","AUD","1760276011","29218/2025-12-05/1760276011.json"
"892632","715987","2025-12-06","37.00","AUD","1760276011","29218/2025-12-06/1760276011.json"
"892632","715987","2025-12-07","37.00","AUD","1760276011","29218/2025-12-07/1760276011.json"
"892632","715987","2025-12-08","37.00","AUD","1760276011","29218/2025-12-08/1760276011.json"
"892632","715987","2025-12-09","37.00","AUD","1760276011","29218/2025-12-09/1760276011.json"
"892632","715987","2025-12-10","37.00","AUD","1760276011","29218/2025-12-10/1760276011.json"
"892632","715987","2025-12-11","37.00","AUD","1760276011","29218/2025-12-11/1760276011.json"
"892632","715987","2025-11-28","37.00","AUD","1760276011","29218/2025-11-28/1760276011.json"
"892632","715987","2025-10-13","37.00","AUD","1760288945","29218/2025-10-13/1760288945.json"
"892632","715987","2025-10-15","37.00","AUD","1760288945","29218/2025-10-15/1760288945.json"
"892632","715987","2025-10-14","37.00","AUD","1760288945","29218/2025-10-14/1760288945.json"
"892632","715987","2025-10-16","37.00","AUD","1760288945","29218/2025-10-16/1760288945.json"
"892632","715987","2025-10-18","37.00","AUD","1760288945","29218/2025-10-18/1760288945.json"
"892632","715987","2025-10-17","37.00","AUD","1760288945","29218/2025-10-17/1760288945.json"
"892632","715987","2025-10-19","37.00","AUD","1760288945","29218/2025-10-19/1760288945.json"
"892632","715987","2025-10-20","37.00","AUD","1760288945","29218/2025-10-20/1760288945.json"
"892632","715987","2025-10-22","37.00","AUD","1760288945","29218/2025-10-22/1760288945.json"
"892632","715987","2025-10-21","37.00","AUD","1760288945","29218/2025-10-21/1760288945.json"
"892632","715987","2025-10-23","37.00","AUD","1760288945","29218/2025-10-23/1760288945.json"
"892632","715987","2025-10-24","37.00","AUD","1760288945","29218/2025-10-24/1760288945.json"
"892632","715987","2025-10-26","37.00","AUD","1760288945","29218/2025-10-26/1760288945.json"
"892632","715987","2025-10-25","37.00","AUD","1760288945","29218/2025-10-25/1760288945.json"
"892632","715987","2025-10-27","37.00","AUD","1760288945","29218/2025-10-27/1760288945.json"
"892632","715987","2025-10-30","37.00","AUD","1760288945","29218/2025-10-30/1760288945.json"
"892632","715987","2025-10-28","37.00","AUD","1760288945","29218/2025-10-28/1760288945.json"
"892632","715987","2025-10-31","37.00","AUD","1760288945","29218/2025-10-31/1760288945.json"
"892632","715987","2025-10-29","37.00","AUD","1760288945","29218/2025-10-29/1760288945.json"
"892632","715987","2025-11-01","37.00","AUD","1760288945","29218/2025-11-01/1760288945.json"
"892632","715987","2025-11-02","37.00","AUD","1760288945","29218/2025-11-02/1760288945.json"
"892632","715987","2025-11-03","37.00","AUD","1760288945","29218/2025-11-03/1760288945.json"
"892632","715987","2025-11-06","37.00","AUD","1760288945","29218/2025-11-06/1760288945.json"
"892632","715987","2025-11-04","37.00","AUD","1760288945","29218/2025-11-04/1760288945.json"
"892632","715987","2025-11-05","37.00","AUD","1760288945","29218/2025-11-05/1760288945.json"
"892632","715987","2025-11-07","37.00","AUD","1760288945","29218/2025-11-07/1760288945.json"
"892632","715987","2025-11-11","37.00","AUD","1760288945","29218/2025-11-11/1760288945.json"
"892632","715987","2025-11-10","37.00","AUD","1760288945","29218/2025-11-10/1760288945.json"
"892632","715987","2025-11-09","37.00","AUD","1760288945","29218/2025-11-09/1760288945.json"
"892632","715987","2025-11-08","37.00","AUD","1760288945","29218/2025-11-08/1760288945.json"
"892632","715987","2025-11-12","37.00","AUD","1760288945","29218/2025-11-12/1760288945.json"
"892632","715987","2025-11-14","37.00","AUD","1760288945","29218/2025-11-14/1760288945.json"
"892632","715987","2025-11-13","37.00","AUD","1760288945","29218/2025-11-13/1760288945.json"
"892632","715987","2025-11-15","37.00","AUD","1760288945","29218/2025-11-15/1760288945.json"
"892632","715987","2025-11-16","37.00","AUD","1760288945","29218/2025-11-16/1760288945.json"
"892632","715987","2025-11-17","37.00","AUD","1760288945","29218/2025-11-17/1760288945.json"
"892632","715987","2025-11-19","37.00","AUD","1760288945","29218/2025-11-19/1760288945.json"
"892632","715987","2025-11-18","37.00","AUD","1760288945","29218/2025-11-18/1760288945.json"
"892632","715987","2025-11-21","37.00","AUD","1760288945","29218/2025-11-21/1760288945.json"
"892632","715987","2025-11-20","37.00","AUD","1760288945","29218/2025-11-20/1760288945.json"
"892632","715987","2025-11-23","37.00","AUD","1760288945","29218/2025-11-23/1760288945.json"
"892632","715987","2025-11-22","37.00","AUD","1760288945","29218/2025-11-22/1760288945.json"
"892632","715987","2025-11-25","37.00","AUD","1760288945","29218/2025-11-25/1760288945.json"
"892632","715987","2025-11-24","37.00","AUD","1760288945","29218/2025-11-24/1760288945.json"
"892632","715987","2025-11-27","37.00","AUD","1760288945","29218/2025-11-27/1760288945.json"
"892632","715987","2025-11-26","37.00","AUD","1760288945","29218/2025-11-26/1760288945.json"
"892632","715987","2025-11-28","37.00","AUD","1760288945","29218/2025-11-28/1760288945.json"
"892632","715987","2025-11-30","37.00","AUD","1760288945","29218/2025-11-30/1760288945.json"
"892632","715987","2025-11-29","37.00","AUD","1760288945","29218/2025-11-29/1760288945.json"
"892632","715987","2025-12-01","37.00","AUD","1760288945","29218/2025-12-01/1760288945.json"
"892632","715987","2025-12-02","37.00","AUD","1760288945","29218/2025-12-02/1760288945.json"
"892632","715987","2025-12-03","37.00","AUD","1760288945","29218/2025-12-03/1760288945.json"
"892632","715987","2025-12-04","37.00","AUD","1760288945","29218/2025-12-04/1760288945.json"
"892632","715987","2025-12-05","37.00","AUD","1760288945","29218/2025-12-05/1760288945.json"
"892632","715987","2025-12-06","37.00","AUD","1760288945","29218/2025-12-06/1760288945.json"
"892632","715987","2025-12-07","37.00","AUD","1760288945","29218/2025-12-07/1760288945.json"
"892632","715987","2025-12-08","37.00","AUD","1760288945","29218/2025-12-08/1760288945.json"
"892632","715987","2025-12-09","37.00","AUD","1760288945","29218/2025-12-09/1760288945.json"
"892632","715987","2025-12-10","37.00","AUD","1760288945","29218/2025-12-10/1760288945.json"
"892632","715987","2025-12-11","37.00","AUD","1760288945","29218/2025-12-11/1760288945.json"
"892632","715987","2025-10-13","37.00","AUD","1760302707","29218/2025-10-13/1760302707.json"
"892632","715987","2025-10-14","37.00","AUD","1760302707","29218/2025-10-14/1760302707.json"
"892632","715987","2025-10-15","37.00","AUD","1760302707","29218/2025-10-15/1760302707.json"
"892632","715987","2025-10-19","37.00","AUD","1760302707","29218/2025-10-19/1760302707.json"
"892632","715987","2025-10-17","37.00","AUD","1760302707","29218/2025-10-17/1760302707.json"
"892632","715987","2025-10-18","37.00","AUD","1760302707","29218/2025-10-18/1760302707.json"
"892632","715987","2025-10-16","37.00","AUD","1760302707","29218/2025-10-16/1760302707.json"
"892632","715987","2025-10-20","37.00","AUD","1760302707","29218/2025-10-20/1760302707.json"
"892632","715987","2025-10-21","37.00","AUD","1760302707","29218/2025-10-21/1760302707.json"
"892632","715987","2025-10-22","37.00","AUD","1760302707","29218/2025-10-22/1760302707.json"
"892632","715987","2025-10-23","37.00","AUD","1760302707","29218/2025-10-23/1760302707.json"
"892632","715987","2025-10-27","37.00","AUD","1760302707","29218/2025-10-27/1760302707.json"
"892632","715987","2025-10-26","37.00","AUD","1760302707","29218/2025-10-26/1760302707.json"
"892632","715987","2025-10-25","37.00","AUD","1760302707","29218/2025-10-25/1760302707.json"
"892632","715987","2025-10-24","37.00","AUD","1760302707","29218/2025-10-24/1760302707.json"
"892632","715987","2025-10-28","37.00","AUD","1760302707","29218/2025-10-28/1760302707.json"
"892632","715987","2025-10-30","37.00","AUD","1760302707","29218/2025-10-30/1760302707.json"
"892632","715987","2025-10-31","37.00","AUD","1760302707","29218/2025-10-31/1760302707.json"
"892632","715987","2025-11-02","37.00","AUD","1760302707","29218/2025-11-02/1760302707.json"
"892632","715987","2025-11-03","37.00","AUD","1760302707","29218/2025-11-03/1760302707.json"
"892632","715987","2025-11-04","37.00","AUD","1760302707","29218/2025-11-04/1760302707.json"
"892632","715987","2025-11-06","37.00","AUD","1760302707","29218/2025-11-06/1760302707.json"
"892632","715987","2025-11-05","37.00","AUD","1760302707","29218/2025-11-05/1760302707.json"
"892632","715987","2025-11-08","37.00","AUD","1760302707","29218/2025-11-08/1760302707.json"
"892632","715987","2025-11-07","37.00","AUD","1760302707","29218/2025-11-07/1760302707.json"
"892632","715987","2025-10-29","37.00","AUD","1760302707","29218/2025-10-29/1760302707.json"
"892632","715987","2025-11-01","37.00","AUD","1760302707","29218/2025-11-01/1760302707.json"
"892632","715987","2025-11-09","37.00","AUD","1760302707","29218/2025-11-09/1760302707.json"
"892632","715987","2025-11-12","37.00","AUD","1760302707","29218/2025-11-12/1760302707.json"
"892632","715987","2025-11-11","37.00","AUD","1760302707","29218/2025-11-11/1760302707.json"
"892632","715987","2025-11-10","37.00","AUD","1760302707","29218/2025-11-10/1760302707.json"
"892632","715987","2025-11-14","37.00","AUD","1760302707","29218/2025-11-14/1760302707.json"
"892632","715987","2025-11-13","37.00","AUD","1760302707","29218/2025-11-13/1760302707.json"
"892632","715987","2025-11-15","37.00","AUD","1760302707","29218/2025-11-15/1760302707.json"
"892632","715987","2025-11-16","37.00","AUD","1760302707","29218/2025-11-16/1760302707.json"
"892632","715987","2025-11-17","37.00","AUD","1760302707","29218/2025-11-17/1760302707.json"
"892632","715987","2025-11-19","37.00","AUD","1760302707","29218/2025-11-19/1760302707.json"
"892632","715987","2025-11-20","37.00","AUD","1760302707","29218/2025-11-20/1760302707.json"
"892632","715987","2025-11-18","37.00","AUD","1760302707","29218/2025-11-18/1760302707.json"
"892632","715987","2025-11-21","37.00","AUD","1760302707","29218/2025-11-21/1760302707.json"
"892632","715987","2025-11-24","37.00","AUD","1760302707","29218/2025-11-24/1760302707.json"
"892632","715987","2025-11-23","37.00","AUD","1760302707","29218/2025-11-23/1760302707.json"
"892632","715987","2025-11-22","37.00","AUD","1760302707","29218/2025-11-22/1760302707.json"
"892632","715987","2025-11-25","37.00","AUD","1760302707","29218/2025-11-25/1760302707.json"
"892632","715987","2025-11-26","37.00","AUD","1760302707","29218/2025-11-26/1760302707.json"
"892632","715987","2025-11-28","37.00","AUD","1760302707","29218/2025-11-28/1760302707.json"
"892632","715987","2025-11-27","37.00","AUD","1760302707","29218/2025-11-27/1760302707.json"
"892632","715987","2025-11-29","37.00","AUD","1760302707","29218/2025-11-29/1760302707.json"
"892632","715987","2025-12-01","37.00","AUD","1760302707","29218/2025-12-01/1760302707.json"
"892632","715987","2025-11-30","37.00","AUD","1760302707","29218/2025-11-30/1760302707.json"
"892632","715987","2025-12-02","37.00","AUD","1760302707","29218/2025-12-02/1760302707.json"
"892632","715987","2025-12-03","37.00","AUD","1760302707","29218/2025-12-03/1760302707.json"
"892632","715987","2025-12-05","37.00","AUD","1760302707","29218/2025-12-05/1760302707.json"
"892632","715987","2025-12-04","37.00","AUD","1760302707","29218/2025-12-04/1760302707.json"
"892632","715987","2025-12-06","37.00","AUD","1760302707","29218/2025-12-06/1760302707.json"
"892632","715987","2025-12-07","37.00","AUD","1760302707","29218/2025-12-07/1760302707.json"
"892632","715987","2025-12-08","37.00","AUD","1760302707","29218/2025-12-08/1760302707.json"
"892632","715987","2025-12-09","37.00","AUD","1760302707","29218/2025-12-09/1760302707.json"
"892632","715987","2025-12-11","37.00","AUD","1760302707","29218/2025-12-11/1760302707.json"
"892632","715987","2025-12-10","37.00","AUD","1760302707","29218/2025-12-10/1760302707.json"
"892632","715987","2025-10-16","37.00","AUD","1760327798","29218/2025-10-16/1760327798.json"
"892632","715987","2025-10-15","37.00","AUD","1760327798","29218/2025-10-15/1760327798.json"
"892632","715987","2025-10-14","37.00","AUD","1760327798","29218/2025-10-14/1760327798.json"
"892632","715987","2025-10-19","37.00","AUD","1760327798","29218/2025-10-19/1760327798.json"
"892632","715987","2025-10-18","37.00","AUD","1760327798","29218/2025-10-18/1760327798.json"
"892632","715987","2025-10-17","37.00","AUD","1760327798","29218/2025-10-17/1760327798.json"
"892632","715987","2025-10-20","37.00","AUD","1760327798","29218/2025-10-20/1760327798.json"
"892632","715987","2025-10-22","37.00","AUD","1760327798","29218/2025-10-22/1760327798.json"
"892632","715987","2025-10-23","37.00","AUD","1760327798","29218/2025-10-23/1760327798.json"
"892632","715987","2025-10-24","37.00","AUD","1760327798","29218/2025-10-24/1760327798.json"
"892632","715987","2025-10-21","37.00","AUD","1760327798","29218/2025-10-21/1760327798.json"
"892632","715987","2025-10-25","37.00","AUD","1760327798","29218/2025-10-25/1760327798.json"
"892632","715987","2025-10-26","37.00","AUD","1760327798","29218/2025-10-26/1760327798.json"
"892632","715987","2025-10-27","37.00","AUD","1760327798","29218/2025-10-27/1760327798.json"
"892632","715987","2025-10-28","37.00","AUD","1760327798","29218/2025-10-28/1760327798.json"
"892632","715987","2025-10-29","37.00","AUD","1760327798","29218/2025-10-29/1760327798.json"
"892632","715987","2025-10-30","37.00","AUD","1760327798","29218/2025-10-30/1760327798.json"
"892632","715987","2025-10-31","37.00","AUD","1760327798","29218/2025-10-31/1760327798.json"
"892632","715987","2025-11-01","37.00","AUD","1760327798","29218/2025-11-01/1760327798.json"
"892632","715987","2025-11-02","37.00","AUD","1760327798","29218/2025-11-02/1760327798.json"
"892632","715987","2025-11-04","37.00","AUD","1760327798","29218/2025-11-04/1760327798.json"
"892632","715987","2025-11-05","37.00","AUD","1760327798","29218/2025-11-05/1760327798.json"
"892632","715987","2025-11-03","37.00","AUD","1760327798","29218/2025-11-03/1760327798.json"
"892632","715987","2025-11-06","37.00","AUD","1760327798","29218/2025-11-06/1760327798.json"
"892632","715987","2025-11-07","37.00","AUD","1760327798","29218/2025-11-07/1760327798.json"
"892632","715987","2025-11-08","37.00","AUD","1760327798","29218/2025-11-08/1760327798.json"
"892632","715987","2025-11-09","37.00","AUD","1760327798","29218/2025-11-09/1760327798.json"
"892632","715987","2025-11-10","37.00","AUD","1760327798","29218/2025-11-10/1760327798.json"
"892632","715987","2025-11-11","37.00","AUD","1760327798","29218/2025-11-11/1760327798.json"
"892632","715987","2025-11-13","37.00","AUD","1760327798","29218/2025-11-13/1760327798.json"
"892632","715987","2025-11-12","37.00","AUD","1760327798","29218/2025-11-12/1760327798.json"
"892632","715987","2025-11-14","37.00","AUD","1760327798","29218/2025-11-14/1760327798.json"
"892632","715987","2025-11-15","37.00","AUD","1760327798","29218/2025-11-15/1760327798.json"
"892632","715987","2025-11-17","37.00","AUD","1760327798","29218/2025-11-17/1760327798.json"
"892632","715987","2025-11-16","37.00","AUD","1760327798","29218/2025-11-16/1760327798.json"
"892632","715987","2025-11-20","37.00","AUD","1760327798","29218/2025-11-20/1760327798.json"
"892632","715987","2025-11-19","37.00","AUD","1760327798","29218/2025-11-19/1760327798.json"
"892632","715987","2025-11-23","37.00","AUD","1760327798","29218/2025-11-23/1760327798.json"
"892632","715987","2025-11-22","37.00","AUD","1760327798","29218/2025-11-22/1760327798.json"
"892632","715987","2025-11-18","37.00","AUD","1760327798","29218/2025-11-18/1760327798.json"
"892632","715987","2025-11-21","37.00","AUD","1760327798","29218/2025-11-21/1760327798.json"
"892632","715987","2025-11-24","37.00","AUD","1760327798","29218/2025-11-24/1760327798.json"
"892632","715987","2025-11-25","37.00","AUD","1760327798","29218/2025-11-25/1760327798.json"
"892632","715987","2025-11-26","37.00","AUD","1760327798","29218/2025-11-26/1760327798.json"
"892632","715987","2025-11-27","37.00","AUD","1760327798","29218/2025-11-27/1760327798.json"
"892632","715987","2025-11-28","37.00","AUD","1760327798","29218/2025-11-28/1760327798.json"
"892632","715987","2025-11-29","37.00","AUD","1760327798","29218/2025-11-29/1760327798.json"
"892632","715987","2025-12-01","37.00","AUD","1760327798","29218/2025-12-01/1760327798.json"
"892632","715987","2025-11-30","37.00","AUD","1760327798","29218/2025-11-30/1760327798.json"
"892632","715987","2025-12-02","37.00","AUD","1760327798","29218/2025-12-02/1760327798.json"
"892632","715987","2025-12-03","37.00","AUD","1760327798","29218/2025-12-03/1760327798.json"
"892632","715987","2025-12-04","37.00","AUD","1760327798","29218/2025-12-04/1760327798.json"
"892632","715987","2025-12-05","37.00","AUD","1760327798","29218/2025-12-05/1760327798.json"
"892632","715987","2025-12-06","37.00","AUD","1760327798","29218/2025-12-06/1760327798.json"
"892632","715987","2025-12-07","37.00","AUD","1760327798","29218/2025-12-07/1760327798.json"
"892632","715987","2025-12-08","37.00","AUD","1760327798","29218/2025-12-08/1760327798.json"
"892632","715987","2025-12-09","37.00","AUD","1760327798","29218/2025-12-09/1760327798.json"
"892632","715987","2025-12-10","37.00","AUD","1760327798","29218/2025-12-10/1760327798.json"
"892632","715987","2025-12-11","37.00","AUD","1760327798","29218/2025-12-11/1760327798.json"
"892632","715987","2025-12-12","37.00","AUD","1760327798","29218/2025-12-12/1760327798.json"
"892632","715987","2025-10-16","37.00","AUD","1760332050","29218/2025-10-16/1760332050.json"
"892632","715987","2025-10-14","37.00","AUD","1760332050","29218/2025-10-14/1760332050.json"
"892632","715987","2025-10-15","37.00","AUD","1760332050","29218/2025-10-15/1760332050.json"
"892632","715987","2025-10-17","37.00","AUD","1760332050","29218/2025-10-17/1760332050.json"
"892632","715987","2025-10-20","37.00","AUD","1760332050","29218/2025-10-20/1760332050.json"
"892632","715987","2025-10-18","37.00","AUD","1760332050","29218/2025-10-18/1760332050.json"
"892632","715987","2025-10-19","37.00","AUD","1760332050","29218/2025-10-19/1760332050.json"
"892632","715987","2025-10-22","37.00","AUD","1760332050","29218/2025-10-22/1760332050.json"
"892632","715987","2025-10-21","37.00","AUD","1760332050","29218/2025-10-21/1760332050.json"
"892632","715987","2025-10-23","37.00","AUD","1760332050","29218/2025-10-23/1760332050.json"
"892632","715987","2025-10-26","37.00","AUD","1760332050","29218/2025-10-26/1760332050.json"
"892632","715987","2025-10-24","37.00","AUD","1760332050","29218/2025-10-24/1760332050.json"
"892632","715987","2025-10-25","37.00","AUD","1760332050","29218/2025-10-25/1760332050.json"
"892632","715987","2025-10-27","37.00","AUD","1760332050","29218/2025-10-27/1760332050.json"
"892632","715987","2025-10-31","37.00","AUD","1760332050","29218/2025-10-31/1760332050.json"
"892632","715987","2025-10-29","37.00","AUD","1760332050","29218/2025-10-29/1760332050.json"
"892632","715987","2025-10-30","37.00","AUD","1760332050","29218/2025-10-30/1760332050.json"
"892632","715987","2025-10-28","37.00","AUD","1760332050","29218/2025-10-28/1760332050.json"
"892632","715987","2025-11-02","37.00","AUD","1760332050","29218/2025-11-02/1760332050.json"
"892632","715987","2025-11-04","37.00","AUD","1760332050","29218/2025-11-04/1760332050.json"
"892632","715987","2025-11-01","37.00","AUD","1760332050","29218/2025-11-01/1760332050.json"
"892632","715987","2025-11-03","37.00","AUD","1760332050","29218/2025-11-03/1760332050.json"
"892632","715987","2025-11-05","37.00","AUD","1760332050","29218/2025-11-05/1760332050.json"
"892632","715987","2025-11-06","37.00","AUD","1760332050","29218/2025-11-06/1760332050.json"
"892632","715987","2025-11-07","37.00","AUD","1760332050","29218/2025-11-07/1760332050.json"
"892632","715987","2025-11-08","37.00","AUD","1760332050","29218/2025-11-08/1760332050.json"
"892632","715987","2025-11-11","37.00","AUD","1760332050","29218/2025-11-11/1760332050.json"
"892632","715987","2025-11-12","37.00","AUD","1760332050","29218/2025-11-12/1760332050.json"
"892632","715987","2025-11-10","37.00","AUD","1760332050","29218/2025-11-10/1760332050.json"
"892632","715987","2025-11-09","37.00","AUD","1760332050","29218/2025-11-09/1760332050.json"
"892632","715987","2025-11-16","37.00","AUD","1760332050","29218/2025-11-16/1760332050.json"
"892632","715987","2025-11-13","37.00","AUD","1760332050","29218/2025-11-13/1760332050.json"
"892632","715987","2025-11-15","37.00","AUD","1760332050","29218/2025-11-15/1760332050.json"
"892632","715987","2025-11-14","37.00","AUD","1760332050","29218/2025-11-14/1760332050.json"
"892632","715987","2025-11-17","37.00","AUD","1760332050","29218/2025-11-17/1760332050.json"
"892632","715987","2025-11-18","37.00","AUD","1760332050","29218/2025-11-18/1760332050.json"
"892632","715987","2025-11-19","37.00","AUD","1760332050","29218/2025-11-19/1760332050.json"
"892632","715987","2025-11-20","37.00","AUD","1760332050","29218/2025-11-20/1760332050.json"
"892632","715987","2025-11-21","37.00","AUD","1760332050","29218/2025-11-21/1760332050.json"
"892632","715987","2025-11-22","37.00","AUD","1760332050","29218/2025-11-22/1760332050.json"
"892632","715987","2025-11-24","37.00","AUD","1760332050","29218/2025-11-24/1760332050.json"
"892632","715987","2025-11-23","37.00","AUD","1760332050","29218/2025-11-23/1760332050.json"
"892632","715987","2025-11-25","37.00","AUD","1760332050","29218/2025-11-25/1760332050.json"
"892632","715987","2025-11-26","37.00","AUD","1760332050","29218/2025-11-26/1760332050.json"
"892632","715987","2025-11-27","37.00","AUD","1760332050","29218/2025-11-27/1760332050.json"
"892632","715987","2025-11-28","37.00","AUD","1760332050","29218/2025-11-28/1760332050.json"
"892632","715987","2025-11-29","37.00","AUD","1760332050","29218/2025-11-29/1760332050.json"
"892632","715987","2025-11-30","37.00","AUD","1760332050","29218/2025-11-30/1760332050.json"
"892632","715987","2025-12-01","37.00","AUD","1760332050","29218/2025-12-01/1760332050.json"
"892632","715987","2025-12-02","37.00","AUD","1760332050","29218/2025-12-02/1760332050.json"
"892632","715987","2025-12-03","37.00","AUD","1760332050","29218/2025-12-03/1760332050.json"
"892632","715987","2025-12-04","37.00","AUD","1760332050","29218/2025-12-04/1760332050.json"
"892632","715987","2025-12-05","37.00","AUD","1760332050","29218/2025-12-05/1760332050.json"
"892632","715987","2025-12-06","37.00","AUD","1760332050","29218/2025-12-06/1760332050.json"
"892632","715987","2025-12-07","37.00","AUD","1760332050","29218/2025-12-07/1760332050.json"
"892632","715987","2025-12-08","37.00","AUD","1760332050","29218/2025-12-08/1760332050.json"
"892632","715987","2025-12-09","37.00","AUD","1760332050","29218/2025-12-09/1760332050.json"
"892632","715987","2025-12-10","37.00","AUD","1760332050","29218/2025-12-10/1760332050.json"
"892632","715987","2025-12-12","37.00","AUD","1760332050","29218/2025-12-12/1760332050.json"
"892632","715987","2025-12-11","37.00","AUD","1760332050","29218/2025-12-11/1760332050.json"
"892632","715987","2025-10-15","37.00","AUD","1760347188","29218/2025-10-15/1760347188.json"
"892632","715987","2025-10-16","37.00","AUD","1760347188","29218/2025-10-16/1760347188.json"
"892632","715987","2025-10-14","37.00","AUD","1760347188","29218/2025-10-14/1760347188.json"
"892632","715987","2025-10-17","37.00","AUD","1760347188","29218/2025-10-17/1760347188.json"
"892632","715987","2025-10-18","37.00","AUD","1760347188","29218/2025-10-18/1760347188.json"
"892632","715987","2025-10-19","37.00","AUD","1760347188","29218/2025-10-19/1760347188.json"
"892632","715987","2025-10-20","37.00","AUD","1760347188","29218/2025-10-20/1760347188.json"
"892632","715987","2025-10-23","37.00","AUD","1760347188","29218/2025-10-23/1760347188.json"
"892632","715987","2025-10-22","37.00","AUD","1760347188","29218/2025-10-22/1760347188.json"
"892632","715987","2025-10-21","37.00","AUD","1760347188","29218/2025-10-21/1760347188.json"
"892632","715987","2025-10-24","37.00","AUD","1760347188","29218/2025-10-24/1760347188.json"
"892632","715987","2025-10-25","37.00","AUD","1760347188","29218/2025-10-25/1760347188.json"
"892632","715987","2025-10-26","37.00","AUD","1760347188","29218/2025-10-26/1760347188.json"
"892632","715987","2025-10-27","37.00","AUD","1760347188","29218/2025-10-27/1760347188.json"
"892632","715987","2025-10-28","37.00","AUD","1760347188","29218/2025-10-28/1760347188.json"
"892632","715987","2025-10-29","37.00","AUD","1760347188","29218/2025-10-29/1760347188.json"
"892632","715987","2025-10-30","37.00","AUD","1760347188","29218/2025-10-30/1760347188.json"
"892632","715987","2025-10-31","37.00","AUD","1760347188","29218/2025-10-31/1760347188.json"
"892632","715987","2025-11-02","37.00","AUD","1760347188","29218/2025-11-02/1760347188.json"
"892632","715987","2025-11-04","37.00","AUD","1760347188","29218/2025-11-04/1760347188.json"
"892632","715987","2025-11-01","37.00","AUD","1760347188","29218/2025-11-01/1760347188.json"
"892632","715987","2025-11-03","37.00","AUD","1760347188","29218/2025-11-03/1760347188.json"
"892632","715987","2025-11-05","37.00","AUD","1760347188","29218/2025-11-05/1760347188.json"
"892632","715987","2025-11-06","37.00","AUD","1760347188","29218/2025-11-06/1760347188.json"
"892632","715987","2025-11-07","37.00","AUD","1760347188","29218/2025-11-07/1760347188.json"
"892632","715987","2025-11-08","37.00","AUD","1760347188","29218/2025-11-08/1760347188.json"
"892632","715987","2025-11-10","37.00","AUD","1760347188","29218/2025-11-10/1760347188.json"
"892632","715987","2025-11-09","37.00","AUD","1760347188","29218/2025-11-09/1760347188.json"
"892632","715987","2025-11-11","37.00","AUD","1760347188","29218/2025-11-11/1760347188.json"
"892632","715987","2025-11-12","37.00","AUD","1760347188","29218/2025-11-12/1760347188.json"
"892632","715987","2025-11-13","37.00","AUD","1760347188","29218/2025-11-13/1760347188.json"
"892632","715987","2025-11-15","37.00","AUD","1760347188","29218/2025-11-15/1760347188.json"
"892632","715987","2025-11-16","37.00","AUD","1760347188","29218/2025-11-16/1760347188.json"
"892632","715987","2025-11-14","37.00","AUD","1760347188","29218/2025-11-14/1760347188.json"
"892632","715987","2025-11-18","37.00","AUD","1760347188","29218/2025-11-18/1760347188.json"
"892632","715987","2025-11-19","37.00","AUD","1760347188","29218/2025-11-19/1760347188.json"
"892632","715987","2025-11-17","37.00","AUD","1760347188","29218/2025-11-17/1760347188.json"
"892632","715987","2025-11-20","37.00","AUD","1760347188","29218/2025-11-20/1760347188.json"
"892632","715987","2025-11-21","37.00","AUD","1760347188","29218/2025-11-21/1760347188.json"
"892632","715987","2025-11-23","37.00","AUD","1760347188","29218/2025-11-23/1760347188.json"
"892632","715987","2025-11-22","37.00","AUD","1760347188","29218/2025-11-22/1760347188.json"
"892632","715987","2025-11-24","37.00","AUD","1760347188","29218/2025-11-24/1760347188.json"
"892632","715987","2025-11-26","37.00","AUD","1760347188","29218/2025-11-26/1760347188.json"
"892632","715987","2025-11-27","37.00","AUD","1760347188","29218/2025-11-27/1760347188.json"
"892632","715987","2025-11-25","37.00","AUD","1760347188","29218/2025-11-25/1760347188.json"
"892632","715987","2025-11-28","37.00","AUD","1760347188","29218/2025-11-28/1760347188.json"
"892632","715987","2025-11-30","37.00","AUD","1760347188","29218/2025-11-30/1760347188.json"
"892632","715987","2025-11-29","37.00","AUD","1760347188","29218/2025-11-29/1760347188.json"
"892632","715987","2025-12-01","37.00","AUD","1760347188","29218/2025-12-01/1760347188.json"
"892632","715987","2025-12-02","37.00","AUD","1760347188","29218/2025-12-02/1760347188.json"
"892632","715987","2025-12-04","37.00","AUD","1760347188","29218/2025-12-04/1760347188.json"
"892632","715987","2025-12-03","37.00","AUD","1760347188","29218/2025-12-03/1760347188.json"
"892632","715987","2025-12-06","37.00","AUD","1760347188","29218/2025-12-06/1760347188.json"
"892632","715987","2025-12-05","37.00","AUD","1760347188","29218/2025-12-05/1760347188.json"
"892632","715987","2025-12-07","37.00","AUD","1760347188","29218/2025-12-07/1760347188.json"
"892632","715987","2025-12-10","37.00","AUD","1760347188","29218/2025-12-10/1760347188.json"
"892632","715987","2025-12-09","37.00","AUD","1760347188","29218/2025-12-09/1760347188.json"
"892632","715987","2025-12-08","37.00","AUD","1760347188","29218/2025-12-08/1760347188.json"
"892632","715987","2025-12-12","37.00","AUD","1760347188","29218/2025-12-12/1760347188.json"
"892632","715987","2025-12-11","37.00","AUD","1760347188","29218/2025-12-11/1760347188.json"
"892632","715987","2025-10-15","37.00","AUD","1760364493","29218/2025-10-15/1760364493.json"
"892632","715987","2025-10-14","37.00","AUD","1760364493","29218/2025-10-14/1760364493.json"
"892632","715987","2025-10-16","37.00","AUD","1760364493","29218/2025-10-16/1760364493.json"
"892632","715987","2025-10-17","37.00","AUD","1760364493","29218/2025-10-17/1760364493.json"
"892632","715987","2025-10-18","37.00","AUD","1760364493","29218/2025-10-18/1760364493.json"
"892632","715987","2025-10-19","37.00","AUD","1760364493","29218/2025-10-19/1760364493.json"
"892632","715987","2025-10-20","37.00","AUD","1760364493","29218/2025-10-20/1760364493.json"
"892632","715987","2025-10-21","37.00","AUD","1760364493","29218/2025-10-21/1760364493.json"
"892632","715987","2025-10-22","37.00","AUD","1760364493","29218/2025-10-22/1760364493.json"
"892632","715987","2025-10-23","37.00","AUD","1760364493","29218/2025-10-23/1760364493.json"
"892632","715987","2025-10-24","37.00","AUD","1760364493","29218/2025-10-24/1760364493.json"
"892632","715987","2025-10-25","37.00","AUD","1760364493","29218/2025-10-25/1760364493.json"
"892632","715987","2025-10-26","37.00","AUD","1760364493","29218/2025-10-26/1760364493.json"
"892632","715987","2025-10-28","37.00","AUD","1760364493","29218/2025-10-28/1760364493.json"
"892632","715987","2025-10-27","37.00","AUD","1760364493","29218/2025-10-27/1760364493.json"
"892632","715987","2025-10-29","37.00","AUD","1760364493","29218/2025-10-29/1760364493.json"
"892632","715987","2025-10-31","37.00","AUD","1760364493","29218/2025-10-31/1760364493.json"
"892632","715987","2025-10-30","37.00","AUD","1760364493","29218/2025-10-30/1760364493.json"
"892632","715987","2025-11-01","37.00","AUD","1760364493","29218/2025-11-01/1760364493.json"
"892632","715987","2025-11-02","37.00","AUD","1760364493","29218/2025-11-02/1760364493.json"
"892632","715987","2025-11-03","37.00","AUD","1760364493","29218/2025-11-03/1760364493.json"
"892632","715987","2025-11-04","37.00","AUD","1760364493","29218/2025-11-04/1760364493.json"
"892632","715987","2025-11-05","37.00","AUD","1760364493","29218/2025-11-05/1760364493.json"
"892632","715987","2025-11-06","37.00","AUD","1760364493","29218/2025-11-06/1760364493.json"
"892632","715987","2025-11-08","37.00","AUD","1760364493","29218/2025-11-08/1760364493.json"
"892632","715987","2025-11-07","37.00","AUD","1760364493","29218/2025-11-07/1760364493.json"
"892632","715987","2025-11-10","37.00","AUD","1760364493","29218/2025-11-10/1760364493.json"
"892632","715987","2025-11-09","37.00","AUD","1760364493","29218/2025-11-09/1760364493.json"
"892632","715987","2025-11-12","37.00","AUD","1760364493","29218/2025-11-12/1760364493.json"
"892632","715987","2025-11-11","37.00","AUD","1760364493","29218/2025-11-11/1760364493.json"
"892632","715987","2025-11-13","37.00","AUD","1760364493","29218/2025-11-13/1760364493.json"
"892632","715987","2025-11-14","37.00","AUD","1760364493","29218/2025-11-14/1760364493.json"
"892632","715987","2025-11-16","37.00","AUD","1760364493","29218/2025-11-16/1760364493.json"
"892632","715987","2025-11-15","37.00","AUD","1760364493","29218/2025-11-15/1760364493.json"
"892632","715987","2025-11-17","37.00","AUD","1760364493","29218/2025-11-17/1760364493.json"
"892632","715987","2025-11-18","37.00","AUD","1760364493","29218/2025-11-18/1760364493.json"
"892632","715987","2025-11-19","37.00","AUD","1760364493","29218/2025-11-19/1760364493.json"
"892632","715987","2025-11-20","37.00","AUD","1760364493","29218/2025-11-20/1760364493.json"
"892632","715987","2025-11-22","37.00","AUD","1760364493","29218/2025-11-22/1760364493.json"
"892632","715987","2025-11-21","37.00","AUD","1760364493","29218/2025-11-21/1760364493.json"
"892632","715987","2025-11-24","37.00","AUD","1760364493","29218/2025-11-24/1760364493.json"
"892632","715987","2025-11-23","37.00","AUD","1760364493","29218/2025-11-23/1760364493.json"
"892632","715987","2025-11-25","37.00","AUD","1760364493","29218/2025-11-25/1760364493.json"
"892632","715987","2025-11-26","37.00","AUD","1760364493","29218/2025-11-26/1760364493.json"
"892632","715987","2025-11-27","37.00","AUD","1760364493","29218/2025-11-27/1760364493.json"
"892632","715987","2025-11-28","37.00","AUD","1760364493","29218/2025-11-28/1760364493.json"
"892632","715987","2025-11-30","37.00","AUD","1760364493","29218/2025-11-30/1760364493.json"
"892632","715987","2025-11-29","37.00","AUD","1760364493","29218/2025-11-29/1760364493.json"
"892632","715987","2025-12-01","37.00","AUD","1760364493","29218/2025-12-01/1760364493.json"
"892632","715987","2025-12-02","37.00","AUD","1760364493","29218/2025-12-02/1760364493.json"
"892632","715987","2025-12-03","37.00","AUD","1760364493","29218/2025-12-03/1760364493.json"
"892632","715987","2025-12-04","37.00","AUD","1760364493","29218/2025-12-04/1760364493.json"
"892632","715987","2025-12-05","37.00","AUD","1760364493","29218/2025-12-05/1760364493.json"
"892632","715987","2025-12-07","37.00","AUD","1760364493","29218/2025-12-07/1760364493.json"
"892632","715987","2025-12-06","37.00","AUD","1760364493","29218/2025-12-06/1760364493.json"
"892632","715987","2025-12-08","37.00","AUD","1760364493","29218/2025-12-08/1760364493.json"
"892632","715987","2025-12-09","37.00","AUD","1760364493","29218/2025-12-09/1760364493.json"
"892632","715987","2025-12-11","37.00","AUD","1760364493","29218/2025-12-11/1760364493.json"
"892632","715987","2025-12-10","37.00","AUD","1760364493","29218/2025-12-10/1760364493.json"
"892632","715987","2025-12-12","37.00","AUD","1760364493","29218/2025-12-12/1760364493.json"
"892632","715987","2025-10-16","37.00","AUD","1760375783","29218/2025-10-16/1760375783.json"
"892632","715987","2025-10-14","37.00","AUD","1760375783","29218/2025-10-14/1760375783.json"
"892632","715987","2025-10-17","37.00","AUD","1760375783","29218/2025-10-17/1760375783.json"
"892632","715987","2025-10-15","37.00","AUD","1760375783","29218/2025-10-15/1760375783.json"
"892632","715987","2025-10-19","37.00","AUD","1760375783","29218/2025-10-19/1760375783.json"
"892632","715987","2025-10-18","37.00","AUD","1760375783","29218/2025-10-18/1760375783.json"
"892632","715987","2025-10-20","37.00","AUD","1760375783","29218/2025-10-20/1760375783.json"
"892632","715987","2025-10-21","37.00","AUD","1760375783","29218/2025-10-21/1760375783.json"
"892632","715987","2025-10-23","37.00","AUD","1760375783","29218/2025-10-23/1760375783.json"
"892632","715987","2025-10-22","37.00","AUD","1760375783","29218/2025-10-22/1760375783.json"
"892632","715987","2025-10-24","37.00","AUD","1760375783","29218/2025-10-24/1760375783.json"
"892632","715987","2025-10-25","37.00","AUD","1760375783","29218/2025-10-25/1760375783.json"
"892632","715987","2025-10-27","37.00","AUD","1760375783","29218/2025-10-27/1760375783.json"
"892632","715987","2025-10-26","37.00","AUD","1760375783","29218/2025-10-26/1760375783.json"
"892632","715987","2025-10-28","37.00","AUD","1760375783","29218/2025-10-28/1760375783.json"
"892632","715987","2025-10-29","37.00","AUD","1760375783","29218/2025-10-29/1760375783.json"
"892632","715987","2025-10-31","37.00","AUD","1760375783","29218/2025-10-31/1760375783.json"
"892632","715987","2025-10-30","37.00","AUD","1760375783","29218/2025-10-30/1760375783.json"
"892632","715987","2025-11-01","37.00","AUD","1760375783","29218/2025-11-01/1760375783.json"
"892632","715987","2025-11-02","37.00","AUD","1760375783","29218/2025-11-02/1760375783.json"
"892632","715987","2025-11-03","37.00","AUD","1760375783","29218/2025-11-03/1760375783.json"
"892632","715987","2025-11-04","37.00","AUD","1760375783","29218/2025-11-04/1760375783.json"
"892632","715987","2025-11-05","37.00","AUD","1760375783","29218/2025-11-05/1760375783.json"
"892632","715987","2025-11-06","37.00","AUD","1760375783","29218/2025-11-06/1760375783.json"
"892632","715987","2025-11-07","37.00","AUD","1760375783","29218/2025-11-07/1760375783.json"
"892632","715987","2025-11-08","37.00","AUD","1760375783","29218/2025-11-08/1760375783.json"
"892632","715987","2025-11-09","37.00","AUD","1760375783","29218/2025-11-09/1760375783.json"
"892632","715987","2025-11-10","37.00","AUD","1760375783","29218/2025-11-10/1760375783.json"
"892632","715987","2025-11-11","37.00","AUD","1760375783","29218/2025-11-11/1760375783.json"
"892632","715987","2025-11-12","37.00","AUD","1760375783","29218/2025-11-12/1760375783.json"
"892632","715987","2025-11-13","37.00","AUD","1760375783","29218/2025-11-13/1760375783.json"
"892632","715987","2025-11-14","37.00","AUD","1760375783","29218/2025-11-14/1760375783.json"
"892632","715987","2025-11-15","37.00","AUD","1760375783","29218/2025-11-15/1760375783.json"
"892632","715987","2025-11-16","37.00","AUD","1760375783","29218/2025-11-16/1760375783.json"
"892632","715987","2025-11-17","37.00","AUD","1760375783","29218/2025-11-17/1760375783.json"
"892632","715987","2025-11-18","37.00","AUD","1760375783","29218/2025-11-18/1760375783.json"
"892632","715987","2025-11-19","37.00","AUD","1760375783","29218/2025-11-19/1760375783.json"
"892632","715987","2025-11-20","37.00","AUD","1760375783","29218/2025-11-20/1760375783.json"
"892632","715987","2025-11-21","37.00","AUD","1760375783","29218/2025-11-21/1760375783.json"
"892632","715987","2025-11-22","37.00","AUD","1760375783","29218/2025-11-22/1760375783.json"
"892632","715987","2025-11-23","37.00","AUD","1760375783","29218/2025-11-23/1760375783.json"
"892632","715987","2025-11-24","37.00","AUD","1760375783","29218/2025-11-24/1760375783.json"
"892632","715987","2025-11-25","37.00","AUD","1760375783","29218/2025-11-25/1760375783.json"
"892632","715987","2025-11-26","37.00","AUD","1760375783","29218/2025-11-26/1760375783.json"
"892632","715987","2025-11-27","37.00","AUD","1760375783","29218/2025-11-27/1760375783.json"
"892632","715987","2025-11-29","37.00","AUD","1760375783","29218/2025-11-29/1760375783.json"
"892632","715987","2025-11-30","37.00","AUD","1760375783","29218/2025-11-30/1760375783.json"
"892632","715987","2025-12-01","37.00","AUD","1760375783","29218/2025-12-01/1760375783.json"
"892632","715987","2025-11-28","37.00","AUD","1760375783","29218/2025-11-28/1760375783.json"
"892632","715987","2025-12-03","37.00","AUD","1760375783","29218/2025-12-03/1760375783.json"
"892632","715987","2025-12-02","37.00","AUD","1760375783","29218/2025-12-02/1760375783.json"
"892632","715987","2025-12-04","37.00","AUD","1760375783","29218/2025-12-04/1760375783.json"
"892632","715987","2025-12-05","37.00","AUD","1760375783","29218/2025-12-05/1760375783.json"
"892632","715987","2025-12-06","37.00","AUD","1760375783","29218/2025-12-06/1760375783.json"
"892632","715987","2025-12-07","37.00","AUD","1760375783","29218/2025-12-07/1760375783.json"
"892632","715987","2025-12-08","37.00","AUD","1760375783","29218/2025-12-08/1760375783.json"
"892632","715987","2025-12-10","37.00","AUD","1760375783","29218/2025-12-10/1760375783.json"
"892632","715987","2025-12-11","37.00","AUD","1760375783","29218/2025-12-11/1760375783.json"
"892632","715987","2025-12-09","37.00","AUD","1760375783","29218/2025-12-09/1760375783.json"
"892632","715987","2025-12-12","37.00","AUD","1760375783","29218/2025-12-12/1760375783.json"
"892632","715987","2025-10-14","37.00","AUD","1760389510","29218/2025-10-14/1760389510.json"
"892632","715987","2025-10-15","37.00","AUD","1760389510","29218/2025-10-15/1760389510.json"
"892632","715987","2025-10-16","37.00","AUD","1760389510","29218/2025-10-16/1760389510.json"
"892632","715987","2025-10-17","37.00","AUD","1760389510","29218/2025-10-17/1760389510.json"
"892632","715987","2025-10-19","37.00","AUD","1760389510","29218/2025-10-19/1760389510.json"
"892632","715987","2025-10-18","37.00","AUD","1760389510","29218/2025-10-18/1760389510.json"
"892632","715987","2025-10-20","37.00","AUD","1760389510","29218/2025-10-20/1760389510.json"
"892632","715987","2025-10-21","37.00","AUD","1760389510","29218/2025-10-21/1760389510.json"
"892632","715987","2025-10-22","37.00","AUD","1760389510","29218/2025-10-22/1760389510.json"
"892632","715987","2025-10-25","37.00","AUD","1760389510","29218/2025-10-25/1760389510.json"
"892632","715987","2025-10-23","37.00","AUD","1760389510","29218/2025-10-23/1760389510.json"
"892632","715987","2025-10-24","37.00","AUD","1760389510","29218/2025-10-24/1760389510.json"
"892632","715987","2025-10-26","37.00","AUD","1760389510","29218/2025-10-26/1760389510.json"
"892632","715987","2025-10-27","37.00","AUD","1760389510","29218/2025-10-27/1760389510.json"
"892632","715987","2025-10-28","37.00","AUD","1760389510","29218/2025-10-28/1760389510.json"
"892632","715987","2025-10-29","37.00","AUD","1760389510","29218/2025-10-29/1760389510.json"
"892632","715987","2025-10-30","37.00","AUD","1760389510","29218/2025-10-30/1760389510.json"
"892632","715987","2025-10-31","37.00","AUD","1760389510","29218/2025-10-31/1760389510.json"
"892632","715987","2025-11-01","37.00","AUD","1760389510","29218/2025-11-01/1760389510.json"
"892632","715987","2025-11-02","37.00","AUD","1760389510","29218/2025-11-02/1760389510.json"
"892632","715987","2025-11-03","37.00","AUD","1760389510","29218/2025-11-03/1760389510.json"
"892632","715987","2025-11-04","37.00","AUD","1760389510","29218/2025-11-04/1760389510.json"
"892632","715987","2025-11-06","37.00","AUD","1760389510","29218/2025-11-06/1760389510.json"
"892632","715987","2025-11-08","37.00","AUD","1760389510","29218/2025-11-08/1760389510.json"
"892632","715987","2025-11-07","37.00","AUD","1760389510","29218/2025-11-07/1760389510.json"
"892632","715987","2025-11-09","37.00","AUD","1760389510","29218/2025-11-09/1760389510.json"
"892632","715987","2025-11-10","37.00","AUD","1760389510","29218/2025-11-10/1760389510.json"
"892632","715987","2025-11-11","37.00","AUD","1760389510","29218/2025-11-11/1760389510.json"
"892632","715987","2025-11-12","37.00","AUD","1760389510","29218/2025-11-12/1760389510.json"
"892632","715987","2025-11-13","37.00","AUD","1760389510","29218/2025-11-13/1760389510.json"
"892632","715987","2025-11-15","37.00","AUD","1760389510","29218/2025-11-15/1760389510.json"
"892632","715987","2025-11-14","37.00","AUD","1760389510","29218/2025-11-14/1760389510.json"
"892632","715987","2025-11-16","37.00","AUD","1760389510","29218/2025-11-16/1760389510.json"
"892632","715987","2025-11-18","37.00","AUD","1760389510","29218/2025-11-18/1760389510.json"
"892632","715987","2025-11-05","37.00","AUD","1760389510","29218/2025-11-05/1760389510.json"
"892632","715987","2025-11-19","37.00","AUD","1760389510","29218/2025-11-19/1760389510.json"
"892632","715987","2025-11-17","37.00","AUD","1760389510","29218/2025-11-17/1760389510.json"
"892632","715987","2025-11-20","37.00","AUD","1760389510","29218/2025-11-20/1760389510.json"
"892632","715987","2025-11-21","37.00","AUD","1760389510","29218/2025-11-21/1760389510.json"
"892632","715987","2025-11-23","37.00","AUD","1760389510","29218/2025-11-23/1760389510.json"
"892632","715987","2025-11-22","37.00","AUD","1760389510","29218/2025-11-22/1760389510.json"
"892632","715987","2025-11-24","37.00","AUD","1760389510","29218/2025-11-24/1760389510.json"
"892632","715987","2025-11-25","37.00","AUD","1760389510","29218/2025-11-25/1760389510.json"
"892632","715987","2025-11-27","37.00","AUD","1760389510","29218/2025-11-27/1760389510.json"
"892632","715987","2025-11-28","37.00","AUD","1760389510","29218/2025-11-28/1760389510.json"
"892632","715987","2025-11-29","37.00","AUD","1760389510","29218/2025-11-29/1760389510.json"
"892632","715987","2025-11-26","37.00","AUD","1760389510","29218/2025-11-26/1760389510.json"
"892632","715987","2025-11-30","37.00","AUD","1760389510","29218/2025-11-30/1760389510.json"
"892632","715987","2025-12-02","37.00","AUD","1760389510","29218/2025-12-02/1760389510.json"
"892632","715987","2025-12-01","37.00","AUD","1760389510","29218/2025-12-01/1760389510.json"
"892632","715987","2025-12-03","37.00","AUD","1760389510","29218/2025-12-03/1760389510.json"
"892632","715987","2025-12-04","37.00","AUD","1760389510","29218/2025-12-04/1760389510.json"
"892632","715987","2025-12-06","37.00","AUD","1760389510","29218/2025-12-06/1760389510.json"
"892632","715987","2025-12-05","37.00","AUD","1760389510","29218/2025-12-05/1760389510.json"
"892632","715987","2025-12-07","37.00","AUD","1760389510","29218/2025-12-07/1760389510.json"
"892632","715987","2025-12-08","37.00","AUD","1760389510","29218/2025-12-08/1760389510.json"
"892632","715987","2025-12-09","37.00","AUD","1760389510","29218/2025-12-09/1760389510.json"
"892632","715987","2025-12-10","37.00","AUD","1760389510","29218/2025-12-10/1760389510.json"
"892632","715987","2025-12-11","37.00","AUD","1760389510","29218/2025-12-11/1760389510.json"
"892632","715987","2025-12-12","37.00","AUD","1760389510","29218/2025-12-12/1760389510.json"
"892632","715987","2025-10-17","37.00","AUD","1760412919","29218/2025-10-17/1760412919.json"
"892632","715987","2025-10-15","37.00","AUD","1760412919","29218/2025-10-15/1760412919.json"
"892632","715987","2025-10-16","37.00","AUD","1760412919","29218/2025-10-16/1760412919.json"
"892632","715987","2025-10-19","37.00","AUD","1760412919","29218/2025-10-19/1760412919.json"
"892632","715987","2025-10-20","37.00","AUD","1760412919","29218/2025-10-20/1760412919.json"
"892632","715987","2025-10-21","37.00","AUD","1760412919","29218/2025-10-21/1760412919.json"
"892632","715987","2025-10-18","37.00","AUD","1760412919","29218/2025-10-18/1760412919.json"
"892632","715987","2025-10-22","37.00","AUD","1760412919","29218/2025-10-22/1760412919.json"
"892632","715987","2025-10-24","37.00","AUD","1760412919","29218/2025-10-24/1760412919.json"
"892632","715987","2025-10-23","37.00","AUD","1760412919","29218/2025-10-23/1760412919.json"
"892632","715987","2025-10-25","37.00","AUD","1760412919","29218/2025-10-25/1760412919.json"
"892632","715987","2025-10-26","37.00","AUD","1760412919","29218/2025-10-26/1760412919.json"
"892632","715987","2025-10-27","37.00","AUD","1760412919","29218/2025-10-27/1760412919.json"
"892632","715987","2025-10-28","37.00","AUD","1760412919","29218/2025-10-28/1760412919.json"
"892632","715987","2025-10-29","37.00","AUD","1760412919","29218/2025-10-29/1760412919.json"
"892632","715987","2025-10-30","37.00","AUD","1760412919","29218/2025-10-30/1760412919.json"
"892632","715987","2025-10-31","37.00","AUD","1760412919","29218/2025-10-31/1760412919.json"
"892632","715987","2025-11-02","37.00","AUD","1760412919","29218/2025-11-02/1760412919.json"
"892632","715987","2025-11-03","37.00","AUD","1760412919","29218/2025-11-03/1760412919.json"
"892632","715987","2025-11-04","37.00","AUD","1760412919","29218/2025-11-04/1760412919.json"
"892632","715987","2025-11-01","37.00","AUD","1760412919","29218/2025-11-01/1760412919.json"
"892632","715987","2025-11-05","37.00","AUD","1760412919","29218/2025-11-05/1760412919.json"
"892632","715987","2025-11-06","37.00","AUD","1760412919","29218/2025-11-06/1760412919.json"
"892632","715987","2025-11-07","37.00","AUD","1760412919","29218/2025-11-07/1760412919.json"
"892632","715987","2025-11-08","37.00","AUD","1760412919","29218/2025-11-08/1760412919.json"
"892632","715987","2025-11-09","37.00","AUD","1760412919","29218/2025-11-09/1760412919.json"
"892632","715987","2025-11-10","37.00","AUD","1760412919","29218/2025-11-10/1760412919.json"
"892632","715987","2025-11-11","37.00","AUD","1760412919","29218/2025-11-11/1760412919.json"
"892632","715987","2025-11-12","37.00","AUD","1760412919","29218/2025-11-12/1760412919.json"
"892632","715987","2025-11-13","37.00","AUD","1760412919","29218/2025-11-13/1760412919.json"
"892632","715987","2025-11-14","37.00","AUD","1760412919","29218/2025-11-14/1760412919.json"
"892632","715987","2025-11-15","37.00","AUD","1760412919","29218/2025-11-15/1760412919.json"
"892632","715987","2025-11-16","37.00","AUD","1760412919","29218/2025-11-16/1760412919.json"
"892632","715987","2025-11-17","37.00","AUD","1760412919","29218/2025-11-17/1760412919.json"
"892632","715987","2025-11-18","37.00","AUD","1760412919","29218/2025-11-18/1760412919.json"
"892632","715987","2025-11-19","37.00","AUD","1760412919","29218/2025-11-19/1760412919.json"
"892632","715987","2025-11-20","37.00","AUD","1760412919","29218/2025-11-20/1760412919.json"
"892632","715987","2025-11-22","37.00","AUD","1760412919","29218/2025-11-22/1760412919.json"
"892632","715987","2025-11-23","37.00","AUD","1760412919","29218/2025-11-23/1760412919.json"
"892632","715987","2025-11-24","37.00","AUD","1760412919","29218/2025-11-24/1760412919.json"
"892632","715987","2025-11-21","37.00","AUD","1760412919","29218/2025-11-21/1760412919.json"
"892632","715987","2025-11-25","37.00","AUD","1760412919","29218/2025-11-25/1760412919.json"
"892632","715987","2025-11-26","37.00","AUD","1760412919","29218/2025-11-26/1760412919.json"
"892632","715987","2025-11-27","37.00","AUD","1760412919","29218/2025-11-27/1760412919.json"
"892632","715987","2025-11-28","37.00","AUD","1760412919","29218/2025-11-28/1760412919.json"
"892632","715987","2025-11-29","37.00","AUD","1760412919","29218/2025-11-29/1760412919.json"
"892632","715987","2025-12-01","37.00","AUD","1760412919","29218/2025-12-01/1760412919.json"
"892632","715987","2025-12-02","37.00","AUD","1760412919","29218/2025-12-02/1760412919.json"
"892632","715987","2025-11-30","37.00","AUD","1760412919","29218/2025-11-30/1760412919.json"
"892632","715987","2025-12-03","37.00","AUD","1760412919","29218/2025-12-03/1760412919.json"
"892632","715987","2025-12-04","37.00","AUD","1760412919","29218/2025-12-04/1760412919.json"
"892632","715987","2025-12-05","37.00","AUD","1760412919","29218/2025-12-05/1760412919.json"
"892632","715987","2025-12-06","37.00","AUD","1760412919","29218/2025-12-06/1760412919.json"
"892632","715987","2025-12-07","37.00","AUD","1760412919","29218/2025-12-07/1760412919.json"
"892632","715987","2025-12-08","37.00","AUD","1760412919","29218/2025-12-08/1760412919.json"
"892632","715987","2025-12-09","37.00","AUD","1760412919","29218/2025-12-09/1760412919.json"
"892632","715987","2025-12-10","37.00","AUD","1760412919","29218/2025-12-10/1760412919.json"
"892632","715987","2025-12-11","37.00","AUD","1760412919","29218/2025-12-11/1760412919.json"
"892632","715987","2025-12-12","37.00","AUD","1760412919","29218/2025-12-12/1760412919.json"
"892632","715987","2025-12-13","37.00","AUD","1760412919","29218/2025-12-13/1760412919.json"
"892632","715987","2025-10-17","37.00","AUD","1760418442","29218/2025-10-17/1760418442.json"
"892632","715987","2025-10-16","37.00","AUD","1760418442","29218/2025-10-16/1760418442.json"
"892632","715987","2025-10-15","37.00","AUD","1760418442","29218/2025-10-15/1760418442.json"
"892632","715987","2025-10-21","37.00","AUD","1760418442","29218/2025-10-21/1760418442.json"
"892632","715987","2025-10-20","37.00","AUD","1760418442","29218/2025-10-20/1760418442.json"
"892632","715987","2025-10-18","37.00","AUD","1760418442","29218/2025-10-18/1760418442.json"
"892632","715987","2025-10-19","37.00","AUD","1760418442","29218/2025-10-19/1760418442.json"
"892632","715987","2025-10-22","37.00","AUD","1760418442","29218/2025-10-22/1760418442.json"
"892632","715987","2025-10-23","37.00","AUD","1760418442","29218/2025-10-23/1760418442.json"
"892632","715987","2025-10-25","37.00","AUD","1760418442","29218/2025-10-25/1760418442.json"
"892632","715987","2025-10-24","37.00","AUD","1760418442","29218/2025-10-24/1760418442.json"
"892632","715987","2025-10-28","37.00","AUD","1760418442","29218/2025-10-28/1760418442.json"
"892632","715987","2025-10-27","37.00","AUD","1760418442","29218/2025-10-27/1760418442.json"
"892632","715987","2025-10-30","37.00","AUD","1760418442","29218/2025-10-30/1760418442.json"
"892632","715987","2025-10-26","37.00","AUD","1760418442","29218/2025-10-26/1760418442.json"
"892632","715987","2025-10-29","37.00","AUD","1760418442","29218/2025-10-29/1760418442.json"
"892632","715987","2025-10-31","37.00","AUD","1760418442","29218/2025-10-31/1760418442.json"
"892632","715987","2025-11-01","37.00","AUD","1760418442","29218/2025-11-01/1760418442.json"
"892632","715987","2025-11-02","37.00","AUD","1760418442","29218/2025-11-02/1760418442.json"
"892632","715987","2025-11-03","37.00","AUD","1760418442","29218/2025-11-03/1760418442.json"
"892632","715987","2025-11-04","37.00","AUD","1760418442","29218/2025-11-04/1760418442.json"
"892632","715987","2025-11-05","37.00","AUD","1760418442","29218/2025-11-05/1760418442.json"
"892632","715987","2025-11-06","37.00","AUD","1760418442","29218/2025-11-06/1760418442.json"
"892632","715987","2025-11-08","37.00","AUD","1760418442","29218/2025-11-08/1760418442.json"
"892632","715987","2025-11-07","37.00","AUD","1760418442","29218/2025-11-07/1760418442.json"
"892632","715987","2025-11-09","37.00","AUD","1760418442","29218/2025-11-09/1760418442.json"
"892632","715987","2025-11-10","37.00","AUD","1760418442","29218/2025-11-10/1760418442.json"
"892632","715987","2025-11-11","37.00","AUD","1760418442","29218/2025-11-11/1760418442.json"
"892632","715987","2025-11-12","37.00","AUD","1760418442","29218/2025-11-12/1760418442.json"
"892632","715987","2025-11-13","37.00","AUD","1760418442","29218/2025-11-13/1760418442.json"
"892632","715987","2025-11-14","37.00","AUD","1760418442","29218/2025-11-14/1760418442.json"
"892632","715987","2025-11-15","37.00","AUD","1760418442","29218/2025-11-15/1760418442.json"
"892632","715987","2025-11-16","37.00","AUD","1760418442","29218/2025-11-16/1760418442.json"
"892632","715987","2025-11-17","37.00","AUD","1760418442","29218/2025-11-17/1760418442.json"
"892632","715987","2025-11-18","37.00","AUD","1760418442","29218/2025-11-18/1760418442.json"
"892632","715987","2025-11-19","37.00","AUD","1760418442","29218/2025-11-19/1760418442.json"
"892632","715987","2025-11-20","37.00","AUD","1760418442","29218/2025-11-20/1760418442.json"
"892632","715987","2025-11-22","37.00","AUD","1760418442","29218/2025-11-22/1760418442.json"
"892632","715987","2025-11-23","37.00","AUD","1760418442","29218/2025-11-23/1760418442.json"
"892632","715987","2025-11-24","37.00","AUD","1760418442","29218/2025-11-24/1760418442.json"
"892632","715987","2025-11-21","37.00","AUD","1760418442","29218/2025-11-21/1760418442.json"
"892632","715987","2025-11-25","37.00","AUD","1760418442","29218/2025-11-25/1760418442.json"
"892632","715987","2025-11-26","37.00","AUD","1760418442","29218/2025-11-26/1760418442.json"
"892632","715987","2025-11-27","37.00","AUD","1760418442","29218/2025-11-27/1760418442.json"
"892632","715987","2025-11-28","37.00","AUD","1760418442","29218/2025-11-28/1760418442.json"
"892632","715987","2025-11-29","37.00","AUD","1760418442","29218/2025-11-29/1760418442.json"
"892632","715987","2025-12-01","37.00","AUD","1760418442","29218/2025-12-01/1760418442.json"
"892632","715987","2025-11-30","37.00","AUD","1760418442","29218/2025-11-30/1760418442.json"
"892632","715987","2025-12-02","37.00","AUD","1760418442","29218/2025-12-02/1760418442.json"
"892632","715987","2025-12-03","37.00","AUD","1760418442","29218/2025-12-03/1760418442.json"
"892632","715987","2025-12-04","37.00","AUD","1760418442","29218/2025-12-04/1760418442.json"
"892632","715987","2025-12-05","37.00","AUD","1760418442","29218/2025-12-05/1760418442.json"
"892632","715987","2025-12-06","37.00","AUD","1760418442","29218/2025-12-06/1760418442.json"
"892632","715987","2025-12-07","37.00","AUD","1760418442","29218/2025-12-07/1760418442.json"
"892632","715987","2025-12-09","37.00","AUD","1760418442","29218/2025-12-09/1760418442.json"
"892632","715987","2025-12-08","37.00","AUD","1760418442","29218/2025-12-08/1760418442.json"
"892632","715987","2025-12-10","37.00","AUD","1760418442","29218/2025-12-10/1760418442.json"
"892632","715987","2025-12-11","37.00","AUD","1760418442","29218/2025-12-11/1760418442.json"
"892632","715987","2025-12-12","37.00","AUD","1760418442","29218/2025-12-12/1760418442.json"
"892632","715987","2025-12-13","37.00","AUD","1760418442","29218/2025-12-13/1760418442.json"
"892632","715987","2025-10-15","37.00","AUD","1760433100","29218/2025-10-15/1760433100.json"
"892632","715987","2025-10-17","37.00","AUD","1760433100","29218/2025-10-17/1760433100.json"
"892632","715987","2025-10-19","37.00","AUD","1760433100","29218/2025-10-19/1760433100.json"
"892632","715987","2025-10-20","37.00","AUD","1760433100","29218/2025-10-20/1760433100.json"
"892632","715987","2025-10-18","37.00","AUD","1760433100","29218/2025-10-18/1760433100.json"
"892632","715987","2025-10-16","37.00","AUD","1760433100","29218/2025-10-16/1760433100.json"
"892632","715987","2025-10-21","37.00","AUD","1760433100","29218/2025-10-21/1760433100.json"
"892632","715987","2025-10-22","37.00","AUD","1760433100","29218/2025-10-22/1760433100.json"
"892632","715987","2025-10-23","37.00","AUD","1760433100","29218/2025-10-23/1760433100.json"
"892632","715987","2025-10-24","37.00","AUD","1760433100","29218/2025-10-24/1760433100.json"
"892632","715987","2025-10-25","37.00","AUD","1760433100","29218/2025-10-25/1760433100.json"
"892632","715987","2025-10-26","37.00","AUD","1760433100","29218/2025-10-26/1760433100.json"
"892632","715987","2025-10-27","37.00","AUD","1760433100","29218/2025-10-27/1760433100.json"
"892632","715987","2025-10-28","37.00","AUD","1760433100","29218/2025-10-28/1760433100.json"
"892632","715987","2025-10-29","37.00","AUD","1760433100","29218/2025-10-29/1760433100.json"
"892632","715987","2025-10-30","37.00","AUD","1760433100","29218/2025-10-30/1760433100.json"
"892632","715987","2025-10-31","37.00","AUD","1760433100","29218/2025-10-31/1760433100.json"
"892632","715987","2025-11-01","37.00","AUD","1760433100","29218/2025-11-01/1760433100.json"
"892632","715987","2025-11-02","37.00","AUD","1760433100","29218/2025-11-02/1760433100.json"
"892632","715987","2025-11-03","37.00","AUD","1760433100","29218/2025-11-03/1760433100.json"
"892632","715987","2025-11-05","37.00","AUD","1760433100","29218/2025-11-05/1760433100.json"
"892632","715987","2025-11-04","37.00","AUD","1760433100","29218/2025-11-04/1760433100.json"
"892632","715987","2025-11-06","37.00","AUD","1760433100","29218/2025-11-06/1760433100.json"
"892632","715987","2025-11-07","37.00","AUD","1760433100","29218/2025-11-07/1760433100.json"
"892632","715987","2025-11-08","37.00","AUD","1760433100","29218/2025-11-08/1760433100.json"
"892632","715987","2025-11-09","37.00","AUD","1760433100","29218/2025-11-09/1760433100.json"
"892632","715987","2025-11-10","37.00","AUD","1760433100","29218/2025-11-10/1760433100.json"
"892632","715987","2025-11-11","37.00","AUD","1760433100","29218/2025-11-11/1760433100.json"
"892632","715987","2025-11-12","37.00","AUD","1760433100","29218/2025-11-12/1760433100.json"
"892632","715987","2025-11-14","37.00","AUD","1760433100","29218/2025-11-14/1760433100.json"
"892632","715987","2025-11-13","37.00","AUD","1760433100","29218/2025-11-13/1760433100.json"
"892632","715987","2025-11-15","37.00","AUD","1760433100","29218/2025-11-15/1760433100.json"
"892632","715987","2025-11-16","37.00","AUD","1760433100","29218/2025-11-16/1760433100.json"
"892632","715987","2025-11-18","37.00","AUD","1760433100","29218/2025-11-18/1760433100.json"
"892632","715987","2025-11-17","37.00","AUD","1760433100","29218/2025-11-17/1760433100.json"
"892632","715987","2025-11-19","37.00","AUD","1760433100","29218/2025-11-19/1760433100.json"
"892632","715987","2025-11-20","37.00","AUD","1760433100","29218/2025-11-20/1760433100.json"
"892632","715987","2025-11-21","37.00","AUD","1760433100","29218/2025-11-21/1760433100.json"
"892632","715987","2025-11-23","37.00","AUD","1760433100","29218/2025-11-23/1760433100.json"
"892632","715987","2025-11-22","37.00","AUD","1760433100","29218/2025-11-22/1760433100.json"
"892632","715987","2025-11-25","37.00","AUD","1760433100","29218/2025-11-25/1760433100.json"
"892632","715987","2025-11-27","37.00","AUD","1760433100","29218/2025-11-27/1760433100.json"
"892632","715987","2025-11-24","37.00","AUD","1760433100","29218/2025-11-24/1760433100.json"
"892632","715987","2025-11-26","37.00","AUD","1760433100","29218/2025-11-26/1760433100.json"
"892632","715987","2025-11-28","37.00","AUD","1760433100","29218/2025-11-28/1760433100.json"
"892632","715987","2025-11-30","37.00","AUD","1760433100","29218/2025-11-30/1760433100.json"
"892632","715987","2025-11-29","37.00","AUD","1760433100","29218/2025-11-29/1760433100.json"
"892632","715987","2025-12-01","37.00","AUD","1760433100","29218/2025-12-01/1760433100.json"
"892632","715987","2025-12-02","37.00","AUD","1760433100","29218/2025-12-02/1760433100.json"
"892632","715987","2025-12-04","37.00","AUD","1760433100","29218/2025-12-04/1760433100.json"
"892632","715987","2025-12-03","37.00","AUD","1760433100","29218/2025-12-03/1760433100.json"
"892632","715987","2025-12-05","37.00","AUD","1760433100","29218/2025-12-05/1760433100.json"
"892632","715987","2025-12-06","37.00","AUD","1760433100","29218/2025-12-06/1760433100.json"
"892632","715987","2025-12-07","37.00","AUD","1760433100","29218/2025-12-07/1760433100.json"
"892632","715987","2025-12-08","37.00","AUD","1760433100","29218/2025-12-08/1760433100.json"
"892632","715987","2025-12-09","37.00","AUD","1760433100","29218/2025-12-09/1760433100.json"
"892632","715987","2025-12-10","37.00","AUD","1760433100","29218/2025-12-10/1760433100.json"
"892632","715987","2025-12-11","37.00","AUD","1760433100","29218/2025-12-11/1760433100.json"
"892632","715987","2025-12-12","37.00","AUD","1760433100","29218/2025-12-12/1760433100.json"
"892632","715987","2025-12-13","37.00","AUD","1760433100","29218/2025-12-13/1760433100.json"
"892632","715987","2025-10-15","37.00","AUD","1760450811","29218/2025-10-15/1760450811.json"
"892632","715987","2025-10-17","37.00","AUD","1760450811","29218/2025-10-17/1760450811.json"
"892632","715987","2025-10-16","37.00","AUD","1760450811","29218/2025-10-16/1760450811.json"
"892632","715987","2025-10-18","37.00","AUD","1760450811","29218/2025-10-18/1760450811.json"
"892632","715987","2025-10-19","37.00","AUD","1760450811","29218/2025-10-19/1760450811.json"
"892632","715987","2025-10-21","37.00","AUD","1760450811","29218/2025-10-21/1760450811.json"
"892632","715987","2025-10-20","37.00","AUD","1760450811","29218/2025-10-20/1760450811.json"
"892632","715987","2025-10-22","37.00","AUD","1760450811","29218/2025-10-22/1760450811.json"
"892632","715987","2025-10-23","37.00","AUD","1760450811","29218/2025-10-23/1760450811.json"
"892632","715987","2025-10-24","37.00","AUD","1760450811","29218/2025-10-24/1760450811.json"
"892632","715987","2025-10-25","37.00","AUD","1760450811","29218/2025-10-25/1760450811.json"
"892632","715987","2025-10-26","37.00","AUD","1760450811","29218/2025-10-26/1760450811.json"
"892632","715987","2025-10-27","37.00","AUD","1760450811","29218/2025-10-27/1760450811.json"
"892632","715987","2025-10-28","37.00","AUD","1760450811","29218/2025-10-28/1760450811.json"
"892632","715987","2025-10-29","37.00","AUD","1760450811","29218/2025-10-29/1760450811.json"
"892632","715987","2025-10-30","37.00","AUD","1760450811","29218/2025-10-30/1760450811.json"
"892632","715987","2025-10-31","37.00","AUD","1760450811","29218/2025-10-31/1760450811.json"
"892632","715987","2025-11-02","37.00","AUD","1760450811","29218/2025-11-02/1760450811.json"
"892632","715987","2025-11-01","37.00","AUD","1760450811","29218/2025-11-01/1760450811.json"
"892632","715987","2025-11-03","37.00","AUD","1760450811","29218/2025-11-03/1760450811.json"
"892632","715987","2025-11-04","37.00","AUD","1760450811","29218/2025-11-04/1760450811.json"
"892632","715987","2025-11-05","37.00","AUD","1760450811","29218/2025-11-05/1760450811.json"
"892632","715987","2025-11-06","37.00","AUD","1760450811","29218/2025-11-06/1760450811.json"
"892632","715987","2025-11-07","37.00","AUD","1760450811","29218/2025-11-07/1760450811.json"
"892632","715987","2025-11-08","37.00","AUD","1760450811","29218/2025-11-08/1760450811.json"
"892632","715987","2025-11-09","37.00","AUD","1760450811","29218/2025-11-09/1760450811.json"
"892632","715987","2025-11-10","37.00","AUD","1760450811","29218/2025-11-10/1760450811.json"
"892632","715987","2025-11-11","37.00","AUD","1760450811","29218/2025-11-11/1760450811.json"
"892632","715987","2025-11-14","37.00","AUD","1760450811","29218/2025-11-14/1760450811.json"
"892632","715987","2025-11-15","37.00","AUD","1760450811","29218/2025-11-15/1760450811.json"
"892632","715987","2025-11-12","37.00","AUD","1760450811","29218/2025-11-12/1760450811.json"
"892632","715987","2025-11-13","37.00","AUD","1760450811","29218/2025-11-13/1760450811.json"
"892632","715987","2025-11-16","37.00","AUD","1760450811","29218/2025-11-16/1760450811.json"
"892632","715987","2025-11-17","37.00","AUD","1760450811","29218/2025-11-17/1760450811.json"
"892632","715987","2025-11-18","37.00","AUD","1760450811","29218/2025-11-18/1760450811.json"
"892632","715987","2025-11-20","37.00","AUD","1760450811","29218/2025-11-20/1760450811.json"
"892632","715987","2025-11-19","37.00","AUD","1760450811","29218/2025-11-19/1760450811.json"
"892632","715987","2025-11-22","37.00","AUD","1760450811","29218/2025-11-22/1760450811.json"
"892632","715987","2025-11-21","37.00","AUD","1760450811","29218/2025-11-21/1760450811.json"
"892632","715987","2025-11-23","37.00","AUD","1760450811","29218/2025-11-23/1760450811.json"
"892632","715987","2025-11-24","37.00","AUD","1760450811","29218/2025-11-24/1760450811.json"
"892632","715987","2025-11-25","37.00","AUD","1760450811","29218/2025-11-25/1760450811.json"
"892632","715987","2025-11-26","37.00","AUD","1760450811","29218/2025-11-26/1760450811.json"
"892632","715987","2025-11-27","37.00","AUD","1760450811","29218/2025-11-27/1760450811.json"
"892632","715987","2025-11-28","37.00","AUD","1760450811","29218/2025-11-28/1760450811.json"
"892632","715987","2025-11-29","37.00","AUD","1760450811","29218/2025-11-29/1760450811.json"
"892632","715987","2025-11-30","37.00","AUD","1760450811","29218/2025-11-30/1760450811.json"
"892632","715987","2025-12-01","37.00","AUD","1760450811","29218/2025-12-01/1760450811.json"
"892632","715987","2025-12-02","37.00","AUD","1760450811","29218/2025-12-02/1760450811.json"
"892632","715987","2025-12-04","37.00","AUD","1760450811","29218/2025-12-04/1760450811.json"
"892632","715987","2025-12-03","37.00","AUD","1760450811","29218/2025-12-03/1760450811.json"
"892632","715987","2025-12-05","37.00","AUD","1760450811","29218/2025-12-05/1760450811.json"
"892632","715987","2025-12-07","37.00","AUD","1760450811","29218/2025-12-07/1760450811.json"
"892632","715987","2025-12-08","37.00","AUD","1760450811","29218/2025-12-08/1760450811.json"
"892632","715987","2025-12-06","37.00","AUD","1760450811","29218/2025-12-06/1760450811.json"
"892632","715987","2025-12-09","37.00","AUD","1760450811","29218/2025-12-09/1760450811.json"
"892632","715987","2025-12-10","37.00","AUD","1760450811","29218/2025-12-10/1760450811.json"
"892632","715987","2025-12-12","37.00","AUD","1760450811","29218/2025-12-12/1760450811.json"
"892632","715987","2025-12-11","37.00","AUD","1760450811","29218/2025-12-11/1760450811.json"
"892632","715987","2025-12-13","37.00","AUD","1760450811","29218/2025-12-13/1760450811.json"
"892632","715987","2025-10-15","37.00","AUD","1760462208","29218/2025-10-15/1760462208.json"
"892632","715987","2025-10-17","37.00","AUD","1760462208","29218/2025-10-17/1760462208.json"
"892632","715987","2025-10-16","37.00","AUD","1760462208","29218/2025-10-16/1760462208.json"
"892632","715987","2025-10-18","37.00","AUD","1760462208","29218/2025-10-18/1760462208.json"
"892632","715987","2025-10-21","37.00","AUD","1760462208","29218/2025-10-21/1760462208.json"
"892632","715987","2025-10-20","37.00","AUD","1760462208","29218/2025-10-20/1760462208.json"
"892632","715987","2025-10-19","37.00","AUD","1760462208","29218/2025-10-19/1760462208.json"
"892632","715987","2025-10-22","37.00","AUD","1760462208","29218/2025-10-22/1760462208.json"
"892632","715987","2025-10-23","37.00","AUD","1760462208","29218/2025-10-23/1760462208.json"
"892632","715987","2025-10-24","37.00","AUD","1760462208","29218/2025-10-24/1760462208.json"
"892632","715987","2025-10-25","37.00","AUD","1760462208","29218/2025-10-25/1760462208.json"
"892632","715987","2025-10-26","37.00","AUD","1760462208","29218/2025-10-26/1760462208.json"
"892632","715987","2025-10-28","37.00","AUD","1760462208","29218/2025-10-28/1760462208.json"
"892632","715987","2025-10-27","37.00","AUD","1760462208","29218/2025-10-27/1760462208.json"
"892632","715987","2025-10-30","37.00","AUD","1760462208","29218/2025-10-30/1760462208.json"
"892632","715987","2025-10-29","37.00","AUD","1760462208","29218/2025-10-29/1760462208.json"
"892632","715987","2025-10-31","37.00","AUD","1760462208","29218/2025-10-31/1760462208.json"
"892632","715987","2025-11-01","37.00","AUD","1760462208","29218/2025-11-01/1760462208.json"
"892632","715987","2025-11-02","37.00","AUD","1760462208","29218/2025-11-02/1760462208.json"
"892632","715987","2025-11-04","37.00","AUD","1760462208","29218/2025-11-04/1760462208.json"
"892632","715987","2025-11-03","37.00","AUD","1760462208","29218/2025-11-03/1760462208.json"
"892632","715987","2025-11-05","37.00","AUD","1760462208","29218/2025-11-05/1760462208.json"
"892632","715987","2025-11-06","37.00","AUD","1760462208","29218/2025-11-06/1760462208.json"
"892632","715987","2025-11-08","37.00","AUD","1760462208","29218/2025-11-08/1760462208.json"
"892632","715987","2025-11-07","37.00","AUD","1760462208","29218/2025-11-07/1760462208.json"
"892632","715987","2025-11-10","37.00","AUD","1760462208","29218/2025-11-10/1760462208.json"
"892632","715987","2025-11-09","37.00","AUD","1760462208","29218/2025-11-09/1760462208.json"
"892632","715987","2025-11-11","37.00","AUD","1760462208","29218/2025-11-11/1760462208.json"
"892632","715987","2025-11-12","37.00","AUD","1760462208","29218/2025-11-12/1760462208.json"
"892632","715987","2025-11-13","37.00","AUD","1760462208","29218/2025-11-13/1760462208.json"
"892632","715987","2025-11-14","37.00","AUD","1760462208","29218/2025-11-14/1760462208.json"
"892632","715987","2025-11-15","37.00","AUD","1760462208","29218/2025-11-15/1760462208.json"
"892632","715987","2025-11-16","37.00","AUD","1760462208","29218/2025-11-16/1760462208.json"
"892632","715987","2025-11-17","37.00","AUD","1760462208","29218/2025-11-17/1760462208.json"
"892632","715987","2025-11-18","37.00","AUD","1760462208","29218/2025-11-18/1760462208.json"
"892632","715987","2025-11-19","37.00","AUD","1760462208","29218/2025-11-19/1760462208.json"
"892632","715987","2025-11-20","37.00","AUD","1760462208","29218/2025-11-20/1760462208.json"
"892632","715987","2025-11-21","37.00","AUD","1760462208","29218/2025-11-21/1760462208.json"
"892632","715987","2025-11-23","37.00","AUD","1760462208","29218/2025-11-23/1760462208.json"
"892632","715987","2025-11-24","37.00","AUD","1760462208","29218/2025-11-24/1760462208.json"
"892632","715987","2025-11-22","37.00","AUD","1760462208","29218/2025-11-22/1760462208.json"
"892632","715987","2025-11-25","37.00","AUD","1760462208","29218/2025-11-25/1760462208.json"
"892632","715987","2025-11-26","37.00","AUD","1760462208","29218/2025-11-26/1760462208.json"
"892632","715987","2025-11-27","37.00","AUD","1760462208","29218/2025-11-27/1760462208.json"
"892632","715987","2025-11-28","37.00","AUD","1760462208","29218/2025-11-28/1760462208.json"
"892632","715987","2025-11-29","37.00","AUD","1760462208","29218/2025-11-29/1760462208.json"
"892632","715987","2025-11-30","37.00","AUD","1760462208","29218/2025-11-30/1760462208.json"
"892632","715987","2025-12-02","37.00","AUD","1760462208","29218/2025-12-02/1760462208.json"
"892632","715987","2025-12-01","37.00","AUD","1760462208","29218/2025-12-01/1760462208.json"
"892632","715987","2025-12-03","37.00","AUD","1760462208","29218/2025-12-03/1760462208.json"
"892632","715987","2025-12-04","37.00","AUD","1760462208","29218/2025-12-04/1760462208.json"
"892632","715987","2025-12-05","37.00","AUD","1760462208","29218/2025-12-05/1760462208.json"
"892632","715987","2025-12-06","37.00","AUD","1760462208","29218/2025-12-06/1760462208.json"
"892632","715987","2025-12-07","37.00","AUD","1760462208","29218/2025-12-07/1760462208.json"
"892632","715987","2025-12-08","37.00","AUD","1760462208","29218/2025-12-08/1760462208.json"
"892632","715987","2025-12-09","37.00","AUD","1760462208","29218/2025-12-09/1760462208.json"
"892632","715987","2025-12-10","37.00","AUD","1760462208","29218/2025-12-10/1760462208.json"
"892632","715987","2025-12-11","37.00","AUD","1760462208","29218/2025-12-11/1760462208.json"
"892632","715987","2025-12-12","37.00","AUD","1760462208","29218/2025-12-12/1760462208.json"
"892632","715987","2025-12-13","37.00","AUD","1760462208","29218/2025-12-13/1760462208.json"
"892632","715987","2025-10-18","37.00","AUD","1760475918","29218/2025-10-18/1760475918.json"
"892632","715987","2025-10-16","37.00","AUD","1760475918","29218/2025-10-16/1760475918.json"
"892632","715987","2025-10-15","37.00","AUD","1760475918","29218/2025-10-15/1760475918.json"
"892632","715987","2025-10-17","37.00","AUD","1760475918","29218/2025-10-17/1760475918.json"
"892632","715987","2025-10-22","37.00","AUD","1760475918","29218/2025-10-22/1760475918.json"
"892632","715987","2025-10-20","37.00","AUD","1760475918","29218/2025-10-20/1760475918.json"
"892632","715987","2025-10-19","37.00","AUD","1760475918","29218/2025-10-19/1760475918.json"
"892632","715987","2025-10-21","37.00","AUD","1760475918","29218/2025-10-21/1760475918.json"
"892632","715987","2025-10-24","37.00","AUD","1760475918","29218/2025-10-24/1760475918.json"
"892632","715987","2025-10-23","37.00","AUD","1760475918","29218/2025-10-23/1760475918.json"
"892632","715987","2025-10-25","37.00","AUD","1760475918","29218/2025-10-25/1760475918.json"
"892632","715987","2025-10-26","37.00","AUD","1760475918","29218/2025-10-26/1760475918.json"
"892632","715987","2025-10-27","37.00","AUD","1760475918","29218/2025-10-27/1760475918.json"
"892632","715987","2025-10-28","37.00","AUD","1760475918","29218/2025-10-28/1760475918.json"
"892632","715987","2025-10-29","37.00","AUD","1760475918","29218/2025-10-29/1760475918.json"
"892632","715987","2025-10-30","37.00","AUD","1760475918","29218/2025-10-30/1760475918.json"
"892632","715987","2025-10-31","37.00","AUD","1760475918","29218/2025-10-31/1760475918.json"
"892632","715987","2025-11-01","37.00","AUD","1760475918","29218/2025-11-01/1760475918.json"
"892632","715987","2025-11-02","37.00","AUD","1760475918","29218/2025-11-02/1760475918.json"
"892632","715987","2025-11-03","37.00","AUD","1760475918","29218/2025-11-03/1760475918.json"
"892632","715987","2025-11-04","37.00","AUD","1760475918","29218/2025-11-04/1760475918.json"
"892632","715987","2025-11-05","37.00","AUD","1760475918","29218/2025-11-05/1760475918.json"
"892632","715987","2025-11-06","37.00","AUD","1760475918","29218/2025-11-06/1760475918.json"
"892632","715987","2025-11-07","37.00","AUD","1760475918","29218/2025-11-07/1760475918.json"
"892632","715987","2025-11-08","37.00","AUD","1760475918","29218/2025-11-08/1760475918.json"
"892632","715987","2025-11-09","37.00","AUD","1760475918","29218/2025-11-09/1760475918.json"
"892632","715987","2025-11-10","37.00","AUD","1760475918","29218/2025-11-10/1760475918.json"
"892632","715987","2025-11-11","37.00","AUD","1760475918","29218/2025-11-11/1760475918.json"
"892632","715987","2025-11-13","37.00","AUD","1760475918","29218/2025-11-13/1760475918.json"
"892632","715987","2025-11-12","37.00","AUD","1760475918","29218/2025-11-12/1760475918.json"
"892632","715987","2025-11-14","37.00","AUD","1760475918","29218/2025-11-14/1760475918.json"
"892632","715987","2025-11-16","37.00","AUD","1760475918","29218/2025-11-16/1760475918.json"
"892632","715987","2025-11-18","37.00","AUD","1760475918","29218/2025-11-18/1760475918.json"
"892632","715987","2025-11-17","37.00","AUD","1760475918","29218/2025-11-17/1760475918.json"
"892632","715987","2025-11-19","37.00","AUD","1760475918","29218/2025-11-19/1760475918.json"
"892632","715987","2025-11-21","37.00","AUD","1760475918","29218/2025-11-21/1760475918.json"
"892632","715987","2025-11-15","37.00","AUD","1760475918","29218/2025-11-15/1760475918.json"
"892632","715987","2025-11-20","37.00","AUD","1760475918","29218/2025-11-20/1760475918.json"
"892632","715987","2025-11-22","37.00","AUD","1760475918","29218/2025-11-22/1760475918.json"
"892632","715987","2025-11-23","37.00","AUD","1760475918","29218/2025-11-23/1760475918.json"
"892632","715987","2025-11-24","37.00","AUD","1760475918","29218/2025-11-24/1760475918.json"
"892632","715987","2025-11-25","37.00","AUD","1760475918","29218/2025-11-25/1760475918.json"
"892632","715987","2025-11-26","37.00","AUD","1760475918","29218/2025-11-26/1760475918.json"
"892632","715987","2025-11-27","37.00","AUD","1760475918","29218/2025-11-27/1760475918.json"
"892632","715987","2025-11-28","37.00","AUD","1760475918","29218/2025-11-28/1760475918.json"
"892632","715987","2025-11-29","37.00","AUD","1760475918","29218/2025-11-29/1760475918.json"
"892632","715987","2025-11-30","37.00","AUD","1760475918","29218/2025-11-30/1760475918.json"
"892632","715987","2025-12-01","37.00","AUD","1760475918","29218/2025-12-01/1760475918.json"
"892632","715987","2025-12-03","37.00","AUD","1760475918","29218/2025-12-03/1760475918.json"
"892632","715987","2025-12-02","37.00","AUD","1760475918","29218/2025-12-02/1760475918.json"
"892632","715987","2025-12-04","37.00","AUD","1760475918","29218/2025-12-04/1760475918.json"
"892632","715987","2025-12-06","37.00","AUD","1760475918","29218/2025-12-06/1760475918.json"
"892632","715987","2025-12-05","37.00","AUD","1760475918","29218/2025-12-05/1760475918.json"
"892632","715987","2025-12-07","37.00","AUD","1760475918","29218/2025-12-07/1760475918.json"
"892632","715987","2025-12-10","37.00","AUD","1760475918","29218/2025-12-10/1760475918.json"
"892632","715987","2025-12-08","37.00","AUD","1760475918","29218/2025-12-08/1760475918.json"
"892632","715987","2025-12-09","37.00","AUD","1760475918","29218/2025-12-09/1760475918.json"
"892632","715987","2025-12-11","37.00","AUD","1760475918","29218/2025-12-11/1760475918.json"
"892632","715987","2025-12-13","37.00","AUD","1760475918","29218/2025-12-13/1760475918.json"
"892632","715987","2025-12-12","37.00","AUD","1760475918","29218/2025-12-12/1760475918.json"
"892632","715987","2025-10-17","37.00","AUD","1760499653","29218/2025-10-17/1760499653.json"
"892632","715987","2025-10-18","37.00","AUD","1760499653","29218/2025-10-18/1760499653.json"
"892632","715987","2025-10-16","37.00","AUD","1760499653","29218/2025-10-16/1760499653.json"
"892632","715987","2025-10-20","37.00","AUD","1760499653","29218/2025-10-20/1760499653.json"
"892632","715987","2025-10-21","37.00","AUD","1760499653","29218/2025-10-21/1760499653.json"
"892632","715987","2025-10-19","37.00","AUD","1760499653","29218/2025-10-19/1760499653.json"
"892632","715987","2025-10-22","37.00","AUD","1760499653","29218/2025-10-22/1760499653.json"
"892632","715987","2025-10-23","37.00","AUD","1760499653","29218/2025-10-23/1760499653.json"
"892632","715987","2025-10-24","37.00","AUD","1760499653","29218/2025-10-24/1760499653.json"
"892632","715987","2025-10-25","37.00","AUD","1760499653","29218/2025-10-25/1760499653.json"
"892632","715987","2025-10-27","37.00","AUD","1760499653","29218/2025-10-27/1760499653.json"
"892632","715987","2025-10-26","37.00","AUD","1760499653","29218/2025-10-26/1760499653.json"
"892632","715987","2025-10-28","37.00","AUD","1760499653","29218/2025-10-28/1760499653.json"
"892632","715987","2025-10-29","37.00","AUD","1760499653","29218/2025-10-29/1760499653.json"
"892632","715987","2025-11-01","37.00","AUD","1760499653","29218/2025-11-01/1760499653.json"
"892632","715987","2025-11-02","37.00","AUD","1760499653","29218/2025-11-02/1760499653.json"
"892632","715987","2025-10-31","37.00","AUD","1760499653","29218/2025-10-31/1760499653.json"
"892632","715987","2025-10-30","37.00","AUD","1760499653","29218/2025-10-30/1760499653.json"
"892632","715987","2025-11-03","37.00","AUD","1760499653","29218/2025-11-03/1760499653.json"
"892632","715987","2025-11-06","37.00","AUD","1760499653","29218/2025-11-06/1760499653.json"
"892632","715987","2025-11-04","37.00","AUD","1760499653","29218/2025-11-04/1760499653.json"
"892632","715987","2025-11-05","37.00","AUD","1760499653","29218/2025-11-05/1760499653.json"
"892632","715987","2025-11-08","37.00","AUD","1760499653","29218/2025-11-08/1760499653.json"
"892632","715987","2025-11-10","37.00","AUD","1760499653","29218/2025-11-10/1760499653.json"
"892632","715987","2025-11-09","37.00","AUD","1760499653","29218/2025-11-09/1760499653.json"
"892632","715987","2025-11-07","37.00","AUD","1760499653","29218/2025-11-07/1760499653.json"
"892632","715987","2025-11-11","37.00","AUD","1760499653","29218/2025-11-11/1760499653.json"
"892632","715987","2025-11-12","37.00","AUD","1760499653","29218/2025-11-12/1760499653.json"
"892632","715987","2025-11-13","37.00","AUD","1760499653","29218/2025-11-13/1760499653.json"
"892632","715987","2025-11-14","37.00","AUD","1760499653","29218/2025-11-14/1760499653.json"
"892632","715987","2025-11-15","37.00","AUD","1760499653","29218/2025-11-15/1760499653.json"
"892632","715987","2025-11-17","37.00","AUD","1760499653","29218/2025-11-17/1760499653.json"
"892632","715987","2025-11-18","37.00","AUD","1760499653","29218/2025-11-18/1760499653.json"
"892632","715987","2025-11-16","37.00","AUD","1760499653","29218/2025-11-16/1760499653.json"
"892632","715987","2025-11-19","37.00","AUD","1760499653","29218/2025-11-19/1760499653.json"
"892632","715987","2025-11-20","37.00","AUD","1760499653","29218/2025-11-20/1760499653.json"
"892632","715987","2025-11-21","37.00","AUD","1760499653","29218/2025-11-21/1760499653.json"
"892632","715987","2025-11-22","37.00","AUD","1760499653","29218/2025-11-22/1760499653.json"
"892632","715987","2025-11-23","37.00","AUD","1760499653","29218/2025-11-23/1760499653.json"
"892632","715987","2025-11-24","37.00","AUD","1760499653","29218/2025-11-24/1760499653.json"
"892632","715987","2025-11-25","37.00","AUD","1760499653","29218/2025-11-25/1760499653.json"
"892632","715987","2025-11-26","37.00","AUD","1760499653","29218/2025-11-26/1760499653.json"
"892632","715987","2025-11-27","37.00","AUD","1760499653","29218/2025-11-27/1760499653.json"
"892632","715987","2025-11-28","37.00","AUD","1760499653","29218/2025-11-28/1760499653.json"
"892632","715987","2025-11-30","37.00","AUD","1760499653","29218/2025-11-30/1760499653.json"
"892632","715987","2025-11-29","37.00","AUD","1760499653","29218/2025-11-29/1760499653.json"
"892632","715987","2025-12-02","37.00","AUD","1760499653","29218/2025-12-02/1760499653.json"
"892632","715987","2025-12-01","37.00","AUD","1760499653","29218/2025-12-01/1760499653.json"
"892632","715987","2025-12-05","37.00","AUD","1760499653","29218/2025-12-05/1760499653.json"
"892632","715987","2025-12-04","37.00","AUD","1760499653","29218/2025-12-04/1760499653.json"
"892632","715987","2025-12-03","37.00","AUD","1760499653","29218/2025-12-03/1760499653.json"
"892632","715987","2025-12-06","37.00","AUD","1760499653","29218/2025-12-06/1760499653.json"
"892632","715987","2025-12-08","37.00","AUD","1760499653","29218/2025-12-08/1760499653.json"
"892632","715987","2025-12-09","37.00","AUD","1760499653","29218/2025-12-09/1760499653.json"
"892632","715987","2025-12-07","37.00","AUD","1760499653","29218/2025-12-07/1760499653.json"
"892632","715987","2025-12-10","37.00","AUD","1760499653","29218/2025-12-10/1760499653.json"
"892632","715987","2025-12-12","37.00","AUD","1760499653","29218/2025-12-12/1760499653.json"
"892632","715987","2025-12-11","37.00","AUD","1760499653","29218/2025-12-11/1760499653.json"
"892632","715987","2025-12-14","37.00","AUD","1760499653","29218/2025-12-14/1760499653.json"
"892632","715987","2025-12-13","37.00","AUD","1760499653","29218/2025-12-13/1760499653.json"
"892632","715987","2025-10-16","37.00","AUD","1760504962","29218/2025-10-16/1760504962.json"
"892632","715987","2025-10-18","37.00","AUD","1760504962","29218/2025-10-18/1760504962.json"
"892632","715987","2025-10-17","37.00","AUD","1760504962","29218/2025-10-17/1760504962.json"
"892632","715987","2025-10-20","37.00","AUD","1760504962","29218/2025-10-20/1760504962.json"
"892632","715987","2025-10-21","37.00","AUD","1760504962","29218/2025-10-21/1760504962.json"
"892632","715987","2025-10-22","37.00","AUD","1760504962","29218/2025-10-22/1760504962.json"
"892632","715987","2025-10-19","37.00","AUD","1760504962","29218/2025-10-19/1760504962.json"
"892632","715987","2025-10-24","37.00","AUD","1760504962","29218/2025-10-24/1760504962.json"
"892632","715987","2025-10-26","37.00","AUD","1760504962","29218/2025-10-26/1760504962.json"
"892632","715987","2025-10-25","37.00","AUD","1760504962","29218/2025-10-25/1760504962.json"
"892632","715987","2025-10-23","37.00","AUD","1760504962","29218/2025-10-23/1760504962.json"
"892632","715987","2025-10-28","37.00","AUD","1760504962","29218/2025-10-28/1760504962.json"
"892632","715987","2025-10-30","37.00","AUD","1760504962","29218/2025-10-30/1760504962.json"
"892632","715987","2025-10-29","37.00","AUD","1760504962","29218/2025-10-29/1760504962.json"
"892632","715987","2025-10-31","37.00","AUD","1760504962","29218/2025-10-31/1760504962.json"
"892632","715987","2025-10-27","37.00","AUD","1760504962","29218/2025-10-27/1760504962.json"
"892632","715987","2025-11-01","37.00","AUD","1760504962","29218/2025-11-01/1760504962.json"
"892632","715987","2025-11-03","37.00","AUD","1760504962","29218/2025-11-03/1760504962.json"
"892632","715987","2025-11-02","37.00","AUD","1760504962","29218/2025-11-02/1760504962.json"
"892632","715987","2025-11-04","37.00","AUD","1760504962","29218/2025-11-04/1760504962.json"
"892632","715987","2025-11-05","37.00","AUD","1760504962","29218/2025-11-05/1760504962.json"
"892632","715987","2025-11-07","37.00","AUD","1760504962","29218/2025-11-07/1760504962.json"
"892632","715987","2025-11-06","37.00","AUD","1760504962","29218/2025-11-06/1760504962.json"
"892632","715987","2025-11-08","37.00","AUD","1760504962","29218/2025-11-08/1760504962.json"
"892632","715987","2025-11-09","37.00","AUD","1760504962","29218/2025-11-09/1760504962.json"
"892632","715987","2025-11-11","37.00","AUD","1760504962","29218/2025-11-11/1760504962.json"
"892632","715987","2025-11-10","37.00","AUD","1760504962","29218/2025-11-10/1760504962.json"
"892632","715987","2025-11-12","37.00","AUD","1760504962","29218/2025-11-12/1760504962.json"
"892632","715987","2025-11-13","37.00","AUD","1760504962","29218/2025-11-13/1760504962.json"
"892632","715987","2025-11-16","37.00","AUD","1760504962","29218/2025-11-16/1760504962.json"
"892632","715987","2025-11-15","37.00","AUD","1760504962","29218/2025-11-15/1760504962.json"
"892632","715987","2025-11-17","37.00","AUD","1760504962","29218/2025-11-17/1760504962.json"
"892632","715987","2025-11-14","37.00","AUD","1760504962","29218/2025-11-14/1760504962.json"
"892632","715987","2025-11-19","37.00","AUD","1760504962","29218/2025-11-19/1760504962.json"
"892632","715987","2025-11-20","37.00","AUD","1760504962","29218/2025-11-20/1760504962.json"
"892632","715987","2025-11-18","37.00","AUD","1760504962","29218/2025-11-18/1760504962.json"
"892632","715987","2025-11-21","37.00","AUD","1760504962","29218/2025-11-21/1760504962.json"
"892632","715987","2025-11-22","37.00","AUD","1760504962","29218/2025-11-22/1760504962.json"
"892632","715987","2025-11-23","37.00","AUD","1760504962","29218/2025-11-23/1760504962.json"
"892632","715987","2025-11-24","37.00","AUD","1760504962","29218/2025-11-24/1760504962.json"
"892632","715987","2025-11-25","37.00","AUD","1760504962","29218/2025-11-25/1760504962.json"
"892632","715987","2025-11-26","37.00","AUD","1760504962","29218/2025-11-26/1760504962.json"
"892632","715987","2025-11-28","37.00","AUD","1760504962","29218/2025-11-28/1760504962.json"
"892632","715987","2025-11-29","37.00","AUD","1760504962","29218/2025-11-29/1760504962.json"
"892632","715987","2025-11-27","37.00","AUD","1760504962","29218/2025-11-27/1760504962.json"
"892632","715987","2025-11-30","37.00","AUD","1760504962","29218/2025-11-30/1760504962.json"
"892632","715987","2025-12-01","37.00","AUD","1760504962","29218/2025-12-01/1760504962.json"
"892632","715987","2025-12-03","37.00","AUD","1760504962","29218/2025-12-03/1760504962.json"
"892632","715987","2025-12-04","37.00","AUD","1760504962","29218/2025-12-04/1760504962.json"
"892632","715987","2025-12-05","37.00","AUD","1760504962","29218/2025-12-05/1760504962.json"
"892632","715987","2025-12-02","37.00","AUD","1760504962","29218/2025-12-02/1760504962.json"
"892632","715987","2025-12-06","37.00","AUD","1760504962","29218/2025-12-06/1760504962.json"
"892632","715987","2025-12-07","37.00","AUD","1760504962","29218/2025-12-07/1760504962.json"
"892632","715987","2025-12-08","37.00","AUD","1760504962","29218/2025-12-08/1760504962.json"
"892632","715987","2025-12-09","37.00","AUD","1760504962","29218/2025-12-09/1760504962.json"
"892632","715987","2025-12-10","37.00","AUD","1760504962","29218/2025-12-10/1760504962.json"
"892632","715987","2025-12-12","37.00","AUD","1760504962","29218/2025-12-12/1760504962.json"
"892632","715987","2025-12-13","37.00","AUD","1760504962","29218/2025-12-13/1760504962.json"
"892632","715987","2025-12-11","37.00","AUD","1760504962","29218/2025-12-11/1760504962.json"
"892632","715987","2025-12-14","37.00","AUD","1760504962","29218/2025-12-14/1760504962.json"
"892632","715987","2025-10-17","37.00","AUD","1760520065","29218/2025-10-17/1760520065.json"
"892632","715987","2025-10-16","37.00","AUD","1760520065","29218/2025-10-16/1760520065.json"
"892632","715987","2025-10-18","37.00","AUD","1760520065","29218/2025-10-18/1760520065.json"
"892632","715987","2025-10-19","37.00","AUD","1760520065","29218/2025-10-19/1760520065.json"
"892632","715987","2025-10-22","37.00","AUD","1760520065","29218/2025-10-22/1760520065.json"
"892632","715987","2025-10-21","37.00","AUD","1760520065","29218/2025-10-21/1760520065.json"
"892632","715987","2025-10-23","37.00","AUD","1760520065","29218/2025-10-23/1760520065.json"
"892632","715987","2025-10-20","37.00","AUD","1760520065","29218/2025-10-20/1760520065.json"
"892632","715987","2025-10-24","37.00","AUD","1760520065","29218/2025-10-24/1760520065.json"
"892632","715987","2025-10-25","37.00","AUD","1760520065","29218/2025-10-25/1760520065.json"
"892632","715987","2025-10-26","37.00","AUD","1760520065","29218/2025-10-26/1760520065.json"
"892632","715987","2025-10-27","37.00","AUD","1760520065","29218/2025-10-27/1760520065.json"
"892632","715987","2025-10-28","37.00","AUD","1760520065","29218/2025-10-28/1760520065.json"
"892632","715987","2025-10-29","37.00","AUD","1760520065","29218/2025-10-29/1760520065.json"
"892632","715987","2025-10-31","37.00","AUD","1760520065","29218/2025-10-31/1760520065.json"
"892632","715987","2025-10-30","37.00","AUD","1760520065","29218/2025-10-30/1760520065.json"
"892632","715987","2025-11-01","37.00","AUD","1760520065","29218/2025-11-01/1760520065.json"
"892632","715987","2025-11-03","37.00","AUD","1760520065","29218/2025-11-03/1760520065.json"
"892632","715987","2025-11-02","37.00","AUD","1760520065","29218/2025-11-02/1760520065.json"
"892632","715987","2025-11-05","37.00","AUD","1760520065","29218/2025-11-05/1760520065.json"
"892632","715987","2025-11-04","37.00","AUD","1760520065","29218/2025-11-04/1760520065.json"
"892632","715987","2025-11-06","37.00","AUD","1760520065","29218/2025-11-06/1760520065.json"
"892632","715987","2025-11-07","37.00","AUD","1760520065","29218/2025-11-07/1760520065.json"
"892632","715987","2025-11-09","37.00","AUD","1760520065","29218/2025-11-09/1760520065.json"
"892632","715987","2025-11-08","37.00","AUD","1760520065","29218/2025-11-08/1760520065.json"
"892632","715987","2025-11-10","37.00","AUD","1760520065","29218/2025-11-10/1760520065.json"
"892632","715987","2025-11-11","37.00","AUD","1760520065","29218/2025-11-11/1760520065.json"
"892632","715987","2025-11-13","37.00","AUD","1760520065","29218/2025-11-13/1760520065.json"
"892632","715987","2025-11-12","37.00","AUD","1760520065","29218/2025-11-12/1760520065.json"
"892632","715987","2025-11-14","37.00","AUD","1760520065","29218/2025-11-14/1760520065.json"
"892632","715987","2025-11-15","37.00","AUD","1760520065","29218/2025-11-15/1760520065.json"
"892632","715987","2025-11-17","37.00","AUD","1760520065","29218/2025-11-17/1760520065.json"
"892632","715987","2025-11-18","37.00","AUD","1760520065","29218/2025-11-18/1760520065.json"
"892632","715987","2025-11-16","37.00","AUD","1760520065","29218/2025-11-16/1760520065.json"
"892632","715987","2025-11-20","37.00","AUD","1760520065","29218/2025-11-20/1760520065.json"
"892632","715987","2025-11-21","37.00","AUD","1760520065","29218/2025-11-21/1760520065.json"
"892632","715987","2025-11-22","37.00","AUD","1760520065","29218/2025-11-22/1760520065.json"
"892632","715987","2025-11-19","37.00","AUD","1760520065","29218/2025-11-19/1760520065.json"
"892632","715987","2025-11-23","37.00","AUD","1760520065","29218/2025-11-23/1760520065.json"
"892632","715987","2025-11-26","37.00","AUD","1760520065","29218/2025-11-26/1760520065.json"
"892632","715987","2025-11-24","37.00","AUD","1760520065","29218/2025-11-24/1760520065.json"
"892632","715987","2025-11-25","37.00","AUD","1760520065","29218/2025-11-25/1760520065.json"
"892632","715987","2025-11-29","37.00","AUD","1760520065","29218/2025-11-29/1760520065.json"
"892632","715987","2025-11-30","37.00","AUD","1760520065","29218/2025-11-30/1760520065.json"
"892632","715987","2025-11-28","37.00","AUD","1760520065","29218/2025-11-28/1760520065.json"
"892632","715987","2025-11-27","37.00","AUD","1760520065","29218/2025-11-27/1760520065.json"
"892632","715987","2025-12-01","37.00","AUD","1760520065","29218/2025-12-01/1760520065.json"
"892632","715987","2025-12-02","37.00","AUD","1760520065","29218/2025-12-02/1760520065.json"
"892632","715987","2025-12-03","37.00","AUD","1760520065","29218/2025-12-03/1760520065.json"
"892632","715987","2025-12-04","37.00","AUD","1760520065","29218/2025-12-04/1760520065.json"
"892632","715987","2025-12-07","37.00","AUD","1760520065","29218/2025-12-07/1760520065.json"
"892632","715987","2025-12-06","37.00","AUD","1760520065","29218/2025-12-06/1760520065.json"
"892632","715987","2025-12-08","37.00","AUD","1760520065","29218/2025-12-08/1760520065.json"
"892632","715987","2025-12-05","37.00","AUD","1760520065","29218/2025-12-05/1760520065.json"
"892632","715987","2025-12-09","37.00","AUD","1760520065","29218/2025-12-09/1760520065.json"
"892632","715987","2025-12-10","37.00","AUD","1760520065","29218/2025-12-10/1760520065.json"
"892632","715987","2025-12-12","37.00","AUD","1760520065","29218/2025-12-12/1760520065.json"
"892632","715987","2025-12-11","37.00","AUD","1760520065","29218/2025-12-11/1760520065.json"
"892632","715987","2025-12-13","37.00","AUD","1760520065","29218/2025-12-13/1760520065.json"
"892632","715987","2025-12-14","37.00","AUD","1760520065","29218/2025-12-14/1760520065.json"
"892632","715987","2025-10-16","37.00","AUD","1760537637","29218/2025-10-16/1760537637.json"
"892632","715987","2025-10-18","37.00","AUD","1760537637","29218/2025-10-18/1760537637.json"
"892632","715987","2025-10-19","37.00","AUD","1760537637","29218/2025-10-19/1760537637.json"
"892632","715987","2025-10-17","37.00","AUD","1760537637","29218/2025-10-17/1760537637.json"
"892632","715987","2025-10-20","37.00","AUD","1760537637","29218/2025-10-20/1760537637.json"
"892632","715987","2025-10-22","37.00","AUD","1760537637","29218/2025-10-22/1760537637.json"
"892632","715987","2025-10-23","37.00","AUD","1760537637","29218/2025-10-23/1760537637.json"
"892632","715987","2025-10-21","37.00","AUD","1760537637","29218/2025-10-21/1760537637.json"
"892632","715987","2025-10-24","37.00","AUD","1760537637","29218/2025-10-24/1760537637.json"
"892632","715987","2025-10-25","37.00","AUD","1760537637","29218/2025-10-25/1760537637.json"
"892632","715987","2025-10-26","37.00","AUD","1760537637","29218/2025-10-26/1760537637.json"
"892632","715987","2025-10-27","37.00","AUD","1760537637","29218/2025-10-27/1760537637.json"
"892632","715987","2025-10-28","37.00","AUD","1760537637","29218/2025-10-28/1760537637.json"
"892632","715987","2025-10-29","37.00","AUD","1760537637","29218/2025-10-29/1760537637.json"
"892632","715987","2025-10-30","37.00","AUD","1760537637","29218/2025-10-30/1760537637.json"
"892632","715987","2025-10-31","37.00","AUD","1760537637","29218/2025-10-31/1760537637.json"
"892632","715987","2025-11-01","37.00","AUD","1760537637","29218/2025-11-01/1760537637.json"
"892632","715987","2025-11-02","37.00","AUD","1760537637","29218/2025-11-02/1760537637.json"
"892632","715987","2025-11-03","37.00","AUD","1760537637","29218/2025-11-03/1760537637.json"
"892632","715987","2025-11-04","37.00","AUD","1760537637","29218/2025-11-04/1760537637.json"
"892632","715987","2025-11-05","37.00","AUD","1760537637","29218/2025-11-05/1760537637.json"
"892632","715987","2025-11-06","37.00","AUD","1760537637","29218/2025-11-06/1760537637.json"
"892632","715987","2025-11-07","37.00","AUD","1760537637","29218/2025-11-07/1760537637.json"
"892632","715987","2025-11-08","37.00","AUD","1760537637","29218/2025-11-08/1760537637.json"
"892632","715987","2025-11-10","37.00","AUD","1760537637","29218/2025-11-10/1760537637.json"
"892632","715987","2025-11-09","37.00","AUD","1760537637","29218/2025-11-09/1760537637.json"
"892632","715987","2025-11-11","37.00","AUD","1760537637","29218/2025-11-11/1760537637.json"
"892632","715987","2025-11-13","37.00","AUD","1760537637","29218/2025-11-13/1760537637.json"
"892632","715987","2025-11-12","37.00","AUD","1760537637","29218/2025-11-12/1760537637.json"
"892632","715987","2025-11-15","37.00","AUD","1760537637","29218/2025-11-15/1760537637.json"
"892632","715987","2025-11-14","37.00","AUD","1760537637","29218/2025-11-14/1760537637.json"
"892632","715987","2025-11-16","37.00","AUD","1760537637","29218/2025-11-16/1760537637.json"
"892632","715987","2025-11-19","37.00","AUD","1760537637","29218/2025-11-19/1760537637.json"
"892632","715987","2025-11-18","37.00","AUD","1760537637","29218/2025-11-18/1760537637.json"
"892632","715987","2025-11-17","37.00","AUD","1760537637","29218/2025-11-17/1760537637.json"
"892632","715987","2025-11-20","37.00","AUD","1760537637","29218/2025-11-20/1760537637.json"
"892632","715987","2025-11-21","37.00","AUD","1760537637","29218/2025-11-21/1760537637.json"
"892632","715987","2025-11-23","37.00","AUD","1760537637","29218/2025-11-23/1760537637.json"
"892632","715987","2025-11-22","37.00","AUD","1760537637","29218/2025-11-22/1760537637.json"
"892632","715987","2025-11-26","37.00","AUD","1760537637","29218/2025-11-26/1760537637.json"
"892632","715987","2025-11-24","37.00","AUD","1760537637","29218/2025-11-24/1760537637.json"
"892632","715987","2025-11-27","37.00","AUD","1760537637","29218/2025-11-27/1760537637.json"
"892632","715987","2025-11-25","37.00","AUD","1760537637","29218/2025-11-25/1760537637.json"
"892632","715987","2025-11-28","37.00","AUD","1760537637","29218/2025-11-28/1760537637.json"
"892632","715987","2025-11-29","37.00","AUD","1760537637","29218/2025-11-29/1760537637.json"
"892632","715987","2025-11-30","37.00","AUD","1760537637","29218/2025-11-30/1760537637.json"
"892632","715987","2025-12-01","37.00","AUD","1760537637","29218/2025-12-01/1760537637.json"
"892632","715987","2025-12-02","37.00","AUD","1760537637","29218/2025-12-02/1760537637.json"
"892632","715987","2025-12-03","37.00","AUD","1760537637","29218/2025-12-03/1760537637.json"
"892632","715987","2025-12-04","37.00","AUD","1760537637","29218/2025-12-04/1760537637.json"
"892632","715987","2025-12-05","37.00","AUD","1760537637","29218/2025-12-05/1760537637.json"
"892632","715987","2025-12-06","37.00","AUD","1760537637","29218/2025-12-06/1760537637.json"
"892632","715987","2025-12-08","37.00","AUD","1760537637","29218/2025-12-08/1760537637.json"
"892632","715987","2025-12-09","37.00","AUD","1760537637","29218/2025-12-09/1760537637.json"
"892632","715987","2025-12-07","37.00","AUD","1760537637","29218/2025-12-07/1760537637.json"
"892632","715987","2025-12-10","37.00","AUD","1760537637","29218/2025-12-10/1760537637.json"
"892632","715987","2025-12-11","37.00","AUD","1760537637","29218/2025-12-11/1760537637.json"
"892632","715987","2025-12-13","37.00","AUD","1760537637","29218/2025-12-13/1760537637.json"
"892632","715987","2025-12-12","37.00","AUD","1760537637","29218/2025-12-12/1760537637.json"
"892632","715987","2025-12-14","37.00","AUD","1760537637","29218/2025-12-14/1760537637.json"
"892632","715987","2025-10-16","37.00","AUD","1760548556","29218/2025-10-16/1760548556.json"
"892632","715987","2025-10-17","37.00","AUD","1760548556","29218/2025-10-17/1760548556.json"
"892632","715987","2025-10-18","37.00","AUD","1760548556","29218/2025-10-18/1760548556.json"
"892632","715987","2025-10-19","37.00","AUD","1760548556","29218/2025-10-19/1760548556.json"
"892632","715987","2025-10-20","37.00","AUD","1760548556","29218/2025-10-20/1760548556.json"
"892632","715987","2025-10-22","37.00","AUD","1760548556","29218/2025-10-22/1760548556.json"
"892632","715987","2025-10-21","37.00","AUD","1760548556","29218/2025-10-21/1760548556.json"
"892632","715987","2025-10-23","37.00","AUD","1760548556","29218/2025-10-23/1760548556.json"
"892632","715987","2025-10-24","37.00","AUD","1760548556","29218/2025-10-24/1760548556.json"
"892632","715987","2025-10-26","37.00","AUD","1760548556","29218/2025-10-26/1760548556.json"
"892632","715987","2025-10-25","37.00","AUD","1760548556","29218/2025-10-25/1760548556.json"
"892632","715987","2025-10-27","37.00","AUD","1760548556","29218/2025-10-27/1760548556.json"
"892632","715987","2025-10-28","37.00","AUD","1760548556","29218/2025-10-28/1760548556.json"
"892632","715987","2025-10-30","37.00","AUD","1760548556","29218/2025-10-30/1760548556.json"
"892632","715987","2025-10-31","37.00","AUD","1760548556","29218/2025-10-31/1760548556.json"
"892632","715987","2025-10-29","37.00","AUD","1760548556","29218/2025-10-29/1760548556.json"
"892632","715987","2025-11-01","37.00","AUD","1760548556","29218/2025-11-01/1760548556.json"
"892632","715987","2025-11-02","37.00","AUD","1760548556","29218/2025-11-02/1760548556.json"
"892632","715987","2025-11-03","37.00","AUD","1760548556","29218/2025-11-03/1760548556.json"
"892632","715987","2025-11-04","37.00","AUD","1760548556","29218/2025-11-04/1760548556.json"
"892632","715987","2025-11-06","37.00","AUD","1760548556","29218/2025-11-06/1760548556.json"
"892632","715987","2025-11-05","37.00","AUD","1760548556","29218/2025-11-05/1760548556.json"
"892632","715987","2025-11-07","37.00","AUD","1760548556","29218/2025-11-07/1760548556.json"
"892632","715987","2025-11-09","37.00","AUD","1760548556","29218/2025-11-09/1760548556.json"
"892632","715987","2025-11-08","37.00","AUD","1760548556","29218/2025-11-08/1760548556.json"
"892632","715987","2025-11-10","37.00","AUD","1760548556","29218/2025-11-10/1760548556.json"
"892632","715987","2025-11-12","37.00","AUD","1760548556","29218/2025-11-12/1760548556.json"
"892632","715987","2025-11-11","37.00","AUD","1760548556","29218/2025-11-11/1760548556.json"
"892632","715987","2025-11-13","37.00","AUD","1760548556","29218/2025-11-13/1760548556.json"
"892632","715987","2025-11-14","37.00","AUD","1760548556","29218/2025-11-14/1760548556.json"
"892632","715987","2025-11-18","37.00","AUD","1760548556","29218/2025-11-18/1760548556.json"
"892632","715987","2025-11-17","37.00","AUD","1760548556","29218/2025-11-17/1760548556.json"
"892632","715987","2025-11-15","37.00","AUD","1760548556","29218/2025-11-15/1760548556.json"
"892632","715987","2025-11-16","37.00","AUD","1760548556","29218/2025-11-16/1760548556.json"
"892632","715987","2025-11-19","37.00","AUD","1760548556","29218/2025-11-19/1760548556.json"
"892632","715987","2025-11-21","37.00","AUD","1760548556","29218/2025-11-21/1760548556.json"
"892632","715987","2025-11-20","37.00","AUD","1760548556","29218/2025-11-20/1760548556.json"
"892632","715987","2025-11-22","37.00","AUD","1760548556","29218/2025-11-22/1760548556.json"
"892632","715987","2025-11-24","37.00","AUD","1760548556","29218/2025-11-24/1760548556.json"
"892632","715987","2025-11-23","37.00","AUD","1760548556","29218/2025-11-23/1760548556.json"
"892632","715987","2025-11-25","37.00","AUD","1760548556","29218/2025-11-25/1760548556.json"
"892632","715987","2025-11-26","37.00","AUD","1760548556","29218/2025-11-26/1760548556.json"
"892632","715987","2025-11-27","37.00","AUD","1760548556","29218/2025-11-27/1760548556.json"
"892632","715987","2025-11-29","37.00","AUD","1760548556","29218/2025-11-29/1760548556.json"
"892632","715987","2025-11-28","37.00","AUD","1760548556","29218/2025-11-28/1760548556.json"
"892632","715987","2025-11-30","37.00","AUD","1760548556","29218/2025-11-30/1760548556.json"
"892632","715987","2025-12-01","37.00","AUD","1760548556","29218/2025-12-01/1760548556.json"
"892632","715987","2025-12-04","37.00","AUD","1760548556","29218/2025-12-04/1760548556.json"
"892632","715987","2025-12-03","37.00","AUD","1760548556","29218/2025-12-03/1760548556.json"
"892632","715987","2025-12-02","37.00","AUD","1760548556","29218/2025-12-02/1760548556.json"
"892632","715987","2025-12-05","37.00","AUD","1760548556","29218/2025-12-05/1760548556.json"
"892632","715987","2025-12-08","37.00","AUD","1760548556","29218/2025-12-08/1760548556.json"
"892632","715987","2025-12-07","37.00","AUD","1760548556","29218/2025-12-07/1760548556.json"
"892632","715987","2025-12-06","37.00","AUD","1760548556","29218/2025-12-06/1760548556.json"
"892632","715987","2025-12-09","37.00","AUD","1760548556","29218/2025-12-09/1760548556.json"
"892632","715987","2025-12-12","37.00","AUD","1760548556","29218/2025-12-12/1760548556.json"
"892632","715987","2025-12-11","37.00","AUD","1760548556","29218/2025-12-11/1760548556.json"
"892632","715987","2025-12-10","37.00","AUD","1760548556","29218/2025-12-10/1760548556.json"
"892632","715987","2025-12-13","37.00","AUD","1760548556","29218/2025-12-13/1760548556.json"
"892632","715987","2025-12-14","37.00","AUD","1760548556","29218/2025-12-14/1760548556.json"
"892632","715987","2025-10-17","37.00","AUD","1760562405","29218/2025-10-17/1760562405.json"
"892632","715987","2025-10-18","37.00","AUD","1760562405","29218/2025-10-18/1760562405.json"
"892632","715987","2025-10-16","37.00","AUD","1760562405","29218/2025-10-16/1760562405.json"
"892632","715987","2025-10-19","37.00","AUD","1760562405","29218/2025-10-19/1760562405.json"
"892632","715987","2025-10-22","37.00","AUD","1760562405","29218/2025-10-22/1760562405.json"
"892632","715987","2025-10-21","37.00","AUD","1760562405","29218/2025-10-21/1760562405.json"
"892632","715987","2025-10-23","37.00","AUD","1760562405","29218/2025-10-23/1760562405.json"
"892632","715987","2025-10-20","37.00","AUD","1760562405","29218/2025-10-20/1760562405.json"
"892632","715987","2025-10-24","37.00","AUD","1760562405","29218/2025-10-24/1760562405.json"
"892632","715987","2025-10-25","37.00","AUD","1760562405","29218/2025-10-25/1760562405.json"
"892632","715987","2025-10-26","37.00","AUD","1760562405","29218/2025-10-26/1760562405.json"
"892632","715987","2025-10-27","37.00","AUD","1760562405","29218/2025-10-27/1760562405.json"
"892632","715987","2025-10-28","37.00","AUD","1760562405","29218/2025-10-28/1760562405.json"
"892632","715987","2025-10-29","37.00","AUD","1760562405","29218/2025-10-29/1760562405.json"
"892632","715987","2025-10-30","37.00","AUD","1760562405","29218/2025-10-30/1760562405.json"
"892632","715987","2025-10-31","37.00","AUD","1760562405","29218/2025-10-31/1760562405.json"
"892632","715987","2025-11-01","37.00","AUD","1760562405","29218/2025-11-01/1760562405.json"
"892632","715987","2025-11-02","37.00","AUD","1760562405","29218/2025-11-02/1760562405.json"
"892632","715987","2025-11-04","37.00","AUD","1760562405","29218/2025-11-04/1760562405.json"
"892632","715987","2025-11-06","37.00","AUD","1760562405","29218/2025-11-06/1760562405.json"
"892632","715987","2025-11-05","37.00","AUD","1760562405","29218/2025-11-05/1760562405.json"
"892632","715987","2025-11-03","37.00","AUD","1760562405","29218/2025-11-03/1760562405.json"
"892632","715987","2025-11-10","37.00","AUD","1760562405","29218/2025-11-10/1760562405.json"
"892632","715987","2025-11-07","37.00","AUD","1760562405","29218/2025-11-07/1760562405.json"
"892632","715987","2025-11-09","37.00","AUD","1760562405","29218/2025-11-09/1760562405.json"
"892632","715987","2025-11-11","37.00","AUD","1760562405","29218/2025-11-11/1760562405.json"
"892632","715987","2025-11-12","37.00","AUD","1760562405","29218/2025-11-12/1760562405.json"
"892632","715987","2025-11-08","37.00","AUD","1760562405","29218/2025-11-08/1760562405.json"
"892632","715987","2025-11-13","37.00","AUD","1760562405","29218/2025-11-13/1760562405.json"
"892632","715987","2025-11-14","37.00","AUD","1760562405","29218/2025-11-14/1760562405.json"
"892632","715987","2025-11-15","37.00","AUD","1760562405","29218/2025-11-15/1760562405.json"
"892632","715987","2025-11-16","37.00","AUD","1760562405","29218/2025-11-16/1760562405.json"
"892632","715987","2025-11-17","37.00","AUD","1760562405","29218/2025-11-17/1760562405.json"
"892632","715987","2025-11-19","37.00","AUD","1760562405","29218/2025-11-19/1760562405.json"
"892632","715987","2025-11-20","37.00","AUD","1760562405","29218/2025-11-20/1760562405.json"
"892632","715987","2025-11-18","37.00","AUD","1760562405","29218/2025-11-18/1760562405.json"
"892632","715987","2025-11-21","37.00","AUD","1760562405","29218/2025-11-21/1760562405.json"
"892632","715987","2025-11-22","37.00","AUD","1760562405","29218/2025-11-22/1760562405.json"
"892632","715987","2025-11-23","37.00","AUD","1760562405","29218/2025-11-23/1760562405.json"
"892632","715987","2025-11-24","37.00","AUD","1760562405","29218/2025-11-24/1760562405.json"
"892632","715987","2025-11-25","37.00","AUD","1760562405","29218/2025-11-25/1760562405.json"
"892632","715987","2025-11-26","37.00","AUD","1760562405","29218/2025-11-26/1760562405.json"
"892632","715987","2025-11-27","37.00","AUD","1760562405","29218/2025-11-27/1760562405.json"
"892632","715987","2025-11-28","37.00","AUD","1760562405","29218/2025-11-28/1760562405.json"
"892632","715987","2025-11-29","37.00","AUD","1760562405","29218/2025-11-29/1760562405.json"
"892632","715987","2025-11-30","37.00","AUD","1760562405","29218/2025-11-30/1760562405.json"
"892632","715987","2025-12-01","37.00","AUD","1760562405","29218/2025-12-01/1760562405.json"
"892632","715987","2025-12-04","37.00","AUD","1760562405","29218/2025-12-04/1760562405.json"
"892632","715987","2025-12-03","37.00","AUD","1760562405","29218/2025-12-03/1760562405.json"
"892632","715987","2025-12-02","37.00","AUD","1760562405","29218/2025-12-02/1760562405.json"
"892632","715987","2025-12-05","37.00","AUD","1760562405","29218/2025-12-05/1760562405.json"
"892632","715987","2025-12-06","37.00","AUD","1760562405","29218/2025-12-06/1760562405.json"
"892632","715987","2025-12-07","37.00","AUD","1760562405","29218/2025-12-07/1760562405.json"
"892632","715987","2025-12-09","37.00","AUD","1760562405","29218/2025-12-09/1760562405.json"
"892632","715987","2025-12-08","37.00","AUD","1760562405","29218/2025-12-08/1760562405.json"
"892632","715987","2025-12-11","37.00","AUD","1760562405","29218/2025-12-11/1760562405.json"
"892632","715987","2025-12-10","37.00","AUD","1760562405","29218/2025-12-10/1760562405.json"
"892632","715987","2025-12-13","37.00","AUD","1760562405","29218/2025-12-13/1760562405.json"
"892632","715987","2025-12-12","37.00","AUD","1760562405","29218/2025-12-12/1760562405.json"
"892632","715987","2025-12-14","37.00","AUD","1760562405","29218/2025-12-14/1760562405.json"
"892632","715987","2025-10-17","37.00","AUD","1760585980","29218/2025-10-17/1760585980.json"
"892632","715987","2025-10-19","37.00","AUD","1760585980","29218/2025-10-19/1760585980.json"
"892632","715987","2025-10-18","37.00","AUD","1760585980","29218/2025-10-18/1760585980.json"
"892632","715987","2025-10-23","37.00","AUD","1760585980","29218/2025-10-23/1760585980.json"
"892632","715987","2025-10-21","37.00","AUD","1760585980","29218/2025-10-21/1760585980.json"
"892632","715987","2025-10-20","37.00","AUD","1760585980","29218/2025-10-20/1760585980.json"
"892632","715987","2025-10-22","37.00","AUD","1760585980","29218/2025-10-22/1760585980.json"
"892632","715987","2025-10-24","37.00","AUD","1760585980","29218/2025-10-24/1760585980.json"
"892632","715987","2025-10-25","37.00","AUD","1760585980","29218/2025-10-25/1760585980.json"
"892632","715987","2025-10-27","37.00","AUD","1760585980","29218/2025-10-27/1760585980.json"
"892632","715987","2025-10-26","37.00","AUD","1760585980","29218/2025-10-26/1760585980.json"
"892632","715987","2025-10-28","37.00","AUD","1760585980","29218/2025-10-28/1760585980.json"
"892632","715987","2025-10-29","37.00","AUD","1760585980","29218/2025-10-29/1760585980.json"
"892632","715987","2025-10-30","37.00","AUD","1760585980","29218/2025-10-30/1760585980.json"
"892632","715987","2025-10-31","37.00","AUD","1760585980","29218/2025-10-31/1760585980.json"
"892632","715987","2025-11-01","37.00","AUD","1760585980","29218/2025-11-01/1760585980.json"
"892632","715987","2025-11-02","37.00","AUD","1760585980","29218/2025-11-02/1760585980.json"
"892632","715987","2025-11-03","37.00","AUD","1760585980","29218/2025-11-03/1760585980.json"
"892632","715987","2025-11-04","37.00","AUD","1760585980","29218/2025-11-04/1760585980.json"
"892632","715987","2025-11-05","37.00","AUD","1760585980","29218/2025-11-05/1760585980.json"
"892632","715987","2025-11-07","37.00","AUD","1760585980","29218/2025-11-07/1760585980.json"
"892632","715987","2025-11-08","37.00","AUD","1760585980","29218/2025-11-08/1760585980.json"
"892632","715987","2025-11-09","37.00","AUD","1760585980","29218/2025-11-09/1760585980.json"
"892632","715987","2025-11-10","37.00","AUD","1760585980","29218/2025-11-10/1760585980.json"
"892632","715987","2025-11-11","37.00","AUD","1760585980","29218/2025-11-11/1760585980.json"
"892632","715987","2025-11-12","37.00","AUD","1760585980","29218/2025-11-12/1760585980.json"
"892632","715987","2025-11-13","37.00","AUD","1760585980","29218/2025-11-13/1760585980.json"
"892632","715987","2025-11-14","37.00","AUD","1760585980","29218/2025-11-14/1760585980.json"
"892632","715987","2025-11-15","37.00","AUD","1760585980","29218/2025-11-15/1760585980.json"
"892632","715987","2025-11-16","37.00","AUD","1760585980","29218/2025-11-16/1760585980.json"
"892632","715987","2025-11-17","37.00","AUD","1760585980","29218/2025-11-17/1760585980.json"
"892632","715987","2025-11-18","37.00","AUD","1760585980","29218/2025-11-18/1760585980.json"
"892632","715987","2025-11-19","37.00","AUD","1760585980","29218/2025-11-19/1760585980.json"
"892632","715987","2025-11-20","37.00","AUD","1760585980","29218/2025-11-20/1760585980.json"
"892632","715987","2025-11-21","37.00","AUD","1760585980","29218/2025-11-21/1760585980.json"
"892632","715987","2025-11-22","37.00","AUD","1760585980","29218/2025-11-22/1760585980.json"
"892632","715987","2025-11-23","37.00","AUD","1760585980","29218/2025-11-23/1760585980.json"
"892632","715987","2025-11-24","37.00","AUD","1760585980","29218/2025-11-24/1760585980.json"
"892632","715987","2025-11-25","37.00","AUD","1760585980","29218/2025-11-25/1760585980.json"
"892632","715987","2025-11-26","37.00","AUD","1760585980","29218/2025-11-26/1760585980.json"
"892632","715987","2025-11-06","37.00","AUD","1760585980","29218/2025-11-06/1760585980.json"
"892632","715987","2025-11-27","37.00","AUD","1760585980","29218/2025-11-27/1760585980.json"
"892632","715987","2025-11-29","37.00","AUD","1760585980","29218/2025-11-29/1760585980.json"
"892632","715987","2025-11-28","37.00","AUD","1760585980","29218/2025-11-28/1760585980.json"
"892632","715987","2025-11-30","37.00","AUD","1760585980","29218/2025-11-30/1760585980.json"
"892632","715987","2025-12-01","37.00","AUD","1760585980","29218/2025-12-01/1760585980.json"
"892632","715987","2025-12-02","37.00","AUD","1760585980","29218/2025-12-02/1760585980.json"
"892632","715987","2025-12-03","37.00","AUD","1760585980","29218/2025-12-03/1760585980.json"
"892632","715987","2025-12-04","37.00","AUD","1760585980","29218/2025-12-04/1760585980.json"
"892632","715987","2025-12-05","37.00","AUD","1760585980","29218/2025-12-05/1760585980.json"
"892632","715987","2025-12-06","37.00","AUD","1760585980","29218/2025-12-06/1760585980.json"
"892632","715987","2025-12-09","37.00","AUD","1760585980","29218/2025-12-09/1760585980.json"
"892632","715987","2025-12-07","37.00","AUD","1760585980","29218/2025-12-07/1760585980.json"
"892632","715987","2025-12-08","37.00","AUD","1760585980","29218/2025-12-08/1760585980.json"
"892632","715987","2025-12-11","37.00","AUD","1760585980","29218/2025-12-11/1760585980.json"
"892632","715987","2025-12-12","37.00","AUD","1760585980","29218/2025-12-12/1760585980.json"
"892632","715987","2025-12-10","37.00","AUD","1760585980","29218/2025-12-10/1760585980.json"
"892632","715987","2025-12-13","37.00","AUD","1760585980","29218/2025-12-13/1760585980.json"
"892632","715987","2025-12-14","37.00","AUD","1760585980","29218/2025-12-14/1760585980.json"
"892632","715987","2025-12-15","37.00","AUD","1760585980","29218/2025-12-15/1760585980.json"
"892632","715987","2025-10-17","37.00","AUD","1760591242","29218/2025-10-17/1760591242.json"
"892632","715987","2025-10-19","37.00","AUD","1760591242","29218/2025-10-19/1760591242.json"
"892632","715987","2025-10-18","37.00","AUD","1760591242","29218/2025-10-18/1760591242.json"
"892632","715987","2025-10-20","37.00","AUD","1760591242","29218/2025-10-20/1760591242.json"
"892632","715987","2025-10-21","37.00","AUD","1760591242","29218/2025-10-21/1760591242.json"
"892632","715987","2025-10-22","37.00","AUD","1760591242","29218/2025-10-22/1760591242.json"
"892632","715987","2025-10-23","37.00","AUD","1760591242","29218/2025-10-23/1760591242.json"
"892632","715987","2025-10-24","37.00","AUD","1760591242","29218/2025-10-24/1760591242.json"
"892632","715987","2025-10-26","37.00","AUD","1760591242","29218/2025-10-26/1760591242.json"
"892632","715987","2025-10-27","37.00","AUD","1760591242","29218/2025-10-27/1760591242.json"
"892632","715987","2025-10-25","37.00","AUD","1760591242","29218/2025-10-25/1760591242.json"
"892632","715987","2025-10-29","37.00","AUD","1760591242","29218/2025-10-29/1760591242.json"
"892632","715987","2025-10-31","37.00","AUD","1760591242","29218/2025-10-31/1760591242.json"
"892632","715987","2025-10-30","37.00","AUD","1760591242","29218/2025-10-30/1760591242.json"
"892632","715987","2025-10-28","37.00","AUD","1760591242","29218/2025-10-28/1760591242.json"
"892632","715987","2025-11-01","37.00","AUD","1760591242","29218/2025-11-01/1760591242.json"
"892632","715987","2025-11-02","37.00","AUD","1760591242","29218/2025-11-02/1760591242.json"
"892632","715987","2025-11-04","37.00","AUD","1760591242","29218/2025-11-04/1760591242.json"
"892632","715987","2025-11-03","37.00","AUD","1760591242","29218/2025-11-03/1760591242.json"
"892632","715987","2025-11-06","37.00","AUD","1760591242","29218/2025-11-06/1760591242.json"
"892632","715987","2025-11-05","37.00","AUD","1760591242","29218/2025-11-05/1760591242.json"
"892632","715987","2025-11-07","37.00","AUD","1760591242","29218/2025-11-07/1760591242.json"
"892632","715987","2025-11-08","37.00","AUD","1760591242","29218/2025-11-08/1760591242.json"
"892632","715987","2025-11-09","37.00","AUD","1760591242","29218/2025-11-09/1760591242.json"
"892632","715987","2025-11-11","37.00","AUD","1760591242","29218/2025-11-11/1760591242.json"
"892632","715987","2025-11-10","37.00","AUD","1760591242","29218/2025-11-10/1760591242.json"
"892632","715987","2025-11-13","37.00","AUD","1760591242","29218/2025-11-13/1760591242.json"
"892632","715987","2025-11-12","37.00","AUD","1760591242","29218/2025-11-12/1760591242.json"
"892632","715987","2025-11-14","37.00","AUD","1760591242","29218/2025-11-14/1760591242.json"
"892632","715987","2025-11-15","37.00","AUD","1760591242","29218/2025-11-15/1760591242.json"
"892632","715987","2025-11-17","37.00","AUD","1760591242","29218/2025-11-17/1760591242.json"
"892632","715987","2025-11-18","37.00","AUD","1760591242","29218/2025-11-18/1760591242.json"
"892632","715987","2025-11-19","37.00","AUD","1760591242","29218/2025-11-19/1760591242.json"
"892632","715987","2025-11-16","37.00","AUD","1760591242","29218/2025-11-16/1760591242.json"
"892632","715987","2025-11-20","37.00","AUD","1760591242","29218/2025-11-20/1760591242.json"
"892632","715987","2025-11-21","37.00","AUD","1760591242","29218/2025-11-21/1760591242.json"
"892632","715987","2025-11-22","37.00","AUD","1760591242","29218/2025-11-22/1760591242.json"
"892632","715987","2025-11-23","37.00","AUD","1760591242","29218/2025-11-23/1760591242.json"
"892632","715987","2025-11-24","37.00","AUD","1760591242","29218/2025-11-24/1760591242.json"
"892632","715987","2025-11-25","37.00","AUD","1760591242","29218/2025-11-25/1760591242.json"
"892632","715987","2025-11-26","37.00","AUD","1760591242","29218/2025-11-26/1760591242.json"
"892632","715987","2025-11-27","37.00","AUD","1760591242","29218/2025-11-27/1760591242.json"
"892632","715987","2025-11-29","37.00","AUD","1760591242","29218/2025-11-29/1760591242.json"
"892632","715987","2025-11-28","37.00","AUD","1760591242","29218/2025-11-28/1760591242.json"
"892632","715987","2025-12-01","37.00","AUD","1760591242","29218/2025-12-01/1760591242.json"
"892632","715987","2025-11-30","37.00","AUD","1760591242","29218/2025-11-30/1760591242.json"
"892632","715987","2025-12-03","37.00","AUD","1760591242","29218/2025-12-03/1760591242.json"
"892632","715987","2025-12-02","37.00","AUD","1760591242","29218/2025-12-02/1760591242.json"
"892632","715987","2025-12-05","37.00","AUD","1760591242","29218/2025-12-05/1760591242.json"
"892632","715987","2025-12-04","37.00","AUD","1760591242","29218/2025-12-04/1760591242.json"
"892632","715987","2025-12-06","37.00","AUD","1760591242","29218/2025-12-06/1760591242.json"
"892632","715987","2025-12-07","37.00","AUD","1760591242","29218/2025-12-07/1760591242.json"
"892632","715987","2025-12-08","37.00","AUD","1760591242","29218/2025-12-08/1760591242.json"
"892632","715987","2025-12-09","37.00","AUD","1760591242","29218/2025-12-09/1760591242.json"
"892632","715987","2025-12-10","37.00","AUD","1760591242","29218/2025-12-10/1760591242.json"
"892632","715987","2025-12-11","37.00","AUD","1760591242","29218/2025-12-11/1760591242.json"
"892632","715987","2025-12-12","37.00","AUD","1760591242","29218/2025-12-12/1760591242.json"
"892632","715987","2025-12-13","37.00","AUD","1760591242","29218/2025-12-13/1760591242.json"
"892632","715987","2025-12-14","37.00","AUD","1760591242","29218/2025-12-14/1760591242.json"
"892632","715987","2025-12-15","37.00","AUD","1760591242","29218/2025-12-15/1760591242.json"
"892632","715987","2025-10-17","37.00","AUD","1760606436","29218/2025-10-17/1760606436.json"
"892632","715987","2025-10-19","37.00","AUD","1760606436","29218/2025-10-19/1760606436.json"
"892632","715987","2025-10-18","37.00","AUD","1760606436","29218/2025-10-18/1760606436.json"
"892632","715987","2025-10-20","37.00","AUD","1760606436","29218/2025-10-20/1760606436.json"
"892632","715987","2025-10-22","37.00","AUD","1760606436","29218/2025-10-22/1760606436.json"
"892632","715987","2025-10-23","37.00","AUD","1760606436","29218/2025-10-23/1760606436.json"
"892632","715987","2025-10-21","37.00","AUD","1760606436","29218/2025-10-21/1760606436.json"
"892632","715987","2025-10-24","37.00","AUD","1760606436","29218/2025-10-24/1760606436.json"
"892632","715987","2025-10-25","37.00","AUD","1760606436","29218/2025-10-25/1760606436.json"
"892632","715987","2025-10-27","37.00","AUD","1760606436","29218/2025-10-27/1760606436.json"
"892632","715987","2025-10-26","37.00","AUD","1760606436","29218/2025-10-26/1760606436.json"
"892632","715987","2025-10-28","37.00","AUD","1760606436","29218/2025-10-28/1760606436.json"
"892632","715987","2025-10-29","37.00","AUD","1760606436","29218/2025-10-29/1760606436.json"
"892632","715987","2025-10-31","37.00","AUD","1760606436","29218/2025-10-31/1760606436.json"
"892632","715987","2025-11-01","37.00","AUD","1760606436","29218/2025-11-01/1760606436.json"
"892632","715987","2025-10-30","37.00","AUD","1760606436","29218/2025-10-30/1760606436.json"
"892632","715987","2025-11-02","37.00","AUD","1760606436","29218/2025-11-02/1760606436.json"
"892632","715987","2025-11-03","37.00","AUD","1760606436","29218/2025-11-03/1760606436.json"
"892632","715987","2025-11-04","37.00","AUD","1760606436","29218/2025-11-04/1760606436.json"
"892632","715987","2025-11-05","37.00","AUD","1760606436","29218/2025-11-05/1760606436.json"
"892632","715987","2025-11-06","37.00","AUD","1760606436","29218/2025-11-06/1760606436.json"
"892632","715987","2025-11-07","37.00","AUD","1760606436","29218/2025-11-07/1760606436.json"
"892632","715987","2025-11-08","37.00","AUD","1760606436","29218/2025-11-08/1760606436.json"
"892632","715987","2025-11-09","37.00","AUD","1760606436","29218/2025-11-09/1760606436.json"
"892632","715987","2025-11-10","37.00","AUD","1760606436","29218/2025-11-10/1760606436.json"
"892632","715987","2025-11-11","37.00","AUD","1760606436","29218/2025-11-11/1760606436.json"
"892632","715987","2025-11-12","37.00","AUD","1760606436","29218/2025-11-12/1760606436.json"
"892632","715987","2025-11-13","37.00","AUD","1760606436","29218/2025-11-13/1760606436.json"
"892632","715987","2025-11-15","37.00","AUD","1760606436","29218/2025-11-15/1760606436.json"
"892632","715987","2025-11-14","37.00","AUD","1760606436","29218/2025-11-14/1760606436.json"
"892632","715987","2025-11-16","37.00","AUD","1760606436","29218/2025-11-16/1760606436.json"
"892632","715987","2025-11-17","37.00","AUD","1760606436","29218/2025-11-17/1760606436.json"
"892632","715987","2025-11-19","37.00","AUD","1760606436","29218/2025-11-19/1760606436.json"
"892632","715987","2025-11-18","37.00","AUD","1760606436","29218/2025-11-18/1760606436.json"
"892632","715987","2025-11-20","37.00","AUD","1760606436","29218/2025-11-20/1760606436.json"
"892632","715987","2025-11-21","37.00","AUD","1760606436","29218/2025-11-21/1760606436.json"
"892632","715987","2025-11-23","37.00","AUD","1760606436","29218/2025-11-23/1760606436.json"
"892632","715987","2025-11-22","37.00","AUD","1760606436","29218/2025-11-22/1760606436.json"
"892632","715987","2025-11-24","37.00","AUD","1760606436","29218/2025-11-24/1760606436.json"
"892632","715987","2025-11-25","37.00","AUD","1760606436","29218/2025-11-25/1760606436.json"
"892632","715987","2025-11-26","37.00","AUD","1760606436","29218/2025-11-26/1760606436.json"
"892632","715987","2025-11-27","37.00","AUD","1760606436","29218/2025-11-27/1760606436.json"
"892632","715987","2025-11-28","37.00","AUD","1760606436","29218/2025-11-28/1760606436.json"
"892632","715987","2025-11-29","37.00","AUD","1760606436","29218/2025-11-29/1760606436.json"
"892632","715987","2025-11-30","37.00","AUD","1760606436","29218/2025-11-30/1760606436.json"
"892632","715987","2025-12-01","37.00","AUD","1760606436","29218/2025-12-01/1760606436.json"
"892632","715987","2025-12-02","37.00","AUD","1760606436","29218/2025-12-02/1760606436.json"
"892632","715987","2025-12-03","37.00","AUD","1760606436","29218/2025-12-03/1760606436.json"
"892632","715987","2025-12-04","37.00","AUD","1760606436","29218/2025-12-04/1760606436.json"
"892632","715987","2025-12-05","37.00","AUD","1760606436","29218/2025-12-05/1760606436.json"
"892632","715987","2025-12-07","37.00","AUD","1760606436","29218/2025-12-07/1760606436.json"
"892632","715987","2025-12-06","37.00","AUD","1760606436","29218/2025-12-06/1760606436.json"
"892632","715987","2025-12-08","37.00","AUD","1760606436","29218/2025-12-08/1760606436.json"
"892632","715987","2025-12-09","37.00","AUD","1760606436","29218/2025-12-09/1760606436.json"
"892632","715987","2025-12-10","37.00","AUD","1760606436","29218/2025-12-10/1760606436.json"
"892632","715987","2025-12-11","37.00","AUD","1760606436","29218/2025-12-11/1760606436.json"
"892632","715987","2025-12-12","37.00","AUD","1760606436","29218/2025-12-12/1760606436.json"
"892632","715987","2025-12-13","37.00","AUD","1760606436","29218/2025-12-13/1760606436.json"
"892632","715987","2025-12-14","37.00","AUD","1760606436","29218/2025-12-14/1760606436.json"
"892632","715987","2025-12-15","37.00","AUD","1760606436","29218/2025-12-15/1760606436.json"
"892632","715987","2025-10-18","37.00","AUD","1760623837","29218/2025-10-18/1760623837.json"
"892632","715987","2025-10-17","37.00","AUD","1760623837","29218/2025-10-17/1760623837.json"
"892632","715987","2025-10-19","37.00","AUD","1760623837","29218/2025-10-19/1760623837.json"
"892632","715987","2025-10-20","37.00","AUD","1760623837","29218/2025-10-20/1760623837.json"
"892632","715987","2025-10-23","37.00","AUD","1760623837","29218/2025-10-23/1760623837.json"
"892632","715987","2025-10-22","37.00","AUD","1760623837","29218/2025-10-22/1760623837.json"
"892632","715987","2025-10-21","37.00","AUD","1760623837","29218/2025-10-21/1760623837.json"
"892632","715987","2025-10-24","37.00","AUD","1760623837","29218/2025-10-24/1760623837.json"
"892632","715987","2025-10-25","37.00","AUD","1760623837","29218/2025-10-25/1760623837.json"
"892632","715987","2025-10-26","37.00","AUD","1760623837","29218/2025-10-26/1760623837.json"
"892632","715987","2025-10-28","37.00","AUD","1760623837","29218/2025-10-28/1760623837.json"
"892632","715987","2025-10-27","37.00","AUD","1760623837","29218/2025-10-27/1760623837.json"
"892632","715987","2025-10-30","37.00","AUD","1760623837","29218/2025-10-30/1760623837.json"
"892632","715987","2025-10-29","37.00","AUD","1760623837","29218/2025-10-29/1760623837.json"
"892632","715987","2025-10-31","37.00","AUD","1760623837","29218/2025-10-31/1760623837.json"
"892632","715987","2025-11-01","37.00","AUD","1760623837","29218/2025-11-01/1760623837.json"
"892632","715987","2025-11-03","37.00","AUD","1760623837","29218/2025-11-03/1760623837.json"
"892632","715987","2025-11-02","37.00","AUD","1760623837","29218/2025-11-02/1760623837.json"
"892632","715987","2025-11-04","37.00","AUD","1760623837","29218/2025-11-04/1760623837.json"
"892632","715987","2025-11-05","37.00","AUD","1760623837","29218/2025-11-05/1760623837.json"
"892632","715987","2025-11-07","37.00","AUD","1760623837","29218/2025-11-07/1760623837.json"
"892632","715987","2025-11-06","37.00","AUD","1760623837","29218/2025-11-06/1760623837.json"
"892632","715987","2025-11-08","37.00","AUD","1760623837","29218/2025-11-08/1760623837.json"
"892632","715987","2025-11-09","37.00","AUD","1760623837","29218/2025-11-09/1760623837.json"
"892632","715987","2025-11-10","37.00","AUD","1760623837","29218/2025-11-10/1760623837.json"
"892632","715987","2025-11-11","37.00","AUD","1760623837","29218/2025-11-11/1760623837.json"
"892632","715987","2025-11-13","37.00","AUD","1760623837","29218/2025-11-13/1760623837.json"
"892632","715987","2025-11-12","37.00","AUD","1760623837","29218/2025-11-12/1760623837.json"
"892632","715987","2025-11-16","37.00","AUD","1760623837","29218/2025-11-16/1760623837.json"
"892632","715987","2025-11-15","37.00","AUD","1760623837","29218/2025-11-15/1760623837.json"
"892632","715987","2025-11-14","37.00","AUD","1760623837","29218/2025-11-14/1760623837.json"
"892632","715987","2025-11-17","37.00","AUD","1760623837","29218/2025-11-17/1760623837.json"
"892632","715987","2025-11-19","37.00","AUD","1760623837","29218/2025-11-19/1760623837.json"
"892632","715987","2025-11-18","37.00","AUD","1760623837","29218/2025-11-18/1760623837.json"
"892632","715987","2025-11-20","37.00","AUD","1760623837","29218/2025-11-20/1760623837.json"
"892632","715987","2025-11-21","37.00","AUD","1760623837","29218/2025-11-21/1760623837.json"
"892632","715987","2025-11-22","37.00","AUD","1760623837","29218/2025-11-22/1760623837.json"
"892632","715987","2025-11-23","37.00","AUD","1760623837","29218/2025-11-23/1760623837.json"
"892632","715987","2025-11-24","37.00","AUD","1760623837","29218/2025-11-24/1760623837.json"
"892632","715987","2025-11-25","37.00","AUD","1760623837","29218/2025-11-25/1760623837.json"
"892632","715987","2025-11-27","37.00","AUD","1760623837","29218/2025-11-27/1760623837.json"
"892632","715987","2025-11-26","37.00","AUD","1760623837","29218/2025-11-26/1760623837.json"
"892632","715987","2025-11-28","37.00","AUD","1760623837","29218/2025-11-28/1760623837.json"
"892632","715987","2025-11-29","37.00","AUD","1760623837","29218/2025-11-29/1760623837.json"
"892632","715987","2025-11-30","37.00","AUD","1760623837","29218/2025-11-30/1760623837.json"
"892632","715987","2025-12-01","37.00","AUD","1760623837","29218/2025-12-01/1760623837.json"
"892632","715987","2025-12-02","37.00","AUD","1760623837","29218/2025-12-02/1760623837.json"
"892632","715987","2025-12-03","37.00","AUD","1760623837","29218/2025-12-03/1760623837.json"
"892632","715987","2025-12-04","37.00","AUD","1760623837","29218/2025-12-04/1760623837.json"
"892632","715987","2025-12-05","37.00","AUD","1760623837","29218/2025-12-05/1760623837.json"
"892632","715987","2025-12-06","37.00","AUD","1760623837","29218/2025-12-06/1760623837.json"
"892632","715987","2025-12-07","37.00","AUD","1760623837","29218/2025-12-07/1760623837.json"
"892632","715987","2025-12-08","37.00","AUD","1760623837","29218/2025-12-08/1760623837.json"
"892632","715987","2025-12-09","37.00","AUD","1760623837","29218/2025-12-09/1760623837.json"
"892632","715987","2025-12-10","37.00","AUD","1760623837","29218/2025-12-10/1760623837.json"
"892632","715987","2025-12-11","37.00","AUD","1760623837","29218/2025-12-11/1760623837.json"
"892632","715987","2025-12-12","37.00","AUD","1760623837","29218/2025-12-12/1760623837.json"
"892632","715987","2025-12-13","37.00","AUD","1760623837","29218/2025-12-13/1760623837.json"
"892632","715987","2025-12-14","37.00","AUD","1760623837","29218/2025-12-14/1760623837.json"
"892632","715987","2025-12-15","37.00","AUD","1760623837","29218/2025-12-15/1760623837.json"
"892632","715987","2025-10-19","37.00","AUD","1760635173","29218/2025-10-19/1760635173.json"
"892632","715987","2025-10-17","37.00","AUD","1760635173","29218/2025-10-17/1760635173.json"
"892632","715987","2025-10-18","37.00","AUD","1760635173","29218/2025-10-18/1760635173.json"
"892632","715987","2025-10-20","37.00","AUD","1760635173","29218/2025-10-20/1760635173.json"
"892632","715987","2025-10-21","37.00","AUD","1760635173","29218/2025-10-21/1760635173.json"
"892632","715987","2025-10-24","37.00","AUD","1760635173","29218/2025-10-24/1760635173.json"
"892632","715987","2025-10-23","37.00","AUD","1760635173","29218/2025-10-23/1760635173.json"
"892632","715987","2025-10-22","37.00","AUD","1760635173","29218/2025-10-22/1760635173.json"
"892632","715987","2025-10-25","37.00","AUD","1760635173","29218/2025-10-25/1760635173.json"
"892632","715987","2025-10-26","37.00","AUD","1760635173","29218/2025-10-26/1760635173.json"
"892632","715987","2025-10-28","37.00","AUD","1760635173","29218/2025-10-28/1760635173.json"
"892632","715987","2025-10-27","37.00","AUD","1760635173","29218/2025-10-27/1760635173.json"
"892632","715987","2025-10-29","37.00","AUD","1760635173","29218/2025-10-29/1760635173.json"
"892632","715987","2025-10-30","37.00","AUD","1760635173","29218/2025-10-30/1760635173.json"
"892632","715987","2025-11-01","37.00","AUD","1760635173","29218/2025-11-01/1760635173.json"
"892632","715987","2025-10-31","37.00","AUD","1760635173","29218/2025-10-31/1760635173.json"
"892632","715987","2025-11-02","37.00","AUD","1760635173","29218/2025-11-02/1760635173.json"
"892632","715987","2025-11-03","37.00","AUD","1760635173","29218/2025-11-03/1760635173.json"
"892632","715987","2025-11-04","37.00","AUD","1760635173","29218/2025-11-04/1760635173.json"
"892632","715987","2025-11-05","37.00","AUD","1760635173","29218/2025-11-05/1760635173.json"
"892632","715987","2025-11-06","37.00","AUD","1760635173","29218/2025-11-06/1760635173.json"
"892632","715987","2025-11-07","37.00","AUD","1760635173","29218/2025-11-07/1760635173.json"
"892632","715987","2025-11-08","37.00","AUD","1760635173","29218/2025-11-08/1760635173.json"
"892632","715987","2025-11-09","37.00","AUD","1760635173","29218/2025-11-09/1760635173.json"
"892632","715987","2025-11-10","37.00","AUD","1760635173","29218/2025-11-10/1760635173.json"
"892632","715987","2025-11-11","37.00","AUD","1760635173","29218/2025-11-11/1760635173.json"
"892632","715987","2025-11-12","37.00","AUD","1760635173","29218/2025-11-12/1760635173.json"
"892632","715987","2025-11-13","37.00","AUD","1760635173","29218/2025-11-13/1760635173.json"
"892632","715987","2025-11-15","37.00","AUD","1760635173","29218/2025-11-15/1760635173.json"
"892632","715987","2025-11-14","37.00","AUD","1760635173","29218/2025-11-14/1760635173.json"
"892632","715987","2025-11-16","37.00","AUD","1760635173","29218/2025-11-16/1760635173.json"
"892632","715987","2025-11-17","37.00","AUD","1760635173","29218/2025-11-17/1760635173.json"
"892632","715987","2025-11-18","37.00","AUD","1760635173","29218/2025-11-18/1760635173.json"
"892632","715987","2025-11-19","37.00","AUD","1760635173","29218/2025-11-19/1760635173.json"
"892632","715987","2025-11-22","37.00","AUD","1760635173","29218/2025-11-22/1760635173.json"
"892632","715987","2025-11-21","37.00","AUD","1760635173","29218/2025-11-21/1760635173.json"
"892632","715987","2025-11-20","37.00","AUD","1760635173","29218/2025-11-20/1760635173.json"
"892632","715987","2025-11-23","37.00","AUD","1760635173","29218/2025-11-23/1760635173.json"
"892632","715987","2025-11-24","37.00","AUD","1760635173","29218/2025-11-24/1760635173.json"
"892632","715987","2025-11-25","37.00","AUD","1760635173","29218/2025-11-25/1760635173.json"
"892632","715987","2025-11-26","37.00","AUD","1760635173","29218/2025-11-26/1760635173.json"
"892632","715987","2025-11-27","37.00","AUD","1760635173","29218/2025-11-27/1760635173.json"
"892632","715987","2025-11-28","37.00","AUD","1760635173","29218/2025-11-28/1760635173.json"
"892632","715987","2025-11-29","37.00","AUD","1760635173","29218/2025-11-29/1760635173.json"
"892632","715987","2025-11-30","37.00","AUD","1760635173","29218/2025-11-30/1760635173.json"
"892632","715987","2025-12-01","37.00","AUD","1760635173","29218/2025-12-01/1760635173.json"
"892632","715987","2025-12-02","37.00","AUD","1760635173","29218/2025-12-02/1760635173.json"
"892632","715987","2025-12-03","37.00","AUD","1760635173","29218/2025-12-03/1760635173.json"
"892632","715987","2025-12-04","37.00","AUD","1760635173","29218/2025-12-04/1760635173.json"
"892632","715987","2025-12-05","37.00","AUD","1760635173","29218/2025-12-05/1760635173.json"
"892632","715987","2025-12-07","37.00","AUD","1760635173","29218/2025-12-07/1760635173.json"
"892632","715987","2025-12-06","37.00","AUD","1760635173","29218/2025-12-06/1760635173.json"
"892632","715987","2025-12-08","37.00","AUD","1760635173","29218/2025-12-08/1760635173.json"
"892632","715987","2025-12-09","37.00","AUD","1760635173","29218/2025-12-09/1760635173.json"
"892632","715987","2025-12-10","37.00","AUD","1760635173","29218/2025-12-10/1760635173.json"
"892632","715987","2025-12-12","37.00","AUD","1760635173","29218/2025-12-12/1760635173.json"
"892632","715987","2025-12-11","37.00","AUD","1760635173","29218/2025-12-11/1760635173.json"
"892632","715987","2025-12-13","37.00","AUD","1760635173","29218/2025-12-13/1760635173.json"
"892632","715987","2025-12-14","37.00","AUD","1760635173","29218/2025-12-14/1760635173.json"
"892632","715987","2025-12-15","37.00","AUD","1760635173","29218/2025-12-15/1760635173.json"
"892632","715987","2025-10-17","37.00","AUD","1760648700","29218/2025-10-17/1760648700.json"
"892632","715987","2025-10-19","37.00","AUD","1760648700","29218/2025-10-19/1760648700.json"
"892632","715987","2025-10-18","37.00","AUD","1760648700","29218/2025-10-18/1760648700.json"
"892632","715987","2025-10-23","37.00","AUD","1760648700","29218/2025-10-23/1760648700.json"
"892632","715987","2025-10-21","37.00","AUD","1760648700","29218/2025-10-21/1760648700.json"
"892632","715987","2025-10-22","37.00","AUD","1760648700","29218/2025-10-22/1760648700.json"
"892632","715987","2025-10-24","37.00","AUD","1760648700","29218/2025-10-24/1760648700.json"
"892632","715987","2025-10-26","37.00","AUD","1760648700","29218/2025-10-26/1760648700.json"
"892632","715987","2025-10-25","37.00","AUD","1760648700","29218/2025-10-25/1760648700.json"
"892632","715987","2025-10-20","37.00","AUD","1760648700","29218/2025-10-20/1760648700.json"
"892632","715987","2025-10-27","37.00","AUD","1760648700","29218/2025-10-27/1760648700.json"
"892632","715987","2025-10-28","37.00","AUD","1760648700","29218/2025-10-28/1760648700.json"
"892632","715987","2025-10-30","37.00","AUD","1760648700","29218/2025-10-30/1760648700.json"
"892632","715987","2025-10-29","37.00","AUD","1760648700","29218/2025-10-29/1760648700.json"
"892632","715987","2025-11-01","37.00","AUD","1760648700","29218/2025-11-01/1760648700.json"
"892632","715987","2025-11-03","37.00","AUD","1760648700","29218/2025-11-03/1760648700.json"
"892632","715987","2025-11-02","37.00","AUD","1760648700","29218/2025-11-02/1760648700.json"
"892632","715987","2025-10-31","37.00","AUD","1760648700","29218/2025-10-31/1760648700.json"
"892632","715987","2025-11-04","37.00","AUD","1760648700","29218/2025-11-04/1760648700.json"
"892632","715987","2025-11-06","37.00","AUD","1760648700","29218/2025-11-06/1760648700.json"
"892632","715987","2025-11-05","37.00","AUD","1760648700","29218/2025-11-05/1760648700.json"
"892632","715987","2025-11-07","37.00","AUD","1760648700","29218/2025-11-07/1760648700.json"
"892632","715987","2025-11-08","37.00","AUD","1760648700","29218/2025-11-08/1760648700.json"
"892632","715987","2025-11-09","37.00","AUD","1760648700","29218/2025-11-09/1760648700.json"
"892632","715987","2025-11-10","37.00","AUD","1760648700","29218/2025-11-10/1760648700.json"
"892632","715987","2025-11-11","37.00","AUD","1760648700","29218/2025-11-11/1760648700.json"
"892632","715987","2025-11-12","37.00","AUD","1760648700","29218/2025-11-12/1760648700.json"
"892632","715987","2025-11-13","37.00","AUD","1760648700","29218/2025-11-13/1760648700.json"
"892632","715987","2025-11-15","37.00","AUD","1760648700","29218/2025-11-15/1760648700.json"
"892632","715987","2025-11-14","37.00","AUD","1760648700","29218/2025-11-14/1760648700.json"
"892632","715987","2025-11-16","37.00","AUD","1760648700","29218/2025-11-16/1760648700.json"
"892632","715987","2025-11-17","37.00","AUD","1760648700","29218/2025-11-17/1760648700.json"
"892632","715987","2025-11-19","37.00","AUD","1760648700","29218/2025-11-19/1760648700.json"
"892632","715987","2025-11-18","37.00","AUD","1760648700","29218/2025-11-18/1760648700.json"
"892632","715987","2025-11-21","37.00","AUD","1760648700","29218/2025-11-21/1760648700.json"
"892632","715987","2025-11-20","37.00","AUD","1760648700","29218/2025-11-20/1760648700.json"
"892632","715987","2025-11-22","37.00","AUD","1760648700","29218/2025-11-22/1760648700.json"
"892632","715987","2025-11-23","37.00","AUD","1760648700","29218/2025-11-23/1760648700.json"
"892632","715987","2025-11-24","37.00","AUD","1760648700","29218/2025-11-24/1760648700.json"
"892632","715987","2025-11-25","37.00","AUD","1760648700","29218/2025-11-25/1760648700.json"
"892632","715987","2025-11-27","37.00","AUD","1760648700","29218/2025-11-27/1760648700.json"
"892632","715987","2025-11-26","37.00","AUD","1760648700","29218/2025-11-26/1760648700.json"
"892632","715987","2025-11-29","37.00","AUD","1760648700","29218/2025-11-29/1760648700.json"
"892632","715987","2025-11-28","37.00","AUD","1760648700","29218/2025-11-28/1760648700.json"
"892632","715987","2025-11-30","37.00","AUD","1760648700","29218/2025-11-30/1760648700.json"
"892632","715987","2025-12-01","37.00","AUD","1760648700","29218/2025-12-01/1760648700.json"
"892632","715987","2025-12-05","37.00","AUD","1760648700","29218/2025-12-05/1760648700.json"
"892632","715987","2025-12-04","37.00","AUD","1760648700","29218/2025-12-04/1760648700.json"
"892632","715987","2025-12-02","37.00","AUD","1760648700","29218/2025-12-02/1760648700.json"
"892632","715987","2025-12-03","37.00","AUD","1760648700","29218/2025-12-03/1760648700.json"
"892632","715987","2025-12-09","37.00","AUD","1760648700","29218/2025-12-09/1760648700.json"
"892632","715987","2025-12-06","37.00","AUD","1760648700","29218/2025-12-06/1760648700.json"
"892632","715987","2025-12-08","37.00","AUD","1760648700","29218/2025-12-08/1760648700.json"
"892632","715987","2025-12-07","37.00","AUD","1760648700","29218/2025-12-07/1760648700.json"
"892632","715987","2025-12-10","37.00","AUD","1760648700","29218/2025-12-10/1760648700.json"
"892632","715987","2025-12-12","37.00","AUD","1760648700","29218/2025-12-12/1760648700.json"
"892632","715987","2025-12-11","37.00","AUD","1760648700","29218/2025-12-11/1760648700.json"
"892632","715987","2025-12-14","37.00","AUD","1760648700","29218/2025-12-14/1760648700.json"
"892632","715987","2025-12-15","37.00","AUD","1760648700","29218/2025-12-15/1760648700.json"
"892632","715987","2025-12-13","37.00","AUD","1760648700","29218/2025-12-13/1760648700.json"
"892632","715987","2025-10-20","37.00","AUD","1760672260","29218/2025-10-20/1760672260.json"
"892632","715987","2025-10-19","37.00","AUD","1760672260","29218/2025-10-19/1760672260.json"
"892632","715987","2025-10-18","37.00","AUD","1760672260","29218/2025-10-18/1760672260.json"
"892632","715987","2025-10-21","37.00","AUD","1760672260","29218/2025-10-21/1760672260.json"
"892632","715987","2025-10-23","37.00","AUD","1760672260","29218/2025-10-23/1760672260.json"
"892632","715987","2025-10-22","37.00","AUD","1760672260","29218/2025-10-22/1760672260.json"
"892632","715987","2025-10-24","37.00","AUD","1760672260","29218/2025-10-24/1760672260.json"
"892632","715987","2025-10-25","37.00","AUD","1760672260","29218/2025-10-25/1760672260.json"
"892632","715987","2025-10-26","37.00","AUD","1760672260","29218/2025-10-26/1760672260.json"
"892632","715987","2025-10-27","37.00","AUD","1760672260","29218/2025-10-27/1760672260.json"
"892632","715987","2025-10-28","37.00","AUD","1760672260","29218/2025-10-28/1760672260.json"
"892632","715987","2025-10-29","37.00","AUD","1760672260","29218/2025-10-29/1760672260.json"
"892632","715987","2025-10-31","37.00","AUD","1760672260","29218/2025-10-31/1760672260.json"
"892632","715987","2025-10-30","37.00","AUD","1760672260","29218/2025-10-30/1760672260.json"
"892632","715987","2025-11-01","37.00","AUD","1760672260","29218/2025-11-01/1760672260.json"
"892632","715987","2025-11-03","37.00","AUD","1760672260","29218/2025-11-03/1760672260.json"
"892632","715987","2025-11-02","37.00","AUD","1760672260","29218/2025-11-02/1760672260.json"
"892632","715987","2025-11-04","37.00","AUD","1760672260","29218/2025-11-04/1760672260.json"
"892632","715987","2025-11-05","37.00","AUD","1760672260","29218/2025-11-05/1760672260.json"
"892632","715987","2025-11-06","37.00","AUD","1760672260","29218/2025-11-06/1760672260.json"
"892632","715987","2025-11-07","37.00","AUD","1760672260","29218/2025-11-07/1760672260.json"
"892632","715987","2025-11-08","37.00","AUD","1760672260","29218/2025-11-08/1760672260.json"
"892632","715987","2025-11-09","37.00","AUD","1760672260","29218/2025-11-09/1760672260.json"
"892632","715987","2025-11-10","37.00","AUD","1760672260","29218/2025-11-10/1760672260.json"
"892632","715987","2025-11-11","37.00","AUD","1760672260","29218/2025-11-11/1760672260.json"
"892632","715987","2025-11-12","37.00","AUD","1760672260","29218/2025-11-12/1760672260.json"
"892632","715987","2025-11-13","37.00","AUD","1760672260","29218/2025-11-13/1760672260.json"
"892632","715987","2025-11-15","37.00","AUD","1760672260","29218/2025-11-15/1760672260.json"
"892632","715987","2025-11-17","37.00","AUD","1760672260","29218/2025-11-17/1760672260.json"
"892632","715987","2025-11-14","37.00","AUD","1760672260","29218/2025-11-14/1760672260.json"
"892632","715987","2025-11-16","37.00","AUD","1760672260","29218/2025-11-16/1760672260.json"
"892632","715987","2025-11-18","37.00","AUD","1760672260","29218/2025-11-18/1760672260.json"
"892632","715987","2025-11-19","37.00","AUD","1760672260","29218/2025-11-19/1760672260.json"
"892632","715987","2025-11-21","37.00","AUD","1760672260","29218/2025-11-21/1760672260.json"
"892632","715987","2025-11-20","37.00","AUD","1760672260","29218/2025-11-20/1760672260.json"
"892632","715987","2025-11-22","37.00","AUD","1760672260","29218/2025-11-22/1760672260.json"
"892632","715987","2025-11-23","37.00","AUD","1760672260","29218/2025-11-23/1760672260.json"
"892632","715987","2025-11-24","37.00","AUD","1760672260","29218/2025-11-24/1760672260.json"
"892632","715987","2025-11-25","37.00","AUD","1760672260","29218/2025-11-25/1760672260.json"
"892632","715987","2025-11-26","37.00","AUD","1760672260","29218/2025-11-26/1760672260.json"
"892632","715987","2025-11-27","37.00","AUD","1760672260","29218/2025-11-27/1760672260.json"
"892632","715987","2025-11-28","37.00","AUD","1760672260","29218/2025-11-28/1760672260.json"
"892632","715987","2025-11-29","37.00","AUD","1760672260","29218/2025-11-29/1760672260.json"
"892632","715987","2025-11-30","37.00","AUD","1760672260","29218/2025-11-30/1760672260.json"
"892632","715987","2025-12-01","37.00","AUD","1760672260","29218/2025-12-01/1760672260.json"
"892632","715987","2025-12-03","37.00","AUD","1760672260","29218/2025-12-03/1760672260.json"
"892632","715987","2025-12-02","37.00","AUD","1760672260","29218/2025-12-02/1760672260.json"
"892632","715987","2025-12-04","37.00","AUD","1760672260","29218/2025-12-04/1760672260.json"
"892632","715987","2025-12-05","37.00","AUD","1760672260","29218/2025-12-05/1760672260.json"
"892632","715987","2025-12-08","37.00","AUD","1760672260","29218/2025-12-08/1760672260.json"
"892632","715987","2025-12-06","37.00","AUD","1760672260","29218/2025-12-06/1760672260.json"
"892632","715987","2025-12-07","37.00","AUD","1760672260","29218/2025-12-07/1760672260.json"
"892632","715987","2025-12-09","37.00","AUD","1760672260","29218/2025-12-09/1760672260.json"
"892632","715987","2025-12-12","37.00","AUD","1760672260","29218/2025-12-12/1760672260.json"
"892632","715987","2025-12-11","37.00","AUD","1760672260","29218/2025-12-11/1760672260.json"
"892632","715987","2025-12-13","37.00","AUD","1760672260","29218/2025-12-13/1760672260.json"
"892632","715987","2025-12-10","37.00","AUD","1760672260","29218/2025-12-10/1760672260.json"
"892632","715987","2025-12-14","37.00","AUD","1760672260","29218/2025-12-14/1760672260.json"
"892632","715987","2025-12-15","37.00","AUD","1760672260","29218/2025-12-15/1760672260.json"
"892632","715987","2025-12-16","37.00","AUD","1760672260","29218/2025-12-16/1760672260.json"
"892632","715987","2025-10-19","37.00","AUD","1760677673","29218/2025-10-19/1760677673.json"
"892632","715987","2025-10-18","37.00","AUD","1760677673","29218/2025-10-18/1760677673.json"
"892632","715987","2025-10-20","37.00","AUD","1760677673","29218/2025-10-20/1760677673.json"
"892632","715987","2025-10-21","37.00","AUD","1760677673","29218/2025-10-21/1760677673.json"
"892632","715987","2025-10-23","37.00","AUD","1760677673","29218/2025-10-23/1760677673.json"
"892632","715987","2025-10-22","37.00","AUD","1760677673","29218/2025-10-22/1760677673.json"
"892632","715987","2025-10-24","37.00","AUD","1760677673","29218/2025-10-24/1760677673.json"
"892632","715987","2025-10-25","37.00","AUD","1760677673","29218/2025-10-25/1760677673.json"
"892632","715987","2025-10-26","37.00","AUD","1760677673","29218/2025-10-26/1760677673.json"
"892632","715987","2025-10-27","37.00","AUD","1760677673","29218/2025-10-27/1760677673.json"
"892632","715987","2025-10-28","37.00","AUD","1760677673","29218/2025-10-28/1760677673.json"
"892632","715987","2025-10-29","37.00","AUD","1760677673","29218/2025-10-29/1760677673.json"
"892632","715987","2025-10-30","37.00","AUD","1760677673","29218/2025-10-30/1760677673.json"
"892632","715987","2025-10-31","37.00","AUD","1760677673","29218/2025-10-31/1760677673.json"
"892632","715987","2025-11-01","37.00","AUD","1760677673","29218/2025-11-01/1760677673.json"
"892632","715987","2025-11-03","37.00","AUD","1760677673","29218/2025-11-03/1760677673.json"
"892632","715987","2025-11-02","37.00","AUD","1760677673","29218/2025-11-02/1760677673.json"
"892632","715987","2025-11-04","37.00","AUD","1760677673","29218/2025-11-04/1760677673.json"
"892632","715987","2025-11-05","37.00","AUD","1760677673","29218/2025-11-05/1760677673.json"
"892632","715987","2025-11-07","37.00","AUD","1760677673","29218/2025-11-07/1760677673.json"
"892632","715987","2025-11-06","37.00","AUD","1760677673","29218/2025-11-06/1760677673.json"
"892632","715987","2025-11-08","37.00","AUD","1760677673","29218/2025-11-08/1760677673.json"
"892632","715987","2025-11-09","37.00","AUD","1760677673","29218/2025-11-09/1760677673.json"
"892632","715987","2025-11-10","37.00","AUD","1760677673","29218/2025-11-10/1760677673.json"
"892632","715987","2025-11-11","37.00","AUD","1760677673","29218/2025-11-11/1760677673.json"
"892632","715987","2025-11-12","37.00","AUD","1760677673","29218/2025-11-12/1760677673.json"
"892632","715987","2025-11-13","37.00","AUD","1760677673","29218/2025-11-13/1760677673.json"
"892632","715987","2025-11-14","37.00","AUD","1760677673","29218/2025-11-14/1760677673.json"
"892632","715987","2025-11-16","37.00","AUD","1760677673","29218/2025-11-16/1760677673.json"
"892632","715987","2025-11-15","37.00","AUD","1760677673","29218/2025-11-15/1760677673.json"
"892632","715987","2025-11-17","37.00","AUD","1760677673","29218/2025-11-17/1760677673.json"
"892632","715987","2025-11-19","37.00","AUD","1760677673","29218/2025-11-19/1760677673.json"
"892632","715987","2025-11-18","37.00","AUD","1760677673","29218/2025-11-18/1760677673.json"
"892632","715987","2025-11-21","37.00","AUD","1760677673","29218/2025-11-21/1760677673.json"
"892632","715987","2025-11-20","37.00","AUD","1760677673","29218/2025-11-20/1760677673.json"
"892632","715987","2025-11-22","37.00","AUD","1760677673","29218/2025-11-22/1760677673.json"
"892632","715987","2025-11-23","37.00","AUD","1760677673","29218/2025-11-23/1760677673.json"
"892632","715987","2025-11-24","37.00","AUD","1760677673","29218/2025-11-24/1760677673.json"
"892632","715987","2025-11-25","37.00","AUD","1760677673","29218/2025-11-25/1760677673.json"
"892632","715987","2025-11-26","37.00","AUD","1760677673","29218/2025-11-26/1760677673.json"
"892632","715987","2025-11-27","37.00","AUD","1760677673","29218/2025-11-27/1760677673.json"
"892632","715987","2025-11-29","37.00","AUD","1760677673","29218/2025-11-29/1760677673.json"
"892632","715987","2025-11-28","37.00","AUD","1760677673","29218/2025-11-28/1760677673.json"
"892632","715987","2025-12-01","37.00","AUD","1760677673","29218/2025-12-01/1760677673.json"
"892632","715987","2025-11-30","37.00","AUD","1760677673","29218/2025-11-30/1760677673.json"
"892632","715987","2025-12-02","37.00","AUD","1760677673","29218/2025-12-02/1760677673.json"
"892632","715987","2025-12-03","37.00","AUD","1760677673","29218/2025-12-03/1760677673.json"
"892632","715987","2025-12-04","37.00","AUD","1760677673","29218/2025-12-04/1760677673.json"
"892632","715987","2025-12-05","37.00","AUD","1760677673","29218/2025-12-05/1760677673.json"
"892632","715987","2025-12-06","37.00","AUD","1760677673","29218/2025-12-06/1760677673.json"
"892632","715987","2025-12-08","37.00","AUD","1760677673","29218/2025-12-08/1760677673.json"
"892632","715987","2025-12-07","37.00","AUD","1760677673","29218/2025-12-07/1760677673.json"
"892632","715987","2025-12-09","37.00","AUD","1760677673","29218/2025-12-09/1760677673.json"
"892632","715987","2025-12-10","37.00","AUD","1760677673","29218/2025-12-10/1760677673.json"
"892632","715987","2025-12-12","37.00","AUD","1760677673","29218/2025-12-12/1760677673.json"
"892632","715987","2025-12-13","37.00","AUD","1760677673","29218/2025-12-13/1760677673.json"
"892632","715987","2025-12-11","37.00","AUD","1760677673","29218/2025-12-11/1760677673.json"
"892632","715987","2025-12-14","37.00","AUD","1760677673","29218/2025-12-14/1760677673.json"
"892632","715987","2025-12-15","37.00","AUD","1760677673","29218/2025-12-15/1760677673.json"
"892632","715987","2025-12-16","37.00","AUD","1760677673","29218/2025-12-16/1760677673.json"
"892632","715987","2025-10-20","37.00","AUD","1760692534","29218/2025-10-20/1760692534.json"
"892632","715987","2025-10-19","37.00","AUD","1760692534","29218/2025-10-19/1760692534.json"
"892632","715987","2025-10-18","37.00","AUD","1760692534","29218/2025-10-18/1760692534.json"
"892632","715987","2025-10-21","37.00","AUD","1760692534","29218/2025-10-21/1760692534.json"
"892632","715987","2025-10-25","37.00","AUD","1760692534","29218/2025-10-25/1760692534.json"
"892632","715987","2025-10-22","37.00","AUD","1760692534","29218/2025-10-22/1760692534.json"
"892632","715987","2025-10-24","37.00","AUD","1760692534","29218/2025-10-24/1760692534.json"
"892632","715987","2025-10-23","37.00","AUD","1760692534","29218/2025-10-23/1760692534.json"
"892632","715987","2025-10-26","37.00","AUD","1760692534","29218/2025-10-26/1760692534.json"
"892632","715987","2025-10-27","37.00","AUD","1760692534","29218/2025-10-27/1760692534.json"
"892632","715987","2025-10-28","37.00","AUD","1760692534","29218/2025-10-28/1760692534.json"
"892632","715987","2025-10-29","37.00","AUD","1760692534","29218/2025-10-29/1760692534.json"
"892632","715987","2025-10-30","37.00","AUD","1760692534","29218/2025-10-30/1760692534.json"
"892632","715987","2025-11-01","37.00","AUD","1760692534","29218/2025-11-01/1760692534.json"
"892632","715987","2025-10-31","37.00","AUD","1760692534","29218/2025-10-31/1760692534.json"
"892632","715987","2025-11-03","37.00","AUD","1760692534","29218/2025-11-03/1760692534.json"
"892632","715987","2025-11-02","37.00","AUD","1760692534","29218/2025-11-02/1760692534.json"
"892632","715987","2025-11-04","37.00","AUD","1760692534","29218/2025-11-04/1760692534.json"
"892632","715987","2025-11-05","37.00","AUD","1760692534","29218/2025-11-05/1760692534.json"
"892632","715987","2025-11-06","37.00","AUD","1760692534","29218/2025-11-06/1760692534.json"
"892632","715987","2025-11-07","37.00","AUD","1760692534","29218/2025-11-07/1760692534.json"
"892632","715987","2025-11-08","37.00","AUD","1760692534","29218/2025-11-08/1760692534.json"
"892632","715987","2025-11-09","37.00","AUD","1760692534","29218/2025-11-09/1760692534.json"
"892632","715987","2025-11-10","37.00","AUD","1760692534","29218/2025-11-10/1760692534.json"
"892632","715987","2025-11-11","37.00","AUD","1760692534","29218/2025-11-11/1760692534.json"
"892632","715987","2025-11-12","37.00","AUD","1760692534","29218/2025-11-12/1760692534.json"
"892632","715987","2025-11-13","37.00","AUD","1760692534","29218/2025-11-13/1760692534.json"
"892632","715987","2025-11-14","37.00","AUD","1760692534","29218/2025-11-14/1760692534.json"
"892632","715987","2025-11-15","37.00","AUD","1760692534","29218/2025-11-15/1760692534.json"
"892632","715987","2025-11-16","37.00","AUD","1760692534","29218/2025-11-16/1760692534.json"
"892632","715987","2025-11-17","37.00","AUD","1760692534","29218/2025-11-17/1760692534.json"
"892632","715987","2025-11-18","37.00","AUD","1760692534","29218/2025-11-18/1760692534.json"
"892632","715987","2025-11-19","37.00","AUD","1760692534","29218/2025-11-19/1760692534.json"
"892632","715987","2025-11-20","37.00","AUD","1760692534","29218/2025-11-20/1760692534.json"
"892632","715987","2025-11-21","37.00","AUD","1760692534","29218/2025-11-21/1760692534.json"
"892632","715987","2025-11-22","37.00","AUD","1760692534","29218/2025-11-22/1760692534.json"
"892632","715987","2025-11-23","37.00","AUD","1760692534","29218/2025-11-23/1760692534.json"
"892632","715987","2025-11-24","37.00","AUD","1760692534","29218/2025-11-24/1760692534.json"
"892632","715987","2025-11-25","37.00","AUD","1760692534","29218/2025-11-25/1760692534.json"
"892632","715987","2025-11-26","37.00","AUD","1760692534","29218/2025-11-26/1760692534.json"
"892632","715987","2025-11-27","37.00","AUD","1760692534","29218/2025-11-27/1760692534.json"
"892632","715987","2025-11-28","37.00","AUD","1760692534","29218/2025-11-28/1760692534.json"
"892632","715987","2025-11-30","37.00","AUD","1760692534","29218/2025-11-30/1760692534.json"
"892632","715987","2025-11-29","37.00","AUD","1760692534","29218/2025-11-29/1760692534.json"
"892632","715987","2025-12-01","37.00","AUD","1760692534","29218/2025-12-01/1760692534.json"
"892632","715987","2025-12-04","37.00","AUD","1760692534","29218/2025-12-04/1760692534.json"
"892632","715987","2025-12-02","37.00","AUD","1760692534","29218/2025-12-02/1760692534.json"
"892632","715987","2025-12-03","37.00","AUD","1760692534","29218/2025-12-03/1760692534.json"
"892632","715987","2025-12-05","37.00","AUD","1760692534","29218/2025-12-05/1760692534.json"
"892632","715987","2025-12-06","37.00","AUD","1760692534","29218/2025-12-06/1760692534.json"
"892632","715987","2025-12-08","37.00","AUD","1760692534","29218/2025-12-08/1760692534.json"
"892632","715987","2025-12-09","37.00","AUD","1760692534","29218/2025-12-09/1760692534.json"
"892632","715987","2025-12-07","37.00","AUD","1760692534","29218/2025-12-07/1760692534.json"
"892632","715987","2025-12-10","37.00","AUD","1760692534","29218/2025-12-10/1760692534.json"
"892632","715987","2025-12-11","37.00","AUD","1760692534","29218/2025-12-11/1760692534.json"
"892632","715987","2025-12-12","37.00","AUD","1760692534","29218/2025-12-12/1760692534.json"
"892632","715987","2025-12-16","37.00","AUD","1760692534","29218/2025-12-16/1760692534.json"
"892632","715987","2025-12-14","37.00","AUD","1760692534","29218/2025-12-14/1760692534.json"
"892632","715987","2025-12-15","37.00","AUD","1760692534","29218/2025-12-15/1760692534.json"
"892632","715987","2025-12-13","37.00","AUD","1760692534","29218/2025-12-13/1760692534.json"
"892632","715987","2025-10-18","37.00","AUD","1760708906","29218/2025-10-18/1760708906.json"
"892632","715987","2025-10-19","37.00","AUD","1760708906","29218/2025-10-19/1760708906.json"
"892632","715987","2025-10-20","37.00","AUD","1760708906","29218/2025-10-20/1760708906.json"
"892632","715987","2025-10-24","37.00","AUD","1760708906","29218/2025-10-24/1760708906.json"
"892632","715987","2025-10-21","37.00","AUD","1760708906","29218/2025-10-21/1760708906.json"
"892632","715987","2025-10-23","37.00","AUD","1760708906","29218/2025-10-23/1760708906.json"
"892632","715987","2025-10-22","37.00","AUD","1760708906","29218/2025-10-22/1760708906.json"
"892632","715987","2025-10-26","37.00","AUD","1760708906","29218/2025-10-26/1760708906.json"
"892632","715987","2025-10-25","37.00","AUD","1760708906","29218/2025-10-25/1760708906.json"
"892632","715987","2025-10-28","37.00","AUD","1760708906","29218/2025-10-28/1760708906.json"
"892632","715987","2025-10-27","37.00","AUD","1760708906","29218/2025-10-27/1760708906.json"
"892632","715987","2025-10-30","37.00","AUD","1760708906","29218/2025-10-30/1760708906.json"
"892632","715987","2025-10-29","37.00","AUD","1760708906","29218/2025-10-29/1760708906.json"
"892632","715987","2025-10-31","37.00","AUD","1760708906","29218/2025-10-31/1760708906.json"
"892632","715987","2025-11-01","37.00","AUD","1760708906","29218/2025-11-01/1760708906.json"
"892632","715987","2025-11-02","37.00","AUD","1760708906","29218/2025-11-02/1760708906.json"
"892632","715987","2025-11-03","37.00","AUD","1760708906","29218/2025-11-03/1760708906.json"
"892632","715987","2025-11-04","37.00","AUD","1760708906","29218/2025-11-04/1760708906.json"
"892632","715987","2025-11-05","37.00","AUD","1760708906","29218/2025-11-05/1760708906.json"
"892632","715987","2025-11-06","37.00","AUD","1760708906","29218/2025-11-06/1760708906.json"
"892632","715987","2025-11-08","37.00","AUD","1760708906","29218/2025-11-08/1760708906.json"
"892632","715987","2025-11-09","37.00","AUD","1760708906","29218/2025-11-09/1760708906.json"
"892632","715987","2025-11-07","37.00","AUD","1760708906","29218/2025-11-07/1760708906.json"
"892632","715987","2025-11-10","37.00","AUD","1760708906","29218/2025-11-10/1760708906.json"
"892632","715987","2025-11-12","37.00","AUD","1760708906","29218/2025-11-12/1760708906.json"
"892632","715987","2025-11-11","37.00","AUD","1760708906","29218/2025-11-11/1760708906.json"
"892632","715987","2025-11-13","37.00","AUD","1760708906","29218/2025-11-13/1760708906.json"
"892632","715987","2025-11-14","37.00","AUD","1760708906","29218/2025-11-14/1760708906.json"
"892632","715987","2025-11-16","37.00","AUD","1760708906","29218/2025-11-16/1760708906.json"
"892632","715987","2025-11-15","37.00","AUD","1760708906","29218/2025-11-15/1760708906.json"
"892632","715987","2025-11-17","37.00","AUD","1760708906","29218/2025-11-17/1760708906.json"
"892632","715987","2025-11-19","37.00","AUD","1760708906","29218/2025-11-19/1760708906.json"
"892632","715987","2025-11-18","37.00","AUD","1760708906","29218/2025-11-18/1760708906.json"
"892632","715987","2025-11-20","37.00","AUD","1760708906","29218/2025-11-20/1760708906.json"
"892632","715987","2025-11-21","37.00","AUD","1760708906","29218/2025-11-21/1760708906.json"
"892632","715987","2025-11-23","37.00","AUD","1760708906","29218/2025-11-23/1760708906.json"
"892632","715987","2025-11-22","37.00","AUD","1760708906","29218/2025-11-22/1760708906.json"
"892632","715987","2025-11-24","37.00","AUD","1760708906","29218/2025-11-24/1760708906.json"
"892632","715987","2025-11-25","37.00","AUD","1760708906","29218/2025-11-25/1760708906.json"
"892632","715987","2025-11-27","37.00","AUD","1760708906","29218/2025-11-27/1760708906.json"
"892632","715987","2025-11-26","37.00","AUD","1760708906","29218/2025-11-26/1760708906.json"
"892632","715987","2025-11-28","37.00","AUD","1760708906","29218/2025-11-28/1760708906.json"
"892632","715987","2025-11-29","37.00","AUD","1760708906","29218/2025-11-29/1760708906.json"
"892632","715987","2025-11-30","37.00","AUD","1760708906","29218/2025-11-30/1760708906.json"
"892632","715987","2025-12-01","37.00","AUD","1760708906","29218/2025-12-01/1760708906.json"
"892632","715987","2025-12-03","37.00","AUD","1760708906","29218/2025-12-03/1760708906.json"
"892632","715987","2025-12-02","37.00","AUD","1760708906","29218/2025-12-02/1760708906.json"
"892632","715987","2025-12-04","37.00","AUD","1760708906","29218/2025-12-04/1760708906.json"
"892632","715987","2025-12-05","37.00","AUD","1760708906","29218/2025-12-05/1760708906.json"
"892632","715987","2025-12-06","37.00","AUD","1760708906","29218/2025-12-06/1760708906.json"
"892632","715987","2025-12-08","37.00","AUD","1760708906","29218/2025-12-08/1760708906.json"
"892632","715987","2025-12-09","37.00","AUD","1760708906","29218/2025-12-09/1760708906.json"
"892632","715987","2025-12-07","37.00","AUD","1760708906","29218/2025-12-07/1760708906.json"
"892632","715987","2025-12-11","37.00","AUD","1760708906","29218/2025-12-11/1760708906.json"
"892632","715987","2025-12-10","37.00","AUD","1760708906","29218/2025-12-10/1760708906.json"
"892632","715987","2025-12-13","37.00","AUD","1760708906","29218/2025-12-13/1760708906.json"
"892632","715987","2025-12-12","37.00","AUD","1760708906","29218/2025-12-12/1760708906.json"
"892632","715987","2025-12-14","37.00","AUD","1760708906","29218/2025-12-14/1760708906.json"
"892632","715987","2025-12-15","37.00","AUD","1760708906","29218/2025-12-15/1760708906.json"
"892632","715987","2025-12-16","37.00","AUD","1760708906","29218/2025-12-16/1760708906.json"
"892632","715987","2025-10-19","37.00","AUD","1760721121","29218/2025-10-19/1760721121.json"
"892632","715987","2025-10-20","37.00","AUD","1760721121","29218/2025-10-20/1760721121.json"
"892632","715987","2025-10-18","37.00","AUD","1760721121","29218/2025-10-18/1760721121.json"
"892632","715987","2025-10-21","37.00","AUD","1760721121","29218/2025-10-21/1760721121.json"
"892632","715987","2025-10-22","37.00","AUD","1760721121","29218/2025-10-22/1760721121.json"
"892632","715987","2025-10-23","37.00","AUD","1760721121","29218/2025-10-23/1760721121.json"
"892632","715987","2025-10-25","37.00","AUD","1760721121","29218/2025-10-25/1760721121.json"
"892632","715987","2025-10-24","37.00","AUD","1760721121","29218/2025-10-24/1760721121.json"
"892632","715987","2025-10-26","37.00","AUD","1760721121","29218/2025-10-26/1760721121.json"
"892632","715987","2025-10-28","37.00","AUD","1760721121","29218/2025-10-28/1760721121.json"
"892632","715987","2025-10-29","37.00","AUD","1760721121","29218/2025-10-29/1760721121.json"
"892632","715987","2025-10-27","37.00","AUD","1760721121","29218/2025-10-27/1760721121.json"
"892632","715987","2025-10-30","37.00","AUD","1760721121","29218/2025-10-30/1760721121.json"
"892632","715987","2025-10-31","37.00","AUD","1760721121","29218/2025-10-31/1760721121.json"
"892632","715987","2025-11-02","37.00","AUD","1760721121","29218/2025-11-02/1760721121.json"
"892632","715987","2025-11-01","37.00","AUD","1760721121","29218/2025-11-01/1760721121.json"
"892632","715987","2025-11-04","37.00","AUD","1760721121","29218/2025-11-04/1760721121.json"
"892632","715987","2025-11-03","37.00","AUD","1760721121","29218/2025-11-03/1760721121.json"
"892632","715987","2025-11-05","37.00","AUD","1760721121","29218/2025-11-05/1760721121.json"
"892632","715987","2025-11-06","37.00","AUD","1760721121","29218/2025-11-06/1760721121.json"
"892632","715987","2025-11-07","37.00","AUD","1760721121","29218/2025-11-07/1760721121.json"
"892632","715987","2025-11-08","37.00","AUD","1760721121","29218/2025-11-08/1760721121.json"
"892632","715987","2025-11-09","37.00","AUD","1760721121","29218/2025-11-09/1760721121.json"
"892632","715987","2025-11-10","37.00","AUD","1760721121","29218/2025-11-10/1760721121.json"
"892632","715987","2025-11-13","37.00","AUD","1760721121","29218/2025-11-13/1760721121.json"
"892632","715987","2025-11-14","37.00","AUD","1760721121","29218/2025-11-14/1760721121.json"
"892632","715987","2025-11-12","37.00","AUD","1760721121","29218/2025-11-12/1760721121.json"
"892632","715987","2025-11-11","37.00","AUD","1760721121","29218/2025-11-11/1760721121.json"
"892632","715987","2025-11-15","37.00","AUD","1760721121","29218/2025-11-15/1760721121.json"
"892632","715987","2025-11-17","37.00","AUD","1760721121","29218/2025-11-17/1760721121.json"
"892632","715987","2025-11-18","37.00","AUD","1760721121","29218/2025-11-18/1760721121.json"
"892632","715987","2025-11-19","37.00","AUD","1760721121","29218/2025-11-19/1760721121.json"
"892632","715987","2025-11-16","37.00","AUD","1760721121","29218/2025-11-16/1760721121.json"
"892632","715987","2025-11-20","37.00","AUD","1760721121","29218/2025-11-20/1760721121.json"
"892632","715987","2025-11-21","37.00","AUD","1760721121","29218/2025-11-21/1760721121.json"
"892632","715987","2025-11-23","37.00","AUD","1760721121","29218/2025-11-23/1760721121.json"
"892632","715987","2025-11-22","37.00","AUD","1760721121","29218/2025-11-22/1760721121.json"
"892632","715987","2025-11-24","37.00","AUD","1760721121","29218/2025-11-24/1760721121.json"
"892632","715987","2025-11-27","37.00","AUD","1760721121","29218/2025-11-27/1760721121.json"
"892632","715987","2025-11-26","37.00","AUD","1760721121","29218/2025-11-26/1760721121.json"
"892632","715987","2025-11-25","37.00","AUD","1760721121","29218/2025-11-25/1760721121.json"
"892632","715987","2025-11-28","37.00","AUD","1760721121","29218/2025-11-28/1760721121.json"
"892632","715987","2025-11-29","37.00","AUD","1760721121","29218/2025-11-29/1760721121.json"
"892632","715987","2025-11-30","37.00","AUD","1760721121","29218/2025-11-30/1760721121.json"
"892632","715987","2025-12-01","37.00","AUD","1760721121","29218/2025-12-01/1760721121.json"
"892632","715987","2025-12-02","37.00","AUD","1760721121","29218/2025-12-02/1760721121.json"
"892632","715987","2025-12-03","37.00","AUD","1760721121","29218/2025-12-03/1760721121.json"
"892632","715987","2025-12-05","37.00","AUD","1760721121","29218/2025-12-05/1760721121.json"
"892632","715987","2025-12-04","37.00","AUD","1760721121","29218/2025-12-04/1760721121.json"
"892632","715987","2025-12-06","37.00","AUD","1760721121","29218/2025-12-06/1760721121.json"
"892632","715987","2025-12-07","37.00","AUD","1760721121","29218/2025-12-07/1760721121.json"
"892632","715987","2025-12-08","37.00","AUD","1760721121","29218/2025-12-08/1760721121.json"
"892632","715987","2025-12-09","37.00","AUD","1760721121","29218/2025-12-09/1760721121.json"
"892632","715987","2025-12-11","37.00","AUD","1760721121","29218/2025-12-11/1760721121.json"
"892632","715987","2025-12-10","37.00","AUD","1760721121","29218/2025-12-10/1760721121.json"
"892632","715987","2025-12-12","37.00","AUD","1760721121","29218/2025-12-12/1760721121.json"
"892632","715987","2025-12-13","37.00","AUD","1760721121","29218/2025-12-13/1760721121.json"
"892632","715987","2025-12-15","37.00","AUD","1760721121","29218/2025-12-15/1760721121.json"
"892632","715987","2025-12-14","37.00","AUD","1760721121","29218/2025-12-14/1760721121.json"
"892632","715987","2025-12-16","37.00","AUD","1760721121","29218/2025-12-16/1760721121.json"
"892632","715987","2025-10-20","37.00","AUD","1760734808","29218/2025-10-20/1760734808.json"
"892632","715987","2025-10-18","37.00","AUD","1760734808","29218/2025-10-18/1760734808.json"
"892632","715987","2025-10-19","37.00","AUD","1760734808","29218/2025-10-19/1760734808.json"
"892632","715987","2025-10-21","37.00","AUD","1760734808","29218/2025-10-21/1760734808.json"
"892632","715987","2025-10-23","37.00","AUD","1760734808","29218/2025-10-23/1760734808.json"
"892632","715987","2025-10-22","37.00","AUD","1760734808","29218/2025-10-22/1760734808.json"
"892632","715987","2025-10-25","37.00","AUD","1760734808","29218/2025-10-25/1760734808.json"
"892632","715987","2025-10-24","37.00","AUD","1760734808","29218/2025-10-24/1760734808.json"
"892632","715987","2025-10-27","37.00","AUD","1760734808","29218/2025-10-27/1760734808.json"
"892632","715987","2025-10-26","37.00","AUD","1760734808","29218/2025-10-26/1760734808.json"
"892632","715987","2025-10-29","37.00","AUD","1760734808","29218/2025-10-29/1760734808.json"
"892632","715987","2025-10-28","37.00","AUD","1760734808","29218/2025-10-28/1760734808.json"
"892632","715987","2025-10-30","37.00","AUD","1760734808","29218/2025-10-30/1760734808.json"
"892632","715987","2025-10-31","37.00","AUD","1760734808","29218/2025-10-31/1760734808.json"
"892632","715987","2025-11-02","37.00","AUD","1760734808","29218/2025-11-02/1760734808.json"
"892632","715987","2025-11-01","37.00","AUD","1760734808","29218/2025-11-01/1760734808.json"
"892632","715987","2025-11-03","37.00","AUD","1760734808","29218/2025-11-03/1760734808.json"
"892632","715987","2025-11-04","37.00","AUD","1760734808","29218/2025-11-04/1760734808.json"
"892632","715987","2025-11-05","37.00","AUD","1760734808","29218/2025-11-05/1760734808.json"
"892632","715987","2025-11-06","37.00","AUD","1760734808","29218/2025-11-06/1760734808.json"
"892632","715987","2025-11-08","37.00","AUD","1760734808","29218/2025-11-08/1760734808.json"
"892632","715987","2025-11-07","37.00","AUD","1760734808","29218/2025-11-07/1760734808.json"
"892632","715987","2025-11-09","37.00","AUD","1760734808","29218/2025-11-09/1760734808.json"
"892632","715987","2025-11-10","37.00","AUD","1760734808","29218/2025-11-10/1760734808.json"
"892632","715987","2025-11-12","37.00","AUD","1760734808","29218/2025-11-12/1760734808.json"
"892632","715987","2025-11-11","37.00","AUD","1760734808","29218/2025-11-11/1760734808.json"
"892632","715987","2025-11-13","37.00","AUD","1760734808","29218/2025-11-13/1760734808.json"
"892632","715987","2025-11-14","37.00","AUD","1760734808","29218/2025-11-14/1760734808.json"
"892632","715987","2025-11-15","37.00","AUD","1760734808","29218/2025-11-15/1760734808.json"
"892632","715987","2025-11-16","37.00","AUD","1760734808","29218/2025-11-16/1760734808.json"
"892632","715987","2025-11-17","37.00","AUD","1760734808","29218/2025-11-17/1760734808.json"
"892632","715987","2025-11-18","37.00","AUD","1760734808","29218/2025-11-18/1760734808.json"
"892632","715987","2025-11-20","37.00","AUD","1760734808","29218/2025-11-20/1760734808.json"
"892632","715987","2025-11-19","37.00","AUD","1760734808","29218/2025-11-19/1760734808.json"
"892632","715987","2025-11-22","37.00","AUD","1760734808","29218/2025-11-22/1760734808.json"
"892632","715987","2025-11-21","37.00","AUD","1760734808","29218/2025-11-21/1760734808.json"
"892632","715987","2025-11-23","37.00","AUD","1760734808","29218/2025-11-23/1760734808.json"
"892632","715987","2025-11-26","37.00","AUD","1760734808","29218/2025-11-26/1760734808.json"
"892632","715987","2025-11-24","37.00","AUD","1760734808","29218/2025-11-24/1760734808.json"
"892632","715987","2025-11-25","37.00","AUD","1760734808","29218/2025-11-25/1760734808.json"
"892632","715987","2025-11-27","37.00","AUD","1760734808","29218/2025-11-27/1760734808.json"
"892632","715987","2025-11-28","37.00","AUD","1760734808","29218/2025-11-28/1760734808.json"
"892632","715987","2025-11-29","37.00","AUD","1760734808","29218/2025-11-29/1760734808.json"
"892632","715987","2025-11-30","37.00","AUD","1760734808","29218/2025-11-30/1760734808.json"
"892632","715987","2025-12-01","37.00","AUD","1760734808","29218/2025-12-01/1760734808.json"
"892632","715987","2025-12-02","37.00","AUD","1760734808","29218/2025-12-02/1760734808.json"
"892632","715987","2025-12-03","37.00","AUD","1760734808","29218/2025-12-03/1760734808.json"
"892632","715987","2025-12-04","37.00","AUD","1760734808","29218/2025-12-04/1760734808.json"
"892632","715987","2025-12-05","37.00","AUD","1760734808","29218/2025-12-05/1760734808.json"
"892632","715987","2025-12-06","37.00","AUD","1760734808","29218/2025-12-06/1760734808.json"
"892632","715987","2025-12-07","37.00","AUD","1760734808","29218/2025-12-07/1760734808.json"
"892632","715987","2025-12-09","37.00","AUD","1760734808","29218/2025-12-09/1760734808.json"
"892632","715987","2025-12-10","37.00","AUD","1760734808","29218/2025-12-10/1760734808.json"
"892632","715987","2025-12-08","37.00","AUD","1760734808","29218/2025-12-08/1760734808.json"
"892632","715987","2025-12-11","37.00","AUD","1760734808","29218/2025-12-11/1760734808.json"
"892632","715987","2025-12-12","37.00","AUD","1760734808","29218/2025-12-12/1760734808.json"
"892632","715987","2025-12-13","37.00","AUD","1760734808","29218/2025-12-13/1760734808.json"
"892632","715987","2025-12-14","37.00","AUD","1760734808","29218/2025-12-14/1760734808.json"
"892632","715987","2025-12-15","37.00","AUD","1760734808","29218/2025-12-15/1760734808.json"
"892632","715987","2025-12-16","37.00","AUD","1760734808","29218/2025-12-16/1760734808.json"
"892632","715987","2025-10-19","37.00","AUD","1760758372","29218/2025-10-19/1760758372.json"
"892632","715987","2025-10-20","37.00","AUD","1760758372","29218/2025-10-20/1760758372.json"
"892632","715987","2025-10-21","37.00","AUD","1760758372","29218/2025-10-21/1760758372.json"
"892632","715987","2025-10-23","37.00","AUD","1760758372","29218/2025-10-23/1760758372.json"
"892632","715987","2025-10-24","37.00","AUD","1760758372","29218/2025-10-24/1760758372.json"
"892632","715987","2025-10-22","37.00","AUD","1760758372","29218/2025-10-22/1760758372.json"
"892632","715987","2025-10-25","37.00","AUD","1760758372","29218/2025-10-25/1760758372.json"
"892632","715987","2025-10-26","37.00","AUD","1760758372","29218/2025-10-26/1760758372.json"
"892632","715987","2025-10-28","37.00","AUD","1760758372","29218/2025-10-28/1760758372.json"
"892632","715987","2025-10-27","37.00","AUD","1760758372","29218/2025-10-27/1760758372.json"
"892632","715987","2025-10-29","37.00","AUD","1760758372","29218/2025-10-29/1760758372.json"
"892632","715987","2025-10-31","37.00","AUD","1760758372","29218/2025-10-31/1760758372.json"
"892632","715987","2025-11-01","37.00","AUD","1760758372","29218/2025-11-01/1760758372.json"
"892632","715987","2025-10-30","37.00","AUD","1760758372","29218/2025-10-30/1760758372.json"
"892632","715987","2025-11-02","37.00","AUD","1760758372","29218/2025-11-02/1760758372.json"
"892632","715987","2025-11-03","37.00","AUD","1760758372","29218/2025-11-03/1760758372.json"
"892632","715987","2025-11-04","37.00","AUD","1760758372","29218/2025-11-04/1760758372.json"
"892632","715987","2025-11-06","37.00","AUD","1760758372","29218/2025-11-06/1760758372.json"
"892632","715987","2025-11-05","37.00","AUD","1760758372","29218/2025-11-05/1760758372.json"
"892632","715987","2025-11-07","37.00","AUD","1760758372","29218/2025-11-07/1760758372.json"
"892632","715987","2025-11-08","37.00","AUD","1760758372","29218/2025-11-08/1760758372.json"
"892632","715987","2025-11-09","37.00","AUD","1760758372","29218/2025-11-09/1760758372.json"
"892632","715987","2025-11-10","37.00","AUD","1760758372","29218/2025-11-10/1760758372.json"
"892632","715987","2025-11-12","37.00","AUD","1760758372","29218/2025-11-12/1760758372.json"
"892632","715987","2025-11-11","37.00","AUD","1760758372","29218/2025-11-11/1760758372.json"
"892632","715987","2025-11-13","37.00","AUD","1760758372","29218/2025-11-13/1760758372.json"
"892632","715987","2025-11-14","37.00","AUD","1760758372","29218/2025-11-14/1760758372.json"
"892632","715987","2025-11-15","37.00","AUD","1760758372","29218/2025-11-15/1760758372.json"
"892632","715987","2025-11-16","37.00","AUD","1760758372","29218/2025-11-16/1760758372.json"
"892632","715987","2025-11-17","37.00","AUD","1760758372","29218/2025-11-17/1760758372.json"
"892632","715987","2025-11-18","37.00","AUD","1760758372","29218/2025-11-18/1760758372.json"
"892632","715987","2025-11-19","37.00","AUD","1760758372","29218/2025-11-19/1760758372.json"
"892632","715987","2025-11-20","37.00","AUD","1760758372","29218/2025-11-20/1760758372.json"
"892632","715987","2025-11-21","37.00","AUD","1760758372","29218/2025-11-21/1760758372.json"
"892632","715987","2025-11-22","37.00","AUD","1760758372","29218/2025-11-22/1760758372.json"
"892632","715987","2025-11-24","37.00","AUD","1760758372","29218/2025-11-24/1760758372.json"
"892632","715987","2025-11-23","37.00","AUD","1760758372","29218/2025-11-23/1760758372.json"
"892632","715987","2025-11-25","37.00","AUD","1760758372","29218/2025-11-25/1760758372.json"
"892632","715987","2025-11-26","37.00","AUD","1760758372","29218/2025-11-26/1760758372.json"
"892632","715987","2025-11-27","37.00","AUD","1760758372","29218/2025-11-27/1760758372.json"
"892632","715987","2025-11-28","37.00","AUD","1760758372","29218/2025-11-28/1760758372.json"
"892632","715987","2025-11-29","37.00","AUD","1760758372","29218/2025-11-29/1760758372.json"
"892632","715987","2025-11-30","37.00","AUD","1760758372","29218/2025-11-30/1760758372.json"
"892632","715987","2025-12-02","37.00","AUD","1760758372","29218/2025-12-02/1760758372.json"
"892632","715987","2025-12-01","37.00","AUD","1760758372","29218/2025-12-01/1760758372.json"
"892632","715987","2025-12-03","37.00","AUD","1760758372","29218/2025-12-03/1760758372.json"
"892632","715987","2025-12-04","37.00","AUD","1760758372","29218/2025-12-04/1760758372.json"
"892632","715987","2025-12-05","37.00","AUD","1760758372","29218/2025-12-05/1760758372.json"
"892632","715987","2025-12-06","37.00","AUD","1760758372","29218/2025-12-06/1760758372.json"
"892632","715987","2025-12-07","37.00","AUD","1760758372","29218/2025-12-07/1760758372.json"
"892632","715987","2025-12-08","37.00","AUD","1760758372","29218/2025-12-08/1760758372.json"
"892632","715987","2025-12-09","37.00","AUD","1760758372","29218/2025-12-09/1760758372.json"
"892632","715987","2025-12-10","37.00","AUD","1760758372","29218/2025-12-10/1760758372.json"
"892632","715987","2025-12-12","37.00","AUD","1760758372","29218/2025-12-12/1760758372.json"
"892632","715987","2025-12-11","37.00","AUD","1760758372","29218/2025-12-11/1760758372.json"
"892632","715987","2025-12-13","37.00","AUD","1760758372","29218/2025-12-13/1760758372.json"
"892632","715987","2025-12-14","37.00","AUD","1760758372","29218/2025-12-14/1760758372.json"
"892632","715987","2025-12-15","37.00","AUD","1760758372","29218/2025-12-15/1760758372.json"
"892632","715987","2025-12-16","37.00","AUD","1760758372","29218/2025-12-16/1760758372.json"
"892632","715987","2025-12-17","37.00","AUD","1760758372","29218/2025-12-17/1760758372.json"
"892632","715987","2025-10-19","37.00","AUD","1760764116","29218/2025-10-19/1760764116.json"
"892632","715987","2025-10-21","37.00","AUD","1760764116","29218/2025-10-21/1760764116.json"
"892632","715987","2025-10-20","37.00","AUD","1760764116","29218/2025-10-20/1760764116.json"
"892632","715987","2025-10-23","37.00","AUD","1760764116","29218/2025-10-23/1760764116.json"
"892632","715987","2025-10-22","37.00","AUD","1760764116","29218/2025-10-22/1760764116.json"
"892632","715987","2025-10-24","37.00","AUD","1760764116","29218/2025-10-24/1760764116.json"
"892632","715987","2025-10-27","37.00","AUD","1760764116","29218/2025-10-27/1760764116.json"
"892632","715987","2025-10-26","37.00","AUD","1760764116","29218/2025-10-26/1760764116.json"
"892632","715987","2025-10-25","37.00","AUD","1760764116","29218/2025-10-25/1760764116.json"
"892632","715987","2025-10-28","37.00","AUD","1760764116","29218/2025-10-28/1760764116.json"
"892632","715987","2025-10-30","37.00","AUD","1760764116","29218/2025-10-30/1760764116.json"
"892632","715987","2025-10-31","37.00","AUD","1760764116","29218/2025-10-31/1760764116.json"
"892632","715987","2025-11-01","37.00","AUD","1760764116","29218/2025-11-01/1760764116.json"
"892632","715987","2025-10-29","37.00","AUD","1760764116","29218/2025-10-29/1760764116.json"
"892632","715987","2025-11-02","37.00","AUD","1760764116","29218/2025-11-02/1760764116.json"
"892632","715987","2025-11-03","37.00","AUD","1760764116","29218/2025-11-03/1760764116.json"
"892632","715987","2025-11-04","37.00","AUD","1760764116","29218/2025-11-04/1760764116.json"
"892632","715987","2025-11-05","37.00","AUD","1760764116","29218/2025-11-05/1760764116.json"
"892632","715987","2025-11-06","37.00","AUD","1760764116","29218/2025-11-06/1760764116.json"
"892632","715987","2025-11-07","37.00","AUD","1760764116","29218/2025-11-07/1760764116.json"
"892632","715987","2025-11-09","37.00","AUD","1760764116","29218/2025-11-09/1760764116.json"
"892632","715987","2025-11-08","37.00","AUD","1760764116","29218/2025-11-08/1760764116.json"
"892632","715987","2025-11-11","37.00","AUD","1760764116","29218/2025-11-11/1760764116.json"
"892632","715987","2025-11-10","37.00","AUD","1760764116","29218/2025-11-10/1760764116.json"
"892632","715987","2025-11-12","37.00","AUD","1760764116","29218/2025-11-12/1760764116.json"
"892632","715987","2025-11-13","37.00","AUD","1760764116","29218/2025-11-13/1760764116.json"
"892632","715987","2025-11-15","37.00","AUD","1760764116","29218/2025-11-15/1760764116.json"
"892632","715987","2025-11-14","37.00","AUD","1760764116","29218/2025-11-14/1760764116.json"
"892632","715987","2025-11-17","37.00","AUD","1760764116","29218/2025-11-17/1760764116.json"
"892632","715987","2025-11-16","37.00","AUD","1760764116","29218/2025-11-16/1760764116.json"
"892632","715987","2025-11-19","37.00","AUD","1760764116","29218/2025-11-19/1760764116.json"
"892632","715987","2025-11-18","37.00","AUD","1760764116","29218/2025-11-18/1760764116.json"
"892632","715987","2025-11-21","37.00","AUD","1760764116","29218/2025-11-21/1760764116.json"
"892632","715987","2025-11-20","37.00","AUD","1760764116","29218/2025-11-20/1760764116.json"
"892632","715987","2025-11-22","37.00","AUD","1760764116","29218/2025-11-22/1760764116.json"
"892632","715987","2025-11-23","37.00","AUD","1760764116","29218/2025-11-23/1760764116.json"
"892632","715987","2025-11-25","37.00","AUD","1760764116","29218/2025-11-25/1760764116.json"
"892632","715987","2025-11-24","37.00","AUD","1760764116","29218/2025-11-24/1760764116.json"
"892632","715987","2025-11-26","37.00","AUD","1760764116","29218/2025-11-26/1760764116.json"
"892632","715987","2025-11-27","37.00","AUD","1760764116","29218/2025-11-27/1760764116.json"
"892632","715987","2025-11-29","37.00","AUD","1760764116","29218/2025-11-29/1760764116.json"
"892632","715987","2025-11-28","37.00","AUD","1760764116","29218/2025-11-28/1760764116.json"
"892632","715987","2025-11-30","37.00","AUD","1760764116","29218/2025-11-30/1760764116.json"
"892632","715987","2025-12-02","37.00","AUD","1760764116","29218/2025-12-02/1760764116.json"
"892632","715987","2025-12-01","37.00","AUD","1760764116","29218/2025-12-01/1760764116.json"
"892632","715987","2025-12-03","37.00","AUD","1760764116","29218/2025-12-03/1760764116.json"
"892632","715987","2025-12-04","37.00","AUD","1760764116","29218/2025-12-04/1760764116.json"
"892632","715987","2025-12-06","37.00","AUD","1760764116","29218/2025-12-06/1760764116.json"
"892632","715987","2025-12-05","37.00","AUD","1760764116","29218/2025-12-05/1760764116.json"
"892632","715987","2025-12-07","37.00","AUD","1760764116","29218/2025-12-07/1760764116.json"
"892632","715987","2025-12-08","37.00","AUD","1760764116","29218/2025-12-08/1760764116.json"
"892632","715987","2025-12-09","37.00","AUD","1760764116","29218/2025-12-09/1760764116.json"
"892632","715987","2025-12-11","37.00","AUD","1760764116","29218/2025-12-11/1760764116.json"
"892632","715987","2025-12-10","37.00","AUD","1760764116","29218/2025-12-10/1760764116.json"
"892632","715987","2025-12-12","37.00","AUD","1760764116","29218/2025-12-12/1760764116.json"
"892632","715987","2025-12-13","37.00","AUD","1760764116","29218/2025-12-13/1760764116.json"
"892632","715987","2025-12-14","37.00","AUD","1760764116","29218/2025-12-14/1760764116.json"
"892632","715987","2025-12-15","37.00","AUD","1760764116","29218/2025-12-15/1760764116.json"
"892632","715987","2025-12-16","37.00","AUD","1760764116","29218/2025-12-16/1760764116.json"
"892632","715987","2025-12-17","37.00","AUD","1760764116","29218/2025-12-17/1760764116.json"
"892632","715987","2025-10-21","37.00","AUD","1760778467","29218/2025-10-21/1760778467.json"
"892632","715987","2025-10-20","37.00","AUD","1760778467","29218/2025-10-20/1760778467.json"
"892632","715987","2025-10-19","37.00","AUD","1760778467","29218/2025-10-19/1760778467.json"
"892632","715987","2025-10-25","37.00","AUD","1760778467","29218/2025-10-25/1760778467.json"
"892632","715987","2025-10-22","37.00","AUD","1760778467","29218/2025-10-22/1760778467.json"
"892632","715987","2025-10-24","37.00","AUD","1760778467","29218/2025-10-24/1760778467.json"
"892632","715987","2025-10-23","37.00","AUD","1760778467","29218/2025-10-23/1760778467.json"
"892632","715987","2025-10-26","37.00","AUD","1760778467","29218/2025-10-26/1760778467.json"
"892632","715987","2025-10-28","37.00","AUD","1760778467","29218/2025-10-28/1760778467.json"
"892632","715987","2025-10-27","37.00","AUD","1760778467","29218/2025-10-27/1760778467.json"
"892632","715987","2025-10-29","37.00","AUD","1760778467","29218/2025-10-29/1760778467.json"
"892632","715987","2025-10-30","37.00","AUD","1760778467","29218/2025-10-30/1760778467.json"
"892632","715987","2025-11-01","37.00","AUD","1760778467","29218/2025-11-01/1760778467.json"
"892632","715987","2025-10-31","37.00","AUD","1760778467","29218/2025-10-31/1760778467.json"
"892632","715987","2025-11-02","37.00","AUD","1760778467","29218/2025-11-02/1760778467.json"
"892632","715987","2025-11-04","37.00","AUD","1760778467","29218/2025-11-04/1760778467.json"
"892632","715987","2025-11-05","37.00","AUD","1760778467","29218/2025-11-05/1760778467.json"
"892632","715987","2025-11-06","37.00","AUD","1760778467","29218/2025-11-06/1760778467.json"
"892632","715987","2025-11-03","37.00","AUD","1760778467","29218/2025-11-03/1760778467.json"
"892632","715987","2025-11-08","37.00","AUD","1760778467","29218/2025-11-08/1760778467.json"
"892632","715987","2025-11-07","37.00","AUD","1760778467","29218/2025-11-07/1760778467.json"
"892632","715987","2025-11-10","37.00","AUD","1760778467","29218/2025-11-10/1760778467.json"
"892632","715987","2025-11-13","37.00","AUD","1760778467","29218/2025-11-13/1760778467.json"
"892632","715987","2025-11-12","37.00","AUD","1760778467","29218/2025-11-12/1760778467.json"
"892632","715987","2025-11-09","37.00","AUD","1760778467","29218/2025-11-09/1760778467.json"
"892632","715987","2025-11-11","37.00","AUD","1760778467","29218/2025-11-11/1760778467.json"
"892632","715987","2025-11-14","37.00","AUD","1760778467","29218/2025-11-14/1760778467.json"
"892632","715987","2025-11-15","37.00","AUD","1760778467","29218/2025-11-15/1760778467.json"
"892632","715987","2025-11-16","37.00","AUD","1760778467","29218/2025-11-16/1760778467.json"
"892632","715987","2025-11-17","37.00","AUD","1760778467","29218/2025-11-17/1760778467.json"
"892632","715987","2025-11-18","37.00","AUD","1760778467","29218/2025-11-18/1760778467.json"
"892632","715987","2025-11-20","37.00","AUD","1760778467","29218/2025-11-20/1760778467.json"
"892632","715987","2025-11-19","37.00","AUD","1760778467","29218/2025-11-19/1760778467.json"
"892632","715987","2025-11-21","37.00","AUD","1760778467","29218/2025-11-21/1760778467.json"
"892632","715987","2025-11-22","37.00","AUD","1760778467","29218/2025-11-22/1760778467.json"
"892632","715987","2025-11-23","37.00","AUD","1760778467","29218/2025-11-23/1760778467.json"
"892632","715987","2025-11-24","37.00","AUD","1760778467","29218/2025-11-24/1760778467.json"
"892632","715987","2025-11-25","37.00","AUD","1760778467","29218/2025-11-25/1760778467.json"
"892632","715987","2025-11-28","37.00","AUD","1760778467","29218/2025-11-28/1760778467.json"
"892632","715987","2025-11-26","37.00","AUD","1760778467","29218/2025-11-26/1760778467.json"
"892632","715987","2025-11-27","37.00","AUD","1760778467","29218/2025-11-27/1760778467.json"
"892632","715987","2025-11-29","37.00","AUD","1760778467","29218/2025-11-29/1760778467.json"
"892632","715987","2025-12-01","37.00","AUD","1760778467","29218/2025-12-01/1760778467.json"
"892632","715987","2025-12-02","37.00","AUD","1760778467","29218/2025-12-02/1760778467.json"
"892632","715987","2025-11-30","37.00","AUD","1760778467","29218/2025-11-30/1760778467.json"
"892632","715987","2025-12-03","37.00","AUD","1760778467","29218/2025-12-03/1760778467.json"
"892632","715987","2025-12-04","37.00","AUD","1760778467","29218/2025-12-04/1760778467.json"
"892632","715987","2025-12-05","37.00","AUD","1760778467","29218/2025-12-05/1760778467.json"
"892632","715987","2025-12-06","37.00","AUD","1760778467","29218/2025-12-06/1760778467.json"
"892632","715987","2025-12-08","37.00","AUD","1760778467","29218/2025-12-08/1760778467.json"
"892632","715987","2025-12-07","37.00","AUD","1760778467","29218/2025-12-07/1760778467.json"
"892632","715987","2025-12-09","37.00","AUD","1760778467","29218/2025-12-09/1760778467.json"
"892632","715987","2025-12-10","37.00","AUD","1760778467","29218/2025-12-10/1760778467.json"
"892632","715987","2025-12-12","37.00","AUD","1760778467","29218/2025-12-12/1760778467.json"
"892632","715987","2025-12-11","37.00","AUD","1760778467","29218/2025-12-11/1760778467.json"
"892632","715987","2025-12-13","37.00","AUD","1760778467","29218/2025-12-13/1760778467.json"
"892632","715987","2025-12-14","37.00","AUD","1760778467","29218/2025-12-14/1760778467.json"
"892632","715987","2025-12-15","37.00","AUD","1760778467","29218/2025-12-15/1760778467.json"
"892632","715987","2025-12-16","37.00","AUD","1760778467","29218/2025-12-16/1760778467.json"
"892632","715987","2025-12-17","37.00","AUD","1760778467","29218/2025-12-17/1760778467.json"
"892632","715987","2025-10-19","37.00","AUD","1760794402","29218/2025-10-19/1760794402.json"
"892632","715987","2025-10-21","37.00","AUD","1760794402","29218/2025-10-21/1760794402.json"
"892632","715987","2025-10-20","37.00","AUD","1760794402","29218/2025-10-20/1760794402.json"
"892632","715987","2025-10-22","37.00","AUD","1760794402","29218/2025-10-22/1760794402.json"
"892632","715987","2025-10-23","37.00","AUD","1760794402","29218/2025-10-23/1760794402.json"
"892632","715987","2025-10-25","37.00","AUD","1760794402","29218/2025-10-25/1760794402.json"
"892632","715987","2025-10-24","37.00","AUD","1760794402","29218/2025-10-24/1760794402.json"
"892632","715987","2025-10-27","37.00","AUD","1760794402","29218/2025-10-27/1760794402.json"
"892632","715987","2025-10-28","37.00","AUD","1760794402","29218/2025-10-28/1760794402.json"
"892632","715987","2025-10-26","37.00","AUD","1760794402","29218/2025-10-26/1760794402.json"
"892632","715987","2025-10-29","37.00","AUD","1760794402","29218/2025-10-29/1760794402.json"
"892632","715987","2025-10-30","37.00","AUD","1760794402","29218/2025-10-30/1760794402.json"
"892632","715987","2025-11-01","37.00","AUD","1760794402","29218/2025-11-01/1760794402.json"
"892632","715987","2025-10-31","37.00","AUD","1760794402","29218/2025-10-31/1760794402.json"
"892632","715987","2025-11-02","37.00","AUD","1760794402","29218/2025-11-02/1760794402.json"
"892632","715987","2025-11-03","37.00","AUD","1760794402","29218/2025-11-03/1760794402.json"
"892632","715987","2025-11-06","37.00","AUD","1760794402","29218/2025-11-06/1760794402.json"
"892632","715987","2025-11-04","37.00","AUD","1760794402","29218/2025-11-04/1760794402.json"
"892632","715987","2025-11-07","37.00","AUD","1760794402","29218/2025-11-07/1760794402.json"
"892632","715987","2025-11-05","37.00","AUD","1760794402","29218/2025-11-05/1760794402.json"
"892632","715987","2025-11-08","37.00","AUD","1760794402","29218/2025-11-08/1760794402.json"
"892632","715987","2025-11-10","37.00","AUD","1760794402","29218/2025-11-10/1760794402.json"
"892632","715987","2025-11-11","37.00","AUD","1760794402","29218/2025-11-11/1760794402.json"
"892632","715987","2025-11-09","37.00","AUD","1760794402","29218/2025-11-09/1760794402.json"
"892632","715987","2025-11-12","37.00","AUD","1760794402","29218/2025-11-12/1760794402.json"
"892632","715987","2025-11-14","37.00","AUD","1760794402","29218/2025-11-14/1760794402.json"
"892632","715987","2025-11-13","37.00","AUD","1760794402","29218/2025-11-13/1760794402.json"
"892632","715987","2025-11-15","37.00","AUD","1760794402","29218/2025-11-15/1760794402.json"
"892632","715987","2025-11-16","37.00","AUD","1760794402","29218/2025-11-16/1760794402.json"
"892632","715987","2025-11-17","37.00","AUD","1760794402","29218/2025-11-17/1760794402.json"
"892632","715987","2025-11-19","37.00","AUD","1760794402","29218/2025-11-19/1760794402.json"
"892632","715987","2025-11-18","37.00","AUD","1760794402","29218/2025-11-18/1760794402.json"
"892632","715987","2025-11-20","37.00","AUD","1760794402","29218/2025-11-20/1760794402.json"
"892632","715987","2025-11-21","37.00","AUD","1760794402","29218/2025-11-21/1760794402.json"
"892632","715987","2025-11-22","37.00","AUD","1760794402","29218/2025-11-22/1760794402.json"
"892632","715987","2025-11-24","37.00","AUD","1760794402","29218/2025-11-24/1760794402.json"
"892632","715987","2025-11-23","37.00","AUD","1760794402","29218/2025-11-23/1760794402.json"
"892632","715987","2025-11-25","37.00","AUD","1760794402","29218/2025-11-25/1760794402.json"
"892632","715987","2025-11-27","37.00","AUD","1760794402","29218/2025-11-27/1760794402.json"
"892632","715987","2025-11-28","37.00","AUD","1760794402","29218/2025-11-28/1760794402.json"
"892632","715987","2025-11-30","37.00","AUD","1760794402","29218/2025-11-30/1760794402.json"
"892632","715987","2025-12-01","37.00","AUD","1760794402","29218/2025-12-01/1760794402.json"
"892632","715987","2025-11-29","37.00","AUD","1760794402","29218/2025-11-29/1760794402.json"
"892632","715987","2025-12-02","37.00","AUD","1760794402","29218/2025-12-02/1760794402.json"
"892632","715987","2025-12-03","37.00","AUD","1760794402","29218/2025-12-03/1760794402.json"
"892632","715987","2025-12-04","37.00","AUD","1760794402","29218/2025-12-04/1760794402.json"
"892632","715987","2025-12-05","37.00","AUD","1760794402","29218/2025-12-05/1760794402.json"
"892632","715987","2025-12-06","37.00","AUD","1760794402","29218/2025-12-06/1760794402.json"
"892632","715987","2025-12-07","37.00","AUD","1760794402","29218/2025-12-07/1760794402.json"
"892632","715987","2025-12-08","37.00","AUD","1760794402","29218/2025-12-08/1760794402.json"
"892632","715987","2025-12-09","37.00","AUD","1760794402","29218/2025-12-09/1760794402.json"
"892632","715987","2025-12-10","37.00","AUD","1760794402","29218/2025-12-10/1760794402.json"
"892632","715987","2025-12-12","37.00","AUD","1760794402","29218/2025-12-12/1760794402.json"
"892632","715987","2025-12-11","37.00","AUD","1760794402","29218/2025-12-11/1760794402.json"
"892632","715987","2025-12-13","37.00","AUD","1760794402","29218/2025-12-13/1760794402.json"
"892632","715987","2025-12-14","37.00","AUD","1760794402","29218/2025-12-14/1760794402.json"
"892632","715987","2025-12-16","37.00","AUD","1760794402","29218/2025-12-16/1760794402.json"
"892632","715987","2025-12-15","37.00","AUD","1760794402","29218/2025-12-15/1760794402.json"
"892632","715987","2025-12-17","37.00","AUD","1760794402","29218/2025-12-17/1760794402.json"
"892632","715987","2025-11-26","37.00","AUD","1760794402","29218/2025-11-26/1760794402.json"
"892632","715987","2025-10-19","37.00","AUD","1760807537","29218/2025-10-19/1760807537.json"
"892632","715987","2025-10-21","37.00","AUD","1760807537","29218/2025-10-21/1760807537.json"
"892632","715987","2025-10-20","37.00","AUD","1760807537","29218/2025-10-20/1760807537.json"
"892632","715987","2025-10-24","37.00","AUD","1760807537","29218/2025-10-24/1760807537.json"
"892632","715987","2025-10-25","37.00","AUD","1760807537","29218/2025-10-25/1760807537.json"
"892632","715987","2025-10-23","37.00","AUD","1760807537","29218/2025-10-23/1760807537.json"
"892632","715987","2025-10-22","37.00","AUD","1760807537","29218/2025-10-22/1760807537.json"
"892632","715987","2025-10-26","37.00","AUD","1760807537","29218/2025-10-26/1760807537.json"
"892632","715987","2025-10-27","37.00","AUD","1760807537","29218/2025-10-27/1760807537.json"
"892632","715987","2025-10-29","37.00","AUD","1760807537","29218/2025-10-29/1760807537.json"
"892632","715987","2025-10-28","37.00","AUD","1760807537","29218/2025-10-28/1760807537.json"
"892632","715987","2025-10-30","37.00","AUD","1760807537","29218/2025-10-30/1760807537.json"
"892632","715987","2025-11-01","37.00","AUD","1760807537","29218/2025-11-01/1760807537.json"
"892632","715987","2025-11-02","37.00","AUD","1760807537","29218/2025-11-02/1760807537.json"
"892632","715987","2025-10-31","37.00","AUD","1760807537","29218/2025-10-31/1760807537.json"
"892632","715987","2025-11-03","37.00","AUD","1760807537","29218/2025-11-03/1760807537.json"
"892632","715987","2025-11-05","37.00","AUD","1760807537","29218/2025-11-05/1760807537.json"
"892632","715987","2025-11-04","37.00","AUD","1760807537","29218/2025-11-04/1760807537.json"
"892632","715987","2025-11-07","37.00","AUD","1760807537","29218/2025-11-07/1760807537.json"
"892632","715987","2025-11-06","37.00","AUD","1760807537","29218/2025-11-06/1760807537.json"
"892632","715987","2025-11-08","37.00","AUD","1760807537","29218/2025-11-08/1760807537.json"
"892632","715987","2025-11-10","37.00","AUD","1760807537","29218/2025-11-10/1760807537.json"
"892632","715987","2025-11-09","37.00","AUD","1760807537","29218/2025-11-09/1760807537.json"
"892632","715987","2025-11-11","37.00","AUD","1760807537","29218/2025-11-11/1760807537.json"
"892632","715987","2025-11-13","37.00","AUD","1760807537","29218/2025-11-13/1760807537.json"
"892632","715987","2025-11-12","37.00","AUD","1760807537","29218/2025-11-12/1760807537.json"
"892632","715987","2025-11-14","37.00","AUD","1760807537","29218/2025-11-14/1760807537.json"
"892632","715987","2025-11-15","37.00","AUD","1760807537","29218/2025-11-15/1760807537.json"
"892632","715987","2025-11-17","37.00","AUD","1760807537","29218/2025-11-17/1760807537.json"
"892632","715987","2025-11-16","37.00","AUD","1760807537","29218/2025-11-16/1760807537.json"
"892632","715987","2025-11-18","37.00","AUD","1760807537","29218/2025-11-18/1760807537.json"
"892632","715987","2025-11-19","37.00","AUD","1760807537","29218/2025-11-19/1760807537.json"
"892632","715987","2025-11-20","37.00","AUD","1760807537","29218/2025-11-20/1760807537.json"
"892632","715987","2025-11-22","37.00","AUD","1760807537","29218/2025-11-22/1760807537.json"
"892632","715987","2025-11-21","37.00","AUD","1760807537","29218/2025-11-21/1760807537.json"
"892632","715987","2025-11-23","37.00","AUD","1760807537","29218/2025-11-23/1760807537.json"
"892632","715987","2025-11-24","37.00","AUD","1760807537","29218/2025-11-24/1760807537.json"
"892632","715987","2025-11-26","37.00","AUD","1760807537","29218/2025-11-26/1760807537.json"
"892632","715987","2025-11-25","37.00","AUD","1760807537","29218/2025-11-25/1760807537.json"
"892632","715987","2025-11-27","37.00","AUD","1760807537","29218/2025-11-27/1760807537.json"
"892632","715987","2025-11-28","37.00","AUD","1760807537","29218/2025-11-28/1760807537.json"
"892632","715987","2025-11-29","37.00","AUD","1760807537","29218/2025-11-29/1760807537.json"
"892632","715987","2025-11-30","37.00","AUD","1760807537","29218/2025-11-30/1760807537.json"
"892632","715987","2025-12-01","37.00","AUD","1760807537","29218/2025-12-01/1760807537.json"
"892632","715987","2025-12-02","37.00","AUD","1760807537","29218/2025-12-02/1760807537.json"
"892632","715987","2025-12-05","37.00","AUD","1760807537","29218/2025-12-05/1760807537.json"
"892632","715987","2025-12-03","37.00","AUD","1760807537","29218/2025-12-03/1760807537.json"
"892632","715987","2025-12-04","37.00","AUD","1760807537","29218/2025-12-04/1760807537.json"
"892632","715987","2025-12-06","37.00","AUD","1760807537","29218/2025-12-06/1760807537.json"
"892632","715987","2025-12-07","37.00","AUD","1760807537","29218/2025-12-07/1760807537.json"
"892632","715987","2025-12-08","37.00","AUD","1760807537","29218/2025-12-08/1760807537.json"
"892632","715987","2025-12-09","37.00","AUD","1760807537","29218/2025-12-09/1760807537.json"
"892632","715987","2025-12-10","37.00","AUD","1760807537","29218/2025-12-10/1760807537.json"
"892632","715987","2025-12-11","37.00","AUD","1760807537","29218/2025-12-11/1760807537.json"
"892632","715987","2025-12-12","37.00","AUD","1760807537","29218/2025-12-12/1760807537.json"
"892632","715987","2025-12-13","37.00","AUD","1760807537","29218/2025-12-13/1760807537.json"
"892632","715987","2025-12-14","37.00","AUD","1760807537","29218/2025-12-14/1760807537.json"
"892632","715987","2025-12-16","37.00","AUD","1760807537","29218/2025-12-16/1760807537.json"
"892632","715987","2025-12-15","37.00","AUD","1760807537","29218/2025-12-15/1760807537.json"
"892632","715987","2025-12-17","37.00","AUD","1760807537","29218/2025-12-17/1760807537.json"
"892632","715987","2025-10-21","37.00","AUD","1760821473","29218/2025-10-21/1760821473.json"
"892632","715987","2025-10-20","37.00","AUD","1760821473","29218/2025-10-20/1760821473.json"
"892632","715987","2025-10-19","37.00","AUD","1760821473","29218/2025-10-19/1760821473.json"
"892632","715987","2025-10-23","37.00","AUD","1760821473","29218/2025-10-23/1760821473.json"
"892632","715987","2025-10-24","37.00","AUD","1760821473","29218/2025-10-24/1760821473.json"
"892632","715987","2025-10-22","37.00","AUD","1760821473","29218/2025-10-22/1760821473.json"
"892632","715987","2025-10-25","37.00","AUD","1760821473","29218/2025-10-25/1760821473.json"
"892632","715987","2025-10-26","37.00","AUD","1760821473","29218/2025-10-26/1760821473.json"
"892632","715987","2025-10-27","37.00","AUD","1760821473","29218/2025-10-27/1760821473.json"
"892632","715987","2025-10-29","37.00","AUD","1760821473","29218/2025-10-29/1760821473.json"
"892632","715987","2025-10-28","37.00","AUD","1760821473","29218/2025-10-28/1760821473.json"
"892632","715987","2025-10-31","37.00","AUD","1760821473","29218/2025-10-31/1760821473.json"
"892632","715987","2025-10-30","37.00","AUD","1760821473","29218/2025-10-30/1760821473.json"
"892632","715987","2025-11-01","37.00","AUD","1760821473","29218/2025-11-01/1760821473.json"
"892632","715987","2025-11-02","37.00","AUD","1760821473","29218/2025-11-02/1760821473.json"
"892632","715987","2025-11-04","37.00","AUD","1760821473","29218/2025-11-04/1760821473.json"
"892632","715987","2025-11-03","37.00","AUD","1760821473","29218/2025-11-03/1760821473.json"
"892632","715987","2025-11-05","37.00","AUD","1760821473","29218/2025-11-05/1760821473.json"
"892632","715987","2025-11-06","37.00","AUD","1760821473","29218/2025-11-06/1760821473.json"
"892632","715987","2025-11-07","37.00","AUD","1760821473","29218/2025-11-07/1760821473.json"
"892632","715987","2025-11-09","37.00","AUD","1760821473","29218/2025-11-09/1760821473.json"
"892632","715987","2025-11-10","37.00","AUD","1760821473","29218/2025-11-10/1760821473.json"
"892632","715987","2025-11-08","37.00","AUD","1760821473","29218/2025-11-08/1760821473.json"
"892632","715987","2025-11-11","37.00","AUD","1760821473","29218/2025-11-11/1760821473.json"
"892632","715987","2025-11-14","37.00","AUD","1760821473","29218/2025-11-14/1760821473.json"
"892632","715987","2025-11-13","37.00","AUD","1760821473","29218/2025-11-13/1760821473.json"
"892632","715987","2025-11-15","37.00","AUD","1760821473","29218/2025-11-15/1760821473.json"
"892632","715987","2025-11-17","37.00","AUD","1760821473","29218/2025-11-17/1760821473.json"
"892632","715987","2025-11-12","37.00","AUD","1760821473","29218/2025-11-12/1760821473.json"
"892632","715987","2025-11-16","37.00","AUD","1760821473","29218/2025-11-16/1760821473.json"
"892632","715987","2025-11-18","37.00","AUD","1760821473","29218/2025-11-18/1760821473.json"
"892632","715987","2025-11-19","37.00","AUD","1760821473","29218/2025-11-19/1760821473.json"
"892632","715987","2025-11-20","37.00","AUD","1760821473","29218/2025-11-20/1760821473.json"
"892632","715987","2025-11-21","37.00","AUD","1760821473","29218/2025-11-21/1760821473.json"
"892632","715987","2025-11-22","37.00","AUD","1760821473","29218/2025-11-22/1760821473.json"
"892632","715987","2025-11-23","37.00","AUD","1760821473","29218/2025-11-23/1760821473.json"
"892632","715987","2025-11-25","37.00","AUD","1760821473","29218/2025-11-25/1760821473.json"
"892632","715987","2025-11-24","37.00","AUD","1760821473","29218/2025-11-24/1760821473.json"
"892632","715987","2025-11-26","37.00","AUD","1760821473","29218/2025-11-26/1760821473.json"
"892632","715987","2025-11-27","37.00","AUD","1760821473","29218/2025-11-27/1760821473.json"
"892632","715987","2025-11-29","37.00","AUD","1760821473","29218/2025-11-29/1760821473.json"
"892632","715987","2025-11-28","37.00","AUD","1760821473","29218/2025-11-28/1760821473.json"
"892632","715987","2025-11-30","37.00","AUD","1760821473","29218/2025-11-30/1760821473.json"
"892632","715987","2025-12-02","37.00","AUD","1760821473","29218/2025-12-02/1760821473.json"
"892632","715987","2025-12-03","37.00","AUD","1760821473","29218/2025-12-03/1760821473.json"
"892632","715987","2025-12-01","37.00","AUD","1760821473","29218/2025-12-01/1760821473.json"
"892632","715987","2025-12-04","37.00","AUD","1760821473","29218/2025-12-04/1760821473.json"
"892632","715987","2025-12-06","37.00","AUD","1760821473","29218/2025-12-06/1760821473.json"
"892632","715987","2025-12-07","37.00","AUD","1760821473","29218/2025-12-07/1760821473.json"
"892632","715987","2025-12-08","37.00","AUD","1760821473","29218/2025-12-08/1760821473.json"
"892632","715987","2025-12-09","37.00","AUD","1760821473","29218/2025-12-09/1760821473.json"
"892632","715987","2025-12-10","37.00","AUD","1760821473","29218/2025-12-10/1760821473.json"
"892632","715987","2025-12-12","37.00","AUD","1760821473","29218/2025-12-12/1760821473.json"
"892632","715987","2025-12-11","37.00","AUD","1760821473","29218/2025-12-11/1760821473.json"
"892632","715987","2025-12-13","37.00","AUD","1760821473","29218/2025-12-13/1760821473.json"
"892632","715987","2025-12-14","37.00","AUD","1760821473","29218/2025-12-14/1760821473.json"
"892632","715987","2025-12-15","37.00","AUD","1760821473","29218/2025-12-15/1760821473.json"
"892632","715987","2025-12-17","37.00","AUD","1760821473","29218/2025-12-17/1760821473.json"
"892632","715987","2025-12-16","37.00","AUD","1760821473","29218/2025-12-16/1760821473.json"
"892632","715987","2025-12-05","37.00","AUD","1760821473","29218/2025-12-05/1760821473.json"
"892632","715987","2025-10-22","37.00","AUD","1760846478","29218/2025-10-22/1760846478.json"
"892632","715987","2025-10-21","37.00","AUD","1760846478","29218/2025-10-21/1760846478.json"
"892632","715987","2025-10-20","37.00","AUD","1760846478","29218/2025-10-20/1760846478.json"
"892632","715987","2025-10-23","37.00","AUD","1760846478","29218/2025-10-23/1760846478.json"
"892632","715987","2025-10-24","37.00","AUD","1760846478","29218/2025-10-24/1760846478.json"
"892632","715987","2025-10-26","37.00","AUD","1760846478","29218/2025-10-26/1760846478.json"
"892632","715987","2025-10-25","37.00","AUD","1760846478","29218/2025-10-25/1760846478.json"
"892632","715987","2025-10-29","37.00","AUD","1760846478","29218/2025-10-29/1760846478.json"
"892632","715987","2025-10-27","37.00","AUD","1760846478","29218/2025-10-27/1760846478.json"
"892632","715987","2025-10-28","37.00","AUD","1760846478","29218/2025-10-28/1760846478.json"
"892632","715987","2025-10-30","37.00","AUD","1760846478","29218/2025-10-30/1760846478.json"
"892632","715987","2025-10-31","37.00","AUD","1760846478","29218/2025-10-31/1760846478.json"
"892632","715987","2025-11-02","37.00","AUD","1760846478","29218/2025-11-02/1760846478.json"
"892632","715987","2025-11-03","37.00","AUD","1760846478","29218/2025-11-03/1760846478.json"
"892632","715987","2025-11-01","37.00","AUD","1760846478","29218/2025-11-01/1760846478.json"
"892632","715987","2025-11-04","37.00","AUD","1760846478","29218/2025-11-04/1760846478.json"
"892632","715987","2025-11-05","37.00","AUD","1760846478","29218/2025-11-05/1760846478.json"
"892632","715987","2025-11-06","37.00","AUD","1760846478","29218/2025-11-06/1760846478.json"
"892632","715987","2025-11-07","37.00","AUD","1760846478","29218/2025-11-07/1760846478.json"
"892632","715987","2025-11-08","37.00","AUD","1760846478","29218/2025-11-08/1760846478.json"
"892632","715987","2025-11-09","37.00","AUD","1760846478","29218/2025-11-09/1760846478.json"
"892632","715987","2025-11-10","37.00","AUD","1760846478","29218/2025-11-10/1760846478.json"
"892632","715987","2025-11-11","37.00","AUD","1760846478","29218/2025-11-11/1760846478.json"
"892632","715987","2025-11-13","37.00","AUD","1760846478","29218/2025-11-13/1760846478.json"
"892632","715987","2025-11-12","37.00","AUD","1760846478","29218/2025-11-12/1760846478.json"
"892632","715987","2025-11-14","37.00","AUD","1760846478","29218/2025-11-14/1760846478.json"
"892632","715987","2025-11-15","37.00","AUD","1760846478","29218/2025-11-15/1760846478.json"
"892632","715987","2025-11-16","37.00","AUD","1760846478","29218/2025-11-16/1760846478.json"
"892632","715987","2025-11-17","37.00","AUD","1760846478","29218/2025-11-17/1760846478.json"
"892632","715987","2025-11-18","37.00","AUD","1760846478","29218/2025-11-18/1760846478.json"
"892632","715987","2025-11-19","37.00","AUD","1760846478","29218/2025-11-19/1760846478.json"
"892632","715987","2025-11-20","37.00","AUD","1760846478","29218/2025-11-20/1760846478.json"
"892632","715987","2025-11-22","37.00","AUD","1760846478","29218/2025-11-22/1760846478.json"
"892632","715987","2025-11-21","37.00","AUD","1760846478","29218/2025-11-21/1760846478.json"
"892632","715987","2025-11-23","37.00","AUD","1760846478","29218/2025-11-23/1760846478.json"
"892632","715987","2025-11-24","37.00","AUD","1760846478","29218/2025-11-24/1760846478.json"
"892632","715987","2025-11-27","37.00","AUD","1760846478","29218/2025-11-27/1760846478.json"
"892632","715987","2025-11-28","37.00","AUD","1760846478","29218/2025-11-28/1760846478.json"
"892632","715987","2025-11-25","37.00","AUD","1760846478","29218/2025-11-25/1760846478.json"
"892632","715987","2025-11-26","37.00","AUD","1760846478","29218/2025-11-26/1760846478.json"
"892632","715987","2025-11-29","37.00","AUD","1760846478","29218/2025-11-29/1760846478.json"
"892632","715987","2025-11-30","37.00","AUD","1760846478","29218/2025-11-30/1760846478.json"
"892632","715987","2025-12-01","37.00","AUD","1760846478","29218/2025-12-01/1760846478.json"
"892632","715987","2025-12-02","37.00","AUD","1760846478","29218/2025-12-02/1760846478.json"
"892632","715987","2025-12-03","37.00","AUD","1760846478","29218/2025-12-03/1760846478.json"
"892632","715987","2025-12-04","37.00","AUD","1760846478","29218/2025-12-04/1760846478.json"
"892632","715987","2025-12-06","37.00","AUD","1760846478","29218/2025-12-06/1760846478.json"
"892632","715987","2025-12-05","37.00","AUD","1760846478","29218/2025-12-05/1760846478.json"
"892632","715987","2025-12-07","37.00","AUD","1760846478","29218/2025-12-07/1760846478.json"
"892632","715987","2025-12-08","37.00","AUD","1760846478","29218/2025-12-08/1760846478.json"
"892632","715987","2025-12-09","37.00","AUD","1760846478","29218/2025-12-09/1760846478.json"
"892632","715987","2025-12-10","37.00","AUD","1760846478","29218/2025-12-10/1760846478.json"
"892632","715987","2025-12-11","37.00","AUD","1760846478","29218/2025-12-11/1760846478.json"
"892632","715987","2025-12-14","37.00","AUD","1760846478","29218/2025-12-14/1760846478.json"
"892632","715987","2025-12-13","37.00","AUD","1760846478","29218/2025-12-13/1760846478.json"
"892632","715987","2025-12-15","37.00","AUD","1760846478","29218/2025-12-15/1760846478.json"
"892632","715987","2025-12-12","37.00","AUD","1760846478","29218/2025-12-12/1760846478.json"
"892632","715987","2025-12-16","37.00","AUD","1760846478","29218/2025-12-16/1760846478.json"
"892632","715987","2025-12-18","37.00","AUD","1760846478","29218/2025-12-18/1760846478.json"
"892632","715987","2025-12-17","37.00","AUD","1760846478","29218/2025-12-17/1760846478.json"
"892632","715987","2025-10-22","37.00","AUD","1760850459","29218/2025-10-22/1760850459.json"
"892632","715987","2025-10-21","37.00","AUD","1760850459","29218/2025-10-21/1760850459.json"
"892632","715987","2025-10-20","37.00","AUD","1760850459","29218/2025-10-20/1760850459.json"
"892632","715987","2025-10-24","37.00","AUD","1760850459","29218/2025-10-24/1760850459.json"
"892632","715987","2025-10-23","37.00","AUD","1760850459","29218/2025-10-23/1760850459.json"
"892632","715987","2025-10-25","37.00","AUD","1760850459","29218/2025-10-25/1760850459.json"
"892632","715987","2025-10-28","37.00","AUD","1760850459","29218/2025-10-28/1760850459.json"
"892632","715987","2025-10-26","37.00","AUD","1760850459","29218/2025-10-26/1760850459.json"
"892632","715987","2025-10-29","37.00","AUD","1760850459","29218/2025-10-29/1760850459.json"
"892632","715987","2025-10-27","37.00","AUD","1760850459","29218/2025-10-27/1760850459.json"
"892632","715987","2025-10-31","37.00","AUD","1760850459","29218/2025-10-31/1760850459.json"
"892632","715987","2025-11-01","37.00","AUD","1760850459","29218/2025-11-01/1760850459.json"
"892632","715987","2025-11-02","37.00","AUD","1760850459","29218/2025-11-02/1760850459.json"
"892632","715987","2025-10-30","37.00","AUD","1760850459","29218/2025-10-30/1760850459.json"
"892632","715987","2025-11-03","37.00","AUD","1760850459","29218/2025-11-03/1760850459.json"
"892632","715987","2025-11-04","37.00","AUD","1760850459","29218/2025-11-04/1760850459.json"
"892632","715987","2025-11-05","37.00","AUD","1760850459","29218/2025-11-05/1760850459.json"
"892632","715987","2025-11-06","37.00","AUD","1760850459","29218/2025-11-06/1760850459.json"
"892632","715987","2025-11-07","37.00","AUD","1760850459","29218/2025-11-07/1760850459.json"
"892632","715987","2025-11-09","37.00","AUD","1760850459","29218/2025-11-09/1760850459.json"
"892632","715987","2025-11-08","37.00","AUD","1760850459","29218/2025-11-08/1760850459.json"
"892632","715987","2025-11-10","37.00","AUD","1760850459","29218/2025-11-10/1760850459.json"
"892632","715987","2025-11-11","37.00","AUD","1760850459","29218/2025-11-11/1760850459.json"
"892632","715987","2025-11-12","37.00","AUD","1760850459","29218/2025-11-12/1760850459.json"
"892632","715987","2025-11-13","37.00","AUD","1760850459","29218/2025-11-13/1760850459.json"
"892632","715987","2025-11-14","37.00","AUD","1760850459","29218/2025-11-14/1760850459.json"
"892632","715987","2025-11-15","37.00","AUD","1760850459","29218/2025-11-15/1760850459.json"
"892632","715987","2025-11-16","37.00","AUD","1760850459","29218/2025-11-16/1760850459.json"
"892632","715987","2025-11-17","37.00","AUD","1760850459","29218/2025-11-17/1760850459.json"
"892632","715987","2025-11-18","37.00","AUD","1760850459","29218/2025-11-18/1760850459.json"
"892632","715987","2025-11-19","37.00","AUD","1760850459","29218/2025-11-19/1760850459.json"
"892632","715987","2025-11-20","37.00","AUD","1760850459","29218/2025-11-20/1760850459.json"
"892632","715987","2025-11-22","37.00","AUD","1760850459","29218/2025-11-22/1760850459.json"
"892632","715987","2025-11-21","37.00","AUD","1760850459","29218/2025-11-21/1760850459.json"
"892632","715987","2025-11-23","37.00","AUD","1760850459","29218/2025-11-23/1760850459.json"
"892632","715987","2025-11-25","37.00","AUD","1760850459","29218/2025-11-25/1760850459.json"
"892632","715987","2025-11-26","37.00","AUD","1760850459","29218/2025-11-26/1760850459.json"
"892632","715987","2025-11-24","37.00","AUD","1760850459","29218/2025-11-24/1760850459.json"
"892632","715987","2025-11-27","37.00","AUD","1760850459","29218/2025-11-27/1760850459.json"
"892632","715987","2025-11-28","37.00","AUD","1760850459","29218/2025-11-28/1760850459.json"
"892632","715987","2025-11-29","37.00","AUD","1760850459","29218/2025-11-29/1760850459.json"
"892632","715987","2025-11-30","37.00","AUD","1760850459","29218/2025-11-30/1760850459.json"
"892632","715987","2025-12-01","37.00","AUD","1760850459","29218/2025-12-01/1760850459.json"
"892632","715987","2025-12-02","37.00","AUD","1760850459","29218/2025-12-02/1760850459.json"
"892632","715987","2025-12-03","37.00","AUD","1760850459","29218/2025-12-03/1760850459.json"
"892632","715987","2025-12-05","37.00","AUD","1760850459","29218/2025-12-05/1760850459.json"
"892632","715987","2025-12-04","37.00","AUD","1760850459","29218/2025-12-04/1760850459.json"
"892632","715987","2025-12-08","37.00","AUD","1760850459","29218/2025-12-08/1760850459.json"
"892632","715987","2025-12-06","37.00","AUD","1760850459","29218/2025-12-06/1760850459.json"
"892632","715987","2025-12-07","37.00","AUD","1760850459","29218/2025-12-07/1760850459.json"
"892632","715987","2025-12-09","37.00","AUD","1760850459","29218/2025-12-09/1760850459.json"
"892632","715987","2025-12-11","37.00","AUD","1760850459","29218/2025-12-11/1760850459.json"
"892632","715987","2025-12-13","37.00","AUD","1760850459","29218/2025-12-13/1760850459.json"
"892632","715987","2025-12-12","37.00","AUD","1760850459","29218/2025-12-12/1760850459.json"
"892632","715987","2025-12-10","37.00","AUD","1760850459","29218/2025-12-10/1760850459.json"
"892632","715987","2025-12-14","37.00","AUD","1760850459","29218/2025-12-14/1760850459.json"
"892632","715987","2025-12-15","37.00","AUD","1760850459","29218/2025-12-15/1760850459.json"
"892632","715987","2025-12-16","37.00","AUD","1760850459","29218/2025-12-16/1760850459.json"
"892632","715987","2025-12-17","37.00","AUD","1760850459","29218/2025-12-17/1760850459.json"
"892632","715987","2025-12-18","37.00","AUD","1760850459","29218/2025-12-18/1760850459.json"
"892632","715987","2025-10-22","37.00","AUD","1760864737","29218/2025-10-22/1760864737.json"
"892632","715987","2025-10-21","37.00","AUD","1760864737","29218/2025-10-21/1760864737.json"
"892632","715987","2025-10-20","37.00","AUD","1760864737","29218/2025-10-20/1760864737.json"
"892632","715987","2025-10-24","37.00","AUD","1760864737","29218/2025-10-24/1760864737.json"
"892632","715987","2025-10-23","37.00","AUD","1760864737","29218/2025-10-23/1760864737.json"
"892632","715987","2025-10-25","37.00","AUD","1760864737","29218/2025-10-25/1760864737.json"
"892632","715987","2025-10-26","37.00","AUD","1760864737","29218/2025-10-26/1760864737.json"
"892632","715987","2025-10-28","37.00","AUD","1760864737","29218/2025-10-28/1760864737.json"
"892632","715987","2025-10-29","37.00","AUD","1760864737","29218/2025-10-29/1760864737.json"
"892632","715987","2025-10-27","37.00","AUD","1760864737","29218/2025-10-27/1760864737.json"
"892632","715987","2025-10-30","37.00","AUD","1760864737","29218/2025-10-30/1760864737.json"
"892632","715987","2025-10-31","37.00","AUD","1760864737","29218/2025-10-31/1760864737.json"
"892632","715987","2025-11-01","37.00","AUD","1760864737","29218/2025-11-01/1760864737.json"
"892632","715987","2025-11-03","37.00","AUD","1760864737","29218/2025-11-03/1760864737.json"
"892632","715987","2025-11-02","37.00","AUD","1760864737","29218/2025-11-02/1760864737.json"
"892632","715987","2025-11-04","37.00","AUD","1760864737","29218/2025-11-04/1760864737.json"
"892632","715987","2025-11-05","37.00","AUD","1760864737","29218/2025-11-05/1760864737.json"
"892632","715987","2025-11-06","37.00","AUD","1760864737","29218/2025-11-06/1760864737.json"
"892632","715987","2025-11-07","37.00","AUD","1760864737","29218/2025-11-07/1760864737.json"
"892632","715987","2025-11-08","37.00","AUD","1760864737","29218/2025-11-08/1760864737.json"
"892632","715987","2025-11-09","37.00","AUD","1760864737","29218/2025-11-09/1760864737.json"
"892632","715987","2025-11-11","37.00","AUD","1760864737","29218/2025-11-11/1760864737.json"
"892632","715987","2025-11-10","37.00","AUD","1760864737","29218/2025-11-10/1760864737.json"
"892632","715987","2025-11-12","37.00","AUD","1760864737","29218/2025-11-12/1760864737.json"
"892632","715987","2025-11-13","37.00","AUD","1760864737","29218/2025-11-13/1760864737.json"
"892632","715987","2025-11-16","37.00","AUD","1760864737","29218/2025-11-16/1760864737.json"
"892632","715987","2025-11-14","37.00","AUD","1760864737","29218/2025-11-14/1760864737.json"
"892632","715987","2025-11-15","37.00","AUD","1760864737","29218/2025-11-15/1760864737.json"
"892632","715987","2025-11-18","37.00","AUD","1760864737","29218/2025-11-18/1760864737.json"
"892632","715987","2025-11-20","37.00","AUD","1760864737","29218/2025-11-20/1760864737.json"
"892632","715987","2025-11-17","37.00","AUD","1760864737","29218/2025-11-17/1760864737.json"
"892632","715987","2025-11-19","37.00","AUD","1760864737","29218/2025-11-19/1760864737.json"
"892632","715987","2025-11-22","37.00","AUD","1760864737","29218/2025-11-22/1760864737.json"
"892632","715987","2025-11-21","37.00","AUD","1760864737","29218/2025-11-21/1760864737.json"
"892632","715987","2025-11-23","37.00","AUD","1760864737","29218/2025-11-23/1760864737.json"
"892632","715987","2025-11-24","37.00","AUD","1760864737","29218/2025-11-24/1760864737.json"
"892632","715987","2025-11-25","37.00","AUD","1760864737","29218/2025-11-25/1760864737.json"
"892632","715987","2025-11-27","37.00","AUD","1760864737","29218/2025-11-27/1760864737.json"
"892632","715987","2025-11-28","37.00","AUD","1760864737","29218/2025-11-28/1760864737.json"
"892632","715987","2025-11-29","37.00","AUD","1760864737","29218/2025-11-29/1760864737.json"
"892632","715987","2025-11-26","37.00","AUD","1760864737","29218/2025-11-26/1760864737.json"
"892632","715987","2025-11-30","37.00","AUD","1760864737","29218/2025-11-30/1760864737.json"
"892632","715987","2025-12-01","37.00","AUD","1760864737","29218/2025-12-01/1760864737.json"
"892632","715987","2025-12-02","37.00","AUD","1760864737","29218/2025-12-02/1760864737.json"
"892632","715987","2025-12-03","37.00","AUD","1760864737","29218/2025-12-03/1760864737.json"
"892632","715987","2025-12-04","37.00","AUD","1760864737","29218/2025-12-04/1760864737.json"
"892632","715987","2025-12-05","37.00","AUD","1760864737","29218/2025-12-05/1760864737.json"
"892632","715987","2025-12-08","37.00","AUD","1760864737","29218/2025-12-08/1760864737.json"
"892632","715987","2025-12-07","37.00","AUD","1760864737","29218/2025-12-07/1760864737.json"
"892632","715987","2025-12-06","37.00","AUD","1760864737","29218/2025-12-06/1760864737.json"
"892632","715987","2025-12-09","37.00","AUD","1760864737","29218/2025-12-09/1760864737.json"
"892632","715987","2025-12-11","37.00","AUD","1760864737","29218/2025-12-11/1760864737.json"
"892632","715987","2025-12-12","37.00","AUD","1760864737","29218/2025-12-12/1760864737.json"
"892632","715987","2025-12-10","37.00","AUD","1760864737","29218/2025-12-10/1760864737.json"
"892632","715987","2025-12-15","37.00","AUD","1760864737","29218/2025-12-15/1760864737.json"
"892632","715987","2025-12-14","37.00","AUD","1760864737","29218/2025-12-14/1760864737.json"
"892632","715987","2025-12-13","37.00","AUD","1760864737","29218/2025-12-13/1760864737.json"
"892632","715987","2025-12-16","37.00","AUD","1760864737","29218/2025-12-16/1760864737.json"
"892632","715987","2025-12-17","37.00","AUD","1760864737","29218/2025-12-17/1760864737.json"
"892632","715987","2025-12-18","37.00","AUD","1760864737","29218/2025-12-18/1760864737.json"
"892632","715987","2025-10-20","37.00","AUD","1760880917","29218/2025-10-20/1760880917.json"
"892632","715987","2025-10-21","37.00","AUD","1760880917","29218/2025-10-21/1760880917.json"
"892632","715987","2025-10-22","37.00","AUD","1760880917","29218/2025-10-22/1760880917.json"
"892632","715987","2025-10-23","37.00","AUD","1760880917","29218/2025-10-23/1760880917.json"
"892632","715987","2025-10-24","37.00","AUD","1760880917","29218/2025-10-24/1760880917.json"
"892632","715987","2025-10-26","37.00","AUD","1760880917","29218/2025-10-26/1760880917.json"
"892632","715987","2025-10-25","37.00","AUD","1760880917","29218/2025-10-25/1760880917.json"
"892632","715987","2025-10-27","37.00","AUD","1760880917","29218/2025-10-27/1760880917.json"
"892632","715987","2025-10-30","37.00","AUD","1760880917","29218/2025-10-30/1760880917.json"
"892632","715987","2025-10-29","37.00","AUD","1760880917","29218/2025-10-29/1760880917.json"
"892632","715987","2025-10-28","37.00","AUD","1760880917","29218/2025-10-28/1760880917.json"
"892632","715987","2025-10-31","37.00","AUD","1760880917","29218/2025-10-31/1760880917.json"
"892632","715987","2025-11-01","37.00","AUD","1760880917","29218/2025-11-01/1760880917.json"
"892632","715987","2025-11-02","37.00","AUD","1760880917","29218/2025-11-02/1760880917.json"
"892632","715987","2025-11-03","37.00","AUD","1760880917","29218/2025-11-03/1760880917.json"
"892632","715987","2025-11-04","37.00","AUD","1760880917","29218/2025-11-04/1760880917.json"
"892632","715987","2025-11-05","37.00","AUD","1760880917","29218/2025-11-05/1760880917.json"
"892632","715987","2025-11-06","37.00","AUD","1760880917","29218/2025-11-06/1760880917.json"
"892632","715987","2025-11-07","37.00","AUD","1760880917","29218/2025-11-07/1760880917.json"
"892632","715987","2025-11-08","37.00","AUD","1760880917","29218/2025-11-08/1760880917.json"
"892632","715987","2025-11-09","37.00","AUD","1760880917","29218/2025-11-09/1760880917.json"
"892632","715987","2025-11-11","37.00","AUD","1760880917","29218/2025-11-11/1760880917.json"
"892632","715987","2025-11-10","37.00","AUD","1760880917","29218/2025-11-10/1760880917.json"
"892632","715987","2025-11-12","37.00","AUD","1760880917","29218/2025-11-12/1760880917.json"
"892632","715987","2025-11-13","37.00","AUD","1760880917","29218/2025-11-13/1760880917.json"
"892632","715987","2025-11-14","37.00","AUD","1760880917","29218/2025-11-14/1760880917.json"
"892632","715987","2025-11-15","37.00","AUD","1760880917","29218/2025-11-15/1760880917.json"
"892632","715987","2025-11-16","37.00","AUD","1760880917","29218/2025-11-16/1760880917.json"
"892632","715987","2025-11-17","37.00","AUD","1760880917","29218/2025-11-17/1760880917.json"
"892632","715987","2025-11-18","37.00","AUD","1760880917","29218/2025-11-18/1760880917.json"
"892632","715987","2025-11-19","37.00","AUD","1760880917","29218/2025-11-19/1760880917.json"
"892632","715987","2025-11-20","37.00","AUD","1760880917","29218/2025-11-20/1760880917.json"
"892632","715987","2025-11-21","37.00","AUD","1760880917","29218/2025-11-21/1760880917.json"
"892632","715987","2025-11-22","37.00","AUD","1760880917","29218/2025-11-22/1760880917.json"
"892632","715987","2025-11-23","37.00","AUD","1760880917","29218/2025-11-23/1760880917.json"
"892632","715987","2025-11-24","37.00","AUD","1760880917","29218/2025-11-24/1760880917.json"
"892632","715987","2025-11-25","37.00","AUD","1760880917","29218/2025-11-25/1760880917.json"
"892632","715987","2025-11-26","37.00","AUD","1760880917","29218/2025-11-26/1760880917.json"
"892632","715987","2025-11-27","37.00","AUD","1760880917","29218/2025-11-27/1760880917.json"
"892632","715987","2025-11-28","37.00","AUD","1760880917","29218/2025-11-28/1760880917.json"
"892632","715987","2025-11-29","37.00","AUD","1760880917","29218/2025-11-29/1760880917.json"
"892632","715987","2025-11-30","37.00","AUD","1760880917","29218/2025-11-30/1760880917.json"
"892632","715987","2025-12-01","37.00","AUD","1760880917","29218/2025-12-01/1760880917.json"
"892632","715987","2025-12-02","37.00","AUD","1760880917","29218/2025-12-02/1760880917.json"
"892632","715987","2025-12-03","37.00","AUD","1760880917","29218/2025-12-03/1760880917.json"
"892632","715987","2025-12-04","37.00","AUD","1760880917","29218/2025-12-04/1760880917.json"
"892632","715987","2025-12-05","37.00","AUD","1760880917","29218/2025-12-05/1760880917.json"
"892632","715987","2025-12-06","37.00","AUD","1760880917","29218/2025-12-06/1760880917.json"
"892632","715987","2025-12-07","37.00","AUD","1760880917","29218/2025-12-07/1760880917.json"
"892632","715987","2025-12-08","37.00","AUD","1760880917","29218/2025-12-08/1760880917.json"
"892632","715987","2025-12-09","37.00","AUD","1760880917","29218/2025-12-09/1760880917.json"
"892632","715987","2025-12-11","37.00","AUD","1760880917","29218/2025-12-11/1760880917.json"
"892632","715987","2025-12-10","37.00","AUD","1760880917","29218/2025-12-10/1760880917.json"
"892632","715987","2025-12-12","37.00","AUD","1760880917","29218/2025-12-12/1760880917.json"
"892632","715987","2025-12-13","37.00","AUD","1760880917","29218/2025-12-13/1760880917.json"
"892632","715987","2025-12-15","37.00","AUD","1760880917","29218/2025-12-15/1760880917.json"
"892632","715987","2025-12-16","37.00","AUD","1760880917","29218/2025-12-16/1760880917.json"
"892632","715987","2025-12-14","37.00","AUD","1760880917","29218/2025-12-14/1760880917.json"
"892632","715987","2025-12-17","37.00","AUD","1760880917","29218/2025-12-17/1760880917.json"
"892632","715987","2025-12-18","37.00","AUD","1760880917","29218/2025-12-18/1760880917.json"
"892632","715987","2025-10-22","37.00","AUD","1760893630","29218/2025-10-22/1760893630.json"
"892632","715987","2025-10-20","37.00","AUD","1760893630","29218/2025-10-20/1760893630.json"
"892632","715987","2025-10-21","37.00","AUD","1760893630","29218/2025-10-21/1760893630.json"
"892632","715987","2025-10-23","37.00","AUD","1760893630","29218/2025-10-23/1760893630.json"
"892632","715987","2025-10-25","37.00","AUD","1760893630","29218/2025-10-25/1760893630.json"
"892632","715987","2025-10-26","37.00","AUD","1760893630","29218/2025-10-26/1760893630.json"
"892632","715987","2025-10-24","37.00","AUD","1760893630","29218/2025-10-24/1760893630.json"
"892632","715987","2025-10-30","37.00","AUD","1760893630","29218/2025-10-30/1760893630.json"
"892632","715987","2025-10-27","37.00","AUD","1760893630","29218/2025-10-27/1760893630.json"
"892632","715987","2025-10-28","37.00","AUD","1760893630","29218/2025-10-28/1760893630.json"
"892632","715987","2025-10-29","37.00","AUD","1760893630","29218/2025-10-29/1760893630.json"
"892632","715987","2025-10-31","37.00","AUD","1760893630","29218/2025-10-31/1760893630.json"
"892632","715987","2025-11-03","37.00","AUD","1760893630","29218/2025-11-03/1760893630.json"
"892632","715987","2025-11-02","37.00","AUD","1760893630","29218/2025-11-02/1760893630.json"
"892632","715987","2025-11-01","37.00","AUD","1760893630","29218/2025-11-01/1760893630.json"
"892632","715987","2025-11-06","37.00","AUD","1760893630","29218/2025-11-06/1760893630.json"
"892632","715987","2025-11-04","37.00","AUD","1760893630","29218/2025-11-04/1760893630.json"
"892632","715987","2025-11-05","37.00","AUD","1760893630","29218/2025-11-05/1760893630.json"
"892632","715987","2025-11-07","37.00","AUD","1760893630","29218/2025-11-07/1760893630.json"
"892632","715987","2025-11-08","37.00","AUD","1760893630","29218/2025-11-08/1760893630.json"
"892632","715987","2025-11-09","37.00","AUD","1760893630","29218/2025-11-09/1760893630.json"
"892632","715987","2025-11-10","37.00","AUD","1760893630","29218/2025-11-10/1760893630.json"
"892632","715987","2025-11-12","37.00","AUD","1760893630","29218/2025-11-12/1760893630.json"
"892632","715987","2025-11-11","37.00","AUD","1760893630","29218/2025-11-11/1760893630.json"
"892632","715987","2025-11-13","37.00","AUD","1760893630","29218/2025-11-13/1760893630.json"
"892632","715987","2025-11-14","37.00","AUD","1760893630","29218/2025-11-14/1760893630.json"
"892632","715987","2025-11-15","37.00","AUD","1760893630","29218/2025-11-15/1760893630.json"
"892632","715987","2025-11-16","37.00","AUD","1760893630","29218/2025-11-16/1760893630.json"
"892632","715987","2025-11-17","37.00","AUD","1760893630","29218/2025-11-17/1760893630.json"
"892632","715987","2025-11-19","37.00","AUD","1760893630","29218/2025-11-19/1760893630.json"
"892632","715987","2025-11-18","37.00","AUD","1760893630","29218/2025-11-18/1760893630.json"
"892632","715987","2025-11-20","37.00","AUD","1760893630","29218/2025-11-20/1760893630.json"
"892632","715987","2025-11-21","37.00","AUD","1760893630","29218/2025-11-21/1760893630.json"
"892632","715987","2025-11-22","37.00","AUD","1760893630","29218/2025-11-22/1760893630.json"
"892632","715987","2025-11-23","37.00","AUD","1760893630","29218/2025-11-23/1760893630.json"
"892632","715987","2025-11-24","37.00","AUD","1760893630","29218/2025-11-24/1760893630.json"
"892632","715987","2025-11-26","37.00","AUD","1760893630","29218/2025-11-26/1760893630.json"
"892632","715987","2025-11-25","37.00","AUD","1760893630","29218/2025-11-25/1760893630.json"
"892632","715987","2025-11-27","37.00","AUD","1760893630","29218/2025-11-27/1760893630.json"
"892632","715987","2025-11-28","37.00","AUD","1760893630","29218/2025-11-28/1760893630.json"
"892632","715987","2025-11-29","37.00","AUD","1760893630","29218/2025-11-29/1760893630.json"
"892632","715987","2025-12-01","37.00","AUD","1760893630","29218/2025-12-01/1760893630.json"
"892632","715987","2025-11-30","37.00","AUD","1760893630","29218/2025-11-30/1760893630.json"
"892632","715987","2025-12-02","37.00","AUD","1760893630","29218/2025-12-02/1760893630.json"
"892632","715987","2025-12-03","37.00","AUD","1760893630","29218/2025-12-03/1760893630.json"
"892632","715987","2025-12-04","37.00","AUD","1760893630","29218/2025-12-04/1760893630.json"
"892632","715987","2025-12-06","37.00","AUD","1760893630","29218/2025-12-06/1760893630.json"
"892632","715987","2025-12-07","37.00","AUD","1760893630","29218/2025-12-07/1760893630.json"
"892632","715987","2025-12-05","37.00","AUD","1760893630","29218/2025-12-05/1760893630.json"
"892632","715987","2025-12-08","37.00","AUD","1760893630","29218/2025-12-08/1760893630.json"
"892632","715987","2025-12-10","37.00","AUD","1760893630","29218/2025-12-10/1760893630.json"
"892632","715987","2025-12-11","37.00","AUD","1760893630","29218/2025-12-11/1760893630.json"
"892632","715987","2025-12-12","37.00","AUD","1760893630","29218/2025-12-12/1760893630.json"
"892632","715987","2025-12-09","37.00","AUD","1760893630","29218/2025-12-09/1760893630.json"
"892632","715987","2025-12-13","37.00","AUD","1760893630","29218/2025-12-13/1760893630.json"
"892632","715987","2025-12-14","37.00","AUD","1760893630","29218/2025-12-14/1760893630.json"
"892632","715987","2025-12-15","37.00","AUD","1760893630","29218/2025-12-15/1760893630.json"
"892632","715987","2025-12-16","37.00","AUD","1760893630","29218/2025-12-16/1760893630.json"
"892632","715987","2025-12-17","37.00","AUD","1760893630","29218/2025-12-17/1760893630.json"
"892632","715987","2025-12-18","37.00","AUD","1760893630","29218/2025-12-18/1760893630.json"
"892632","715987","2025-10-22","37.00","AUD","1760907730","29218/2025-10-22/1760907730.json"
"892632","715987","2025-10-20","37.00","AUD","1760907730","29218/2025-10-20/1760907730.json"
"892632","715987","2025-10-21","37.00","AUD","1760907730","29218/2025-10-21/1760907730.json"
"892632","715987","2025-10-23","37.00","AUD","1760907730","29218/2025-10-23/1760907730.json"
"892632","715987","2025-10-25","37.00","AUD","1760907730","29218/2025-10-25/1760907730.json"
"892632","715987","2025-10-26","37.00","AUD","1760907730","29218/2025-10-26/1760907730.json"
"892632","715987","2025-10-27","37.00","AUD","1760907730","29218/2025-10-27/1760907730.json"
"892632","715987","2025-10-24","37.00","AUD","1760907730","29218/2025-10-24/1760907730.json"
"892632","715987","2025-10-28","37.00","AUD","1760907730","29218/2025-10-28/1760907730.json"
"892632","715987","2025-10-29","37.00","AUD","1760907730","29218/2025-10-29/1760907730.json"
"892632","715987","2025-10-31","37.00","AUD","1760907730","29218/2025-10-31/1760907730.json"
"892632","715987","2025-10-30","37.00","AUD","1760907730","29218/2025-10-30/1760907730.json"
"892632","715987","2025-11-01","37.00","AUD","1760907730","29218/2025-11-01/1760907730.json"
"892632","715987","2025-11-02","37.00","AUD","1760907730","29218/2025-11-02/1760907730.json"
"892632","715987","2025-11-03","37.00","AUD","1760907730","29218/2025-11-03/1760907730.json"
"892632","715987","2025-11-04","37.00","AUD","1760907730","29218/2025-11-04/1760907730.json"
"892632","715987","2025-11-05","37.00","AUD","1760907730","29218/2025-11-05/1760907730.json"
"892632","715987","2025-11-06","37.00","AUD","1760907730","29218/2025-11-06/1760907730.json"
"892632","715987","2025-11-08","37.00","AUD","1760907730","29218/2025-11-08/1760907730.json"
"892632","715987","2025-11-07","37.00","AUD","1760907730","29218/2025-11-07/1760907730.json"
"892632","715987","2025-11-10","37.00","AUD","1760907730","29218/2025-11-10/1760907730.json"
"892632","715987","2025-11-09","37.00","AUD","1760907730","29218/2025-11-09/1760907730.json"
"892632","715987","2025-11-11","37.00","AUD","1760907730","29218/2025-11-11/1760907730.json"
"892632","715987","2025-11-12","37.00","AUD","1760907730","29218/2025-11-12/1760907730.json"
"892632","715987","2025-11-13","37.00","AUD","1760907730","29218/2025-11-13/1760907730.json"
"892632","715987","2025-11-14","37.00","AUD","1760907730","29218/2025-11-14/1760907730.json"
"892632","715987","2025-11-16","37.00","AUD","1760907730","29218/2025-11-16/1760907730.json"
"892632","715987","2025-11-17","37.00","AUD","1760907730","29218/2025-11-17/1760907730.json"
"892632","715987","2025-11-18","37.00","AUD","1760907730","29218/2025-11-18/1760907730.json"
"892632","715987","2025-11-15","37.00","AUD","1760907730","29218/2025-11-15/1760907730.json"
"892632","715987","2025-11-19","37.00","AUD","1760907730","29218/2025-11-19/1760907730.json"
"892632","715987","2025-11-20","37.00","AUD","1760907730","29218/2025-11-20/1760907730.json"
"892632","715987","2025-11-22","37.00","AUD","1760907730","29218/2025-11-22/1760907730.json"
"892632","715987","2025-11-21","37.00","AUD","1760907730","29218/2025-11-21/1760907730.json"
"892632","715987","2025-11-23","37.00","AUD","1760907730","29218/2025-11-23/1760907730.json"
"892632","715987","2025-11-24","37.00","AUD","1760907730","29218/2025-11-24/1760907730.json"
"892632","715987","2025-11-26","37.00","AUD","1760907730","29218/2025-11-26/1760907730.json"
"892632","715987","2025-11-27","37.00","AUD","1760907730","29218/2025-11-27/1760907730.json"
"892632","715987","2025-11-25","37.00","AUD","1760907730","29218/2025-11-25/1760907730.json"
"892632","715987","2025-11-28","37.00","AUD","1760907730","29218/2025-11-28/1760907730.json"
"892632","715987","2025-11-29","37.00","AUD","1760907730","29218/2025-11-29/1760907730.json"
"892632","715987","2025-11-30","37.00","AUD","1760907730","29218/2025-11-30/1760907730.json"
"892632","715987","2025-12-01","37.00","AUD","1760907730","29218/2025-12-01/1760907730.json"
"892632","715987","2025-12-02","37.00","AUD","1760907730","29218/2025-12-02/1760907730.json"
"892632","715987","2025-12-03","37.00","AUD","1760907730","29218/2025-12-03/1760907730.json"
"892632","715987","2025-12-05","37.00","AUD","1760907730","29218/2025-12-05/1760907730.json"
"892632","715987","2025-12-04","37.00","AUD","1760907730","29218/2025-12-04/1760907730.json"
"892632","715987","2025-12-06","37.00","AUD","1760907730","29218/2025-12-06/1760907730.json"
"892632","715987","2025-12-07","37.00","AUD","1760907730","29218/2025-12-07/1760907730.json"
"892632","715987","2025-12-09","37.00","AUD","1760907730","29218/2025-12-09/1760907730.json"
"892632","715987","2025-12-08","37.00","AUD","1760907730","29218/2025-12-08/1760907730.json"
"892632","715987","2025-12-10","37.00","AUD","1760907730","29218/2025-12-10/1760907730.json"
"892632","715987","2025-12-11","37.00","AUD","1760907730","29218/2025-12-11/1760907730.json"
"892632","715987","2025-12-13","37.00","AUD","1760907730","29218/2025-12-13/1760907730.json"
"892632","715987","2025-12-14","37.00","AUD","1760907730","29218/2025-12-14/1760907730.json"
"892632","715987","2025-12-15","37.00","AUD","1760907730","29218/2025-12-15/1760907730.json"
"892632","715987","2025-12-12","37.00","AUD","1760907730","29218/2025-12-12/1760907730.json"
"892632","715987","2025-12-16","37.00","AUD","1760907730","29218/2025-12-16/1760907730.json"
"892632","715987","2025-12-17","37.00","AUD","1760907730","29218/2025-12-17/1760907730.json"
"892632","715987","2025-12-18","37.00","AUD","1760907730","29218/2025-12-18/1760907730.json"
"892632","715987","2025-10-22","37.00","AUD","1760933271","29218/2025-10-22/1760933271.json"
"892632","715987","2025-10-23","37.00","AUD","1760933271","29218/2025-10-23/1760933271.json"
"892632","715987","2025-10-21","37.00","AUD","1760933271","29218/2025-10-21/1760933271.json"
"892632","715987","2025-10-24","37.00","AUD","1760933271","29218/2025-10-24/1760933271.json"
"892632","715987","2025-10-25","37.00","AUD","1760933271","29218/2025-10-25/1760933271.json"
"892632","715987","2025-10-26","37.00","AUD","1760933271","29218/2025-10-26/1760933271.json"
"892632","715987","2025-10-27","37.00","AUD","1760933271","29218/2025-10-27/1760933271.json"
"892632","715987","2025-10-29","37.00","AUD","1760933271","29218/2025-10-29/1760933271.json"
"892632","715987","2025-10-28","37.00","AUD","1760933271","29218/2025-10-28/1760933271.json"
"892632","715987","2025-10-30","37.00","AUD","1760933271","29218/2025-10-30/1760933271.json"
"892632","715987","2025-10-31","37.00","AUD","1760933271","29218/2025-10-31/1760933271.json"
"892632","715987","2025-11-01","37.00","AUD","1760933271","29218/2025-11-01/1760933271.json"
"892632","715987","2025-11-02","37.00","AUD","1760933271","29218/2025-11-02/1760933271.json"
"892632","715987","2025-11-03","37.00","AUD","1760933271","29218/2025-11-03/1760933271.json"
"892632","715987","2025-11-04","37.00","AUD","1760933271","29218/2025-11-04/1760933271.json"
"892632","715987","2025-11-05","37.00","AUD","1760933271","29218/2025-11-05/1760933271.json"
"892632","715987","2025-11-06","37.00","AUD","1760933271","29218/2025-11-06/1760933271.json"
"892632","715987","2025-11-07","37.00","AUD","1760933271","29218/2025-11-07/1760933271.json"
"892632","715987","2025-11-08","37.00","AUD","1760933271","29218/2025-11-08/1760933271.json"
"892632","715987","2025-11-09","37.00","AUD","1760933271","29218/2025-11-09/1760933271.json"
"892632","715987","2025-11-10","37.00","AUD","1760933271","29218/2025-11-10/1760933271.json"
"892632","715987","2025-11-11","37.00","AUD","1760933271","29218/2025-11-11/1760933271.json"
"892632","715987","2025-11-12","37.00","AUD","1760933271","29218/2025-11-12/1760933271.json"
"892632","715987","2025-11-13","37.00","AUD","1760933271","29218/2025-11-13/1760933271.json"
"892632","715987","2025-11-14","37.00","AUD","1760933271","29218/2025-11-14/1760933271.json"
"892632","715987","2025-11-15","37.00","AUD","1760933271","29218/2025-11-15/1760933271.json"
"892632","715987","2025-11-16","37.00","AUD","1760933271","29218/2025-11-16/1760933271.json"
"892632","715987","2025-11-17","37.00","AUD","1760933271","29218/2025-11-17/1760933271.json"
"892632","715987","2025-11-18","37.00","AUD","1760933271","29218/2025-11-18/1760933271.json"
"892632","715987","2025-11-20","37.00","AUD","1760933271","29218/2025-11-20/1760933271.json"
"892632","715987","2025-11-19","37.00","AUD","1760933271","29218/2025-11-19/1760933271.json"
"892632","715987","2025-11-21","37.00","AUD","1760933271","29218/2025-11-21/1760933271.json"
"892632","715987","2025-11-22","37.00","AUD","1760933271","29218/2025-11-22/1760933271.json"
"892632","715987","2025-11-23","37.00","AUD","1760933271","29218/2025-11-23/1760933271.json"
"892632","715987","2025-11-24","37.00","AUD","1760933271","29218/2025-11-24/1760933271.json"
"892632","715987","2025-11-25","37.00","AUD","1760933271","29218/2025-11-25/1760933271.json"
"892632","715987","2025-11-27","37.00","AUD","1760933271","29218/2025-11-27/1760933271.json"
"892632","715987","2025-11-28","37.00","AUD","1760933271","29218/2025-11-28/1760933271.json"
"892632","715987","2025-11-29","37.00","AUD","1760933271","29218/2025-11-29/1760933271.json"
"892632","715987","2025-11-30","37.00","AUD","1760933271","29218/2025-11-30/1760933271.json"
"892632","715987","2025-12-01","37.00","AUD","1760933271","29218/2025-12-01/1760933271.json"
"892632","715987","2025-12-02","37.00","AUD","1760933271","29218/2025-12-02/1760933271.json"
"892632","715987","2025-11-26","37.00","AUD","1760933271","29218/2025-11-26/1760933271.json"
"892632","715987","2025-12-03","37.00","AUD","1760933271","29218/2025-12-03/1760933271.json"
"892632","715987","2025-12-05","37.00","AUD","1760933271","29218/2025-12-05/1760933271.json"
"892632","715987","2025-12-04","37.00","AUD","1760933271","29218/2025-12-04/1760933271.json"
"892632","715987","2025-12-07","37.00","AUD","1760933271","29218/2025-12-07/1760933271.json"
"892632","715987","2025-12-06","37.00","AUD","1760933271","29218/2025-12-06/1760933271.json"
"892632","715987","2025-12-08","37.00","AUD","1760933271","29218/2025-12-08/1760933271.json"
"892632","715987","2025-12-09","37.00","AUD","1760933271","29218/2025-12-09/1760933271.json"
"892632","715987","2025-12-10","37.00","AUD","1760933271","29218/2025-12-10/1760933271.json"
"892632","715987","2025-12-11","37.00","AUD","1760933271","29218/2025-12-11/1760933271.json"
"892632","715987","2025-12-12","37.00","AUD","1760933271","29218/2025-12-12/1760933271.json"
"892632","715987","2025-12-13","37.00","AUD","1760933271","29218/2025-12-13/1760933271.json"
"892632","715987","2025-12-14","37.00","AUD","1760933271","29218/2025-12-14/1760933271.json"
"892632","715987","2025-12-15","37.00","AUD","1760933271","29218/2025-12-15/1760933271.json"
"892632","715987","2025-12-16","37.00","AUD","1760933271","29218/2025-12-16/1760933271.json"
"892632","715987","2025-12-18","37.00","AUD","1760933271","29218/2025-12-18/1760933271.json"
"892632","715987","2025-12-17","37.00","AUD","1760933271","29218/2025-12-17/1760933271.json"
"892632","715987","2025-12-19","37.00","AUD","1760933271","29218/2025-12-19/1760933271.json"
"892632","715987","2025-10-21","37.00","AUD","1760937337","29218/2025-10-21/1760937337.json"
"892632","715987","2025-10-23","37.00","AUD","1760937337","29218/2025-10-23/1760937337.json"
"892632","715987","2025-10-22","37.00","AUD","1760937337","29218/2025-10-22/1760937337.json"
"892632","715987","2025-10-24","37.00","AUD","1760937337","29218/2025-10-24/1760937337.json"
"892632","715987","2025-10-27","37.00","AUD","1760937337","29218/2025-10-27/1760937337.json"
"892632","715987","2025-10-25","37.00","AUD","1760937337","29218/2025-10-25/1760937337.json"
"892632","715987","2025-10-26","37.00","AUD","1760937337","29218/2025-10-26/1760937337.json"
"892632","715987","2025-10-30","37.00","AUD","1760937337","29218/2025-10-30/1760937337.json"
"892632","715987","2025-10-29","37.00","AUD","1760937337","29218/2025-10-29/1760937337.json"
"892632","715987","2025-10-28","37.00","AUD","1760937337","29218/2025-10-28/1760937337.json"
"892632","715987","2025-10-31","37.00","AUD","1760937337","29218/2025-10-31/1760937337.json"
"892632","715987","2025-11-01","37.00","AUD","1760937337","29218/2025-11-01/1760937337.json"
"892632","715987","2025-11-02","37.00","AUD","1760937337","29218/2025-11-02/1760937337.json"
"892632","715987","2025-11-03","37.00","AUD","1760937337","29218/2025-11-03/1760937337.json"
"892632","715987","2025-11-04","37.00","AUD","1760937337","29218/2025-11-04/1760937337.json"
"892632","715987","2025-11-06","37.00","AUD","1760937337","29218/2025-11-06/1760937337.json"
"892632","715987","2025-11-05","37.00","AUD","1760937337","29218/2025-11-05/1760937337.json"
"892632","715987","2025-11-08","37.00","AUD","1760937337","29218/2025-11-08/1760937337.json"
"892632","715987","2025-11-07","37.00","AUD","1760937337","29218/2025-11-07/1760937337.json"
"892632","715987","2025-11-10","37.00","AUD","1760937337","29218/2025-11-10/1760937337.json"
"892632","715987","2025-11-09","37.00","AUD","1760937337","29218/2025-11-09/1760937337.json"
"892632","715987","2025-11-11","37.00","AUD","1760937337","29218/2025-11-11/1760937337.json"
"892632","715987","2025-11-12","37.00","AUD","1760937337","29218/2025-11-12/1760937337.json"
"892632","715987","2025-11-14","37.00","AUD","1760937337","29218/2025-11-14/1760937337.json"
"892632","715987","2025-11-16","37.00","AUD","1760937337","29218/2025-11-16/1760937337.json"
"892632","715987","2025-11-15","37.00","AUD","1760937337","29218/2025-11-15/1760937337.json"
"892632","715987","2025-11-13","37.00","AUD","1760937337","29218/2025-11-13/1760937337.json"
"892632","715987","2025-11-20","37.00","AUD","1760937337","29218/2025-11-20/1760937337.json"
"892632","715987","2025-11-17","37.00","AUD","1760937337","29218/2025-11-17/1760937337.json"
"892632","715987","2025-11-19","37.00","AUD","1760937337","29218/2025-11-19/1760937337.json"
"892632","715987","2025-11-18","37.00","AUD","1760937337","29218/2025-11-18/1760937337.json"
"892632","715987","2025-11-22","37.00","AUD","1760937337","29218/2025-11-22/1760937337.json"
"892632","715987","2025-11-21","37.00","AUD","1760937337","29218/2025-11-21/1760937337.json"
"892632","715987","2025-11-23","37.00","AUD","1760937337","29218/2025-11-23/1760937337.json"
"892632","715987","2025-11-24","37.00","AUD","1760937337","29218/2025-11-24/1760937337.json"
"892632","715987","2025-11-25","37.00","AUD","1760937337","29218/2025-11-25/1760937337.json"
"892632","715987","2025-11-26","37.00","AUD","1760937337","29218/2025-11-26/1760937337.json"
"892632","715987","2025-11-27","37.00","AUD","1760937337","29218/2025-11-27/1760937337.json"
"892632","715987","2025-11-28","37.00","AUD","1760937337","29218/2025-11-28/1760937337.json"
"892632","715987","2025-11-29","37.00","AUD","1760937337","29218/2025-11-29/1760937337.json"
"892632","715987","2025-11-30","37.00","AUD","1760937337","29218/2025-11-30/1760937337.json"
"892632","715987","2025-12-01","37.00","AUD","1760937337","29218/2025-12-01/1760937337.json"
"892632","715987","2025-12-02","37.00","AUD","1760937337","29218/2025-12-02/1760937337.json"
"892632","715987","2025-12-03","37.00","AUD","1760937337","29218/2025-12-03/1760937337.json"
"892632","715987","2025-12-04","37.00","AUD","1760937337","29218/2025-12-04/1760937337.json"
"892632","715987","2025-12-05","37.00","AUD","1760937337","29218/2025-12-05/1760937337.json"
"892632","715987","2025-12-06","37.00","AUD","1760937337","29218/2025-12-06/1760937337.json"
"892632","715987","2025-12-07","37.00","AUD","1760937337","29218/2025-12-07/1760937337.json"
"892632","715987","2025-12-08","37.00","AUD","1760937337","29218/2025-12-08/1760937337.json"
"892632","715987","2025-12-10","37.00","AUD","1760937337","29218/2025-12-10/1760937337.json"
"892632","715987","2025-12-11","37.00","AUD","1760937337","29218/2025-12-11/1760937337.json"
"892632","715987","2025-12-12","37.00","AUD","1760937337","29218/2025-12-12/1760937337.json"
"892632","715987","2025-12-09","37.00","AUD","1760937337","29218/2025-12-09/1760937337.json"
"892632","715987","2025-12-13","37.00","AUD","1760937337","29218/2025-12-13/1760937337.json"
"892632","715987","2025-12-14","37.00","AUD","1760937337","29218/2025-12-14/1760937337.json"
"892632","715987","2025-12-16","37.00","AUD","1760937337","29218/2025-12-16/1760937337.json"
"892632","715987","2025-12-15","37.00","AUD","1760937337","29218/2025-12-15/1760937337.json"
"892632","715987","2025-12-18","37.00","AUD","1760937337","29218/2025-12-18/1760937337.json"
"892632","715987","2025-12-19","37.00","AUD","1760937337","29218/2025-12-19/1760937337.json"
"892632","715987","2025-12-17","37.00","AUD","1760937337","29218/2025-12-17/1760937337.json"
"892632","715987","2025-10-23","37.00","AUD","1760951810","29218/2025-10-23/1760951810.json"
"892632","715987","2025-10-21","37.00","AUD","1760951810","29218/2025-10-21/1760951810.json"
"892632","715987","2025-10-22","37.00","AUD","1760951810","29218/2025-10-22/1760951810.json"
"892632","715987","2025-10-26","37.00","AUD","1760951810","29218/2025-10-26/1760951810.json"
"892632","715987","2025-10-25","37.00","AUD","1760951810","29218/2025-10-25/1760951810.json"
"892632","715987","2025-10-24","37.00","AUD","1760951810","29218/2025-10-24/1760951810.json"
"892632","715987","2025-10-27","37.00","AUD","1760951810","29218/2025-10-27/1760951810.json"
"892632","715987","2025-10-28","37.00","AUD","1760951810","29218/2025-10-28/1760951810.json"
"892632","715987","2025-10-30","37.00","AUD","1760951810","29218/2025-10-30/1760951810.json"
"892632","715987","2025-10-29","37.00","AUD","1760951810","29218/2025-10-29/1760951810.json"
"892632","715987","2025-10-31","37.00","AUD","1760951810","29218/2025-10-31/1760951810.json"
"892632","715987","2025-11-01","37.00","AUD","1760951810","29218/2025-11-01/1760951810.json"
"892632","715987","2025-11-04","37.00","AUD","1760951810","29218/2025-11-04/1760951810.json"
"892632","715987","2025-11-03","37.00","AUD","1760951810","29218/2025-11-03/1760951810.json"
"892632","715987","2025-11-02","37.00","AUD","1760951810","29218/2025-11-02/1760951810.json"
"892632","715987","2025-11-05","37.00","AUD","1760951810","29218/2025-11-05/1760951810.json"
"892632","715987","2025-11-06","37.00","AUD","1760951810","29218/2025-11-06/1760951810.json"
"892632","715987","2025-11-07","37.00","AUD","1760951810","29218/2025-11-07/1760951810.json"
"892632","715987","2025-11-08","37.00","AUD","1760951810","29218/2025-11-08/1760951810.json"
"892632","715987","2025-11-09","37.00","AUD","1760951810","29218/2025-11-09/1760951810.json"
"892632","715987","2025-11-10","37.00","AUD","1760951810","29218/2025-11-10/1760951810.json"
"892632","715987","2025-11-11","37.00","AUD","1760951810","29218/2025-11-11/1760951810.json"
"892632","715987","2025-11-12","37.00","AUD","1760951810","29218/2025-11-12/1760951810.json"
"892632","715987","2025-11-13","37.00","AUD","1760951810","29218/2025-11-13/1760951810.json"
"892632","715987","2025-11-14","37.00","AUD","1760951810","29218/2025-11-14/1760951810.json"
"892632","715987","2025-11-15","37.00","AUD","1760951810","29218/2025-11-15/1760951810.json"
"892632","715987","2025-11-16","37.00","AUD","1760951810","29218/2025-11-16/1760951810.json"
"892632","715987","2025-11-17","37.00","AUD","1760951810","29218/2025-11-17/1760951810.json"
"892632","715987","2025-11-19","37.00","AUD","1760951810","29218/2025-11-19/1760951810.json"
"892632","715987","2025-11-18","37.00","AUD","1760951810","29218/2025-11-18/1760951810.json"
"892632","715987","2025-11-20","37.00","AUD","1760951810","29218/2025-11-20/1760951810.json"
"892632","715987","2025-11-21","37.00","AUD","1760951810","29218/2025-11-21/1760951810.json"
"892632","715987","2025-11-23","37.00","AUD","1760951810","29218/2025-11-23/1760951810.json"
"892632","715987","2025-11-24","37.00","AUD","1760951810","29218/2025-11-24/1760951810.json"
"892632","715987","2025-11-22","37.00","AUD","1760951810","29218/2025-11-22/1760951810.json"
"892632","715987","2025-11-25","37.00","AUD","1760951810","29218/2025-11-25/1760951810.json"
"892632","715987","2025-11-26","37.00","AUD","1760951810","29218/2025-11-26/1760951810.json"
"892632","715987","2025-11-27","37.00","AUD","1760951810","29218/2025-11-27/1760951810.json"
"892632","715987","2025-11-28","37.00","AUD","1760951810","29218/2025-11-28/1760951810.json"
"892632","715987","2025-11-30","37.00","AUD","1760951810","29218/2025-11-30/1760951810.json"
"892632","715987","2025-12-01","37.00","AUD","1760951810","29218/2025-12-01/1760951810.json"
"892632","715987","2025-11-29","37.00","AUD","1760951810","29218/2025-11-29/1760951810.json"
"892632","715987","2025-12-02","37.00","AUD","1760951810","29218/2025-12-02/1760951810.json"
"892632","715987","2025-12-03","37.00","AUD","1760951810","29218/2025-12-03/1760951810.json"
"892632","715987","2025-12-05","37.00","AUD","1760951810","29218/2025-12-05/1760951810.json"
"892632","715987","2025-12-04","37.00","AUD","1760951810","29218/2025-12-04/1760951810.json"
"892632","715987","2025-12-06","37.00","AUD","1760951810","29218/2025-12-06/1760951810.json"
"892632","715987","2025-12-07","37.00","AUD","1760951810","29218/2025-12-07/1760951810.json"
"892632","715987","2025-12-09","37.00","AUD","1760951810","29218/2025-12-09/1760951810.json"
"892632","715987","2025-12-10","37.00","AUD","1760951810","29218/2025-12-10/1760951810.json"
"892632","715987","2025-12-11","37.00","AUD","1760951810","29218/2025-12-11/1760951810.json"
"892632","715987","2025-12-12","37.00","AUD","1760951810","29218/2025-12-12/1760951810.json"
"892632","715987","2025-12-14","37.00","AUD","1760951810","29218/2025-12-14/1760951810.json"
"892632","715987","2025-12-13","37.00","AUD","1760951810","29218/2025-12-13/1760951810.json"
"892632","715987","2025-12-17","37.00","AUD","1760951810","29218/2025-12-17/1760951810.json"
"892632","715987","2025-12-16","37.00","AUD","1760951810","29218/2025-12-16/1760951810.json"
"892632","715987","2025-12-08","37.00","AUD","1760951810","29218/2025-12-08/1760951810.json"
"892632","715987","2025-12-18","37.00","AUD","1760951810","29218/2025-12-18/1760951810.json"
"892632","715987","2025-12-15","37.00","AUD","1760951810","29218/2025-12-15/1760951810.json"
"892632","715987","2025-12-19","37.00","AUD","1760951810","29218/2025-12-19/1760951810.json"
"892632","715987","2025-10-22","37.00","AUD","1760969228","29218/2025-10-22/1760969228.json"
"892632","715987","2025-10-21","37.00","AUD","1760969228","29218/2025-10-21/1760969228.json"
"892632","715987","2025-10-23","37.00","AUD","1760969228","29218/2025-10-23/1760969228.json"
"892632","715987","2025-10-24","37.00","AUD","1760969228","29218/2025-10-24/1760969228.json"
"892632","715987","2025-10-25","37.00","AUD","1760969228","29218/2025-10-25/1760969228.json"
"892632","715987","2025-10-26","37.00","AUD","1760969228","29218/2025-10-26/1760969228.json"
"892632","715987","2025-10-27","37.00","AUD","1760969228","29218/2025-10-27/1760969228.json"
"892632","715987","2025-10-28","37.00","AUD","1760969228","29218/2025-10-28/1760969228.json"
"892632","715987","2025-10-29","37.00","AUD","1760969228","29218/2025-10-29/1760969228.json"
"892632","715987","2025-10-30","37.00","AUD","1760969228","29218/2025-10-30/1760969228.json"
"892632","715987","2025-10-31","37.00","AUD","1760969228","29218/2025-10-31/1760969228.json"
"892632","715987","2025-11-01","37.00","AUD","1760969228","29218/2025-11-01/1760969228.json"
"892632","715987","2025-11-02","37.00","AUD","1760969228","29218/2025-11-02/1760969228.json"
"892632","715987","2025-11-03","37.00","AUD","1760969228","29218/2025-11-03/1760969228.json"
"892632","715987","2025-11-05","37.00","AUD","1760969228","29218/2025-11-05/1760969228.json"
"892632","715987","2025-11-04","37.00","AUD","1760969228","29218/2025-11-04/1760969228.json"
"892632","715987","2025-11-06","37.00","AUD","1760969228","29218/2025-11-06/1760969228.json"
"892632","715987","2025-11-07","37.00","AUD","1760969228","29218/2025-11-07/1760969228.json"
"892632","715987","2025-11-08","37.00","AUD","1760969228","29218/2025-11-08/1760969228.json"
"892632","715987","2025-11-09","37.00","AUD","1760969228","29218/2025-11-09/1760969228.json"
"892632","715987","2025-11-10","37.00","AUD","1760969228","29218/2025-11-10/1760969228.json"
"892632","715987","2025-11-11","37.00","AUD","1760969228","29218/2025-11-11/1760969228.json"
"892632","715987","2025-11-12","37.00","AUD","1760969228","29218/2025-11-12/1760969228.json"
"892632","715987","2025-11-13","37.00","AUD","1760969228","29218/2025-11-13/1760969228.json"
"892632","715987","2025-11-14","37.00","AUD","1760969228","29218/2025-11-14/1760969228.json"
"892632","715987","2025-11-16","37.00","AUD","1760969228","29218/2025-11-16/1760969228.json"
"892632","715987","2025-11-15","37.00","AUD","1760969228","29218/2025-11-15/1760969228.json"
"892632","715987","2025-11-17","37.00","AUD","1760969228","29218/2025-11-17/1760969228.json"
"892632","715987","2025-11-20","37.00","AUD","1760969228","29218/2025-11-20/1760969228.json"
"892632","715987","2025-11-19","37.00","AUD","1760969228","29218/2025-11-19/1760969228.json"
"892632","715987","2025-11-18","37.00","AUD","1760969228","29218/2025-11-18/1760969228.json"
"892632","715987","2025-11-21","37.00","AUD","1760969228","29218/2025-11-21/1760969228.json"
"892632","715987","2025-11-22","37.00","AUD","1760969228","29218/2025-11-22/1760969228.json"
"892632","715987","2025-11-23","37.00","AUD","1760969228","29218/2025-11-23/1760969228.json"
"892632","715987","2025-11-24","37.00","AUD","1760969228","29218/2025-11-24/1760969228.json"
"892632","715987","2025-11-25","37.00","AUD","1760969228","29218/2025-11-25/1760969228.json"
"892632","715987","2025-11-26","37.00","AUD","1760969228","29218/2025-11-26/1760969228.json"
"892632","715987","2025-11-28","37.00","AUD","1760969228","29218/2025-11-28/1760969228.json"
"892632","715987","2025-11-27","37.00","AUD","1760969228","29218/2025-11-27/1760969228.json"
"892632","715987","2025-11-29","37.00","AUD","1760969228","29218/2025-11-29/1760969228.json"
"892632","715987","2025-11-30","37.00","AUD","1760969228","29218/2025-11-30/1760969228.json"
"892632","715987","2025-12-01","37.00","AUD","1760969228","29218/2025-12-01/1760969228.json"
"892632","715987","2025-12-02","37.00","AUD","1760969228","29218/2025-12-02/1760969228.json"
"892632","715987","2025-12-03","37.00","AUD","1760969228","29218/2025-12-03/1760969228.json"
"892632","715987","2025-12-04","37.00","AUD","1760969228","29218/2025-12-04/1760969228.json"
"892632","715987","2025-12-06","37.00","AUD","1760969228","29218/2025-12-06/1760969228.json"
"892632","715987","2025-12-05","37.00","AUD","1760969228","29218/2025-12-05/1760969228.json"
"892632","715987","2025-12-07","37.00","AUD","1760969228","29218/2025-12-07/1760969228.json"
"892632","715987","2025-12-09","37.00","AUD","1760969228","29218/2025-12-09/1760969228.json"
"892632","715987","2025-12-10","37.00","AUD","1760969228","29218/2025-12-10/1760969228.json"
"892632","715987","2025-12-11","37.00","AUD","1760969228","29218/2025-12-11/1760969228.json"
"892632","715987","2025-12-13","37.00","AUD","1760969228","29218/2025-12-13/1760969228.json"
"892632","715987","2025-12-12","37.00","AUD","1760969228","29218/2025-12-12/1760969228.json"
"892632","715987","2025-12-08","37.00","AUD","1760969228","29218/2025-12-08/1760969228.json"
"892632","715987","2025-12-16","37.00","AUD","1760969228","29218/2025-12-16/1760969228.json"
"892632","715987","2025-12-14","37.00","AUD","1760969228","29218/2025-12-14/1760969228.json"
"892632","715987","2025-12-15","37.00","AUD","1760969228","29218/2025-12-15/1760969228.json"
"892632","715987","2025-12-17","37.00","AUD","1760969228","29218/2025-12-17/1760969228.json"
"892632","715987","2025-12-18","37.00","AUD","1760969228","29218/2025-12-18/1760969228.json"
"892632","715987","2025-12-19","37.00","AUD","1760969228","29218/2025-12-19/1760969228.json"
"892632","715987","2025-10-23","37.00","AUD","1760980455","29218/2025-10-23/1760980455.json"
"892632","715987","2025-10-22","37.00","AUD","1760980455","29218/2025-10-22/1760980455.json"
"892632","715987","2025-10-21","37.00","AUD","1760980455","29218/2025-10-21/1760980455.json"
"892632","715987","2025-10-24","37.00","AUD","1760980455","29218/2025-10-24/1760980455.json"
"892632","715987","2025-10-25","37.00","AUD","1760980455","29218/2025-10-25/1760980455.json"
"892632","715987","2025-10-27","37.00","AUD","1760980455","29218/2025-10-27/1760980455.json"
"892632","715987","2025-10-26","37.00","AUD","1760980455","29218/2025-10-26/1760980455.json"
"892632","715987","2025-10-28","37.00","AUD","1760980455","29218/2025-10-28/1760980455.json"
"892632","715987","2025-10-30","37.00","AUD","1760980455","29218/2025-10-30/1760980455.json"
"892632","715987","2025-10-31","37.00","AUD","1760980455","29218/2025-10-31/1760980455.json"
"892632","715987","2025-11-01","37.00","AUD","1760980455","29218/2025-11-01/1760980455.json"
"892632","715987","2025-10-29","37.00","AUD","1760980455","29218/2025-10-29/1760980455.json"
"892632","715987","2025-11-02","37.00","AUD","1760980455","29218/2025-11-02/1760980455.json"
"892632","715987","2025-11-04","37.00","AUD","1760980455","29218/2025-11-04/1760980455.json"
"892632","715987","2025-11-05","37.00","AUD","1760980455","29218/2025-11-05/1760980455.json"
"892632","715987","2025-11-03","37.00","AUD","1760980455","29218/2025-11-03/1760980455.json"
"892632","715987","2025-11-06","37.00","AUD","1760980455","29218/2025-11-06/1760980455.json"
"892632","715987","2025-11-07","37.00","AUD","1760980455","29218/2025-11-07/1760980455.json"
"892632","715987","2025-11-08","37.00","AUD","1760980455","29218/2025-11-08/1760980455.json"
"892632","715987","2025-11-09","37.00","AUD","1760980455","29218/2025-11-09/1760980455.json"
"892632","715987","2025-11-10","37.00","AUD","1760980455","29218/2025-11-10/1760980455.json"
"892632","715987","2025-11-11","37.00","AUD","1760980455","29218/2025-11-11/1760980455.json"
"892632","715987","2025-11-12","37.00","AUD","1760980455","29218/2025-11-12/1760980455.json"
"892632","715987","2025-11-13","37.00","AUD","1760980455","29218/2025-11-13/1760980455.json"
"892632","715987","2025-11-14","37.00","AUD","1760980455","29218/2025-11-14/1760980455.json"
"892632","715987","2025-11-16","37.00","AUD","1760980455","29218/2025-11-16/1760980455.json"
"892632","715987","2025-11-15","37.00","AUD","1760980455","29218/2025-11-15/1760980455.json"
"892632","715987","2025-11-18","37.00","AUD","1760980455","29218/2025-11-18/1760980455.json"
"892632","715987","2025-11-17","37.00","AUD","1760980455","29218/2025-11-17/1760980455.json"
"892632","715987","2025-11-19","37.00","AUD","1760980455","29218/2025-11-19/1760980455.json"
"892632","715987","2025-11-20","37.00","AUD","1760980455","29218/2025-11-20/1760980455.json"
"892632","715987","2025-11-22","37.00","AUD","1760980455","29218/2025-11-22/1760980455.json"
"892632","715987","2025-11-21","37.00","AUD","1760980455","29218/2025-11-21/1760980455.json"
"892632","715987","2025-11-23","37.00","AUD","1760980455","29218/2025-11-23/1760980455.json"
"892632","715987","2025-11-24","37.00","AUD","1760980455","29218/2025-11-24/1760980455.json"
"892632","715987","2025-11-25","37.00","AUD","1760980455","29218/2025-11-25/1760980455.json"
"892632","715987","2025-11-27","37.00","AUD","1760980455","29218/2025-11-27/1760980455.json"
"892632","715987","2025-11-28","37.00","AUD","1760980455","29218/2025-11-28/1760980455.json"
"892632","715987","2025-11-29","37.00","AUD","1760980455","29218/2025-11-29/1760980455.json"
"892632","715987","2025-11-30","37.00","AUD","1760980455","29218/2025-11-30/1760980455.json"
"892632","715987","2025-12-01","37.00","AUD","1760980455","29218/2025-12-01/1760980455.json"
"892632","715987","2025-12-02","37.00","AUD","1760980455","29218/2025-12-02/1760980455.json"
"892632","715987","2025-12-03","37.00","AUD","1760980455","29218/2025-12-03/1760980455.json"
"892632","715987","2025-11-26","37.00","AUD","1760980455","29218/2025-11-26/1760980455.json"
"892632","715987","2025-12-04","37.00","AUD","1760980455","29218/2025-12-04/1760980455.json"
"892632","715987","2025-12-05","37.00","AUD","1760980455","29218/2025-12-05/1760980455.json"
"892632","715987","2025-12-06","37.00","AUD","1760980455","29218/2025-12-06/1760980455.json"
"892632","715987","2025-12-07","37.00","AUD","1760980455","29218/2025-12-07/1760980455.json"
"892632","715987","2025-12-08","37.00","AUD","1760980455","29218/2025-12-08/1760980455.json"
"892632","715987","2025-12-09","37.00","AUD","1760980455","29218/2025-12-09/1760980455.json"
"892632","715987","2025-12-10","37.00","AUD","1760980455","29218/2025-12-10/1760980455.json"
"892632","715987","2025-12-11","37.00","AUD","1760980455","29218/2025-12-11/1760980455.json"
"892632","715987","2025-12-12","37.00","AUD","1760980455","29218/2025-12-12/1760980455.json"
"892632","715987","2025-12-13","37.00","AUD","1760980455","29218/2025-12-13/1760980455.json"
"892632","715987","2025-12-14","37.00","AUD","1760980455","29218/2025-12-14/1760980455.json"
"892632","715987","2025-12-15","37.00","AUD","1760980455","29218/2025-12-15/1760980455.json"
"892632","715987","2025-12-16","37.00","AUD","1760980455","29218/2025-12-16/1760980455.json"
"892632","715987","2025-12-17","37.00","AUD","1760980455","29218/2025-12-17/1760980455.json"
"892632","715987","2025-12-18","37.00","AUD","1760980455","29218/2025-12-18/1760980455.json"
"892632","715987","2025-12-19","37.00","AUD","1760980455","29218/2025-12-19/1760980455.json"
"892632","715987","2025-10-21","37.00","AUD","1760994568","29218/2025-10-21/1760994568.json"
"892632","715987","2025-10-22","37.00","AUD","1760994568","29218/2025-10-22/1760994568.json"
"892632","715987","2025-10-23","37.00","AUD","1760994568","29218/2025-10-23/1760994568.json"
"892632","715987","2025-10-24","37.00","AUD","1760994568","29218/2025-10-24/1760994568.json"
"892632","715987","2025-10-25","37.00","AUD","1760994568","29218/2025-10-25/1760994568.json"
"892632","715987","2025-10-26","37.00","AUD","1760994568","29218/2025-10-26/1760994568.json"
"892632","715987","2025-10-27","37.00","AUD","1760994568","29218/2025-10-27/1760994568.json"
"892632","715987","2025-10-28","37.00","AUD","1760994568","29218/2025-10-28/1760994568.json"
"892632","715987","2025-10-29","37.00","AUD","1760994568","29218/2025-10-29/1760994568.json"
"892632","715987","2025-10-30","37.00","AUD","1760994568","29218/2025-10-30/1760994568.json"
"892632","715987","2025-10-31","37.00","AUD","1760994568","29218/2025-10-31/1760994568.json"
"892632","715987","2025-11-01","37.00","AUD","1760994568","29218/2025-11-01/1760994568.json"
"892632","715987","2025-11-02","37.00","AUD","1760994568","29218/2025-11-02/1760994568.json"
"892632","715987","2025-11-04","37.00","AUD","1760994568","29218/2025-11-04/1760994568.json"
"892632","715987","2025-11-03","37.00","AUD","1760994568","29218/2025-11-03/1760994568.json"
"892632","715987","2025-11-05","37.00","AUD","1760994568","29218/2025-11-05/1760994568.json"
"892632","715987","2025-11-06","37.00","AUD","1760994568","29218/2025-11-06/1760994568.json"
"892632","715987","2025-11-07","37.00","AUD","1760994568","29218/2025-11-07/1760994568.json"
"892632","715987","2025-11-08","37.00","AUD","1760994568","29218/2025-11-08/1760994568.json"
"892632","715987","2025-11-09","37.00","AUD","1760994568","29218/2025-11-09/1760994568.json"
"892632","715987","2025-11-10","37.00","AUD","1760994568","29218/2025-11-10/1760994568.json"
"892632","715987","2025-11-14","37.00","AUD","1760994568","29218/2025-11-14/1760994568.json"
"892632","715987","2025-11-13","37.00","AUD","1760994568","29218/2025-11-13/1760994568.json"
"892632","715987","2025-11-11","37.00","AUD","1760994568","29218/2025-11-11/1760994568.json"
"892632","715987","2025-11-12","37.00","AUD","1760994568","29218/2025-11-12/1760994568.json"
"892632","715987","2025-11-15","37.00","AUD","1760994568","29218/2025-11-15/1760994568.json"
"892632","715987","2025-11-16","37.00","AUD","1760994568","29218/2025-11-16/1760994568.json"
"892632","715987","2025-11-17","37.00","AUD","1760994568","29218/2025-11-17/1760994568.json"
"892632","715987","2025-11-18","37.00","AUD","1760994568","29218/2025-11-18/1760994568.json"
"892632","715987","2025-11-20","37.00","AUD","1760994568","29218/2025-11-20/1760994568.json"
"892632","715987","2025-11-21","37.00","AUD","1760994568","29218/2025-11-21/1760994568.json"
"892632","715987","2025-11-22","37.00","AUD","1760994568","29218/2025-11-22/1760994568.json"
"892632","715987","2025-11-19","37.00","AUD","1760994568","29218/2025-11-19/1760994568.json"
"892632","715987","2025-11-23","37.00","AUD","1760994568","29218/2025-11-23/1760994568.json"
"892632","715987","2025-11-25","37.00","AUD","1760994568","29218/2025-11-25/1760994568.json"
"892632","715987","2025-11-24","37.00","AUD","1760994568","29218/2025-11-24/1760994568.json"
"892632","715987","2025-11-26","37.00","AUD","1760994568","29218/2025-11-26/1760994568.json"
"892632","715987","2025-11-27","37.00","AUD","1760994568","29218/2025-11-27/1760994568.json"
"892632","715987","2025-11-28","37.00","AUD","1760994568","29218/2025-11-28/1760994568.json"
"892632","715987","2025-11-29","37.00","AUD","1760994568","29218/2025-11-29/1760994568.json"
"892632","715987","2025-11-30","37.00","AUD","1760994568","29218/2025-11-30/1760994568.json"
"892632","715987","2025-12-01","37.00","AUD","1760994568","29218/2025-12-01/1760994568.json"
"892632","715987","2025-12-02","37.00","AUD","1760994568","29218/2025-12-02/1760994568.json"
"892632","715987","2025-12-03","37.00","AUD","1760994568","29218/2025-12-03/1760994568.json"
"892632","715987","2025-12-04","37.00","AUD","1760994568","29218/2025-12-04/1760994568.json"
"892632","715987","2025-12-06","37.00","AUD","1760994568","29218/2025-12-06/1760994568.json"
"892632","715987","2025-12-05","37.00","AUD","1760994568","29218/2025-12-05/1760994568.json"
"892632","715987","2025-12-08","37.00","AUD","1760994568","29218/2025-12-08/1760994568.json"
"892632","715987","2025-12-07","37.00","AUD","1760994568","29218/2025-12-07/1760994568.json"
"892632","715987","2025-12-09","37.00","AUD","1760994568","29218/2025-12-09/1760994568.json"
"892632","715987","2025-12-10","37.00","AUD","1760994568","29218/2025-12-10/1760994568.json"
"892632","715987","2025-12-12","37.00","AUD","1760994568","29218/2025-12-12/1760994568.json"
"892632","715987","2025-12-14","37.00","AUD","1760994568","29218/2025-12-14/1760994568.json"
"892632","715987","2025-12-11","37.00","AUD","1760994568","29218/2025-12-11/1760994568.json"
"892632","715987","2025-12-13","37.00","AUD","1760994568","29218/2025-12-13/1760994568.json"
"892632","715987","2025-12-15","37.00","AUD","1760994568","29218/2025-12-15/1760994568.json"
"892632","715987","2025-12-16","37.00","AUD","1760994568","29218/2025-12-16/1760994568.json"
"892632","715987","2025-12-17","37.00","AUD","1760994568","29218/2025-12-17/1760994568.json"
"892632","715987","2025-12-18","37.00","AUD","1760994568","29218/2025-12-18/1760994568.json"
"892632","715987","2025-12-19","37.00","AUD","1760994568","29218/2025-12-19/1760994568.json"
"892632","715987","2025-10-23","37.00","AUD","1761018161","29218/2025-10-23/1761018161.json"
"892632","715987","2025-10-22","37.00","AUD","1761018161","29218/2025-10-22/1761018161.json"
"892632","715987","2025-10-24","37.00","AUD","1761018161","29218/2025-10-24/1761018161.json"
"892632","715987","2025-10-25","37.00","AUD","1761018161","29218/2025-10-25/1761018161.json"
"892632","715987","2025-10-27","37.00","AUD","1761018161","29218/2025-10-27/1761018161.json"
"892632","715987","2025-10-28","37.00","AUD","1761018161","29218/2025-10-28/1761018161.json"
"892632","715987","2025-10-26","37.00","AUD","1761018161","29218/2025-10-26/1761018161.json"
"892632","715987","2025-10-29","37.00","AUD","1761018161","29218/2025-10-29/1761018161.json"
"892632","715987","2025-10-31","37.00","AUD","1761018161","29218/2025-10-31/1761018161.json"
"892632","715987","2025-11-01","37.00","AUD","1761018161","29218/2025-11-01/1761018161.json"
"892632","715987","2025-10-30","37.00","AUD","1761018161","29218/2025-10-30/1761018161.json"
"892632","715987","2025-11-03","37.00","AUD","1761018161","29218/2025-11-03/1761018161.json"
"892632","715987","2025-11-02","37.00","AUD","1761018161","29218/2025-11-02/1761018161.json"
"892632","715987","2025-11-04","37.00","AUD","1761018161","29218/2025-11-04/1761018161.json"
"892632","715987","2025-11-05","37.00","AUD","1761018161","29218/2025-11-05/1761018161.json"
"892632","715987","2025-11-06","37.00","AUD","1761018161","29218/2025-11-06/1761018161.json"
"892632","715987","2025-11-07","37.00","AUD","1761018161","29218/2025-11-07/1761018161.json"
"892632","715987","2025-11-08","37.00","AUD","1761018161","29218/2025-11-08/1761018161.json"
"892632","715987","2025-11-09","37.00","AUD","1761018161","29218/2025-11-09/1761018161.json"
"892632","715987","2025-11-10","37.00","AUD","1761018161","29218/2025-11-10/1761018161.json"
"892632","715987","2025-11-11","37.00","AUD","1761018161","29218/2025-11-11/1761018161.json"
"892632","715987","2025-11-13","37.00","AUD","1761018161","29218/2025-11-13/1761018161.json"
"892632","715987","2025-11-12","37.00","AUD","1761018161","29218/2025-11-12/1761018161.json"
"892632","715987","2025-11-14","37.00","AUD","1761018161","29218/2025-11-14/1761018161.json"
"892632","715987","2025-11-15","37.00","AUD","1761018161","29218/2025-11-15/1761018161.json"
"892632","715987","2025-11-16","37.00","AUD","1761018161","29218/2025-11-16/1761018161.json"
"892632","715987","2025-11-17","37.00","AUD","1761018161","29218/2025-11-17/1761018161.json"
"892632","715987","2025-11-18","37.00","AUD","1761018161","29218/2025-11-18/1761018161.json"
"892632","715987","2025-11-19","37.00","AUD","1761018161","29218/2025-11-19/1761018161.json"
"892632","715987","2025-11-20","37.00","AUD","1761018161","29218/2025-11-20/1761018161.json"
"892632","715987","2025-11-21","37.00","AUD","1761018161","29218/2025-11-21/1761018161.json"
"892632","715987","2025-11-22","37.00","AUD","1761018161","29218/2025-11-22/1761018161.json"
"892632","715987","2025-11-24","37.00","AUD","1761018161","29218/2025-11-24/1761018161.json"
"892632","715987","2025-11-25","37.00","AUD","1761018161","29218/2025-11-25/1761018161.json"
"892632","715987","2025-11-26","37.00","AUD","1761018161","29218/2025-11-26/1761018161.json"
"892632","715987","2025-11-23","37.00","AUD","1761018161","29218/2025-11-23/1761018161.json"
"892632","715987","2025-11-27","37.00","AUD","1761018161","29218/2025-11-27/1761018161.json"
"892632","715987","2025-11-28","37.00","AUD","1761018161","29218/2025-11-28/1761018161.json"
"892632","715987","2025-11-29","37.00","AUD","1761018161","29218/2025-11-29/1761018161.json"
"892632","715987","2025-11-30","37.00","AUD","1761018161","29218/2025-11-30/1761018161.json"
"892632","715987","2025-12-01","37.00","AUD","1761018161","29218/2025-12-01/1761018161.json"
"892632","715987","2025-12-02","37.00","AUD","1761018161","29218/2025-12-02/1761018161.json"
"892632","715987","2025-12-04","37.00","AUD","1761018161","29218/2025-12-04/1761018161.json"
"892632","715987","2025-12-03","37.00","AUD","1761018161","29218/2025-12-03/1761018161.json"
"892632","715987","2025-12-05","37.00","AUD","1761018161","29218/2025-12-05/1761018161.json"
"892632","715987","2025-12-06","37.00","AUD","1761018161","29218/2025-12-06/1761018161.json"
"892632","715987","2025-12-07","37.00","AUD","1761018161","29218/2025-12-07/1761018161.json"
"892632","715987","2025-12-08","37.00","AUD","1761018161","29218/2025-12-08/1761018161.json"
"892632","715987","2025-12-09","37.00","AUD","1761018161","29218/2025-12-09/1761018161.json"
"892632","715987","2025-12-11","37.00","AUD","1761018161","29218/2025-12-11/1761018161.json"
"892632","715987","2025-12-12","37.00","AUD","1761018161","29218/2025-12-12/1761018161.json"
"892632","715987","2025-12-10","37.00","AUD","1761018161","29218/2025-12-10/1761018161.json"
"892632","715987","2025-12-13","37.00","AUD","1761018161","29218/2025-12-13/1761018161.json"
"892632","715987","2025-12-14","37.00","AUD","1761018161","29218/2025-12-14/1761018161.json"
"892632","715987","2025-12-17","37.00","AUD","1761018161","29218/2025-12-17/1761018161.json"
"892632","715987","2025-12-16","37.00","AUD","1761018161","29218/2025-12-16/1761018161.json"
"892632","715987","2025-12-15","37.00","AUD","1761018161","29218/2025-12-15/1761018161.json"
"892632","715987","2025-12-18","37.00","AUD","1761018161","29218/2025-12-18/1761018161.json"
"892632","715987","2025-12-19","37.00","AUD","1761018161","29218/2025-12-19/1761018161.json"
"892632","715987","2025-12-20","37.00","AUD","1761018161","29218/2025-12-20/1761018161.json"
"892632","715987","2025-10-23","37.00","AUD","1761023312","29218/2025-10-23/1761023312.json"
"892632","715987","2025-10-24","37.00","AUD","1761023312","29218/2025-10-24/1761023312.json"
"892632","715987","2025-10-22","37.00","AUD","1761023312","29218/2025-10-22/1761023312.json"
"892632","715987","2025-10-25","37.00","AUD","1761023312","29218/2025-10-25/1761023312.json"
"892632","715987","2025-10-27","37.00","AUD","1761023312","29218/2025-10-27/1761023312.json"
"892632","715987","2025-10-26","37.00","AUD","1761023312","29218/2025-10-26/1761023312.json"
"892632","715987","2025-10-28","37.00","AUD","1761023312","29218/2025-10-28/1761023312.json"
"892632","715987","2025-10-30","37.00","AUD","1761023312","29218/2025-10-30/1761023312.json"
"892632","715987","2025-10-29","37.00","AUD","1761023312","29218/2025-10-29/1761023312.json"
"892632","715987","2025-11-01","37.00","AUD","1761023312","29218/2025-11-01/1761023312.json"
"892632","715987","2025-10-31","37.00","AUD","1761023312","29218/2025-10-31/1761023312.json"
"892632","715987","2025-11-02","37.00","AUD","1761023312","29218/2025-11-02/1761023312.json"
"892632","715987","2025-11-03","37.00","AUD","1761023312","29218/2025-11-03/1761023312.json"
"892632","715987","2025-11-04","37.00","AUD","1761023312","29218/2025-11-04/1761023312.json"
"892632","715987","2025-11-05","37.00","AUD","1761023312","29218/2025-11-05/1761023312.json"
"892632","715987","2025-11-06","37.00","AUD","1761023312","29218/2025-11-06/1761023312.json"
"892632","715987","2025-11-07","37.00","AUD","1761023312","29218/2025-11-07/1761023312.json"
"892632","715987","2025-11-08","37.00","AUD","1761023312","29218/2025-11-08/1761023312.json"
"892632","715987","2025-11-09","37.00","AUD","1761023312","29218/2025-11-09/1761023312.json"
"892632","715987","2025-11-11","37.00","AUD","1761023312","29218/2025-11-11/1761023312.json"
"892632","715987","2025-11-10","37.00","AUD","1761023312","29218/2025-11-10/1761023312.json"
"892632","715987","2025-11-14","37.00","AUD","1761023312","29218/2025-11-14/1761023312.json"
"892632","715987","2025-11-12","37.00","AUD","1761023312","29218/2025-11-12/1761023312.json"
"892632","715987","2025-11-15","37.00","AUD","1761023312","29218/2025-11-15/1761023312.json"
"892632","715987","2025-11-13","37.00","AUD","1761023312","29218/2025-11-13/1761023312.json"
"892632","715987","2025-11-16","37.00","AUD","1761023312","29218/2025-11-16/1761023312.json"
"892632","715987","2025-11-18","37.00","AUD","1761023312","29218/2025-11-18/1761023312.json"
"892632","715987","2025-11-17","37.00","AUD","1761023312","29218/2025-11-17/1761023312.json"
"892632","715987","2025-11-19","37.00","AUD","1761023312","29218/2025-11-19/1761023312.json"
"892632","715987","2025-11-21","37.00","AUD","1761023312","29218/2025-11-21/1761023312.json"
"892632","715987","2025-11-22","37.00","AUD","1761023312","29218/2025-11-22/1761023312.json"
"892632","715987","2025-11-23","37.00","AUD","1761023312","29218/2025-11-23/1761023312.json"
"892632","715987","2025-11-20","37.00","AUD","1761023312","29218/2025-11-20/1761023312.json"
"892632","715987","2025-11-24","37.00","AUD","1761023312","29218/2025-11-24/1761023312.json"
"892632","715987","2025-11-26","37.00","AUD","1761023312","29218/2025-11-26/1761023312.json"
"892632","715987","2025-11-25","37.00","AUD","1761023312","29218/2025-11-25/1761023312.json"
"892632","715987","2025-11-27","37.00","AUD","1761023312","29218/2025-11-27/1761023312.json"
"892632","715987","2025-11-30","37.00","AUD","1761023312","29218/2025-11-30/1761023312.json"
"892632","715987","2025-11-29","37.00","AUD","1761023312","29218/2025-11-29/1761023312.json"
"892632","715987","2025-11-28","37.00","AUD","1761023312","29218/2025-11-28/1761023312.json"
"892632","715987","2025-12-01","37.00","AUD","1761023312","29218/2025-12-01/1761023312.json"
"892632","715987","2025-12-02","37.00","AUD","1761023312","29218/2025-12-02/1761023312.json"
"892632","715987","2025-12-04","37.00","AUD","1761023312","29218/2025-12-04/1761023312.json"
"892632","715987","2025-12-03","37.00","AUD","1761023312","29218/2025-12-03/1761023312.json"
"892632","715987","2025-12-05","37.00","AUD","1761023312","29218/2025-12-05/1761023312.json"
"892632","715987","2025-12-09","37.00","AUD","1761023312","29218/2025-12-09/1761023312.json"
"892632","715987","2025-12-07","37.00","AUD","1761023312","29218/2025-12-07/1761023312.json"
"892632","715987","2025-12-08","37.00","AUD","1761023312","29218/2025-12-08/1761023312.json"
"892632","715987","2025-12-06","37.00","AUD","1761023312","29218/2025-12-06/1761023312.json"
"892632","715987","2025-12-10","37.00","AUD","1761023312","29218/2025-12-10/1761023312.json"
"892632","715987","2025-12-11","37.00","AUD","1761023312","29218/2025-12-11/1761023312.json"
"892632","715987","2025-12-12","37.00","AUD","1761023312","29218/2025-12-12/1761023312.json"
"892632","715987","2025-12-13","37.00","AUD","1761023312","29218/2025-12-13/1761023312.json"
"892632","715987","2025-12-14","37.00","AUD","1761023312","29218/2025-12-14/1761023312.json"
"892632","715987","2025-12-15","37.00","AUD","1761023312","29218/2025-12-15/1761023312.json"
"892632","715987","2025-12-17","37.00","AUD","1761023312","29218/2025-12-17/1761023312.json"
"892632","715987","2025-12-16","37.00","AUD","1761023312","29218/2025-12-16/1761023312.json"
"892632","715987","2025-12-18","37.00","AUD","1761023312","29218/2025-12-18/1761023312.json"
"892632","715987","2025-12-19","37.00","AUD","1761023312","29218/2025-12-19/1761023312.json"
"892632","715987","2025-12-20","37.00","AUD","1761023312","29218/2025-12-20/1761023312.json"
"892632","715987","2025-10-24","37.00","AUD","1761038643","29218/2025-10-24/1761038643.json"
"892632","715987","2025-10-23","37.00","AUD","1761038643","29218/2025-10-23/1761038643.json"
"892632","715987","2025-10-22","37.00","AUD","1761038643","29218/2025-10-22/1761038643.json"
"892632","715987","2025-10-26","37.00","AUD","1761038643","29218/2025-10-26/1761038643.json"
"892632","715987","2025-10-27","37.00","AUD","1761038643","29218/2025-10-27/1761038643.json"
"892632","715987","2025-10-28","37.00","AUD","1761038643","29218/2025-10-28/1761038643.json"
"892632","715987","2025-10-25","37.00","AUD","1761038643","29218/2025-10-25/1761038643.json"
"892632","715987","2025-10-29","37.00","AUD","1761038643","29218/2025-10-29/1761038643.json"
"892632","715987","2025-10-30","37.00","AUD","1761038643","29218/2025-10-30/1761038643.json"
"892632","715987","2025-10-31","37.00","AUD","1761038643","29218/2025-10-31/1761038643.json"
"892632","715987","2025-11-01","37.00","AUD","1761038643","29218/2025-11-01/1761038643.json"
"892632","715987","2025-11-02","37.00","AUD","1761038643","29218/2025-11-02/1761038643.json"
"892632","715987","2025-11-03","37.00","AUD","1761038643","29218/2025-11-03/1761038643.json"
"892632","715987","2025-11-04","37.00","AUD","1761038643","29218/2025-11-04/1761038643.json"
"892632","715987","2025-11-05","37.00","AUD","1761038643","29218/2025-11-05/1761038643.json"
"892632","715987","2025-11-06","37.00","AUD","1761038643","29218/2025-11-06/1761038643.json"
"892632","715987","2025-11-07","37.00","AUD","1761038643","29218/2025-11-07/1761038643.json"
"892632","715987","2025-11-08","37.00","AUD","1761038643","29218/2025-11-08/1761038643.json"
"892632","715987","2025-11-09","37.00","AUD","1761038643","29218/2025-11-09/1761038643.json"
"892632","715987","2025-11-10","37.00","AUD","1761038643","29218/2025-11-10/1761038643.json"
"892632","715987","2025-11-11","37.00","AUD","1761038643","29218/2025-11-11/1761038643.json"
"892632","715987","2025-11-13","37.00","AUD","1761038643","29218/2025-11-13/1761038643.json"
"892632","715987","2025-11-12","37.00","AUD","1761038643","29218/2025-11-12/1761038643.json"
"892632","715987","2025-11-14","37.00","AUD","1761038643","29218/2025-11-14/1761038643.json"
"892632","715987","2025-11-15","37.00","AUD","1761038643","29218/2025-11-15/1761038643.json"
"892632","715987","2025-11-16","37.00","AUD","1761038643","29218/2025-11-16/1761038643.json"
"892632","715987","2025-11-17","37.00","AUD","1761038643","29218/2025-11-17/1761038643.json"
"892632","715987","2025-11-18","37.00","AUD","1761038643","29218/2025-11-18/1761038643.json"
"892632","715987","2025-11-21","37.00","AUD","1761038643","29218/2025-11-21/1761038643.json"
"892632","715987","2025-11-19","37.00","AUD","1761038643","29218/2025-11-19/1761038643.json"
"892632","715987","2025-11-22","37.00","AUD","1761038643","29218/2025-11-22/1761038643.json"
"892632","715987","2025-11-20","37.00","AUD","1761038643","29218/2025-11-20/1761038643.json"
"892632","715987","2025-11-23","37.00","AUD","1761038643","29218/2025-11-23/1761038643.json"
"892632","715987","2025-11-26","37.00","AUD","1761038643","29218/2025-11-26/1761038643.json"
"892632","715987","2025-11-24","37.00","AUD","1761038643","29218/2025-11-24/1761038643.json"
"892632","715987","2025-11-25","37.00","AUD","1761038643","29218/2025-11-25/1761038643.json"
"892632","715987","2025-11-28","37.00","AUD","1761038643","29218/2025-11-28/1761038643.json"
"892632","715987","2025-11-29","37.00","AUD","1761038643","29218/2025-11-29/1761038643.json"
"892632","715987","2025-11-27","37.00","AUD","1761038643","29218/2025-11-27/1761038643.json"
"892632","715987","2025-11-30","37.00","AUD","1761038643","29218/2025-11-30/1761038643.json"
"892632","715987","2025-12-01","37.00","AUD","1761038643","29218/2025-12-01/1761038643.json"
"892632","715987","2025-12-02","37.00","AUD","1761038643","29218/2025-12-02/1761038643.json"
"892632","715987","2025-12-04","37.00","AUD","1761038643","29218/2025-12-04/1761038643.json"
"892632","715987","2025-12-03","37.00","AUD","1761038643","29218/2025-12-03/1761038643.json"
"892632","715987","2025-12-06","37.00","AUD","1761038643","29218/2025-12-06/1761038643.json"
"892632","715987","2025-12-05","37.00","AUD","1761038643","29218/2025-12-05/1761038643.json"
"892632","715987","2025-12-07","37.00","AUD","1761038643","29218/2025-12-07/1761038643.json"
"892632","715987","2025-12-08","37.00","AUD","1761038643","29218/2025-12-08/1761038643.json"
"892632","715987","2025-12-09","37.00","AUD","1761038643","29218/2025-12-09/1761038643.json"
"892632","715987","2025-12-11","37.00","AUD","1761038643","29218/2025-12-11/1761038643.json"
"892632","715987","2025-12-10","37.00","AUD","1761038643","29218/2025-12-10/1761038643.json"
"892632","715987","2025-12-12","37.00","AUD","1761038643","29218/2025-12-12/1761038643.json"
"892632","715987","2025-12-13","37.00","AUD","1761038643","29218/2025-12-13/1761038643.json"
"892632","715987","2025-12-15","37.00","AUD","1761038643","29218/2025-12-15/1761038643.json"
"892632","715987","2025-12-14","37.00","AUD","1761038643","29218/2025-12-14/1761038643.json"
"892632","715987","2025-12-16","37.00","AUD","1761038643","29218/2025-12-16/1761038643.json"
"892632","715987","2025-12-17","37.00","AUD","1761038643","29218/2025-12-17/1761038643.json"
"892632","715987","2025-12-19","37.00","AUD","1761038643","29218/2025-12-19/1761038643.json"
"892632","715987","2025-12-18","37.00","AUD","1761038643","29218/2025-12-18/1761038643.json"
"892632","715987","2025-12-20","37.00","AUD","1761038643","29218/2025-12-20/1761038643.json"
"892632","715987","2025-10-23","37.00","AUD","1761056095","29218/2025-10-23/1761056095.json"
"892632","715987","2025-10-24","37.00","AUD","1761056095","29218/2025-10-24/1761056095.json"
"892632","715987","2025-10-22","37.00","AUD","1761056095","29218/2025-10-22/1761056095.json"
"892632","715987","2025-10-25","37.00","AUD","1761056095","29218/2025-10-25/1761056095.json"
"892632","715987","2025-10-27","37.00","AUD","1761056095","29218/2025-10-27/1761056095.json"
"892632","715987","2025-10-28","37.00","AUD","1761056095","29218/2025-10-28/1761056095.json"
"892632","715987","2025-10-26","37.00","AUD","1761056095","29218/2025-10-26/1761056095.json"
"892632","715987","2025-10-29","37.00","AUD","1761056095","29218/2025-10-29/1761056095.json"
"892632","715987","2025-10-30","37.00","AUD","1761056095","29218/2025-10-30/1761056095.json"
"892632","715987","2025-11-01","37.00","AUD","1761056095","29218/2025-11-01/1761056095.json"
"892632","715987","2025-10-31","37.00","AUD","1761056095","29218/2025-10-31/1761056095.json"
"892632","715987","2025-11-02","37.00","AUD","1761056095","29218/2025-11-02/1761056095.json"
"892632","715987","2025-11-03","37.00","AUD","1761056095","29218/2025-11-03/1761056095.json"
"892632","715987","2025-11-04","37.00","AUD","1761056095","29218/2025-11-04/1761056095.json"
"892632","715987","2025-11-06","37.00","AUD","1761056095","29218/2025-11-06/1761056095.json"
"892632","715987","2025-11-08","37.00","AUD","1761056095","29218/2025-11-08/1761056095.json"
"892632","715987","2025-11-07","37.00","AUD","1761056095","29218/2025-11-07/1761056095.json"
"892632","715987","2025-11-05","37.00","AUD","1761056095","29218/2025-11-05/1761056095.json"
"892632","715987","2025-11-09","37.00","AUD","1761056095","29218/2025-11-09/1761056095.json"
"892632","715987","2025-11-10","37.00","AUD","1761056095","29218/2025-11-10/1761056095.json"
"892632","715987","2025-11-11","37.00","AUD","1761056095","29218/2025-11-11/1761056095.json"
"892632","715987","2025-11-12","37.00","AUD","1761056095","29218/2025-11-12/1761056095.json"
"892632","715987","2025-11-13","37.00","AUD","1761056095","29218/2025-11-13/1761056095.json"
"892632","715987","2025-11-14","37.00","AUD","1761056095","29218/2025-11-14/1761056095.json"
"892632","715987","2025-11-15","37.00","AUD","1761056095","29218/2025-11-15/1761056095.json"
"892632","715987","2025-11-16","37.00","AUD","1761056095","29218/2025-11-16/1761056095.json"
"892632","715987","2025-11-18","37.00","AUD","1761056095","29218/2025-11-18/1761056095.json"
"892632","715987","2025-11-19","37.00","AUD","1761056095","29218/2025-11-19/1761056095.json"
"892632","715987","2025-11-21","37.00","AUD","1761056095","29218/2025-11-21/1761056095.json"
"892632","715987","2025-11-20","37.00","AUD","1761056095","29218/2025-11-20/1761056095.json"
"892632","715987","2025-11-22","37.00","AUD","1761056095","29218/2025-11-22/1761056095.json"
"892632","715987","2025-11-23","37.00","AUD","1761056095","29218/2025-11-23/1761056095.json"
"892632","715987","2025-11-24","37.00","AUD","1761056095","29218/2025-11-24/1761056095.json"
"892632","715987","2025-11-25","37.00","AUD","1761056095","29218/2025-11-25/1761056095.json"
"892632","715987","2025-11-27","37.00","AUD","1761056095","29218/2025-11-27/1761056095.json"
"892632","715987","2025-11-26","37.00","AUD","1761056095","29218/2025-11-26/1761056095.json"
"892632","715987","2025-11-28","37.00","AUD","1761056095","29218/2025-11-28/1761056095.json"
"892632","715987","2025-11-29","37.00","AUD","1761056095","29218/2025-11-29/1761056095.json"
"892632","715987","2025-11-17","37.00","AUD","1761056095","29218/2025-11-17/1761056095.json"
"892632","715987","2025-11-30","37.00","AUD","1761056095","29218/2025-11-30/1761056095.json"
"892632","715987","2025-12-01","37.00","AUD","1761056095","29218/2025-12-01/1761056095.json"
"892632","715987","2025-12-02","37.00","AUD","1761056095","29218/2025-12-02/1761056095.json"
"892632","715987","2025-12-03","37.00","AUD","1761056095","29218/2025-12-03/1761056095.json"
"892632","715987","2025-12-05","37.00","AUD","1761056095","29218/2025-12-05/1761056095.json"
"892632","715987","2025-12-04","37.00","AUD","1761056095","29218/2025-12-04/1761056095.json"
"892632","715987","2025-12-06","37.00","AUD","1761056095","29218/2025-12-06/1761056095.json"
"892632","715987","2025-12-07","37.00","AUD","1761056095","29218/2025-12-07/1761056095.json"
"892632","715987","2025-12-08","37.00","AUD","1761056095","29218/2025-12-08/1761056095.json"
"892632","715987","2025-12-09","37.00","AUD","1761056095","29218/2025-12-09/1761056095.json"
"892632","715987","2025-12-10","37.00","AUD","1761056095","29218/2025-12-10/1761056095.json"
"892632","715987","2025-12-11","37.00","AUD","1761056095","29218/2025-12-11/1761056095.json"
"892632","715987","2025-12-12","37.00","AUD","1761056095","29218/2025-12-12/1761056095.json"
"892632","715987","2025-12-13","37.00","AUD","1761056095","29218/2025-12-13/1761056095.json"
"892632","715987","2025-12-15","37.00","AUD","1761056095","29218/2025-12-15/1761056095.json"
"892632","715987","2025-12-17","37.00","AUD","1761056095","29218/2025-12-17/1761056095.json"
"892632","715987","2025-12-16","37.00","AUD","1761056095","29218/2025-12-16/1761056095.json"
"892632","715987","2025-12-14","37.00","AUD","1761056095","29218/2025-12-14/1761056095.json"
"892632","715987","2025-12-18","37.00","AUD","1761056095","29218/2025-12-18/1761056095.json"
"892632","715987","2025-12-19","37.00","AUD","1761056095","29218/2025-12-19/1761056095.json"
"892632","715987","2025-12-20","37.00","AUD","1761056095","29218/2025-12-20/1761056095.json"
"892632","715987","2025-10-22","37.00","AUD","1761066842","29218/2025-10-22/1761066842.json"
"892632","715987","2025-10-23","37.00","AUD","1761066842","29218/2025-10-23/1761066842.json"
"892632","715987","2025-10-25","37.00","AUD","1761066842","29218/2025-10-25/1761066842.json"
"892632","715987","2025-10-27","37.00","AUD","1761066842","29218/2025-10-27/1761066842.json"
"892632","715987","2025-10-26","37.00","AUD","1761066842","29218/2025-10-26/1761066842.json"
"892632","715987","2025-10-28","37.00","AUD","1761066842","29218/2025-10-28/1761066842.json"
"892632","715987","2025-10-30","37.00","AUD","1761066842","29218/2025-10-30/1761066842.json"
"892632","715987","2025-10-24","37.00","AUD","1761066842","29218/2025-10-24/1761066842.json"
"892632","715987","2025-10-29","37.00","AUD","1761066842","29218/2025-10-29/1761066842.json"
"892632","715987","2025-10-31","37.00","AUD","1761066842","29218/2025-10-31/1761066842.json"
"892632","715987","2025-11-02","37.00","AUD","1761066842","29218/2025-11-02/1761066842.json"
"892632","715987","2025-11-03","37.00","AUD","1761066842","29218/2025-11-03/1761066842.json"
"892632","715987","2025-11-01","37.00","AUD","1761066842","29218/2025-11-01/1761066842.json"
"892632","715987","2025-11-04","37.00","AUD","1761066842","29218/2025-11-04/1761066842.json"
"892632","715987","2025-11-08","37.00","AUD","1761066842","29218/2025-11-08/1761066842.json"
"892632","715987","2025-11-05","37.00","AUD","1761066842","29218/2025-11-05/1761066842.json"
"892632","715987","2025-11-06","37.00","AUD","1761066842","29218/2025-11-06/1761066842.json"
"892632","715987","2025-11-07","37.00","AUD","1761066842","29218/2025-11-07/1761066842.json"
"892632","715987","2025-11-09","37.00","AUD","1761066842","29218/2025-11-09/1761066842.json"
"892632","715987","2025-11-12","37.00","AUD","1761066842","29218/2025-11-12/1761066842.json"
"892632","715987","2025-11-10","37.00","AUD","1761066842","29218/2025-11-10/1761066842.json"
"892632","715987","2025-11-11","37.00","AUD","1761066842","29218/2025-11-11/1761066842.json"
"892632","715987","2025-11-14","37.00","AUD","1761066842","29218/2025-11-14/1761066842.json"
"892632","715987","2025-11-15","37.00","AUD","1761066842","29218/2025-11-15/1761066842.json"
"892632","715987","2025-11-16","37.00","AUD","1761066842","29218/2025-11-16/1761066842.json"
"892632","715987","2025-11-13","37.00","AUD","1761066842","29218/2025-11-13/1761066842.json"
"892632","715987","2025-11-17","37.00","AUD","1761066842","29218/2025-11-17/1761066842.json"
"892632","715987","2025-11-18","37.00","AUD","1761066842","29218/2025-11-18/1761066842.json"
"892632","715987","2025-11-19","37.00","AUD","1761066842","29218/2025-11-19/1761066842.json"
"892632","715987","2025-11-20","37.00","AUD","1761066842","29218/2025-11-20/1761066842.json"
"892632","715987","2025-11-21","37.00","AUD","1761066842","29218/2025-11-21/1761066842.json"
"892632","715987","2025-11-22","37.00","AUD","1761066842","29218/2025-11-22/1761066842.json"
"892632","715987","2025-11-23","37.00","AUD","1761066842","29218/2025-11-23/1761066842.json"
"892632","715987","2025-11-24","37.00","AUD","1761066842","29218/2025-11-24/1761066842.json"
"892632","715987","2025-11-25","37.00","AUD","1761066842","29218/2025-11-25/1761066842.json"
"892632","715987","2025-11-26","37.00","AUD","1761066842","29218/2025-11-26/1761066842.json"
"892632","715987","2025-11-27","37.00","AUD","1761066842","29218/2025-11-27/1761066842.json"
"892632","715987","2025-11-28","37.00","AUD","1761066842","29218/2025-11-28/1761066842.json"
"892632","715987","2025-11-29","37.00","AUD","1761066842","29218/2025-11-29/1761066842.json"
"892632","715987","2025-11-30","37.00","AUD","1761066842","29218/2025-11-30/1761066842.json"
"892632","715987","2025-12-01","37.00","AUD","1761066842","29218/2025-12-01/1761066842.json"
"892632","715987","2025-12-02","37.00","AUD","1761066842","29218/2025-12-02/1761066842.json"
"892632","715987","2025-12-04","37.00","AUD","1761066842","29218/2025-12-04/1761066842.json"
"892632","715987","2025-12-03","37.00","AUD","1761066842","29218/2025-12-03/1761066842.json"
"892632","715987","2025-12-05","37.00","AUD","1761066842","29218/2025-12-05/1761066842.json"
"892632","715987","2025-12-06","37.00","AUD","1761066842","29218/2025-12-06/1761066842.json"
"892632","715987","2025-12-08","37.00","AUD","1761066842","29218/2025-12-08/1761066842.json"
"892632","715987","2025-12-09","37.00","AUD","1761066842","29218/2025-12-09/1761066842.json"
"892632","715987","2025-12-07","37.00","AUD","1761066842","29218/2025-12-07/1761066842.json"
"892632","715987","2025-12-12","37.00","AUD","1761066842","29218/2025-12-12/1761066842.json"
"892632","715987","2025-12-11","37.00","AUD","1761066842","29218/2025-12-11/1761066842.json"
"892632","715987","2025-12-10","37.00","AUD","1761066842","29218/2025-12-10/1761066842.json"
"892632","715987","2025-12-13","37.00","AUD","1761066842","29218/2025-12-13/1761066842.json"
"892632","715987","2025-12-14","37.00","AUD","1761066842","29218/2025-12-14/1761066842.json"
"892632","715987","2025-12-16","37.00","AUD","1761066842","29218/2025-12-16/1761066842.json"
"892632","715987","2025-12-15","37.00","AUD","1761066842","29218/2025-12-15/1761066842.json"
"892632","715987","2025-12-17","37.00","AUD","1761066842","29218/2025-12-17/1761066842.json"
"892632","715987","2025-12-19","37.00","AUD","1761066842","29218/2025-12-19/1761066842.json"
"892632","715987","2025-12-20","37.00","AUD","1761066842","29218/2025-12-20/1761066842.json"
"892632","715987","2025-12-18","37.00","AUD","1761066842","29218/2025-12-18/1761066842.json"
"892632","715987","2025-10-24","37.00","AUD","1761080945","29218/2025-10-24/1761080945.json"
"892632","715987","2025-10-23","37.00","AUD","1761080945","29218/2025-10-23/1761080945.json"
"892632","715987","2025-10-22","37.00","AUD","1761080945","29218/2025-10-22/1761080945.json"
"892632","715987","2025-10-25","37.00","AUD","1761080945","29218/2025-10-25/1761080945.json"
"892632","715987","2025-10-26","37.00","AUD","1761080945","29218/2025-10-26/1761080945.json"
"892632","715987","2025-10-27","37.00","AUD","1761080945","29218/2025-10-27/1761080945.json"
"892632","715987","2025-10-28","37.00","AUD","1761080945","29218/2025-10-28/1761080945.json"
"892632","715987","2025-10-29","37.00","AUD","1761080945","29218/2025-10-29/1761080945.json"
"892632","715987","2025-10-30","37.00","AUD","1761080945","29218/2025-10-30/1761080945.json"
"892632","715987","2025-11-02","37.00","AUD","1761080945","29218/2025-11-02/1761080945.json"
"892632","715987","2025-10-31","37.00","AUD","1761080945","29218/2025-10-31/1761080945.json"
"892632","715987","2025-11-01","37.00","AUD","1761080945","29218/2025-11-01/1761080945.json"
"892632","715987","2025-11-03","37.00","AUD","1761080945","29218/2025-11-03/1761080945.json"
"892632","715987","2025-11-04","37.00","AUD","1761080945","29218/2025-11-04/1761080945.json"
"892632","715987","2025-11-06","37.00","AUD","1761080945","29218/2025-11-06/1761080945.json"
"892632","715987","2025-11-05","37.00","AUD","1761080945","29218/2025-11-05/1761080945.json"
"892632","715987","2025-11-07","37.00","AUD","1761080945","29218/2025-11-07/1761080945.json"
"892632","715987","2025-11-09","37.00","AUD","1761080945","29218/2025-11-09/1761080945.json"
"892632","715987","2025-11-10","37.00","AUD","1761080945","29218/2025-11-10/1761080945.json"
"892632","715987","2025-11-08","37.00","AUD","1761080945","29218/2025-11-08/1761080945.json"
"892632","715987","2025-11-11","37.00","AUD","1761080945","29218/2025-11-11/1761080945.json"
"892632","715987","2025-11-12","37.00","AUD","1761080945","29218/2025-11-12/1761080945.json"
"892632","715987","2025-11-13","37.00","AUD","1761080945","29218/2025-11-13/1761080945.json"
"892632","715987","2025-11-14","37.00","AUD","1761080945","29218/2025-11-14/1761080945.json"
"892632","715987","2025-11-15","37.00","AUD","1761080945","29218/2025-11-15/1761080945.json"
"892632","715987","2025-11-16","37.00","AUD","1761080945","29218/2025-11-16/1761080945.json"
"892632","715987","2025-11-18","37.00","AUD","1761080945","29218/2025-11-18/1761080945.json"
"892632","715987","2025-11-19","37.00","AUD","1761080945","29218/2025-11-19/1761080945.json"
"892632","715987","2025-11-17","37.00","AUD","1761080945","29218/2025-11-17/1761080945.json"
"892632","715987","2025-11-20","37.00","AUD","1761080945","29218/2025-11-20/1761080945.json"
"892632","715987","2025-11-21","37.00","AUD","1761080945","29218/2025-11-21/1761080945.json"
"892632","715987","2025-11-22","37.00","AUD","1761080945","29218/2025-11-22/1761080945.json"
"892632","715987","2025-11-23","37.00","AUD","1761080945","29218/2025-11-23/1761080945.json"
"892632","715987","2025-11-24","37.00","AUD","1761080945","29218/2025-11-24/1761080945.json"
"892632","715987","2025-11-25","37.00","AUD","1761080945","29218/2025-11-25/1761080945.json"
"892632","715987","2025-11-26","37.00","AUD","1761080945","29218/2025-11-26/1761080945.json"
"892632","715987","2025-11-27","37.00","AUD","1761080945","29218/2025-11-27/1761080945.json"
"892632","715987","2025-11-28","37.00","AUD","1761080945","29218/2025-11-28/1761080945.json"
"892632","715987","2025-11-29","37.00","AUD","1761080945","29218/2025-11-29/1761080945.json"
"892632","715987","2025-11-30","37.00","AUD","1761080945","29218/2025-11-30/1761080945.json"
"892632","715987","2025-12-01","37.00","AUD","1761080945","29218/2025-12-01/1761080945.json"
"892632","715987","2025-12-02","37.00","AUD","1761080945","29218/2025-12-02/1761080945.json"
"892632","715987","2025-12-03","37.00","AUD","1761080945","29218/2025-12-03/1761080945.json"
"892632","715987","2025-12-06","37.00","AUD","1761080945","29218/2025-12-06/1761080945.json"
"892632","715987","2025-12-05","37.00","AUD","1761080945","29218/2025-12-05/1761080945.json"
"892632","715987","2025-12-04","37.00","AUD","1761080945","29218/2025-12-04/1761080945.json"
"892632","715987","2025-12-10","37.00","AUD","1761080945","29218/2025-12-10/1761080945.json"
"892632","715987","2025-12-08","37.00","AUD","1761080945","29218/2025-12-08/1761080945.json"
"892632","715987","2025-12-07","37.00","AUD","1761080945","29218/2025-12-07/1761080945.json"
"892632","715987","2025-12-09","37.00","AUD","1761080945","29218/2025-12-09/1761080945.json"
"892632","715987","2025-12-11","37.00","AUD","1761080945","29218/2025-12-11/1761080945.json"
"892632","715987","2025-12-12","37.00","AUD","1761080945","29218/2025-12-12/1761080945.json"
"892632","715987","2025-12-13","37.00","AUD","1761080945","29218/2025-12-13/1761080945.json"
"892632","715987","2025-12-14","37.00","AUD","1761080945","29218/2025-12-14/1761080945.json"
"892632","715987","2025-12-15","37.00","AUD","1761080945","29218/2025-12-15/1761080945.json"
"892632","715987","2025-12-18","37.00","AUD","1761080945","29218/2025-12-18/1761080945.json"
"892632","715987","2025-12-16","37.00","AUD","1761080945","29218/2025-12-16/1761080945.json"
"892632","715987","2025-12-17","37.00","AUD","1761080945","29218/2025-12-17/1761080945.json"
"892632","715987","2025-12-19","37.00","AUD","1761080945","29218/2025-12-19/1761080945.json"
"892632","715987","2025-12-20","37.00","AUD","1761080945","29218/2025-12-20/1761080945.json"
"892632","715987","2025-10-23","37.00","AUD","1761105603","29218/2025-10-23/1761105603.json"
"892632","715987","2025-10-25","37.00","AUD","1761105603","29218/2025-10-25/1761105603.json"
"892632","715987","2025-10-24","37.00","AUD","1761105603","29218/2025-10-24/1761105603.json"
"892632","715987","2025-10-26","37.00","AUD","1761105603","29218/2025-10-26/1761105603.json"
"892632","715987","2025-10-27","37.00","AUD","1761105603","29218/2025-10-27/1761105603.json"
"892632","715987","2025-10-28","37.00","AUD","1761105603","29218/2025-10-28/1761105603.json"
"892632","715987","2025-10-30","37.00","AUD","1761105603","29218/2025-10-30/1761105603.json"
"892632","715987","2025-10-31","37.00","AUD","1761105603","29218/2025-10-31/1761105603.json"
"892632","715987","2025-11-01","37.00","AUD","1761105603","29218/2025-11-01/1761105603.json"
"892632","715987","2025-11-03","37.00","AUD","1761105603","29218/2025-11-03/1761105603.json"
"892632","715987","2025-11-02","37.00","AUD","1761105603","29218/2025-11-02/1761105603.json"
"892632","715987","2025-11-04","37.00","AUD","1761105603","29218/2025-11-04/1761105603.json"
"892632","715987","2025-11-05","37.00","AUD","1761105603","29218/2025-11-05/1761105603.json"
"892632","715987","2025-11-07","37.00","AUD","1761105603","29218/2025-11-07/1761105603.json"
"892632","715987","2025-11-06","37.00","AUD","1761105603","29218/2025-11-06/1761105603.json"
"892632","715987","2025-10-29","37.00","AUD","1761105603","29218/2025-10-29/1761105603.json"
"892632","715987","2025-11-08","37.00","AUD","1761105603","29218/2025-11-08/1761105603.json"
"892632","715987","2025-11-09","37.00","AUD","1761105603","29218/2025-11-09/1761105603.json"
"892632","715987","2025-11-10","37.00","AUD","1761105603","29218/2025-11-10/1761105603.json"
"892632","715987","2025-11-11","37.00","AUD","1761105603","29218/2025-11-11/1761105603.json"
"892632","715987","2025-11-12","37.00","AUD","1761105603","29218/2025-11-12/1761105603.json"
"892632","715987","2025-11-13","37.00","AUD","1761105603","29218/2025-11-13/1761105603.json"
"892632","715987","2025-11-15","37.00","AUD","1761105603","29218/2025-11-15/1761105603.json"
"892632","715987","2025-11-14","37.00","AUD","1761105603","29218/2025-11-14/1761105603.json"
"892632","715987","2025-11-17","37.00","AUD","1761105603","29218/2025-11-17/1761105603.json"
"892632","715987","2025-11-16","37.00","AUD","1761105603","29218/2025-11-16/1761105603.json"
"892632","715987","2025-11-18","37.00","AUD","1761105603","29218/2025-11-18/1761105603.json"
"892632","715987","2025-11-19","37.00","AUD","1761105603","29218/2025-11-19/1761105603.json"
"892632","715987","2025-11-20","37.00","AUD","1761105603","29218/2025-11-20/1761105603.json"
"892632","715987","2025-11-21","37.00","AUD","1761105603","29218/2025-11-21/1761105603.json"
"892632","715987","2025-11-23","37.00","AUD","1761105603","29218/2025-11-23/1761105603.json"
"892632","715987","2025-11-22","37.00","AUD","1761105603","29218/2025-11-22/1761105603.json"
"892632","715987","2025-11-24","37.00","AUD","1761105603","29218/2025-11-24/1761105603.json"
"892632","715987","2025-11-25","37.00","AUD","1761105603","29218/2025-11-25/1761105603.json"
"892632","715987","2025-11-26","37.00","AUD","1761105603","29218/2025-11-26/1761105603.json"
"892632","715987","2025-11-27","37.00","AUD","1761105603","29218/2025-11-27/1761105603.json"
"892632","715987","2025-11-28","37.00","AUD","1761105603","29218/2025-11-28/1761105603.json"
"892632","715987","2025-11-29","37.00","AUD","1761105603","29218/2025-11-29/1761105603.json"
"892632","715987","2025-12-01","37.00","AUD","1761105603","29218/2025-12-01/1761105603.json"
"892632","715987","2025-11-30","37.00","AUD","1761105603","29218/2025-11-30/1761105603.json"
"892632","715987","2025-12-02","37.00","AUD","1761105603","29218/2025-12-02/1761105603.json"
"892632","715987","2025-12-03","37.00","AUD","1761105603","29218/2025-12-03/1761105603.json"
"892632","715987","2025-12-05","37.00","AUD","1761105603","29218/2025-12-05/1761105603.json"
"892632","715987","2025-12-04","37.00","AUD","1761105603","29218/2025-12-04/1761105603.json"
"892632","715987","2025-12-06","37.00","AUD","1761105603","29218/2025-12-06/1761105603.json"
"892632","715987","2025-12-07","37.00","AUD","1761105603","29218/2025-12-07/1761105603.json"
"892632","715987","2025-12-08","37.00","AUD","1761105603","29218/2025-12-08/1761105603.json"
"892632","715987","2025-12-09","37.00","AUD","1761105603","29218/2025-12-09/1761105603.json"
"892632","715987","2025-12-10","37.00","AUD","1761105603","29218/2025-12-10/1761105603.json"
"892632","715987","2025-12-11","37.00","AUD","1761105603","29218/2025-12-11/1761105603.json"
"892632","715987","2025-12-13","37.00","AUD","1761105603","29218/2025-12-13/1761105603.json"
"892632","715987","2025-12-12","37.00","AUD","1761105603","29218/2025-12-12/1761105603.json"
"892632","715987","2025-12-15","37.00","AUD","1761105603","29218/2025-12-15/1761105603.json"
"892632","715987","2025-12-14","37.00","AUD","1761105603","29218/2025-12-14/1761105603.json"
"892632","715987","2025-12-17","37.00","AUD","1761105603","29218/2025-12-17/1761105603.json"
"892632","715987","2025-12-16","37.00","AUD","1761105603","29218/2025-12-16/1761105603.json"
"892632","715987","2025-12-18","37.00","AUD","1761105603","29218/2025-12-18/1761105603.json"
"892632","715987","2025-12-19","37.00","AUD","1761105603","29218/2025-12-19/1761105603.json"
"892632","715987","2025-12-20","37.00","AUD","1761105603","29218/2025-12-20/1761105603.json"
"892632","715987","2025-12-21","37.00","AUD","1761105603","29218/2025-12-21/1761105603.json"
"892632","715987","2025-10-24","37.00","AUD","1761109791","29218/2025-10-24/1761109791.json"
"892632","715987","2025-10-23","37.00","AUD","1761109791","29218/2025-10-23/1761109791.json"
"892632","715987","2025-10-25","37.00","AUD","1761109791","29218/2025-10-25/1761109791.json"
"892632","715987","2025-10-27","37.00","AUD","1761109791","29218/2025-10-27/1761109791.json"
"892632","715987","2025-10-26","37.00","AUD","1761109791","29218/2025-10-26/1761109791.json"
"892632","715987","2025-10-29","37.00","AUD","1761109791","29218/2025-10-29/1761109791.json"
"892632","715987","2025-10-28","37.00","AUD","1761109791","29218/2025-10-28/1761109791.json"
"892632","715987","2025-10-31","37.00","AUD","1761109791","29218/2025-10-31/1761109791.json"
"892632","715987","2025-10-30","37.00","AUD","1761109791","29218/2025-10-30/1761109791.json"
"892632","715987","2025-11-02","37.00","AUD","1761109791","29218/2025-11-02/1761109791.json"
"892632","715987","2025-11-01","37.00","AUD","1761109791","29218/2025-11-01/1761109791.json"
"892632","715987","2025-11-03","37.00","AUD","1761109791","29218/2025-11-03/1761109791.json"
"892632","715987","2025-11-05","37.00","AUD","1761109791","29218/2025-11-05/1761109791.json"
"892632","715987","2025-11-06","37.00","AUD","1761109791","29218/2025-11-06/1761109791.json"
"892632","715987","2025-11-04","37.00","AUD","1761109791","29218/2025-11-04/1761109791.json"
"892632","715987","2025-11-08","37.00","AUD","1761109791","29218/2025-11-08/1761109791.json"
"892632","715987","2025-11-09","37.00","AUD","1761109791","29218/2025-11-09/1761109791.json"
"892632","715987","2025-11-10","37.00","AUD","1761109791","29218/2025-11-10/1761109791.json"
"892632","715987","2025-11-07","37.00","AUD","1761109791","29218/2025-11-07/1761109791.json"
"892632","715987","2025-11-12","37.00","AUD","1761109791","29218/2025-11-12/1761109791.json"
"892632","715987","2025-11-11","37.00","AUD","1761109791","29218/2025-11-11/1761109791.json"
"892632","715987","2025-11-13","37.00","AUD","1761109791","29218/2025-11-13/1761109791.json"
"892632","715987","2025-11-14","37.00","AUD","1761109791","29218/2025-11-14/1761109791.json"
"892632","715987","2025-11-16","37.00","AUD","1761109791","29218/2025-11-16/1761109791.json"
"892632","715987","2025-11-15","37.00","AUD","1761109791","29218/2025-11-15/1761109791.json"
"892632","715987","2025-11-18","37.00","AUD","1761109791","29218/2025-11-18/1761109791.json"
"892632","715987","2025-11-17","37.00","AUD","1761109791","29218/2025-11-17/1761109791.json"
"892632","715987","2025-11-19","37.00","AUD","1761109791","29218/2025-11-19/1761109791.json"
"892632","715987","2025-11-20","37.00","AUD","1761109791","29218/2025-11-20/1761109791.json"
"892632","715987","2025-11-21","37.00","AUD","1761109791","29218/2025-11-21/1761109791.json"
"892632","715987","2025-11-22","37.00","AUD","1761109791","29218/2025-11-22/1761109791.json"
"892632","715987","2025-11-23","37.00","AUD","1761109791","29218/2025-11-23/1761109791.json"
"892632","715987","2025-11-24","37.00","AUD","1761109791","29218/2025-11-24/1761109791.json"
"892632","715987","2025-11-25","37.00","AUD","1761109791","29218/2025-11-25/1761109791.json"
"892632","715987","2025-11-26","37.00","AUD","1761109791","29218/2025-11-26/1761109791.json"
"892632","715987","2025-11-27","37.00","AUD","1761109791","29218/2025-11-27/1761109791.json"
"892632","715987","2025-11-28","37.00","AUD","1761109791","29218/2025-11-28/1761109791.json"
"892632","715987","2025-11-29","37.00","AUD","1761109791","29218/2025-11-29/1761109791.json"
"892632","715987","2025-11-30","37.00","AUD","1761109791","29218/2025-11-30/1761109791.json"
"892632","715987","2025-12-01","37.00","AUD","1761109791","29218/2025-12-01/1761109791.json"
"892632","715987","2025-12-02","37.00","AUD","1761109791","29218/2025-12-02/1761109791.json"
"892632","715987","2025-12-03","37.00","AUD","1761109791","29218/2025-12-03/1761109791.json"
"892632","715987","2025-12-04","37.00","AUD","1761109791","29218/2025-12-04/1761109791.json"
"892632","715987","2025-12-05","37.00","AUD","1761109791","29218/2025-12-05/1761109791.json"
"892632","715987","2025-12-07","37.00","AUD","1761109791","29218/2025-12-07/1761109791.json"
"892632","715987","2025-12-08","37.00","AUD","1761109791","29218/2025-12-08/1761109791.json"
"892632","715987","2025-12-06","37.00","AUD","1761109791","29218/2025-12-06/1761109791.json"
"892632","715987","2025-12-09","37.00","AUD","1761109791","29218/2025-12-09/1761109791.json"
"892632","715987","2025-12-10","37.00","AUD","1761109791","29218/2025-12-10/1761109791.json"
"892632","715987","2025-12-12","37.00","AUD","1761109791","29218/2025-12-12/1761109791.json"
"892632","715987","2025-12-11","37.00","AUD","1761109791","29218/2025-12-11/1761109791.json"
"892632","715987","2025-12-13","37.00","AUD","1761109791","29218/2025-12-13/1761109791.json"
"892632","715987","2025-12-16","37.00","AUD","1761109791","29218/2025-12-16/1761109791.json"
"892632","715987","2025-12-15","37.00","AUD","1761109791","29218/2025-12-15/1761109791.json"
"892632","715987","2025-12-17","37.00","AUD","1761109791","29218/2025-12-17/1761109791.json"
"892632","715987","2025-12-14","37.00","AUD","1761109791","29218/2025-12-14/1761109791.json"
"892632","715987","2025-12-20","37.00","AUD","1761109791","29218/2025-12-20/1761109791.json"
"892632","715987","2025-12-19","37.00","AUD","1761109791","29218/2025-12-19/1761109791.json"
"892632","715987","2025-12-21","37.00","AUD","1761109791","29218/2025-12-21/1761109791.json"
"892632","715987","2025-12-18","37.00","AUD","1761109791","29218/2025-12-18/1761109791.json"
"892632","715987","2025-10-24","37.00","AUD","1761125000","29218/2025-10-24/1761125000.json"
"892632","715987","2025-10-23","37.00","AUD","1761125000","29218/2025-10-23/1761125000.json"
"892632","715987","2025-10-25","37.00","AUD","1761125000","29218/2025-10-25/1761125000.json"
"892632","715987","2025-10-26","37.00","AUD","1761125000","29218/2025-10-26/1761125000.json"
"892632","715987","2025-10-28","37.00","AUD","1761125000","29218/2025-10-28/1761125000.json"
"892632","715987","2025-10-27","37.00","AUD","1761125000","29218/2025-10-27/1761125000.json"
"892632","715987","2025-10-29","37.00","AUD","1761125000","29218/2025-10-29/1761125000.json"
"892632","715987","2025-10-30","37.00","AUD","1761125000","29218/2025-10-30/1761125000.json"
"892632","715987","2025-10-31","37.00","AUD","1761125000","29218/2025-10-31/1761125000.json"
"892632","715987","2025-11-01","37.00","AUD","1761125000","29218/2025-11-01/1761125000.json"
"892632","715987","2025-11-02","37.00","AUD","1761125000","29218/2025-11-02/1761125000.json"
"892632","715987","2025-11-03","37.00","AUD","1761125000","29218/2025-11-03/1761125000.json"
"892632","715987","2025-11-04","37.00","AUD","1761125000","29218/2025-11-04/1761125000.json"
"892632","715987","2025-11-05","37.00","AUD","1761125000","29218/2025-11-05/1761125000.json"
"892632","715987","2025-11-06","37.00","AUD","1761125000","29218/2025-11-06/1761125000.json"
"892632","715987","2025-11-07","37.00","AUD","1761125000","29218/2025-11-07/1761125000.json"
"892632","715987","2025-11-08","37.00","AUD","1761125000","29218/2025-11-08/1761125000.json"
"892632","715987","2025-11-09","37.00","AUD","1761125000","29218/2025-11-09/1761125000.json"
"892632","715987","2025-11-12","37.00","AUD","1761125000","29218/2025-11-12/1761125000.json"
"892632","715987","2025-11-10","37.00","AUD","1761125000","29218/2025-11-10/1761125000.json"
"892632","715987","2025-11-13","37.00","AUD","1761125000","29218/2025-11-13/1761125000.json"
"892632","715987","2025-11-14","37.00","AUD","1761125000","29218/2025-11-14/1761125000.json"
"892632","715987","2025-11-15","37.00","AUD","1761125000","29218/2025-11-15/1761125000.json"
"892632","715987","2025-11-16","37.00","AUD","1761125000","29218/2025-11-16/1761125000.json"
"892632","715987","2025-11-17","37.00","AUD","1761125000","29218/2025-11-17/1761125000.json"
"892632","715987","2025-11-18","37.00","AUD","1761125000","29218/2025-11-18/1761125000.json"
"892632","715987","2025-11-19","37.00","AUD","1761125000","29218/2025-11-19/1761125000.json"
"892632","715987","2025-11-22","37.00","AUD","1761125000","29218/2025-11-22/1761125000.json"
"892632","715987","2025-11-20","37.00","AUD","1761125000","29218/2025-11-20/1761125000.json"
"892632","715987","2025-11-21","37.00","AUD","1761125000","29218/2025-11-21/1761125000.json"
"892632","715987","2025-11-23","37.00","AUD","1761125000","29218/2025-11-23/1761125000.json"
"892632","715987","2025-11-25","37.00","AUD","1761125000","29218/2025-11-25/1761125000.json"
"892632","715987","2025-11-24","37.00","AUD","1761125000","29218/2025-11-24/1761125000.json"
"892632","715987","2025-11-11","37.00","AUD","1761125000","29218/2025-11-11/1761125000.json"
"892632","715987","2025-11-26","37.00","AUD","1761125000","29218/2025-11-26/1761125000.json"
"892632","715987","2025-11-29","37.00","AUD","1761125000","29218/2025-11-29/1761125000.json"
"892632","715987","2025-11-28","37.00","AUD","1761125000","29218/2025-11-28/1761125000.json"
"892632","715987","2025-11-27","37.00","AUD","1761125000","29218/2025-11-27/1761125000.json"
"892632","715987","2025-11-30","37.00","AUD","1761125000","29218/2025-11-30/1761125000.json"
"892632","715987","2025-12-01","37.00","AUD","1761125000","29218/2025-12-01/1761125000.json"
"892632","715987","2025-12-02","37.00","AUD","1761125000","29218/2025-12-02/1761125000.json"
"892632","715987","2025-12-03","37.00","AUD","1761125000","29218/2025-12-03/1761125000.json"
"892632","715987","2025-12-04","37.00","AUD","1761125000","29218/2025-12-04/1761125000.json"
"892632","715987","2025-12-05","37.00","AUD","1761125000","29218/2025-12-05/1761125000.json"
"892632","715987","2025-12-06","37.00","AUD","1761125000","29218/2025-12-06/1761125000.json"
"892632","715987","2025-12-07","37.00","AUD","1761125000","29218/2025-12-07/1761125000.json"
"892632","715987","2025-12-08","37.00","AUD","1761125000","29218/2025-12-08/1761125000.json"
"892632","715987","2025-12-09","37.00","AUD","1761125000","29218/2025-12-09/1761125000.json"
"892632","715987","2025-12-10","37.00","AUD","1761125000","29218/2025-12-10/1761125000.json"
"892632","715987","2025-12-12","37.00","AUD","1761125000","29218/2025-12-12/1761125000.json"
"892632","715987","2025-12-11","37.00","AUD","1761125000","29218/2025-12-11/1761125000.json"
"892632","715987","2025-12-13","37.00","AUD","1761125000","29218/2025-12-13/1761125000.json"
"892632","715987","2025-12-15","37.00","AUD","1761125000","29218/2025-12-15/1761125000.json"
"892632","715987","2025-12-16","37.00","AUD","1761125000","29218/2025-12-16/1761125000.json"
"892632","715987","2025-12-14","37.00","AUD","1761125000","29218/2025-12-14/1761125000.json"
"892632","715987","2025-12-17","37.00","AUD","1761125000","29218/2025-12-17/1761125000.json"
"892632","715987","2025-12-18","37.00","AUD","1761125000","29218/2025-12-18/1761125000.json"
"892632","715987","2025-12-19","37.00","AUD","1761125000","29218/2025-12-19/1761125000.json"
"892632","715987","2025-12-20","37.00","AUD","1761125000","29218/2025-12-20/1761125000.json"
"892632","715987","2025-12-21","37.00","AUD","1761125000","29218/2025-12-21/1761125000.json"
"892632","715987","2025-10-24","37.00","AUD","1761142436","29218/2025-10-24/1761142436.json"
"892632","715987","2025-10-25","37.00","AUD","1761142436","29218/2025-10-25/1761142436.json"
"892632","715987","2025-10-23","37.00","AUD","1761142436","29218/2025-10-23/1761142436.json"
"892632","715987","2025-10-26","37.00","AUD","1761142436","29218/2025-10-26/1761142436.json"
"892632","715987","2025-10-28","37.00","AUD","1761142436","29218/2025-10-28/1761142436.json"
"892632","715987","2025-10-27","37.00","AUD","1761142436","29218/2025-10-27/1761142436.json"
"892632","715987","2025-10-29","37.00","AUD","1761142436","29218/2025-10-29/1761142436.json"
"892632","715987","2025-10-30","37.00","AUD","1761142436","29218/2025-10-30/1761142436.json"
"892632","715987","2025-11-01","37.00","AUD","1761142436","29218/2025-11-01/1761142436.json"
"892632","715987","2025-11-03","37.00","AUD","1761142436","29218/2025-11-03/1761142436.json"
"892632","715987","2025-10-31","37.00","AUD","1761142436","29218/2025-10-31/1761142436.json"
"892632","715987","2025-11-02","37.00","AUD","1761142436","29218/2025-11-02/1761142436.json"
"892632","715987","2025-11-04","37.00","AUD","1761142436","29218/2025-11-04/1761142436.json"
"892632","715987","2025-11-05","37.00","AUD","1761142436","29218/2025-11-05/1761142436.json"
"892632","715987","2025-11-06","37.00","AUD","1761142436","29218/2025-11-06/1761142436.json"
"892632","715987","2025-11-07","37.00","AUD","1761142436","29218/2025-11-07/1761142436.json"
"892632","715987","2025-11-08","37.00","AUD","1761142436","29218/2025-11-08/1761142436.json"
"892632","715987","2025-11-09","37.00","AUD","1761142436","29218/2025-11-09/1761142436.json"
"892632","715987","2025-11-10","37.00","AUD","1761142436","29218/2025-11-10/1761142436.json"
"892632","715987","2025-11-12","37.00","AUD","1761142436","29218/2025-11-12/1761142436.json"
"892632","715987","2025-11-13","37.00","AUD","1761142436","29218/2025-11-13/1761142436.json"
"892632","715987","2025-11-11","37.00","AUD","1761142436","29218/2025-11-11/1761142436.json"
"892632","715987","2025-11-14","37.00","AUD","1761142436","29218/2025-11-14/1761142436.json"
"892632","715987","2025-11-15","37.00","AUD","1761142436","29218/2025-11-15/1761142436.json"
"892632","715987","2025-11-19","37.00","AUD","1761142436","29218/2025-11-19/1761142436.json"
"892632","715987","2025-11-17","37.00","AUD","1761142436","29218/2025-11-17/1761142436.json"
"892632","715987","2025-11-16","37.00","AUD","1761142436","29218/2025-11-16/1761142436.json"
"892632","715987","2025-11-18","37.00","AUD","1761142436","29218/2025-11-18/1761142436.json"
"892632","715987","2025-11-20","37.00","AUD","1761142436","29218/2025-11-20/1761142436.json"
"892632","715987","2025-11-21","37.00","AUD","1761142436","29218/2025-11-21/1761142436.json"
"892632","715987","2025-11-22","37.00","AUD","1761142436","29218/2025-11-22/1761142436.json"
"892632","715987","2025-11-23","37.00","AUD","1761142436","29218/2025-11-23/1761142436.json"
"892632","715987","2025-11-24","37.00","AUD","1761142436","29218/2025-11-24/1761142436.json"
"892632","715987","2025-11-25","37.00","AUD","1761142436","29218/2025-11-25/1761142436.json"
"892632","715987","2025-11-26","37.00","AUD","1761142436","29218/2025-11-26/1761142436.json"
"892632","715987","2025-11-27","37.00","AUD","1761142436","29218/2025-11-27/1761142436.json"
"892632","715987","2025-11-29","37.00","AUD","1761142436","29218/2025-11-29/1761142436.json"
"892632","715987","2025-11-28","37.00","AUD","1761142436","29218/2025-11-28/1761142436.json"
"892632","715987","2025-11-30","37.00","AUD","1761142436","29218/2025-11-30/1761142436.json"
"892632","715987","2025-12-01","37.00","AUD","1761142436","29218/2025-12-01/1761142436.json"
"892632","715987","2025-12-03","37.00","AUD","1761142436","29218/2025-12-03/1761142436.json"
"892632","715987","2025-12-05","37.00","AUD","1761142436","29218/2025-12-05/1761142436.json"
"892632","715987","2025-12-04","37.00","AUD","1761142436","29218/2025-12-04/1761142436.json"
"892632","715987","2025-12-02","37.00","AUD","1761142436","29218/2025-12-02/1761142436.json"
"892632","715987","2025-12-06","37.00","AUD","1761142436","29218/2025-12-06/1761142436.json"
"892632","715987","2025-12-08","37.00","AUD","1761142436","29218/2025-12-08/1761142436.json"
"892632","715987","2025-12-09","37.00","AUD","1761142436","29218/2025-12-09/1761142436.json"
"892632","715987","2025-12-07","37.00","AUD","1761142436","29218/2025-12-07/1761142436.json"
"892632","715987","2025-12-11","37.00","AUD","1761142436","29218/2025-12-11/1761142436.json"
"892632","715987","2025-12-10","37.00","AUD","1761142436","29218/2025-12-10/1761142436.json"
"892632","715987","2025-12-13","37.00","AUD","1761142436","29218/2025-12-13/1761142436.json"
"892632","715987","2025-12-12","37.00","AUD","1761142436","29218/2025-12-12/1761142436.json"
"892632","715987","2025-12-15","37.00","AUD","1761142436","29218/2025-12-15/1761142436.json"
"892632","715987","2025-12-14","37.00","AUD","1761142436","29218/2025-12-14/1761142436.json"
"892632","715987","2025-12-16","37.00","AUD","1761142436","29218/2025-12-16/1761142436.json"
"892632","715987","2025-12-17","37.00","AUD","1761142436","29218/2025-12-17/1761142436.json"
"892632","715987","2025-12-18","37.00","AUD","1761142436","29218/2025-12-18/1761142436.json"
"892632","715987","2025-12-20","37.00","AUD","1761142436","29218/2025-12-20/1761142436.json"
"892632","715987","2025-12-19","37.00","AUD","1761142436","29218/2025-12-19/1761142436.json"
"892632","715987","2025-12-21","37.00","AUD","1761142436","29218/2025-12-21/1761142436.json"
"892632","715987","2025-10-24","37.00","AUD","1761153685","29218/2025-10-24/1761153685.json"
"892632","715987","2025-10-25","37.00","AUD","1761153685","29218/2025-10-25/1761153685.json"
"892632","715987","2025-10-23","37.00","AUD","1761153685","29218/2025-10-23/1761153685.json"
"892632","715987","2025-10-26","37.00","AUD","1761153685","29218/2025-10-26/1761153685.json"
"892632","715987","2025-10-27","37.00","AUD","1761153685","29218/2025-10-27/1761153685.json"
"892632","715987","2025-10-28","37.00","AUD","1761153685","29218/2025-10-28/1761153685.json"
"892632","715987","2025-10-29","37.00","AUD","1761153685","29218/2025-10-29/1761153685.json"
"892632","715987","2025-10-30","37.00","AUD","1761153685","29218/2025-10-30/1761153685.json"
"892632","715987","2025-10-31","37.00","AUD","1761153685","29218/2025-10-31/1761153685.json"
"892632","715987","2025-11-01","37.00","AUD","1761153685","29218/2025-11-01/1761153685.json"
"892632","715987","2025-11-02","37.00","AUD","1761153685","29218/2025-11-02/1761153685.json"
"892632","715987","2025-11-03","37.00","AUD","1761153685","29218/2025-11-03/1761153685.json"
"892632","715987","2025-11-05","37.00","AUD","1761153685","29218/2025-11-05/1761153685.json"
"892632","715987","2025-11-04","37.00","AUD","1761153685","29218/2025-11-04/1761153685.json"
"892632","715987","2025-11-06","37.00","AUD","1761153685","29218/2025-11-06/1761153685.json"
"892632","715987","2025-11-07","37.00","AUD","1761153685","29218/2025-11-07/1761153685.json"
"892632","715987","2025-11-08","37.00","AUD","1761153685","29218/2025-11-08/1761153685.json"
"892632","715987","2025-11-09","37.00","AUD","1761153685","29218/2025-11-09/1761153685.json"
"892632","715987","2025-11-10","37.00","AUD","1761153685","29218/2025-11-10/1761153685.json"
"892632","715987","2025-11-11","37.00","AUD","1761153685","29218/2025-11-11/1761153685.json"
"892632","715987","2025-11-12","37.00","AUD","1761153685","29218/2025-11-12/1761153685.json"
"892632","715987","2025-11-13","37.00","AUD","1761153685","29218/2025-11-13/1761153685.json"
"892632","715987","2025-11-15","37.00","AUD","1761153685","29218/2025-11-15/1761153685.json"
"892632","715987","2025-11-14","37.00","AUD","1761153685","29218/2025-11-14/1761153685.json"
"892632","715987","2025-11-16","37.00","AUD","1761153685","29218/2025-11-16/1761153685.json"
"892632","715987","2025-11-17","37.00","AUD","1761153685","29218/2025-11-17/1761153685.json"
"892632","715987","2025-11-18","37.00","AUD","1761153685","29218/2025-11-18/1761153685.json"
"892632","715987","2025-11-19","37.00","AUD","1761153685","29218/2025-11-19/1761153685.json"
"892632","715987","2025-11-21","37.00","AUD","1761153685","29218/2025-11-21/1761153685.json"
"892632","715987","2025-11-23","37.00","AUD","1761153685","29218/2025-11-23/1761153685.json"
"892632","715987","2025-11-20","37.00","AUD","1761153685","29218/2025-11-20/1761153685.json"
"892632","715987","2025-11-22","37.00","AUD","1761153685","29218/2025-11-22/1761153685.json"
"892632","715987","2025-11-25","37.00","AUD","1761153685","29218/2025-11-25/1761153685.json"
"892632","715987","2025-11-27","37.00","AUD","1761153685","29218/2025-11-27/1761153685.json"
"892632","715987","2025-11-24","37.00","AUD","1761153685","29218/2025-11-24/1761153685.json"
"892632","715987","2025-11-26","37.00","AUD","1761153685","29218/2025-11-26/1761153685.json"
"892632","715987","2025-11-28","37.00","AUD","1761153685","29218/2025-11-28/1761153685.json"
"892632","715987","2025-11-29","37.00","AUD","1761153685","29218/2025-11-29/1761153685.json"
"892632","715987","2025-11-30","37.00","AUD","1761153685","29218/2025-11-30/1761153685.json"
"892632","715987","2025-12-01","37.00","AUD","1761153685","29218/2025-12-01/1761153685.json"
"892632","715987","2025-12-02","37.00","AUD","1761153685","29218/2025-12-02/1761153685.json"
"892632","715987","2025-12-05","37.00","AUD","1761153685","29218/2025-12-05/1761153685.json"
"892632","715987","2025-12-04","37.00","AUD","1761153685","29218/2025-12-04/1761153685.json"
"892632","715987","2025-12-06","37.00","AUD","1761153685","29218/2025-12-06/1761153685.json"
"892632","715987","2025-12-03","37.00","AUD","1761153685","29218/2025-12-03/1761153685.json"
"892632","715987","2025-12-09","37.00","AUD","1761153685","29218/2025-12-09/1761153685.json"
"892632","715987","2025-12-08","37.00","AUD","1761153685","29218/2025-12-08/1761153685.json"
"892632","715987","2025-12-07","37.00","AUD","1761153685","29218/2025-12-07/1761153685.json"
"892632","715987","2025-12-10","37.00","AUD","1761153685","29218/2025-12-10/1761153685.json"
"892632","715987","2025-12-13","37.00","AUD","1761153685","29218/2025-12-13/1761153685.json"
"892632","715987","2025-12-11","37.00","AUD","1761153685","29218/2025-12-11/1761153685.json"
"892632","715987","2025-12-12","37.00","AUD","1761153685","29218/2025-12-12/1761153685.json"
"892632","715987","2025-12-14","37.00","AUD","1761153685","29218/2025-12-14/1761153685.json"
"892632","715987","2025-12-15","37.00","AUD","1761153685","29218/2025-12-15/1761153685.json"
"892632","715987","2025-12-16","37.00","AUD","1761153685","29218/2025-12-16/1761153685.json"
"892632","715987","2025-12-17","37.00","AUD","1761153685","29218/2025-12-17/1761153685.json"
"892632","715987","2025-12-18","37.00","AUD","1761153685","29218/2025-12-18/1761153685.json"
"892632","715987","2025-12-19","37.00","AUD","1761153685","29218/2025-12-19/1761153685.json"
"892632","715987","2025-12-20","37.00","AUD","1761153685","29218/2025-12-20/1761153685.json"
"892632","715987","2025-12-21","37.00","AUD","1761153685","29218/2025-12-21/1761153685.json"
"892632","715987","2025-10-25","37.00","AUD","1761167044","29218/2025-10-25/1761167044.json"
"892632","715987","2025-10-23","37.00","AUD","1761167044","29218/2025-10-23/1761167044.json"
"892632","715987","2025-10-24","37.00","AUD","1761167044","29218/2025-10-24/1761167044.json"
"892632","715987","2025-10-26","37.00","AUD","1761167044","29218/2025-10-26/1761167044.json"
"892632","715987","2025-10-29","37.00","AUD","1761167044","29218/2025-10-29/1761167044.json"
"892632","715987","2025-10-28","37.00","AUD","1761167044","29218/2025-10-28/1761167044.json"
"892632","715987","2025-10-30","37.00","AUD","1761167044","29218/2025-10-30/1761167044.json"
"892632","715987","2025-10-27","37.00","AUD","1761167044","29218/2025-10-27/1761167044.json"
"892632","715987","2025-10-31","37.00","AUD","1761167044","29218/2025-10-31/1761167044.json"
"892632","715987","2025-11-01","37.00","AUD","1761167044","29218/2025-11-01/1761167044.json"
"892632","715987","2025-11-03","37.00","AUD","1761167044","29218/2025-11-03/1761167044.json"
"892632","715987","2025-11-02","37.00","AUD","1761167044","29218/2025-11-02/1761167044.json"
"892632","715987","2025-11-04","37.00","AUD","1761167044","29218/2025-11-04/1761167044.json"
"892632","715987","2025-11-05","37.00","AUD","1761167044","29218/2025-11-05/1761167044.json"
"892632","715987","2025-11-07","37.00","AUD","1761167044","29218/2025-11-07/1761167044.json"
"892632","715987","2025-11-06","37.00","AUD","1761167044","29218/2025-11-06/1761167044.json"
"892632","715987","2025-11-08","37.00","AUD","1761167044","29218/2025-11-08/1761167044.json"
"892632","715987","2025-11-11","37.00","AUD","1761167044","29218/2025-11-11/1761167044.json"
"892632","715987","2025-11-09","37.00","AUD","1761167044","29218/2025-11-09/1761167044.json"
"892632","715987","2025-11-10","37.00","AUD","1761167044","29218/2025-11-10/1761167044.json"
"892632","715987","2025-11-12","37.00","AUD","1761167044","29218/2025-11-12/1761167044.json"
"892632","715987","2025-11-13","37.00","AUD","1761167044","29218/2025-11-13/1761167044.json"
"892632","715987","2025-11-14","37.00","AUD","1761167044","29218/2025-11-14/1761167044.json"
"892632","715987","2025-11-16","37.00","AUD","1761167044","29218/2025-11-16/1761167044.json"
"892632","715987","2025-11-15","37.00","AUD","1761167044","29218/2025-11-15/1761167044.json"
"892632","715987","2025-11-17","37.00","AUD","1761167044","29218/2025-11-17/1761167044.json"
"892632","715987","2025-11-19","37.00","AUD","1761167044","29218/2025-11-19/1761167044.json"
"892632","715987","2025-11-18","37.00","AUD","1761167044","29218/2025-11-18/1761167044.json"
"892632","715987","2025-11-21","37.00","AUD","1761167044","29218/2025-11-21/1761167044.json"
"892632","715987","2025-11-20","37.00","AUD","1761167044","29218/2025-11-20/1761167044.json"
"892632","715987","2025-11-22","37.00","AUD","1761167044","29218/2025-11-22/1761167044.json"
"892632","715987","2025-11-24","37.00","AUD","1761167044","29218/2025-11-24/1761167044.json"
"892632","715987","2025-11-25","37.00","AUD","1761167044","29218/2025-11-25/1761167044.json"
"892632","715987","2025-11-26","37.00","AUD","1761167044","29218/2025-11-26/1761167044.json"
"892632","715987","2025-11-23","37.00","AUD","1761167044","29218/2025-11-23/1761167044.json"
"892632","715987","2025-11-27","37.00","AUD","1761167044","29218/2025-11-27/1761167044.json"
"892632","715987","2025-11-29","37.00","AUD","1761167044","29218/2025-11-29/1761167044.json"
"892632","715987","2025-11-28","37.00","AUD","1761167044","29218/2025-11-28/1761167044.json"
"892632","715987","2025-11-30","37.00","AUD","1761167044","29218/2025-11-30/1761167044.json"
"892632","715987","2025-12-01","37.00","AUD","1761167044","29218/2025-12-01/1761167044.json"
"892632","715987","2025-12-02","37.00","AUD","1761167044","29218/2025-12-02/1761167044.json"
"892632","715987","2025-12-03","37.00","AUD","1761167044","29218/2025-12-03/1761167044.json"
"892632","715987","2025-12-05","37.00","AUD","1761167044","29218/2025-12-05/1761167044.json"
"892632","715987","2025-12-07","37.00","AUD","1761167044","29218/2025-12-07/1761167044.json"
"892632","715987","2025-12-04","37.00","AUD","1761167044","29218/2025-12-04/1761167044.json"
"892632","715987","2025-12-06","37.00","AUD","1761167044","29218/2025-12-06/1761167044.json"
"892632","715987","2025-12-08","37.00","AUD","1761167044","29218/2025-12-08/1761167044.json"
"892632","715987","2025-12-09","37.00","AUD","1761167044","29218/2025-12-09/1761167044.json"
"892632","715987","2025-12-10","37.00","AUD","1761167044","29218/2025-12-10/1761167044.json"
"892632","715987","2025-12-11","37.00","AUD","1761167044","29218/2025-12-11/1761167044.json"
"892632","715987","2025-12-12","37.00","AUD","1761167044","29218/2025-12-12/1761167044.json"
"892632","715987","2025-12-13","37.00","AUD","1761167044","29218/2025-12-13/1761167044.json"
"892632","715987","2025-12-16","37.00","AUD","1761167044","29218/2025-12-16/1761167044.json"
"892632","715987","2025-12-14","37.00","AUD","1761167044","29218/2025-12-14/1761167044.json"
"892632","715987","2025-12-15","37.00","AUD","1761167044","29218/2025-12-15/1761167044.json"
"892632","715987","2025-12-17","37.00","AUD","1761167044","29218/2025-12-17/1761167044.json"
"892632","715987","2025-12-20","37.00","AUD","1761167044","29218/2025-12-20/1761167044.json"
"892632","715987","2025-12-18","37.00","AUD","1761167044","29218/2025-12-18/1761167044.json"
"892632","715987","2025-12-19","37.00","AUD","1761167044","29218/2025-12-19/1761167044.json"
"892632","715987","2025-12-21","37.00","AUD","1761167044","29218/2025-12-21/1761167044.json"
"892632","715987","2025-10-24","37.00","AUD","1761190832","29218/2025-10-24/1761190832.json"
"892632","715987","2025-10-25","37.00","AUD","1761190832","29218/2025-10-25/1761190832.json"
"892632","715987","2025-10-26","37.00","AUD","1761190832","29218/2025-10-26/1761190832.json"
"892632","715987","2025-10-27","37.00","AUD","1761190832","29218/2025-10-27/1761190832.json"
"892632","715987","2025-10-28","37.00","AUD","1761190832","29218/2025-10-28/1761190832.json"
"892632","715987","2025-10-29","37.00","AUD","1761190832","29218/2025-10-29/1761190832.json"
"892632","715987","2025-10-30","37.00","AUD","1761190832","29218/2025-10-30/1761190832.json"
"892632","715987","2025-11-02","37.00","AUD","1761190832","29218/2025-11-02/1761190832.json"
"892632","715987","2025-11-03","37.00","AUD","1761190832","29218/2025-11-03/1761190832.json"
"892632","715987","2025-11-01","37.00","AUD","1761190832","29218/2025-11-01/1761190832.json"
"892632","715987","2025-10-31","37.00","AUD","1761190832","29218/2025-10-31/1761190832.json"
"892632","715987","2025-11-04","37.00","AUD","1761190832","29218/2025-11-04/1761190832.json"
"892632","715987","2025-11-05","37.00","AUD","1761190832","29218/2025-11-05/1761190832.json"
"892632","715987","2025-11-06","37.00","AUD","1761190832","29218/2025-11-06/1761190832.json"
"892632","715987","2025-11-07","37.00","AUD","1761190832","29218/2025-11-07/1761190832.json"
"892632","715987","2025-11-08","37.00","AUD","1761190832","29218/2025-11-08/1761190832.json"
"892632","715987","2025-11-09","37.00","AUD","1761190832","29218/2025-11-09/1761190832.json"
"892632","715987","2025-11-10","37.00","AUD","1761190832","29218/2025-11-10/1761190832.json"
"892632","715987","2025-11-11","37.00","AUD","1761190832","29218/2025-11-11/1761190832.json"
"892632","715987","2025-11-13","37.00","AUD","1761190832","29218/2025-11-13/1761190832.json"
"892632","715987","2025-11-14","37.00","AUD","1761190832","29218/2025-11-14/1761190832.json"
"892632","715987","2025-11-12","37.00","AUD","1761190832","29218/2025-11-12/1761190832.json"
"892632","715987","2025-11-16","37.00","AUD","1761190832","29218/2025-11-16/1761190832.json"
"892632","715987","2025-11-17","37.00","AUD","1761190832","29218/2025-11-17/1761190832.json"
"892632","715987","2025-11-15","37.00","AUD","1761190832","29218/2025-11-15/1761190832.json"
"892632","715987","2025-11-18","37.00","AUD","1761190832","29218/2025-11-18/1761190832.json"
"892632","715987","2025-11-20","37.00","AUD","1761190832","29218/2025-11-20/1761190832.json"
"892632","715987","2025-11-19","37.00","AUD","1761190832","29218/2025-11-19/1761190832.json"
"892632","715987","2025-11-21","37.00","AUD","1761190832","29218/2025-11-21/1761190832.json"
"892632","715987","2025-11-23","37.00","AUD","1761190832","29218/2025-11-23/1761190832.json"
"892632","715987","2025-11-22","37.00","AUD","1761190832","29218/2025-11-22/1761190832.json"
"892632","715987","2025-11-24","37.00","AUD","1761190832","29218/2025-11-24/1761190832.json"
"892632","715987","2025-11-25","37.00","AUD","1761190832","29218/2025-11-25/1761190832.json"
"892632","715987","2025-11-27","37.00","AUD","1761190832","29218/2025-11-27/1761190832.json"
"892632","715987","2025-11-26","37.00","AUD","1761190832","29218/2025-11-26/1761190832.json"
"892632","715987","2025-11-28","37.00","AUD","1761190832","29218/2025-11-28/1761190832.json"
"892632","715987","2025-11-30","37.00","AUD","1761190832","29218/2025-11-30/1761190832.json"
"892632","715987","2025-12-01","37.00","AUD","1761190832","29218/2025-12-01/1761190832.json"
"892632","715987","2025-11-29","37.00","AUD","1761190832","29218/2025-11-29/1761190832.json"
"892632","715987","2025-12-03","37.00","AUD","1761190832","29218/2025-12-03/1761190832.json"
"892632","715987","2025-12-04","37.00","AUD","1761190832","29218/2025-12-04/1761190832.json"
"892632","715987","2025-12-05","37.00","AUD","1761190832","29218/2025-12-05/1761190832.json"
"892632","715987","2025-12-02","37.00","AUD","1761190832","29218/2025-12-02/1761190832.json"
"892632","715987","2025-12-06","37.00","AUD","1761190832","29218/2025-12-06/1761190832.json"
"892632","715987","2025-12-07","37.00","AUD","1761190832","29218/2025-12-07/1761190832.json"
"892632","715987","2025-12-09","37.00","AUD","1761190832","29218/2025-12-09/1761190832.json"
"892632","715987","2025-12-10","37.00","AUD","1761190832","29218/2025-12-10/1761190832.json"
"892632","715987","2025-12-11","37.00","AUD","1761190832","29218/2025-12-11/1761190832.json"
"892632","715987","2025-12-12","37.00","AUD","1761190832","29218/2025-12-12/1761190832.json"
"892632","715987","2025-12-08","37.00","AUD","1761190832","29218/2025-12-08/1761190832.json"
"892632","715987","2025-12-13","37.00","AUD","1761190832","29218/2025-12-13/1761190832.json"
"892632","715987","2025-12-16","37.00","AUD","1761190832","29218/2025-12-16/1761190832.json"
"892632","715987","2025-12-15","37.00","AUD","1761190832","29218/2025-12-15/1761190832.json"
"892632","715987","2025-12-17","37.00","AUD","1761190832","29218/2025-12-17/1761190832.json"
"892632","715987","2025-12-14","37.00","AUD","1761190832","29218/2025-12-14/1761190832.json"
"892632","715987","2025-12-18","37.00","AUD","1761190832","29218/2025-12-18/1761190832.json"
"892632","715987","2025-12-21","37.00","AUD","1761190832","29218/2025-12-21/1761190832.json"
"892632","715987","2025-12-19","37.00","AUD","1761190832","29218/2025-12-19/1761190832.json"
"892632","715987","2025-12-20","37.00","AUD","1761190832","29218/2025-12-20/1761190832.json"
"892632","715987","2025-12-22","37.00","AUD","1761190832","29218/2025-12-22/1761190832.json"
"892632","715987","2025-10-26","37.00","AUD","1761196248","29218/2025-10-26/1761196248.json"
"892632","715987","2025-10-24","37.00","AUD","1761196248","29218/2025-10-24/1761196248.json"
"892632","715987","2025-10-25","37.00","AUD","1761196248","29218/2025-10-25/1761196248.json"
"892632","715987","2025-10-29","37.00","AUD","1761196248","29218/2025-10-29/1761196248.json"
"892632","715987","2025-10-28","37.00","AUD","1761196248","29218/2025-10-28/1761196248.json"
"892632","715987","2025-10-31","37.00","AUD","1761196248","29218/2025-10-31/1761196248.json"
"892632","715987","2025-11-01","37.00","AUD","1761196248","29218/2025-11-01/1761196248.json"
"892632","715987","2025-10-27","37.00","AUD","1761196248","29218/2025-10-27/1761196248.json"
"892632","715987","2025-10-30","37.00","AUD","1761196248","29218/2025-10-30/1761196248.json"
"892632","715987","2025-11-03","37.00","AUD","1761196248","29218/2025-11-03/1761196248.json"
"892632","715987","2025-11-04","37.00","AUD","1761196248","29218/2025-11-04/1761196248.json"
"892632","715987","2025-11-02","37.00","AUD","1761196248","29218/2025-11-02/1761196248.json"
"892632","715987","2025-11-05","37.00","AUD","1761196248","29218/2025-11-05/1761196248.json"
"892632","715987","2025-11-06","37.00","AUD","1761196248","29218/2025-11-06/1761196248.json"
"892632","715987","2025-11-07","37.00","AUD","1761196248","29218/2025-11-07/1761196248.json"
"892632","715987","2025-11-08","37.00","AUD","1761196248","29218/2025-11-08/1761196248.json"
"892632","715987","2025-11-10","37.00","AUD","1761196248","29218/2025-11-10/1761196248.json"
"892632","715987","2025-11-09","37.00","AUD","1761196248","29218/2025-11-09/1761196248.json"
"892632","715987","2025-11-11","37.00","AUD","1761196248","29218/2025-11-11/1761196248.json"
"892632","715987","2025-11-12","37.00","AUD","1761196248","29218/2025-11-12/1761196248.json"
"892632","715987","2025-11-13","37.00","AUD","1761196248","29218/2025-11-13/1761196248.json"
"892632","715987","2025-11-14","37.00","AUD","1761196248","29218/2025-11-14/1761196248.json"
"892632","715987","2025-11-15","37.00","AUD","1761196248","29218/2025-11-15/1761196248.json"
"892632","715987","2025-11-17","37.00","AUD","1761196248","29218/2025-11-17/1761196248.json"
"892632","715987","2025-11-18","37.00","AUD","1761196248","29218/2025-11-18/1761196248.json"
"892632","715987","2025-11-19","37.00","AUD","1761196248","29218/2025-11-19/1761196248.json"
"892632","715987","2025-11-20","37.00","AUD","1761196248","29218/2025-11-20/1761196248.json"
"892632","715987","2025-11-22","37.00","AUD","1761196248","29218/2025-11-22/1761196248.json"
"892632","715987","2025-11-21","37.00","AUD","1761196248","29218/2025-11-21/1761196248.json"
"892632","715987","2025-11-23","37.00","AUD","1761196248","29218/2025-11-23/1761196248.json"
"892632","715987","2025-11-24","37.00","AUD","1761196248","29218/2025-11-24/1761196248.json"
"892632","715987","2025-11-25","37.00","AUD","1761196248","29218/2025-11-25/1761196248.json"
"892632","715987","2025-11-16","37.00","AUD","1761196248","29218/2025-11-16/1761196248.json"
"892632","715987","2025-11-26","37.00","AUD","1761196248","29218/2025-11-26/1761196248.json"
"892632","715987","2025-11-28","37.00","AUD","1761196248","29218/2025-11-28/1761196248.json"
"892632","715987","2025-11-27","37.00","AUD","1761196248","29218/2025-11-27/1761196248.json"
"892632","715987","2025-11-29","37.00","AUD","1761196248","29218/2025-11-29/1761196248.json"
"892632","715987","2025-11-30","37.00","AUD","1761196248","29218/2025-11-30/1761196248.json"
"892632","715987","2025-12-01","37.00","AUD","1761196248","29218/2025-12-01/1761196248.json"
"892632","715987","2025-12-03","37.00","AUD","1761196248","29218/2025-12-03/1761196248.json"
"892632","715987","2025-12-02","37.00","AUD","1761196248","29218/2025-12-02/1761196248.json"
"892632","715987","2025-12-04","37.00","AUD","1761196248","29218/2025-12-04/1761196248.json"
"892632","715987","2025-12-05","37.00","AUD","1761196248","29218/2025-12-05/1761196248.json"
"892632","715987","2025-12-06","37.00","AUD","1761196248","29218/2025-12-06/1761196248.json"
"892632","715987","2025-12-08","37.00","AUD","1761196248","29218/2025-12-08/1761196248.json"
"892632","715987","2025-12-07","37.00","AUD","1761196248","29218/2025-12-07/1761196248.json"
"892632","715987","2025-12-10","37.00","AUD","1761196248","29218/2025-12-10/1761196248.json"
"892632","715987","2025-12-09","37.00","AUD","1761196248","29218/2025-12-09/1761196248.json"
"892632","715987","2025-12-11","37.00","AUD","1761196248","29218/2025-12-11/1761196248.json"
"892632","715987","2025-12-12","37.00","AUD","1761196248","29218/2025-12-12/1761196248.json"
"892632","715987","2025-12-13","37.00","AUD","1761196248","29218/2025-12-13/1761196248.json"
"892632","715987","2025-12-14","37.00","AUD","1761196248","29218/2025-12-14/1761196248.json"
"892632","715987","2025-12-15","37.00","AUD","1761196248","29218/2025-12-15/1761196248.json"
"892632","715987","2025-12-16","37.00","AUD","1761196248","29218/2025-12-16/1761196248.json"
"892632","715987","2025-12-17","37.00","AUD","1761196248","29218/2025-12-17/1761196248.json"
"892632","715987","2025-12-19","37.00","AUD","1761196248","29218/2025-12-19/1761196248.json"
"892632","715987","2025-12-18","37.00","AUD","1761196248","29218/2025-12-18/1761196248.json"
"892632","715987","2025-12-20","37.00","AUD","1761196248","29218/2025-12-20/1761196248.json"
"892632","715987","2025-12-21","37.00","AUD","1761196248","29218/2025-12-21/1761196248.json"
"892632","715987","2025-12-22","37.00","AUD","1761196248","29218/2025-12-22/1761196248.json"
"892632","715987","2025-10-25","37.00","AUD","1761211328","29218/2025-10-25/1761211328.json"
"892632","715987","2025-10-26","37.00","AUD","1761211328","29218/2025-10-26/1761211328.json"
"892632","715987","2025-10-24","37.00","AUD","1761211328","29218/2025-10-24/1761211328.json"
"892632","715987","2025-10-29","37.00","AUD","1761211328","29218/2025-10-29/1761211328.json"
"892632","715987","2025-10-28","37.00","AUD","1761211328","29218/2025-10-28/1761211328.json"
"892632","715987","2025-10-30","37.00","AUD","1761211328","29218/2025-10-30/1761211328.json"
"892632","715987","2025-10-27","37.00","AUD","1761211328","29218/2025-10-27/1761211328.json"
"892632","715987","2025-11-01","37.00","AUD","1761211328","29218/2025-11-01/1761211328.json"
"892632","715987","2025-11-03","37.00","AUD","1761211328","29218/2025-11-03/1761211328.json"
"892632","715987","2025-11-02","37.00","AUD","1761211328","29218/2025-11-02/1761211328.json"
"892632","715987","2025-10-31","37.00","AUD","1761211328","29218/2025-10-31/1761211328.json"
"892632","715987","2025-11-04","37.00","AUD","1761211328","29218/2025-11-04/1761211328.json"
"892632","715987","2025-11-07","37.00","AUD","1761211328","29218/2025-11-07/1761211328.json"
"892632","715987","2025-11-06","37.00","AUD","1761211328","29218/2025-11-06/1761211328.json"
"892632","715987","2025-11-05","37.00","AUD","1761211328","29218/2025-11-05/1761211328.json"
"892632","715987","2025-11-08","37.00","AUD","1761211328","29218/2025-11-08/1761211328.json"
"892632","715987","2025-11-11","37.00","AUD","1761211328","29218/2025-11-11/1761211328.json"
"892632","715987","2025-11-09","37.00","AUD","1761211328","29218/2025-11-09/1761211328.json"
"892632","715987","2025-11-10","37.00","AUD","1761211328","29218/2025-11-10/1761211328.json"
"892632","715987","2025-11-12","37.00","AUD","1761211328","29218/2025-11-12/1761211328.json"
"892632","715987","2025-11-14","37.00","AUD","1761211328","29218/2025-11-14/1761211328.json"
"892632","715987","2025-11-13","37.00","AUD","1761211328","29218/2025-11-13/1761211328.json"
"892632","715987","2025-11-15","37.00","AUD","1761211328","29218/2025-11-15/1761211328.json"
"892632","715987","2025-11-16","37.00","AUD","1761211328","29218/2025-11-16/1761211328.json"
"892632","715987","2025-11-18","37.00","AUD","1761211328","29218/2025-11-18/1761211328.json"
"892632","715987","2025-11-19","37.00","AUD","1761211328","29218/2025-11-19/1761211328.json"
"892632","715987","2025-11-17","37.00","AUD","1761211328","29218/2025-11-17/1761211328.json"
"892632","715987","2025-11-20","37.00","AUD","1761211328","29218/2025-11-20/1761211328.json"
"892632","715987","2025-11-21","37.00","AUD","1761211328","29218/2025-11-21/1761211328.json"
"892632","715987","2025-11-22","37.00","AUD","1761211328","29218/2025-11-22/1761211328.json"
"892632","715987","2025-11-23","37.00","AUD","1761211328","29218/2025-11-23/1761211328.json"
"892632","715987","2025-11-24","37.00","AUD","1761211328","29218/2025-11-24/1761211328.json"
"892632","715987","2025-11-25","37.00","AUD","1761211328","29218/2025-11-25/1761211328.json"
"892632","715987","2025-11-26","37.00","AUD","1761211328","29218/2025-11-26/1761211328.json"
"892632","715987","2025-11-29","37.00","AUD","1761211328","29218/2025-11-29/1761211328.json"
"892632","715987","2025-11-27","37.00","AUD","1761211328","29218/2025-11-27/1761211328.json"
"892632","715987","2025-11-28","37.00","AUD","1761211328","29218/2025-11-28/1761211328.json"
"892632","715987","2025-11-30","37.00","AUD","1761211328","29218/2025-11-30/1761211328.json"
"892632","715987","2025-12-01","37.00","AUD","1761211328","29218/2025-12-01/1761211328.json"
"892632","715987","2025-12-03","37.00","AUD","1761211328","29218/2025-12-03/1761211328.json"
"892632","715987","2025-12-02","37.00","AUD","1761211328","29218/2025-12-02/1761211328.json"
"892632","715987","2025-12-04","37.00","AUD","1761211328","29218/2025-12-04/1761211328.json"
"892632","715987","2025-12-05","37.00","AUD","1761211328","29218/2025-12-05/1761211328.json"
"892632","715987","2025-12-07","37.00","AUD","1761211328","29218/2025-12-07/1761211328.json"
"892632","715987","2025-12-08","37.00","AUD","1761211328","29218/2025-12-08/1761211328.json"
"892632","715987","2025-12-06","37.00","AUD","1761211328","29218/2025-12-06/1761211328.json"
"892632","715987","2025-12-09","37.00","AUD","1761211328","29218/2025-12-09/1761211328.json"
"892632","715987","2025-12-10","37.00","AUD","1761211328","29218/2025-12-10/1761211328.json"
"892632","715987","2025-12-14","37.00","AUD","1761211328","29218/2025-12-14/1761211328.json"
"892632","715987","2025-12-12","37.00","AUD","1761211328","29218/2025-12-12/1761211328.json"
"892632","715987","2025-12-13","37.00","AUD","1761211328","29218/2025-12-13/1761211328.json"
"892632","715987","2025-12-11","37.00","AUD","1761211328","29218/2025-12-11/1761211328.json"
"892632","715987","2025-12-16","37.00","AUD","1761211328","29218/2025-12-16/1761211328.json"
"892632","715987","2025-12-15","37.00","AUD","1761211328","29218/2025-12-15/1761211328.json"
"892632","715987","2025-12-17","37.00","AUD","1761211328","29218/2025-12-17/1761211328.json"
"892632","715987","2025-12-18","37.00","AUD","1761211328","29218/2025-12-18/1761211328.json"
"892632","715987","2025-12-20","37.00","AUD","1761211328","29218/2025-12-20/1761211328.json"
"892632","715987","2025-12-19","37.00","AUD","1761211328","29218/2025-12-19/1761211328.json"
"892632","715987","2025-12-21","37.00","AUD","1761211328","29218/2025-12-21/1761211328.json"
"892632","715987","2025-12-22","37.00","AUD","1761211328","29218/2025-12-22/1761211328.json"
"892632","715987","2025-10-25","37.00","AUD","1761228547","29218/2025-10-25/1761228547.json"
"892632","715987","2025-10-26","37.00","AUD","1761228547","29218/2025-10-26/1761228547.json"
"892632","715987","2025-10-24","37.00","AUD","1761228547","29218/2025-10-24/1761228547.json"
"892632","715987","2025-10-27","37.00","AUD","1761228547","29218/2025-10-27/1761228547.json"
"892632","715987","2025-10-31","37.00","AUD","1761228547","29218/2025-10-31/1761228547.json"
"892632","715987","2025-10-28","37.00","AUD","1761228547","29218/2025-10-28/1761228547.json"
"892632","715987","2025-10-30","37.00","AUD","1761228547","29218/2025-10-30/1761228547.json"
"892632","715987","2025-10-29","37.00","AUD","1761228547","29218/2025-10-29/1761228547.json"
"892632","715987","2025-11-01","37.00","AUD","1761228547","29218/2025-11-01/1761228547.json"
"892632","715987","2025-11-04","37.00","AUD","1761228547","29218/2025-11-04/1761228547.json"
"892632","715987","2025-11-03","37.00","AUD","1761228547","29218/2025-11-03/1761228547.json"
"892632","715987","2025-11-02","37.00","AUD","1761228547","29218/2025-11-02/1761228547.json"
"892632","715987","2025-11-05","37.00","AUD","1761228547","29218/2025-11-05/1761228547.json"
"892632","715987","2025-11-06","37.00","AUD","1761228547","29218/2025-11-06/1761228547.json"
"892632","715987","2025-11-08","37.00","AUD","1761228547","29218/2025-11-08/1761228547.json"
"892632","715987","2025-11-10","37.00","AUD","1761228547","29218/2025-11-10/1761228547.json"
"892632","715987","2025-11-09","37.00","AUD","1761228547","29218/2025-11-09/1761228547.json"
"892632","715987","2025-11-12","37.00","AUD","1761228547","29218/2025-11-12/1761228547.json"
"892632","715987","2025-11-13","37.00","AUD","1761228547","29218/2025-11-13/1761228547.json"
"892632","715987","2025-11-14","37.00","AUD","1761228547","29218/2025-11-14/1761228547.json"
"892632","715987","2025-11-15","37.00","AUD","1761228547","29218/2025-11-15/1761228547.json"
"892632","715987","2025-11-16","37.00","AUD","1761228547","29218/2025-11-16/1761228547.json"
"892632","715987","2025-11-17","37.00","AUD","1761228547","29218/2025-11-17/1761228547.json"
"892632","715987","2025-11-07","37.00","AUD","1761228547","29218/2025-11-07/1761228547.json"
"892632","715987","2025-11-11","37.00","AUD","1761228547","29218/2025-11-11/1761228547.json"
"892632","715987","2025-11-18","37.00","AUD","1761228547","29218/2025-11-18/1761228547.json"
"892632","715987","2025-11-19","37.00","AUD","1761228547","29218/2025-11-19/1761228547.json"
"892632","715987","2025-11-21","37.00","AUD","1761228547","29218/2025-11-21/1761228547.json"
"892632","715987","2025-11-20","37.00","AUD","1761228547","29218/2025-11-20/1761228547.json"
"892632","715987","2025-11-22","37.00","AUD","1761228547","29218/2025-11-22/1761228547.json"
"892632","715987","2025-11-23","37.00","AUD","1761228547","29218/2025-11-23/1761228547.json"
"892632","715987","2025-11-25","37.00","AUD","1761228547","29218/2025-11-25/1761228547.json"
"892632","715987","2025-11-24","37.00","AUD","1761228547","29218/2025-11-24/1761228547.json"
"892632","715987","2025-11-26","37.00","AUD","1761228547","29218/2025-11-26/1761228547.json"
"892632","715987","2025-11-27","37.00","AUD","1761228547","29218/2025-11-27/1761228547.json"
"892632","715987","2025-11-28","37.00","AUD","1761228547","29218/2025-11-28/1761228547.json"
"892632","715987","2025-11-29","37.00","AUD","1761228547","29218/2025-11-29/1761228547.json"
"892632","715987","2025-11-30","37.00","AUD","1761228547","29218/2025-11-30/1761228547.json"
"892632","715987","2025-12-01","37.00","AUD","1761228547","29218/2025-12-01/1761228547.json"
"892632","715987","2025-12-03","37.00","AUD","1761228547","29218/2025-12-03/1761228547.json"
"892632","715987","2025-12-02","37.00","AUD","1761228547","29218/2025-12-02/1761228547.json"
"892632","715987","2025-12-04","37.00","AUD","1761228547","29218/2025-12-04/1761228547.json"
"892632","715987","2025-12-05","37.00","AUD","1761228547","29218/2025-12-05/1761228547.json"
"892632","715987","2025-12-07","37.00","AUD","1761228547","29218/2025-12-07/1761228547.json"
"892632","715987","2025-12-06","37.00","AUD","1761228547","29218/2025-12-06/1761228547.json"
"892632","715987","2025-12-08","37.00","AUD","1761228547","29218/2025-12-08/1761228547.json"
"892632","715987","2025-12-09","37.00","AUD","1761228547","29218/2025-12-09/1761228547.json"
"892632","715987","2025-12-11","37.00","AUD","1761228547","29218/2025-12-11/1761228547.json"
"892632","715987","2025-12-12","37.00","AUD","1761228547","29218/2025-12-12/1761228547.json"
"892632","715987","2025-12-13","37.00","AUD","1761228547","29218/2025-12-13/1761228547.json"
"892632","715987","2025-12-14","37.00","AUD","1761228547","29218/2025-12-14/1761228547.json"
"892632","715987","2025-12-15","37.00","AUD","1761228547","29218/2025-12-15/1761228547.json"
"892632","715987","2025-12-16","37.00","AUD","1761228547","29218/2025-12-16/1761228547.json"
"892632","715987","2025-12-17","37.00","AUD","1761228547","29218/2025-12-17/1761228547.json"
"892632","715987","2025-12-19","37.00","AUD","1761228547","29218/2025-12-19/1761228547.json"
"892632","715987","2025-12-18","37.00","AUD","1761228547","29218/2025-12-18/1761228547.json"
"892632","715987","2025-12-21","37.00","AUD","1761228547","29218/2025-12-21/1761228547.json"
"892632","715987","2025-12-20","37.00","AUD","1761228547","29218/2025-12-20/1761228547.json"
"892632","715987","2025-12-22","37.00","AUD","1761228547","29218/2025-12-22/1761228547.json"
"892632","715987","2025-12-10","37.00","AUD","1761228547","29218/2025-12-10/1761228547.json"
"892632","715987","2025-10-26","37.00","AUD","1761240074","29218/2025-10-26/1761240074.json"
"892632","715987","2025-10-25","37.00","AUD","1761240074","29218/2025-10-25/1761240074.json"
"892632","715987","2025-10-24","37.00","AUD","1761240074","29218/2025-10-24/1761240074.json"
"892632","715987","2025-10-27","37.00","AUD","1761240074","29218/2025-10-27/1761240074.json"
"892632","715987","2025-10-28","37.00","AUD","1761240074","29218/2025-10-28/1761240074.json"
"892632","715987","2025-10-29","37.00","AUD","1761240074","29218/2025-10-29/1761240074.json"
"892632","715987","2025-10-30","37.00","AUD","1761240074","29218/2025-10-30/1761240074.json"
"892632","715987","2025-10-31","37.00","AUD","1761240074","29218/2025-10-31/1761240074.json"
"892632","715987","2025-11-01","37.00","AUD","1761240074","29218/2025-11-01/1761240074.json"
"892632","715987","2025-11-02","37.00","AUD","1761240074","29218/2025-11-02/1761240074.json"
"892632","715987","2025-11-03","37.00","AUD","1761240074","29218/2025-11-03/1761240074.json"
"892632","715987","2025-11-04","37.00","AUD","1761240074","29218/2025-11-04/1761240074.json"
"892632","715987","2025-11-05","37.00","AUD","1761240074","29218/2025-11-05/1761240074.json"
"892632","715987","2025-11-06","37.00","AUD","1761240074","29218/2025-11-06/1761240074.json"
"892632","715987","2025-11-07","37.00","AUD","1761240074","29218/2025-11-07/1761240074.json"
"892632","715987","2025-11-08","37.00","AUD","1761240074","29218/2025-11-08/1761240074.json"
"892632","715987","2025-11-09","37.00","AUD","1761240074","29218/2025-11-09/1761240074.json"
"892632","715987","2025-11-10","37.00","AUD","1761240074","29218/2025-11-10/1761240074.json"
"892632","715987","2025-11-12","37.00","AUD","1761240074","29218/2025-11-12/1761240074.json"
"892632","715987","2025-11-11","37.00","AUD","1761240074","29218/2025-11-11/1761240074.json"
"892632","715987","2025-11-14","37.00","AUD","1761240074","29218/2025-11-14/1761240074.json"
"892632","715987","2025-11-15","37.00","AUD","1761240074","29218/2025-11-15/1761240074.json"
"892632","715987","2025-11-16","37.00","AUD","1761240074","29218/2025-11-16/1761240074.json"
"892632","715987","2025-11-13","37.00","AUD","1761240074","29218/2025-11-13/1761240074.json"
"892632","715987","2025-11-17","37.00","AUD","1761240074","29218/2025-11-17/1761240074.json"
"892632","715987","2025-11-18","37.00","AUD","1761240074","29218/2025-11-18/1761240074.json"
"892632","715987","2025-11-19","37.00","AUD","1761240074","29218/2025-11-19/1761240074.json"
"892632","715987","2025-11-20","37.00","AUD","1761240074","29218/2025-11-20/1761240074.json"
"892632","715987","2025-11-21","37.00","AUD","1761240074","29218/2025-11-21/1761240074.json"
"892632","715987","2025-11-24","37.00","AUD","1761240074","29218/2025-11-24/1761240074.json"
"892632","715987","2025-11-22","37.00","AUD","1761240074","29218/2025-11-22/1761240074.json"
"892632","715987","2025-11-23","37.00","AUD","1761240074","29218/2025-11-23/1761240074.json"
"892632","715987","2025-11-25","37.00","AUD","1761240074","29218/2025-11-25/1761240074.json"
"892632","715987","2025-11-27","37.00","AUD","1761240074","29218/2025-11-27/1761240074.json"
"892632","715987","2025-11-28","37.00","AUD","1761240074","29218/2025-11-28/1761240074.json"
"892632","715987","2025-11-29","37.00","AUD","1761240074","29218/2025-11-29/1761240074.json"
"892632","715987","2025-11-30","37.00","AUD","1761240074","29218/2025-11-30/1761240074.json"
"892632","715987","2025-12-01","37.00","AUD","1761240074","29218/2025-12-01/1761240074.json"
"892632","715987","2025-12-02","37.00","AUD","1761240074","29218/2025-12-02/1761240074.json"
"892632","715987","2025-12-03","37.00","AUD","1761240074","29218/2025-12-03/1761240074.json"
"892632","715987","2025-12-04","37.00","AUD","1761240074","29218/2025-12-04/1761240074.json"
"892632","715987","2025-12-05","37.00","AUD","1761240074","29218/2025-12-05/1761240074.json"
"892632","715987","2025-11-26","37.00","AUD","1761240074","29218/2025-11-26/1761240074.json"
"892632","715987","2025-12-07","37.00","AUD","1761240074","29218/2025-12-07/1761240074.json"
"892632","715987","2025-12-08","37.00","AUD","1761240074","29218/2025-12-08/1761240074.json"
"892632","715987","2025-12-06","37.00","AUD","1761240074","29218/2025-12-06/1761240074.json"
"892632","715987","2025-12-09","37.00","AUD","1761240074","29218/2025-12-09/1761240074.json"
"892632","715987","2025-12-10","37.00","AUD","1761240074","29218/2025-12-10/1761240074.json"
"892632","715987","2025-12-11","37.00","AUD","1761240074","29218/2025-12-11/1761240074.json"
"892632","715987","2025-12-12","37.00","AUD","1761240074","29218/2025-12-12/1761240074.json"
"892632","715987","2025-12-15","37.00","AUD","1761240074","29218/2025-12-15/1761240074.json"
"892632","715987","2025-12-14","37.00","AUD","1761240074","29218/2025-12-14/1761240074.json"
"892632","715987","2025-12-13","37.00","AUD","1761240074","29218/2025-12-13/1761240074.json"
"892632","715987","2025-12-16","37.00","AUD","1761240074","29218/2025-12-16/1761240074.json"
"892632","715987","2025-12-18","37.00","AUD","1761240074","29218/2025-12-18/1761240074.json"
"892632","715987","2025-12-17","37.00","AUD","1761240074","29218/2025-12-17/1761240074.json"
"892632","715987","2025-12-19","37.00","AUD","1761240074","29218/2025-12-19/1761240074.json"
"892632","715987","2025-12-20","37.00","AUD","1761240074","29218/2025-12-20/1761240074.json"
"892632","715987","2025-12-22","37.00","AUD","1761240074","29218/2025-12-22/1761240074.json"
"892632","715987","2025-12-21","37.00","AUD","1761240074","29218/2025-12-21/1761240074.json"
"892632","715987","2025-10-25","37.00","AUD","1761253608","29218/2025-10-25/1761253608.json"
"892632","715987","2025-10-26","37.00","AUD","1761253608","29218/2025-10-26/1761253608.json"
"892632","715987","2025-10-24","37.00","AUD","1761253608","29218/2025-10-24/1761253608.json"
"892632","715987","2025-10-27","37.00","AUD","1761253608","29218/2025-10-27/1761253608.json"
"892632","715987","2025-10-28","37.00","AUD","1761253608","29218/2025-10-28/1761253608.json"
"892632","715987","2025-10-29","37.00","AUD","1761253608","29218/2025-10-29/1761253608.json"
"892632","715987","2025-10-30","37.00","AUD","1761253608","29218/2025-10-30/1761253608.json"
"892632","715987","2025-10-31","37.00","AUD","1761253608","29218/2025-10-31/1761253608.json"
"892632","715987","2025-11-01","37.00","AUD","1761253608","29218/2025-11-01/1761253608.json"
"892632","715987","2025-11-02","37.00","AUD","1761253608","29218/2025-11-02/1761253608.json"
"892632","715987","2025-11-04","37.00","AUD","1761253608","29218/2025-11-04/1761253608.json"
"892632","715987","2025-11-03","37.00","AUD","1761253608","29218/2025-11-03/1761253608.json"
"892632","715987","2025-11-05","37.00","AUD","1761253608","29218/2025-11-05/1761253608.json"
"892632","715987","2025-11-06","37.00","AUD","1761253608","29218/2025-11-06/1761253608.json"
"892632","715987","2025-11-07","37.00","AUD","1761253608","29218/2025-11-07/1761253608.json"
"892632","715987","2025-11-09","37.00","AUD","1761253608","29218/2025-11-09/1761253608.json"
"892632","715987","2025-11-10","37.00","AUD","1761253608","29218/2025-11-10/1761253608.json"
"892632","715987","2025-11-11","37.00","AUD","1761253608","29218/2025-11-11/1761253608.json"
"892632","715987","2025-11-08","37.00","AUD","1761253608","29218/2025-11-08/1761253608.json"
"892632","715987","2025-11-12","37.00","AUD","1761253608","29218/2025-11-12/1761253608.json"
"892632","715987","2025-11-13","37.00","AUD","1761253608","29218/2025-11-13/1761253608.json"
"892632","715987","2025-11-15","37.00","AUD","1761253608","29218/2025-11-15/1761253608.json"
"892632","715987","2025-11-16","37.00","AUD","1761253608","29218/2025-11-16/1761253608.json"
"892632","715987","2025-11-17","37.00","AUD","1761253608","29218/2025-11-17/1761253608.json"
"892632","715987","2025-11-14","37.00","AUD","1761253608","29218/2025-11-14/1761253608.json"
"892632","715987","2025-11-18","37.00","AUD","1761253608","29218/2025-11-18/1761253608.json"
"892632","715987","2025-11-19","37.00","AUD","1761253608","29218/2025-11-19/1761253608.json"
"892632","715987","2025-11-22","37.00","AUD","1761253608","29218/2025-11-22/1761253608.json"
"892632","715987","2025-11-20","37.00","AUD","1761253608","29218/2025-11-20/1761253608.json"
"892632","715987","2025-11-24","37.00","AUD","1761253608","29218/2025-11-24/1761253608.json"
"892632","715987","2025-11-23","37.00","AUD","1761253608","29218/2025-11-23/1761253608.json"
"892632","715987","2025-11-25","37.00","AUD","1761253608","29218/2025-11-25/1761253608.json"
"892632","715987","2025-11-27","37.00","AUD","1761253608","29218/2025-11-27/1761253608.json"
"892632","715987","2025-11-21","37.00","AUD","1761253608","29218/2025-11-21/1761253608.json"
"892632","715987","2025-11-28","37.00","AUD","1761253608","29218/2025-11-28/1761253608.json"
"892632","715987","2025-11-26","37.00","AUD","1761253608","29218/2025-11-26/1761253608.json"
"892632","715987","2025-11-29","37.00","AUD","1761253608","29218/2025-11-29/1761253608.json"
"892632","715987","2025-12-02","37.00","AUD","1761253608","29218/2025-12-02/1761253608.json"
"892632","715987","2025-12-01","37.00","AUD","1761253608","29218/2025-12-01/1761253608.json"
"892632","715987","2025-11-30","37.00","AUD","1761253608","29218/2025-11-30/1761253608.json"
"892632","715987","2025-12-03","37.00","AUD","1761253608","29218/2025-12-03/1761253608.json"
"892632","715987","2025-12-04","37.00","AUD","1761253608","29218/2025-12-04/1761253608.json"
"892632","715987","2025-12-05","37.00","AUD","1761253608","29218/2025-12-05/1761253608.json"
"892632","715987","2025-12-06","37.00","AUD","1761253608","29218/2025-12-06/1761253608.json"
"892632","715987","2025-12-07","37.00","AUD","1761253608","29218/2025-12-07/1761253608.json"
"892632","715987","2025-12-08","37.00","AUD","1761253608","29218/2025-12-08/1761253608.json"
"892632","715987","2025-12-09","37.00","AUD","1761253608","29218/2025-12-09/1761253608.json"
"892632","715987","2025-12-10","37.00","AUD","1761253608","29218/2025-12-10/1761253608.json"
"892632","715987","2025-12-11","37.00","AUD","1761253608","29218/2025-12-11/1761253608.json"
"892632","715987","2025-12-13","37.00","AUD","1761253608","29218/2025-12-13/1761253608.json"
"892632","715987","2025-12-14","37.00","AUD","1761253608","29218/2025-12-14/1761253608.json"
"892632","715987","2025-12-15","37.00","AUD","1761253608","29218/2025-12-15/1761253608.json"
"892632","715987","2025-12-16","37.00","AUD","1761253608","29218/2025-12-16/1761253608.json"
"892632","715987","2025-12-17","37.00","AUD","1761253608","29218/2025-12-17/1761253608.json"
"892632","715987","2025-12-19","37.00","AUD","1761253608","29218/2025-12-19/1761253608.json"
"892632","715987","2025-12-18","37.00","AUD","1761253608","29218/2025-12-18/1761253608.json"
"892632","715987","2025-12-20","37.00","AUD","1761253608","29218/2025-12-20/1761253608.json"
"892632","715987","2025-12-21","37.00","AUD","1761253608","29218/2025-12-21/1761253608.json"
"892632","715987","2025-12-22","37.00","AUD","1761253608","29218/2025-12-22/1761253608.json"
"892632","715987","2025-12-12","37.00","AUD","1761253608","29218/2025-12-12/1761253608.json"
"892632","715987","2025-10-26","37.00","AUD","1761277228","29218/2025-10-26/1761277228.json"
"892632","715987","2025-10-25","37.00","AUD","1761277228","29218/2025-10-25/1761277228.json"
"892632","715987","2025-10-27","37.00","AUD","1761277228","29218/2025-10-27/1761277228.json"
"892632","715987","2025-10-28","37.00","AUD","1761277228","29218/2025-10-28/1761277228.json"
"892632","715987","2025-10-30","37.00","AUD","1761277228","29218/2025-10-30/1761277228.json"
"892632","715987","2025-10-31","37.00","AUD","1761277228","29218/2025-10-31/1761277228.json"
"892632","715987","2025-10-29","37.00","AUD","1761277228","29218/2025-10-29/1761277228.json"
"892632","715987","2025-11-01","37.00","AUD","1761277228","29218/2025-11-01/1761277228.json"
"892632","715987","2025-11-02","37.00","AUD","1761277228","29218/2025-11-02/1761277228.json"
"892632","715987","2025-11-04","37.00","AUD","1761277228","29218/2025-11-04/1761277228.json"
"892632","715987","2025-11-03","37.00","AUD","1761277228","29218/2025-11-03/1761277228.json"
"892632","715987","2025-11-05","37.00","AUD","1761277228","29218/2025-11-05/1761277228.json"
"892632","715987","2025-11-06","37.00","AUD","1761277228","29218/2025-11-06/1761277228.json"
"892632","715987","2025-11-08","37.00","AUD","1761277228","29218/2025-11-08/1761277228.json"
"892632","715987","2025-11-07","37.00","AUD","1761277228","29218/2025-11-07/1761277228.json"
"892632","715987","2025-11-09","37.00","AUD","1761277228","29218/2025-11-09/1761277228.json"
"892632","715987","2025-11-10","37.00","AUD","1761277228","29218/2025-11-10/1761277228.json"
"892632","715987","2025-11-12","37.00","AUD","1761277228","29218/2025-11-12/1761277228.json"
"892632","715987","2025-11-11","37.00","AUD","1761277228","29218/2025-11-11/1761277228.json"
"892632","715987","2025-11-13","37.00","AUD","1761277228","29218/2025-11-13/1761277228.json"
"892632","715987","2025-11-14","37.00","AUD","1761277228","29218/2025-11-14/1761277228.json"
"892632","715987","2025-11-16","37.00","AUD","1761277228","29218/2025-11-16/1761277228.json"
"892632","715987","2025-11-17","37.00","AUD","1761277228","29218/2025-11-17/1761277228.json"
"892632","715987","2025-11-15","37.00","AUD","1761277228","29218/2025-11-15/1761277228.json"
"892632","715987","2025-11-18","37.00","AUD","1761277228","29218/2025-11-18/1761277228.json"
"892632","715987","2025-11-19","37.00","AUD","1761277228","29218/2025-11-19/1761277228.json"
"892632","715987","2025-11-20","37.00","AUD","1761277228","29218/2025-11-20/1761277228.json"
"892632","715987","2025-11-21","37.00","AUD","1761277228","29218/2025-11-21/1761277228.json"
"892632","715987","2025-11-22","37.00","AUD","1761277228","29218/2025-11-22/1761277228.json"
"892632","715987","2025-11-23","37.00","AUD","1761277228","29218/2025-11-23/1761277228.json"
"892632","715987","2025-11-24","37.00","AUD","1761277228","29218/2025-11-24/1761277228.json"
"892632","715987","2025-11-25","37.00","AUD","1761277228","29218/2025-11-25/1761277228.json"
"892632","715987","2025-11-26","37.00","AUD","1761277228","29218/2025-11-26/1761277228.json"
"892632","715987","2025-11-27","37.00","AUD","1761277228","29218/2025-11-27/1761277228.json"
"892632","715987","2025-11-28","37.00","AUD","1761277228","29218/2025-11-28/1761277228.json"
"892632","715987","2025-11-29","37.00","AUD","1761277228","29218/2025-11-29/1761277228.json"
"892632","715987","2025-11-30","37.00","AUD","1761277228","29218/2025-11-30/1761277228.json"
"892632","715987","2025-12-01","37.00","AUD","1761277228","29218/2025-12-01/1761277228.json"
"892632","715987","2025-12-03","37.00","AUD","1761277228","29218/2025-12-03/1761277228.json"
"892632","715987","2025-12-02","37.00","AUD","1761277228","29218/2025-12-02/1761277228.json"
"892632","715987","2025-12-04","37.00","AUD","1761277228","29218/2025-12-04/1761277228.json"
"892632","715987","2025-12-05","37.00","AUD","1761277228","29218/2025-12-05/1761277228.json"
"892632","715987","2025-12-08","37.00","AUD","1761277228","29218/2025-12-08/1761277228.json"
"892632","715987","2025-12-07","37.00","AUD","1761277228","29218/2025-12-07/1761277228.json"
"892632","715987","2025-12-06","37.00","AUD","1761277228","29218/2025-12-06/1761277228.json"
"892632","715987","2025-12-12","37.00","AUD","1761277228","29218/2025-12-12/1761277228.json"
"892632","715987","2025-12-10","37.00","AUD","1761277228","29218/2025-12-10/1761277228.json"
"892632","715987","2025-12-09","37.00","AUD","1761277228","29218/2025-12-09/1761277228.json"
"892632","715987","2025-12-11","37.00","AUD","1761277228","29218/2025-12-11/1761277228.json"
"892632","715987","2025-12-14","37.00","AUD","1761277228","29218/2025-12-14/1761277228.json"
"892632","715987","2025-12-13","37.00","AUD","1761277228","29218/2025-12-13/1761277228.json"
"892632","715987","2025-12-16","37.00","AUD","1761277228","29218/2025-12-16/1761277228.json"
"892632","715987","2025-12-15","37.00","AUD","1761277228","29218/2025-12-15/1761277228.json"
"892632","715987","2025-12-17","37.00","AUD","1761277228","29218/2025-12-17/1761277228.json"
"892632","715987","2025-12-18","37.00","AUD","1761277228","29218/2025-12-18/1761277228.json"
"892632","715987","2025-12-20","37.00","AUD","1761277228","29218/2025-12-20/1761277228.json"
"892632","715987","2025-12-19","37.00","AUD","1761277228","29218/2025-12-19/1761277228.json"
"892632","715987","2025-12-21","37.00","AUD","1761277228","29218/2025-12-21/1761277228.json"
"892632","715987","2025-12-22","37.00","AUD","1761277228","29218/2025-12-22/1761277228.json"
"892632","715987","2025-12-23","37.00","AUD","1761277228","29218/2025-12-23/1761277228.json"
"892632","715987","2025-10-26","37.00","AUD","1761282502","29218/2025-10-26/1761282502.json"
"892632","715987","2025-10-27","37.00","AUD","1761282502","29218/2025-10-27/1761282502.json"
"892632","715987","2025-10-25","37.00","AUD","1761282502","29218/2025-10-25/1761282502.json"
"892632","715987","2025-10-28","37.00","AUD","1761282502","29218/2025-10-28/1761282502.json"
"892632","715987","2025-10-29","37.00","AUD","1761282502","29218/2025-10-29/1761282502.json"
"892632","715987","2025-10-30","37.00","AUD","1761282502","29218/2025-10-30/1761282502.json"
"892632","715987","2025-10-31","37.00","AUD","1761282502","29218/2025-10-31/1761282502.json"
"892632","715987","2025-11-01","37.00","AUD","1761282502","29218/2025-11-01/1761282502.json"
"892632","715987","2025-11-02","37.00","AUD","1761282502","29218/2025-11-02/1761282502.json"
"892632","715987","2025-11-03","37.00","AUD","1761282502","29218/2025-11-03/1761282502.json"
"892632","715987","2025-11-04","37.00","AUD","1761282502","29218/2025-11-04/1761282502.json"
"892632","715987","2025-11-05","37.00","AUD","1761282502","29218/2025-11-05/1761282502.json"
"892632","715987","2025-11-06","37.00","AUD","1761282502","29218/2025-11-06/1761282502.json"
"892632","715987","2025-11-07","37.00","AUD","1761282502","29218/2025-11-07/1761282502.json"
"892632","715987","2025-11-08","37.00","AUD","1761282502","29218/2025-11-08/1761282502.json"
"892632","715987","2025-11-09","37.00","AUD","1761282502","29218/2025-11-09/1761282502.json"
"892632","715987","2025-11-10","37.00","AUD","1761282502","29218/2025-11-10/1761282502.json"
"892632","715987","2025-11-11","37.00","AUD","1761282502","29218/2025-11-11/1761282502.json"
"892632","715987","2025-11-15","37.00","AUD","1761282502","29218/2025-11-15/1761282502.json"
"892632","715987","2025-11-14","37.00","AUD","1761282502","29218/2025-11-14/1761282502.json"
"892632","715987","2025-11-12","37.00","AUD","1761282502","29218/2025-11-12/1761282502.json"
"892632","715987","2025-11-13","37.00","AUD","1761282502","29218/2025-11-13/1761282502.json"
"892632","715987","2025-11-16","37.00","AUD","1761282502","29218/2025-11-16/1761282502.json"
"892632","715987","2025-11-18","37.00","AUD","1761282502","29218/2025-11-18/1761282502.json"
"892632","715987","2025-11-19","37.00","AUD","1761282502","29218/2025-11-19/1761282502.json"
"892632","715987","2025-11-17","37.00","AUD","1761282502","29218/2025-11-17/1761282502.json"
"892632","715987","2025-11-22","37.00","AUD","1761282502","29218/2025-11-22/1761282502.json"
"892632","715987","2025-11-21","37.00","AUD","1761282502","29218/2025-11-21/1761282502.json"
"892632","715987","2025-11-20","37.00","AUD","1761282502","29218/2025-11-20/1761282502.json"
"892632","715987","2025-11-23","37.00","AUD","1761282502","29218/2025-11-23/1761282502.json"
"892632","715987","2025-11-26","37.00","AUD","1761282502","29218/2025-11-26/1761282502.json"
"892632","715987","2025-11-25","37.00","AUD","1761282502","29218/2025-11-25/1761282502.json"
"892632","715987","2025-11-27","37.00","AUD","1761282502","29218/2025-11-27/1761282502.json"
"892632","715987","2025-11-28","37.00","AUD","1761282502","29218/2025-11-28/1761282502.json"
"892632","715987","2025-11-24","37.00","AUD","1761282502","29218/2025-11-24/1761282502.json"
"892632","715987","2025-11-29","37.00","AUD","1761282502","29218/2025-11-29/1761282502.json"
"892632","715987","2025-11-30","37.00","AUD","1761282502","29218/2025-11-30/1761282502.json"
"892632","715987","2025-12-01","37.00","AUD","1761282502","29218/2025-12-01/1761282502.json"
"892632","715987","2025-12-02","37.00","AUD","1761282502","29218/2025-12-02/1761282502.json"
"892632","715987","2025-12-03","37.00","AUD","1761282502","29218/2025-12-03/1761282502.json"
"892632","715987","2025-12-04","37.00","AUD","1761282502","29218/2025-12-04/1761282502.json"
"892632","715987","2025-12-05","37.00","AUD","1761282502","29218/2025-12-05/1761282502.json"
"892632","715987","2025-12-06","37.00","AUD","1761282502","29218/2025-12-06/1761282502.json"
"892632","715987","2025-12-09","37.00","AUD","1761282502","29218/2025-12-09/1761282502.json"
"892632","715987","2025-12-08","37.00","AUD","1761282502","29218/2025-12-08/1761282502.json"
"892632","715987","2025-12-07","37.00","AUD","1761282502","29218/2025-12-07/1761282502.json"
"892632","715987","2025-12-10","37.00","AUD","1761282502","29218/2025-12-10/1761282502.json"
"892632","715987","2025-12-12","37.00","AUD","1761282502","29218/2025-12-12/1761282502.json"
"892632","715987","2025-12-11","37.00","AUD","1761282502","29218/2025-12-11/1761282502.json"
"892632","715987","2025-12-14","37.00","AUD","1761282502","29218/2025-12-14/1761282502.json"
"892632","715987","2025-12-13","37.00","AUD","1761282502","29218/2025-12-13/1761282502.json"
"892632","715987","2025-12-16","37.00","AUD","1761282502","29218/2025-12-16/1761282502.json"
"892632","715987","2025-12-15","37.00","AUD","1761282502","29218/2025-12-15/1761282502.json"
"892632","715987","2025-12-18","37.00","AUD","1761282502","29218/2025-12-18/1761282502.json"
"892632","715987","2025-12-17","37.00","AUD","1761282502","29218/2025-12-17/1761282502.json"
"892632","715987","2025-12-19","37.00","AUD","1761282502","29218/2025-12-19/1761282502.json"
"892632","715987","2025-12-20","37.00","AUD","1761282502","29218/2025-12-20/1761282502.json"
"892632","715987","2025-12-21","37.00","AUD","1761282502","29218/2025-12-21/1761282502.json"
"892632","715987","2025-12-22","37.00","AUD","1761282502","29218/2025-12-22/1761282502.json"
"892632","715987","2025-12-23","37.00","AUD","1761282502","29218/2025-12-23/1761282502.json"
"892632","715987","2025-10-27","37.00","AUD","1761297845","29218/2025-10-27/1761297845.json"
"892632","715987","2025-10-26","37.00","AUD","1761297845","29218/2025-10-26/1761297845.json"
"892632","715987","2025-10-25","37.00","AUD","1761297845","29218/2025-10-25/1761297845.json"
"892632","715987","2025-10-30","37.00","AUD","1761297845","29218/2025-10-30/1761297845.json"
"892632","715987","2025-10-28","37.00","AUD","1761297845","29218/2025-10-28/1761297845.json"
"892632","715987","2025-10-31","37.00","AUD","1761297845","29218/2025-10-31/1761297845.json"
"892632","715987","2025-10-29","37.00","AUD","1761297845","29218/2025-10-29/1761297845.json"
"892632","715987","2025-11-01","37.00","AUD","1761297845","29218/2025-11-01/1761297845.json"
"892632","715987","2025-11-02","37.00","AUD","1761297845","29218/2025-11-02/1761297845.json"
"892632","715987","2025-11-03","37.00","AUD","1761297845","29218/2025-11-03/1761297845.json"
"892632","715987","2025-11-04","37.00","AUD","1761297845","29218/2025-11-04/1761297845.json"
"892632","715987","2025-11-05","37.00","AUD","1761297845","29218/2025-11-05/1761297845.json"
"892632","715987","2025-11-06","37.00","AUD","1761297845","29218/2025-11-06/1761297845.json"
"892632","715987","2025-11-07","37.00","AUD","1761297845","29218/2025-11-07/1761297845.json"
"892632","715987","2025-11-08","37.00","AUD","1761297845","29218/2025-11-08/1761297845.json"
"892632","715987","2025-11-09","37.00","AUD","1761297845","29218/2025-11-09/1761297845.json"
"892632","715987","2025-11-12","37.00","AUD","1761297845","29218/2025-11-12/1761297845.json"
"892632","715987","2025-11-10","37.00","AUD","1761297845","29218/2025-11-10/1761297845.json"
"892632","715987","2025-11-11","37.00","AUD","1761297845","29218/2025-11-11/1761297845.json"
"892632","715987","2025-11-13","37.00","AUD","1761297845","29218/2025-11-13/1761297845.json"
"892632","715987","2025-11-15","37.00","AUD","1761297845","29218/2025-11-15/1761297845.json"
"892632","715987","2025-11-14","37.00","AUD","1761297845","29218/2025-11-14/1761297845.json"
"892632","715987","2025-11-16","37.00","AUD","1761297845","29218/2025-11-16/1761297845.json"
"892632","715987","2025-11-17","37.00","AUD","1761297845","29218/2025-11-17/1761297845.json"
"892632","715987","2025-11-19","37.00","AUD","1761297845","29218/2025-11-19/1761297845.json"
"892632","715987","2025-11-18","37.00","AUD","1761297845","29218/2025-11-18/1761297845.json"
"892632","715987","2025-11-20","37.00","AUD","1761297845","29218/2025-11-20/1761297845.json"
"892632","715987","2025-11-21","37.00","AUD","1761297845","29218/2025-11-21/1761297845.json"
"892632","715987","2025-11-25","37.00","AUD","1761297845","29218/2025-11-25/1761297845.json"
"892632","715987","2025-11-23","37.00","AUD","1761297845","29218/2025-11-23/1761297845.json"
"892632","715987","2025-11-24","37.00","AUD","1761297845","29218/2025-11-24/1761297845.json"
"892632","715987","2025-11-22","37.00","AUD","1761297845","29218/2025-11-22/1761297845.json"
"892632","715987","2025-11-29","37.00","AUD","1761297845","29218/2025-11-29/1761297845.json"
"892632","715987","2025-11-27","37.00","AUD","1761297845","29218/2025-11-27/1761297845.json"
"892632","715987","2025-11-28","37.00","AUD","1761297845","29218/2025-11-28/1761297845.json"
"892632","715987","2025-11-30","37.00","AUD","1761297845","29218/2025-11-30/1761297845.json"
"892632","715987","2025-12-01","37.00","AUD","1761297845","29218/2025-12-01/1761297845.json"
"892632","715987","2025-12-02","37.00","AUD","1761297845","29218/2025-12-02/1761297845.json"
"892632","715987","2025-12-03","37.00","AUD","1761297845","29218/2025-12-03/1761297845.json"
"892632","715987","2025-11-26","37.00","AUD","1761297845","29218/2025-11-26/1761297845.json"
"892632","715987","2025-12-04","37.00","AUD","1761297845","29218/2025-12-04/1761297845.json"
"892632","715987","2025-12-07","37.00","AUD","1761297845","29218/2025-12-07/1761297845.json"
"892632","715987","2025-12-08","37.00","AUD","1761297845","29218/2025-12-08/1761297845.json"
"892632","715987","2025-12-06","37.00","AUD","1761297845","29218/2025-12-06/1761297845.json"
"892632","715987","2025-12-05","37.00","AUD","1761297845","29218/2025-12-05/1761297845.json"
"892632","715987","2025-12-11","37.00","AUD","1761297845","29218/2025-12-11/1761297845.json"
"892632","715987","2025-12-09","37.00","AUD","1761297845","29218/2025-12-09/1761297845.json"
"892632","715987","2025-12-12","37.00","AUD","1761297845","29218/2025-12-12/1761297845.json"
"892632","715987","2025-12-15","37.00","AUD","1761297845","29218/2025-12-15/1761297845.json"
"892632","715987","2025-12-13","37.00","AUD","1761297845","29218/2025-12-13/1761297845.json"
"892632","715987","2025-12-14","37.00","AUD","1761297845","29218/2025-12-14/1761297845.json"
"892632","715987","2025-12-10","37.00","AUD","1761297845","29218/2025-12-10/1761297845.json"
"892632","715987","2025-12-16","37.00","AUD","1761297845","29218/2025-12-16/1761297845.json"
"892632","715987","2025-12-17","37.00","AUD","1761297845","29218/2025-12-17/1761297845.json"
"892632","715987","2025-12-19","37.00","AUD","1761297845","29218/2025-12-19/1761297845.json"
"892632","715987","2025-12-18","37.00","AUD","1761297845","29218/2025-12-18/1761297845.json"
"892632","715987","2025-12-21","37.00","AUD","1761297845","29218/2025-12-21/1761297845.json"
"892632","715987","2025-12-22","37.00","AUD","1761297845","29218/2025-12-22/1761297845.json"
"892632","715987","2025-12-23","37.00","AUD","1761297845","29218/2025-12-23/1761297845.json"
"892632","715987","2025-12-20","37.00","AUD","1761297845","29218/2025-12-20/1761297845.json"
"892632","715987","2025-10-26","37.00","AUD","1761315074","29218/2025-10-26/1761315074.json"
"892632","715987","2025-10-25","37.00","AUD","1761315074","29218/2025-10-25/1761315074.json"
"892632","715987","2025-10-27","37.00","AUD","1761315074","29218/2025-10-27/1761315074.json"
"892632","715987","2025-10-28","37.00","AUD","1761315074","29218/2025-10-28/1761315074.json"
"892632","715987","2025-10-30","37.00","AUD","1761315074","29218/2025-10-30/1761315074.json"
"892632","715987","2025-10-31","37.00","AUD","1761315074","29218/2025-10-31/1761315074.json"
"892632","715987","2025-10-29","37.00","AUD","1761315074","29218/2025-10-29/1761315074.json"
"892632","715987","2025-11-01","37.00","AUD","1761315074","29218/2025-11-01/1761315074.json"
"892632","715987","2025-11-02","37.00","AUD","1761315074","29218/2025-11-02/1761315074.json"
"892632","715987","2025-11-03","37.00","AUD","1761315074","29218/2025-11-03/1761315074.json"
"892632","715987","2025-11-04","37.00","AUD","1761315074","29218/2025-11-04/1761315074.json"
"892632","715987","2025-11-05","37.00","AUD","1761315074","29218/2025-11-05/1761315074.json"
"892632","715987","2025-11-06","37.00","AUD","1761315074","29218/2025-11-06/1761315074.json"
"892632","715987","2025-11-07","37.00","AUD","1761315074","29218/2025-11-07/1761315074.json"
"892632","715987","2025-11-08","37.00","AUD","1761315074","29218/2025-11-08/1761315074.json"
"892632","715987","2025-11-09","37.00","AUD","1761315074","29218/2025-11-09/1761315074.json"
"892632","715987","2025-11-10","37.00","AUD","1761315074","29218/2025-11-10/1761315074.json"
"892632","715987","2025-11-12","37.00","AUD","1761315074","29218/2025-11-12/1761315074.json"
"892632","715987","2025-11-11","37.00","AUD","1761315074","29218/2025-11-11/1761315074.json"
"892632","715987","2025-11-13","37.00","AUD","1761315074","29218/2025-11-13/1761315074.json"
"892632","715987","2025-11-14","37.00","AUD","1761315074","29218/2025-11-14/1761315074.json"
"892632","715987","2025-11-16","37.00","AUD","1761315074","29218/2025-11-16/1761315074.json"
"892632","715987","2025-11-15","37.00","AUD","1761315074","29218/2025-11-15/1761315074.json"
"892632","715987","2025-11-17","37.00","AUD","1761315074","29218/2025-11-17/1761315074.json"
"892632","715987","2025-11-18","37.00","AUD","1761315074","29218/2025-11-18/1761315074.json"
"892632","715987","2025-11-20","37.00","AUD","1761315074","29218/2025-11-20/1761315074.json"
"892632","715987","2025-11-19","37.00","AUD","1761315074","29218/2025-11-19/1761315074.json"
"892632","715987","2025-11-21","37.00","AUD","1761315074","29218/2025-11-21/1761315074.json"
"892632","715987","2025-11-22","37.00","AUD","1761315074","29218/2025-11-22/1761315074.json"
"892632","715987","2025-11-23","37.00","AUD","1761315074","29218/2025-11-23/1761315074.json"
"892632","715987","2025-11-24","37.00","AUD","1761315074","29218/2025-11-24/1761315074.json"
"892632","715987","2025-11-25","37.00","AUD","1761315074","29218/2025-11-25/1761315074.json"
"892632","715987","2025-11-26","37.00","AUD","1761315074","29218/2025-11-26/1761315074.json"
"892632","715987","2025-11-28","37.00","AUD","1761315074","29218/2025-11-28/1761315074.json"
"892632","715987","2025-11-27","37.00","AUD","1761315074","29218/2025-11-27/1761315074.json"
"892632","715987","2025-11-30","37.00","AUD","1761315074","29218/2025-11-30/1761315074.json"
"892632","715987","2025-11-29","37.00","AUD","1761315074","29218/2025-11-29/1761315074.json"
"892632","715987","2025-12-01","37.00","AUD","1761315074","29218/2025-12-01/1761315074.json"
"892632","715987","2025-12-02","37.00","AUD","1761315074","29218/2025-12-02/1761315074.json"
"892632","715987","2025-12-03","37.00","AUD","1761315074","29218/2025-12-03/1761315074.json"
"892632","715987","2025-12-04","37.00","AUD","1761315074","29218/2025-12-04/1761315074.json"
"892632","715987","2025-12-05","37.00","AUD","1761315074","29218/2025-12-05/1761315074.json"
"892632","715987","2025-12-07","37.00","AUD","1761315074","29218/2025-12-07/1761315074.json"
"892632","715987","2025-12-06","37.00","AUD","1761315074","29218/2025-12-06/1761315074.json"
"892632","715987","2025-12-08","37.00","AUD","1761315074","29218/2025-12-08/1761315074.json"
"892632","715987","2025-12-09","37.00","AUD","1761315074","29218/2025-12-09/1761315074.json"
"892632","715987","2025-12-10","37.00","AUD","1761315074","29218/2025-12-10/1761315074.json"
"892632","715987","2025-12-11","37.00","AUD","1761315074","29218/2025-12-11/1761315074.json"
"892632","715987","2025-12-12","37.00","AUD","1761315074","29218/2025-12-12/1761315074.json"
"892632","715987","2025-12-13","37.00","AUD","1761315074","29218/2025-12-13/1761315074.json"
"892632","715987","2025-12-14","37.00","AUD","1761315074","29218/2025-12-14/1761315074.json"
"892632","715987","2025-12-15","37.00","AUD","1761315074","29218/2025-12-15/1761315074.json"
"892632","715987","2025-12-16","37.00","AUD","1761315074","29218/2025-12-16/1761315074.json"
"892632","715987","2025-12-17","37.00","AUD","1761315074","29218/2025-12-17/1761315074.json"
"892632","715987","2025-12-18","37.00","AUD","1761315074","29218/2025-12-18/1761315074.json"
"892632","715987","2025-12-20","37.00","AUD","1761315074","29218/2025-12-20/1761315074.json"
"892632","715987","2025-12-19","37.00","AUD","1761315074","29218/2025-12-19/1761315074.json"
"892632","715987","2025-12-21","37.00","AUD","1761315074","29218/2025-12-21/1761315074.json"
"892632","715987","2025-12-22","37.00","AUD","1761315074","29218/2025-12-22/1761315074.json"
"892632","715987","2025-12-23","37.00","AUD","1761315074","29218/2025-12-23/1761315074.json"
"892632","715987","2025-10-27","37.00","AUD","1761326143","29218/2025-10-27/1761326143.json"
"892632","715987","2025-10-26","37.00","AUD","1761326143","29218/2025-10-26/1761326143.json"
"892632","715987","2025-10-25","37.00","AUD","1761326143","29218/2025-10-25/1761326143.json"
"892632","715987","2025-10-28","37.00","AUD","1761326143","29218/2025-10-28/1761326143.json"
"892632","715987","2025-10-29","37.00","AUD","1761326143","29218/2025-10-29/1761326143.json"
"892632","715987","2025-11-01","37.00","AUD","1761326143","29218/2025-11-01/1761326143.json"
"892632","715987","2025-10-30","37.00","AUD","1761326143","29218/2025-10-30/1761326143.json"
"892632","715987","2025-10-31","37.00","AUD","1761326143","29218/2025-10-31/1761326143.json"
"892632","715987","2025-11-02","37.00","AUD","1761326143","29218/2025-11-02/1761326143.json"
"892632","715987","2025-11-05","37.00","AUD","1761326143","29218/2025-11-05/1761326143.json"
"892632","715987","2025-11-04","37.00","AUD","1761326143","29218/2025-11-04/1761326143.json"
"892632","715987","2025-11-06","37.00","AUD","1761326143","29218/2025-11-06/1761326143.json"
"892632","715987","2025-11-03","37.00","AUD","1761326143","29218/2025-11-03/1761326143.json"
"892632","715987","2025-11-07","37.00","AUD","1761326143","29218/2025-11-07/1761326143.json"
"892632","715987","2025-11-08","37.00","AUD","1761326143","29218/2025-11-08/1761326143.json"
"892632","715987","2025-11-09","37.00","AUD","1761326143","29218/2025-11-09/1761326143.json"
"892632","715987","2025-11-10","37.00","AUD","1761326143","29218/2025-11-10/1761326143.json"
"892632","715987","2025-11-11","37.00","AUD","1761326143","29218/2025-11-11/1761326143.json"
"892632","715987","2025-11-12","37.00","AUD","1761326143","29218/2025-11-12/1761326143.json"
"892632","715987","2025-11-14","37.00","AUD","1761326143","29218/2025-11-14/1761326143.json"
"892632","715987","2025-11-13","37.00","AUD","1761326143","29218/2025-11-13/1761326143.json"
"892632","715987","2025-11-15","37.00","AUD","1761326143","29218/2025-11-15/1761326143.json"
"892632","715987","2025-11-16","37.00","AUD","1761326143","29218/2025-11-16/1761326143.json"
"892632","715987","2025-11-17","37.00","AUD","1761326143","29218/2025-11-17/1761326143.json"
"892632","715987","2025-11-18","37.00","AUD","1761326143","29218/2025-11-18/1761326143.json"
"892632","715987","2025-11-19","37.00","AUD","1761326143","29218/2025-11-19/1761326143.json"
"892632","715987","2025-11-20","37.00","AUD","1761326143","29218/2025-11-20/1761326143.json"
"892632","715987","2025-11-21","37.00","AUD","1761326143","29218/2025-11-21/1761326143.json"
"892632","715987","2025-11-22","37.00","AUD","1761326143","29218/2025-11-22/1761326143.json"
"892632","715987","2025-11-23","37.00","AUD","1761326143","29218/2025-11-23/1761326143.json"
"892632","715987","2025-11-24","37.00","AUD","1761326143","29218/2025-11-24/1761326143.json"
"892632","715987","2025-11-26","37.00","AUD","1761326143","29218/2025-11-26/1761326143.json"
"892632","715987","2025-11-25","37.00","AUD","1761326143","29218/2025-11-25/1761326143.json"
"892632","715987","2025-11-27","37.00","AUD","1761326143","29218/2025-11-27/1761326143.json"
"892632","715987","2025-11-28","37.00","AUD","1761326143","29218/2025-11-28/1761326143.json"
"892632","715987","2025-11-29","37.00","AUD","1761326143","29218/2025-11-29/1761326143.json"
"892632","715987","2025-11-30","37.00","AUD","1761326143","29218/2025-11-30/1761326143.json"
"892632","715987","2025-12-01","37.00","AUD","1761326143","29218/2025-12-01/1761326143.json"
"892632","715987","2025-12-03","37.00","AUD","1761326143","29218/2025-12-03/1761326143.json"
"892632","715987","2025-12-02","37.00","AUD","1761326143","29218/2025-12-02/1761326143.json"
"892632","715987","2025-12-04","37.00","AUD","1761326143","29218/2025-12-04/1761326143.json"
"892632","715987","2025-12-05","37.00","AUD","1761326143","29218/2025-12-05/1761326143.json"
"892632","715987","2025-12-08","37.00","AUD","1761326143","29218/2025-12-08/1761326143.json"
"892632","715987","2025-12-06","37.00","AUD","1761326143","29218/2025-12-06/1761326143.json"
"892632","715987","2025-12-09","37.00","AUD","1761326143","29218/2025-12-09/1761326143.json"
"892632","715987","2025-12-07","37.00","AUD","1761326143","29218/2025-12-07/1761326143.json"
"892632","715987","2025-12-10","37.00","AUD","1761326143","29218/2025-12-10/1761326143.json"
"892632","715987","2025-12-11","37.00","AUD","1761326143","29218/2025-12-11/1761326143.json"
"892632","715987","2025-12-12","37.00","AUD","1761326143","29218/2025-12-12/1761326143.json"
"892632","715987","2025-12-13","37.00","AUD","1761326143","29218/2025-12-13/1761326143.json"
"892632","715987","2025-12-15","37.00","AUD","1761326143","29218/2025-12-15/1761326143.json"
"892632","715987","2025-12-16","37.00","AUD","1761326143","29218/2025-12-16/1761326143.json"
"892632","715987","2025-12-17","37.00","AUD","1761326143","29218/2025-12-17/1761326143.json"
"892632","715987","2025-12-19","37.00","AUD","1761326143","29218/2025-12-19/1761326143.json"
"892632","715987","2025-12-20","37.00","AUD","1761326143","29218/2025-12-20/1761326143.json"
"892632","715987","2025-12-18","37.00","AUD","1761326143","29218/2025-12-18/1761326143.json"
"892632","715987","2025-12-14","37.00","AUD","1761326143","29218/2025-12-14/1761326143.json"
"892632","715987","2025-12-22","37.00","AUD","1761326143","29218/2025-12-22/1761326143.json"
"892632","715987","2025-12-23","37.00","AUD","1761326143","29218/2025-12-23/1761326143.json"
"892632","715987","2025-12-21","37.00","AUD","1761326143","29218/2025-12-21/1761326143.json"
"892632","715987","2025-10-27","37.00","AUD","1761339820","29218/2025-10-27/1761339820.json"
"892632","715987","2025-10-26","37.00","AUD","1761339820","29218/2025-10-26/1761339820.json"
"892632","715987","2025-10-25","37.00","AUD","1761339820","29218/2025-10-25/1761339820.json"
"892632","715987","2025-10-28","37.00","AUD","1761339820","29218/2025-10-28/1761339820.json"
"892632","715987","2025-10-30","37.00","AUD","1761339820","29218/2025-10-30/1761339820.json"
"892632","715987","2025-10-29","37.00","AUD","1761339820","29218/2025-10-29/1761339820.json"
"892632","715987","2025-11-01","37.00","AUD","1761339820","29218/2025-11-01/1761339820.json"
"892632","715987","2025-10-31","37.00","AUD","1761339820","29218/2025-10-31/1761339820.json"
"892632","715987","2025-11-05","37.00","AUD","1761339820","29218/2025-11-05/1761339820.json"
"892632","715987","2025-11-03","37.00","AUD","1761339820","29218/2025-11-03/1761339820.json"
"892632","715987","2025-11-04","37.00","AUD","1761339820","29218/2025-11-04/1761339820.json"
"892632","715987","2025-11-02","37.00","AUD","1761339820","29218/2025-11-02/1761339820.json"
"892632","715987","2025-11-06","37.00","AUD","1761339820","29218/2025-11-06/1761339820.json"
"892632","715987","2025-11-09","37.00","AUD","1761339820","29218/2025-11-09/1761339820.json"
"892632","715987","2025-11-07","37.00","AUD","1761339820","29218/2025-11-07/1761339820.json"
"892632","715987","2025-11-08","37.00","AUD","1761339820","29218/2025-11-08/1761339820.json"
"892632","715987","2025-11-11","37.00","AUD","1761339820","29218/2025-11-11/1761339820.json"
"892632","715987","2025-11-13","37.00","AUD","1761339820","29218/2025-11-13/1761339820.json"
"892632","715987","2025-11-12","37.00","AUD","1761339820","29218/2025-11-12/1761339820.json"
"892632","715987","2025-11-10","37.00","AUD","1761339820","29218/2025-11-10/1761339820.json"
"892632","715987","2025-11-14","37.00","AUD","1761339820","29218/2025-11-14/1761339820.json"
"892632","715987","2025-11-15","37.00","AUD","1761339820","29218/2025-11-15/1761339820.json"
"892632","715987","2025-11-16","37.00","AUD","1761339820","29218/2025-11-16/1761339820.json"
"892632","715987","2025-11-19","37.00","AUD","1761339820","29218/2025-11-19/1761339820.json"
"892632","715987","2025-11-17","37.00","AUD","1761339820","29218/2025-11-17/1761339820.json"
"892632","715987","2025-11-18","37.00","AUD","1761339820","29218/2025-11-18/1761339820.json"
"892632","715987","2025-11-20","37.00","AUD","1761339820","29218/2025-11-20/1761339820.json"
"892632","715987","2025-11-21","37.00","AUD","1761339820","29218/2025-11-21/1761339820.json"
"892632","715987","2025-11-22","37.00","AUD","1761339820","29218/2025-11-22/1761339820.json"
"892632","715987","2025-11-23","37.00","AUD","1761339820","29218/2025-11-23/1761339820.json"
"892632","715987","2025-11-25","37.00","AUD","1761339820","29218/2025-11-25/1761339820.json"
"892632","715987","2025-11-24","37.00","AUD","1761339820","29218/2025-11-24/1761339820.json"
"892632","715987","2025-11-26","37.00","AUD","1761339820","29218/2025-11-26/1761339820.json"
"892632","715987","2025-11-27","37.00","AUD","1761339820","29218/2025-11-27/1761339820.json"
"892632","715987","2025-11-29","37.00","AUD","1761339820","29218/2025-11-29/1761339820.json"
"892632","715987","2025-11-28","37.00","AUD","1761339820","29218/2025-11-28/1761339820.json"
"892632","715987","2025-11-30","37.00","AUD","1761339820","29218/2025-11-30/1761339820.json"
"892632","715987","2025-12-02","37.00","AUD","1761339820","29218/2025-12-02/1761339820.json"
"892632","715987","2025-12-03","37.00","AUD","1761339820","29218/2025-12-03/1761339820.json"
"892632","715987","2025-12-01","37.00","AUD","1761339820","29218/2025-12-01/1761339820.json"
"892632","715987","2025-12-04","37.00","AUD","1761339820","29218/2025-12-04/1761339820.json"
"892632","715987","2025-12-06","37.00","AUD","1761339820","29218/2025-12-06/1761339820.json"
"892632","715987","2025-12-05","37.00","AUD","1761339820","29218/2025-12-05/1761339820.json"
"892632","715987","2025-12-08","37.00","AUD","1761339820","29218/2025-12-08/1761339820.json"
"892632","715987","2025-12-07","37.00","AUD","1761339820","29218/2025-12-07/1761339820.json"
"892632","715987","2025-12-10","37.00","AUD","1761339820","29218/2025-12-10/1761339820.json"
"892632","715987","2025-12-09","37.00","AUD","1761339820","29218/2025-12-09/1761339820.json"
"892632","715987","2025-12-11","37.00","AUD","1761339820","29218/2025-12-11/1761339820.json"
"892632","715987","2025-12-12","37.00","AUD","1761339820","29218/2025-12-12/1761339820.json"
"892632","715987","2025-12-13","37.00","AUD","1761339820","29218/2025-12-13/1761339820.json"
"892632","715987","2025-12-14","37.00","AUD","1761339820","29218/2025-12-14/1761339820.json"
"892632","715987","2025-12-15","37.00","AUD","1761339820","29218/2025-12-15/1761339820.json"
"892632","715987","2025-12-16","37.00","AUD","1761339820","29218/2025-12-16/1761339820.json"
"892632","715987","2025-12-17","37.00","AUD","1761339820","29218/2025-12-17/1761339820.json"
"892632","715987","2025-12-18","37.00","AUD","1761339820","29218/2025-12-18/1761339820.json"
"892632","715987","2025-12-19","37.00","AUD","1761339820","29218/2025-12-19/1761339820.json"
"892632","715987","2025-12-21","37.00","AUD","1761339820","29218/2025-12-21/1761339820.json"
"892632","715987","2025-12-22","37.00","AUD","1761339820","29218/2025-12-22/1761339820.json"
"892632","715987","2025-12-20","37.00","AUD","1761339820","29218/2025-12-20/1761339820.json"
"892632","715987","2025-12-23","37.00","AUD","1761339820","29218/2025-12-23/1761339820.json"
"892632","715987","2025-10-28","37.00","AUD","1761363990","29218/2025-10-28/1761363990.json"
"892632","715987","2025-10-27","37.00","AUD","1761363990","29218/2025-10-27/1761363990.json"
"892632","715987","2025-10-29","37.00","AUD","1761363990","29218/2025-10-29/1761363990.json"
"892632","715987","2025-10-31","37.00","AUD","1761363990","29218/2025-10-31/1761363990.json"
"892632","715987","2025-10-30","37.00","AUD","1761363990","29218/2025-10-30/1761363990.json"
"892632","715987","2025-10-26","37.00","AUD","1761363990","29218/2025-10-26/1761363990.json"
"892632","715987","2025-11-03","37.00","AUD","1761363990","29218/2025-11-03/1761363990.json"
"892632","715987","2025-11-01","37.00","AUD","1761363990","29218/2025-11-01/1761363990.json"
"892632","715987","2025-11-02","37.00","AUD","1761363990","29218/2025-11-02/1761363990.json"
"892632","715987","2025-11-04","37.00","AUD","1761363990","29218/2025-11-04/1761363990.json"
"892632","715987","2025-11-06","37.00","AUD","1761363990","29218/2025-11-06/1761363990.json"
"892632","715987","2025-11-07","37.00","AUD","1761363990","29218/2025-11-07/1761363990.json"
"892632","715987","2025-11-05","37.00","AUD","1761363990","29218/2025-11-05/1761363990.json"
"892632","715987","2025-11-08","37.00","AUD","1761363990","29218/2025-11-08/1761363990.json"
"892632","715987","2025-11-10","37.00","AUD","1761363990","29218/2025-11-10/1761363990.json"
"892632","715987","2025-11-11","37.00","AUD","1761363990","29218/2025-11-11/1761363990.json"
"892632","715987","2025-11-09","37.00","AUD","1761363990","29218/2025-11-09/1761363990.json"
"892632","715987","2025-11-12","37.00","AUD","1761363990","29218/2025-11-12/1761363990.json"
"892632","715987","2025-11-13","37.00","AUD","1761363990","29218/2025-11-13/1761363990.json"
"892632","715987","2025-11-14","37.00","AUD","1761363990","29218/2025-11-14/1761363990.json"
"892632","715987","2025-11-16","37.00","AUD","1761363990","29218/2025-11-16/1761363990.json"
"892632","715987","2025-11-15","37.00","AUD","1761363990","29218/2025-11-15/1761363990.json"
"892632","715987","2025-11-18","37.00","AUD","1761363990","29218/2025-11-18/1761363990.json"
"892632","715987","2025-11-17","37.00","AUD","1761363990","29218/2025-11-17/1761363990.json"
"892632","715987","2025-11-19","37.00","AUD","1761363990","29218/2025-11-19/1761363990.json"
"892632","715987","2025-11-20","37.00","AUD","1761363990","29218/2025-11-20/1761363990.json"
"892632","715987","2025-11-21","37.00","AUD","1761363990","29218/2025-11-21/1761363990.json"
"892632","715987","2025-11-22","37.00","AUD","1761363990","29218/2025-11-22/1761363990.json"
"892632","715987","2025-11-23","37.00","AUD","1761363990","29218/2025-11-23/1761363990.json"
"892632","715987","2025-11-24","37.00","AUD","1761363990","29218/2025-11-24/1761363990.json"
"892632","715987","2025-11-26","37.00","AUD","1761363990","29218/2025-11-26/1761363990.json"
"892632","715987","2025-11-25","37.00","AUD","1761363990","29218/2025-11-25/1761363990.json"
"892632","715987","2025-11-27","37.00","AUD","1761363990","29218/2025-11-27/1761363990.json"
"892632","715987","2025-11-28","37.00","AUD","1761363990","29218/2025-11-28/1761363990.json"
"892632","715987","2025-11-29","37.00","AUD","1761363990","29218/2025-11-29/1761363990.json"
"892632","715987","2025-11-30","37.00","AUD","1761363990","29218/2025-11-30/1761363990.json"
"892632","715987","2025-12-01","37.00","AUD","1761363990","29218/2025-12-01/1761363990.json"
"892632","715987","2025-12-03","37.00","AUD","1761363990","29218/2025-12-03/1761363990.json"
"892632","715987","2025-12-04","37.00","AUD","1761363990","29218/2025-12-04/1761363990.json"
"892632","715987","2025-12-05","37.00","AUD","1761363990","29218/2025-12-05/1761363990.json"
"892632","715987","2025-12-07","37.00","AUD","1761363990","29218/2025-12-07/1761363990.json"
"892632","715987","2025-12-08","37.00","AUD","1761363990","29218/2025-12-08/1761363990.json"
"892632","715987","2025-12-02","37.00","AUD","1761363990","29218/2025-12-02/1761363990.json"
"892632","715987","2025-12-06","37.00","AUD","1761363990","29218/2025-12-06/1761363990.json"
"892632","715987","2025-12-09","37.00","AUD","1761363990","29218/2025-12-09/1761363990.json"
"892632","715987","2025-12-10","37.00","AUD","1761363990","29218/2025-12-10/1761363990.json"
"892632","715987","2025-12-11","37.00","AUD","1761363990","29218/2025-12-11/1761363990.json"
"892632","715987","2025-12-12","37.00","AUD","1761363990","29218/2025-12-12/1761363990.json"
"892632","715987","2025-12-15","37.00","AUD","1761363990","29218/2025-12-15/1761363990.json"
"892632","715987","2025-12-14","37.00","AUD","1761363990","29218/2025-12-14/1761363990.json"
"892632","715987","2025-12-16","37.00","AUD","1761363990","29218/2025-12-16/1761363990.json"
"892632","715987","2025-12-13","37.00","AUD","1761363990","29218/2025-12-13/1761363990.json"
"892632","715987","2025-12-17","37.00","AUD","1761363990","29218/2025-12-17/1761363990.json"
"892632","715987","2025-12-18","37.00","AUD","1761363990","29218/2025-12-18/1761363990.json"
"892632","715987","2025-12-19","37.00","AUD","1761363990","29218/2025-12-19/1761363990.json"
"892632","715987","2025-12-20","37.00","AUD","1761363990","29218/2025-12-20/1761363990.json"
"892632","715987","2025-12-22","37.00","AUD","1761363990","29218/2025-12-22/1761363990.json"
"892632","715987","2025-12-21","37.00","AUD","1761363990","29218/2025-12-21/1761363990.json"
"892632","715987","2025-12-23","37.00","AUD","1761363990","29218/2025-12-23/1761363990.json"
"892632","715987","2025-12-24","37.00","AUD","1761363990","29218/2025-12-24/1761363990.json"
"892632","715987","2025-10-27","37.00","AUD","1761368730","29218/2025-10-27/1761368730.json"
"892632","715987","2025-10-26","37.00","AUD","1761368730","29218/2025-10-26/1761368730.json"
"892632","715987","2025-10-28","37.00","AUD","1761368730","29218/2025-10-28/1761368730.json"
"892632","715987","2025-10-30","37.00","AUD","1761368730","29218/2025-10-30/1761368730.json"
"892632","715987","2025-10-29","37.00","AUD","1761368730","29218/2025-10-29/1761368730.json"
"892632","715987","2025-11-01","37.00","AUD","1761368730","29218/2025-11-01/1761368730.json"
"892632","715987","2025-11-02","37.00","AUD","1761368730","29218/2025-11-02/1761368730.json"
"892632","715987","2025-11-03","37.00","AUD","1761368730","29218/2025-11-03/1761368730.json"
"892632","715987","2025-11-04","37.00","AUD","1761368730","29218/2025-11-04/1761368730.json"
"892632","715987","2025-11-07","37.00","AUD","1761368730","29218/2025-11-07/1761368730.json"
"892632","715987","2025-11-06","37.00","AUD","1761368730","29218/2025-11-06/1761368730.json"
"892632","715987","2025-11-05","37.00","AUD","1761368730","29218/2025-11-05/1761368730.json"
"892632","715987","2025-11-08","37.00","AUD","1761368730","29218/2025-11-08/1761368730.json"
"892632","715987","2025-11-09","37.00","AUD","1761368730","29218/2025-11-09/1761368730.json"
"892632","715987","2025-11-10","37.00","AUD","1761368730","29218/2025-11-10/1761368730.json"
"892632","715987","2025-10-31","37.00","AUD","1761368730","29218/2025-10-31/1761368730.json"
"892632","715987","2025-11-11","37.00","AUD","1761368730","29218/2025-11-11/1761368730.json"
"892632","715987","2025-11-12","37.00","AUD","1761368730","29218/2025-11-12/1761368730.json"
"892632","715987","2025-11-13","37.00","AUD","1761368730","29218/2025-11-13/1761368730.json"
"892632","715987","2025-11-14","37.00","AUD","1761368730","29218/2025-11-14/1761368730.json"
"892632","715987","2025-11-15","37.00","AUD","1761368730","29218/2025-11-15/1761368730.json"
"892632","715987","2025-11-16","37.00","AUD","1761368730","29218/2025-11-16/1761368730.json"
"892632","715987","2025-11-18","37.00","AUD","1761368730","29218/2025-11-18/1761368730.json"
"892632","715987","2025-11-17","37.00","AUD","1761368730","29218/2025-11-17/1761368730.json"
"892632","715987","2025-11-19","37.00","AUD","1761368730","29218/2025-11-19/1761368730.json"
"892632","715987","2025-11-20","37.00","AUD","1761368730","29218/2025-11-20/1761368730.json"
"892632","715987","2025-11-22","37.00","AUD","1761368730","29218/2025-11-22/1761368730.json"
"892632","715987","2025-11-21","37.00","AUD","1761368730","29218/2025-11-21/1761368730.json"
"892632","715987","2025-11-23","37.00","AUD","1761368730","29218/2025-11-23/1761368730.json"
"892632","715987","2025-11-24","37.00","AUD","1761368730","29218/2025-11-24/1761368730.json"
"892632","715987","2025-11-26","37.00","AUD","1761368730","29218/2025-11-26/1761368730.json"
"892632","715987","2025-11-27","37.00","AUD","1761368730","29218/2025-11-27/1761368730.json"
"892632","715987","2025-11-28","37.00","AUD","1761368730","29218/2025-11-28/1761368730.json"
"892632","715987","2025-11-25","37.00","AUD","1761368730","29218/2025-11-25/1761368730.json"
"892632","715987","2025-11-29","37.00","AUD","1761368730","29218/2025-11-29/1761368730.json"
"892632","715987","2025-11-30","37.00","AUD","1761368730","29218/2025-11-30/1761368730.json"
"892632","715987","2025-12-01","37.00","AUD","1761368730","29218/2025-12-01/1761368730.json"
"892632","715987","2025-12-02","37.00","AUD","1761368730","29218/2025-12-02/1761368730.json"
"892632","715987","2025-12-03","37.00","AUD","1761368730","29218/2025-12-03/1761368730.json"
"892632","715987","2025-12-05","37.00","AUD","1761368730","29218/2025-12-05/1761368730.json"
"892632","715987","2025-12-04","37.00","AUD","1761368730","29218/2025-12-04/1761368730.json"
"892632","715987","2025-12-06","37.00","AUD","1761368730","29218/2025-12-06/1761368730.json"
"892632","715987","2025-12-08","37.00","AUD","1761368730","29218/2025-12-08/1761368730.json"
"892632","715987","2025-12-07","37.00","AUD","1761368730","29218/2025-12-07/1761368730.json"
"892632","715987","2025-12-09","37.00","AUD","1761368730","29218/2025-12-09/1761368730.json"
"892632","715987","2025-12-10","37.00","AUD","1761368730","29218/2025-12-10/1761368730.json"
"892632","715987","2025-12-12","37.00","AUD","1761368730","29218/2025-12-12/1761368730.json"
"892632","715987","2025-12-11","37.00","AUD","1761368730","29218/2025-12-11/1761368730.json"
"892632","715987","2025-12-13","37.00","AUD","1761368730","29218/2025-12-13/1761368730.json"
"892632","715987","2025-12-14","37.00","AUD","1761368730","29218/2025-12-14/1761368730.json"
"892632","715987","2025-12-15","37.00","AUD","1761368730","29218/2025-12-15/1761368730.json"
"892632","715987","2025-12-16","37.00","AUD","1761368730","29218/2025-12-16/1761368730.json"
"892632","715987","2025-12-17","37.00","AUD","1761368730","29218/2025-12-17/1761368730.json"
"892632","715987","2025-12-18","37.00","AUD","1761368730","29218/2025-12-18/1761368730.json"
"892632","715987","2025-12-19","37.00","AUD","1761368730","29218/2025-12-19/1761368730.json"
"892632","715987","2025-12-20","37.00","AUD","1761368730","29218/2025-12-20/1761368730.json"
"892632","715987","2025-12-21","37.00","AUD","1761368730","29218/2025-12-21/1761368730.json"
"892632","715987","2025-12-22","37.00","AUD","1761368730","29218/2025-12-22/1761368730.json"
"892632","715987","2025-12-23","37.00","AUD","1761368730","29218/2025-12-23/1761368730.json"
"892632","715987","2025-12-24","37.00","AUD","1761368730","29218/2025-12-24/1761368730.json"
"892632","715987","2025-10-26","37.00","AUD","1761383254","29218/2025-10-26/1761383254.json"
"892632","715987","2025-10-27","37.00","AUD","1761383254","29218/2025-10-27/1761383254.json"
"892632","715987","2025-10-28","37.00","AUD","1761383254","29218/2025-10-28/1761383254.json"
"892632","715987","2025-10-31","37.00","AUD","1761383254","29218/2025-10-31/1761383254.json"
"892632","715987","2025-10-29","37.00","AUD","1761383254","29218/2025-10-29/1761383254.json"
"892632","715987","2025-10-30","37.00","AUD","1761383254","29218/2025-10-30/1761383254.json"
"892632","715987","2025-11-01","37.00","AUD","1761383254","29218/2025-11-01/1761383254.json"
"892632","715987","2025-11-04","37.00","AUD","1761383254","29218/2025-11-04/1761383254.json"
"892632","715987","2025-11-02","37.00","AUD","1761383254","29218/2025-11-02/1761383254.json"
"892632","715987","2025-11-03","37.00","AUD","1761383254","29218/2025-11-03/1761383254.json"
"892632","715987","2025-11-05","37.00","AUD","1761383254","29218/2025-11-05/1761383254.json"
"892632","715987","2025-11-06","37.00","AUD","1761383254","29218/2025-11-06/1761383254.json"
"892632","715987","2025-11-08","37.00","AUD","1761383254","29218/2025-11-08/1761383254.json"
"892632","715987","2025-11-07","37.00","AUD","1761383254","29218/2025-11-07/1761383254.json"
"892632","715987","2025-11-09","37.00","AUD","1761383254","29218/2025-11-09/1761383254.json"
"892632","715987","2025-11-10","37.00","AUD","1761383254","29218/2025-11-10/1761383254.json"
"892632","715987","2025-11-12","37.00","AUD","1761383254","29218/2025-11-12/1761383254.json"
"892632","715987","2025-11-11","37.00","AUD","1761383254","29218/2025-11-11/1761383254.json"
"892632","715987","2025-11-13","37.00","AUD","1761383254","29218/2025-11-13/1761383254.json"
"892632","715987","2025-11-14","37.00","AUD","1761383254","29218/2025-11-14/1761383254.json"
"892632","715987","2025-11-16","37.00","AUD","1761383254","29218/2025-11-16/1761383254.json"
"892632","715987","2025-11-17","37.00","AUD","1761383254","29218/2025-11-17/1761383254.json"
"892632","715987","2025-11-18","37.00","AUD","1761383254","29218/2025-11-18/1761383254.json"
"892632","715987","2025-11-19","37.00","AUD","1761383254","29218/2025-11-19/1761383254.json"
"892632","715987","2025-11-20","37.00","AUD","1761383254","29218/2025-11-20/1761383254.json"
"892632","715987","2025-11-21","37.00","AUD","1761383254","29218/2025-11-21/1761383254.json"
"892632","715987","2025-11-22","37.00","AUD","1761383254","29218/2025-11-22/1761383254.json"
"892632","715987","2025-11-15","37.00","AUD","1761383254","29218/2025-11-15/1761383254.json"
"892632","715987","2025-11-24","37.00","AUD","1761383254","29218/2025-11-24/1761383254.json"
"892632","715987","2025-11-25","37.00","AUD","1761383254","29218/2025-11-25/1761383254.json"
"892632","715987","2025-11-23","37.00","AUD","1761383254","29218/2025-11-23/1761383254.json"
"892632","715987","2025-11-26","37.00","AUD","1761383254","29218/2025-11-26/1761383254.json"
"892632","715987","2025-11-27","37.00","AUD","1761383254","29218/2025-11-27/1761383254.json"
"892632","715987","2025-11-28","37.00","AUD","1761383254","29218/2025-11-28/1761383254.json"
"892632","715987","2025-11-29","37.00","AUD","1761383254","29218/2025-11-29/1761383254.json"
"892632","715987","2025-11-30","37.00","AUD","1761383254","29218/2025-11-30/1761383254.json"
"892632","715987","2025-12-03","37.00","AUD","1761383254","29218/2025-12-03/1761383254.json"
"892632","715987","2025-12-01","37.00","AUD","1761383254","29218/2025-12-01/1761383254.json"
"892632","715987","2025-12-02","37.00","AUD","1761383254","29218/2025-12-02/1761383254.json"
"892632","715987","2025-12-04","37.00","AUD","1761383254","29218/2025-12-04/1761383254.json"
"892632","715987","2025-12-06","37.00","AUD","1761383254","29218/2025-12-06/1761383254.json"
"892632","715987","2025-12-07","37.00","AUD","1761383254","29218/2025-12-07/1761383254.json"
"892632","715987","2025-12-05","37.00","AUD","1761383254","29218/2025-12-05/1761383254.json"
"892632","715987","2025-12-08","37.00","AUD","1761383254","29218/2025-12-08/1761383254.json"
"892632","715987","2025-12-09","37.00","AUD","1761383254","29218/2025-12-09/1761383254.json"
"892632","715987","2025-12-11","37.00","AUD","1761383254","29218/2025-12-11/1761383254.json"
"892632","715987","2025-12-10","37.00","AUD","1761383254","29218/2025-12-10/1761383254.json"
"892632","715987","2025-12-12","37.00","AUD","1761383254","29218/2025-12-12/1761383254.json"
"892632","715987","2025-12-14","37.00","AUD","1761383254","29218/2025-12-14/1761383254.json"
"892632","715987","2025-12-16","37.00","AUD","1761383254","29218/2025-12-16/1761383254.json"
"892632","715987","2025-12-15","37.00","AUD","1761383254","29218/2025-12-15/1761383254.json"
"892632","715987","2025-12-13","37.00","AUD","1761383254","29218/2025-12-13/1761383254.json"
"892632","715987","2025-12-19","37.00","AUD","1761383254","29218/2025-12-19/1761383254.json"
"892632","715987","2025-12-17","37.00","AUD","1761383254","29218/2025-12-17/1761383254.json"
"892632","715987","2025-12-18","37.00","AUD","1761383254","29218/2025-12-18/1761383254.json"
"892632","715987","2025-12-20","37.00","AUD","1761383254","29218/2025-12-20/1761383254.json"
"892632","715987","2025-12-23","37.00","AUD","1761383254","29218/2025-12-23/1761383254.json"
"892632","715987","2025-12-22","37.00","AUD","1761383254","29218/2025-12-22/1761383254.json"
"892632","715987","2025-12-24","37.00","AUD","1761383254","29218/2025-12-24/1761383254.json"
"892632","715987","2025-12-21","37.00","AUD","1761383254","29218/2025-12-21/1761383254.json"
"892632","715987","2025-10-28","37.00","AUD","1761399114","29218/2025-10-28/1761399114.json"
"892632","715987","2025-10-26","37.00","AUD","1761399114","29218/2025-10-26/1761399114.json"
"892632","715987","2025-10-27","37.00","AUD","1761399114","29218/2025-10-27/1761399114.json"
"892632","715987","2025-10-29","37.00","AUD","1761399114","29218/2025-10-29/1761399114.json"
"892632","715987","2025-10-31","37.00","AUD","1761399114","29218/2025-10-31/1761399114.json"
"892632","715987","2025-11-01","37.00","AUD","1761399114","29218/2025-11-01/1761399114.json"
"892632","715987","2025-10-30","37.00","AUD","1761399114","29218/2025-10-30/1761399114.json"
"892632","715987","2025-11-02","37.00","AUD","1761399114","29218/2025-11-02/1761399114.json"
"892632","715987","2025-11-03","37.00","AUD","1761399114","29218/2025-11-03/1761399114.json"
"892632","715987","2025-11-05","37.00","AUD","1761399114","29218/2025-11-05/1761399114.json"
"892632","715987","2025-11-04","37.00","AUD","1761399114","29218/2025-11-04/1761399114.json"
"892632","715987","2025-11-06","37.00","AUD","1761399114","29218/2025-11-06/1761399114.json"
"892632","715987","2025-11-08","37.00","AUD","1761399114","29218/2025-11-08/1761399114.json"
"892632","715987","2025-11-07","37.00","AUD","1761399114","29218/2025-11-07/1761399114.json"
"892632","715987","2025-11-09","37.00","AUD","1761399114","29218/2025-11-09/1761399114.json"
"892632","715987","2025-11-10","37.00","AUD","1761399114","29218/2025-11-10/1761399114.json"
"892632","715987","2025-11-12","37.00","AUD","1761399114","29218/2025-11-12/1761399114.json"
"892632","715987","2025-11-11","37.00","AUD","1761399114","29218/2025-11-11/1761399114.json"
"892632","715987","2025-11-13","37.00","AUD","1761399114","29218/2025-11-13/1761399114.json"
"892632","715987","2025-11-14","37.00","AUD","1761399114","29218/2025-11-14/1761399114.json"
"892632","715987","2025-11-15","37.00","AUD","1761399114","29218/2025-11-15/1761399114.json"
"892632","715987","2025-11-16","37.00","AUD","1761399114","29218/2025-11-16/1761399114.json"
"892632","715987","2025-11-17","37.00","AUD","1761399114","29218/2025-11-17/1761399114.json"
"892632","715987","2025-11-18","37.00","AUD","1761399114","29218/2025-11-18/1761399114.json"
"892632","715987","2025-11-19","37.00","AUD","1761399114","29218/2025-11-19/1761399114.json"
"892632","715987","2025-11-20","37.00","AUD","1761399114","29218/2025-11-20/1761399114.json"
"892632","715987","2025-11-23","37.00","AUD","1761399114","29218/2025-11-23/1761399114.json"
"892632","715987","2025-11-22","37.00","AUD","1761399114","29218/2025-11-22/1761399114.json"
"892632","715987","2025-11-21","37.00","AUD","1761399114","29218/2025-11-21/1761399114.json"
"892632","715987","2025-11-24","37.00","AUD","1761399114","29218/2025-11-24/1761399114.json"
"892632","715987","2025-11-26","37.00","AUD","1761399114","29218/2025-11-26/1761399114.json"
"892632","715987","2025-11-25","37.00","AUD","1761399114","29218/2025-11-25/1761399114.json"
"892632","715987","2025-11-28","37.00","AUD","1761399114","29218/2025-11-28/1761399114.json"
"892632","715987","2025-11-27","37.00","AUD","1761399114","29218/2025-11-27/1761399114.json"
"892632","715987","2025-12-02","37.00","AUD","1761399114","29218/2025-12-02/1761399114.json"
"892632","715987","2025-12-01","37.00","AUD","1761399114","29218/2025-12-01/1761399114.json"
"892632","715987","2025-11-30","37.00","AUD","1761399114","29218/2025-11-30/1761399114.json"
"892632","715987","2025-11-29","37.00","AUD","1761399114","29218/2025-11-29/1761399114.json"
"892632","715987","2025-12-03","37.00","AUD","1761399114","29218/2025-12-03/1761399114.json"
"892632","715987","2025-12-04","37.00","AUD","1761399114","29218/2025-12-04/1761399114.json"
"892632","715987","2025-12-06","37.00","AUD","1761399114","29218/2025-12-06/1761399114.json"
"892632","715987","2025-12-05","37.00","AUD","1761399114","29218/2025-12-05/1761399114.json"
"892632","715987","2025-12-08","37.00","AUD","1761399114","29218/2025-12-08/1761399114.json"
"892632","715987","2025-12-07","37.00","AUD","1761399114","29218/2025-12-07/1761399114.json"
"892632","715987","2025-12-09","37.00","AUD","1761399114","29218/2025-12-09/1761399114.json"
"892632","715987","2025-12-10","37.00","AUD","1761399114","29218/2025-12-10/1761399114.json"
"892632","715987","2025-12-11","37.00","AUD","1761399114","29218/2025-12-11/1761399114.json"
"892632","715987","2025-12-12","37.00","AUD","1761399114","29218/2025-12-12/1761399114.json"
"892632","715987","2025-12-14","37.00","AUD","1761399114","29218/2025-12-14/1761399114.json"
"892632","715987","2025-12-13","37.00","AUD","1761399114","29218/2025-12-13/1761399114.json"
"892632","715987","2025-12-17","37.00","AUD","1761399114","29218/2025-12-17/1761399114.json"
"892632","715987","2025-12-16","37.00","AUD","1761399114","29218/2025-12-16/1761399114.json"
"892632","715987","2025-12-15","37.00","AUD","1761399114","29218/2025-12-15/1761399114.json"
"892632","715987","2025-12-18","37.00","AUD","1761399114","29218/2025-12-18/1761399114.json"
"892632","715987","2025-12-19","37.00","AUD","1761399114","29218/2025-12-19/1761399114.json"
"892632","715987","2025-12-20","37.00","AUD","1761399114","29218/2025-12-20/1761399114.json"
"892632","715987","2025-12-21","37.00","AUD","1761399114","29218/2025-12-21/1761399114.json"
"892632","715987","2025-12-22","37.00","AUD","1761399114","29218/2025-12-22/1761399114.json"
"892632","715987","2025-12-24","37.00","AUD","1761399114","29218/2025-12-24/1761399114.json"
"892632","715987","2025-12-23","37.00","AUD","1761399114","29218/2025-12-23/1761399114.json"
"892632","715987","2025-10-27","37.00","AUD","1761412158","29218/2025-10-27/1761412158.json"
"892632","715987","2025-10-28","37.00","AUD","1761412158","29218/2025-10-28/1761412158.json"
"892632","715987","2025-10-26","37.00","AUD","1761412158","29218/2025-10-26/1761412158.json"
"892632","715987","2025-10-29","37.00","AUD","1761412158","29218/2025-10-29/1761412158.json"
"892632","715987","2025-11-01","37.00","AUD","1761412158","29218/2025-11-01/1761412158.json"
"892632","715987","2025-10-31","37.00","AUD","1761412158","29218/2025-10-31/1761412158.json"
"892632","715987","2025-10-30","37.00","AUD","1761412158","29218/2025-10-30/1761412158.json"
"892632","715987","2025-11-02","37.00","AUD","1761412158","29218/2025-11-02/1761412158.json"
"892632","715987","2025-11-03","37.00","AUD","1761412158","29218/2025-11-03/1761412158.json"
"892632","715987","2025-11-05","37.00","AUD","1761412158","29218/2025-11-05/1761412158.json"
"892632","715987","2025-11-04","37.00","AUD","1761412158","29218/2025-11-04/1761412158.json"
"892632","715987","2025-11-06","37.00","AUD","1761412158","29218/2025-11-06/1761412158.json"
"892632","715987","2025-11-10","37.00","AUD","1761412158","29218/2025-11-10/1761412158.json"
"892632","715987","2025-11-09","37.00","AUD","1761412158","29218/2025-11-09/1761412158.json"
"892632","715987","2025-11-07","37.00","AUD","1761412158","29218/2025-11-07/1761412158.json"
"892632","715987","2025-11-08","37.00","AUD","1761412158","29218/2025-11-08/1761412158.json"
"892632","715987","2025-11-12","37.00","AUD","1761412158","29218/2025-11-12/1761412158.json"
"892632","715987","2025-11-11","37.00","AUD","1761412158","29218/2025-11-11/1761412158.json"
"892632","715987","2025-11-14","37.00","AUD","1761412158","29218/2025-11-14/1761412158.json"
"892632","715987","2025-11-13","37.00","AUD","1761412158","29218/2025-11-13/1761412158.json"
"892632","715987","2025-11-16","37.00","AUD","1761412158","29218/2025-11-16/1761412158.json"
"892632","715987","2025-11-17","37.00","AUD","1761412158","29218/2025-11-17/1761412158.json"
"892632","715987","2025-11-18","37.00","AUD","1761412158","29218/2025-11-18/1761412158.json"
"892632","715987","2025-11-15","37.00","AUD","1761412158","29218/2025-11-15/1761412158.json"
"892632","715987","2025-11-19","37.00","AUD","1761412158","29218/2025-11-19/1761412158.json"
"892632","715987","2025-11-22","37.00","AUD","1761412158","29218/2025-11-22/1761412158.json"
"892632","715987","2025-11-21","37.00","AUD","1761412158","29218/2025-11-21/1761412158.json"
"892632","715987","2025-11-20","37.00","AUD","1761412158","29218/2025-11-20/1761412158.json"
"892632","715987","2025-11-23","37.00","AUD","1761412158","29218/2025-11-23/1761412158.json"
"892632","715987","2025-11-25","37.00","AUD","1761412158","29218/2025-11-25/1761412158.json"
"892632","715987","2025-11-24","37.00","AUD","1761412158","29218/2025-11-24/1761412158.json"
"892632","715987","2025-11-27","37.00","AUD","1761412158","29218/2025-11-27/1761412158.json"
"892632","715987","2025-11-26","37.00","AUD","1761412158","29218/2025-11-26/1761412158.json"
"892632","715987","2025-11-29","37.00","AUD","1761412158","29218/2025-11-29/1761412158.json"
"892632","715987","2025-11-28","37.00","AUD","1761412158","29218/2025-11-28/1761412158.json"
"892632","715987","2025-12-01","37.00","AUD","1761412158","29218/2025-12-01/1761412158.json"
"892632","715987","2025-11-30","37.00","AUD","1761412158","29218/2025-11-30/1761412158.json"
"892632","715987","2025-12-04","37.00","AUD","1761412158","29218/2025-12-04/1761412158.json"
"892632","715987","2025-12-03","37.00","AUD","1761412158","29218/2025-12-03/1761412158.json"
"892632","715987","2025-12-02","37.00","AUD","1761412158","29218/2025-12-02/1761412158.json"
"892632","715987","2025-12-05","37.00","AUD","1761412158","29218/2025-12-05/1761412158.json"
"892632","715987","2025-12-08","37.00","AUD","1761412158","29218/2025-12-08/1761412158.json"
"892632","715987","2025-12-09","37.00","AUD","1761412158","29218/2025-12-09/1761412158.json"
"892632","715987","2025-12-07","37.00","AUD","1761412158","29218/2025-12-07/1761412158.json"
"892632","715987","2025-12-06","37.00","AUD","1761412158","29218/2025-12-06/1761412158.json"
"892632","715987","2025-12-10","37.00","AUD","1761412158","29218/2025-12-10/1761412158.json"
"892632","715987","2025-12-13","37.00","AUD","1761412158","29218/2025-12-13/1761412158.json"
"892632","715987","2025-12-12","37.00","AUD","1761412158","29218/2025-12-12/1761412158.json"
"892632","715987","2025-12-11","37.00","AUD","1761412158","29218/2025-12-11/1761412158.json"
"892632","715987","2025-12-17","37.00","AUD","1761412158","29218/2025-12-17/1761412158.json"
"892632","715987","2025-12-16","37.00","AUD","1761412158","29218/2025-12-16/1761412158.json"
"892632","715987","2025-12-15","37.00","AUD","1761412158","29218/2025-12-15/1761412158.json"
"892632","715987","2025-12-14","37.00","AUD","1761412158","29218/2025-12-14/1761412158.json"
"892632","715987","2025-12-18","37.00","AUD","1761412158","29218/2025-12-18/1761412158.json"
"892632","715987","2025-12-19","37.00","AUD","1761412158","29218/2025-12-19/1761412158.json"
"892632","715987","2025-12-20","37.00","AUD","1761412158","29218/2025-12-20/1761412158.json"
"892632","715987","2025-12-21","37.00","AUD","1761412158","29218/2025-12-21/1761412158.json"
"892632","715987","2025-12-23","37.00","AUD","1761412158","29218/2025-12-23/1761412158.json"
"892632","715987","2025-12-24","37.00","AUD","1761412158","29218/2025-12-24/1761412158.json"
"892632","715987","2025-12-22","37.00","AUD","1761412158","29218/2025-12-22/1761412158.json"
"892632","715987","2025-10-28","37.00","AUD","1761426242","29218/2025-10-28/1761426242.json"
"892632","715987","2025-10-27","37.00","AUD","1761426242","29218/2025-10-27/1761426242.json"
"892632","715987","2025-10-29","37.00","AUD","1761426242","29218/2025-10-29/1761426242.json"
"892632","715987","2025-10-26","37.00","AUD","1761426242","29218/2025-10-26/1761426242.json"
"892632","715987","2025-10-30","37.00","AUD","1761426242","29218/2025-10-30/1761426242.json"
"892632","715987","2025-10-31","37.00","AUD","1761426242","29218/2025-10-31/1761426242.json"
"892632","715987","2025-11-01","37.00","AUD","1761426242","29218/2025-11-01/1761426242.json"
"892632","715987","2025-11-02","37.00","AUD","1761426242","29218/2025-11-02/1761426242.json"
"892632","715987","2025-11-05","37.00","AUD","1761426242","29218/2025-11-05/1761426242.json"
"892632","715987","2025-11-03","37.00","AUD","1761426242","29218/2025-11-03/1761426242.json"
"892632","715987","2025-11-04","37.00","AUD","1761426242","29218/2025-11-04/1761426242.json"
"892632","715987","2025-11-08","37.00","AUD","1761426242","29218/2025-11-08/1761426242.json"
"892632","715987","2025-11-07","37.00","AUD","1761426242","29218/2025-11-07/1761426242.json"
"892632","715987","2025-11-06","37.00","AUD","1761426242","29218/2025-11-06/1761426242.json"
"892632","715987","2025-11-09","37.00","AUD","1761426242","29218/2025-11-09/1761426242.json"
"892632","715987","2025-11-10","37.00","AUD","1761426242","29218/2025-11-10/1761426242.json"
"892632","715987","2025-11-12","37.00","AUD","1761426242","29218/2025-11-12/1761426242.json"
"892632","715987","2025-11-11","37.00","AUD","1761426242","29218/2025-11-11/1761426242.json"
"892632","715987","2025-11-13","37.00","AUD","1761426242","29218/2025-11-13/1761426242.json"
"892632","715987","2025-11-14","37.00","AUD","1761426242","29218/2025-11-14/1761426242.json"
"892632","715987","2025-11-15","37.00","AUD","1761426242","29218/2025-11-15/1761426242.json"
"892632","715987","2025-11-16","37.00","AUD","1761426242","29218/2025-11-16/1761426242.json"
"892632","715987","2025-11-17","37.00","AUD","1761426242","29218/2025-11-17/1761426242.json"
"892632","715987","2025-11-18","37.00","AUD","1761426242","29218/2025-11-18/1761426242.json"
"892632","715987","2025-11-19","37.00","AUD","1761426242","29218/2025-11-19/1761426242.json"
"892632","715987","2025-11-20","37.00","AUD","1761426242","29218/2025-11-20/1761426242.json"
"892632","715987","2025-11-21","37.00","AUD","1761426242","29218/2025-11-21/1761426242.json"
"892632","715987","2025-11-22","37.00","AUD","1761426242","29218/2025-11-22/1761426242.json"
"892632","715987","2025-11-24","37.00","AUD","1761426242","29218/2025-11-24/1761426242.json"
"892632","715987","2025-11-23","37.00","AUD","1761426242","29218/2025-11-23/1761426242.json"
"892632","715987","2025-11-25","37.00","AUD","1761426242","29218/2025-11-25/1761426242.json"
"892632","715987","2025-11-26","37.00","AUD","1761426242","29218/2025-11-26/1761426242.json"
"892632","715987","2025-11-28","37.00","AUD","1761426242","29218/2025-11-28/1761426242.json"
"892632","715987","2025-11-27","37.00","AUD","1761426242","29218/2025-11-27/1761426242.json"
"892632","715987","2025-11-29","37.00","AUD","1761426242","29218/2025-11-29/1761426242.json"
"892632","715987","2025-11-30","37.00","AUD","1761426242","29218/2025-11-30/1761426242.json"
"892632","715987","2025-12-03","37.00","AUD","1761426242","29218/2025-12-03/1761426242.json"
"892632","715987","2025-12-02","37.00","AUD","1761426242","29218/2025-12-02/1761426242.json"
"892632","715987","2025-12-01","37.00","AUD","1761426242","29218/2025-12-01/1761426242.json"
"892632","715987","2025-12-04","37.00","AUD","1761426242","29218/2025-12-04/1761426242.json"
"892632","715987","2025-12-06","37.00","AUD","1761426242","29218/2025-12-06/1761426242.json"
"892632","715987","2025-12-05","37.00","AUD","1761426242","29218/2025-12-05/1761426242.json"
"892632","715987","2025-12-07","37.00","AUD","1761426242","29218/2025-12-07/1761426242.json"
"892632","715987","2025-12-08","37.00","AUD","1761426242","29218/2025-12-08/1761426242.json"
"892632","715987","2025-12-09","37.00","AUD","1761426242","29218/2025-12-09/1761426242.json"
"892632","715987","2025-12-10","37.00","AUD","1761426242","29218/2025-12-10/1761426242.json"
"892632","715987","2025-12-11","37.00","AUD","1761426242","29218/2025-12-11/1761426242.json"
"892632","715987","2025-12-12","37.00","AUD","1761426242","29218/2025-12-12/1761426242.json"
"892632","715987","2025-12-13","37.00","AUD","1761426242","29218/2025-12-13/1761426242.json"
"892632","715987","2025-12-14","37.00","AUD","1761426242","29218/2025-12-14/1761426242.json"
"892632","715987","2025-12-15","37.00","AUD","1761426242","29218/2025-12-15/1761426242.json"
"892632","715987","2025-12-16","37.00","AUD","1761426242","29218/2025-12-16/1761426242.json"
"892632","715987","2025-12-17","37.00","AUD","1761426242","29218/2025-12-17/1761426242.json"
"892632","715987","2025-12-19","37.00","AUD","1761426242","29218/2025-12-19/1761426242.json"
"892632","715987","2025-12-18","37.00","AUD","1761426242","29218/2025-12-18/1761426242.json"
"892632","715987","2025-12-23","37.00","AUD","1761426242","29218/2025-12-23/1761426242.json"
"892632","715987","2025-12-22","37.00","AUD","1761426242","29218/2025-12-22/1761426242.json"
"892632","715987","2025-12-20","37.00","AUD","1761426242","29218/2025-12-20/1761426242.json"
"892632","715987","2025-12-21","37.00","AUD","1761426242","29218/2025-12-21/1761426242.json"
"892632","715987","2025-12-24","37.00","AUD","1761426242","29218/2025-12-24/1761426242.json"
"892632","715987","2025-10-28","37.00","AUD","1761451109","29218/2025-10-28/1761451109.json"
"892632","715987","2025-10-27","37.00","AUD","1761451109","29218/2025-10-27/1761451109.json"
"892632","715987","2025-10-29","37.00","AUD","1761451109","29218/2025-10-29/1761451109.json"
"892632","715987","2025-11-02","37.00","AUD","1761451109","29218/2025-11-02/1761451109.json"
"892632","715987","2025-10-30","37.00","AUD","1761451109","29218/2025-10-30/1761451109.json"
"892632","715987","2025-11-01","37.00","AUD","1761451109","29218/2025-11-01/1761451109.json"
"892632","715987","2025-10-31","37.00","AUD","1761451109","29218/2025-10-31/1761451109.json"
"892632","715987","2025-11-04","37.00","AUD","1761451109","29218/2025-11-04/1761451109.json"
"892632","715987","2025-11-03","37.00","AUD","1761451109","29218/2025-11-03/1761451109.json"
"892632","715987","2025-11-05","37.00","AUD","1761451109","29218/2025-11-05/1761451109.json"
"892632","715987","2025-11-06","37.00","AUD","1761451109","29218/2025-11-06/1761451109.json"
"892632","715987","2025-11-08","37.00","AUD","1761451109","29218/2025-11-08/1761451109.json"
"892632","715987","2025-11-07","37.00","AUD","1761451109","29218/2025-11-07/1761451109.json"
"892632","715987","2025-11-09","37.00","AUD","1761451109","29218/2025-11-09/1761451109.json"
"892632","715987","2025-11-10","37.00","AUD","1761451109","29218/2025-11-10/1761451109.json"
"892632","715987","2025-11-13","37.00","AUD","1761451109","29218/2025-11-13/1761451109.json"
"892632","715987","2025-11-12","37.00","AUD","1761451109","29218/2025-11-12/1761451109.json"
"892632","715987","2025-11-14","37.00","AUD","1761451109","29218/2025-11-14/1761451109.json"
"892632","715987","2025-11-15","37.00","AUD","1761451109","29218/2025-11-15/1761451109.json"
"892632","715987","2025-11-16","37.00","AUD","1761451109","29218/2025-11-16/1761451109.json"
"892632","715987","2025-11-11","37.00","AUD","1761451109","29218/2025-11-11/1761451109.json"
"892632","715987","2025-11-17","37.00","AUD","1761451109","29218/2025-11-17/1761451109.json"
"892632","715987","2025-11-19","37.00","AUD","1761451109","29218/2025-11-19/1761451109.json"
"892632","715987","2025-11-20","37.00","AUD","1761451109","29218/2025-11-20/1761451109.json"
"892632","715987","2025-11-18","37.00","AUD","1761451109","29218/2025-11-18/1761451109.json"
"892632","715987","2025-11-21","37.00","AUD","1761451109","29218/2025-11-21/1761451109.json"
"892632","715987","2025-11-23","37.00","AUD","1761451109","29218/2025-11-23/1761451109.json"
"892632","715987","2025-11-24","37.00","AUD","1761451109","29218/2025-11-24/1761451109.json"
"892632","715987","2025-11-22","37.00","AUD","1761451109","29218/2025-11-22/1761451109.json"
"892632","715987","2025-11-28","37.00","AUD","1761451109","29218/2025-11-28/1761451109.json"
"892632","715987","2025-11-26","37.00","AUD","1761451109","29218/2025-11-26/1761451109.json"
"892632","715987","2025-11-27","37.00","AUD","1761451109","29218/2025-11-27/1761451109.json"
"892632","715987","2025-11-25","37.00","AUD","1761451109","29218/2025-11-25/1761451109.json"
"892632","715987","2025-11-29","37.00","AUD","1761451109","29218/2025-11-29/1761451109.json"
"892632","715987","2025-12-01","37.00","AUD","1761451109","29218/2025-12-01/1761451109.json"
"892632","715987","2025-11-30","37.00","AUD","1761451109","29218/2025-11-30/1761451109.json"
"892632","715987","2025-12-02","37.00","AUD","1761451109","29218/2025-12-02/1761451109.json"
"892632","715987","2025-12-05","37.00","AUD","1761451109","29218/2025-12-05/1761451109.json"
"892632","715987","2025-12-04","37.00","AUD","1761451109","29218/2025-12-04/1761451109.json"
"892632","715987","2025-12-06","37.00","AUD","1761451109","29218/2025-12-06/1761451109.json"
"892632","715987","2025-12-03","37.00","AUD","1761451109","29218/2025-12-03/1761451109.json"
"892632","715987","2025-12-08","37.00","AUD","1761451109","29218/2025-12-08/1761451109.json"
"892632","715987","2025-12-07","37.00","AUD","1761451109","29218/2025-12-07/1761451109.json"
"892632","715987","2025-12-10","37.00","AUD","1761451109","29218/2025-12-10/1761451109.json"
"892632","715987","2025-12-09","37.00","AUD","1761451109","29218/2025-12-09/1761451109.json"
"892632","715987","2025-12-12","37.00","AUD","1761451109","29218/2025-12-12/1761451109.json"
"892632","715987","2025-12-11","37.00","AUD","1761451109","29218/2025-12-11/1761451109.json"
"892632","715987","2025-12-14","37.00","AUD","1761451109","29218/2025-12-14/1761451109.json"
"892632","715987","2025-12-13","37.00","AUD","1761451109","29218/2025-12-13/1761451109.json"
"892632","715987","2025-12-15","37.00","AUD","1761451109","29218/2025-12-15/1761451109.json"
"892632","715987","2025-12-16","37.00","AUD","1761451109","29218/2025-12-16/1761451109.json"
"892632","715987","2025-12-17","37.00","AUD","1761451109","29218/2025-12-17/1761451109.json"
"892632","715987","2025-12-18","37.00","AUD","1761451109","29218/2025-12-18/1761451109.json"
"892632","715987","2025-12-20","37.00","AUD","1761451109","29218/2025-12-20/1761451109.json"
"892632","715987","2025-12-21","37.00","AUD","1761451109","29218/2025-12-21/1761451109.json"
"892632","715987","2025-12-19","37.00","AUD","1761451109","29218/2025-12-19/1761451109.json"
"892632","715987","2025-12-22","37.00","AUD","1761451109","29218/2025-12-22/1761451109.json"
"892632","715987","2025-12-23","37.00","AUD","1761451109","29218/2025-12-23/1761451109.json"
"892632","715987","2025-12-24","37.00","AUD","1761451109","29218/2025-12-24/1761451109.json"
"892632","715987","2025-12-25","37.00","AUD","1761451109","29218/2025-12-25/1761451109.json"
"892632","715987","2025-10-27","37.00","AUD","1761455144","29218/2025-10-27/1761455144.json"
"892632","715987","2025-10-29","37.00","AUD","1761455144","29218/2025-10-29/1761455144.json"
"892632","715987","2025-10-28","37.00","AUD","1761455144","29218/2025-10-28/1761455144.json"
"892632","715987","2025-10-30","37.00","AUD","1761455144","29218/2025-10-30/1761455144.json"
"892632","715987","2025-10-31","37.00","AUD","1761455144","29218/2025-10-31/1761455144.json"
"892632","715987","2025-11-01","37.00","AUD","1761455144","29218/2025-11-01/1761455144.json"
"892632","715987","2025-11-02","37.00","AUD","1761455144","29218/2025-11-02/1761455144.json"
"892632","715987","2025-11-03","37.00","AUD","1761455144","29218/2025-11-03/1761455144.json"
"892632","715987","2025-11-06","37.00","AUD","1761455144","29218/2025-11-06/1761455144.json"
"892632","715987","2025-11-05","37.00","AUD","1761455144","29218/2025-11-05/1761455144.json"
"892632","715987","2025-11-07","37.00","AUD","1761455144","29218/2025-11-07/1761455144.json"
"892632","715987","2025-11-04","37.00","AUD","1761455144","29218/2025-11-04/1761455144.json"
"892632","715987","2025-11-08","37.00","AUD","1761455144","29218/2025-11-08/1761455144.json"
"892632","715987","2025-11-09","37.00","AUD","1761455144","29218/2025-11-09/1761455144.json"
"892632","715987","2025-11-10","37.00","AUD","1761455144","29218/2025-11-10/1761455144.json"
"892632","715987","2025-11-11","37.00","AUD","1761455144","29218/2025-11-11/1761455144.json"
"892632","715987","2025-11-13","37.00","AUD","1761455144","29218/2025-11-13/1761455144.json"
"892632","715987","2025-11-12","37.00","AUD","1761455144","29218/2025-11-12/1761455144.json"
"892632","715987","2025-11-14","37.00","AUD","1761455144","29218/2025-11-14/1761455144.json"
"892632","715987","2025-11-15","37.00","AUD","1761455144","29218/2025-11-15/1761455144.json"
"892632","715987","2025-11-16","37.00","AUD","1761455144","29218/2025-11-16/1761455144.json"
"892632","715987","2025-11-17","37.00","AUD","1761455144","29218/2025-11-17/1761455144.json"
"892632","715987","2025-11-18","37.00","AUD","1761455144","29218/2025-11-18/1761455144.json"
"892632","715987","2025-11-19","37.00","AUD","1761455144","29218/2025-11-19/1761455144.json"
"892632","715987","2025-11-20","37.00","AUD","1761455144","29218/2025-11-20/1761455144.json"
"892632","715987","2025-11-21","37.00","AUD","1761455144","29218/2025-11-21/1761455144.json"
"892632","715987","2025-11-22","37.00","AUD","1761455144","29218/2025-11-22/1761455144.json"
"892632","715987","2025-11-23","37.00","AUD","1761455144","29218/2025-11-23/1761455144.json"
"892632","715987","2025-11-24","37.00","AUD","1761455144","29218/2025-11-24/1761455144.json"
"892632","715987","2025-11-25","37.00","AUD","1761455144","29218/2025-11-25/1761455144.json"
"892632","715987","2025-11-26","37.00","AUD","1761455144","29218/2025-11-26/1761455144.json"
"892632","715987","2025-11-27","37.00","AUD","1761455144","29218/2025-11-27/1761455144.json"
"892632","715987","2025-11-28","37.00","AUD","1761455144","29218/2025-11-28/1761455144.json"
"892632","715987","2025-11-30","37.00","AUD","1761455144","29218/2025-11-30/1761455144.json"
"892632","715987","2025-11-29","37.00","AUD","1761455144","29218/2025-11-29/1761455144.json"
"892632","715987","2025-12-01","37.00","AUD","1761455144","29218/2025-12-01/1761455144.json"
"892632","715987","2025-12-02","37.00","AUD","1761455144","29218/2025-12-02/1761455144.json"
"892632","715987","2025-12-03","37.00","AUD","1761455144","29218/2025-12-03/1761455144.json"
"892632","715987","2025-12-04","37.00","AUD","1761455144","29218/2025-12-04/1761455144.json"
"892632","715987","2025-12-05","37.00","AUD","1761455144","29218/2025-12-05/1761455144.json"
"892632","715987","2025-12-06","37.00","AUD","1761455144","29218/2025-12-06/1761455144.json"
"892632","715987","2025-12-08","37.00","AUD","1761455144","29218/2025-12-08/1761455144.json"
"892632","715987","2025-12-07","37.00","AUD","1761455144","29218/2025-12-07/1761455144.json"
"892632","715987","2025-12-10","37.00","AUD","1761455144","29218/2025-12-10/1761455144.json"
"892632","715987","2025-12-09","37.00","AUD","1761455144","29218/2025-12-09/1761455144.json"
"892632","715987","2025-12-11","37.00","AUD","1761455144","29218/2025-12-11/1761455144.json"
"892632","715987","2025-12-12","37.00","AUD","1761455144","29218/2025-12-12/1761455144.json"
"892632","715987","2025-12-13","37.00","AUD","1761455144","29218/2025-12-13/1761455144.json"
"892632","715987","2025-12-14","37.00","AUD","1761455144","29218/2025-12-14/1761455144.json"
"892632","715987","2025-12-16","37.00","AUD","1761455144","29218/2025-12-16/1761455144.json"
"892632","715987","2025-12-15","37.00","AUD","1761455144","29218/2025-12-15/1761455144.json"
"892632","715987","2025-12-17","37.00","AUD","1761455144","29218/2025-12-17/1761455144.json"
"892632","715987","2025-12-20","37.00","AUD","1761455144","29218/2025-12-20/1761455144.json"
"892632","715987","2025-12-19","37.00","AUD","1761455144","29218/2025-12-19/1761455144.json"
"892632","715987","2025-12-18","37.00","AUD","1761455144","29218/2025-12-18/1761455144.json"
"892632","715987","2025-12-21","37.00","AUD","1761455144","29218/2025-12-21/1761455144.json"
"892632","715987","2025-12-23","37.00","AUD","1761455144","29218/2025-12-23/1761455144.json"
"892632","715987","2025-12-22","37.00","AUD","1761455144","29218/2025-12-22/1761455144.json"
"892632","715987","2025-12-24","37.00","AUD","1761455144","29218/2025-12-24/1761455144.json"
"892632","715987","2025-12-25","37.00","AUD","1761455144","29218/2025-12-25/1761455144.json"
"892632","715987","2025-10-29","37.00","AUD","1761469499","29218/2025-10-29/1761469499.json"
"892632","715987","2025-10-27","37.00","AUD","1761469499","29218/2025-10-27/1761469499.json"
"892632","715987","2025-10-28","37.00","AUD","1761469499","29218/2025-10-28/1761469499.json"
"892632","715987","2025-10-30","37.00","AUD","1761469499","29218/2025-10-30/1761469499.json"
"892632","715987","2025-11-01","37.00","AUD","1761469499","29218/2025-11-01/1761469499.json"
"892632","715987","2025-10-31","37.00","AUD","1761469499","29218/2025-10-31/1761469499.json"
"892632","715987","2025-11-03","37.00","AUD","1761469499","29218/2025-11-03/1761469499.json"
"892632","715987","2025-11-02","37.00","AUD","1761469499","29218/2025-11-02/1761469499.json"
"892632","715987","2025-11-04","37.00","AUD","1761469499","29218/2025-11-04/1761469499.json"
"892632","715987","2025-11-05","37.00","AUD","1761469499","29218/2025-11-05/1761469499.json"
"892632","715987","2025-11-07","37.00","AUD","1761469499","29218/2025-11-07/1761469499.json"
"892632","715987","2025-11-06","37.00","AUD","1761469499","29218/2025-11-06/1761469499.json"
"892632","715987","2025-11-08","37.00","AUD","1761469499","29218/2025-11-08/1761469499.json"
"892632","715987","2025-11-09","37.00","AUD","1761469499","29218/2025-11-09/1761469499.json"
"892632","715987","2025-11-11","37.00","AUD","1761469499","29218/2025-11-11/1761469499.json"
"892632","715987","2025-11-10","37.00","AUD","1761469499","29218/2025-11-10/1761469499.json"
"892632","715987","2025-11-12","37.00","AUD","1761469499","29218/2025-11-12/1761469499.json"
"892632","715987","2025-11-15","37.00","AUD","1761469499","29218/2025-11-15/1761469499.json"
"892632","715987","2025-11-14","37.00","AUD","1761469499","29218/2025-11-14/1761469499.json"
"892632","715987","2025-11-13","37.00","AUD","1761469499","29218/2025-11-13/1761469499.json"
"892632","715987","2025-11-16","37.00","AUD","1761469499","29218/2025-11-16/1761469499.json"
"892632","715987","2025-11-18","37.00","AUD","1761469499","29218/2025-11-18/1761469499.json"
"892632","715987","2025-11-17","37.00","AUD","1761469499","29218/2025-11-17/1761469499.json"
"892632","715987","2025-11-20","37.00","AUD","1761469499","29218/2025-11-20/1761469499.json"
"892632","715987","2025-11-19","37.00","AUD","1761469499","29218/2025-11-19/1761469499.json"
"892632","715987","2025-11-21","37.00","AUD","1761469499","29218/2025-11-21/1761469499.json"
"892632","715987","2025-11-22","37.00","AUD","1761469499","29218/2025-11-22/1761469499.json"
"892632","715987","2025-11-23","37.00","AUD","1761469499","29218/2025-11-23/1761469499.json"
"892632","715987","2025-11-24","37.00","AUD","1761469499","29218/2025-11-24/1761469499.json"
"892632","715987","2025-11-26","37.00","AUD","1761469499","29218/2025-11-26/1761469499.json"
"892632","715987","2025-11-27","37.00","AUD","1761469499","29218/2025-11-27/1761469499.json"
"892632","715987","2025-11-25","37.00","AUD","1761469499","29218/2025-11-25/1761469499.json"
"892632","715987","2025-11-28","37.00","AUD","1761469499","29218/2025-11-28/1761469499.json"
"892632","715987","2025-11-29","37.00","AUD","1761469499","29218/2025-11-29/1761469499.json"
"892632","715987","2025-12-01","37.00","AUD","1761469499","29218/2025-12-01/1761469499.json"
"892632","715987","2025-11-30","37.00","AUD","1761469499","29218/2025-11-30/1761469499.json"
"892632","715987","2025-12-02","37.00","AUD","1761469499","29218/2025-12-02/1761469499.json"
"892632","715987","2025-12-03","37.00","AUD","1761469499","29218/2025-12-03/1761469499.json"
"892632","715987","2025-12-04","37.00","AUD","1761469499","29218/2025-12-04/1761469499.json"
"892632","715987","2025-12-05","37.00","AUD","1761469499","29218/2025-12-05/1761469499.json"
"892632","715987","2025-12-07","37.00","AUD","1761469499","29218/2025-12-07/1761469499.json"
"892632","715987","2025-12-06","37.00","AUD","1761469499","29218/2025-12-06/1761469499.json"
"892632","715987","2025-12-08","37.00","AUD","1761469499","29218/2025-12-08/1761469499.json"
"892632","715987","2025-12-09","37.00","AUD","1761469499","29218/2025-12-09/1761469499.json"
"892632","715987","2025-12-10","37.00","AUD","1761469499","29218/2025-12-10/1761469499.json"
"892632","715987","2025-12-11","37.00","AUD","1761469499","29218/2025-12-11/1761469499.json"
"892632","715987","2025-12-13","37.00","AUD","1761469499","29218/2025-12-13/1761469499.json"
"892632","715987","2025-12-14","37.00","AUD","1761469499","29218/2025-12-14/1761469499.json"
"892632","715987","2025-12-12","37.00","AUD","1761469499","29218/2025-12-12/1761469499.json"
"892632","715987","2025-12-15","37.00","AUD","1761469499","29218/2025-12-15/1761469499.json"
"892632","715987","2025-12-16","37.00","AUD","1761469499","29218/2025-12-16/1761469499.json"
"892632","715987","2025-12-18","37.00","AUD","1761469499","29218/2025-12-18/1761469499.json"
"892632","715987","2025-12-17","37.00","AUD","1761469499","29218/2025-12-17/1761469499.json"
"892632","715987","2025-12-22","37.00","AUD","1761469499","29218/2025-12-22/1761469499.json"
"892632","715987","2025-12-20","37.00","AUD","1761469499","29218/2025-12-20/1761469499.json"
"892632","715987","2025-12-19","37.00","AUD","1761469499","29218/2025-12-19/1761469499.json"
"892632","715987","2025-12-21","37.00","AUD","1761469499","29218/2025-12-21/1761469499.json"
"892632","715987","2025-12-23","37.00","AUD","1761469499","29218/2025-12-23/1761469499.json"
"892632","715987","2025-12-24","37.00","AUD","1761469499","29218/2025-12-24/1761469499.json"
"892632","715987","2025-12-25","37.00","AUD","1761469499","29218/2025-12-25/1761469499.json"
"892632","715987","2025-10-29","37.00","AUD","1761485674","29218/2025-10-29/1761485674.json"
"892632","715987","2025-10-28","37.00","AUD","1761485674","29218/2025-10-28/1761485674.json"
"892632","715987","2025-10-27","37.00","AUD","1761485674","29218/2025-10-27/1761485674.json"
"892632","715987","2025-10-30","37.00","AUD","1761485674","29218/2025-10-30/1761485674.json"
"892632","715987","2025-10-31","37.00","AUD","1761485674","29218/2025-10-31/1761485674.json"
"892632","715987","2025-11-01","37.00","AUD","1761485674","29218/2025-11-01/1761485674.json"
"892632","715987","2025-11-02","37.00","AUD","1761485674","29218/2025-11-02/1761485674.json"
"892632","715987","2025-11-04","37.00","AUD","1761485674","29218/2025-11-04/1761485674.json"
"892632","715987","2025-11-06","37.00","AUD","1761485674","29218/2025-11-06/1761485674.json"
"892632","715987","2025-11-03","37.00","AUD","1761485674","29218/2025-11-03/1761485674.json"
"892632","715987","2025-11-05","37.00","AUD","1761485674","29218/2025-11-05/1761485674.json"
"892632","715987","2025-11-07","37.00","AUD","1761485674","29218/2025-11-07/1761485674.json"
"892632","715987","2025-11-08","37.00","AUD","1761485674","29218/2025-11-08/1761485674.json"
"892632","715987","2025-11-10","37.00","AUD","1761485674","29218/2025-11-10/1761485674.json"
"892632","715987","2025-11-09","37.00","AUD","1761485674","29218/2025-11-09/1761485674.json"
"892632","715987","2025-11-12","37.00","AUD","1761485674","29218/2025-11-12/1761485674.json"
"892632","715987","2025-11-11","37.00","AUD","1761485674","29218/2025-11-11/1761485674.json"
"892632","715987","2025-11-13","37.00","AUD","1761485674","29218/2025-11-13/1761485674.json"
"892632","715987","2025-11-14","37.00","AUD","1761485674","29218/2025-11-14/1761485674.json"
"892632","715987","2025-11-16","37.00","AUD","1761485674","29218/2025-11-16/1761485674.json"
"892632","715987","2025-11-18","37.00","AUD","1761485674","29218/2025-11-18/1761485674.json"
"892632","715987","2025-11-17","37.00","AUD","1761485674","29218/2025-11-17/1761485674.json"
"892632","715987","2025-11-15","37.00","AUD","1761485674","29218/2025-11-15/1761485674.json"
"892632","715987","2025-11-19","37.00","AUD","1761485674","29218/2025-11-19/1761485674.json"
"892632","715987","2025-11-20","37.00","AUD","1761485674","29218/2025-11-20/1761485674.json"
"892632","715987","2025-11-22","37.00","AUD","1761485674","29218/2025-11-22/1761485674.json"
"892632","715987","2025-11-21","37.00","AUD","1761485674","29218/2025-11-21/1761485674.json"
"892632","715987","2025-11-24","37.00","AUD","1761485674","29218/2025-11-24/1761485674.json"
"892632","715987","2025-11-26","37.00","AUD","1761485674","29218/2025-11-26/1761485674.json"
"892632","715987","2025-11-23","37.00","AUD","1761485674","29218/2025-11-23/1761485674.json"
"892632","715987","2025-11-25","37.00","AUD","1761485674","29218/2025-11-25/1761485674.json"
"892632","715987","2025-11-27","37.00","AUD","1761485674","29218/2025-11-27/1761485674.json"
"892632","715987","2025-11-28","37.00","AUD","1761485674","29218/2025-11-28/1761485674.json"
"892632","715987","2025-11-29","37.00","AUD","1761485674","29218/2025-11-29/1761485674.json"
"892632","715987","2025-11-30","37.00","AUD","1761485674","29218/2025-11-30/1761485674.json"
"892632","715987","2025-12-01","37.00","AUD","1761485674","29218/2025-12-01/1761485674.json"
"892632","715987","2025-12-02","37.00","AUD","1761485674","29218/2025-12-02/1761485674.json"
"892632","715987","2025-12-03","37.00","AUD","1761485674","29218/2025-12-03/1761485674.json"
"892632","715987","2025-12-04","37.00","AUD","1761485674","29218/2025-12-04/1761485674.json"
"892632","715987","2025-12-05","37.00","AUD","1761485674","29218/2025-12-05/1761485674.json"
"892632","715987","2025-12-06","37.00","AUD","1761485674","29218/2025-12-06/1761485674.json"
"892632","715987","2025-12-08","37.00","AUD","1761485674","29218/2025-12-08/1761485674.json"
"892632","715987","2025-12-07","37.00","AUD","1761485674","29218/2025-12-07/1761485674.json"
"892632","715987","2025-12-10","37.00","AUD","1761485674","29218/2025-12-10/1761485674.json"
"892632","715987","2025-12-09","37.00","AUD","1761485674","29218/2025-12-09/1761485674.json"
"892632","715987","2025-12-11","37.00","AUD","1761485674","29218/2025-12-11/1761485674.json"
"892632","715987","2025-12-12","37.00","AUD","1761485674","29218/2025-12-12/1761485674.json"
"892632","715987","2025-12-14","37.00","AUD","1761485674","29218/2025-12-14/1761485674.json"
"892632","715987","2025-12-13","37.00","AUD","1761485674","29218/2025-12-13/1761485674.json"
"892632","715987","2025-12-15","37.00","AUD","1761485674","29218/2025-12-15/1761485674.json"
"892632","715987","2025-12-16","37.00","AUD","1761485674","29218/2025-12-16/1761485674.json"
"892632","715987","2025-12-17","37.00","AUD","1761485674","29218/2025-12-17/1761485674.json"
"892632","715987","2025-12-18","37.00","AUD","1761485674","29218/2025-12-18/1761485674.json"
"892632","715987","2025-12-19","37.00","AUD","1761485674","29218/2025-12-19/1761485674.json"
"892632","715987","2025-12-20","37.00","AUD","1761485674","29218/2025-12-20/1761485674.json"
"892632","715987","2025-12-21","37.00","AUD","1761485674","29218/2025-12-21/1761485674.json"
"892632","715987","2025-12-22","37.00","AUD","1761485674","29218/2025-12-22/1761485674.json"
"892632","715987","2025-12-23","37.00","AUD","1761485674","29218/2025-12-23/1761485674.json"
"892632","715987","2025-12-24","37.00","AUD","1761485674","29218/2025-12-24/1761485674.json"
"892632","715987","2025-12-25","37.00","AUD","1761485674","29218/2025-12-25/1761485674.json"
"892632","715987","2025-10-29","37.00","AUD","1761498793","29218/2025-10-29/1761498793.json"
"892632","715987","2025-10-28","37.00","AUD","1761498793","29218/2025-10-28/1761498793.json"
"892632","715987","2025-10-27","37.00","AUD","1761498793","29218/2025-10-27/1761498793.json"
"892632","715987","2025-10-30","37.00","AUD","1761498793","29218/2025-10-30/1761498793.json"
"892632","715987","2025-10-31","37.00","AUD","1761498793","29218/2025-10-31/1761498793.json"
"892632","715987","2025-11-03","37.00","AUD","1761498793","29218/2025-11-03/1761498793.json"
"892632","715987","2025-11-02","37.00","AUD","1761498793","29218/2025-11-02/1761498793.json"
"892632","715987","2025-11-01","37.00","AUD","1761498793","29218/2025-11-01/1761498793.json"
"892632","715987","2025-11-04","37.00","AUD","1761498793","29218/2025-11-04/1761498793.json"
"892632","715987","2025-11-06","37.00","AUD","1761498793","29218/2025-11-06/1761498793.json"
"892632","715987","2025-11-05","37.00","AUD","1761498793","29218/2025-11-05/1761498793.json"
"892632","715987","2025-11-07","37.00","AUD","1761498793","29218/2025-11-07/1761498793.json"
"892632","715987","2025-11-08","37.00","AUD","1761498793","29218/2025-11-08/1761498793.json"
"892632","715987","2025-11-09","37.00","AUD","1761498793","29218/2025-11-09/1761498793.json"
"892632","715987","2025-11-10","37.00","AUD","1761498793","29218/2025-11-10/1761498793.json"
"892632","715987","2025-11-11","37.00","AUD","1761498793","29218/2025-11-11/1761498793.json"
"892632","715987","2025-11-12","37.00","AUD","1761498793","29218/2025-11-12/1761498793.json"
"892632","715987","2025-11-13","37.00","AUD","1761498793","29218/2025-11-13/1761498793.json"
"892632","715987","2025-11-14","37.00","AUD","1761498793","29218/2025-11-14/1761498793.json"
"892632","715987","2025-11-15","37.00","AUD","1761498793","29218/2025-11-15/1761498793.json"
"892632","715987","2025-11-16","37.00","AUD","1761498793","29218/2025-11-16/1761498793.json"
"892632","715987","2025-11-17","37.00","AUD","1761498793","29218/2025-11-17/1761498793.json"
"892632","715987","2025-11-19","37.00","AUD","1761498793","29218/2025-11-19/1761498793.json"
"892632","715987","2025-11-18","37.00","AUD","1761498793","29218/2025-11-18/1761498793.json"
"892632","715987","2025-11-20","37.00","AUD","1761498793","29218/2025-11-20/1761498793.json"
"892632","715987","2025-11-21","37.00","AUD","1761498793","29218/2025-11-21/1761498793.json"
"892632","715987","2025-11-22","37.00","AUD","1761498793","29218/2025-11-22/1761498793.json"
"892632","715987","2025-11-23","37.00","AUD","1761498793","29218/2025-11-23/1761498793.json"
"892632","715987","2025-11-24","37.00","AUD","1761498793","29218/2025-11-24/1761498793.json"
"892632","715987","2025-11-26","37.00","AUD","1761498793","29218/2025-11-26/1761498793.json"
"892632","715987","2025-11-28","37.00","AUD","1761498793","29218/2025-11-28/1761498793.json"
"892632","715987","2025-11-25","37.00","AUD","1761498793","29218/2025-11-25/1761498793.json"
"892632","715987","2025-11-27","37.00","AUD","1761498793","29218/2025-11-27/1761498793.json"
"892632","715987","2025-11-29","37.00","AUD","1761498793","29218/2025-11-29/1761498793.json"
"892632","715987","2025-11-30","37.00","AUD","1761498793","29218/2025-11-30/1761498793.json"
"892632","715987","2025-12-02","37.00","AUD","1761498793","29218/2025-12-02/1761498793.json"
"892632","715987","2025-12-01","37.00","AUD","1761498793","29218/2025-12-01/1761498793.json"
"892632","715987","2025-12-03","37.00","AUD","1761498793","29218/2025-12-03/1761498793.json"
"892632","715987","2025-12-04","37.00","AUD","1761498793","29218/2025-12-04/1761498793.json"
"892632","715987","2025-12-06","37.00","AUD","1761498793","29218/2025-12-06/1761498793.json"
"892632","715987","2025-12-05","37.00","AUD","1761498793","29218/2025-12-05/1761498793.json"
"892632","715987","2025-12-07","37.00","AUD","1761498793","29218/2025-12-07/1761498793.json"
"892632","715987","2025-12-08","37.00","AUD","1761498793","29218/2025-12-08/1761498793.json"
"892632","715987","2025-12-10","37.00","AUD","1761498793","29218/2025-12-10/1761498793.json"
"892632","715987","2025-12-09","37.00","AUD","1761498793","29218/2025-12-09/1761498793.json"
"892632","715987","2025-12-12","37.00","AUD","1761498793","29218/2025-12-12/1761498793.json"
"892632","715987","2025-12-14","37.00","AUD","1761498793","29218/2025-12-14/1761498793.json"
"892632","715987","2025-12-11","37.00","AUD","1761498793","29218/2025-12-11/1761498793.json"
"892632","715987","2025-12-13","37.00","AUD","1761498793","29218/2025-12-13/1761498793.json"
"892632","715987","2025-12-16","37.00","AUD","1761498793","29218/2025-12-16/1761498793.json"
"892632","715987","2025-12-15","37.00","AUD","1761498793","29218/2025-12-15/1761498793.json"
"892632","715987","2025-12-18","37.00","AUD","1761498793","29218/2025-12-18/1761498793.json"
"892632","715987","2025-12-17","37.00","AUD","1761498793","29218/2025-12-17/1761498793.json"
"892632","715987","2025-12-20","37.00","AUD","1761498793","29218/2025-12-20/1761498793.json"
"892632","715987","2025-12-21","37.00","AUD","1761498793","29218/2025-12-21/1761498793.json"
"892632","715987","2025-12-19","37.00","AUD","1761498793","29218/2025-12-19/1761498793.json"
"892632","715987","2025-12-22","37.00","AUD","1761498793","29218/2025-12-22/1761498793.json"
"892632","715987","2025-12-23","37.00","AUD","1761498793","29218/2025-12-23/1761498793.json"
"892632","715987","2025-12-24","37.00","AUD","1761498793","29218/2025-12-24/1761498793.json"
"892632","715987","2025-12-25","37.00","AUD","1761498793","29218/2025-12-25/1761498793.json"
"892632","715987","2025-10-27","37.00","AUD","1761512731","29218/2025-10-27/1761512731.json"
"892632","715987","2025-10-30","37.00","AUD","1761512731","29218/2025-10-30/1761512731.json"
"892632","715987","2025-10-29","37.00","AUD","1761512731","29218/2025-10-29/1761512731.json"
"892632","715987","2025-10-28","37.00","AUD","1761512731","29218/2025-10-28/1761512731.json"
"892632","715987","2025-10-31","37.00","AUD","1761512731","29218/2025-10-31/1761512731.json"
"892632","715987","2025-11-03","37.00","AUD","1761512731","29218/2025-11-03/1761512731.json"
"892632","715987","2025-11-01","37.00","AUD","1761512731","29218/2025-11-01/1761512731.json"
"892632","715987","2025-11-02","37.00","AUD","1761512731","29218/2025-11-02/1761512731.json"
"892632","715987","2025-11-04","37.00","AUD","1761512731","29218/2025-11-04/1761512731.json"
"892632","715987","2025-11-05","37.00","AUD","1761512731","29218/2025-11-05/1761512731.json"
"892632","715987","2025-11-06","37.00","AUD","1761512731","29218/2025-11-06/1761512731.json"
"892632","715987","2025-11-07","37.00","AUD","1761512731","29218/2025-11-07/1761512731.json"
"892632","715987","2025-11-09","37.00","AUD","1761512731","29218/2025-11-09/1761512731.json"
"892632","715987","2025-11-10","37.00","AUD","1761512731","29218/2025-11-10/1761512731.json"
"892632","715987","2025-11-11","37.00","AUD","1761512731","29218/2025-11-11/1761512731.json"
"892632","715987","2025-11-08","37.00","AUD","1761512731","29218/2025-11-08/1761512731.json"
"892632","715987","2025-11-13","37.00","AUD","1761512731","29218/2025-11-13/1761512731.json"
"892632","715987","2025-11-12","37.00","AUD","1761512731","29218/2025-11-12/1761512731.json"
"892632","715987","2025-11-14","37.00","AUD","1761512731","29218/2025-11-14/1761512731.json"
"892632","715987","2025-11-16","37.00","AUD","1761512731","29218/2025-11-16/1761512731.json"
"892632","715987","2025-11-15","37.00","AUD","1761512731","29218/2025-11-15/1761512731.json"
"892632","715987","2025-11-18","37.00","AUD","1761512731","29218/2025-11-18/1761512731.json"
"892632","715987","2025-11-19","37.00","AUD","1761512731","29218/2025-11-19/1761512731.json"
"892632","715987","2025-11-17","37.00","AUD","1761512731","29218/2025-11-17/1761512731.json"
"892632","715987","2025-11-20","37.00","AUD","1761512731","29218/2025-11-20/1761512731.json"
"892632","715987","2025-11-21","37.00","AUD","1761512731","29218/2025-11-21/1761512731.json"
"892632","715987","2025-11-22","37.00","AUD","1761512731","29218/2025-11-22/1761512731.json"
"892632","715987","2025-11-23","37.00","AUD","1761512731","29218/2025-11-23/1761512731.json"
"892632","715987","2025-11-24","37.00","AUD","1761512731","29218/2025-11-24/1761512731.json"
"892632","715987","2025-11-25","37.00","AUD","1761512731","29218/2025-11-25/1761512731.json"
"892632","715987","2025-11-27","37.00","AUD","1761512731","29218/2025-11-27/1761512731.json"
"892632","715987","2025-11-26","37.00","AUD","1761512731","29218/2025-11-26/1761512731.json"
"892632","715987","2025-11-28","37.00","AUD","1761512731","29218/2025-11-28/1761512731.json"
"892632","715987","2025-11-29","37.00","AUD","1761512731","29218/2025-11-29/1761512731.json"
"892632","715987","2025-11-30","37.00","AUD","1761512731","29218/2025-11-30/1761512731.json"
"892632","715987","2025-12-01","37.00","AUD","1761512731","29218/2025-12-01/1761512731.json"
"892632","715987","2025-12-02","37.00","AUD","1761512731","29218/2025-12-02/1761512731.json"
"892632","715987","2025-12-03","37.00","AUD","1761512731","29218/2025-12-03/1761512731.json"
"892632","715987","2025-12-05","37.00","AUD","1761512731","29218/2025-12-05/1761512731.json"
"892632","715987","2025-12-04","37.00","AUD","1761512731","29218/2025-12-04/1761512731.json"
"892632","715987","2025-12-06","37.00","AUD","1761512731","29218/2025-12-06/1761512731.json"
"892632","715987","2025-12-07","37.00","AUD","1761512731","29218/2025-12-07/1761512731.json"
"892632","715987","2025-12-08","37.00","AUD","1761512731","29218/2025-12-08/1761512731.json"
"892632","715987","2025-12-09","37.00","AUD","1761512731","29218/2025-12-09/1761512731.json"
"892632","715987","2025-12-10","37.00","AUD","1761512731","29218/2025-12-10/1761512731.json"
"892632","715987","2025-12-11","37.00","AUD","1761512731","29218/2025-12-11/1761512731.json"
"892632","715987","2025-12-12","37.00","AUD","1761512731","29218/2025-12-12/1761512731.json"
"892632","715987","2025-12-13","37.00","AUD","1761512731","29218/2025-12-13/1761512731.json"
"892632","715987","2025-12-15","37.00","AUD","1761512731","29218/2025-12-15/1761512731.json"
"892632","715987","2025-12-14","37.00","AUD","1761512731","29218/2025-12-14/1761512731.json"
"892632","715987","2025-12-17","37.00","AUD","1761512731","29218/2025-12-17/1761512731.json"
"892632","715987","2025-12-16","37.00","AUD","1761512731","29218/2025-12-16/1761512731.json"
"892632","715987","2025-12-18","37.00","AUD","1761512731","29218/2025-12-18/1761512731.json"
"892632","715987","2025-12-19","37.00","AUD","1761512731","29218/2025-12-19/1761512731.json"
"892632","715987","2025-12-20","37.00","AUD","1761512731","29218/2025-12-20/1761512731.json"
"892632","715987","2025-12-21","37.00","AUD","1761512731","29218/2025-12-21/1761512731.json"
"892632","715987","2025-12-22","37.00","AUD","1761512731","29218/2025-12-22/1761512731.json"
"892632","715987","2025-12-23","37.00","AUD","1761512731","29218/2025-12-23/1761512731.json"
"892632","715987","2025-12-24","37.00","AUD","1761512731","29218/2025-12-24/1761512731.json"
"892632","715987","2025-12-25","37.00","AUD","1761512731","29218/2025-12-25/1761512731.json"
"892632","715987","2025-10-30","37.00","AUD","1761538204","29218/2025-10-30/1761538204.json"
"892632","715987","2025-10-28","37.00","AUD","1761538204","29218/2025-10-28/1761538204.json"
"892632","715987","2025-10-29","37.00","AUD","1761538204","29218/2025-10-29/1761538204.json"
"892632","715987","2025-10-31","37.00","AUD","1761538204","29218/2025-10-31/1761538204.json"
"892632","715987","2025-11-01","37.00","AUD","1761538204","29218/2025-11-01/1761538204.json"
"892632","715987","2025-11-02","37.00","AUD","1761538204","29218/2025-11-02/1761538204.json"
"892632","715987","2025-11-03","37.00","AUD","1761538204","29218/2025-11-03/1761538204.json"
"892632","715987","2025-11-04","37.00","AUD","1761538204","29218/2025-11-04/1761538204.json"
"892632","715987","2025-11-05","37.00","AUD","1761538204","29218/2025-11-05/1761538204.json"
"892632","715987","2025-11-06","37.00","AUD","1761538204","29218/2025-11-06/1761538204.json"
"892632","715987","2025-11-07","37.00","AUD","1761538204","29218/2025-11-07/1761538204.json"
"892632","715987","2025-11-08","37.00","AUD","1761538204","29218/2025-11-08/1761538204.json"
"892632","715987","2025-11-09","37.00","AUD","1761538204","29218/2025-11-09/1761538204.json"
"892632","715987","2025-11-10","37.00","AUD","1761538204","29218/2025-11-10/1761538204.json"
"892632","715987","2025-11-11","37.00","AUD","1761538204","29218/2025-11-11/1761538204.json"
"892632","715987","2025-11-12","37.00","AUD","1761538204","29218/2025-11-12/1761538204.json"
"892632","715987","2025-11-13","37.00","AUD","1761538204","29218/2025-11-13/1761538204.json"
"892632","715987","2025-11-14","37.00","AUD","1761538204","29218/2025-11-14/1761538204.json"
"892632","715987","2025-11-16","37.00","AUD","1761538204","29218/2025-11-16/1761538204.json"
"892632","715987","2025-11-15","37.00","AUD","1761538204","29218/2025-11-15/1761538204.json"
"892632","715987","2025-11-17","37.00","AUD","1761538204","29218/2025-11-17/1761538204.json"
"892632","715987","2025-11-18","37.00","AUD","1761538204","29218/2025-11-18/1761538204.json"
"892632","715987","2025-11-19","37.00","AUD","1761538204","29218/2025-11-19/1761538204.json"
"892632","715987","2025-11-20","37.00","AUD","1761538204","29218/2025-11-20/1761538204.json"
"892632","715987","2025-11-21","37.00","AUD","1761538204","29218/2025-11-21/1761538204.json"
"892632","715987","2025-11-22","37.00","AUD","1761538204","29218/2025-11-22/1761538204.json"
"892632","715987","2025-11-24","37.00","AUD","1761538204","29218/2025-11-24/1761538204.json"
"892632","715987","2025-11-23","37.00","AUD","1761538204","29218/2025-11-23/1761538204.json"
"892632","715987","2025-11-26","37.00","AUD","1761538204","29218/2025-11-26/1761538204.json"
"892632","715987","2025-11-25","37.00","AUD","1761538204","29218/2025-11-25/1761538204.json"
"892632","715987","2025-11-27","37.00","AUD","1761538204","29218/2025-11-27/1761538204.json"
"892632","715987","2025-11-28","37.00","AUD","1761538204","29218/2025-11-28/1761538204.json"
"892632","715987","2025-11-29","37.00","AUD","1761538204","29218/2025-11-29/1761538204.json"
"892632","715987","2025-11-30","37.00","AUD","1761538204","29218/2025-11-30/1761538204.json"
"892632","715987","2025-12-01","37.00","AUD","1761538204","29218/2025-12-01/1761538204.json"
"892632","715987","2025-12-02","37.00","AUD","1761538204","29218/2025-12-02/1761538204.json"
"892632","715987","2025-12-03","37.00","AUD","1761538204","29218/2025-12-03/1761538204.json"
"892632","715987","2025-12-05","37.00","AUD","1761538204","29218/2025-12-05/1761538204.json"
"892632","715987","2025-12-06","37.00","AUD","1761538204","29218/2025-12-06/1761538204.json"
"892632","715987","2025-12-04","37.00","AUD","1761538204","29218/2025-12-04/1761538204.json"
"892632","715987","2025-12-07","37.00","AUD","1761538204","29218/2025-12-07/1761538204.json"
"892632","715987","2025-12-08","37.00","AUD","1761538204","29218/2025-12-08/1761538204.json"
"892632","715987","2025-12-09","37.00","AUD","1761538204","29218/2025-12-09/1761538204.json"
"892632","715987","2025-12-10","37.00","AUD","1761538204","29218/2025-12-10/1761538204.json"
"892632","715987","2025-12-11","37.00","AUD","1761538204","29218/2025-12-11/1761538204.json"
"892632","715987","2025-12-12","37.00","AUD","1761538204","29218/2025-12-12/1761538204.json"
"892632","715987","2025-12-13","37.00","AUD","1761538204","29218/2025-12-13/1761538204.json"
"892632","715987","2025-12-14","37.00","AUD","1761538204","29218/2025-12-14/1761538204.json"
"892632","715987","2025-12-15","37.00","AUD","1761538204","29218/2025-12-15/1761538204.json"
"892632","715987","2025-12-16","37.00","AUD","1761538204","29218/2025-12-16/1761538204.json"
"892632","715987","2025-12-18","37.00","AUD","1761538204","29218/2025-12-18/1761538204.json"
"892632","715987","2025-12-19","37.00","AUD","1761538204","29218/2025-12-19/1761538204.json"
"892632","715987","2025-12-20","37.00","AUD","1761538204","29218/2025-12-20/1761538204.json"
"892632","715987","2025-12-21","37.00","AUD","1761538204","29218/2025-12-21/1761538204.json"
"892632","715987","2025-12-22","37.00","AUD","1761538204","29218/2025-12-22/1761538204.json"
"892632","715987","2025-12-23","37.00","AUD","1761538204","29218/2025-12-23/1761538204.json"
"892632","715987","2025-12-24","37.00","AUD","1761538204","29218/2025-12-24/1761538204.json"
"892632","715987","2025-12-25","37.00","AUD","1761538204","29218/2025-12-25/1761538204.json"
"892632","715987","2025-12-26","37.00","AUD","1761538204","29218/2025-12-26/1761538204.json"
"892632","715987","2025-12-17","37.00","AUD","1761538204","29218/2025-12-17/1761538204.json"
"892632","715987","2025-10-30","37.00","AUD","1761542414","29218/2025-10-30/1761542414.json"
"892632","715987","2025-10-28","37.00","AUD","1761542414","29218/2025-10-28/1761542414.json"
"892632","715987","2025-10-29","37.00","AUD","1761542414","29218/2025-10-29/1761542414.json"
"892632","715987","2025-10-31","37.00","AUD","1761542414","29218/2025-10-31/1761542414.json"
"892632","715987","2025-11-02","37.00","AUD","1761542414","29218/2025-11-02/1761542414.json"
"892632","715987","2025-11-03","37.00","AUD","1761542414","29218/2025-11-03/1761542414.json"
"892632","715987","2025-11-01","37.00","AUD","1761542414","29218/2025-11-01/1761542414.json"
"892632","715987","2025-11-04","37.00","AUD","1761542414","29218/2025-11-04/1761542414.json"
"892632","715987","2025-11-05","37.00","AUD","1761542414","29218/2025-11-05/1761542414.json"
"892632","715987","2025-11-06","37.00","AUD","1761542414","29218/2025-11-06/1761542414.json"
"892632","715987","2025-11-07","37.00","AUD","1761542414","29218/2025-11-07/1761542414.json"
"892632","715987","2025-11-08","37.00","AUD","1761542414","29218/2025-11-08/1761542414.json"
"892632","715987","2025-11-09","37.00","AUD","1761542414","29218/2025-11-09/1761542414.json"
"892632","715987","2025-11-10","37.00","AUD","1761542414","29218/2025-11-10/1761542414.json"
"892632","715987","2025-11-11","37.00","AUD","1761542414","29218/2025-11-11/1761542414.json"
"892632","715987","2025-11-12","37.00","AUD","1761542414","29218/2025-11-12/1761542414.json"
"892632","715987","2025-11-13","37.00","AUD","1761542414","29218/2025-11-13/1761542414.json"
"892632","715987","2025-11-14","37.00","AUD","1761542414","29218/2025-11-14/1761542414.json"
"892632","715987","2025-11-15","37.00","AUD","1761542414","29218/2025-11-15/1761542414.json"
"892632","715987","2025-11-16","37.00","AUD","1761542414","29218/2025-11-16/1761542414.json"
"892632","715987","2025-11-17","37.00","AUD","1761542414","29218/2025-11-17/1761542414.json"
"892632","715987","2025-11-18","37.00","AUD","1761542414","29218/2025-11-18/1761542414.json"
"892632","715987","2025-11-19","37.00","AUD","1761542414","29218/2025-11-19/1761542414.json"
"892632","715987","2025-11-20","37.00","AUD","1761542414","29218/2025-11-20/1761542414.json"
"892632","715987","2025-11-21","37.00","AUD","1761542414","29218/2025-11-21/1761542414.json"
"892632","715987","2025-11-22","37.00","AUD","1761542414","29218/2025-11-22/1761542414.json"
"892632","715987","2025-11-23","37.00","AUD","1761542414","29218/2025-11-23/1761542414.json"
"892632","715987","2025-11-24","37.00","AUD","1761542414","29218/2025-11-24/1761542414.json"
"892632","715987","2025-11-25","37.00","AUD","1761542414","29218/2025-11-25/1761542414.json"
"892632","715987","2025-11-26","37.00","AUD","1761542414","29218/2025-11-26/1761542414.json"
"892632","715987","2025-11-27","37.00","AUD","1761542414","29218/2025-11-27/1761542414.json"
"892632","715987","2025-11-28","37.00","AUD","1761542414","29218/2025-11-28/1761542414.json"
"892632","715987","2025-11-29","37.00","AUD","1761542414","29218/2025-11-29/1761542414.json"
"892632","715987","2025-11-30","37.00","AUD","1761542414","29218/2025-11-30/1761542414.json"
"892632","715987","2025-12-01","37.00","AUD","1761542414","29218/2025-12-01/1761542414.json"
"892632","715987","2025-12-02","37.00","AUD","1761542414","29218/2025-12-02/1761542414.json"
"892632","715987","2025-12-03","37.00","AUD","1761542414","29218/2025-12-03/1761542414.json"
"892632","715987","2025-12-04","37.00","AUD","1761542414","29218/2025-12-04/1761542414.json"
"892632","715987","2025-12-05","37.00","AUD","1761542414","29218/2025-12-05/1761542414.json"
"892632","715987","2025-12-07","37.00","AUD","1761542414","29218/2025-12-07/1761542414.json"
"892632","715987","2025-12-06","37.00","AUD","1761542414","29218/2025-12-06/1761542414.json"
"892632","715987","2025-12-08","37.00","AUD","1761542414","29218/2025-12-08/1761542414.json"
"892632","715987","2025-12-09","37.00","AUD","1761542414","29218/2025-12-09/1761542414.json"
"892632","715987","2025-12-11","37.00","AUD","1761542414","29218/2025-12-11/1761542414.json"
"892632","715987","2025-12-10","37.00","AUD","1761542414","29218/2025-12-10/1761542414.json"
"892632","715987","2025-12-12","37.00","AUD","1761542414","29218/2025-12-12/1761542414.json"
"892632","715987","2025-12-13","37.00","AUD","1761542414","29218/2025-12-13/1761542414.json"
"892632","715987","2025-12-14","37.00","AUD","1761542414","29218/2025-12-14/1761542414.json"
"892632","715987","2025-12-15","37.00","AUD","1761542414","29218/2025-12-15/1761542414.json"
"892632","715987","2025-12-16","37.00","AUD","1761542414","29218/2025-12-16/1761542414.json"
"892632","715987","2025-12-17","37.00","AUD","1761542414","29218/2025-12-17/1761542414.json"
"892632","715987","2025-12-20","37.00","AUD","1761542414","29218/2025-12-20/1761542414.json"
"892632","715987","2025-12-19","37.00","AUD","1761542414","29218/2025-12-19/1761542414.json"
"892632","715987","2025-12-18","37.00","AUD","1761542414","29218/2025-12-18/1761542414.json"
"892632","715987","2025-12-21","37.00","AUD","1761542414","29218/2025-12-21/1761542414.json"
"892632","715987","2025-12-22","37.00","AUD","1761542414","29218/2025-12-22/1761542414.json"
"892632","715987","2025-12-24","37.00","AUD","1761542414","29218/2025-12-24/1761542414.json"
"892632","715987","2025-12-23","37.00","AUD","1761542414","29218/2025-12-23/1761542414.json"
"892632","715987","2025-12-25","37.00","AUD","1761542414","29218/2025-12-25/1761542414.json"
"892632","715987","2025-12-26","37.00","AUD","1761542414","29218/2025-12-26/1761542414.json"
"892632","715987","2025-10-30","37.00","AUD","1761556780","29218/2025-10-30/1761556780.json"
"892632","715987","2025-10-28","37.00","AUD","1761556780","29218/2025-10-28/1761556780.json"
"892632","715987","2025-10-29","37.00","AUD","1761556780","29218/2025-10-29/1761556780.json"
"892632","715987","2025-10-31","37.00","AUD","1761556780","29218/2025-10-31/1761556780.json"
"892632","715987","2025-11-01","37.00","AUD","1761556780","29218/2025-11-01/1761556780.json"
"892632","715987","2025-11-02","37.00","AUD","1761556780","29218/2025-11-02/1761556780.json"
"892632","715987","2025-11-03","37.00","AUD","1761556780","29218/2025-11-03/1761556780.json"
"892632","715987","2025-11-06","37.00","AUD","1761556780","29218/2025-11-06/1761556780.json"
"892632","715987","2025-11-05","37.00","AUD","1761556780","29218/2025-11-05/1761556780.json"
"892632","715987","2025-11-07","37.00","AUD","1761556780","29218/2025-11-07/1761556780.json"
"892632","715987","2025-11-04","37.00","AUD","1761556780","29218/2025-11-04/1761556780.json"
"892632","715987","2025-11-08","37.00","AUD","1761556780","29218/2025-11-08/1761556780.json"
"892632","715987","2025-11-09","37.00","AUD","1761556780","29218/2025-11-09/1761556780.json"
"892632","715987","2025-11-11","37.00","AUD","1761556780","29218/2025-11-11/1761556780.json"
"892632","715987","2025-11-12","37.00","AUD","1761556780","29218/2025-11-12/1761556780.json"
"892632","715987","2025-11-13","37.00","AUD","1761556780","29218/2025-11-13/1761556780.json"
"892632","715987","2025-11-10","37.00","AUD","1761556780","29218/2025-11-10/1761556780.json"
"892632","715987","2025-11-14","37.00","AUD","1761556780","29218/2025-11-14/1761556780.json"
"892632","715987","2025-11-15","37.00","AUD","1761556780","29218/2025-11-15/1761556780.json"
"892632","715987","2025-11-17","37.00","AUD","1761556780","29218/2025-11-17/1761556780.json"
"892632","715987","2025-11-16","37.00","AUD","1761556780","29218/2025-11-16/1761556780.json"
"892632","715987","2025-11-18","37.00","AUD","1761556780","29218/2025-11-18/1761556780.json"
"892632","715987","2025-11-21","37.00","AUD","1761556780","29218/2025-11-21/1761556780.json"
"892632","715987","2025-11-20","37.00","AUD","1761556780","29218/2025-11-20/1761556780.json"
"892632","715987","2025-11-19","37.00","AUD","1761556780","29218/2025-11-19/1761556780.json"
"892632","715987","2025-11-22","37.00","AUD","1761556780","29218/2025-11-22/1761556780.json"
"892632","715987","2025-11-25","37.00","AUD","1761556780","29218/2025-11-25/1761556780.json"
"892632","715987","2025-11-24","37.00","AUD","1761556780","29218/2025-11-24/1761556780.json"
"892632","715987","2025-11-23","37.00","AUD","1761556780","29218/2025-11-23/1761556780.json"
"892632","715987","2025-11-26","37.00","AUD","1761556780","29218/2025-11-26/1761556780.json"
"892632","715987","2025-11-27","37.00","AUD","1761556780","29218/2025-11-27/1761556780.json"
"892632","715987","2025-11-28","37.00","AUD","1761556780","29218/2025-11-28/1761556780.json"
"892632","715987","2025-11-30","37.00","AUD","1761556780","29218/2025-11-30/1761556780.json"
"892632","715987","2025-11-29","37.00","AUD","1761556780","29218/2025-11-29/1761556780.json"
"892632","715987","2025-12-01","37.00","AUD","1761556780","29218/2025-12-01/1761556780.json"
"892632","715987","2025-12-02","37.00","AUD","1761556780","29218/2025-12-02/1761556780.json"
"892632","715987","2025-12-04","37.00","AUD","1761556780","29218/2025-12-04/1761556780.json"
"892632","715987","2025-12-03","37.00","AUD","1761556780","29218/2025-12-03/1761556780.json"
"892632","715987","2025-12-05","37.00","AUD","1761556780","29218/2025-12-05/1761556780.json"
"892632","715987","2025-12-06","37.00","AUD","1761556780","29218/2025-12-06/1761556780.json"
"892632","715987","2025-12-08","37.00","AUD","1761556780","29218/2025-12-08/1761556780.json"
"892632","715987","2025-12-07","37.00","AUD","1761556780","29218/2025-12-07/1761556780.json"
"892632","715987","2025-12-09","37.00","AUD","1761556780","29218/2025-12-09/1761556780.json"
"892632","715987","2025-12-10","37.00","AUD","1761556780","29218/2025-12-10/1761556780.json"
"892632","715987","2025-12-11","37.00","AUD","1761556780","29218/2025-12-11/1761556780.json"
"892632","715987","2025-12-12","37.00","AUD","1761556780","29218/2025-12-12/1761556780.json"
"892632","715987","2025-12-13","37.00","AUD","1761556780","29218/2025-12-13/1761556780.json"
"892632","715987","2025-12-14","37.00","AUD","1761556780","29218/2025-12-14/1761556780.json"
"892632","715987","2025-12-15","37.00","AUD","1761556780","29218/2025-12-15/1761556780.json"
"892632","715987","2025-12-16","37.00","AUD","1761556780","29218/2025-12-16/1761556780.json"
"892632","715987","2025-12-17","37.00","AUD","1761556780","29218/2025-12-17/1761556780.json"
"892632","715987","2025-12-18","37.00","AUD","1761556780","29218/2025-12-18/1761556780.json"
"892632","715987","2025-12-19","37.00","AUD","1761556780","29218/2025-12-19/1761556780.json"
"892632","715987","2025-12-20","37.00","AUD","1761556780","29218/2025-12-20/1761556780.json"
"892632","715987","2025-12-21","37.00","AUD","1761556780","29218/2025-12-21/1761556780.json"
"892632","715987","2025-12-22","37.00","AUD","1761556780","29218/2025-12-22/1761556780.json"
"892632","715987","2025-12-24","37.00","AUD","1761556780","29218/2025-12-24/1761556780.json"
"892632","715987","2025-12-23","37.00","AUD","1761556780","29218/2025-12-23/1761556780.json"
"892632","715987","2025-12-25","37.00","AUD","1761556780","29218/2025-12-25/1761556780.json"
"892632","715987","2025-12-26","37.00","AUD","1761556780","29218/2025-12-26/1761556780.json"
"892632","715987","2025-10-30","37.00","AUD","1761574404","29218/2025-10-30/1761574404.json"
"892632","715987","2025-10-29","37.00","AUD","1761574404","29218/2025-10-29/1761574404.json"
"892632","715987","2025-10-28","37.00","AUD","1761574404","29218/2025-10-28/1761574404.json"
"892632","715987","2025-10-31","37.00","AUD","1761574404","29218/2025-10-31/1761574404.json"
"892632","715987","2025-11-02","37.00","AUD","1761574404","29218/2025-11-02/1761574404.json"
"892632","715987","2025-11-04","37.00","AUD","1761574404","29218/2025-11-04/1761574404.json"
"892632","715987","2025-11-03","37.00","AUD","1761574404","29218/2025-11-03/1761574404.json"
"892632","715987","2025-11-01","37.00","AUD","1761574404","29218/2025-11-01/1761574404.json"
"892632","715987","2025-11-06","37.00","AUD","1761574404","29218/2025-11-06/1761574404.json"
"892632","715987","2025-11-05","37.00","AUD","1761574404","29218/2025-11-05/1761574404.json"
"892632","715987","2025-11-07","37.00","AUD","1761574404","29218/2025-11-07/1761574404.json"
"892632","715987","2025-11-08","37.00","AUD","1761574404","29218/2025-11-08/1761574404.json"
"892632","715987","2025-11-10","37.00","AUD","1761574404","29218/2025-11-10/1761574404.json"
"892632","715987","2025-11-09","37.00","AUD","1761574404","29218/2025-11-09/1761574404.json"
"892632","715987","2025-11-11","37.00","AUD","1761574404","29218/2025-11-11/1761574404.json"
"892632","715987","2025-11-12","37.00","AUD","1761574404","29218/2025-11-12/1761574404.json"
"892632","715987","2025-11-13","37.00","AUD","1761574404","29218/2025-11-13/1761574404.json"
"892632","715987","2025-11-14","37.00","AUD","1761574404","29218/2025-11-14/1761574404.json"
"892632","715987","2025-11-15","37.00","AUD","1761574404","29218/2025-11-15/1761574404.json"
"892632","715987","2025-11-16","37.00","AUD","1761574404","29218/2025-11-16/1761574404.json"
"892632","715987","2025-11-20","37.00","AUD","1761574404","29218/2025-11-20/1761574404.json"
"892632","715987","2025-11-19","37.00","AUD","1761574404","29218/2025-11-19/1761574404.json"
"892632","715987","2025-11-17","37.00","AUD","1761574404","29218/2025-11-17/1761574404.json"
"892632","715987","2025-11-18","37.00","AUD","1761574404","29218/2025-11-18/1761574404.json"
"892632","715987","2025-11-24","37.00","AUD","1761574404","29218/2025-11-24/1761574404.json"
"892632","715987","2025-11-22","37.00","AUD","1761574404","29218/2025-11-22/1761574404.json"
"892632","715987","2025-11-21","37.00","AUD","1761574404","29218/2025-11-21/1761574404.json"
"892632","715987","2025-11-23","37.00","AUD","1761574404","29218/2025-11-23/1761574404.json"
"892632","715987","2025-11-28","37.00","AUD","1761574404","29218/2025-11-28/1761574404.json"
"892632","715987","2025-11-25","37.00","AUD","1761574404","29218/2025-11-25/1761574404.json"
"892632","715987","2025-11-27","37.00","AUD","1761574404","29218/2025-11-27/1761574404.json"
"892632","715987","2025-11-26","37.00","AUD","1761574404","29218/2025-11-26/1761574404.json"
"892632","715987","2025-11-30","37.00","AUD","1761574404","29218/2025-11-30/1761574404.json"
"892632","715987","2025-11-29","37.00","AUD","1761574404","29218/2025-11-29/1761574404.json"
"892632","715987","2025-12-01","37.00","AUD","1761574404","29218/2025-12-01/1761574404.json"
"892632","715987","2025-12-02","37.00","AUD","1761574404","29218/2025-12-02/1761574404.json"
"892632","715987","2025-12-03","37.00","AUD","1761574404","29218/2025-12-03/1761574404.json"
"892632","715987","2025-12-04","37.00","AUD","1761574404","29218/2025-12-04/1761574404.json"
"892632","715987","2025-12-05","37.00","AUD","1761574404","29218/2025-12-05/1761574404.json"
"892632","715987","2025-12-06","37.00","AUD","1761574404","29218/2025-12-06/1761574404.json"
"892632","715987","2025-12-07","37.00","AUD","1761574404","29218/2025-12-07/1761574404.json"
"892632","715987","2025-12-08","37.00","AUD","1761574404","29218/2025-12-08/1761574404.json"
"892632","715987","2025-12-09","37.00","AUD","1761574404","29218/2025-12-09/1761574404.json"
"892632","715987","2025-12-10","37.00","AUD","1761574404","29218/2025-12-10/1761574404.json"
"892632","715987","2025-12-11","37.00","AUD","1761574404","29218/2025-12-11/1761574404.json"
"892632","715987","2025-12-12","37.00","AUD","1761574404","29218/2025-12-12/1761574404.json"
"892632","715987","2025-12-13","37.00","AUD","1761574404","29218/2025-12-13/1761574404.json"
"892632","715987","2025-12-14","37.00","AUD","1761574404","29218/2025-12-14/1761574404.json"
"892632","715987","2025-12-16","37.00","AUD","1761574404","29218/2025-12-16/1761574404.json"
"892632","715987","2025-12-17","37.00","AUD","1761574404","29218/2025-12-17/1761574404.json"
"892632","715987","2025-12-15","37.00","AUD","1761574404","29218/2025-12-15/1761574404.json"
"892632","715987","2025-12-18","37.00","AUD","1761574404","29218/2025-12-18/1761574404.json"
"892632","715987","2025-12-21","37.00","AUD","1761574404","29218/2025-12-21/1761574404.json"
"892632","715987","2025-12-20","37.00","AUD","1761574404","29218/2025-12-20/1761574404.json"
"892632","715987","2025-12-22","37.00","AUD","1761574404","29218/2025-12-22/1761574404.json"
"892632","715987","2025-12-19","37.00","AUD","1761574404","29218/2025-12-19/1761574404.json"
"892632","715987","2025-12-24","37.00","AUD","1761574404","29218/2025-12-24/1761574404.json"
"892632","715987","2025-12-25","37.00","AUD","1761574404","29218/2025-12-25/1761574404.json"
"892632","715987","2025-12-26","37.00","AUD","1761574404","29218/2025-12-26/1761574404.json"
"892632","715987","2025-12-23","37.00","AUD","1761574404","29218/2025-12-23/1761574404.json"
"892632","715987","2025-10-28","37.00","AUD","1761585724","29218/2025-10-28/1761585724.json"
"892632","715987","2025-10-30","37.00","AUD","1761585724","29218/2025-10-30/1761585724.json"
"892632","715987","2025-10-29","37.00","AUD","1761585724","29218/2025-10-29/1761585724.json"
"892632","715987","2025-10-31","37.00","AUD","1761585724","29218/2025-10-31/1761585724.json"
"892632","715987","2025-11-01","37.00","AUD","1761585724","29218/2025-11-01/1761585724.json"
"892632","715987","2025-11-02","37.00","AUD","1761585724","29218/2025-11-02/1761585724.json"
"892632","715987","2025-11-04","37.00","AUD","1761585724","29218/2025-11-04/1761585724.json"
"892632","715987","2025-11-03","37.00","AUD","1761585724","29218/2025-11-03/1761585724.json"
"892632","715987","2025-11-05","37.00","AUD","1761585724","29218/2025-11-05/1761585724.json"
"892632","715987","2025-11-06","37.00","AUD","1761585724","29218/2025-11-06/1761585724.json"
"892632","715987","2025-11-08","37.00","AUD","1761585724","29218/2025-11-08/1761585724.json"
"892632","715987","2025-11-07","37.00","AUD","1761585724","29218/2025-11-07/1761585724.json"
"892632","715987","2025-11-09","37.00","AUD","1761585724","29218/2025-11-09/1761585724.json"
"892632","715987","2025-11-10","37.00","AUD","1761585724","29218/2025-11-10/1761585724.json"
"892632","715987","2025-11-11","37.00","AUD","1761585724","29218/2025-11-11/1761585724.json"
"892632","715987","2025-11-12","37.00","AUD","1761585724","29218/2025-11-12/1761585724.json"
"892632","715987","2025-11-13","37.00","AUD","1761585724","29218/2025-11-13/1761585724.json"
"892632","715987","2025-11-15","37.00","AUD","1761585724","29218/2025-11-15/1761585724.json"
"892632","715987","2025-11-14","37.00","AUD","1761585724","29218/2025-11-14/1761585724.json"
"892632","715987","2025-11-16","37.00","AUD","1761585724","29218/2025-11-16/1761585724.json"
"892632","715987","2025-11-17","37.00","AUD","1761585724","29218/2025-11-17/1761585724.json"
"892632","715987","2025-11-18","37.00","AUD","1761585724","29218/2025-11-18/1761585724.json"
"892632","715987","2025-11-19","37.00","AUD","1761585724","29218/2025-11-19/1761585724.json"
"892632","715987","2025-11-20","37.00","AUD","1761585724","29218/2025-11-20/1761585724.json"
"892632","715987","2025-11-21","37.00","AUD","1761585724","29218/2025-11-21/1761585724.json"
"892632","715987","2025-11-23","37.00","AUD","1761585724","29218/2025-11-23/1761585724.json"
"892632","715987","2025-11-22","37.00","AUD","1761585724","29218/2025-11-22/1761585724.json"
"892632","715987","2025-11-24","37.00","AUD","1761585724","29218/2025-11-24/1761585724.json"
"892632","715987","2025-11-25","37.00","AUD","1761585724","29218/2025-11-25/1761585724.json"
"892632","715987","2025-11-26","37.00","AUD","1761585724","29218/2025-11-26/1761585724.json"
"892632","715987","2025-11-27","37.00","AUD","1761585724","29218/2025-11-27/1761585724.json"
"892632","715987","2025-11-28","37.00","AUD","1761585724","29218/2025-11-28/1761585724.json"
"892632","715987","2025-11-29","37.00","AUD","1761585724","29218/2025-11-29/1761585724.json"
"892632","715987","2025-12-01","37.00","AUD","1761585724","29218/2025-12-01/1761585724.json"
"892632","715987","2025-12-03","37.00","AUD","1761585724","29218/2025-12-03/1761585724.json"
"892632","715987","2025-12-02","37.00","AUD","1761585724","29218/2025-12-02/1761585724.json"
"892632","715987","2025-11-30","37.00","AUD","1761585724","29218/2025-11-30/1761585724.json"
"892632","715987","2025-12-04","37.00","AUD","1761585724","29218/2025-12-04/1761585724.json"
"892632","715987","2025-12-07","37.00","AUD","1761585724","29218/2025-12-07/1761585724.json"
"892632","715987","2025-12-05","37.00","AUD","1761585724","29218/2025-12-05/1761585724.json"
"892632","715987","2025-12-06","37.00","AUD","1761585724","29218/2025-12-06/1761585724.json"
"892632","715987","2025-12-08","37.00","AUD","1761585724","29218/2025-12-08/1761585724.json"
"892632","715987","2025-12-09","37.00","AUD","1761585724","29218/2025-12-09/1761585724.json"
"892632","715987","2025-12-10","37.00","AUD","1761585724","29218/2025-12-10/1761585724.json"
"892632","715987","2025-12-11","37.00","AUD","1761585724","29218/2025-12-11/1761585724.json"
"892632","715987","2025-12-12","37.00","AUD","1761585724","29218/2025-12-12/1761585724.json"
"892632","715987","2025-12-13","37.00","AUD","1761585724","29218/2025-12-13/1761585724.json"
"892632","715987","2025-12-14","37.00","AUD","1761585724","29218/2025-12-14/1761585724.json"
"892632","715987","2025-12-15","37.00","AUD","1761585724","29218/2025-12-15/1761585724.json"
"892632","715987","2025-12-18","37.00","AUD","1761585724","29218/2025-12-18/1761585724.json"
"892632","715987","2025-12-19","37.00","AUD","1761585724","29218/2025-12-19/1761585724.json"
"892632","715987","2025-12-16","37.00","AUD","1761585724","29218/2025-12-16/1761585724.json"
"892632","715987","2025-12-17","37.00","AUD","1761585724","29218/2025-12-17/1761585724.json"
"892632","715987","2025-12-20","37.00","AUD","1761585724","29218/2025-12-20/1761585724.json"
"892632","715987","2025-12-21","37.00","AUD","1761585724","29218/2025-12-21/1761585724.json"
"892632","715987","2025-12-23","37.00","AUD","1761585724","29218/2025-12-23/1761585724.json"
"892632","715987","2025-12-22","37.00","AUD","1761585724","29218/2025-12-22/1761585724.json"
"892632","715987","2025-12-24","37.00","AUD","1761585724","29218/2025-12-24/1761585724.json"
"892632","715987","2025-12-25","37.00","AUD","1761585724","29218/2025-12-25/1761585724.json"
"892632","715987","2025-12-26","37.00","AUD","1761585724","29218/2025-12-26/1761585724.json"
"892632","715987","2025-10-29","37.00","AUD","1761599124","29218/2025-10-29/1761599124.json"
"892632","715987","2025-10-28","37.00","AUD","1761599124","29218/2025-10-28/1761599124.json"
"892632","715987","2025-10-30","37.00","AUD","1761599124","29218/2025-10-30/1761599124.json"
"892632","715987","2025-10-31","37.00","AUD","1761599124","29218/2025-10-31/1761599124.json"
"892632","715987","2025-11-01","37.00","AUD","1761599124","29218/2025-11-01/1761599124.json"
"892632","715987","2025-11-02","37.00","AUD","1761599124","29218/2025-11-02/1761599124.json"
"892632","715987","2025-11-03","37.00","AUD","1761599124","29218/2025-11-03/1761599124.json"
"892632","715987","2025-11-04","37.00","AUD","1761599124","29218/2025-11-04/1761599124.json"
"892632","715987","2025-11-07","37.00","AUD","1761599124","29218/2025-11-07/1761599124.json"
"892632","715987","2025-11-06","37.00","AUD","1761599124","29218/2025-11-06/1761599124.json"
"892632","715987","2025-11-05","37.00","AUD","1761599124","29218/2025-11-05/1761599124.json"
"892632","715987","2025-11-08","37.00","AUD","1761599124","29218/2025-11-08/1761599124.json"
"892632","715987","2025-11-11","37.00","AUD","1761599124","29218/2025-11-11/1761599124.json"
"892632","715987","2025-11-10","37.00","AUD","1761599124","29218/2025-11-10/1761599124.json"
"892632","715987","2025-11-09","37.00","AUD","1761599124","29218/2025-11-09/1761599124.json"
"892632","715987","2025-11-12","37.00","AUD","1761599124","29218/2025-11-12/1761599124.json"
"892632","715987","2025-11-13","37.00","AUD","1761599124","29218/2025-11-13/1761599124.json"
"892632","715987","2025-11-14","37.00","AUD","1761599124","29218/2025-11-14/1761599124.json"
"892632","715987","2025-11-15","37.00","AUD","1761599124","29218/2025-11-15/1761599124.json"
"892632","715987","2025-11-16","37.00","AUD","1761599124","29218/2025-11-16/1761599124.json"
"892632","715987","2025-11-17","37.00","AUD","1761599124","29218/2025-11-17/1761599124.json"
"892632","715987","2025-11-19","37.00","AUD","1761599124","29218/2025-11-19/1761599124.json"
"892632","715987","2025-11-18","37.00","AUD","1761599124","29218/2025-11-18/1761599124.json"
"892632","715987","2025-11-20","37.00","AUD","1761599124","29218/2025-11-20/1761599124.json"
"892632","715987","2025-11-23","37.00","AUD","1761599124","29218/2025-11-23/1761599124.json"
"892632","715987","2025-11-22","37.00","AUD","1761599124","29218/2025-11-22/1761599124.json"
"892632","715987","2025-11-21","37.00","AUD","1761599124","29218/2025-11-21/1761599124.json"
"892632","715987","2025-11-24","37.00","AUD","1761599124","29218/2025-11-24/1761599124.json"
"892632","715987","2025-11-25","37.00","AUD","1761599124","29218/2025-11-25/1761599124.json"
"892632","715987","2025-11-26","37.00","AUD","1761599124","29218/2025-11-26/1761599124.json"
"892632","715987","2025-11-27","37.00","AUD","1761599124","29218/2025-11-27/1761599124.json"
"892632","715987","2025-11-28","37.00","AUD","1761599124","29218/2025-11-28/1761599124.json"
"892632","715987","2025-11-30","37.00","AUD","1761599124","29218/2025-11-30/1761599124.json"
"892632","715987","2025-11-29","37.00","AUD","1761599124","29218/2025-11-29/1761599124.json"
"892632","715987","2025-12-03","37.00","AUD","1761599124","29218/2025-12-03/1761599124.json"
"892632","715987","2025-12-01","37.00","AUD","1761599124","29218/2025-12-01/1761599124.json"
"892632","715987","2025-12-02","37.00","AUD","1761599124","29218/2025-12-02/1761599124.json"
"892632","715987","2025-12-04","37.00","AUD","1761599124","29218/2025-12-04/1761599124.json"
"892632","715987","2025-12-05","37.00","AUD","1761599124","29218/2025-12-05/1761599124.json"
"892632","715987","2025-12-06","37.00","AUD","1761599124","29218/2025-12-06/1761599124.json"
"892632","715987","2025-12-08","37.00","AUD","1761599124","29218/2025-12-08/1761599124.json"
"892632","715987","2025-12-07","37.00","AUD","1761599124","29218/2025-12-07/1761599124.json"
"892632","715987","2025-12-09","37.00","AUD","1761599124","29218/2025-12-09/1761599124.json"
"892632","715987","2025-12-10","37.00","AUD","1761599124","29218/2025-12-10/1761599124.json"
"892632","715987","2025-12-11","37.00","AUD","1761599124","29218/2025-12-11/1761599124.json"
"892632","715987","2025-12-12","37.00","AUD","1761599124","29218/2025-12-12/1761599124.json"
"892632","715987","2025-12-14","37.00","AUD","1761599124","29218/2025-12-14/1761599124.json"
"892632","715987","2025-12-13","37.00","AUD","1761599124","29218/2025-12-13/1761599124.json"
"892632","715987","2025-12-15","37.00","AUD","1761599124","29218/2025-12-15/1761599124.json"
"892632","715987","2025-12-16","37.00","AUD","1761599124","29218/2025-12-16/1761599124.json"
"892632","715987","2025-12-17","37.00","AUD","1761599124","29218/2025-12-17/1761599124.json"
"892632","715987","2025-12-20","37.00","AUD","1761599124","29218/2025-12-20/1761599124.json"
"892632","715987","2025-12-18","37.00","AUD","1761599124","29218/2025-12-18/1761599124.json"
"892632","715987","2025-12-21","37.00","AUD","1761599124","29218/2025-12-21/1761599124.json"
"892632","715987","2025-12-22","37.00","AUD","1761599124","29218/2025-12-22/1761599124.json"
"892632","715987","2025-12-23","37.00","AUD","1761599124","29218/2025-12-23/1761599124.json"
"892632","715987","2025-12-19","37.00","AUD","1761599124","29218/2025-12-19/1761599124.json"
"892632","715987","2025-12-24","37.00","AUD","1761599124","29218/2025-12-24/1761599124.json"
"892632","715987","2025-12-26","37.00","AUD","1761599124","29218/2025-12-26/1761599124.json"
"892632","715987","2025-12-25","37.00","AUD","1761599124","29218/2025-12-25/1761599124.json"
"892632","715987","2025-10-31","37.00","AUD","1761624039","29218/2025-10-31/1761624039.json"
"892632","715987","2025-10-29","37.00","AUD","1761624039","29218/2025-10-29/1761624039.json"
"892632","715987","2025-10-30","37.00","AUD","1761624039","29218/2025-10-30/1761624039.json"
"892632","715987","2025-11-03","37.00","AUD","1761624039","29218/2025-11-03/1761624039.json"
"892632","715987","2025-11-01","37.00","AUD","1761624039","29218/2025-11-01/1761624039.json"
"892632","715987","2025-11-04","37.00","AUD","1761624039","29218/2025-11-04/1761624039.json"
"892632","715987","2025-11-02","37.00","AUD","1761624039","29218/2025-11-02/1761624039.json"
"892632","715987","2025-11-05","37.00","AUD","1761624039","29218/2025-11-05/1761624039.json"
"892632","715987","2025-11-07","37.00","AUD","1761624039","29218/2025-11-07/1761624039.json"
"892632","715987","2025-11-06","37.00","AUD","1761624039","29218/2025-11-06/1761624039.json"
"892632","715987","2025-11-08","37.00","AUD","1761624039","29218/2025-11-08/1761624039.json"
"892632","715987","2025-11-09","37.00","AUD","1761624039","29218/2025-11-09/1761624039.json"
"892632","715987","2025-11-10","37.00","AUD","1761624039","29218/2025-11-10/1761624039.json"
"892632","715987","2025-11-12","37.00","AUD","1761624039","29218/2025-11-12/1761624039.json"
"892632","715987","2025-11-11","37.00","AUD","1761624039","29218/2025-11-11/1761624039.json"
"892632","715987","2025-11-13","37.00","AUD","1761624039","29218/2025-11-13/1761624039.json"
"892632","715987","2025-11-14","37.00","AUD","1761624039","29218/2025-11-14/1761624039.json"
"892632","715987","2025-11-15","37.00","AUD","1761624039","29218/2025-11-15/1761624039.json"
"892632","715987","2025-11-16","37.00","AUD","1761624039","29218/2025-11-16/1761624039.json"
"892632","715987","2025-11-18","37.00","AUD","1761624039","29218/2025-11-18/1761624039.json"
"892632","715987","2025-11-17","37.00","AUD","1761624039","29218/2025-11-17/1761624039.json"
"892632","715987","2025-11-19","37.00","AUD","1761624039","29218/2025-11-19/1761624039.json"
"892632","715987","2025-11-20","37.00","AUD","1761624039","29218/2025-11-20/1761624039.json"
"892632","715987","2025-11-22","37.00","AUD","1761624039","29218/2025-11-22/1761624039.json"
"892632","715987","2025-11-23","37.00","AUD","1761624039","29218/2025-11-23/1761624039.json"
"892632","715987","2025-11-24","37.00","AUD","1761624039","29218/2025-11-24/1761624039.json"
"892632","715987","2025-11-21","37.00","AUD","1761624039","29218/2025-11-21/1761624039.json"
"892632","715987","2025-11-25","37.00","AUD","1761624039","29218/2025-11-25/1761624039.json"
"892632","715987","2025-11-26","37.00","AUD","1761624039","29218/2025-11-26/1761624039.json"
"892632","715987","2025-11-28","37.00","AUD","1761624039","29218/2025-11-28/1761624039.json"
"892632","715987","2025-11-27","37.00","AUD","1761624039","29218/2025-11-27/1761624039.json"
"892632","715987","2025-11-29","37.00","AUD","1761624039","29218/2025-11-29/1761624039.json"
"892632","715987","2025-11-30","37.00","AUD","1761624039","29218/2025-11-30/1761624039.json"
"892632","715987","2025-12-01","37.00","AUD","1761624039","29218/2025-12-01/1761624039.json"
"892632","715987","2025-12-02","37.00","AUD","1761624039","29218/2025-12-02/1761624039.json"
"892632","715987","2025-12-03","37.00","AUD","1761624039","29218/2025-12-03/1761624039.json"
"892632","715987","2025-12-04","37.00","AUD","1761624039","29218/2025-12-04/1761624039.json"
"892632","715987","2025-12-06","37.00","AUD","1761624039","29218/2025-12-06/1761624039.json"
"892632","715987","2025-12-05","37.00","AUD","1761624039","29218/2025-12-05/1761624039.json"
"892632","715987","2025-12-07","37.00","AUD","1761624039","29218/2025-12-07/1761624039.json"
"892632","715987","2025-12-08","37.00","AUD","1761624039","29218/2025-12-08/1761624039.json"
"892632","715987","2025-12-10","37.00","AUD","1761624039","29218/2025-12-10/1761624039.json"
"892632","715987","2025-12-09","37.00","AUD","1761624039","29218/2025-12-09/1761624039.json"
"892632","715987","2025-12-11","37.00","AUD","1761624039","29218/2025-12-11/1761624039.json"
"892632","715987","2025-12-12","37.00","AUD","1761624039","29218/2025-12-12/1761624039.json"
"892632","715987","2025-12-13","37.00","AUD","1761624039","29218/2025-12-13/1761624039.json"
"892632","715987","2025-12-14","37.00","AUD","1761624039","29218/2025-12-14/1761624039.json"
"892632","715987","2025-12-16","37.00","AUD","1761624039","29218/2025-12-16/1761624039.json"
"892632","715987","2025-12-15","37.00","AUD","1761624039","29218/2025-12-15/1761624039.json"
"892632","715987","2025-12-17","37.00","AUD","1761624039","29218/2025-12-17/1761624039.json"
"892632","715987","2025-12-18","37.00","AUD","1761624039","29218/2025-12-18/1761624039.json"
"892632","715987","2025-12-19","37.00","AUD","1761624039","29218/2025-12-19/1761624039.json"
"892632","715987","2025-12-20","37.00","AUD","1761624039","29218/2025-12-20/1761624039.json"
"892632","715987","2025-12-21","37.00","AUD","1761624039","29218/2025-12-21/1761624039.json"
"892632","715987","2025-12-22","37.00","AUD","1761624039","29218/2025-12-22/1761624039.json"
"892632","715987","2025-12-23","37.00","AUD","1761624039","29218/2025-12-23/1761624039.json"
"892632","715987","2025-12-24","37.00","AUD","1761624039","29218/2025-12-24/1761624039.json"
"892632","715987","2025-12-25","37.00","AUD","1761624039","29218/2025-12-25/1761624039.json"
"892632","715987","2025-12-26","37.00","AUD","1761624039","29218/2025-12-26/1761624039.json"
"892632","715987","2025-12-27","37.00","AUD","1761624039","29218/2025-12-27/1761624039.json"
"892632","715987","2025-10-31","37.00","AUD","1761628185","29218/2025-10-31/1761628185.json"
"892632","715987","2025-10-29","37.00","AUD","1761628185","29218/2025-10-29/1761628185.json"
"892632","715987","2025-10-30","37.00","AUD","1761628185","29218/2025-10-30/1761628185.json"
"892632","715987","2025-11-01","37.00","AUD","1761628185","29218/2025-11-01/1761628185.json"
"892632","715987","2025-11-03","37.00","AUD","1761628185","29218/2025-11-03/1761628185.json"
"892632","715987","2025-11-02","37.00","AUD","1761628185","29218/2025-11-02/1761628185.json"
"892632","715987","2025-11-04","37.00","AUD","1761628185","29218/2025-11-04/1761628185.json"
"892632","715987","2025-11-05","37.00","AUD","1761628185","29218/2025-11-05/1761628185.json"
"892632","715987","2025-11-07","37.00","AUD","1761628185","29218/2025-11-07/1761628185.json"
"892632","715987","2025-11-08","37.00","AUD","1761628185","29218/2025-11-08/1761628185.json"
"892632","715987","2025-11-06","37.00","AUD","1761628185","29218/2025-11-06/1761628185.json"
"892632","715987","2025-11-09","37.00","AUD","1761628185","29218/2025-11-09/1761628185.json"
"892632","715987","2025-11-11","37.00","AUD","1761628185","29218/2025-11-11/1761628185.json"
"892632","715987","2025-11-10","37.00","AUD","1761628185","29218/2025-11-10/1761628185.json"
"892632","715987","2025-11-12","37.00","AUD","1761628185","29218/2025-11-12/1761628185.json"
"892632","715987","2025-11-13","37.00","AUD","1761628185","29218/2025-11-13/1761628185.json"
"892632","715987","2025-11-15","37.00","AUD","1761628185","29218/2025-11-15/1761628185.json"
"892632","715987","2025-11-16","37.00","AUD","1761628185","29218/2025-11-16/1761628185.json"
"892632","715987","2025-11-17","37.00","AUD","1761628185","29218/2025-11-17/1761628185.json"
"892632","715987","2025-11-14","37.00","AUD","1761628185","29218/2025-11-14/1761628185.json"
"892632","715987","2025-11-20","37.00","AUD","1761628185","29218/2025-11-20/1761628185.json"
"892632","715987","2025-11-18","37.00","AUD","1761628185","29218/2025-11-18/1761628185.json"
"892632","715987","2025-11-21","37.00","AUD","1761628185","29218/2025-11-21/1761628185.json"
"892632","715987","2025-11-19","37.00","AUD","1761628185","29218/2025-11-19/1761628185.json"
"892632","715987","2025-11-22","37.00","AUD","1761628185","29218/2025-11-22/1761628185.json"
"892632","715987","2025-11-25","37.00","AUD","1761628185","29218/2025-11-25/1761628185.json"
"892632","715987","2025-11-24","37.00","AUD","1761628185","29218/2025-11-24/1761628185.json"
"892632","715987","2025-11-23","37.00","AUD","1761628185","29218/2025-11-23/1761628185.json"
"892632","715987","2025-11-26","37.00","AUD","1761628185","29218/2025-11-26/1761628185.json"
"892632","715987","2025-11-27","37.00","AUD","1761628185","29218/2025-11-27/1761628185.json"
"892632","715987","2025-11-28","37.00","AUD","1761628185","29218/2025-11-28/1761628185.json"
"892632","715987","2025-11-29","37.00","AUD","1761628185","29218/2025-11-29/1761628185.json"
"892632","715987","2025-11-30","37.00","AUD","1761628185","29218/2025-11-30/1761628185.json"
"892632","715987","2025-12-01","37.00","AUD","1761628185","29218/2025-12-01/1761628185.json"
"892632","715987","2025-12-02","37.00","AUD","1761628185","29218/2025-12-02/1761628185.json"
"892632","715987","2025-12-04","37.00","AUD","1761628185","29218/2025-12-04/1761628185.json"
"892632","715987","2025-12-03","37.00","AUD","1761628185","29218/2025-12-03/1761628185.json"
"892632","715987","2025-12-05","37.00","AUD","1761628185","29218/2025-12-05/1761628185.json"
"892632","715987","2025-12-06","37.00","AUD","1761628185","29218/2025-12-06/1761628185.json"
"892632","715987","2025-12-07","37.00","AUD","1761628185","29218/2025-12-07/1761628185.json"
"892632","715987","2025-12-09","37.00","AUD","1761628185","29218/2025-12-09/1761628185.json"
"892632","715987","2025-12-11","37.00","AUD","1761628185","29218/2025-12-11/1761628185.json"
"892632","715987","2025-12-10","37.00","AUD","1761628185","29218/2025-12-10/1761628185.json"
"892632","715987","2025-12-08","37.00","AUD","1761628185","29218/2025-12-08/1761628185.json"
"892632","715987","2025-12-12","37.00","AUD","1761628185","29218/2025-12-12/1761628185.json"
"892632","715987","2025-12-13","37.00","AUD","1761628185","29218/2025-12-13/1761628185.json"
"892632","715987","2025-12-14","37.00","AUD","1761628185","29218/2025-12-14/1761628185.json"
"892632","715987","2025-12-16","37.00","AUD","1761628185","29218/2025-12-16/1761628185.json"
"892632","715987","2025-12-15","37.00","AUD","1761628185","29218/2025-12-15/1761628185.json"
"892632","715987","2025-12-17","37.00","AUD","1761628185","29218/2025-12-17/1761628185.json"
"892632","715987","2025-12-18","37.00","AUD","1761628185","29218/2025-12-18/1761628185.json"
"892632","715987","2025-12-19","37.00","AUD","1761628185","29218/2025-12-19/1761628185.json"
"892632","715987","2025-12-21","37.00","AUD","1761628185","29218/2025-12-21/1761628185.json"
"892632","715987","2025-12-20","37.00","AUD","1761628185","29218/2025-12-20/1761628185.json"
"892632","715987","2025-12-22","37.00","AUD","1761628185","29218/2025-12-22/1761628185.json"
"892632","715987","2025-12-23","37.00","AUD","1761628185","29218/2025-12-23/1761628185.json"
"892632","715987","2025-12-24","37.00","AUD","1761628185","29218/2025-12-24/1761628185.json"
"892632","715987","2025-12-27","37.00","AUD","1761628185","29218/2025-12-27/1761628185.json"
"892632","715987","2025-12-26","37.00","AUD","1761628185","29218/2025-12-26/1761628185.json"
"892632","715987","2025-12-25","37.00","AUD","1761628185","29218/2025-12-25/1761628185.json"
"892632","715987","2025-10-30","37.00","AUD","1761643284","29218/2025-10-30/1761643284.json"
"892632","715987","2025-10-29","37.00","AUD","1761643284","29218/2025-10-29/1761643284.json"
"892632","715987","2025-10-31","37.00","AUD","1761643284","29218/2025-10-31/1761643284.json"
"892632","715987","2025-11-02","37.00","AUD","1761643284","29218/2025-11-02/1761643284.json"
"892632","715987","2025-11-03","37.00","AUD","1761643284","29218/2025-11-03/1761643284.json"
"892632","715987","2025-11-01","37.00","AUD","1761643284","29218/2025-11-01/1761643284.json"
"892632","715987","2025-11-04","37.00","AUD","1761643284","29218/2025-11-04/1761643284.json"
"892632","715987","2025-11-06","37.00","AUD","1761643284","29218/2025-11-06/1761643284.json"
"892632","715987","2025-11-07","37.00","AUD","1761643284","29218/2025-11-07/1761643284.json"
"892632","715987","2025-11-05","37.00","AUD","1761643284","29218/2025-11-05/1761643284.json"
"892632","715987","2025-11-08","37.00","AUD","1761643284","29218/2025-11-08/1761643284.json"
"892632","715987","2025-11-10","37.00","AUD","1761643284","29218/2025-11-10/1761643284.json"
"892632","715987","2025-11-09","37.00","AUD","1761643284","29218/2025-11-09/1761643284.json"
"892632","715987","2025-11-11","37.00","AUD","1761643284","29218/2025-11-11/1761643284.json"
"892632","715987","2025-11-12","37.00","AUD","1761643284","29218/2025-11-12/1761643284.json"
"892632","715987","2025-11-13","37.00","AUD","1761643284","29218/2025-11-13/1761643284.json"
"892632","715987","2025-11-16","37.00","AUD","1761643284","29218/2025-11-16/1761643284.json"
"892632","715987","2025-11-14","37.00","AUD","1761643284","29218/2025-11-14/1761643284.json"
"892632","715987","2025-11-15","37.00","AUD","1761643284","29218/2025-11-15/1761643284.json"
"892632","715987","2025-11-17","37.00","AUD","1761643284","29218/2025-11-17/1761643284.json"
"892632","715987","2025-11-18","37.00","AUD","1761643284","29218/2025-11-18/1761643284.json"
"892632","715987","2025-11-20","37.00","AUD","1761643284","29218/2025-11-20/1761643284.json"
"892632","715987","2025-11-19","37.00","AUD","1761643284","29218/2025-11-19/1761643284.json"
"892632","715987","2025-11-21","37.00","AUD","1761643284","29218/2025-11-21/1761643284.json"
"892632","715987","2025-11-22","37.00","AUD","1761643284","29218/2025-11-22/1761643284.json"
"892632","715987","2025-11-24","37.00","AUD","1761643284","29218/2025-11-24/1761643284.json"
"892632","715987","2025-11-23","37.00","AUD","1761643284","29218/2025-11-23/1761643284.json"
"892632","715987","2025-11-25","37.00","AUD","1761643284","29218/2025-11-25/1761643284.json"
"892632","715987","2025-11-26","37.00","AUD","1761643284","29218/2025-11-26/1761643284.json"
"892632","715987","2025-11-27","37.00","AUD","1761643284","29218/2025-11-27/1761643284.json"
"892632","715987","2025-11-28","37.00","AUD","1761643284","29218/2025-11-28/1761643284.json"
"892632","715987","2025-11-29","37.00","AUD","1761643284","29218/2025-11-29/1761643284.json"
"892632","715987","2025-11-30","37.00","AUD","1761643284","29218/2025-11-30/1761643284.json"
"892632","715987","2025-12-01","37.00","AUD","1761643284","29218/2025-12-01/1761643284.json"
"892632","715987","2025-12-04","37.00","AUD","1761643284","29218/2025-12-04/1761643284.json"
"892632","715987","2025-12-02","37.00","AUD","1761643284","29218/2025-12-02/1761643284.json"
"892632","715987","2025-12-05","37.00","AUD","1761643284","29218/2025-12-05/1761643284.json"
"892632","715987","2025-12-03","37.00","AUD","1761643284","29218/2025-12-03/1761643284.json"
"892632","715987","2025-12-07","37.00","AUD","1761643284","29218/2025-12-07/1761643284.json"
"892632","715987","2025-12-08","37.00","AUD","1761643284","29218/2025-12-08/1761643284.json"
"892632","715987","2025-12-09","37.00","AUD","1761643284","29218/2025-12-09/1761643284.json"
"892632","715987","2025-12-06","37.00","AUD","1761643284","29218/2025-12-06/1761643284.json"
"892632","715987","2025-12-10","37.00","AUD","1761643284","29218/2025-12-10/1761643284.json"
"892632","715987","2025-12-11","37.00","AUD","1761643284","29218/2025-12-11/1761643284.json"
"892632","715987","2025-12-12","37.00","AUD","1761643284","29218/2025-12-12/1761643284.json"
"892632","715987","2025-12-13","37.00","AUD","1761643284","29218/2025-12-13/1761643284.json"
"892632","715987","2025-12-16","37.00","AUD","1761643284","29218/2025-12-16/1761643284.json"
"892632","715987","2025-12-15","37.00","AUD","1761643284","29218/2025-12-15/1761643284.json"
"892632","715987","2025-12-14","37.00","AUD","1761643284","29218/2025-12-14/1761643284.json"
"892632","715987","2025-12-17","37.00","AUD","1761643284","29218/2025-12-17/1761643284.json"
"892632","715987","2025-12-18","37.00","AUD","1761643284","29218/2025-12-18/1761643284.json"
"892632","715987","2025-12-19","37.00","AUD","1761643284","29218/2025-12-19/1761643284.json"
"892632","715987","2025-12-20","37.00","AUD","1761643284","29218/2025-12-20/1761643284.json"
"892632","715987","2025-12-21","37.00","AUD","1761643284","29218/2025-12-21/1761643284.json"
"892632","715987","2025-12-22","37.00","AUD","1761643284","29218/2025-12-22/1761643284.json"
"892632","715987","2025-12-23","37.00","AUD","1761643284","29218/2025-12-23/1761643284.json"
"892632","715987","2025-12-25","37.00","AUD","1761643284","29218/2025-12-25/1761643284.json"
"892632","715987","2025-12-27","37.00","AUD","1761643284","29218/2025-12-27/1761643284.json"
"892632","715987","2025-12-26","37.00","AUD","1761643284","29218/2025-12-26/1761643284.json"
"892632","715987","2025-12-24","37.00","AUD","1761643284","29218/2025-12-24/1761643284.json"
"892632","715987","2025-10-30","37.00","AUD","1761660708","29218/2025-10-30/1761660708.json"
"892632","715987","2025-10-29","37.00","AUD","1761660708","29218/2025-10-29/1761660708.json"
"892632","715987","2025-10-31","37.00","AUD","1761660708","29218/2025-10-31/1761660708.json"
"892632","715987","2025-11-01","37.00","AUD","1761660708","29218/2025-11-01/1761660708.json"
"892632","715987","2025-11-02","37.00","AUD","1761660708","29218/2025-11-02/1761660708.json"
"892632","715987","2025-11-05","37.00","AUD","1761660708","29218/2025-11-05/1761660708.json"
"892632","715987","2025-11-04","37.00","AUD","1761660708","29218/2025-11-04/1761660708.json"
"892632","715987","2025-11-06","37.00","AUD","1761660708","29218/2025-11-06/1761660708.json"
"892632","715987","2025-11-08","37.00","AUD","1761660708","29218/2025-11-08/1761660708.json"
"892632","715987","2025-11-07","37.00","AUD","1761660708","29218/2025-11-07/1761660708.json"
"892632","715987","2025-11-03","37.00","AUD","1761660708","29218/2025-11-03/1761660708.json"
"892632","715987","2025-11-09","37.00","AUD","1761660708","29218/2025-11-09/1761660708.json"
"892632","715987","2025-11-10","37.00","AUD","1761660708","29218/2025-11-10/1761660708.json"
"892632","715987","2025-11-12","37.00","AUD","1761660708","29218/2025-11-12/1761660708.json"
"892632","715987","2025-11-13","37.00","AUD","1761660708","29218/2025-11-13/1761660708.json"
"892632","715987","2025-11-11","37.00","AUD","1761660708","29218/2025-11-11/1761660708.json"
"892632","715987","2025-11-14","37.00","AUD","1761660708","29218/2025-11-14/1761660708.json"
"892632","715987","2025-11-15","37.00","AUD","1761660708","29218/2025-11-15/1761660708.json"
"892632","715987","2025-11-16","37.00","AUD","1761660708","29218/2025-11-16/1761660708.json"
"892632","715987","2025-11-17","37.00","AUD","1761660708","29218/2025-11-17/1761660708.json"
"892632","715987","2025-11-18","37.00","AUD","1761660708","29218/2025-11-18/1761660708.json"
"892632","715987","2025-11-19","37.00","AUD","1761660708","29218/2025-11-19/1761660708.json"
"892632","715987","2025-11-21","37.00","AUD","1761660708","29218/2025-11-21/1761660708.json"
"892632","715987","2025-11-20","37.00","AUD","1761660708","29218/2025-11-20/1761660708.json"
"892632","715987","2025-11-22","37.00","AUD","1761660708","29218/2025-11-22/1761660708.json"
"892632","715987","2025-11-23","37.00","AUD","1761660708","29218/2025-11-23/1761660708.json"
"892632","715987","2025-11-25","37.00","AUD","1761660708","29218/2025-11-25/1761660708.json"
"892632","715987","2025-11-24","37.00","AUD","1761660708","29218/2025-11-24/1761660708.json"
"892632","715987","2025-11-26","37.00","AUD","1761660708","29218/2025-11-26/1761660708.json"
"892632","715987","2025-11-28","37.00","AUD","1761660708","29218/2025-11-28/1761660708.json"
"892632","715987","2025-11-27","37.00","AUD","1761660708","29218/2025-11-27/1761660708.json"
"892632","715987","2025-11-29","37.00","AUD","1761660708","29218/2025-11-29/1761660708.json"
"892632","715987","2025-11-30","37.00","AUD","1761660708","29218/2025-11-30/1761660708.json"
"892632","715987","2025-12-01","37.00","AUD","1761660708","29218/2025-12-01/1761660708.json"
"892632","715987","2025-12-02","37.00","AUD","1761660708","29218/2025-12-02/1761660708.json"
"892632","715987","2025-12-03","37.00","AUD","1761660708","29218/2025-12-03/1761660708.json"
"892632","715987","2025-12-04","37.00","AUD","1761660708","29218/2025-12-04/1761660708.json"
"892632","715987","2025-12-06","37.00","AUD","1761660708","29218/2025-12-06/1761660708.json"
"892632","715987","2025-12-08","37.00","AUD","1761660708","29218/2025-12-08/1761660708.json"
"892632","715987","2025-12-07","37.00","AUD","1761660708","29218/2025-12-07/1761660708.json"
"892632","715987","2025-12-05","37.00","AUD","1761660708","29218/2025-12-05/1761660708.json"
"892632","715987","2025-12-11","37.00","AUD","1761660708","29218/2025-12-11/1761660708.json"
"892632","715987","2025-12-09","37.00","AUD","1761660708","29218/2025-12-09/1761660708.json"
"892632","715987","2025-12-12","37.00","AUD","1761660708","29218/2025-12-12/1761660708.json"
"892632","715987","2025-12-10","37.00","AUD","1761660708","29218/2025-12-10/1761660708.json"
"892632","715987","2025-12-13","37.00","AUD","1761660708","29218/2025-12-13/1761660708.json"
"892632","715987","2025-12-14","37.00","AUD","1761660708","29218/2025-12-14/1761660708.json"
"892632","715987","2025-12-15","37.00","AUD","1761660708","29218/2025-12-15/1761660708.json"
"892632","715987","2025-12-16","37.00","AUD","1761660708","29218/2025-12-16/1761660708.json"
"892632","715987","2025-12-19","37.00","AUD","1761660708","29218/2025-12-19/1761660708.json"
"892632","715987","2025-12-18","37.00","AUD","1761660708","29218/2025-12-18/1761660708.json"
"892632","715987","2025-12-20","37.00","AUD","1761660708","29218/2025-12-20/1761660708.json"
"892632","715987","2025-12-22","37.00","AUD","1761660708","29218/2025-12-22/1761660708.json"
"892632","715987","2025-12-17","37.00","AUD","1761660708","29218/2025-12-17/1761660708.json"
"892632","715987","2025-12-21","37.00","AUD","1761660708","29218/2025-12-21/1761660708.json"
"892632","715987","2025-12-23","37.00","AUD","1761660708","29218/2025-12-23/1761660708.json"
"892632","715987","2025-12-24","37.00","AUD","1761660708","29218/2025-12-24/1761660708.json"
"892632","715987","2025-12-25","37.00","AUD","1761660708","29218/2025-12-25/1761660708.json"
"892632","715987","2025-12-26","37.00","AUD","1761660708","29218/2025-12-26/1761660708.json"
"892632","715987","2025-12-27","37.00","AUD","1761660708","29218/2025-12-27/1761660708.json"
"892632","715987","2025-10-31","37.00","AUD","1761672251","29218/2025-10-31/1761672251.json"
"892632","715987","2025-10-29","37.00","AUD","1761672251","29218/2025-10-29/1761672251.json"
"892632","715987","2025-10-30","37.00","AUD","1761672251","29218/2025-10-30/1761672251.json"
"892632","715987","2025-11-01","37.00","AUD","1761672251","29218/2025-11-01/1761672251.json"
"892632","715987","2025-11-04","37.00","AUD","1761672251","29218/2025-11-04/1761672251.json"
"892632","715987","2025-11-03","37.00","AUD","1761672251","29218/2025-11-03/1761672251.json"
"892632","715987","2025-11-05","37.00","AUD","1761672251","29218/2025-11-05/1761672251.json"
"892632","715987","2025-11-02","37.00","AUD","1761672251","29218/2025-11-02/1761672251.json"
"892632","715987","2025-11-07","37.00","AUD","1761672251","29218/2025-11-07/1761672251.json"
"892632","715987","2025-11-06","37.00","AUD","1761672251","29218/2025-11-06/1761672251.json"
"892632","715987","2025-11-08","37.00","AUD","1761672251","29218/2025-11-08/1761672251.json"
"892632","715987","2025-11-09","37.00","AUD","1761672251","29218/2025-11-09/1761672251.json"
"892632","715987","2025-11-11","37.00","AUD","1761672251","29218/2025-11-11/1761672251.json"
"892632","715987","2025-11-12","37.00","AUD","1761672251","29218/2025-11-12/1761672251.json"
"892632","715987","2025-11-10","37.00","AUD","1761672251","29218/2025-11-10/1761672251.json"
"892632","715987","2025-11-13","37.00","AUD","1761672251","29218/2025-11-13/1761672251.json"
"892632","715987","2025-11-14","37.00","AUD","1761672251","29218/2025-11-14/1761672251.json"
"892632","715987","2025-11-16","37.00","AUD","1761672251","29218/2025-11-16/1761672251.json"
"892632","715987","2025-11-15","37.00","AUD","1761672251","29218/2025-11-15/1761672251.json"
"892632","715987","2025-11-18","37.00","AUD","1761672251","29218/2025-11-18/1761672251.json"
"892632","715987","2025-11-19","37.00","AUD","1761672251","29218/2025-11-19/1761672251.json"
"892632","715987","2025-11-20","37.00","AUD","1761672251","29218/2025-11-20/1761672251.json"
"892632","715987","2025-11-17","37.00","AUD","1761672251","29218/2025-11-17/1761672251.json"
"892632","715987","2025-11-21","37.00","AUD","1761672251","29218/2025-11-21/1761672251.json"
"892632","715987","2025-11-23","37.00","AUD","1761672251","29218/2025-11-23/1761672251.json"
"892632","715987","2025-11-22","37.00","AUD","1761672251","29218/2025-11-22/1761672251.json"
"892632","715987","2025-11-24","37.00","AUD","1761672251","29218/2025-11-24/1761672251.json"
"892632","715987","2025-11-25","37.00","AUD","1761672251","29218/2025-11-25/1761672251.json"
"892632","715987","2025-11-26","37.00","AUD","1761672251","29218/2025-11-26/1761672251.json"
"892632","715987","2025-11-27","37.00","AUD","1761672251","29218/2025-11-27/1761672251.json"
"892632","715987","2025-11-28","37.00","AUD","1761672251","29218/2025-11-28/1761672251.json"
"892632","715987","2025-11-29","37.00","AUD","1761672251","29218/2025-11-29/1761672251.json"
"892632","715987","2025-11-30","37.00","AUD","1761672251","29218/2025-11-30/1761672251.json"
"892632","715987","2025-12-01","37.00","AUD","1761672251","29218/2025-12-01/1761672251.json"
"892632","715987","2025-12-02","37.00","AUD","1761672251","29218/2025-12-02/1761672251.json"
"892632","715987","2025-12-03","37.00","AUD","1761672251","29218/2025-12-03/1761672251.json"
"892632","715987","2025-12-05","37.00","AUD","1761672251","29218/2025-12-05/1761672251.json"
"892632","715987","2025-12-06","37.00","AUD","1761672251","29218/2025-12-06/1761672251.json"
"892632","715987","2025-12-08","37.00","AUD","1761672251","29218/2025-12-08/1761672251.json"
"892632","715987","2025-12-07","37.00","AUD","1761672251","29218/2025-12-07/1761672251.json"
"892632","715987","2025-12-04","37.00","AUD","1761672251","29218/2025-12-04/1761672251.json"
"892632","715987","2025-12-09","37.00","AUD","1761672251","29218/2025-12-09/1761672251.json"
"892632","715987","2025-12-10","37.00","AUD","1761672251","29218/2025-12-10/1761672251.json"
"892632","715987","2025-12-11","37.00","AUD","1761672251","29218/2025-12-11/1761672251.json"
"892632","715987","2025-12-12","37.00","AUD","1761672251","29218/2025-12-12/1761672251.json"
"892632","715987","2025-12-13","37.00","AUD","1761672251","29218/2025-12-13/1761672251.json"
"892632","715987","2025-12-14","37.00","AUD","1761672251","29218/2025-12-14/1761672251.json"
"892632","715987","2025-12-15","37.00","AUD","1761672251","29218/2025-12-15/1761672251.json"
"892632","715987","2025-12-16","37.00","AUD","1761672251","29218/2025-12-16/1761672251.json"
"892632","715987","2025-12-17","37.00","AUD","1761672251","29218/2025-12-17/1761672251.json"
"892632","715987","2025-12-18","37.00","AUD","1761672251","29218/2025-12-18/1761672251.json"
"892632","715987","2025-12-20","37.00","AUD","1761672251","29218/2025-12-20/1761672251.json"
"892632","715987","2025-12-19","37.00","AUD","1761672251","29218/2025-12-19/1761672251.json"
"892632","715987","2025-12-21","37.00","AUD","1761672251","29218/2025-12-21/1761672251.json"
"892632","715987","2025-12-22","37.00","AUD","1761672251","29218/2025-12-22/1761672251.json"
"892632","715987","2025-12-24","37.00","AUD","1761672251","29218/2025-12-24/1761672251.json"
"892632","715987","2025-12-23","37.00","AUD","1761672251","29218/2025-12-23/1761672251.json"
"892632","715987","2025-12-25","37.00","AUD","1761672251","29218/2025-12-25/1761672251.json"
"892632","715987","2025-12-26","37.00","AUD","1761672251","29218/2025-12-26/1761672251.json"
"892632","715987","2025-12-27","37.00","AUD","1761672251","29218/2025-12-27/1761672251.json"
"892632","715987","2025-10-30","37.00","AUD","1761685845","29218/2025-10-30/1761685845.json"
"892632","715987","2025-10-29","37.00","AUD","1761685845","29218/2025-10-29/1761685845.json"
"892632","715987","2025-11-01","37.00","AUD","1761685845","29218/2025-11-01/1761685845.json"
"892632","715987","2025-10-31","37.00","AUD","1761685845","29218/2025-10-31/1761685845.json"
"892632","715987","2025-11-04","37.00","AUD","1761685845","29218/2025-11-04/1761685845.json"
"892632","715987","2025-11-03","37.00","AUD","1761685845","29218/2025-11-03/1761685845.json"
"892632","715987","2025-11-02","37.00","AUD","1761685845","29218/2025-11-02/1761685845.json"
"892632","715987","2025-11-05","37.00","AUD","1761685845","29218/2025-11-05/1761685845.json"
"892632","715987","2025-11-07","37.00","AUD","1761685845","29218/2025-11-07/1761685845.json"
"892632","715987","2025-11-06","37.00","AUD","1761685845","29218/2025-11-06/1761685845.json"
"892632","715987","2025-11-08","37.00","AUD","1761685845","29218/2025-11-08/1761685845.json"
"892632","715987","2025-11-09","37.00","AUD","1761685845","29218/2025-11-09/1761685845.json"
"892632","715987","2025-11-11","37.00","AUD","1761685845","29218/2025-11-11/1761685845.json"
"892632","715987","2025-11-10","37.00","AUD","1761685845","29218/2025-11-10/1761685845.json"
"892632","715987","2025-11-12","37.00","AUD","1761685845","29218/2025-11-12/1761685845.json"
"892632","715987","2025-11-15","37.00","AUD","1761685845","29218/2025-11-15/1761685845.json"
"892632","715987","2025-11-13","37.00","AUD","1761685845","29218/2025-11-13/1761685845.json"
"892632","715987","2025-11-14","37.00","AUD","1761685845","29218/2025-11-14/1761685845.json"
"892632","715987","2025-11-16","37.00","AUD","1761685845","29218/2025-11-16/1761685845.json"
"892632","715987","2025-11-18","37.00","AUD","1761685845","29218/2025-11-18/1761685845.json"
"892632","715987","2025-11-17","37.00","AUD","1761685845","29218/2025-11-17/1761685845.json"
"892632","715987","2025-11-19","37.00","AUD","1761685845","29218/2025-11-19/1761685845.json"
"892632","715987","2025-11-20","37.00","AUD","1761685845","29218/2025-11-20/1761685845.json"
"892632","715987","2025-11-22","37.00","AUD","1761685845","29218/2025-11-22/1761685845.json"
"892632","715987","2025-11-21","37.00","AUD","1761685845","29218/2025-11-21/1761685845.json"
"892632","715987","2025-11-23","37.00","AUD","1761685845","29218/2025-11-23/1761685845.json"
"892632","715987","2025-11-27","37.00","AUD","1761685845","29218/2025-11-27/1761685845.json"
"892632","715987","2025-11-26","37.00","AUD","1761685845","29218/2025-11-26/1761685845.json"
"892632","715987","2025-11-24","37.00","AUD","1761685845","29218/2025-11-24/1761685845.json"
"892632","715987","2025-11-25","37.00","AUD","1761685845","29218/2025-11-25/1761685845.json"
"892632","715987","2025-11-28","37.00","AUD","1761685845","29218/2025-11-28/1761685845.json"
"892632","715987","2025-12-01","37.00","AUD","1761685845","29218/2025-12-01/1761685845.json"
"892632","715987","2025-11-30","37.00","AUD","1761685845","29218/2025-11-30/1761685845.json"
"892632","715987","2025-11-29","37.00","AUD","1761685845","29218/2025-11-29/1761685845.json"
"892632","715987","2025-12-02","37.00","AUD","1761685845","29218/2025-12-02/1761685845.json"
"892632","715987","2025-12-03","37.00","AUD","1761685845","29218/2025-12-03/1761685845.json"
"892632","715987","2025-12-04","37.00","AUD","1761685845","29218/2025-12-04/1761685845.json"
"892632","715987","2025-12-05","37.00","AUD","1761685845","29218/2025-12-05/1761685845.json"
"892632","715987","2025-12-07","37.00","AUD","1761685845","29218/2025-12-07/1761685845.json"
"892632","715987","2025-12-08","37.00","AUD","1761685845","29218/2025-12-08/1761685845.json"
"892632","715987","2025-12-06","37.00","AUD","1761685845","29218/2025-12-06/1761685845.json"
"892632","715987","2025-12-09","37.00","AUD","1761685845","29218/2025-12-09/1761685845.json"
"892632","715987","2025-12-10","37.00","AUD","1761685845","29218/2025-12-10/1761685845.json"
"892632","715987","2025-12-11","37.00","AUD","1761685845","29218/2025-12-11/1761685845.json"
"892632","715987","2025-12-13","37.00","AUD","1761685845","29218/2025-12-13/1761685845.json"
"892632","715987","2025-12-12","37.00","AUD","1761685845","29218/2025-12-12/1761685845.json"
"892632","715987","2025-12-14","37.00","AUD","1761685845","29218/2025-12-14/1761685845.json"
"892632","715987","2025-12-15","37.00","AUD","1761685845","29218/2025-12-15/1761685845.json"
"892632","715987","2025-12-16","37.00","AUD","1761685845","29218/2025-12-16/1761685845.json"
"892632","715987","2025-12-18","37.00","AUD","1761685845","29218/2025-12-18/1761685845.json"
"892632","715987","2025-12-17","37.00","AUD","1761685845","29218/2025-12-17/1761685845.json"
"892632","715987","2025-12-19","37.00","AUD","1761685845","29218/2025-12-19/1761685845.json"
"892632","715987","2025-12-20","37.00","AUD","1761685845","29218/2025-12-20/1761685845.json"
"892632","715987","2025-12-22","37.00","AUD","1761685845","29218/2025-12-22/1761685845.json"
"892632","715987","2025-12-21","37.00","AUD","1761685845","29218/2025-12-21/1761685845.json"
"892632","715987","2025-12-24","37.00","AUD","1761685845","29218/2025-12-24/1761685845.json"
"892632","715987","2025-12-23","37.00","AUD","1761685845","29218/2025-12-23/1761685845.json"
"892632","715987","2025-12-25","37.00","AUD","1761685845","29218/2025-12-25/1761685845.json"
"892632","715987","2025-12-26","37.00","AUD","1761685845","29218/2025-12-26/1761685845.json"
"892632","715987","2025-12-27","37.00","AUD","1761685845","29218/2025-12-27/1761685845.json"
"892632","715987","2025-11-01","37.00","AUD","1761710736","29218/2025-11-01/1761710736.json"
"892632","715987","2025-10-30","37.00","AUD","1761710736","29218/2025-10-30/1761710736.json"
"892632","715987","2025-10-31","37.00","AUD","1761710736","29218/2025-10-31/1761710736.json"
"892632","715987","2025-11-03","37.00","AUD","1761710736","29218/2025-11-03/1761710736.json"
"892632","715987","2025-11-04","37.00","AUD","1761710736","29218/2025-11-04/1761710736.json"
"892632","715987","2025-11-05","37.00","AUD","1761710736","29218/2025-11-05/1761710736.json"
"892632","715987","2025-11-02","37.00","AUD","1761710736","29218/2025-11-02/1761710736.json"
"892632","715987","2025-11-08","37.00","AUD","1761710736","29218/2025-11-08/1761710736.json"
"892632","715987","2025-11-09","37.00","AUD","1761710736","29218/2025-11-09/1761710736.json"
"892632","715987","2025-11-06","37.00","AUD","1761710736","29218/2025-11-06/1761710736.json"
"892632","715987","2025-11-07","37.00","AUD","1761710736","29218/2025-11-07/1761710736.json"
"892632","715987","2025-11-11","37.00","AUD","1761710736","29218/2025-11-11/1761710736.json"
"892632","715987","2025-11-12","37.00","AUD","1761710736","29218/2025-11-12/1761710736.json"
"892632","715987","2025-11-10","37.00","AUD","1761710736","29218/2025-11-10/1761710736.json"
"892632","715987","2025-11-14","37.00","AUD","1761710736","29218/2025-11-14/1761710736.json"
"892632","715987","2025-11-15","37.00","AUD","1761710736","29218/2025-11-15/1761710736.json"
"892632","715987","2025-11-13","37.00","AUD","1761710736","29218/2025-11-13/1761710736.json"
"892632","715987","2025-11-16","37.00","AUD","1761710736","29218/2025-11-16/1761710736.json"
"892632","715987","2025-11-18","37.00","AUD","1761710736","29218/2025-11-18/1761710736.json"
"892632","715987","2025-11-17","37.00","AUD","1761710736","29218/2025-11-17/1761710736.json"
"892632","715987","2025-11-19","37.00","AUD","1761710736","29218/2025-11-19/1761710736.json"
"892632","715987","2025-11-20","37.00","AUD","1761710736","29218/2025-11-20/1761710736.json"
"892632","715987","2025-11-21","37.00","AUD","1761710736","29218/2025-11-21/1761710736.json"
"892632","715987","2025-11-24","37.00","AUD","1761710736","29218/2025-11-24/1761710736.json"
"892632","715987","2025-11-22","37.00","AUD","1761710736","29218/2025-11-22/1761710736.json"
"892632","715987","2025-11-23","37.00","AUD","1761710736","29218/2025-11-23/1761710736.json"
"892632","715987","2025-11-25","37.00","AUD","1761710736","29218/2025-11-25/1761710736.json"
"892632","715987","2025-11-27","37.00","AUD","1761710736","29218/2025-11-27/1761710736.json"
"892632","715987","2025-11-26","37.00","AUD","1761710736","29218/2025-11-26/1761710736.json"
"892632","715987","2025-11-28","37.00","AUD","1761710736","29218/2025-11-28/1761710736.json"
"892632","715987","2025-11-29","37.00","AUD","1761710736","29218/2025-11-29/1761710736.json"
"892632","715987","2025-12-02","37.00","AUD","1761710736","29218/2025-12-02/1761710736.json"
"892632","715987","2025-11-30","37.00","AUD","1761710736","29218/2025-11-30/1761710736.json"
"892632","715987","2025-12-01","37.00","AUD","1761710736","29218/2025-12-01/1761710736.json"
"892632","715987","2025-12-03","37.00","AUD","1761710736","29218/2025-12-03/1761710736.json"
"892632","715987","2025-12-04","37.00","AUD","1761710736","29218/2025-12-04/1761710736.json"
"892632","715987","2025-12-06","37.00","AUD","1761710736","29218/2025-12-06/1761710736.json"
"892632","715987","2025-12-05","37.00","AUD","1761710736","29218/2025-12-05/1761710736.json"
"892632","715987","2025-12-07","37.00","AUD","1761710736","29218/2025-12-07/1761710736.json"
"892632","715987","2025-12-10","37.00","AUD","1761710736","29218/2025-12-10/1761710736.json"
"892632","715987","2025-12-08","37.00","AUD","1761710736","29218/2025-12-08/1761710736.json"
"892632","715987","2025-12-09","37.00","AUD","1761710736","29218/2025-12-09/1761710736.json"
"892632","715987","2025-12-11","37.00","AUD","1761710736","29218/2025-12-11/1761710736.json"
"892632","715987","2025-12-13","37.00","AUD","1761710736","29218/2025-12-13/1761710736.json"
"892632","715987","2025-12-12","37.00","AUD","1761710736","29218/2025-12-12/1761710736.json"
"892632","715987","2025-12-14","37.00","AUD","1761710736","29218/2025-12-14/1761710736.json"
"892632","715987","2025-12-16","37.00","AUD","1761710736","29218/2025-12-16/1761710736.json"
"892632","715987","2025-12-15","37.00","AUD","1761710736","29218/2025-12-15/1761710736.json"
"892632","715987","2025-12-17","37.00","AUD","1761710736","29218/2025-12-17/1761710736.json"
"892632","715987","2025-12-18","37.00","AUD","1761710736","29218/2025-12-18/1761710736.json"
"892632","715987","2025-12-19","37.00","AUD","1761710736","29218/2025-12-19/1761710736.json"
"892632","715987","2025-12-21","37.00","AUD","1761710736","29218/2025-12-21/1761710736.json"
"892632","715987","2025-12-22","37.00","AUD","1761710736","29218/2025-12-22/1761710736.json"
"892632","715987","2025-12-20","37.00","AUD","1761710736","29218/2025-12-20/1761710736.json"
"892632","715987","2025-12-23","37.00","AUD","1761710736","29218/2025-12-23/1761710736.json"
"892632","715987","2025-12-25","37.00","AUD","1761710736","29218/2025-12-25/1761710736.json"
"892632","715987","2025-12-27","37.00","AUD","1761710736","29218/2025-12-27/1761710736.json"
"892632","715987","2025-12-26","37.00","AUD","1761710736","29218/2025-12-26/1761710736.json"
"892632","715987","2025-12-24","37.00","AUD","1761710736","29218/2025-12-24/1761710736.json"
"892632","715987","2025-12-28","37.00","AUD","1761710736","29218/2025-12-28/1761710736.json"
