"dormId","ratePlan","date","priceValue","priceCurrency","crawledAt","urlPart"
"701111","393980","2025-10-11","240.00","AUD","1759642388","297342/2025-10-11/1759642388.json"
"701111","393980","2025-10-15","240.00","AUD","1759642388","297342/2025-10-15/1759642388.json"
"701111","393980","2025-10-17","240.00","AUD","1759642388","297342/2025-10-17/1759642388.json"
"701111","393980","2025-10-18","240.00","AUD","1759642388","297342/2025-10-18/1759642388.json"
"701111","393980","2025-10-25","240.00","AUD","1759642388","297342/2025-10-25/1759642388.json"
"701111","393980","2025-10-26","240.00","AUD","1759642388","297342/2025-10-26/1759642388.json"
"701111","393980","2025-10-30","240.00","AUD","1759642388","297342/2025-10-30/1759642388.json"
"701111","393980","2025-11-01","215.00","AUD","1759642388","297342/2025-11-01/1759642388.json"
"701111","393980","2025-11-04","215.00","AUD","1759642388","297342/2025-11-04/1759642388.json"
"701111","393980","2025-10-11","240.00","AUD","1759656650","297342/2025-10-11/1759656650.json"
"701111","393980","2025-10-15","240.00","AUD","1759656650","297342/2025-10-15/1759656650.json"
"701111","393980","2025-10-17","240.00","AUD","1759656650","297342/2025-10-17/1759656650.json"
"701111","393980","2025-10-18","240.00","AUD","1759656650","297342/2025-10-18/1759656650.json"
"701111","393980","2025-10-25","240.00","AUD","1759656650","297342/2025-10-25/1759656650.json"
"701111","393980","2025-10-26","240.00","AUD","1759656650","297342/2025-10-26/1759656650.json"
"701111","393980","2025-10-30","240.00","AUD","1759656650","297342/2025-10-30/1759656650.json"
"701111","393980","2025-11-01","215.00","AUD","1759656650","297342/2025-11-01/1759656650.json"
"701111","393980","2025-11-04","215.00","AUD","1759656650","297342/2025-11-04/1759656650.json"
"701111","393980","2025-10-11","240.00","AUD","1759672784","297342/2025-10-11/1759672784.json"
"701111","393980","2025-10-15","240.00","AUD","1759672784","297342/2025-10-15/1759672784.json"
"701111","393980","2025-10-17","240.00","AUD","1759672784","297342/2025-10-17/1759672784.json"
"701111","393980","2025-10-18","240.00","AUD","1759672784","297342/2025-10-18/1759672784.json"
"701111","393980","2025-10-25","240.00","AUD","1759672784","297342/2025-10-25/1759672784.json"
"701111","393980","2025-10-26","240.00","AUD","1759672784","297342/2025-10-26/1759672784.json"
"701111","393980","2025-10-30","240.00","AUD","1759672784","297342/2025-10-30/1759672784.json"
"701111","393980","2025-11-04","215.00","AUD","1759672784","297342/2025-11-04/1759672784.json"
"701111","393980","2025-10-11","240.00","AUD","1759685662","297342/2025-10-11/1759685662.json"
"701111","393980","2025-10-15","240.00","AUD","1759685662","297342/2025-10-15/1759685662.json"
"701111","393980","2025-10-17","240.00","AUD","1759685662","297342/2025-10-17/1759685662.json"
"701111","393980","2025-10-18","240.00","AUD","1759685662","297342/2025-10-18/1759685662.json"
"701111","393980","2025-10-25","240.00","AUD","1759685662","297342/2025-10-25/1759685662.json"
"701111","393980","2025-10-26","240.00","AUD","1759685662","297342/2025-10-26/1759685662.json"
"701111","393980","2025-10-30","240.00","AUD","1759685662","297342/2025-10-30/1759685662.json"
"701111","393980","2025-11-04","215.00","AUD","1759685662","297342/2025-11-04/1759685662.json"
"701111","393980","2025-10-11","240.00","AUD","1759700054","297342/2025-10-11/1759700054.json"
"701111","393980","2025-10-15","240.00","AUD","1759700054","297342/2025-10-15/1759700054.json"
"701111","393980","2025-10-17","240.00","AUD","1759700054","297342/2025-10-17/1759700054.json"
"701111","393980","2025-10-18","240.00","AUD","1759700054","297342/2025-10-18/1759700054.json"
"701111","393980","2025-10-25","240.00","AUD","1759700054","297342/2025-10-25/1759700054.json"
"701111","393980","2025-10-26","240.00","AUD","1759700054","297342/2025-10-26/1759700054.json"
"701111","393980","2025-10-30","240.00","AUD","1759700054","297342/2025-10-30/1759700054.json"
"701111","393980","2025-11-04","215.00","AUD","1759700054","297342/2025-11-04/1759700054.json"
"701111","393980","2025-10-11","240.00","AUD","1759722035","297342/2025-10-11/1759722035.json"
"701111","393980","2025-10-15","240.00","AUD","1759722035","297342/2025-10-15/1759722035.json"
"701111","393980","2025-10-17","240.00","AUD","1759722035","297342/2025-10-17/1759722035.json"
"701111","393980","2025-10-18","240.00","AUD","1759722035","297342/2025-10-18/1759722035.json"
"701111","393980","2025-10-25","240.00","AUD","1759722035","297342/2025-10-25/1759722035.json"
"701111","393980","2025-10-26","240.00","AUD","1759722035","297342/2025-10-26/1759722035.json"
"701111","393980","2025-10-30","240.00","AUD","1759722035","297342/2025-10-30/1759722035.json"
"701111","393980","2025-11-04","215.00","AUD","1759722035","297342/2025-11-04/1759722035.json"
"701111","393980","2025-11-05","215.00","AUD","1759722035","297342/2025-11-05/1759722035.json"
"701111","393980","2025-11-09","215.00","AUD","1759722035","297342/2025-11-09/1759722035.json"
"701111","393980","2025-11-13","215.00","AUD","1759722035","297342/2025-11-13/1759722035.json"
"701111","393980","2025-11-12","215.00","AUD","1759722035","297342/2025-11-12/1759722035.json"
"701111","393980","2025-11-15","215.00","AUD","1759722035","297342/2025-11-15/1759722035.json"
"701111","393980","2025-11-18","215.00","AUD","1759722035","297342/2025-11-18/1759722035.json"
"701111","393980","2025-11-20","215.00","AUD","1759722035","297342/2025-11-20/1759722035.json"
"701111","393980","2025-11-21","215.00","AUD","1759722035","297342/2025-11-21/1759722035.json"
"701111","393980","2025-11-22","215.00","AUD","1759722035","297342/2025-11-22/1759722035.json"
"701111","393980","2025-11-23","215.00","AUD","1759722035","297342/2025-11-23/1759722035.json"
"701111","393980","2025-11-27","215.00","AUD","1759722035","297342/2025-11-27/1759722035.json"
"701111","393980","2025-11-28","215.00","AUD","1759722035","297342/2025-11-28/1759722035.json"
"701111","393980","2025-12-01","215.00","AUD","1759722035","297342/2025-12-01/1759722035.json"
"701111","393980","2025-11-30","215.00","AUD","1759722035","297342/2025-11-30/1759722035.json"
"701111","393980","2025-11-29","215.00","AUD","1759722035","297342/2025-11-29/1759722035.json"
"701111","393980","2025-12-02","215.00","AUD","1759722035","297342/2025-12-02/1759722035.json"
"701111","393980","2025-12-04","215.00","AUD","1759722035","297342/2025-12-04/1759722035.json"
"701111","393980","2025-12-05","215.00","AUD","1759722035","297342/2025-12-05/1759722035.json"
"701111","393980","2025-12-03","215.00","AUD","1759722035","297342/2025-12-03/1759722035.json"
"701111","393980","2025-10-11","240.00","AUD","1759727305","297342/2025-10-11/1759727305.json"
"701111","393980","2025-10-15","240.00","AUD","1759727305","297342/2025-10-15/1759727305.json"
"701111","393980","2025-10-18","240.00","AUD","1759727305","297342/2025-10-18/1759727305.json"
"701111","393980","2025-10-17","240.00","AUD","1759727305","297342/2025-10-17/1759727305.json"
"701111","393980","2025-10-25","240.00","AUD","1759727305","297342/2025-10-25/1759727305.json"
"701111","393980","2025-10-26","240.00","AUD","1759727305","297342/2025-10-26/1759727305.json"
"701111","393980","2025-10-30","240.00","AUD","1759727305","297342/2025-10-30/1759727305.json"
"701111","393980","2025-11-04","215.00","AUD","1759727305","297342/2025-11-04/1759727305.json"
"701111","393980","2025-11-05","215.00","AUD","1759727305","297342/2025-11-05/1759727305.json"
"701111","393980","2025-11-09","215.00","AUD","1759727305","297342/2025-11-09/1759727305.json"
"701111","393980","2025-11-12","215.00","AUD","1759727305","297342/2025-11-12/1759727305.json"
"701111","393980","2025-11-13","215.00","AUD","1759727305","297342/2025-11-13/1759727305.json"
"701111","393980","2025-11-15","215.00","AUD","1759727305","297342/2025-11-15/1759727305.json"
"701111","393980","2025-11-18","215.00","AUD","1759727305","297342/2025-11-18/1759727305.json"
"701111","393980","2025-11-20","215.00","AUD","1759727305","297342/2025-11-20/1759727305.json"
"701111","393980","2025-11-21","215.00","AUD","1759727305","297342/2025-11-21/1759727305.json"
"701111","393980","2025-11-22","215.00","AUD","1759727305","297342/2025-11-22/1759727305.json"
"701111","393980","2025-11-23","215.00","AUD","1759727305","297342/2025-11-23/1759727305.json"
"701111","393980","2025-11-27","215.00","AUD","1759727305","297342/2025-11-27/1759727305.json"
"701111","393980","2025-11-30","215.00","AUD","1759727305","297342/2025-11-30/1759727305.json"
"701111","393980","2025-11-28","215.00","AUD","1759727305","297342/2025-11-28/1759727305.json"
"701111","393980","2025-11-29","215.00","AUD","1759727305","297342/2025-11-29/1759727305.json"
"701111","393980","2025-12-01","215.00","AUD","1759727305","297342/2025-12-01/1759727305.json"
"701111","393980","2025-12-02","215.00","AUD","1759727305","297342/2025-12-02/1759727305.json"
"701111","393980","2025-12-03","215.00","AUD","1759727305","297342/2025-12-03/1759727305.json"
"701111","393980","2025-12-04","215.00","AUD","1759727305","297342/2025-12-04/1759727305.json"
"701111","393980","2025-12-05","215.00","AUD","1759727305","297342/2025-12-05/1759727305.json"
"701111","393980","2025-10-11","240.00","AUD","1759742289","297342/2025-10-11/1759742289.json"
"701111","393980","2025-10-15","240.00","AUD","1759742289","297342/2025-10-15/1759742289.json"
"701111","393980","2025-10-17","240.00","AUD","1759742289","297342/2025-10-17/1759742289.json"
"701111","393980","2025-10-18","240.00","AUD","1759742289","297342/2025-10-18/1759742289.json"
"701111","393980","2025-10-25","240.00","AUD","1759742289","297342/2025-10-25/1759742289.json"
"701111","393980","2025-10-26","240.00","AUD","1759742289","297342/2025-10-26/1759742289.json"
"701111","393980","2025-10-30","240.00","AUD","1759742289","297342/2025-10-30/1759742289.json"
"701111","393980","2025-11-05","215.00","AUD","1759742289","297342/2025-11-05/1759742289.json"
"701111","393980","2025-11-04","215.00","AUD","1759742289","297342/2025-11-04/1759742289.json"
"701111","393980","2025-11-09","215.00","AUD","1759742289","297342/2025-11-09/1759742289.json"
"701111","393980","2025-11-12","215.00","AUD","1759742289","297342/2025-11-12/1759742289.json"
"701111","393980","2025-11-13","215.00","AUD","1759742289","297342/2025-11-13/1759742289.json"
"701111","393980","2025-11-15","215.00","AUD","1759742289","297342/2025-11-15/1759742289.json"
"701111","393980","2025-11-20","215.00","AUD","1759742289","297342/2025-11-20/1759742289.json"
"701111","393980","2025-11-18","215.00","AUD","1759742289","297342/2025-11-18/1759742289.json"
"701111","393980","2025-11-23","215.00","AUD","1759742289","297342/2025-11-23/1759742289.json"
"701111","393980","2025-11-22","215.00","AUD","1759742289","297342/2025-11-22/1759742289.json"
"701111","393980","2025-11-21","215.00","AUD","1759742289","297342/2025-11-21/1759742289.json"
"701111","393980","2025-11-27","215.00","AUD","1759742289","297342/2025-11-27/1759742289.json"
"701111","393980","2025-11-28","215.00","AUD","1759742289","297342/2025-11-28/1759742289.json"
"701111","393980","2025-11-30","215.00","AUD","1759742289","297342/2025-11-30/1759742289.json"
"701111","393980","2025-11-29","215.00","AUD","1759742289","297342/2025-11-29/1759742289.json"
"701111","393980","2025-12-01","215.00","AUD","1759742289","297342/2025-12-01/1759742289.json"
"701111","393980","2025-12-02","215.00","AUD","1759742289","297342/2025-12-02/1759742289.json"
"701111","393980","2025-12-03","215.00","AUD","1759742289","297342/2025-12-03/1759742289.json"
"701111","393980","2025-12-04","215.00","AUD","1759742289","297342/2025-12-04/1759742289.json"
"701111","393980","2025-12-05","215.00","AUD","1759742289","297342/2025-12-05/1759742289.json"
"701111","393980","2025-10-11","240.00","AUD","1759759688","297342/2025-10-11/1759759688.json"
"701111","393980","2025-10-15","240.00","AUD","1759759688","297342/2025-10-15/1759759688.json"
"701111","393980","2025-10-18","240.00","AUD","1759759688","297342/2025-10-18/1759759688.json"
"701111","393980","2025-10-17","240.00","AUD","1759759688","297342/2025-10-17/1759759688.json"
"701111","393980","2025-10-25","240.00","AUD","1759759688","297342/2025-10-25/1759759688.json"
"701111","393980","2025-10-26","240.00","AUD","1759759688","297342/2025-10-26/1759759688.json"
"701111","393980","2025-10-30","240.00","AUD","1759759688","297342/2025-10-30/1759759688.json"
"701111","393980","2025-11-04","215.00","AUD","1759759688","297342/2025-11-04/1759759688.json"
"701111","393980","2025-11-05","215.00","AUD","1759759688","297342/2025-11-05/1759759688.json"
"701111","393980","2025-11-09","215.00","AUD","1759759688","297342/2025-11-09/1759759688.json"
"701111","393980","2025-11-13","215.00","AUD","1759759688","297342/2025-11-13/1759759688.json"
"701111","393980","2025-11-12","215.00","AUD","1759759688","297342/2025-11-12/1759759688.json"
"701111","393980","2025-11-15","215.00","AUD","1759759688","297342/2025-11-15/1759759688.json"
"701111","393980","2025-11-18","215.00","AUD","1759759688","297342/2025-11-18/1759759688.json"
"701111","393980","2025-11-20","215.00","AUD","1759759688","297342/2025-11-20/1759759688.json"
"701111","393980","2025-11-21","215.00","AUD","1759759688","297342/2025-11-21/1759759688.json"
"701111","393980","2025-11-22","215.00","AUD","1759759688","297342/2025-11-22/1759759688.json"
"701111","393980","2025-11-23","215.00","AUD","1759759688","297342/2025-11-23/1759759688.json"
"701111","393980","2025-11-27","215.00","AUD","1759759688","297342/2025-11-27/1759759688.json"
"701111","393980","2025-11-28","215.00","AUD","1759759688","297342/2025-11-28/1759759688.json"
"701111","393980","2025-11-29","215.00","AUD","1759759688","297342/2025-11-29/1759759688.json"
"701111","393980","2025-12-01","215.00","AUD","1759759688","297342/2025-12-01/1759759688.json"
"701111","393980","2025-12-02","215.00","AUD","1759759688","297342/2025-12-02/1759759688.json"
"701111","393980","2025-11-30","215.00","AUD","1759759688","297342/2025-11-30/1759759688.json"
"701111","393980","2025-12-03","215.00","AUD","1759759688","297342/2025-12-03/1759759688.json"
"701111","393980","2025-12-05","215.00","AUD","1759759688","297342/2025-12-05/1759759688.json"
"701111","393980","2025-12-04","215.00","AUD","1759759688","297342/2025-12-04/1759759688.json"
"701111","393980","2025-10-11","240.00","AUD","1759770911","297342/2025-10-11/1759770911.json"
"701111","393980","2025-10-15","240.00","AUD","1759770911","297342/2025-10-15/1759770911.json"
"701111","393980","2025-10-17","240.00","AUD","1759770911","297342/2025-10-17/1759770911.json"
"701111","393980","2025-10-18","240.00","AUD","1759770911","297342/2025-10-18/1759770911.json"
"701111","393980","2025-10-26","240.00","AUD","1759770911","297342/2025-10-26/1759770911.json"
"701111","393980","2025-10-25","240.00","AUD","1759770911","297342/2025-10-25/1759770911.json"
"701111","393980","2025-10-30","240.00","AUD","1759770911","297342/2025-10-30/1759770911.json"
"701111","393980","2025-11-04","215.00","AUD","1759770911","297342/2025-11-04/1759770911.json"
"701111","393980","2025-11-05","215.00","AUD","1759770911","297342/2025-11-05/1759770911.json"
"701111","393980","2025-11-09","215.00","AUD","1759770911","297342/2025-11-09/1759770911.json"
"701111","393980","2025-11-13","215.00","AUD","1759770911","297342/2025-11-13/1759770911.json"
"701111","393980","2025-11-12","215.00","AUD","1759770911","297342/2025-11-12/1759770911.json"
"701111","393980","2025-11-15","215.00","AUD","1759770911","297342/2025-11-15/1759770911.json"
"701111","393980","2025-11-18","215.00","AUD","1759770911","297342/2025-11-18/1759770911.json"
"701111","393980","2025-11-20","215.00","AUD","1759770911","297342/2025-11-20/1759770911.json"
"701111","393980","2025-11-21","215.00","AUD","1759770911","297342/2025-11-21/1759770911.json"
"701111","393980","2025-11-22","215.00","AUD","1759770911","297342/2025-11-22/1759770911.json"
"701111","393980","2025-11-23","215.00","AUD","1759770911","297342/2025-11-23/1759770911.json"
"701111","393980","2025-11-27","215.00","AUD","1759770911","297342/2025-11-27/1759770911.json"
"701111","393980","2025-11-28","215.00","AUD","1759770911","297342/2025-11-28/1759770911.json"
"701111","393980","2025-11-29","215.00","AUD","1759770911","297342/2025-11-29/1759770911.json"
"701111","393980","2025-11-30","215.00","AUD","1759770911","297342/2025-11-30/1759770911.json"
"701111","393980","2025-12-01","215.00","AUD","1759770911","297342/2025-12-01/1759770911.json"
"701111","393980","2025-12-03","215.00","AUD","1759770911","297342/2025-12-03/1759770911.json"
"701111","393980","2025-12-02","215.00","AUD","1759770911","297342/2025-12-02/1759770911.json"
"701111","393980","2025-12-04","215.00","AUD","1759770911","297342/2025-12-04/1759770911.json"
"701111","393980","2025-12-05","215.00","AUD","1759770911","297342/2025-12-05/1759770911.json"
"701111","393980","2025-10-11","240.00","AUD","1759784695","297342/2025-10-11/1759784695.json"
"701111","393980","2025-10-15","240.00","AUD","1759784695","297342/2025-10-15/1759784695.json"
"701111","393980","2025-10-17","240.00","AUD","1759784695","297342/2025-10-17/1759784695.json"
"701111","393980","2025-10-18","240.00","AUD","1759784695","297342/2025-10-18/1759784695.json"
"701111","393980","2025-10-25","240.00","AUD","1759784695","297342/2025-10-25/1759784695.json"
"701111","393980","2025-10-26","240.00","AUD","1759784695","297342/2025-10-26/1759784695.json"
"701111","393980","2025-10-30","240.00","AUD","1759784695","297342/2025-10-30/1759784695.json"
"701111","393980","2025-11-05","215.00","AUD","1759784695","297342/2025-11-05/1759784695.json"
"701111","393980","2025-11-04","215.00","AUD","1759784695","297342/2025-11-04/1759784695.json"
"701111","393980","2025-11-09","215.00","AUD","1759784695","297342/2025-11-09/1759784695.json"
"701111","393980","2025-11-12","215.00","AUD","1759784695","297342/2025-11-12/1759784695.json"
"701111","393980","2025-11-13","215.00","AUD","1759784695","297342/2025-11-13/1759784695.json"
"701111","393980","2025-11-15","215.00","AUD","1759784695","297342/2025-11-15/1759784695.json"
"701111","393980","2025-11-18","215.00","AUD","1759784695","297342/2025-11-18/1759784695.json"
"701111","393980","2025-11-21","215.00","AUD","1759784695","297342/2025-11-21/1759784695.json"
"701111","393980","2025-11-20","215.00","AUD","1759784695","297342/2025-11-20/1759784695.json"
"701111","393980","2025-11-22","215.00","AUD","1759784695","297342/2025-11-22/1759784695.json"
"701111","393980","2025-11-23","215.00","AUD","1759784695","297342/2025-11-23/1759784695.json"
"701111","393980","2025-11-27","215.00","AUD","1759784695","297342/2025-11-27/1759784695.json"
"701111","393980","2025-11-29","215.00","AUD","1759784695","297342/2025-11-29/1759784695.json"
"701111","393980","2025-11-28","215.00","AUD","1759784695","297342/2025-11-28/1759784695.json"
"701111","393980","2025-11-30","215.00","AUD","1759784695","297342/2025-11-30/1759784695.json"
"701111","393980","2025-12-01","215.00","AUD","1759784695","297342/2025-12-01/1759784695.json"
"701111","393980","2025-12-03","215.00","AUD","1759784695","297342/2025-12-03/1759784695.json"
"701111","393980","2025-12-04","215.00","AUD","1759784695","297342/2025-12-04/1759784695.json"
"701111","393980","2025-12-05","215.00","AUD","1759784695","297342/2025-12-05/1759784695.json"
"701111","393980","2025-10-11","240.00","AUD","1759808285","297342/2025-10-11/1759808285.json"
"701111","393980","2025-10-15","240.00","AUD","1759808285","297342/2025-10-15/1759808285.json"
"701111","393980","2025-10-18","240.00","AUD","1759808285","297342/2025-10-18/1759808285.json"
"701111","393980","2025-10-17","240.00","AUD","1759808285","297342/2025-10-17/1759808285.json"
"701111","393980","2025-10-25","240.00","AUD","1759808285","297342/2025-10-25/1759808285.json"
"701111","393980","2025-10-26","240.00","AUD","1759808285","297342/2025-10-26/1759808285.json"
"701111","393980","2025-10-30","240.00","AUD","1759808285","297342/2025-10-30/1759808285.json"
"701111","393980","2025-11-05","215.00","AUD","1759808285","297342/2025-11-05/1759808285.json"
"701111","393980","2025-11-04","215.00","AUD","1759808285","297342/2025-11-04/1759808285.json"
"701111","393980","2025-11-09","215.00","AUD","1759808285","297342/2025-11-09/1759808285.json"
"701111","393980","2025-11-13","215.00","AUD","1759808285","297342/2025-11-13/1759808285.json"
"701111","393980","2025-11-12","215.00","AUD","1759808285","297342/2025-11-12/1759808285.json"
"701111","393980","2025-11-15","215.00","AUD","1759808285","297342/2025-11-15/1759808285.json"
"701111","393980","2025-11-18","215.00","AUD","1759808285","297342/2025-11-18/1759808285.json"
"701111","393980","2025-11-20","215.00","AUD","1759808285","297342/2025-11-20/1759808285.json"
"701111","393980","2025-11-21","215.00","AUD","1759808285","297342/2025-11-21/1759808285.json"
"701111","393980","2025-11-22","215.00","AUD","1759808285","297342/2025-11-22/1759808285.json"
"701111","393980","2025-11-23","215.00","AUD","1759808285","297342/2025-11-23/1759808285.json"
"701111","393980","2025-11-27","215.00","AUD","1759808285","297342/2025-11-27/1759808285.json"
"701111","393980","2025-11-28","215.00","AUD","1759808285","297342/2025-11-28/1759808285.json"
"701111","393980","2025-11-30","215.00","AUD","1759808285","297342/2025-11-30/1759808285.json"
"701111","393980","2025-11-29","215.00","AUD","1759808285","297342/2025-11-29/1759808285.json"
"701111","393980","2025-12-01","215.00","AUD","1759808285","297342/2025-12-01/1759808285.json"
"701111","393980","2025-12-03","215.00","AUD","1759808285","297342/2025-12-03/1759808285.json"
"701111","393980","2025-12-04","215.00","AUD","1759808285","297342/2025-12-04/1759808285.json"
"701111","393980","2025-12-05","215.00","AUD","1759808285","297342/2025-12-05/1759808285.json"
"701111","393980","2025-12-06","215.00","AUD","1759808285","297342/2025-12-06/1759808285.json"
"701111","393980","2025-10-11","240.00","AUD","1759813653","297342/2025-10-11/1759813653.json"
"701111","393980","2025-10-15","240.00","AUD","1759813653","297342/2025-10-15/1759813653.json"
"701111","393980","2025-10-17","240.00","AUD","1759813653","297342/2025-10-17/1759813653.json"
"701111","393980","2025-10-18","240.00","AUD","1759813653","297342/2025-10-18/1759813653.json"
"701111","393980","2025-10-25","240.00","AUD","1759813653","297342/2025-10-25/1759813653.json"
"701111","393980","2025-10-26","240.00","AUD","1759813653","297342/2025-10-26/1759813653.json"
"701111","393980","2025-10-30","240.00","AUD","1759813653","297342/2025-10-30/1759813653.json"
"701111","393980","2025-11-05","215.00","AUD","1759813653","297342/2025-11-05/1759813653.json"
"701111","393980","2025-11-04","215.00","AUD","1759813653","297342/2025-11-04/1759813653.json"
"701111","393980","2025-11-09","215.00","AUD","1759813653","297342/2025-11-09/1759813653.json"
"701111","393980","2025-11-12","215.00","AUD","1759813653","297342/2025-11-12/1759813653.json"
"701111","393980","2025-11-13","215.00","AUD","1759813653","297342/2025-11-13/1759813653.json"
"701111","393980","2025-11-15","215.00","AUD","1759813653","297342/2025-11-15/1759813653.json"
"701111","393980","2025-11-18","215.00","AUD","1759813653","297342/2025-11-18/1759813653.json"
"701111","393980","2025-11-20","215.00","AUD","1759813653","297342/2025-11-20/1759813653.json"
"701111","393980","2025-11-21","215.00","AUD","1759813653","297342/2025-11-21/1759813653.json"
"701111","393980","2025-11-22","215.00","AUD","1759813653","297342/2025-11-22/1759813653.json"
"701111","393980","2025-11-23","215.00","AUD","1759813653","297342/2025-11-23/1759813653.json"
"701111","393980","2025-11-28","215.00","AUD","1759813653","297342/2025-11-28/1759813653.json"
"701111","393980","2025-11-27","215.00","AUD","1759813653","297342/2025-11-27/1759813653.json"
"701111","393980","2025-11-29","215.00","AUD","1759813653","297342/2025-11-29/1759813653.json"
"701111","393980","2025-11-30","215.00","AUD","1759813653","297342/2025-11-30/1759813653.json"
"701111","393980","2025-12-03","215.00","AUD","1759813653","297342/2025-12-03/1759813653.json"
"701111","393980","2025-12-01","215.00","AUD","1759813653","297342/2025-12-01/1759813653.json"
"701111","393980","2025-12-04","215.00","AUD","1759813653","297342/2025-12-04/1759813653.json"
"701111","393980","2025-12-06","215.00","AUD","1759813653","297342/2025-12-06/1759813653.json"
"701111","393980","2025-12-05","215.00","AUD","1759813653","297342/2025-12-05/1759813653.json"
"701111","393980","2025-10-11","240.00","AUD","1759828707","297342/2025-10-11/1759828707.json"
"701111","393980","2025-10-17","240.00","AUD","1759828707","297342/2025-10-17/1759828707.json"
"701111","393980","2025-10-18","240.00","AUD","1759828707","297342/2025-10-18/1759828707.json"
"701111","393980","2025-10-15","240.00","AUD","1759828707","297342/2025-10-15/1759828707.json"
"701111","393980","2025-10-25","240.00","AUD","1759828707","297342/2025-10-25/1759828707.json"
"701111","393980","2025-10-26","240.00","AUD","1759828707","297342/2025-10-26/1759828707.json"
"701111","393980","2025-10-30","240.00","AUD","1759828707","297342/2025-10-30/1759828707.json"
"701111","393980","2025-11-04","215.00","AUD","1759828707","297342/2025-11-04/1759828707.json"
"701111","393980","2025-11-05","215.00","AUD","1759828707","297342/2025-11-05/1759828707.json"
"701111","393980","2025-11-09","215.00","AUD","1759828707","297342/2025-11-09/1759828707.json"
"701111","393980","2025-11-12","215.00","AUD","1759828707","297342/2025-11-12/1759828707.json"
"701111","393980","2025-11-13","215.00","AUD","1759828707","297342/2025-11-13/1759828707.json"
"701111","393980","2025-11-15","215.00","AUD","1759828707","297342/2025-11-15/1759828707.json"
"701111","393980","2025-11-18","215.00","AUD","1759828707","297342/2025-11-18/1759828707.json"
"701111","393980","2025-11-20","215.00","AUD","1759828707","297342/2025-11-20/1759828707.json"
"701111","393980","2025-11-21","215.00","AUD","1759828707","297342/2025-11-21/1759828707.json"
"701111","393980","2025-11-22","215.00","AUD","1759828707","297342/2025-11-22/1759828707.json"
"701111","393980","2025-11-23","215.00","AUD","1759828707","297342/2025-11-23/1759828707.json"
"701111","393980","2025-11-27","215.00","AUD","1759828707","297342/2025-11-27/1759828707.json"
"701111","393980","2025-11-28","215.00","AUD","1759828707","297342/2025-11-28/1759828707.json"
"701111","393980","2025-12-01","215.00","AUD","1759828707","297342/2025-12-01/1759828707.json"
"701111","393980","2025-11-30","215.00","AUD","1759828707","297342/2025-11-30/1759828707.json"
"701111","393980","2025-11-29","215.00","AUD","1759828707","297342/2025-11-29/1759828707.json"
"701111","393980","2025-12-03","215.00","AUD","1759828707","297342/2025-12-03/1759828707.json"
"701111","393980","2025-12-04","215.00","AUD","1759828707","297342/2025-12-04/1759828707.json"
"701111","393980","2025-12-05","215.00","AUD","1759828707","297342/2025-12-05/1759828707.json"
"701111","393980","2025-12-06","215.00","AUD","1759828707","297342/2025-12-06/1759828707.json"
"701111","393980","2025-10-11","240.00","AUD","1759846149","297342/2025-10-11/1759846149.json"
"701111","393980","2025-10-15","240.00","AUD","1759846149","297342/2025-10-15/1759846149.json"
"701111","393980","2025-10-17","240.00","AUD","1759846149","297342/2025-10-17/1759846149.json"
"701111","393980","2025-10-18","240.00","AUD","1759846149","297342/2025-10-18/1759846149.json"
"701111","393980","2025-10-25","240.00","AUD","1759846149","297342/2025-10-25/1759846149.json"
"701111","393980","2025-10-26","240.00","AUD","1759846149","297342/2025-10-26/1759846149.json"
"701111","393980","2025-10-30","240.00","AUD","1759846149","297342/2025-10-30/1759846149.json"
"701111","393980","2025-11-05","215.00","AUD","1759846149","297342/2025-11-05/1759846149.json"
"701111","393980","2025-11-04","215.00","AUD","1759846149","297342/2025-11-04/1759846149.json"
"701111","393980","2025-11-09","215.00","AUD","1759846149","297342/2025-11-09/1759846149.json"
"701111","393980","2025-11-12","215.00","AUD","1759846149","297342/2025-11-12/1759846149.json"
"701111","393980","2025-11-13","215.00","AUD","1759846149","297342/2025-11-13/1759846149.json"
"701111","393980","2025-11-15","215.00","AUD","1759846149","297342/2025-11-15/1759846149.json"
"701111","393980","2025-11-18","215.00","AUD","1759846149","297342/2025-11-18/1759846149.json"
"701111","393980","2025-11-20","215.00","AUD","1759846149","297342/2025-11-20/1759846149.json"
"701111","393980","2025-11-21","215.00","AUD","1759846149","297342/2025-11-21/1759846149.json"
"701111","393980","2025-11-23","215.00","AUD","1759846149","297342/2025-11-23/1759846149.json"
"701111","393980","2025-11-27","215.00","AUD","1759846149","297342/2025-11-27/1759846149.json"
"701111","393980","2025-11-28","215.00","AUD","1759846149","297342/2025-11-28/1759846149.json"
"701111","393980","2025-12-01","215.00","AUD","1759846149","297342/2025-12-01/1759846149.json"
"701111","393980","2025-11-30","215.00","AUD","1759846149","297342/2025-11-30/1759846149.json"
"701111","393980","2025-11-29","215.00","AUD","1759846149","297342/2025-11-29/1759846149.json"
"701111","393980","2025-11-22","215.00","AUD","1759846149","297342/2025-11-22/1759846149.json"
"701111","393980","2025-12-03","215.00","AUD","1759846149","297342/2025-12-03/1759846149.json"
"701111","393980","2025-12-04","215.00","AUD","1759846149","297342/2025-12-04/1759846149.json"
"701111","393980","2025-12-05","215.00","AUD","1759846149","297342/2025-12-05/1759846149.json"
"701111","393980","2025-12-06","215.00","AUD","1759846149","297342/2025-12-06/1759846149.json"
"701111","393980","2025-10-11","240.00","AUD","1759857283","297342/2025-10-11/1759857283.json"
"701111","393980","2025-10-15","240.00","AUD","1759857283","297342/2025-10-15/1759857283.json"
"701111","393980","2025-10-17","240.00","AUD","1759857283","297342/2025-10-17/1759857283.json"
"701111","393980","2025-10-18","240.00","AUD","1759857283","297342/2025-10-18/1759857283.json"
"701111","393980","2025-10-26","240.00","AUD","1759857283","297342/2025-10-26/1759857283.json"
"701111","393980","2025-10-25","240.00","AUD","1759857283","297342/2025-10-25/1759857283.json"
"701111","393980","2025-10-30","240.00","AUD","1759857283","297342/2025-10-30/1759857283.json"
"701111","393980","2025-11-04","215.00","AUD","1759857283","297342/2025-11-04/1759857283.json"
"701111","393980","2025-11-05","215.00","AUD","1759857283","297342/2025-11-05/1759857283.json"
"701111","393980","2025-11-09","215.00","AUD","1759857283","297342/2025-11-09/1759857283.json"
"701111","393980","2025-11-12","215.00","AUD","1759857283","297342/2025-11-12/1759857283.json"
"701111","393980","2025-11-13","215.00","AUD","1759857283","297342/2025-11-13/1759857283.json"
"701111","393980","2025-11-15","215.00","AUD","1759857283","297342/2025-11-15/1759857283.json"
"701111","393980","2025-11-18","215.00","AUD","1759857283","297342/2025-11-18/1759857283.json"
"701111","393980","2025-11-20","215.00","AUD","1759857283","297342/2025-11-20/1759857283.json"
"701111","393980","2025-11-21","215.00","AUD","1759857283","297342/2025-11-21/1759857283.json"
"701111","393980","2025-11-22","215.00","AUD","1759857283","297342/2025-11-22/1759857283.json"
"701111","393980","2025-11-23","215.00","AUD","1759857283","297342/2025-11-23/1759857283.json"
"701111","393980","2025-11-30","215.00","AUD","1759857283","297342/2025-11-30/1759857283.json"
"701111","393980","2025-11-28","215.00","AUD","1759857283","297342/2025-11-28/1759857283.json"
"701111","393980","2025-11-29","215.00","AUD","1759857283","297342/2025-11-29/1759857283.json"
"701111","393980","2025-11-27","215.00","AUD","1759857283","297342/2025-11-27/1759857283.json"
"701111","393980","2025-12-03","215.00","AUD","1759857283","297342/2025-12-03/1759857283.json"
"701111","393980","2025-12-04","215.00","AUD","1759857283","297342/2025-12-04/1759857283.json"
"701111","393980","2025-12-01","215.00","AUD","1759857283","297342/2025-12-01/1759857283.json"
"701111","393980","2025-12-05","215.00","AUD","1759857283","297342/2025-12-05/1759857283.json"
"701111","393980","2025-12-06","215.00","AUD","1759857283","297342/2025-12-06/1759857283.json"
"701111","393980","2025-10-11","240.00","AUD","1759871026","297342/2025-10-11/1759871026.json"
"701111","393980","2025-10-15","240.00","AUD","1759871026","297342/2025-10-15/1759871026.json"
"701111","393980","2025-10-17","240.00","AUD","1759871026","297342/2025-10-17/1759871026.json"
"701111","393980","2025-10-18","240.00","AUD","1759871026","297342/2025-10-18/1759871026.json"
"701111","393980","2025-10-25","240.00","AUD","1759871026","297342/2025-10-25/1759871026.json"
"701111","393980","2025-10-26","240.00","AUD","1759871026","297342/2025-10-26/1759871026.json"
"701111","393980","2025-10-30","240.00","AUD","1759871026","297342/2025-10-30/1759871026.json"
"701111","393980","2025-11-04","215.00","AUD","1759871026","297342/2025-11-04/1759871026.json"
"701111","393980","2025-11-05","215.00","AUD","1759871026","297342/2025-11-05/1759871026.json"
"701111","393980","2025-11-09","215.00","AUD","1759871026","297342/2025-11-09/1759871026.json"
"701111","393980","2025-11-12","215.00","AUD","1759871026","297342/2025-11-12/1759871026.json"
"701111","393980","2025-11-15","215.00","AUD","1759871026","297342/2025-11-15/1759871026.json"
"701111","393980","2025-11-18","215.00","AUD","1759871026","297342/2025-11-18/1759871026.json"
"701111","393980","2025-11-13","215.00","AUD","1759871026","297342/2025-11-13/1759871026.json"
"701111","393980","2025-11-20","215.00","AUD","1759871026","297342/2025-11-20/1759871026.json"
"701111","393980","2025-11-21","215.00","AUD","1759871026","297342/2025-11-21/1759871026.json"
"701111","393980","2025-11-22","215.00","AUD","1759871026","297342/2025-11-22/1759871026.json"
"701111","393980","2025-11-23","215.00","AUD","1759871026","297342/2025-11-23/1759871026.json"
"701111","393980","2025-11-27","215.00","AUD","1759871026","297342/2025-11-27/1759871026.json"
"701111","393980","2025-11-28","215.00","AUD","1759871026","297342/2025-11-28/1759871026.json"
"701111","393980","2025-11-29","215.00","AUD","1759871026","297342/2025-11-29/1759871026.json"
"701111","393980","2025-12-01","215.00","AUD","1759871026","297342/2025-12-01/1759871026.json"
"701111","393980","2025-11-30","215.00","AUD","1759871026","297342/2025-11-30/1759871026.json"
"701111","393980","2025-12-05","215.00","AUD","1759871026","297342/2025-12-05/1759871026.json"
"701111","393980","2025-12-03","215.00","AUD","1759871026","297342/2025-12-03/1759871026.json"
"701111","393980","2025-12-06","215.00","AUD","1759871026","297342/2025-12-06/1759871026.json"
"701111","393980","2025-12-04","215.00","AUD","1759871026","297342/2025-12-04/1759871026.json"
"701111","393980","2025-10-11","240.00","AUD","1759894381","297342/2025-10-11/1759894381.json"
"701111","393980","2025-10-15","240.00","AUD","1759894381","297342/2025-10-15/1759894381.json"
"701111","393980","2025-10-17","240.00","AUD","1759894381","297342/2025-10-17/1759894381.json"
"701111","393980","2025-10-18","240.00","AUD","1759894381","297342/2025-10-18/1759894381.json"
"701111","393980","2025-10-25","240.00","AUD","1759894381","297342/2025-10-25/1759894381.json"
"701111","393980","2025-10-26","240.00","AUD","1759894381","297342/2025-10-26/1759894381.json"
"701111","393980","2025-10-30","240.00","AUD","1759894381","297342/2025-10-30/1759894381.json"
"701111","393980","2025-11-04","215.00","AUD","1759894381","297342/2025-11-04/1759894381.json"
"701111","393980","2025-11-05","215.00","AUD","1759894381","297342/2025-11-05/1759894381.json"
"701111","393980","2025-11-09","215.00","AUD","1759894381","297342/2025-11-09/1759894381.json"
"701111","393980","2025-11-12","215.00","AUD","1759894381","297342/2025-11-12/1759894381.json"
"701111","393980","2025-11-13","215.00","AUD","1759894381","297342/2025-11-13/1759894381.json"
"701111","393980","2025-11-15","215.00","AUD","1759894381","297342/2025-11-15/1759894381.json"
"701111","393980","2025-11-18","215.00","AUD","1759894381","297342/2025-11-18/1759894381.json"
"701111","393980","2025-11-20","215.00","AUD","1759894381","297342/2025-11-20/1759894381.json"
"701111","393980","2025-11-21","215.00","AUD","1759894381","297342/2025-11-21/1759894381.json"
"701111","393980","2025-11-22","215.00","AUD","1759894381","297342/2025-11-22/1759894381.json"
"701111","393980","2025-11-23","215.00","AUD","1759894381","297342/2025-11-23/1759894381.json"
"701111","393980","2025-11-28","215.00","AUD","1759894381","297342/2025-11-28/1759894381.json"
"701111","393980","2025-11-27","215.00","AUD","1759894381","297342/2025-11-27/1759894381.json"
"701111","393980","2025-11-29","215.00","AUD","1759894381","297342/2025-11-29/1759894381.json"
"701111","393980","2025-12-01","215.00","AUD","1759894381","297342/2025-12-01/1759894381.json"
"701111","393980","2025-11-30","215.00","AUD","1759894381","297342/2025-11-30/1759894381.json"
"701111","393980","2025-12-03","215.00","AUD","1759894381","297342/2025-12-03/1759894381.json"
"701111","393980","2025-12-05","215.00","AUD","1759894381","297342/2025-12-05/1759894381.json"
"701111","393980","2025-12-06","215.00","AUD","1759894381","297342/2025-12-06/1759894381.json"
"701111","393980","2025-12-04","215.00","AUD","1759894381","297342/2025-12-04/1759894381.json"
"701111","393980","2025-12-07","215.00","AUD","1759894381","297342/2025-12-07/1759894381.json"
"701111","393980","2025-10-11","240.00","AUD","1759900369","297342/2025-10-11/1759900369.json"
"701111","393980","2025-10-15","240.00","AUD","1759900369","297342/2025-10-15/1759900369.json"
"701111","393980","2025-10-18","240.00","AUD","1759900369","297342/2025-10-18/1759900369.json"
"701111","393980","2025-10-17","240.00","AUD","1759900369","297342/2025-10-17/1759900369.json"
"701111","393980","2025-10-25","240.00","AUD","1759900369","297342/2025-10-25/1759900369.json"
"701111","393980","2025-10-26","240.00","AUD","1759900369","297342/2025-10-26/1759900369.json"
"701111","393980","2025-10-30","240.00","AUD","1759900369","297342/2025-10-30/1759900369.json"
"701111","393980","2025-11-05","215.00","AUD","1759900369","297342/2025-11-05/1759900369.json"
"701111","393980","2025-11-04","215.00","AUD","1759900369","297342/2025-11-04/1759900369.json"
"701111","393980","2025-11-09","215.00","AUD","1759900369","297342/2025-11-09/1759900369.json"
"701111","393980","2025-11-13","215.00","AUD","1759900369","297342/2025-11-13/1759900369.json"
"701111","393980","2025-11-12","215.00","AUD","1759900369","297342/2025-11-12/1759900369.json"
"701111","393980","2025-11-15","215.00","AUD","1759900369","297342/2025-11-15/1759900369.json"
"701111","393980","2025-11-20","215.00","AUD","1759900369","297342/2025-11-20/1759900369.json"
"701111","393980","2025-11-21","215.00","AUD","1759900369","297342/2025-11-21/1759900369.json"
"701111","393980","2025-11-18","215.00","AUD","1759900369","297342/2025-11-18/1759900369.json"
"701111","393980","2025-11-22","215.00","AUD","1759900369","297342/2025-11-22/1759900369.json"
"701111","393980","2025-11-23","215.00","AUD","1759900369","297342/2025-11-23/1759900369.json"
"701111","393980","2025-11-27","215.00","AUD","1759900369","297342/2025-11-27/1759900369.json"
"701111","393980","2025-11-28","215.00","AUD","1759900369","297342/2025-11-28/1759900369.json"
"701111","393980","2025-11-29","215.00","AUD","1759900369","297342/2025-11-29/1759900369.json"
"701111","393980","2025-11-30","215.00","AUD","1759900369","297342/2025-11-30/1759900369.json"
"701111","393980","2025-12-01","215.00","AUD","1759900369","297342/2025-12-01/1759900369.json"
"701111","393980","2025-12-03","215.00","AUD","1759900369","297342/2025-12-03/1759900369.json"
"701111","393980","2025-12-04","215.00","AUD","1759900369","297342/2025-12-04/1759900369.json"
"701111","393980","2025-12-05","215.00","AUD","1759900369","297342/2025-12-05/1759900369.json"
"701111","393980","2025-12-06","215.00","AUD","1759900369","297342/2025-12-06/1759900369.json"
"701111","393980","2025-12-07","215.00","AUD","1759900369","297342/2025-12-07/1759900369.json"
"701111","393980","2025-10-11","240.00","AUD","1759915243","297342/2025-10-11/1759915243.json"
"701111","393980","2025-10-15","240.00","AUD","1759915243","297342/2025-10-15/1759915243.json"
"701111","393980","2025-10-17","240.00","AUD","1759915243","297342/2025-10-17/1759915243.json"
"701111","393980","2025-10-18","240.00","AUD","1759915243","297342/2025-10-18/1759915243.json"
"701111","393980","2025-10-25","240.00","AUD","1759915243","297342/2025-10-25/1759915243.json"
"701111","393980","2025-10-26","240.00","AUD","1759915243","297342/2025-10-26/1759915243.json"
"701111","393980","2025-10-30","240.00","AUD","1759915243","297342/2025-10-30/1759915243.json"
"701111","393980","2025-11-04","215.00","AUD","1759915243","297342/2025-11-04/1759915243.json"
"701111","393980","2025-11-05","215.00","AUD","1759915243","297342/2025-11-05/1759915243.json"
"701111","393980","2025-11-09","215.00","AUD","1759915243","297342/2025-11-09/1759915243.json"
"701111","393980","2025-11-12","215.00","AUD","1759915243","297342/2025-11-12/1759915243.json"
"701111","393980","2025-11-13","215.00","AUD","1759915243","297342/2025-11-13/1759915243.json"
"701111","393980","2025-11-15","215.00","AUD","1759915243","297342/2025-11-15/1759915243.json"
"701111","393980","2025-11-18","215.00","AUD","1759915243","297342/2025-11-18/1759915243.json"
"701111","393980","2025-11-20","215.00","AUD","1759915243","297342/2025-11-20/1759915243.json"
"701111","393980","2025-11-21","215.00","AUD","1759915243","297342/2025-11-21/1759915243.json"
"701111","393980","2025-11-22","215.00","AUD","1759915243","297342/2025-11-22/1759915243.json"
"701111","393980","2025-11-23","215.00","AUD","1759915243","297342/2025-11-23/1759915243.json"
"701111","393980","2025-11-27","215.00","AUD","1759915243","297342/2025-11-27/1759915243.json"
"701111","393980","2025-11-28","215.00","AUD","1759915243","297342/2025-11-28/1759915243.json"
"701111","393980","2025-11-29","215.00","AUD","1759915243","297342/2025-11-29/1759915243.json"
"701111","393980","2025-11-30","215.00","AUD","1759915243","297342/2025-11-30/1759915243.json"
"701111","393980","2025-12-01","215.00","AUD","1759915243","297342/2025-12-01/1759915243.json"
"701111","393980","2025-12-03","215.00","AUD","1759915243","297342/2025-12-03/1759915243.json"
"701111","393980","2025-12-05","215.00","AUD","1759915243","297342/2025-12-05/1759915243.json"
"701111","393980","2025-12-04","215.00","AUD","1759915243","297342/2025-12-04/1759915243.json"
"701111","393980","2025-12-06","215.00","AUD","1759915243","297342/2025-12-06/1759915243.json"
"701111","393980","2025-12-07","215.00","AUD","1759915243","297342/2025-12-07/1759915243.json"
"701111","393980","2025-10-11","240.00","AUD","1759932706","297342/2025-10-11/1759932706.json"
"701111","393980","2025-10-15","240.00","AUD","1759932706","297342/2025-10-15/1759932706.json"
"701111","393980","2025-10-17","240.00","AUD","1759932706","297342/2025-10-17/1759932706.json"
"701111","393980","2025-10-18","240.00","AUD","1759932706","297342/2025-10-18/1759932706.json"
"701111","393980","2025-10-25","240.00","AUD","1759932706","297342/2025-10-25/1759932706.json"
"701111","393980","2025-10-26","240.00","AUD","1759932706","297342/2025-10-26/1759932706.json"
"701111","393980","2025-10-30","240.00","AUD","1759932706","297342/2025-10-30/1759932706.json"
"701111","393980","2025-11-04","215.00","AUD","1759932706","297342/2025-11-04/1759932706.json"
"701111","393980","2025-11-05","215.00","AUD","1759932706","297342/2025-11-05/1759932706.json"
"701111","393980","2025-11-09","215.00","AUD","1759932706","297342/2025-11-09/1759932706.json"
"701111","393980","2025-11-12","215.00","AUD","1759932706","297342/2025-11-12/1759932706.json"
"701111","393980","2025-11-13","215.00","AUD","1759932706","297342/2025-11-13/1759932706.json"
"701111","393980","2025-11-15","215.00","AUD","1759932706","297342/2025-11-15/1759932706.json"
"701111","393980","2025-11-18","215.00","AUD","1759932706","297342/2025-11-18/1759932706.json"
"701111","393980","2025-11-20","215.00","AUD","1759932706","297342/2025-11-20/1759932706.json"
"701111","393980","2025-11-21","215.00","AUD","1759932706","297342/2025-11-21/1759932706.json"
"701111","393980","2025-11-22","215.00","AUD","1759932706","297342/2025-11-22/1759932706.json"
"701111","393980","2025-11-23","215.00","AUD","1759932706","297342/2025-11-23/1759932706.json"
"701111","393980","2025-11-27","215.00","AUD","1759932706","297342/2025-11-27/1759932706.json"
"701111","393980","2025-11-28","215.00","AUD","1759932706","297342/2025-11-28/1759932706.json"
"701111","393980","2025-11-29","215.00","AUD","1759932706","297342/2025-11-29/1759932706.json"
"701111","393980","2025-11-30","215.00","AUD","1759932706","297342/2025-11-30/1759932706.json"
"701111","393980","2025-12-01","215.00","AUD","1759932706","297342/2025-12-01/1759932706.json"
"701111","393980","2025-12-03","215.00","AUD","1759932706","297342/2025-12-03/1759932706.json"
"701111","393980","2025-12-04","215.00","AUD","1759932706","297342/2025-12-04/1759932706.json"
"701111","393980","2025-12-05","215.00","AUD","1759932706","297342/2025-12-05/1759932706.json"
"701111","393980","2025-12-06","215.00","AUD","1759932706","297342/2025-12-06/1759932706.json"
"701111","393980","2025-12-07","215.00","AUD","1759932706","297342/2025-12-07/1759932706.json"
"701111","393980","2025-10-11","240.00","AUD","1759943786","297342/2025-10-11/1759943786.json"
"701111","393980","2025-10-15","240.00","AUD","1759943786","297342/2025-10-15/1759943786.json"
"701111","393980","2025-10-17","240.00","AUD","1759943786","297342/2025-10-17/1759943786.json"
"701111","393980","2025-10-18","240.00","AUD","1759943786","297342/2025-10-18/1759943786.json"
"701111","393980","2025-10-25","240.00","AUD","1759943786","297342/2025-10-25/1759943786.json"
"701111","393980","2025-10-26","240.00","AUD","1759943786","297342/2025-10-26/1759943786.json"
"701111","393980","2025-10-30","240.00","AUD","1759943786","297342/2025-10-30/1759943786.json"
"701111","393980","2025-11-04","215.00","AUD","1759943786","297342/2025-11-04/1759943786.json"
"701111","393980","2025-11-05","215.00","AUD","1759943786","297342/2025-11-05/1759943786.json"
"701111","393980","2025-11-09","215.00","AUD","1759943786","297342/2025-11-09/1759943786.json"
"701111","393980","2025-11-12","215.00","AUD","1759943786","297342/2025-11-12/1759943786.json"
"701111","393980","2025-11-13","215.00","AUD","1759943786","297342/2025-11-13/1759943786.json"
"701111","393980","2025-11-15","215.00","AUD","1759943786","297342/2025-11-15/1759943786.json"
"701111","393980","2025-11-18","215.00","AUD","1759943786","297342/2025-11-18/1759943786.json"
"701111","393980","2025-11-20","215.00","AUD","1759943786","297342/2025-11-20/1759943786.json"
"701111","393980","2025-11-21","215.00","AUD","1759943786","297342/2025-11-21/1759943786.json"
"701111","393980","2025-11-22","215.00","AUD","1759943786","297342/2025-11-22/1759943786.json"
"701111","393980","2025-11-23","215.00","AUD","1759943786","297342/2025-11-23/1759943786.json"
"701111","393980","2025-11-27","215.00","AUD","1759943786","297342/2025-11-27/1759943786.json"
"701111","393980","2025-11-28","215.00","AUD","1759943786","297342/2025-11-28/1759943786.json"
"701111","393980","2025-11-29","215.00","AUD","1759943786","297342/2025-11-29/1759943786.json"
"701111","393980","2025-11-30","215.00","AUD","1759943786","297342/2025-11-30/1759943786.json"
"701111","393980","2025-12-01","215.00","AUD","1759943786","297342/2025-12-01/1759943786.json"
"701111","393980","2025-12-03","215.00","AUD","1759943786","297342/2025-12-03/1759943786.json"
"701111","393980","2025-12-04","215.00","AUD","1759943786","297342/2025-12-04/1759943786.json"
"701111","393980","2025-12-05","215.00","AUD","1759943786","297342/2025-12-05/1759943786.json"
"701111","393980","2025-12-06","215.00","AUD","1759943786","297342/2025-12-06/1759943786.json"
"701111","393980","2025-12-07","215.00","AUD","1759943786","297342/2025-12-07/1759943786.json"
"701111","393980","2025-10-11","240.00","AUD","1759957457","297342/2025-10-11/1759957457.json"
"701111","393980","2025-10-15","240.00","AUD","1759957457","297342/2025-10-15/1759957457.json"
"701111","393980","2025-10-17","240.00","AUD","1759957457","297342/2025-10-17/1759957457.json"
"701111","393980","2025-10-18","240.00","AUD","1759957457","297342/2025-10-18/1759957457.json"
"701111","393980","2025-10-25","240.00","AUD","1759957457","297342/2025-10-25/1759957457.json"
"701111","393980","2025-10-26","240.00","AUD","1759957457","297342/2025-10-26/1759957457.json"
"701111","393980","2025-10-30","240.00","AUD","1759957457","297342/2025-10-30/1759957457.json"
"701111","393980","2025-11-05","215.00","AUD","1759957457","297342/2025-11-05/1759957457.json"
"701111","393980","2025-11-04","215.00","AUD","1759957457","297342/2025-11-04/1759957457.json"
"701111","393980","2025-11-09","215.00","AUD","1759957457","297342/2025-11-09/1759957457.json"
"701111","393980","2025-11-12","215.00","AUD","1759957457","297342/2025-11-12/1759957457.json"
"701111","393980","2025-11-13","215.00","AUD","1759957457","297342/2025-11-13/1759957457.json"
"701111","393980","2025-11-15","215.00","AUD","1759957457","297342/2025-11-15/1759957457.json"
"701111","393980","2025-11-18","215.00","AUD","1759957457","297342/2025-11-18/1759957457.json"
"701111","393980","2025-11-20","215.00","AUD","1759957457","297342/2025-11-20/1759957457.json"
"701111","393980","2025-11-21","215.00","AUD","1759957457","297342/2025-11-21/1759957457.json"
"701111","393980","2025-11-22","215.00","AUD","1759957457","297342/2025-11-22/1759957457.json"
"701111","393980","2025-11-23","215.00","AUD","1759957457","297342/2025-11-23/1759957457.json"
"701111","393980","2025-11-27","215.00","AUD","1759957457","297342/2025-11-27/1759957457.json"
"701111","393980","2025-11-28","215.00","AUD","1759957457","297342/2025-11-28/1759957457.json"
"701111","393980","2025-11-29","215.00","AUD","1759957457","297342/2025-11-29/1759957457.json"
"701111","393980","2025-11-30","215.00","AUD","1759957457","297342/2025-11-30/1759957457.json"
"701111","393980","2025-12-01","215.00","AUD","1759957457","297342/2025-12-01/1759957457.json"
"701111","393980","2025-12-03","215.00","AUD","1759957457","297342/2025-12-03/1759957457.json"
"701111","393980","2025-12-05","215.00","AUD","1759957457","297342/2025-12-05/1759957457.json"
"701111","393980","2025-12-04","215.00","AUD","1759957457","297342/2025-12-04/1759957457.json"
"701111","393980","2025-12-06","215.00","AUD","1759957457","297342/2025-12-06/1759957457.json"
"701111","393980","2025-12-07","215.00","AUD","1759957457","297342/2025-12-07/1759957457.json"
"701111","393980","2025-10-15","240.00","AUD","1759981048","297342/2025-10-15/1759981048.json"
"701111","393980","2025-10-17","240.00","AUD","1759981048","297342/2025-10-17/1759981048.json"
"701111","393980","2025-10-18","240.00","AUD","1759981048","297342/2025-10-18/1759981048.json"
"701111","393980","2025-10-26","240.00","AUD","1759981048","297342/2025-10-26/1759981048.json"
"701111","393980","2025-10-25","240.00","AUD","1759981048","297342/2025-10-25/1759981048.json"
"701111","393980","2025-10-30","240.00","AUD","1759981048","297342/2025-10-30/1759981048.json"
"701111","393980","2025-11-04","215.00","AUD","1759981048","297342/2025-11-04/1759981048.json"
"701111","393980","2025-11-05","215.00","AUD","1759981048","297342/2025-11-05/1759981048.json"
"701111","393980","2025-11-09","215.00","AUD","1759981048","297342/2025-11-09/1759981048.json"
"701111","393980","2025-11-12","215.00","AUD","1759981048","297342/2025-11-12/1759981048.json"
"701111","393980","2025-11-15","215.00","AUD","1759981048","297342/2025-11-15/1759981048.json"
"701111","393980","2025-11-13","215.00","AUD","1759981048","297342/2025-11-13/1759981048.json"
"701111","393980","2025-11-18","215.00","AUD","1759981048","297342/2025-11-18/1759981048.json"
"701111","393980","2025-11-20","215.00","AUD","1759981048","297342/2025-11-20/1759981048.json"
"701111","393980","2025-11-22","215.00","AUD","1759981048","297342/2025-11-22/1759981048.json"
"701111","393980","2025-11-21","215.00","AUD","1759981048","297342/2025-11-21/1759981048.json"
"701111","393980","2025-11-23","215.00","AUD","1759981048","297342/2025-11-23/1759981048.json"
"701111","393980","2025-11-27","215.00","AUD","1759981048","297342/2025-11-27/1759981048.json"
"701111","393980","2025-11-28","215.00","AUD","1759981048","297342/2025-11-28/1759981048.json"
"701111","393980","2025-11-29","215.00","AUD","1759981048","297342/2025-11-29/1759981048.json"
"701111","393980","2025-11-30","215.00","AUD","1759981048","297342/2025-11-30/1759981048.json"
"701111","393980","2025-12-03","215.00","AUD","1759981048","297342/2025-12-03/1759981048.json"
"701111","393980","2025-12-01","215.00","AUD","1759981048","297342/2025-12-01/1759981048.json"
"701111","393980","2025-12-05","215.00","AUD","1759981048","297342/2025-12-05/1759981048.json"
"701111","393980","2025-12-06","215.00","AUD","1759981048","297342/2025-12-06/1759981048.json"
"701111","393980","2025-12-04","215.00","AUD","1759981048","297342/2025-12-04/1759981048.json"
"701111","393980","2025-12-07","215.00","AUD","1759981048","297342/2025-12-07/1759981048.json"
"701111","393980","2025-12-08","215.00","AUD","1759981048","297342/2025-12-08/1759981048.json"
"701111","393980","2025-10-15","240.00","AUD","1759986713","297342/2025-10-15/1759986713.json"
"701111","393980","2025-10-17","240.00","AUD","1759986713","297342/2025-10-17/1759986713.json"
"701111","393980","2025-10-18","240.00","AUD","1759986713","297342/2025-10-18/1759986713.json"
"701111","393980","2025-10-25","240.00","AUD","1759986713","297342/2025-10-25/1759986713.json"
"701111","393980","2025-10-26","240.00","AUD","1759986713","297342/2025-10-26/1759986713.json"
"701111","393980","2025-10-30","240.00","AUD","1759986713","297342/2025-10-30/1759986713.json"
"701111","393980","2025-11-04","215.00","AUD","1759986713","297342/2025-11-04/1759986713.json"
"701111","393980","2025-11-05","215.00","AUD","1759986713","297342/2025-11-05/1759986713.json"
"701111","393980","2025-11-09","215.00","AUD","1759986713","297342/2025-11-09/1759986713.json"
"701111","393980","2025-11-12","215.00","AUD","1759986713","297342/2025-11-12/1759986713.json"
"701111","393980","2025-11-13","215.00","AUD","1759986713","297342/2025-11-13/1759986713.json"
"701111","393980","2025-11-15","215.00","AUD","1759986713","297342/2025-11-15/1759986713.json"
"701111","393980","2025-11-18","215.00","AUD","1759986713","297342/2025-11-18/1759986713.json"
"701111","393980","2025-11-20","215.00","AUD","1759986713","297342/2025-11-20/1759986713.json"
"701111","393980","2025-11-22","215.00","AUD","1759986713","297342/2025-11-22/1759986713.json"
"701111","393980","2025-11-21","215.00","AUD","1759986713","297342/2025-11-21/1759986713.json"
"701111","393980","2025-11-23","215.00","AUD","1759986713","297342/2025-11-23/1759986713.json"
"701111","393980","2025-11-27","215.00","AUD","1759986713","297342/2025-11-27/1759986713.json"
"701111","393980","2025-11-28","215.00","AUD","1759986713","297342/2025-11-28/1759986713.json"
"701111","393980","2025-11-30","215.00","AUD","1759986713","297342/2025-11-30/1759986713.json"
"701111","393980","2025-11-29","215.00","AUD","1759986713","297342/2025-11-29/1759986713.json"
"701111","393980","2025-12-01","215.00","AUD","1759986713","297342/2025-12-01/1759986713.json"
"701111","393980","2025-12-04","215.00","AUD","1759986713","297342/2025-12-04/1759986713.json"
"701111","393980","2025-12-03","215.00","AUD","1759986713","297342/2025-12-03/1759986713.json"
"701111","393980","2025-12-06","215.00","AUD","1759986713","297342/2025-12-06/1759986713.json"
"701111","393980","2025-12-05","215.00","AUD","1759986713","297342/2025-12-05/1759986713.json"
"701111","393980","2025-12-07","215.00","AUD","1759986713","297342/2025-12-07/1759986713.json"
"701111","393980","2025-12-08","215.00","AUD","1759986713","297342/2025-12-08/1759986713.json"
"701111","393980","2025-10-15","240.00","AUD","1760001398","297342/2025-10-15/1760001398.json"
"701111","393980","2025-10-17","240.00","AUD","1760001398","297342/2025-10-17/1760001398.json"
"701111","393980","2025-10-18","240.00","AUD","1760001398","297342/2025-10-18/1760001398.json"
"701111","393980","2025-10-25","240.00","AUD","1760001398","297342/2025-10-25/1760001398.json"
"701111","393980","2025-10-26","240.00","AUD","1760001398","297342/2025-10-26/1760001398.json"
"701111","393980","2025-10-30","240.00","AUD","1760001398","297342/2025-10-30/1760001398.json"
"701111","393980","2025-11-04","215.00","AUD","1760001398","297342/2025-11-04/1760001398.json"
"701111","393980","2025-11-05","215.00","AUD","1760001398","297342/2025-11-05/1760001398.json"
"701111","393980","2025-11-09","215.00","AUD","1760001398","297342/2025-11-09/1760001398.json"
"701111","393980","2025-11-12","215.00","AUD","1760001398","297342/2025-11-12/1760001398.json"
"701111","393980","2025-11-13","215.00","AUD","1760001398","297342/2025-11-13/1760001398.json"
"701111","393980","2025-11-15","215.00","AUD","1760001398","297342/2025-11-15/1760001398.json"
"701111","393980","2025-11-18","215.00","AUD","1760001398","297342/2025-11-18/1760001398.json"
"701111","393980","2025-11-20","215.00","AUD","1760001398","297342/2025-11-20/1760001398.json"
"701111","393980","2025-11-22","215.00","AUD","1760001398","297342/2025-11-22/1760001398.json"
"701111","393980","2025-11-21","215.00","AUD","1760001398","297342/2025-11-21/1760001398.json"
"701111","393980","2025-11-23","215.00","AUD","1760001398","297342/2025-11-23/1760001398.json"
"701111","393980","2025-11-27","215.00","AUD","1760001398","297342/2025-11-27/1760001398.json"
"701111","393980","2025-11-28","215.00","AUD","1760001398","297342/2025-11-28/1760001398.json"
"701111","393980","2025-11-29","215.00","AUD","1760001398","297342/2025-11-29/1760001398.json"
"701111","393980","2025-11-30","215.00","AUD","1760001398","297342/2025-11-30/1760001398.json"
"701111","393980","2025-12-01","215.00","AUD","1760001398","297342/2025-12-01/1760001398.json"
"701111","393980","2025-12-03","215.00","AUD","1760001398","297342/2025-12-03/1760001398.json"
"701111","393980","2025-12-04","215.00","AUD","1760001398","297342/2025-12-04/1760001398.json"
"701111","393980","2025-12-05","215.00","AUD","1760001398","297342/2025-12-05/1760001398.json"
"701111","393980","2025-12-06","215.00","AUD","1760001398","297342/2025-12-06/1760001398.json"
"701111","393980","2025-12-08","215.00","AUD","1760001398","297342/2025-12-08/1760001398.json"
"701111","393980","2025-12-07","215.00","AUD","1760001398","297342/2025-12-07/1760001398.json"
"701111","393980","2025-10-15","240.00","AUD","1760018915","297342/2025-10-15/1760018915.json"
"701111","393980","2025-10-17","240.00","AUD","1760018915","297342/2025-10-17/1760018915.json"
"701111","393980","2025-10-18","240.00","AUD","1760018915","297342/2025-10-18/1760018915.json"
"701111","393980","2025-10-25","240.00","AUD","1760018915","297342/2025-10-25/1760018915.json"
"701111","393980","2025-10-26","240.00","AUD","1760018915","297342/2025-10-26/1760018915.json"
"701111","393980","2025-11-05","215.00","AUD","1760018915","297342/2025-11-05/1760018915.json"
"701111","393980","2025-11-04","215.00","AUD","1760018915","297342/2025-11-04/1760018915.json"
"701111","393980","2025-10-30","240.00","AUD","1760018915","297342/2025-10-30/1760018915.json"
"701111","393980","2025-11-09","215.00","AUD","1760018915","297342/2025-11-09/1760018915.json"
"701111","393980","2025-11-12","215.00","AUD","1760018915","297342/2025-11-12/1760018915.json"
"701111","393980","2025-11-13","215.00","AUD","1760018915","297342/2025-11-13/1760018915.json"
"701111","393980","2025-11-15","215.00","AUD","1760018915","297342/2025-11-15/1760018915.json"
"701111","393980","2025-11-18","215.00","AUD","1760018915","297342/2025-11-18/1760018915.json"
"701111","393980","2025-11-21","215.00","AUD","1760018915","297342/2025-11-21/1760018915.json"
"701111","393980","2025-11-20","215.00","AUD","1760018915","297342/2025-11-20/1760018915.json"
"701111","393980","2025-11-22","215.00","AUD","1760018915","297342/2025-11-22/1760018915.json"
"701111","393980","2025-11-23","215.00","AUD","1760018915","297342/2025-11-23/1760018915.json"
"701111","393980","2025-11-27","215.00","AUD","1760018915","297342/2025-11-27/1760018915.json"
"701111","393980","2025-11-29","215.00","AUD","1760018915","297342/2025-11-29/1760018915.json"
"701111","393980","2025-11-28","215.00","AUD","1760018915","297342/2025-11-28/1760018915.json"
"701111","393980","2025-11-30","215.00","AUD","1760018915","297342/2025-11-30/1760018915.json"
"701111","393980","2025-12-01","215.00","AUD","1760018915","297342/2025-12-01/1760018915.json"
"701111","393980","2025-12-03","215.00","AUD","1760018915","297342/2025-12-03/1760018915.json"
"701111","393980","2025-12-04","215.00","AUD","1760018915","297342/2025-12-04/1760018915.json"
"701111","393980","2025-12-06","215.00","AUD","1760018915","297342/2025-12-06/1760018915.json"
"701111","393980","2025-12-05","215.00","AUD","1760018915","297342/2025-12-05/1760018915.json"
"701111","393980","2025-12-07","215.00","AUD","1760018915","297342/2025-12-07/1760018915.json"
"701111","393980","2025-12-08","215.00","AUD","1760018915","297342/2025-12-08/1760018915.json"
"701111","393980","2025-10-15","240.00","AUD","1760030652","297342/2025-10-15/1760030652.json"
"701111","393980","2025-10-17","240.00","AUD","1760030652","297342/2025-10-17/1760030652.json"
"701111","393980","2025-10-18","240.00","AUD","1760030652","297342/2025-10-18/1760030652.json"
"701111","393980","2025-10-25","240.00","AUD","1760030652","297342/2025-10-25/1760030652.json"
"701111","393980","2025-10-26","240.00","AUD","1760030652","297342/2025-10-26/1760030652.json"
"701111","393980","2025-10-30","240.00","AUD","1760030652","297342/2025-10-30/1760030652.json"
"701111","393980","2025-11-04","215.00","AUD","1760030652","297342/2025-11-04/1760030652.json"
"701111","393980","2025-11-05","215.00","AUD","1760030652","297342/2025-11-05/1760030652.json"
"701111","393980","2025-11-12","215.00","AUD","1760030652","297342/2025-11-12/1760030652.json"
"701111","393980","2025-11-09","215.00","AUD","1760030652","297342/2025-11-09/1760030652.json"
"701111","393980","2025-11-13","215.00","AUD","1760030652","297342/2025-11-13/1760030652.json"
"701111","393980","2025-11-15","215.00","AUD","1760030652","297342/2025-11-15/1760030652.json"
"701111","393980","2025-11-18","215.00","AUD","1760030652","297342/2025-11-18/1760030652.json"
"701111","393980","2025-11-20","215.00","AUD","1760030652","297342/2025-11-20/1760030652.json"
"701111","393980","2025-11-21","215.00","AUD","1760030652","297342/2025-11-21/1760030652.json"
"701111","393980","2025-11-23","215.00","AUD","1760030652","297342/2025-11-23/1760030652.json"
"701111","393980","2025-11-27","215.00","AUD","1760030652","297342/2025-11-27/1760030652.json"
"701111","393980","2025-11-28","215.00","AUD","1760030652","297342/2025-11-28/1760030652.json"
"701111","393980","2025-11-22","215.00","AUD","1760030652","297342/2025-11-22/1760030652.json"
"701111","393980","2025-11-30","215.00","AUD","1760030652","297342/2025-11-30/1760030652.json"
"701111","393980","2025-11-29","215.00","AUD","1760030652","297342/2025-11-29/1760030652.json"
"701111","393980","2025-12-01","215.00","AUD","1760030652","297342/2025-12-01/1760030652.json"
"701111","393980","2025-12-04","215.00","AUD","1760030652","297342/2025-12-04/1760030652.json"
"701111","393980","2025-12-03","215.00","AUD","1760030652","297342/2025-12-03/1760030652.json"
"701111","393980","2025-12-05","215.00","AUD","1760030652","297342/2025-12-05/1760030652.json"
"701111","393980","2025-12-06","215.00","AUD","1760030652","297342/2025-12-06/1760030652.json"
"701111","393980","2025-12-07","215.00","AUD","1760030652","297342/2025-12-07/1760030652.json"
"701111","393980","2025-12-08","215.00","AUD","1760030652","297342/2025-12-08/1760030652.json"
"701111","393980","2025-10-15","240.00","AUD","1760044118","297342/2025-10-15/1760044118.json"
"701111","393980","2025-10-17","240.00","AUD","1760044118","297342/2025-10-17/1760044118.json"
"701111","393980","2025-10-25","240.00","AUD","1760044118","297342/2025-10-25/1760044118.json"
"701111","393980","2025-10-26","240.00","AUD","1760044118","297342/2025-10-26/1760044118.json"
"701111","393980","2025-10-30","240.00","AUD","1760044118","297342/2025-10-30/1760044118.json"
"701111","393980","2025-10-18","240.00","AUD","1760044118","297342/2025-10-18/1760044118.json"
"701111","393980","2025-11-04","215.00","AUD","1760044118","297342/2025-11-04/1760044118.json"
"701111","393980","2025-11-05","215.00","AUD","1760044118","297342/2025-11-05/1760044118.json"
"701111","393980","2025-11-09","215.00","AUD","1760044118","297342/2025-11-09/1760044118.json"
"701111","393980","2025-11-12","215.00","AUD","1760044118","297342/2025-11-12/1760044118.json"
"701111","393980","2025-11-13","215.00","AUD","1760044118","297342/2025-11-13/1760044118.json"
"701111","393980","2025-11-15","215.00","AUD","1760044118","297342/2025-11-15/1760044118.json"
"701111","393980","2025-11-18","215.00","AUD","1760044118","297342/2025-11-18/1760044118.json"
"701111","393980","2025-11-20","215.00","AUD","1760044118","297342/2025-11-20/1760044118.json"
"701111","393980","2025-11-21","215.00","AUD","1760044118","297342/2025-11-21/1760044118.json"
"701111","393980","2025-11-22","215.00","AUD","1760044118","297342/2025-11-22/1760044118.json"
"701111","393980","2025-11-23","215.00","AUD","1760044118","297342/2025-11-23/1760044118.json"
"701111","393980","2025-11-27","215.00","AUD","1760044118","297342/2025-11-27/1760044118.json"
"701111","393980","2025-11-29","215.00","AUD","1760044118","297342/2025-11-29/1760044118.json"
"701111","393980","2025-11-30","215.00","AUD","1760044118","297342/2025-11-30/1760044118.json"
"701111","393980","2025-11-28","215.00","AUD","1760044118","297342/2025-11-28/1760044118.json"
"701111","393980","2025-12-01","215.00","AUD","1760044118","297342/2025-12-01/1760044118.json"
"701111","393980","2025-12-03","215.00","AUD","1760044118","297342/2025-12-03/1760044118.json"
"701111","393980","2025-12-04","215.00","AUD","1760044118","297342/2025-12-04/1760044118.json"
"701111","393980","2025-12-05","215.00","AUD","1760044118","297342/2025-12-05/1760044118.json"
"701111","393980","2025-12-06","215.00","AUD","1760044118","297342/2025-12-06/1760044118.json"
"701111","393980","2025-12-07","215.00","AUD","1760044118","297342/2025-12-07/1760044118.json"
"701111","393980","2025-12-08","215.00","AUD","1760044118","297342/2025-12-08/1760044118.json"
"701111","393980","2025-10-17","240.00","AUD","1760067429","297342/2025-10-17/1760067429.json"
"701111","393980","2025-10-15","240.00","AUD","1760067429","297342/2025-10-15/1760067429.json"
"701111","393980","2025-10-18","240.00","AUD","1760067429","297342/2025-10-18/1760067429.json"
"701111","393980","2025-10-26","240.00","AUD","1760067429","297342/2025-10-26/1760067429.json"
"701111","393980","2025-10-25","240.00","AUD","1760067429","297342/2025-10-25/1760067429.json"
"701111","393980","2025-10-30","240.00","AUD","1760067429","297342/2025-10-30/1760067429.json"
"701111","393980","2025-11-04","215.00","AUD","1760067429","297342/2025-11-04/1760067429.json"
"701111","393980","2025-11-05","215.00","AUD","1760067429","297342/2025-11-05/1760067429.json"
"701111","393980","2025-11-09","215.00","AUD","1760067429","297342/2025-11-09/1760067429.json"
"701111","393980","2025-11-12","215.00","AUD","1760067429","297342/2025-11-12/1760067429.json"
"701111","393980","2025-11-13","215.00","AUD","1760067429","297342/2025-11-13/1760067429.json"
"701111","393980","2025-11-15","215.00","AUD","1760067429","297342/2025-11-15/1760067429.json"
"701111","393980","2025-11-20","215.00","AUD","1760067429","297342/2025-11-20/1760067429.json"
"701111","393980","2025-11-18","215.00","AUD","1760067429","297342/2025-11-18/1760067429.json"
"701111","393980","2025-11-21","215.00","AUD","1760067429","297342/2025-11-21/1760067429.json"
"701111","393980","2025-11-22","215.00","AUD","1760067429","297342/2025-11-22/1760067429.json"
"701111","393980","2025-11-23","215.00","AUD","1760067429","297342/2025-11-23/1760067429.json"
"701111","393980","2025-11-27","215.00","AUD","1760067429","297342/2025-11-27/1760067429.json"
"701111","393980","2025-11-28","215.00","AUD","1760067429","297342/2025-11-28/1760067429.json"
"701111","393980","2025-11-29","215.00","AUD","1760067429","297342/2025-11-29/1760067429.json"
"701111","393980","2025-12-01","215.00","AUD","1760067429","297342/2025-12-01/1760067429.json"
"701111","393980","2025-11-30","215.00","AUD","1760067429","297342/2025-11-30/1760067429.json"
"701111","393980","2025-12-03","215.00","AUD","1760067429","297342/2025-12-03/1760067429.json"
"701111","393980","2025-12-04","215.00","AUD","1760067429","297342/2025-12-04/1760067429.json"
"701111","393980","2025-12-06","215.00","AUD","1760067429","297342/2025-12-06/1760067429.json"
"701111","393980","2025-12-05","215.00","AUD","1760067429","297342/2025-12-05/1760067429.json"
"701111","393980","2025-12-07","215.00","AUD","1760067429","297342/2025-12-07/1760067429.json"
"701111","393980","2025-12-08","215.00","AUD","1760067429","297342/2025-12-08/1760067429.json"
"701111","393980","2025-10-15","240.00","AUD","1760072916","297342/2025-10-15/1760072916.json"
"701111","393980","2025-10-17","240.00","AUD","1760072916","297342/2025-10-17/1760072916.json"
"701111","393980","2025-10-18","240.00","AUD","1760072916","297342/2025-10-18/1760072916.json"
"701111","393980","2025-10-25","240.00","AUD","1760072916","297342/2025-10-25/1760072916.json"
"701111","393980","2025-10-26","240.00","AUD","1760072916","297342/2025-10-26/1760072916.json"
"701111","393980","2025-10-30","240.00","AUD","1760072916","297342/2025-10-30/1760072916.json"
"701111","393980","2025-11-04","215.00","AUD","1760072916","297342/2025-11-04/1760072916.json"
"701111","393980","2025-11-05","215.00","AUD","1760072916","297342/2025-11-05/1760072916.json"
"701111","393980","2025-11-09","215.00","AUD","1760072916","297342/2025-11-09/1760072916.json"
"701111","393980","2025-11-12","215.00","AUD","1760072916","297342/2025-11-12/1760072916.json"
"701111","393980","2025-11-13","215.00","AUD","1760072916","297342/2025-11-13/1760072916.json"
"701111","393980","2025-11-15","215.00","AUD","1760072916","297342/2025-11-15/1760072916.json"
"701111","393980","2025-11-18","215.00","AUD","1760072916","297342/2025-11-18/1760072916.json"
"701111","393980","2025-11-21","215.00","AUD","1760072916","297342/2025-11-21/1760072916.json"
"701111","393980","2025-11-20","215.00","AUD","1760072916","297342/2025-11-20/1760072916.json"
"701111","393980","2025-11-27","215.00","AUD","1760072916","297342/2025-11-27/1760072916.json"
"701111","393980","2025-11-29","215.00","AUD","1760072916","297342/2025-11-29/1760072916.json"
"701111","393980","2025-11-28","215.00","AUD","1760072916","297342/2025-11-28/1760072916.json"
"701111","393980","2025-11-30","215.00","AUD","1760072916","297342/2025-11-30/1760072916.json"
"701111","393980","2025-12-01","215.00","AUD","1760072916","297342/2025-12-01/1760072916.json"
"701111","393980","2025-11-22","215.00","AUD","1760072916","297342/2025-11-22/1760072916.json"
"701111","393980","2025-12-03","215.00","AUD","1760072916","297342/2025-12-03/1760072916.json"
"701111","393980","2025-11-23","215.00","AUD","1760072916","297342/2025-11-23/1760072916.json"
"701111","393980","2025-12-04","215.00","AUD","1760072916","297342/2025-12-04/1760072916.json"
"701111","393980","2025-12-05","215.00","AUD","1760072916","297342/2025-12-05/1760072916.json"
"701111","393980","2025-12-06","215.00","AUD","1760072916","297342/2025-12-06/1760072916.json"
"701111","393980","2025-12-07","215.00","AUD","1760072916","297342/2025-12-07/1760072916.json"
"701111","393980","2025-12-08","215.00","AUD","1760072916","297342/2025-12-08/1760072916.json"
"701111","393980","2025-10-15","240.00","AUD","1760088048","297342/2025-10-15/1760088048.json"
"701111","393980","2025-10-17","240.00","AUD","1760088048","297342/2025-10-17/1760088048.json"
"701111","393980","2025-10-18","240.00","AUD","1760088048","297342/2025-10-18/1760088048.json"
"701111","393980","2025-10-26","240.00","AUD","1760088048","297342/2025-10-26/1760088048.json"
"701111","393980","2025-10-25","240.00","AUD","1760088048","297342/2025-10-25/1760088048.json"
"701111","393980","2025-10-30","240.00","AUD","1760088048","297342/2025-10-30/1760088048.json"
"701111","393980","2025-11-04","215.00","AUD","1760088048","297342/2025-11-04/1760088048.json"
"701111","393980","2025-11-05","215.00","AUD","1760088048","297342/2025-11-05/1760088048.json"
"701111","393980","2025-11-09","215.00","AUD","1760088048","297342/2025-11-09/1760088048.json"
"701111","393980","2025-11-12","215.00","AUD","1760088048","297342/2025-11-12/1760088048.json"
"701111","393980","2025-11-13","215.00","AUD","1760088048","297342/2025-11-13/1760088048.json"
"701111","393980","2025-11-15","215.00","AUD","1760088048","297342/2025-11-15/1760088048.json"
"701111","393980","2025-11-18","215.00","AUD","1760088048","297342/2025-11-18/1760088048.json"
"701111","393980","2025-11-20","215.00","AUD","1760088048","297342/2025-11-20/1760088048.json"
"701111","393980","2025-11-21","215.00","AUD","1760088048","297342/2025-11-21/1760088048.json"
"701111","393980","2025-11-22","215.00","AUD","1760088048","297342/2025-11-22/1760088048.json"
"701111","393980","2025-11-23","215.00","AUD","1760088048","297342/2025-11-23/1760088048.json"
"701111","393980","2025-11-27","215.00","AUD","1760088048","297342/2025-11-27/1760088048.json"
"701111","393980","2025-11-28","215.00","AUD","1760088048","297342/2025-11-28/1760088048.json"
"701111","393980","2025-11-29","215.00","AUD","1760088048","297342/2025-11-29/1760088048.json"
"701111","393980","2025-11-30","215.00","AUD","1760088048","297342/2025-11-30/1760088048.json"
"701111","393980","2025-12-01","215.00","AUD","1760088048","297342/2025-12-01/1760088048.json"
"701111","393980","2025-12-03","215.00","AUD","1760088048","297342/2025-12-03/1760088048.json"
"701111","393980","2025-12-04","215.00","AUD","1760088048","297342/2025-12-04/1760088048.json"
"701111","393980","2025-12-05","215.00","AUD","1760088048","297342/2025-12-05/1760088048.json"
"701111","393980","2025-12-06","215.00","AUD","1760088048","297342/2025-12-06/1760088048.json"
"701111","393980","2025-12-07","215.00","AUD","1760088048","297342/2025-12-07/1760088048.json"
"701111","393980","2025-12-08","215.00","AUD","1760088048","297342/2025-12-08/1760088048.json"
"701111","393980","2025-10-17","240.00","AUD","1760104420","297342/2025-10-17/1760104420.json"
"701111","393980","2025-10-15","240.00","AUD","1760104420","297342/2025-10-15/1760104420.json"
"701111","393980","2025-10-18","240.00","AUD","1760104420","297342/2025-10-18/1760104420.json"
"701111","393980","2025-10-25","240.00","AUD","1760104420","297342/2025-10-25/1760104420.json"
"701111","393980","2025-10-26","240.00","AUD","1760104420","297342/2025-10-26/1760104420.json"
"701111","393980","2025-10-30","240.00","AUD","1760104420","297342/2025-10-30/1760104420.json"
"701111","393980","2025-11-04","215.00","AUD","1760104420","297342/2025-11-04/1760104420.json"
"701111","393980","2025-11-05","215.00","AUD","1760104420","297342/2025-11-05/1760104420.json"
"701111","393980","2025-11-12","215.00","AUD","1760104420","297342/2025-11-12/1760104420.json"
"701111","393980","2025-11-13","215.00","AUD","1760104420","297342/2025-11-13/1760104420.json"
"701111","393980","2025-11-15","215.00","AUD","1760104420","297342/2025-11-15/1760104420.json"
"701111","393980","2025-11-18","215.00","AUD","1760104420","297342/2025-11-18/1760104420.json"
"701111","393980","2025-11-20","215.00","AUD","1760104420","297342/2025-11-20/1760104420.json"
"701111","393980","2025-11-21","215.00","AUD","1760104420","297342/2025-11-21/1760104420.json"
"701111","393980","2025-11-22","215.00","AUD","1760104420","297342/2025-11-22/1760104420.json"
"701111","393980","2025-11-23","215.00","AUD","1760104420","297342/2025-11-23/1760104420.json"
"701111","393980","2025-11-09","215.00","AUD","1760104420","297342/2025-11-09/1760104420.json"
"701111","393980","2025-11-28","215.00","AUD","1760104420","297342/2025-11-28/1760104420.json"
"701111","393980","2025-11-29","215.00","AUD","1760104420","297342/2025-11-29/1760104420.json"
"701111","393980","2025-12-01","215.00","AUD","1760104420","297342/2025-12-01/1760104420.json"
"701111","393980","2025-11-27","215.00","AUD","1760104420","297342/2025-11-27/1760104420.json"
"701111","393980","2025-11-30","215.00","AUD","1760104420","297342/2025-11-30/1760104420.json"
"701111","393980","2025-12-03","215.00","AUD","1760104420","297342/2025-12-03/1760104420.json"
"701111","393980","2025-12-05","215.00","AUD","1760104420","297342/2025-12-05/1760104420.json"
"701111","393980","2025-12-04","215.00","AUD","1760104420","297342/2025-12-04/1760104420.json"
"701111","393980","2025-12-06","215.00","AUD","1760104420","297342/2025-12-06/1760104420.json"
"701111","393980","2025-12-07","215.00","AUD","1760104420","297342/2025-12-07/1760104420.json"
"701111","393980","2025-12-08","215.00","AUD","1760104420","297342/2025-12-08/1760104420.json"
"701111","393980","2025-10-15","240.00","AUD","1760116617","297342/2025-10-15/1760116617.json"
"701111","393980","2025-10-17","240.00","AUD","1760116617","297342/2025-10-17/1760116617.json"
"701111","393980","2025-10-18","240.00","AUD","1760116617","297342/2025-10-18/1760116617.json"
"701111","393980","2025-10-25","240.00","AUD","1760116617","297342/2025-10-25/1760116617.json"
"701111","393980","2025-10-26","240.00","AUD","1760116617","297342/2025-10-26/1760116617.json"
"701111","393980","2025-10-30","240.00","AUD","1760116617","297342/2025-10-30/1760116617.json"
"701111","393980","2025-11-04","215.00","AUD","1760116617","297342/2025-11-04/1760116617.json"
"701111","393980","2025-11-05","215.00","AUD","1760116617","297342/2025-11-05/1760116617.json"
"701111","393980","2025-11-09","215.00","AUD","1760116617","297342/2025-11-09/1760116617.json"
"701111","393980","2025-11-12","215.00","AUD","1760116617","297342/2025-11-12/1760116617.json"
"701111","393980","2025-11-13","215.00","AUD","1760116617","297342/2025-11-13/1760116617.json"
"701111","393980","2025-11-15","215.00","AUD","1760116617","297342/2025-11-15/1760116617.json"
"701111","393980","2025-11-18","215.00","AUD","1760116617","297342/2025-11-18/1760116617.json"
"701111","393980","2025-11-20","215.00","AUD","1760116617","297342/2025-11-20/1760116617.json"
"701111","393980","2025-11-21","215.00","AUD","1760116617","297342/2025-11-21/1760116617.json"
"701111","393980","2025-11-22","215.00","AUD","1760116617","297342/2025-11-22/1760116617.json"
"701111","393980","2025-11-23","215.00","AUD","1760116617","297342/2025-11-23/1760116617.json"
"701111","393980","2025-11-27","215.00","AUD","1760116617","297342/2025-11-27/1760116617.json"
"701111","393980","2025-11-29","215.00","AUD","1760116617","297342/2025-11-29/1760116617.json"
"701111","393980","2025-11-28","215.00","AUD","1760116617","297342/2025-11-28/1760116617.json"
"701111","393980","2025-11-30","215.00","AUD","1760116617","297342/2025-11-30/1760116617.json"
"701111","393980","2025-12-01","215.00","AUD","1760116617","297342/2025-12-01/1760116617.json"
"701111","393980","2025-12-04","215.00","AUD","1760116617","297342/2025-12-04/1760116617.json"
"701111","393980","2025-12-05","215.00","AUD","1760116617","297342/2025-12-05/1760116617.json"
"701111","393980","2025-12-06","215.00","AUD","1760116617","297342/2025-12-06/1760116617.json"
"701111","393980","2025-12-07","215.00","AUD","1760116617","297342/2025-12-07/1760116617.json"
"701111","393980","2025-12-03","215.00","AUD","1760116617","297342/2025-12-03/1760116617.json"
"701111","393980","2025-12-08","215.00","AUD","1760116617","297342/2025-12-08/1760116617.json"
"701111","393980","2025-10-17","240.00","AUD","1760130123","297342/2025-10-17/1760130123.json"
"701111","393980","2025-10-18","240.00","AUD","1760130123","297342/2025-10-18/1760130123.json"
"701111","393980","2025-10-15","240.00","AUD","1760130123","297342/2025-10-15/1760130123.json"
"701111","393980","2025-10-25","240.00","AUD","1760130123","297342/2025-10-25/1760130123.json"
"701111","393980","2025-10-26","240.00","AUD","1760130123","297342/2025-10-26/1760130123.json"
"701111","393980","2025-10-30","240.00","AUD","1760130123","297342/2025-10-30/1760130123.json"
"701111","393980","2025-11-04","215.00","AUD","1760130123","297342/2025-11-04/1760130123.json"
"701111","393980","2025-11-05","215.00","AUD","1760130123","297342/2025-11-05/1760130123.json"
"701111","393980","2025-11-09","215.00","AUD","1760130123","297342/2025-11-09/1760130123.json"
"701111","393980","2025-11-13","215.00","AUD","1760130123","297342/2025-11-13/1760130123.json"
"701111","393980","2025-11-12","215.00","AUD","1760130123","297342/2025-11-12/1760130123.json"
"701111","393980","2025-11-15","215.00","AUD","1760130123","297342/2025-11-15/1760130123.json"
"701111","393980","2025-11-18","215.00","AUD","1760130123","297342/2025-11-18/1760130123.json"
"701111","393980","2025-11-20","215.00","AUD","1760130123","297342/2025-11-20/1760130123.json"
"701111","393980","2025-11-21","215.00","AUD","1760130123","297342/2025-11-21/1760130123.json"
"701111","393980","2025-11-22","215.00","AUD","1760130123","297342/2025-11-22/1760130123.json"
"701111","393980","2025-11-23","215.00","AUD","1760130123","297342/2025-11-23/1760130123.json"
"701111","393980","2025-11-27","215.00","AUD","1760130123","297342/2025-11-27/1760130123.json"
"701111","393980","2025-11-28","215.00","AUD","1760130123","297342/2025-11-28/1760130123.json"
"701111","393980","2025-11-29","215.00","AUD","1760130123","297342/2025-11-29/1760130123.json"
"701111","393980","2025-11-30","215.00","AUD","1760130123","297342/2025-11-30/1760130123.json"
"701111","393980","2025-12-01","215.00","AUD","1760130123","297342/2025-12-01/1760130123.json"
"701111","393980","2025-12-04","215.00","AUD","1760130123","297342/2025-12-04/1760130123.json"
"701111","393980","2025-12-05","215.00","AUD","1760130123","297342/2025-12-05/1760130123.json"
"701111","393980","2025-12-07","215.00","AUD","1760130123","297342/2025-12-07/1760130123.json"
"701111","393980","2025-12-08","215.00","AUD","1760130123","297342/2025-12-08/1760130123.json"
"701111","393980","2025-12-03","215.00","AUD","1760130123","297342/2025-12-03/1760130123.json"
"701111","393980","2025-12-06","215.00","AUD","1760130123","297342/2025-12-06/1760130123.json"
"701111","393980","2025-10-14","240.00","AUD","1760153347","297342/2025-10-14/1760153347.json"
"701111","393980","2025-10-17","240.00","AUD","1760153347","297342/2025-10-17/1760153347.json"
"701111","393980","2025-10-15","240.00","AUD","1760153347","297342/2025-10-15/1760153347.json"
"701111","393980","2025-10-18","240.00","AUD","1760153347","297342/2025-10-18/1760153347.json"
"701111","393980","2025-10-25","240.00","AUD","1760153347","297342/2025-10-25/1760153347.json"
"701111","393980","2025-10-26","240.00","AUD","1760153347","297342/2025-10-26/1760153347.json"
"701111","393980","2025-10-30","240.00","AUD","1760153347","297342/2025-10-30/1760153347.json"
"701111","393980","2025-11-04","215.00","AUD","1760153347","297342/2025-11-04/1760153347.json"
"701111","393980","2025-11-05","215.00","AUD","1760153347","297342/2025-11-05/1760153347.json"
"701111","393980","2025-11-09","215.00","AUD","1760153347","297342/2025-11-09/1760153347.json"
"701111","393980","2025-11-12","215.00","AUD","1760153347","297342/2025-11-12/1760153347.json"
"701111","393980","2025-11-13","215.00","AUD","1760153347","297342/2025-11-13/1760153347.json"
"701111","393980","2025-11-15","215.00","AUD","1760153347","297342/2025-11-15/1760153347.json"
"701111","393980","2025-11-18","215.00","AUD","1760153347","297342/2025-11-18/1760153347.json"
"701111","393980","2025-11-20","215.00","AUD","1760153347","297342/2025-11-20/1760153347.json"
"701111","393980","2025-11-22","215.00","AUD","1760153347","297342/2025-11-22/1760153347.json"
"701111","393980","2025-11-21","215.00","AUD","1760153347","297342/2025-11-21/1760153347.json"
"701111","393980","2025-11-23","215.00","AUD","1760153347","297342/2025-11-23/1760153347.json"
"701111","393980","2025-11-27","215.00","AUD","1760153347","297342/2025-11-27/1760153347.json"
"701111","393980","2025-11-28","215.00","AUD","1760153347","297342/2025-11-28/1760153347.json"
"701111","393980","2025-11-29","215.00","AUD","1760153347","297342/2025-11-29/1760153347.json"
"701111","393980","2025-11-30","215.00","AUD","1760153347","297342/2025-11-30/1760153347.json"
"701111","393980","2025-12-01","215.00","AUD","1760153347","297342/2025-12-01/1760153347.json"
"701111","393980","2025-12-03","215.00","AUD","1760153347","297342/2025-12-03/1760153347.json"
"701111","393980","2025-12-04","215.00","AUD","1760153347","297342/2025-12-04/1760153347.json"
"701111","393980","2025-12-05","215.00","AUD","1760153347","297342/2025-12-05/1760153347.json"
"701111","393980","2025-12-06","215.00","AUD","1760153347","297342/2025-12-06/1760153347.json"
"701111","393980","2025-12-07","215.00","AUD","1760153347","297342/2025-12-07/1760153347.json"
"701111","393980","2025-12-08","215.00","AUD","1760153347","297342/2025-12-08/1760153347.json"
"701111","393980","2025-10-14","240.00","AUD","1760159245","297342/2025-10-14/1760159245.json"
"701111","393980","2025-10-17","240.00","AUD","1760159245","297342/2025-10-17/1760159245.json"
"701111","393980","2025-10-18","240.00","AUD","1760159245","297342/2025-10-18/1760159245.json"
"701111","393980","2025-10-15","240.00","AUD","1760159245","297342/2025-10-15/1760159245.json"
"701111","393980","2025-10-25","240.00","AUD","1760159245","297342/2025-10-25/1760159245.json"
"701111","393980","2025-10-26","240.00","AUD","1760159245","297342/2025-10-26/1760159245.json"
"701111","393980","2025-10-30","240.00","AUD","1760159245","297342/2025-10-30/1760159245.json"
"701111","393980","2025-11-05","215.00","AUD","1760159245","297342/2025-11-05/1760159245.json"
"701111","393980","2025-11-04","215.00","AUD","1760159245","297342/2025-11-04/1760159245.json"
"701111","393980","2025-11-09","215.00","AUD","1760159245","297342/2025-11-09/1760159245.json"
"701111","393980","2025-11-12","215.00","AUD","1760159245","297342/2025-11-12/1760159245.json"
"701111","393980","2025-11-13","215.00","AUD","1760159245","297342/2025-11-13/1760159245.json"
"701111","393980","2025-11-15","215.00","AUD","1760159245","297342/2025-11-15/1760159245.json"
"701111","393980","2025-11-18","215.00","AUD","1760159245","297342/2025-11-18/1760159245.json"
"701111","393980","2025-11-20","215.00","AUD","1760159245","297342/2025-11-20/1760159245.json"
"701111","393980","2025-11-21","215.00","AUD","1760159245","297342/2025-11-21/1760159245.json"
"701111","393980","2025-11-22","215.00","AUD","1760159245","297342/2025-11-22/1760159245.json"
"701111","393980","2025-11-23","215.00","AUD","1760159245","297342/2025-11-23/1760159245.json"
"701111","393980","2025-11-27","215.00","AUD","1760159245","297342/2025-11-27/1760159245.json"
"701111","393980","2025-11-28","215.00","AUD","1760159245","297342/2025-11-28/1760159245.json"
"701111","393980","2025-11-29","215.00","AUD","1760159245","297342/2025-11-29/1760159245.json"
"701111","393980","2025-11-30","215.00","AUD","1760159245","297342/2025-11-30/1760159245.json"
"701111","393980","2025-12-01","215.00","AUD","1760159245","297342/2025-12-01/1760159245.json"
"701111","393980","2025-12-03","215.00","AUD","1760159245","297342/2025-12-03/1760159245.json"
"701111","393980","2025-12-04","215.00","AUD","1760159245","297342/2025-12-04/1760159245.json"
"701111","393980","2025-12-05","215.00","AUD","1760159245","297342/2025-12-05/1760159245.json"
"701111","393980","2025-12-07","215.00","AUD","1760159245","297342/2025-12-07/1760159245.json"
"701111","393980","2025-12-08","215.00","AUD","1760159245","297342/2025-12-08/1760159245.json"
"701111","393980","2025-12-06","215.00","AUD","1760159245","297342/2025-12-06/1760159245.json"
"701111","393980","2025-10-14","240.00","AUD","1760173943","297342/2025-10-14/1760173943.json"
"701111","393980","2025-10-17","240.00","AUD","1760173943","297342/2025-10-17/1760173943.json"
"701111","393980","2025-10-15","240.00","AUD","1760173943","297342/2025-10-15/1760173943.json"
"701111","393980","2025-10-18","240.00","AUD","1760173943","297342/2025-10-18/1760173943.json"
"701111","393980","2025-10-25","240.00","AUD","1760173943","297342/2025-10-25/1760173943.json"
"701111","393980","2025-10-26","240.00","AUD","1760173943","297342/2025-10-26/1760173943.json"
"701111","393980","2025-10-30","240.00","AUD","1760173943","297342/2025-10-30/1760173943.json"
"701111","393980","2025-11-04","215.00","AUD","1760173943","297342/2025-11-04/1760173943.json"
"701111","393980","2025-11-05","215.00","AUD","1760173943","297342/2025-11-05/1760173943.json"
"701111","393980","2025-11-09","215.00","AUD","1760173943","297342/2025-11-09/1760173943.json"
"701111","393980","2025-11-12","215.00","AUD","1760173943","297342/2025-11-12/1760173943.json"
"701111","393980","2025-11-13","215.00","AUD","1760173943","297342/2025-11-13/1760173943.json"
"701111","393980","2025-11-15","215.00","AUD","1760173943","297342/2025-11-15/1760173943.json"
"701111","393980","2025-11-18","215.00","AUD","1760173943","297342/2025-11-18/1760173943.json"
"701111","393980","2025-11-20","215.00","AUD","1760173943","297342/2025-11-20/1760173943.json"
"701111","393980","2025-11-21","215.00","AUD","1760173943","297342/2025-11-21/1760173943.json"
"701111","393980","2025-11-23","215.00","AUD","1760173943","297342/2025-11-23/1760173943.json"
"701111","393980","2025-11-22","215.00","AUD","1760173943","297342/2025-11-22/1760173943.json"
"701111","393980","2025-11-27","215.00","AUD","1760173943","297342/2025-11-27/1760173943.json"
"701111","393980","2025-11-28","215.00","AUD","1760173943","297342/2025-11-28/1760173943.json"
"701111","393980","2025-11-29","215.00","AUD","1760173943","297342/2025-11-29/1760173943.json"
"701111","393980","2025-12-01","215.00","AUD","1760173943","297342/2025-12-01/1760173943.json"
"701111","393980","2025-11-30","215.00","AUD","1760173943","297342/2025-11-30/1760173943.json"
"701111","393980","2025-12-03","215.00","AUD","1760173943","297342/2025-12-03/1760173943.json"
"701111","393980","2025-12-04","215.00","AUD","1760173943","297342/2025-12-04/1760173943.json"
"701111","393980","2025-12-05","215.00","AUD","1760173943","297342/2025-12-05/1760173943.json"
"701111","393980","2025-12-06","215.00","AUD","1760173943","297342/2025-12-06/1760173943.json"
"701111","393980","2025-12-07","215.00","AUD","1760173943","297342/2025-12-07/1760173943.json"
"701111","393980","2025-12-08","215.00","AUD","1760173943","297342/2025-12-08/1760173943.json"
"701111","393980","2025-10-14","240.00","AUD","1760189585","297342/2025-10-14/1760189585.json"
"701111","393980","2025-10-15","240.00","AUD","1760189585","297342/2025-10-15/1760189585.json"
"701111","393980","2025-10-17","240.00","AUD","1760189585","297342/2025-10-17/1760189585.json"
"701111","393980","2025-10-18","240.00","AUD","1760189585","297342/2025-10-18/1760189585.json"
"701111","393980","2025-10-25","240.00","AUD","1760189585","297342/2025-10-25/1760189585.json"
"701111","393980","2025-10-26","240.00","AUD","1760189585","297342/2025-10-26/1760189585.json"
"701111","393980","2025-10-30","240.00","AUD","1760189585","297342/2025-10-30/1760189585.json"
"701111","393980","2025-11-04","215.00","AUD","1760189585","297342/2025-11-04/1760189585.json"
"701111","393980","2025-11-05","215.00","AUD","1760189585","297342/2025-11-05/1760189585.json"
"701111","393980","2025-11-09","215.00","AUD","1760189585","297342/2025-11-09/1760189585.json"
"701111","393980","2025-11-12","215.00","AUD","1760189585","297342/2025-11-12/1760189585.json"
"701111","393980","2025-11-13","215.00","AUD","1760189585","297342/2025-11-13/1760189585.json"
"701111","393980","2025-11-15","215.00","AUD","1760189585","297342/2025-11-15/1760189585.json"
"701111","393980","2025-11-18","215.00","AUD","1760189585","297342/2025-11-18/1760189585.json"
"701111","393980","2025-11-21","215.00","AUD","1760189585","297342/2025-11-21/1760189585.json"
"701111","393980","2025-11-20","215.00","AUD","1760189585","297342/2025-11-20/1760189585.json"
"701111","393980","2025-11-22","215.00","AUD","1760189585","297342/2025-11-22/1760189585.json"
"701111","393980","2025-11-23","215.00","AUD","1760189585","297342/2025-11-23/1760189585.json"
"701111","393980","2025-11-27","215.00","AUD","1760189585","297342/2025-11-27/1760189585.json"
"701111","393980","2025-11-28","215.00","AUD","1760189585","297342/2025-11-28/1760189585.json"
"701111","393980","2025-11-29","215.00","AUD","1760189585","297342/2025-11-29/1760189585.json"
"701111","393980","2025-11-30","215.00","AUD","1760189585","297342/2025-11-30/1760189585.json"
"701111","393980","2025-12-01","215.00","AUD","1760189585","297342/2025-12-01/1760189585.json"
"701111","393980","2025-12-03","215.00","AUD","1760189585","297342/2025-12-03/1760189585.json"
"701111","393980","2025-12-05","215.00","AUD","1760189585","297342/2025-12-05/1760189585.json"
"701111","393980","2025-12-06","215.00","AUD","1760189585","297342/2025-12-06/1760189585.json"
"701111","393980","2025-12-04","215.00","AUD","1760189585","297342/2025-12-04/1760189585.json"
"701111","393980","2025-12-07","215.00","AUD","1760189585","297342/2025-12-07/1760189585.json"
"701111","393980","2025-12-08","215.00","AUD","1760189585","297342/2025-12-08/1760189585.json"
"701111","393980","2025-10-14","240.00","AUD","1760202353","297342/2025-10-14/1760202353.json"
"701111","393980","2025-10-15","240.00","AUD","1760202353","297342/2025-10-15/1760202353.json"
"701111","393980","2025-10-18","240.00","AUD","1760202353","297342/2025-10-18/1760202353.json"
"701111","393980","2025-10-17","240.00","AUD","1760202353","297342/2025-10-17/1760202353.json"
"701111","393980","2025-10-25","240.00","AUD","1760202353","297342/2025-10-25/1760202353.json"
"701111","393980","2025-10-26","240.00","AUD","1760202353","297342/2025-10-26/1760202353.json"
"701111","393980","2025-10-30","240.00","AUD","1760202353","297342/2025-10-30/1760202353.json"
"701111","393980","2025-11-04","215.00","AUD","1760202353","297342/2025-11-04/1760202353.json"
"701111","393980","2025-11-05","215.00","AUD","1760202353","297342/2025-11-05/1760202353.json"
"701111","393980","2025-11-09","215.00","AUD","1760202353","297342/2025-11-09/1760202353.json"
"701111","393980","2025-11-12","215.00","AUD","1760202353","297342/2025-11-12/1760202353.json"
"701111","393980","2025-11-13","215.00","AUD","1760202353","297342/2025-11-13/1760202353.json"
"701111","393980","2025-11-15","215.00","AUD","1760202353","297342/2025-11-15/1760202353.json"
"701111","393980","2025-11-18","215.00","AUD","1760202353","297342/2025-11-18/1760202353.json"
"701111","393980","2025-11-20","215.00","AUD","1760202353","297342/2025-11-20/1760202353.json"
"701111","393980","2025-11-21","215.00","AUD","1760202353","297342/2025-11-21/1760202353.json"
"701111","393980","2025-11-23","215.00","AUD","1760202353","297342/2025-11-23/1760202353.json"
"701111","393980","2025-11-22","215.00","AUD","1760202353","297342/2025-11-22/1760202353.json"
"701111","393980","2025-11-27","215.00","AUD","1760202353","297342/2025-11-27/1760202353.json"
"701111","393980","2025-11-28","215.00","AUD","1760202353","297342/2025-11-28/1760202353.json"
"701111","393980","2025-12-01","215.00","AUD","1760202353","297342/2025-12-01/1760202353.json"
"701111","393980","2025-11-29","215.00","AUD","1760202353","297342/2025-11-29/1760202353.json"
"701111","393980","2025-11-30","215.00","AUD","1760202353","297342/2025-11-30/1760202353.json"
"701111","393980","2025-12-05","215.00","AUD","1760202353","297342/2025-12-05/1760202353.json"
"701111","393980","2025-12-04","215.00","AUD","1760202353","297342/2025-12-04/1760202353.json"
"701111","393980","2025-12-03","215.00","AUD","1760202353","297342/2025-12-03/1760202353.json"
"701111","393980","2025-12-06","215.00","AUD","1760202353","297342/2025-12-06/1760202353.json"
"701111","393980","2025-12-08","215.00","AUD","1760202353","297342/2025-12-08/1760202353.json"
"701111","393980","2025-12-07","215.00","AUD","1760202353","297342/2025-12-07/1760202353.json"
"701111","393980","2025-10-14","240.00","AUD","1760216351","297342/2025-10-14/1760216351.json"
"701111","393980","2025-10-15","240.00","AUD","1760216351","297342/2025-10-15/1760216351.json"
"701111","393980","2025-10-18","240.00","AUD","1760216351","297342/2025-10-18/1760216351.json"
"701111","393980","2025-10-17","240.00","AUD","1760216351","297342/2025-10-17/1760216351.json"
"701111","393980","2025-10-25","240.00","AUD","1760216351","297342/2025-10-25/1760216351.json"
"701111","393980","2025-10-26","240.00","AUD","1760216351","297342/2025-10-26/1760216351.json"
"701111","393980","2025-10-30","240.00","AUD","1760216351","297342/2025-10-30/1760216351.json"
"701111","393980","2025-11-04","215.00","AUD","1760216351","297342/2025-11-04/1760216351.json"
"701111","393980","2025-11-05","215.00","AUD","1760216351","297342/2025-11-05/1760216351.json"
"701111","393980","2025-11-09","215.00","AUD","1760216351","297342/2025-11-09/1760216351.json"
"701111","393980","2025-11-12","215.00","AUD","1760216351","297342/2025-11-12/1760216351.json"
"701111","393980","2025-11-13","215.00","AUD","1760216351","297342/2025-11-13/1760216351.json"
"701111","393980","2025-11-15","215.00","AUD","1760216351","297342/2025-11-15/1760216351.json"
"701111","393980","2025-11-18","215.00","AUD","1760216351","297342/2025-11-18/1760216351.json"
"701111","393980","2025-11-20","215.00","AUD","1760216351","297342/2025-11-20/1760216351.json"
"701111","393980","2025-11-22","215.00","AUD","1760216351","297342/2025-11-22/1760216351.json"
"701111","393980","2025-11-23","215.00","AUD","1760216351","297342/2025-11-23/1760216351.json"
"701111","393980","2025-11-21","215.00","AUD","1760216351","297342/2025-11-21/1760216351.json"
"701111","393980","2025-11-27","215.00","AUD","1760216351","297342/2025-11-27/1760216351.json"
"701111","393980","2025-11-28","215.00","AUD","1760216351","297342/2025-11-28/1760216351.json"
"701111","393980","2025-11-30","215.00","AUD","1760216351","297342/2025-11-30/1760216351.json"
"701111","393980","2025-12-01","215.00","AUD","1760216351","297342/2025-12-01/1760216351.json"
"701111","393980","2025-11-29","215.00","AUD","1760216351","297342/2025-11-29/1760216351.json"
"701111","393980","2025-12-03","215.00","AUD","1760216351","297342/2025-12-03/1760216351.json"
"701111","393980","2025-12-05","215.00","AUD","1760216351","297342/2025-12-05/1760216351.json"
"701111","393980","2025-12-06","215.00","AUD","1760216351","297342/2025-12-06/1760216351.json"
"701111","393980","2025-12-04","215.00","AUD","1760216351","297342/2025-12-04/1760216351.json"
"701111","393980","2025-12-07","215.00","AUD","1760216351","297342/2025-12-07/1760216351.json"
"701111","393980","2025-12-08","215.00","AUD","1760216351","297342/2025-12-08/1760216351.json"
"701111","393980","2025-10-14","240.00","AUD","1760240371","297342/2025-10-14/1760240371.json"
"701111","393980","2025-10-15","240.00","AUD","1760240371","297342/2025-10-15/1760240371.json"
"701111","393980","2025-10-18","240.00","AUD","1760240371","297342/2025-10-18/1760240371.json"
"701111","393980","2025-10-17","240.00","AUD","1760240371","297342/2025-10-17/1760240371.json"
"701111","393980","2025-10-26","240.00","AUD","1760240371","297342/2025-10-26/1760240371.json"
"701111","393980","2025-10-25","240.00","AUD","1760240371","297342/2025-10-25/1760240371.json"
"701111","393980","2025-10-30","240.00","AUD","1760240371","297342/2025-10-30/1760240371.json"
"701111","393980","2025-11-04","215.00","AUD","1760240371","297342/2025-11-04/1760240371.json"
"701111","393980","2025-11-05","215.00","AUD","1760240371","297342/2025-11-05/1760240371.json"
"701111","393980","2025-11-12","215.00","AUD","1760240371","297342/2025-11-12/1760240371.json"
"701111","393980","2025-11-13","215.00","AUD","1760240371","297342/2025-11-13/1760240371.json"
"701111","393980","2025-11-15","215.00","AUD","1760240371","297342/2025-11-15/1760240371.json"
"701111","393980","2025-11-09","215.00","AUD","1760240371","297342/2025-11-09/1760240371.json"
"701111","393980","2025-11-18","215.00","AUD","1760240371","297342/2025-11-18/1760240371.json"
"701111","393980","2025-11-20","215.00","AUD","1760240371","297342/2025-11-20/1760240371.json"
"701111","393980","2025-11-21","215.00","AUD","1760240371","297342/2025-11-21/1760240371.json"
"701111","393980","2025-11-22","215.00","AUD","1760240371","297342/2025-11-22/1760240371.json"
"701111","393980","2025-11-23","215.00","AUD","1760240371","297342/2025-11-23/1760240371.json"
"701111","393980","2025-11-27","215.00","AUD","1760240371","297342/2025-11-27/1760240371.json"
"701111","393980","2025-11-28","215.00","AUD","1760240371","297342/2025-11-28/1760240371.json"
"701111","393980","2025-11-29","215.00","AUD","1760240371","297342/2025-11-29/1760240371.json"
"701111","393980","2025-12-01","215.00","AUD","1760240371","297342/2025-12-01/1760240371.json"
"701111","393980","2025-12-03","215.00","AUD","1760240371","297342/2025-12-03/1760240371.json"
"701111","393980","2025-11-30","215.00","AUD","1760240371","297342/2025-11-30/1760240371.json"
"701111","393980","2025-12-04","215.00","AUD","1760240371","297342/2025-12-04/1760240371.json"
"701111","393980","2025-12-06","215.00","AUD","1760240371","297342/2025-12-06/1760240371.json"
"701111","393980","2025-12-05","215.00","AUD","1760240371","297342/2025-12-05/1760240371.json"
"701111","393980","2025-12-07","215.00","AUD","1760240371","297342/2025-12-07/1760240371.json"
"701111","393980","2025-12-08","215.00","AUD","1760240371","297342/2025-12-08/1760240371.json"
"701111","393980","2025-10-15","240.00","AUD","1760245410","297342/2025-10-15/1760245410.json"
"701111","393980","2025-10-14","240.00","AUD","1760245410","297342/2025-10-14/1760245410.json"
"701111","393980","2025-10-17","240.00","AUD","1760245410","297342/2025-10-17/1760245410.json"
"701111","393980","2025-10-18","240.00","AUD","1760245410","297342/2025-10-18/1760245410.json"
"701111","393980","2025-10-25","240.00","AUD","1760245410","297342/2025-10-25/1760245410.json"
"701111","393980","2025-10-26","240.00","AUD","1760245410","297342/2025-10-26/1760245410.json"
"701111","393980","2025-10-30","240.00","AUD","1760245410","297342/2025-10-30/1760245410.json"
"701111","393980","2025-11-04","215.00","AUD","1760245410","297342/2025-11-04/1760245410.json"
"701111","393980","2025-11-05","215.00","AUD","1760245410","297342/2025-11-05/1760245410.json"
"701111","393980","2025-11-09","215.00","AUD","1760245410","297342/2025-11-09/1760245410.json"
"701111","393980","2025-11-12","215.00","AUD","1760245410","297342/2025-11-12/1760245410.json"
"701111","393980","2025-11-13","215.00","AUD","1760245410","297342/2025-11-13/1760245410.json"
"701111","393980","2025-11-15","215.00","AUD","1760245410","297342/2025-11-15/1760245410.json"
"701111","393980","2025-11-18","215.00","AUD","1760245410","297342/2025-11-18/1760245410.json"
"701111","393980","2025-11-20","215.00","AUD","1760245410","297342/2025-11-20/1760245410.json"
"701111","393980","2025-11-22","215.00","AUD","1760245410","297342/2025-11-22/1760245410.json"
"701111","393980","2025-11-21","215.00","AUD","1760245410","297342/2025-11-21/1760245410.json"
"701111","393980","2025-11-23","215.00","AUD","1760245410","297342/2025-11-23/1760245410.json"
"701111","393980","2025-11-27","215.00","AUD","1760245410","297342/2025-11-27/1760245410.json"
"701111","393980","2025-11-28","215.00","AUD","1760245410","297342/2025-11-28/1760245410.json"
"701111","393980","2025-11-29","215.00","AUD","1760245410","297342/2025-11-29/1760245410.json"
"701111","393980","2025-11-30","215.00","AUD","1760245410","297342/2025-11-30/1760245410.json"
"701111","393980","2025-12-01","215.00","AUD","1760245410","297342/2025-12-01/1760245410.json"
"701111","393980","2025-12-04","215.00","AUD","1760245410","297342/2025-12-04/1760245410.json"
"701111","393980","2025-12-06","215.00","AUD","1760245410","297342/2025-12-06/1760245410.json"
"701111","393980","2025-12-05","215.00","AUD","1760245410","297342/2025-12-05/1760245410.json"
"701111","393980","2025-12-07","215.00","AUD","1760245410","297342/2025-12-07/1760245410.json"
"701111","393980","2025-12-08","215.00","AUD","1760245410","297342/2025-12-08/1760245410.json"
"701111","393980","2025-12-03","215.00","AUD","1760245410","297342/2025-12-03/1760245410.json"
"701111","393980","2025-10-14","240.00","AUD","1760260132","297342/2025-10-14/1760260132.json"
"701111","393980","2025-10-15","240.00","AUD","1760260132","297342/2025-10-15/1760260132.json"
"701111","393980","2025-10-25","240.00","AUD","1760260132","297342/2025-10-25/1760260132.json"
"701111","393980","2025-10-26","240.00","AUD","1760260132","297342/2025-10-26/1760260132.json"
"701111","393980","2025-10-30","240.00","AUD","1760260132","297342/2025-10-30/1760260132.json"
"701111","393980","2025-11-04","215.00","AUD","1760260132","297342/2025-11-04/1760260132.json"
"701111","393980","2025-11-05","215.00","AUD","1760260132","297342/2025-11-05/1760260132.json"
"701111","393980","2025-11-09","215.00","AUD","1760260132","297342/2025-11-09/1760260132.json"
"701111","393980","2025-11-12","215.00","AUD","1760260132","297342/2025-11-12/1760260132.json"
"701111","393980","2025-11-15","215.00","AUD","1760260132","297342/2025-11-15/1760260132.json"
"701111","393980","2025-11-13","215.00","AUD","1760260132","297342/2025-11-13/1760260132.json"
"701111","393980","2025-11-18","215.00","AUD","1760260132","297342/2025-11-18/1760260132.json"
"701111","393980","2025-11-21","215.00","AUD","1760260132","297342/2025-11-21/1760260132.json"
"701111","393980","2025-11-20","215.00","AUD","1760260132","297342/2025-11-20/1760260132.json"
"701111","393980","2025-11-22","215.00","AUD","1760260132","297342/2025-11-22/1760260132.json"
"701111","393980","2025-11-23","215.00","AUD","1760260132","297342/2025-11-23/1760260132.json"
"701111","393980","2025-11-27","215.00","AUD","1760260132","297342/2025-11-27/1760260132.json"
"701111","393980","2025-11-30","215.00","AUD","1760260132","297342/2025-11-30/1760260132.json"
"701111","393980","2025-11-28","215.00","AUD","1760260132","297342/2025-11-28/1760260132.json"
"701111","393980","2025-11-29","215.00","AUD","1760260132","297342/2025-11-29/1760260132.json"
"701111","393980","2025-12-01","215.00","AUD","1760260132","297342/2025-12-01/1760260132.json"
"701111","393980","2025-12-04","215.00","AUD","1760260132","297342/2025-12-04/1760260132.json"
"701111","393980","2025-12-03","215.00","AUD","1760260132","297342/2025-12-03/1760260132.json"
"701111","393980","2025-12-05","215.00","AUD","1760260132","297342/2025-12-05/1760260132.json"
"701111","393980","2025-12-08","215.00","AUD","1760260132","297342/2025-12-08/1760260132.json"
"701111","393980","2025-12-07","215.00","AUD","1760260132","297342/2025-12-07/1760260132.json"
"701111","393980","2025-12-06","215.00","AUD","1760260132","297342/2025-12-06/1760260132.json"
"701111","393980","2025-10-14","240.00","AUD","1760276175","297342/2025-10-14/1760276175.json"
"701111","393980","2025-10-15","240.00","AUD","1760276175","297342/2025-10-15/1760276175.json"
"701111","393980","2025-10-26","240.00","AUD","1760276175","297342/2025-10-26/1760276175.json"
"701111","393980","2025-10-25","240.00","AUD","1760276175","297342/2025-10-25/1760276175.json"
"701111","393980","2025-10-30","240.00","AUD","1760276175","297342/2025-10-30/1760276175.json"
"701111","393980","2025-11-05","215.00","AUD","1760276175","297342/2025-11-05/1760276175.json"
"701111","393980","2025-11-04","215.00","AUD","1760276175","297342/2025-11-04/1760276175.json"
"701111","393980","2025-11-09","215.00","AUD","1760276175","297342/2025-11-09/1760276175.json"
"701111","393980","2025-11-12","215.00","AUD","1760276175","297342/2025-11-12/1760276175.json"
"701111","393980","2025-11-13","215.00","AUD","1760276175","297342/2025-11-13/1760276175.json"
"701111","393980","2025-11-15","215.00","AUD","1760276175","297342/2025-11-15/1760276175.json"
"701111","393980","2025-11-18","215.00","AUD","1760276175","297342/2025-11-18/1760276175.json"
"701111","393980","2025-11-20","215.00","AUD","1760276175","297342/2025-11-20/1760276175.json"
"701111","393980","2025-11-21","215.00","AUD","1760276175","297342/2025-11-21/1760276175.json"
"701111","393980","2025-11-22","215.00","AUD","1760276175","297342/2025-11-22/1760276175.json"
"701111","393980","2025-11-23","215.00","AUD","1760276175","297342/2025-11-23/1760276175.json"
"701111","393980","2025-11-27","215.00","AUD","1760276175","297342/2025-11-27/1760276175.json"
"701111","393980","2025-11-28","215.00","AUD","1760276175","297342/2025-11-28/1760276175.json"
"701111","393980","2025-11-29","215.00","AUD","1760276175","297342/2025-11-29/1760276175.json"
"701111","393980","2025-11-30","215.00","AUD","1760276175","297342/2025-11-30/1760276175.json"
"701111","393980","2025-12-01","215.00","AUD","1760276175","297342/2025-12-01/1760276175.json"
"701111","393980","2025-12-03","215.00","AUD","1760276175","297342/2025-12-03/1760276175.json"
"701111","393980","2025-12-04","215.00","AUD","1760276175","297342/2025-12-04/1760276175.json"
"701111","393980","2025-12-06","215.00","AUD","1760276175","297342/2025-12-06/1760276175.json"
"701111","393980","2025-12-05","215.00","AUD","1760276175","297342/2025-12-05/1760276175.json"
"701111","393980","2025-12-07","215.00","AUD","1760276175","297342/2025-12-07/1760276175.json"
"701111","393980","2025-12-08","215.00","AUD","1760276175","297342/2025-12-08/1760276175.json"
"701111","393980","2025-10-15","240.00","AUD","1760289099","297342/2025-10-15/1760289099.json"
"701111","393980","2025-10-14","240.00","AUD","1760289099","297342/2025-10-14/1760289099.json"
"701111","393980","2025-10-25","240.00","AUD","1760289099","297342/2025-10-25/1760289099.json"
"701111","393980","2025-10-26","240.00","AUD","1760289099","297342/2025-10-26/1760289099.json"
"701111","393980","2025-10-30","240.00","AUD","1760289099","297342/2025-10-30/1760289099.json"
"701111","393980","2025-11-04","215.00","AUD","1760289099","297342/2025-11-04/1760289099.json"
"701111","393980","2025-11-05","215.00","AUD","1760289099","297342/2025-11-05/1760289099.json"
"701111","393980","2025-11-09","215.00","AUD","1760289099","297342/2025-11-09/1760289099.json"
"701111","393980","2025-11-12","215.00","AUD","1760289099","297342/2025-11-12/1760289099.json"
"701111","393980","2025-11-13","215.00","AUD","1760289099","297342/2025-11-13/1760289099.json"
"701111","393980","2025-11-15","215.00","AUD","1760289099","297342/2025-11-15/1760289099.json"
"701111","393980","2025-11-18","215.00","AUD","1760289099","297342/2025-11-18/1760289099.json"
"701111","393980","2025-11-20","215.00","AUD","1760289099","297342/2025-11-20/1760289099.json"
"701111","393980","2025-11-21","215.00","AUD","1760289099","297342/2025-11-21/1760289099.json"
"701111","393980","2025-11-22","215.00","AUD","1760289099","297342/2025-11-22/1760289099.json"
"701111","393980","2025-11-23","215.00","AUD","1760289099","297342/2025-11-23/1760289099.json"
"701111","393980","2025-11-28","215.00","AUD","1760289099","297342/2025-11-28/1760289099.json"
"701111","393980","2025-11-29","215.00","AUD","1760289099","297342/2025-11-29/1760289099.json"
"701111","393980","2025-11-30","215.00","AUD","1760289099","297342/2025-11-30/1760289099.json"
"701111","393980","2025-11-27","215.00","AUD","1760289099","297342/2025-11-27/1760289099.json"
"701111","393980","2025-12-01","215.00","AUD","1760289099","297342/2025-12-01/1760289099.json"
"701111","393980","2025-12-04","215.00","AUD","1760289099","297342/2025-12-04/1760289099.json"
"701111","393980","2025-12-05","215.00","AUD","1760289099","297342/2025-12-05/1760289099.json"
"701111","393980","2025-12-03","215.00","AUD","1760289099","297342/2025-12-03/1760289099.json"
"701111","393980","2025-12-06","215.00","AUD","1760289099","297342/2025-12-06/1760289099.json"
"701111","393980","2025-12-07","215.00","AUD","1760289099","297342/2025-12-07/1760289099.json"
"701111","393980","2025-12-08","215.00","AUD","1760289099","297342/2025-12-08/1760289099.json"
"701111","393980","2025-10-14","240.00","AUD","1760302840","297342/2025-10-14/1760302840.json"
"701111","393980","2025-10-15","240.00","AUD","1760302840","297342/2025-10-15/1760302840.json"
"701111","393980","2025-10-25","240.00","AUD","1760302840","297342/2025-10-25/1760302840.json"
"701111","393980","2025-10-26","240.00","AUD","1760302840","297342/2025-10-26/1760302840.json"
"701111","393980","2025-10-30","240.00","AUD","1760302840","297342/2025-10-30/1760302840.json"
"701111","393980","2025-11-04","215.00","AUD","1760302840","297342/2025-11-04/1760302840.json"
"701111","393980","2025-11-05","215.00","AUD","1760302840","297342/2025-11-05/1760302840.json"
"701111","393980","2025-11-09","215.00","AUD","1760302840","297342/2025-11-09/1760302840.json"
"701111","393980","2025-11-12","215.00","AUD","1760302840","297342/2025-11-12/1760302840.json"
"701111","393980","2025-11-13","215.00","AUD","1760302840","297342/2025-11-13/1760302840.json"
"701111","393980","2025-11-15","215.00","AUD","1760302840","297342/2025-11-15/1760302840.json"
"701111","393980","2025-11-18","215.00","AUD","1760302840","297342/2025-11-18/1760302840.json"
"701111","393980","2025-11-20","215.00","AUD","1760302840","297342/2025-11-20/1760302840.json"
"701111","393980","2025-11-21","215.00","AUD","1760302840","297342/2025-11-21/1760302840.json"
"701111","393980","2025-11-22","215.00","AUD","1760302840","297342/2025-11-22/1760302840.json"
"701111","393980","2025-11-27","215.00","AUD","1760302840","297342/2025-11-27/1760302840.json"
"701111","393980","2025-11-28","215.00","AUD","1760302840","297342/2025-11-28/1760302840.json"
"701111","393980","2025-11-29","215.00","AUD","1760302840","297342/2025-11-29/1760302840.json"
"701111","393980","2025-12-01","215.00","AUD","1760302840","297342/2025-12-01/1760302840.json"
"701111","393980","2025-11-30","215.00","AUD","1760302840","297342/2025-11-30/1760302840.json"
"701111","393980","2025-12-03","215.00","AUD","1760302840","297342/2025-12-03/1760302840.json"
"701111","393980","2025-12-06","215.00","AUD","1760302840","297342/2025-12-06/1760302840.json"
"701111","393980","2025-12-07","215.00","AUD","1760302840","297342/2025-12-07/1760302840.json"
"701111","393980","2025-12-05","215.00","AUD","1760302840","297342/2025-12-05/1760302840.json"
"701111","393980","2025-12-04","215.00","AUD","1760302840","297342/2025-12-04/1760302840.json"
"701111","393980","2025-12-08","215.00","AUD","1760302840","297342/2025-12-08/1760302840.json"
"701111","393980","2025-10-14","240.00","AUD","1760327934","297342/2025-10-14/1760327934.json"
"701111","393980","2025-10-15","240.00","AUD","1760327934","297342/2025-10-15/1760327934.json"
"701111","393980","2025-10-26","240.00","AUD","1760327934","297342/2025-10-26/1760327934.json"
"701111","393980","2025-10-25","240.00","AUD","1760327934","297342/2025-10-25/1760327934.json"
"701111","393980","2025-10-30","240.00","AUD","1760327934","297342/2025-10-30/1760327934.json"
"701111","393980","2025-11-04","215.00","AUD","1760327934","297342/2025-11-04/1760327934.json"
"701111","393980","2025-11-05","215.00","AUD","1760327934","297342/2025-11-05/1760327934.json"
"701111","393980","2025-11-09","215.00","AUD","1760327934","297342/2025-11-09/1760327934.json"
"701111","393980","2025-11-12","215.00","AUD","1760327934","297342/2025-11-12/1760327934.json"
"701111","393980","2025-11-13","215.00","AUD","1760327934","297342/2025-11-13/1760327934.json"
"701111","393980","2025-11-15","215.00","AUD","1760327934","297342/2025-11-15/1760327934.json"
"701111","393980","2025-11-18","215.00","AUD","1760327934","297342/2025-11-18/1760327934.json"
"701111","393980","2025-11-20","215.00","AUD","1760327934","297342/2025-11-20/1760327934.json"
"701111","393980","2025-11-21","215.00","AUD","1760327934","297342/2025-11-21/1760327934.json"
"701111","393980","2025-11-22","215.00","AUD","1760327934","297342/2025-11-22/1760327934.json"
"701111","393980","2025-11-27","215.00","AUD","1760327934","297342/2025-11-27/1760327934.json"
"701111","393980","2025-11-28","215.00","AUD","1760327934","297342/2025-11-28/1760327934.json"
"701111","393980","2025-11-29","215.00","AUD","1760327934","297342/2025-11-29/1760327934.json"
"701111","393980","2025-11-30","215.00","AUD","1760327934","297342/2025-11-30/1760327934.json"
"701111","393980","2025-12-01","215.00","AUD","1760327934","297342/2025-12-01/1760327934.json"
"701111","393980","2025-12-03","215.00","AUD","1760327934","297342/2025-12-03/1760327934.json"
"701111","393980","2025-12-05","215.00","AUD","1760327934","297342/2025-12-05/1760327934.json"
"701111","393980","2025-12-04","215.00","AUD","1760327934","297342/2025-12-04/1760327934.json"
"701111","393980","2025-12-06","215.00","AUD","1760327934","297342/2025-12-06/1760327934.json"
"701111","393980","2025-12-07","215.00","AUD","1760327934","297342/2025-12-07/1760327934.json"
"701111","393980","2025-12-08","215.00","AUD","1760327934","297342/2025-12-08/1760327934.json"
"701111","393980","2025-10-15","240.00","AUD","1760332201","297342/2025-10-15/1760332201.json"
"701111","393980","2025-10-14","240.00","AUD","1760332201","297342/2025-10-14/1760332201.json"
"701111","393980","2025-10-25","240.00","AUD","1760332201","297342/2025-10-25/1760332201.json"
"701111","393980","2025-10-26","240.00","AUD","1760332201","297342/2025-10-26/1760332201.json"
"701111","393980","2025-10-30","240.00","AUD","1760332201","297342/2025-10-30/1760332201.json"
"701111","393980","2025-11-04","215.00","AUD","1760332201","297342/2025-11-04/1760332201.json"
"701111","393980","2025-11-05","215.00","AUD","1760332201","297342/2025-11-05/1760332201.json"
"701111","393980","2025-11-12","215.00","AUD","1760332201","297342/2025-11-12/1760332201.json"
"701111","393980","2025-11-09","215.00","AUD","1760332201","297342/2025-11-09/1760332201.json"
"701111","393980","2025-11-13","215.00","AUD","1760332201","297342/2025-11-13/1760332201.json"
"701111","393980","2025-11-15","215.00","AUD","1760332201","297342/2025-11-15/1760332201.json"
"701111","393980","2025-11-18","215.00","AUD","1760332201","297342/2025-11-18/1760332201.json"
"701111","393980","2025-11-20","215.00","AUD","1760332201","297342/2025-11-20/1760332201.json"
"701111","393980","2025-11-21","215.00","AUD","1760332201","297342/2025-11-21/1760332201.json"
"701111","393980","2025-11-22","215.00","AUD","1760332201","297342/2025-11-22/1760332201.json"
"701111","393980","2025-11-27","215.00","AUD","1760332201","297342/2025-11-27/1760332201.json"
"701111","393980","2025-11-28","215.00","AUD","1760332201","297342/2025-11-28/1760332201.json"
"701111","393980","2025-11-29","215.00","AUD","1760332201","297342/2025-11-29/1760332201.json"
"701111","393980","2025-11-30","215.00","AUD","1760332201","297342/2025-11-30/1760332201.json"
"701111","393980","2025-12-01","215.00","AUD","1760332201","297342/2025-12-01/1760332201.json"
"701111","393980","2025-12-03","215.00","AUD","1760332201","297342/2025-12-03/1760332201.json"
"701111","393980","2025-12-04","215.00","AUD","1760332201","297342/2025-12-04/1760332201.json"
"701111","393980","2025-12-05","215.00","AUD","1760332201","297342/2025-12-05/1760332201.json"
"701111","393980","2025-12-07","215.00","AUD","1760332201","297342/2025-12-07/1760332201.json"
"701111","393980","2025-12-06","215.00","AUD","1760332201","297342/2025-12-06/1760332201.json"
"701111","393980","2025-12-08","215.00","AUD","1760332201","297342/2025-12-08/1760332201.json"
"701111","393980","2025-10-14","240.00","AUD","1760347349","297342/2025-10-14/1760347349.json"
"701111","393980","2025-10-15","240.00","AUD","1760347349","297342/2025-10-15/1760347349.json"
"701111","393980","2025-10-26","240.00","AUD","1760347349","297342/2025-10-26/1760347349.json"
"701111","393980","2025-10-25","240.00","AUD","1760347349","297342/2025-10-25/1760347349.json"
"701111","393980","2025-10-30","240.00","AUD","1760347349","297342/2025-10-30/1760347349.json"
"701111","393980","2025-11-05","215.00","AUD","1760347349","297342/2025-11-05/1760347349.json"
"701111","393980","2025-11-04","215.00","AUD","1760347349","297342/2025-11-04/1760347349.json"
"701111","393980","2025-11-09","215.00","AUD","1760347349","297342/2025-11-09/1760347349.json"
"701111","393980","2025-11-12","215.00","AUD","1760347349","297342/2025-11-12/1760347349.json"
"701111","393980","2025-11-13","215.00","AUD","1760347349","297342/2025-11-13/1760347349.json"
"701111","393980","2025-11-15","215.00","AUD","1760347349","297342/2025-11-15/1760347349.json"
"701111","393980","2025-11-18","215.00","AUD","1760347349","297342/2025-11-18/1760347349.json"
"701111","393980","2025-11-20","215.00","AUD","1760347349","297342/2025-11-20/1760347349.json"
"701111","393980","2025-11-21","215.00","AUD","1760347349","297342/2025-11-21/1760347349.json"
"701111","393980","2025-11-22","215.00","AUD","1760347349","297342/2025-11-22/1760347349.json"
"701111","393980","2025-11-27","215.00","AUD","1760347349","297342/2025-11-27/1760347349.json"
"701111","393980","2025-11-28","215.00","AUD","1760347349","297342/2025-11-28/1760347349.json"
"701111","393980","2025-11-30","215.00","AUD","1760347349","297342/2025-11-30/1760347349.json"
"701111","393980","2025-12-01","215.00","AUD","1760347349","297342/2025-12-01/1760347349.json"
"701111","393980","2025-12-03","215.00","AUD","1760347349","297342/2025-12-03/1760347349.json"
"701111","393980","2025-12-04","215.00","AUD","1760347349","297342/2025-12-04/1760347349.json"
"701111","393980","2025-12-05","215.00","AUD","1760347349","297342/2025-12-05/1760347349.json"
"701111","393980","2025-12-06","215.00","AUD","1760347349","297342/2025-12-06/1760347349.json"
"701111","393980","2025-12-08","215.00","AUD","1760347349","297342/2025-12-08/1760347349.json"
"701111","393980","2025-12-07","215.00","AUD","1760347349","297342/2025-12-07/1760347349.json"
"701111","393980","2025-11-29","215.00","AUD","1760347349","297342/2025-11-29/1760347349.json"
"701111","393980","2025-10-14","240.00","AUD","1760364664","297342/2025-10-14/1760364664.json"
"701111","393980","2025-10-15","240.00","AUD","1760364664","297342/2025-10-15/1760364664.json"
"701111","393980","2025-10-26","240.00","AUD","1760364664","297342/2025-10-26/1760364664.json"
"701111","393980","2025-10-25","240.00","AUD","1760364664","297342/2025-10-25/1760364664.json"
"701111","393980","2025-10-30","240.00","AUD","1760364664","297342/2025-10-30/1760364664.json"
"701111","393980","2025-11-05","215.00","AUD","1760364664","297342/2025-11-05/1760364664.json"
"701111","393980","2025-11-04","215.00","AUD","1760364664","297342/2025-11-04/1760364664.json"
"701111","393980","2025-11-09","215.00","AUD","1760364664","297342/2025-11-09/1760364664.json"
"701111","393980","2025-11-12","215.00","AUD","1760364664","297342/2025-11-12/1760364664.json"
"701111","393980","2025-11-13","215.00","AUD","1760364664","297342/2025-11-13/1760364664.json"
"701111","393980","2025-11-15","215.00","AUD","1760364664","297342/2025-11-15/1760364664.json"
"701111","393980","2025-11-18","215.00","AUD","1760364664","297342/2025-11-18/1760364664.json"
"701111","393980","2025-11-20","215.00","AUD","1760364664","297342/2025-11-20/1760364664.json"
"701111","393980","2025-11-21","215.00","AUD","1760364664","297342/2025-11-21/1760364664.json"
"701111","393980","2025-11-22","215.00","AUD","1760364664","297342/2025-11-22/1760364664.json"
"701111","393980","2025-11-29","215.00","AUD","1760364664","297342/2025-11-29/1760364664.json"
"701111","393980","2025-11-27","215.00","AUD","1760364664","297342/2025-11-27/1760364664.json"
"701111","393980","2025-11-28","215.00","AUD","1760364664","297342/2025-11-28/1760364664.json"
"701111","393980","2025-11-30","215.00","AUD","1760364664","297342/2025-11-30/1760364664.json"
"701111","393980","2025-12-01","215.00","AUD","1760364664","297342/2025-12-01/1760364664.json"
"701111","393980","2025-12-03","215.00","AUD","1760364664","297342/2025-12-03/1760364664.json"
"701111","393980","2025-12-04","215.00","AUD","1760364664","297342/2025-12-04/1760364664.json"
"701111","393980","2025-12-06","215.00","AUD","1760364664","297342/2025-12-06/1760364664.json"
"701111","393980","2025-12-05","215.00","AUD","1760364664","297342/2025-12-05/1760364664.json"
"701111","393980","2025-12-07","215.00","AUD","1760364664","297342/2025-12-07/1760364664.json"
"701111","393980","2025-12-08","215.00","AUD","1760364664","297342/2025-12-08/1760364664.json"
"701111","393980","2025-10-15","240.00","AUD","1760375969","297342/2025-10-15/1760375969.json"
"701111","393980","2025-10-14","240.00","AUD","1760375969","297342/2025-10-14/1760375969.json"
"701111","393980","2025-10-25","240.00","AUD","1760375969","297342/2025-10-25/1760375969.json"
"701111","393980","2025-10-26","240.00","AUD","1760375969","297342/2025-10-26/1760375969.json"
"701111","393980","2025-10-30","240.00","AUD","1760375969","297342/2025-10-30/1760375969.json"
"701111","393980","2025-11-04","215.00","AUD","1760375969","297342/2025-11-04/1760375969.json"
"701111","393980","2025-11-05","215.00","AUD","1760375969","297342/2025-11-05/1760375969.json"
"701111","393980","2025-11-09","215.00","AUD","1760375969","297342/2025-11-09/1760375969.json"
"701111","393980","2025-11-12","215.00","AUD","1760375969","297342/2025-11-12/1760375969.json"
"701111","393980","2025-11-13","215.00","AUD","1760375969","297342/2025-11-13/1760375969.json"
"701111","393980","2025-11-15","215.00","AUD","1760375969","297342/2025-11-15/1760375969.json"
"701111","393980","2025-11-18","215.00","AUD","1760375969","297342/2025-11-18/1760375969.json"
"701111","393980","2025-11-20","215.00","AUD","1760375969","297342/2025-11-20/1760375969.json"
"701111","393980","2025-11-21","215.00","AUD","1760375969","297342/2025-11-21/1760375969.json"
"701111","393980","2025-11-22","215.00","AUD","1760375969","297342/2025-11-22/1760375969.json"
"701111","393980","2025-11-27","215.00","AUD","1760375969","297342/2025-11-27/1760375969.json"
"701111","393980","2025-11-29","215.00","AUD","1760375969","297342/2025-11-29/1760375969.json"
"701111","393980","2025-11-28","215.00","AUD","1760375969","297342/2025-11-28/1760375969.json"
"701111","393980","2025-11-30","215.00","AUD","1760375969","297342/2025-11-30/1760375969.json"
"701111","393980","2025-12-01","215.00","AUD","1760375969","297342/2025-12-01/1760375969.json"
"701111","393980","2025-12-04","215.00","AUD","1760375969","297342/2025-12-04/1760375969.json"
"701111","393980","2025-12-03","215.00","AUD","1760375969","297342/2025-12-03/1760375969.json"
"701111","393980","2025-12-05","215.00","AUD","1760375969","297342/2025-12-05/1760375969.json"
"701111","393980","2025-12-06","215.00","AUD","1760375969","297342/2025-12-06/1760375969.json"
"701111","393980","2025-12-08","215.00","AUD","1760375969","297342/2025-12-08/1760375969.json"
"701111","393980","2025-12-07","215.00","AUD","1760375969","297342/2025-12-07/1760375969.json"
"701111","393980","2025-10-15","240.00","AUD","1760389688","297342/2025-10-15/1760389688.json"
"701111","393980","2025-10-14","240.00","AUD","1760389688","297342/2025-10-14/1760389688.json"
"701111","393980","2025-10-25","240.00","AUD","1760389688","297342/2025-10-25/1760389688.json"
"701111","393980","2025-10-26","240.00","AUD","1760389688","297342/2025-10-26/1760389688.json"
"701111","393980","2025-10-30","240.00","AUD","1760389688","297342/2025-10-30/1760389688.json"
"701111","393980","2025-11-05","215.00","AUD","1760389688","297342/2025-11-05/1760389688.json"
"701111","393980","2025-11-04","215.00","AUD","1760389688","297342/2025-11-04/1760389688.json"
"701111","393980","2025-11-09","215.00","AUD","1760389688","297342/2025-11-09/1760389688.json"
"701111","393980","2025-11-12","215.00","AUD","1760389688","297342/2025-11-12/1760389688.json"
"701111","393980","2025-11-13","215.00","AUD","1760389688","297342/2025-11-13/1760389688.json"
"701111","393980","2025-11-15","215.00","AUD","1760389688","297342/2025-11-15/1760389688.json"
"701111","393980","2025-11-18","215.00","AUD","1760389688","297342/2025-11-18/1760389688.json"
"701111","393980","2025-11-20","215.00","AUD","1760389688","297342/2025-11-20/1760389688.json"
"701111","393980","2025-11-21","215.00","AUD","1760389688","297342/2025-11-21/1760389688.json"
"701111","393980","2025-11-22","215.00","AUD","1760389688","297342/2025-11-22/1760389688.json"
"701111","393980","2025-11-27","215.00","AUD","1760389688","297342/2025-11-27/1760389688.json"
"701111","393980","2025-11-28","215.00","AUD","1760389688","297342/2025-11-28/1760389688.json"
"701111","393980","2025-11-29","215.00","AUD","1760389688","297342/2025-11-29/1760389688.json"
"701111","393980","2025-11-30","215.00","AUD","1760389688","297342/2025-11-30/1760389688.json"
"701111","393980","2025-12-01","215.00","AUD","1760389688","297342/2025-12-01/1760389688.json"
"701111","393980","2025-12-03","215.00","AUD","1760389688","297342/2025-12-03/1760389688.json"
"701111","393980","2025-12-04","215.00","AUD","1760389688","297342/2025-12-04/1760389688.json"
"701111","393980","2025-12-05","215.00","AUD","1760389688","297342/2025-12-05/1760389688.json"
"701111","393980","2025-12-06","215.00","AUD","1760389688","297342/2025-12-06/1760389688.json"
"701111","393980","2025-12-07","215.00","AUD","1760389688","297342/2025-12-07/1760389688.json"
"701111","393980","2025-12-08","215.00","AUD","1760389688","297342/2025-12-08/1760389688.json"
"701111","393980","2025-10-15","240.00","AUD","1760413046","297342/2025-10-15/1760413046.json"
"701111","393980","2025-10-25","240.00","AUD","1760413046","297342/2025-10-25/1760413046.json"
"701111","393980","2025-10-26","240.00","AUD","1760413046","297342/2025-10-26/1760413046.json"
"701111","393980","2025-10-30","240.00","AUD","1760413046","297342/2025-10-30/1760413046.json"
"701111","393980","2025-11-04","215.00","AUD","1760413046","297342/2025-11-04/1760413046.json"
"701111","393980","2025-11-05","215.00","AUD","1760413046","297342/2025-11-05/1760413046.json"
"701111","393980","2025-11-09","215.00","AUD","1760413046","297342/2025-11-09/1760413046.json"
"701111","393980","2025-11-12","215.00","AUD","1760413046","297342/2025-11-12/1760413046.json"
"701111","393980","2025-11-13","215.00","AUD","1760413046","297342/2025-11-13/1760413046.json"
"701111","393980","2025-11-15","215.00","AUD","1760413046","297342/2025-11-15/1760413046.json"
"701111","393980","2025-11-18","215.00","AUD","1760413046","297342/2025-11-18/1760413046.json"
"701111","393980","2025-11-20","215.00","AUD","1760413046","297342/2025-11-20/1760413046.json"
"701111","393980","2025-11-22","215.00","AUD","1760413046","297342/2025-11-22/1760413046.json"
"701111","393980","2025-11-21","215.00","AUD","1760413046","297342/2025-11-21/1760413046.json"
"701111","393980","2025-11-27","215.00","AUD","1760413046","297342/2025-11-27/1760413046.json"
"701111","393980","2025-11-28","215.00","AUD","1760413046","297342/2025-11-28/1760413046.json"
"701111","393980","2025-11-30","215.00","AUD","1760413046","297342/2025-11-30/1760413046.json"
"701111","393980","2025-11-29","215.00","AUD","1760413046","297342/2025-11-29/1760413046.json"
"701111","393980","2025-12-01","215.00","AUD","1760413046","297342/2025-12-01/1760413046.json"
"701111","393980","2025-12-03","215.00","AUD","1760413046","297342/2025-12-03/1760413046.json"
"701111","393980","2025-12-04","215.00","AUD","1760413046","297342/2025-12-04/1760413046.json"
"701111","393980","2025-12-05","215.00","AUD","1760413046","297342/2025-12-05/1760413046.json"
"701111","393980","2025-12-06","215.00","AUD","1760413046","297342/2025-12-06/1760413046.json"
"701111","393980","2025-12-07","215.00","AUD","1760413046","297342/2025-12-07/1760413046.json"
"701111","393980","2025-12-08","215.00","AUD","1760413046","297342/2025-12-08/1760413046.json"
"701111","393980","2025-12-13","215.00","AUD","1760413046","297342/2025-12-13/1760413046.json"
"701111","393980","2025-10-15","240.00","AUD","1760418595","297342/2025-10-15/1760418595.json"
"701111","393980","2025-10-25","240.00","AUD","1760418595","297342/2025-10-25/1760418595.json"
"701111","393980","2025-10-26","240.00","AUD","1760418595","297342/2025-10-26/1760418595.json"
"701111","393980","2025-10-30","240.00","AUD","1760418595","297342/2025-10-30/1760418595.json"
"701111","393980","2025-11-05","215.00","AUD","1760418595","297342/2025-11-05/1760418595.json"
"701111","393980","2025-11-04","215.00","AUD","1760418595","297342/2025-11-04/1760418595.json"
"701111","393980","2025-11-09","215.00","AUD","1760418595","297342/2025-11-09/1760418595.json"
"701111","393980","2025-11-12","215.00","AUD","1760418595","297342/2025-11-12/1760418595.json"
"701111","393980","2025-11-13","215.00","AUD","1760418595","297342/2025-11-13/1760418595.json"
"701111","393980","2025-11-15","215.00","AUD","1760418595","297342/2025-11-15/1760418595.json"
"701111","393980","2025-11-18","215.00","AUD","1760418595","297342/2025-11-18/1760418595.json"
"701111","393980","2025-11-20","215.00","AUD","1760418595","297342/2025-11-20/1760418595.json"
"701111","393980","2025-11-21","215.00","AUD","1760418595","297342/2025-11-21/1760418595.json"
"701111","393980","2025-11-22","215.00","AUD","1760418595","297342/2025-11-22/1760418595.json"
"701111","393980","2025-11-27","215.00","AUD","1760418595","297342/2025-11-27/1760418595.json"
"701111","393980","2025-11-28","215.00","AUD","1760418595","297342/2025-11-28/1760418595.json"
"701111","393980","2025-11-29","215.00","AUD","1760418595","297342/2025-11-29/1760418595.json"
"701111","393980","2025-11-30","215.00","AUD","1760418595","297342/2025-11-30/1760418595.json"
"701111","393980","2025-12-01","215.00","AUD","1760418595","297342/2025-12-01/1760418595.json"
"701111","393980","2025-12-03","215.00","AUD","1760418595","297342/2025-12-03/1760418595.json"
"701111","393980","2025-12-04","215.00","AUD","1760418595","297342/2025-12-04/1760418595.json"
"701111","393980","2025-12-06","215.00","AUD","1760418595","297342/2025-12-06/1760418595.json"
"701111","393980","2025-12-05","215.00","AUD","1760418595","297342/2025-12-05/1760418595.json"
"701111","393980","2025-12-07","215.00","AUD","1760418595","297342/2025-12-07/1760418595.json"
"701111","393980","2025-12-08","215.00","AUD","1760418595","297342/2025-12-08/1760418595.json"
"701111","393980","2025-12-13","215.00","AUD","1760418595","297342/2025-12-13/1760418595.json"
"701111","393980","2025-10-15","240.00","AUD","1760433255","297342/2025-10-15/1760433255.json"
"701111","393980","2025-10-25","240.00","AUD","1760433255","297342/2025-10-25/1760433255.json"
"701111","393980","2025-10-26","240.00","AUD","1760433255","297342/2025-10-26/1760433255.json"
"701111","393980","2025-10-30","240.00","AUD","1760433255","297342/2025-10-30/1760433255.json"
"701111","393980","2025-11-04","215.00","AUD","1760433255","297342/2025-11-04/1760433255.json"
"701111","393980","2025-11-05","215.00","AUD","1760433255","297342/2025-11-05/1760433255.json"
"701111","393980","2025-11-09","215.00","AUD","1760433255","297342/2025-11-09/1760433255.json"
"701111","393980","2025-11-12","215.00","AUD","1760433255","297342/2025-11-12/1760433255.json"
"701111","393980","2025-11-13","215.00","AUD","1760433255","297342/2025-11-13/1760433255.json"
"701111","393980","2025-11-15","215.00","AUD","1760433255","297342/2025-11-15/1760433255.json"
"701111","393980","2025-11-18","215.00","AUD","1760433255","297342/2025-11-18/1760433255.json"
"701111","393980","2025-11-21","215.00","AUD","1760433255","297342/2025-11-21/1760433255.json"
"701111","393980","2025-11-20","215.00","AUD","1760433255","297342/2025-11-20/1760433255.json"
"701111","393980","2025-11-22","215.00","AUD","1760433255","297342/2025-11-22/1760433255.json"
"701111","393980","2025-11-27","215.00","AUD","1760433255","297342/2025-11-27/1760433255.json"
"701111","393980","2025-11-28","215.00","AUD","1760433255","297342/2025-11-28/1760433255.json"
"701111","393980","2025-11-29","215.00","AUD","1760433255","297342/2025-11-29/1760433255.json"
"701111","393980","2025-11-30","215.00","AUD","1760433255","297342/2025-11-30/1760433255.json"
"701111","393980","2025-12-01","215.00","AUD","1760433255","297342/2025-12-01/1760433255.json"
"701111","393980","2025-12-04","215.00","AUD","1760433255","297342/2025-12-04/1760433255.json"
"701111","393980","2025-12-03","215.00","AUD","1760433255","297342/2025-12-03/1760433255.json"
"701111","393980","2025-12-05","215.00","AUD","1760433255","297342/2025-12-05/1760433255.json"
"701111","393980","2025-12-06","215.00","AUD","1760433255","297342/2025-12-06/1760433255.json"
"701111","393980","2025-12-07","215.00","AUD","1760433255","297342/2025-12-07/1760433255.json"
"701111","393980","2025-12-08","215.00","AUD","1760433255","297342/2025-12-08/1760433255.json"
"701111","393980","2025-12-13","215.00","AUD","1760433255","297342/2025-12-13/1760433255.json"
"701111","393980","2025-10-15","240.00","AUD","1760450961","297342/2025-10-15/1760450961.json"
"701111","393980","2025-10-26","240.00","AUD","1760450961","297342/2025-10-26/1760450961.json"
"701111","393980","2025-10-25","240.00","AUD","1760450961","297342/2025-10-25/1760450961.json"
"701111","393980","2025-10-30","240.00","AUD","1760450961","297342/2025-10-30/1760450961.json"
"701111","393980","2025-11-04","215.00","AUD","1760450961","297342/2025-11-04/1760450961.json"
"701111","393980","2025-11-05","215.00","AUD","1760450961","297342/2025-11-05/1760450961.json"
"701111","393980","2025-11-09","215.00","AUD","1760450961","297342/2025-11-09/1760450961.json"
"701111","393980","2025-11-12","215.00","AUD","1760450961","297342/2025-11-12/1760450961.json"
"701111","393980","2025-11-13","215.00","AUD","1760450961","297342/2025-11-13/1760450961.json"
"701111","393980","2025-11-15","215.00","AUD","1760450961","297342/2025-11-15/1760450961.json"
"701111","393980","2025-11-18","215.00","AUD","1760450961","297342/2025-11-18/1760450961.json"
"701111","393980","2025-11-20","215.00","AUD","1760450961","297342/2025-11-20/1760450961.json"
"701111","393980","2025-11-21","215.00","AUD","1760450961","297342/2025-11-21/1760450961.json"
"701111","393980","2025-11-22","215.00","AUD","1760450961","297342/2025-11-22/1760450961.json"
"701111","393980","2025-11-27","215.00","AUD","1760450961","297342/2025-11-27/1760450961.json"
"701111","393980","2025-11-28","215.00","AUD","1760450961","297342/2025-11-28/1760450961.json"
"701111","393980","2025-11-29","215.00","AUD","1760450961","297342/2025-11-29/1760450961.json"
"701111","393980","2025-11-30","215.00","AUD","1760450961","297342/2025-11-30/1760450961.json"
"701111","393980","2025-12-01","215.00","AUD","1760450961","297342/2025-12-01/1760450961.json"
"701111","393980","2025-12-03","215.00","AUD","1760450961","297342/2025-12-03/1760450961.json"
"701111","393980","2025-12-04","215.00","AUD","1760450961","297342/2025-12-04/1760450961.json"
"701111","393980","2025-12-06","215.00","AUD","1760450961","297342/2025-12-06/1760450961.json"
"701111","393980","2025-12-05","215.00","AUD","1760450961","297342/2025-12-05/1760450961.json"
"701111","393980","2025-12-07","215.00","AUD","1760450961","297342/2025-12-07/1760450961.json"
"701111","393980","2025-12-08","215.00","AUD","1760450961","297342/2025-12-08/1760450961.json"
"701111","393980","2025-12-13","215.00","AUD","1760450961","297342/2025-12-13/1760450961.json"
"701111","393980","2025-10-15","240.00","AUD","1760462377","297342/2025-10-15/1760462377.json"
"701111","393980","2025-10-25","240.00","AUD","1760462377","297342/2025-10-25/1760462377.json"
"701111","393980","2025-10-26","240.00","AUD","1760462377","297342/2025-10-26/1760462377.json"
"701111","393980","2025-10-30","240.00","AUD","1760462377","297342/2025-10-30/1760462377.json"
"701111","393980","2025-11-05","215.00","AUD","1760462377","297342/2025-11-05/1760462377.json"
"701111","393980","2025-11-04","215.00","AUD","1760462377","297342/2025-11-04/1760462377.json"
"701111","393980","2025-11-09","215.00","AUD","1760462377","297342/2025-11-09/1760462377.json"
"701111","393980","2025-11-12","215.00","AUD","1760462377","297342/2025-11-12/1760462377.json"
"701111","393980","2025-11-13","215.00","AUD","1760462377","297342/2025-11-13/1760462377.json"
"701111","393980","2025-11-15","215.00","AUD","1760462377","297342/2025-11-15/1760462377.json"
"701111","393980","2025-11-18","215.00","AUD","1760462377","297342/2025-11-18/1760462377.json"
"701111","393980","2025-11-20","215.00","AUD","1760462377","297342/2025-11-20/1760462377.json"
"701111","393980","2025-11-21","215.00","AUD","1760462377","297342/2025-11-21/1760462377.json"
"701111","393980","2025-11-22","215.00","AUD","1760462377","297342/2025-11-22/1760462377.json"
"701111","393980","2025-11-27","215.00","AUD","1760462377","297342/2025-11-27/1760462377.json"
"701111","393980","2025-11-28","215.00","AUD","1760462377","297342/2025-11-28/1760462377.json"
"701111","393980","2025-11-29","215.00","AUD","1760462377","297342/2025-11-29/1760462377.json"
"701111","393980","2025-11-30","215.00","AUD","1760462377","297342/2025-11-30/1760462377.json"
"701111","393980","2025-12-01","215.00","AUD","1760462377","297342/2025-12-01/1760462377.json"
"701111","393980","2025-12-03","215.00","AUD","1760462377","297342/2025-12-03/1760462377.json"
"701111","393980","2025-12-04","215.00","AUD","1760462377","297342/2025-12-04/1760462377.json"
"701111","393980","2025-12-05","215.00","AUD","1760462377","297342/2025-12-05/1760462377.json"
"701111","393980","2025-12-07","215.00","AUD","1760462377","297342/2025-12-07/1760462377.json"
"701111","393980","2025-12-06","215.00","AUD","1760462377","297342/2025-12-06/1760462377.json"
"701111","393980","2025-12-08","215.00","AUD","1760462377","297342/2025-12-08/1760462377.json"
"701111","393980","2025-12-13","215.00","AUD","1760462377","297342/2025-12-13/1760462377.json"
"701111","393980","2025-10-15","240.00","AUD","1760476079","297342/2025-10-15/1760476079.json"
"701111","393980","2025-10-25","240.00","AUD","1760476079","297342/2025-10-25/1760476079.json"
"701111","393980","2025-10-26","240.00","AUD","1760476079","297342/2025-10-26/1760476079.json"
"701111","393980","2025-10-30","240.00","AUD","1760476079","297342/2025-10-30/1760476079.json"
"701111","393980","2025-11-05","215.00","AUD","1760476079","297342/2025-11-05/1760476079.json"
"701111","393980","2025-11-04","215.00","AUD","1760476079","297342/2025-11-04/1760476079.json"
"701111","393980","2025-11-09","215.00","AUD","1760476079","297342/2025-11-09/1760476079.json"
"701111","393980","2025-11-12","215.00","AUD","1760476079","297342/2025-11-12/1760476079.json"
"701111","393980","2025-11-13","215.00","AUD","1760476079","297342/2025-11-13/1760476079.json"
"701111","393980","2025-11-15","215.00","AUD","1760476079","297342/2025-11-15/1760476079.json"
"701111","393980","2025-11-20","215.00","AUD","1760476079","297342/2025-11-20/1760476079.json"
"701111","393980","2025-11-18","215.00","AUD","1760476079","297342/2025-11-18/1760476079.json"
"701111","393980","2025-11-21","215.00","AUD","1760476079","297342/2025-11-21/1760476079.json"
"701111","393980","2025-11-22","215.00","AUD","1760476079","297342/2025-11-22/1760476079.json"
"701111","393980","2025-11-28","215.00","AUD","1760476079","297342/2025-11-28/1760476079.json"
"701111","393980","2025-11-29","215.00","AUD","1760476079","297342/2025-11-29/1760476079.json"
"701111","393980","2025-11-27","215.00","AUD","1760476079","297342/2025-11-27/1760476079.json"
"701111","393980","2025-11-30","215.00","AUD","1760476079","297342/2025-11-30/1760476079.json"
"701111","393980","2025-12-01","215.00","AUD","1760476079","297342/2025-12-01/1760476079.json"
"701111","393980","2025-12-03","215.00","AUD","1760476079","297342/2025-12-03/1760476079.json"
"701111","393980","2025-12-05","215.00","AUD","1760476079","297342/2025-12-05/1760476079.json"
"701111","393980","2025-12-04","215.00","AUD","1760476079","297342/2025-12-04/1760476079.json"
"701111","393980","2025-12-06","215.00","AUD","1760476079","297342/2025-12-06/1760476079.json"
"701111","393980","2025-12-07","215.00","AUD","1760476079","297342/2025-12-07/1760476079.json"
"701111","393980","2025-12-08","215.00","AUD","1760476079","297342/2025-12-08/1760476079.json"
"701111","393980","2025-12-13","215.00","AUD","1760476079","297342/2025-12-13/1760476079.json"
"701111","393980","2025-10-26","240.00","AUD","1760499802","297342/2025-10-26/1760499802.json"
"701111","393980","2025-10-25","240.00","AUD","1760499802","297342/2025-10-25/1760499802.json"
"701111","393980","2025-10-30","240.00","AUD","1760499802","297342/2025-10-30/1760499802.json"
"701111","393980","2025-11-04","215.00","AUD","1760499802","297342/2025-11-04/1760499802.json"
"701111","393980","2025-11-05","215.00","AUD","1760499802","297342/2025-11-05/1760499802.json"
"701111","393980","2025-11-09","215.00","AUD","1760499802","297342/2025-11-09/1760499802.json"
"701111","393980","2025-11-12","215.00","AUD","1760499802","297342/2025-11-12/1760499802.json"
"701111","393980","2025-11-13","215.00","AUD","1760499802","297342/2025-11-13/1760499802.json"
"701111","393980","2025-11-15","215.00","AUD","1760499802","297342/2025-11-15/1760499802.json"
"701111","393980","2025-11-20","215.00","AUD","1760499802","297342/2025-11-20/1760499802.json"
"701111","393980","2025-11-21","215.00","AUD","1760499802","297342/2025-11-21/1760499802.json"
"701111","393980","2025-11-18","215.00","AUD","1760499802","297342/2025-11-18/1760499802.json"
"701111","393980","2025-11-22","215.00","AUD","1760499802","297342/2025-11-22/1760499802.json"
"701111","393980","2025-11-28","215.00","AUD","1760499802","297342/2025-11-28/1760499802.json"
"701111","393980","2025-11-29","215.00","AUD","1760499802","297342/2025-11-29/1760499802.json"
"701111","393980","2025-11-27","215.00","AUD","1760499802","297342/2025-11-27/1760499802.json"
"701111","393980","2025-11-30","215.00","AUD","1760499802","297342/2025-11-30/1760499802.json"
"701111","393980","2025-12-01","215.00","AUD","1760499802","297342/2025-12-01/1760499802.json"
"701111","393980","2025-12-04","215.00","AUD","1760499802","297342/2025-12-04/1760499802.json"
"701111","393980","2025-12-03","215.00","AUD","1760499802","297342/2025-12-03/1760499802.json"
"701111","393980","2025-12-05","215.00","AUD","1760499802","297342/2025-12-05/1760499802.json"
"701111","393980","2025-12-06","215.00","AUD","1760499802","297342/2025-12-06/1760499802.json"
"701111","393980","2025-12-08","215.00","AUD","1760499802","297342/2025-12-08/1760499802.json"
"701111","393980","2025-12-07","215.00","AUD","1760499802","297342/2025-12-07/1760499802.json"
"701111","393980","2025-12-14","215.00","AUD","1760499802","297342/2025-12-14/1760499802.json"
"701111","393980","2025-12-13","215.00","AUD","1760499802","297342/2025-12-13/1760499802.json"
"701111","393980","2025-10-26","240.00","AUD","1760505126","297342/2025-10-26/1760505126.json"
"701111","393980","2025-10-25","240.00","AUD","1760505126","297342/2025-10-25/1760505126.json"
"701111","393980","2025-10-30","240.00","AUD","1760505126","297342/2025-10-30/1760505126.json"
"701111","393980","2025-11-04","215.00","AUD","1760505126","297342/2025-11-04/1760505126.json"
"701111","393980","2025-11-05","215.00","AUD","1760505126","297342/2025-11-05/1760505126.json"
"701111","393980","2025-11-12","215.00","AUD","1760505126","297342/2025-11-12/1760505126.json"
"701111","393980","2025-11-13","215.00","AUD","1760505126","297342/2025-11-13/1760505126.json"
"701111","393980","2025-11-15","215.00","AUD","1760505126","297342/2025-11-15/1760505126.json"
"701111","393980","2025-11-18","215.00","AUD","1760505126","297342/2025-11-18/1760505126.json"
"701111","393980","2025-11-20","215.00","AUD","1760505126","297342/2025-11-20/1760505126.json"
"701111","393980","2025-11-21","215.00","AUD","1760505126","297342/2025-11-21/1760505126.json"
"701111","393980","2025-11-22","215.00","AUD","1760505126","297342/2025-11-22/1760505126.json"
"701111","393980","2025-11-27","215.00","AUD","1760505126","297342/2025-11-27/1760505126.json"
"701111","393980","2025-11-09","215.00","AUD","1760505126","297342/2025-11-09/1760505126.json"
"701111","393980","2025-11-28","215.00","AUD","1760505126","297342/2025-11-28/1760505126.json"
"701111","393980","2025-11-29","215.00","AUD","1760505126","297342/2025-11-29/1760505126.json"
"701111","393980","2025-11-30","215.00","AUD","1760505126","297342/2025-11-30/1760505126.json"
"701111","393980","2025-12-01","215.00","AUD","1760505126","297342/2025-12-01/1760505126.json"
"701111","393980","2025-12-03","215.00","AUD","1760505126","297342/2025-12-03/1760505126.json"
"701111","393980","2025-12-05","215.00","AUD","1760505126","297342/2025-12-05/1760505126.json"
"701111","393980","2025-12-04","215.00","AUD","1760505126","297342/2025-12-04/1760505126.json"
"701111","393980","2025-12-06","215.00","AUD","1760505126","297342/2025-12-06/1760505126.json"
"701111","393980","2025-12-07","215.00","AUD","1760505126","297342/2025-12-07/1760505126.json"
"701111","393980","2025-12-08","215.00","AUD","1760505126","297342/2025-12-08/1760505126.json"
"701111","393980","2025-12-13","215.00","AUD","1760505126","297342/2025-12-13/1760505126.json"
"701111","393980","2025-12-14","215.00","AUD","1760505126","297342/2025-12-14/1760505126.json"
"701111","393980","2025-10-25","240.00","AUD","1760520210","297342/2025-10-25/1760520210.json"
"701111","393980","2025-10-26","240.00","AUD","1760520210","297342/2025-10-26/1760520210.json"
"701111","393980","2025-10-30","240.00","AUD","1760520210","297342/2025-10-30/1760520210.json"
"701111","393980","2025-11-04","215.00","AUD","1760520210","297342/2025-11-04/1760520210.json"
"701111","393980","2025-11-05","215.00","AUD","1760520210","297342/2025-11-05/1760520210.json"
"701111","393980","2025-11-09","215.00","AUD","1760520210","297342/2025-11-09/1760520210.json"
"701111","393980","2025-11-12","215.00","AUD","1760520210","297342/2025-11-12/1760520210.json"
"701111","393980","2025-11-13","215.00","AUD","1760520210","297342/2025-11-13/1760520210.json"
"701111","393980","2025-11-15","215.00","AUD","1760520210","297342/2025-11-15/1760520210.json"
"701111","393980","2025-11-18","215.00","AUD","1760520210","297342/2025-11-18/1760520210.json"
"701111","393980","2025-11-20","215.00","AUD","1760520210","297342/2025-11-20/1760520210.json"
"701111","393980","2025-11-21","215.00","AUD","1760520210","297342/2025-11-21/1760520210.json"
"701111","393980","2025-11-22","215.00","AUD","1760520210","297342/2025-11-22/1760520210.json"
"701111","393980","2025-11-27","215.00","AUD","1760520210","297342/2025-11-27/1760520210.json"
"701111","393980","2025-11-28","215.00","AUD","1760520210","297342/2025-11-28/1760520210.json"
"701111","393980","2025-11-29","215.00","AUD","1760520210","297342/2025-11-29/1760520210.json"
"701111","393980","2025-11-30","215.00","AUD","1760520210","297342/2025-11-30/1760520210.json"
"701111","393980","2025-12-01","215.00","AUD","1760520210","297342/2025-12-01/1760520210.json"
"701111","393980","2025-12-03","215.00","AUD","1760520210","297342/2025-12-03/1760520210.json"
"701111","393980","2025-12-06","215.00","AUD","1760520210","297342/2025-12-06/1760520210.json"
"701111","393980","2025-12-04","215.00","AUD","1760520210","297342/2025-12-04/1760520210.json"
"701111","393980","2025-12-07","215.00","AUD","1760520210","297342/2025-12-07/1760520210.json"
"701111","393980","2025-12-08","215.00","AUD","1760520210","297342/2025-12-08/1760520210.json"
"701111","393980","2025-12-05","215.00","AUD","1760520210","297342/2025-12-05/1760520210.json"
"701111","393980","2025-12-13","215.00","AUD","1760520210","297342/2025-12-13/1760520210.json"
"701111","393980","2025-12-14","215.00","AUD","1760520210","297342/2025-12-14/1760520210.json"
"701111","393980","2025-10-26","240.00","AUD","1760537829","297342/2025-10-26/1760537829.json"
"701111","393980","2025-10-25","240.00","AUD","1760537829","297342/2025-10-25/1760537829.json"
"701111","393980","2025-10-30","240.00","AUD","1760537829","297342/2025-10-30/1760537829.json"
"701111","393980","2025-11-04","215.00","AUD","1760537829","297342/2025-11-04/1760537829.json"
"701111","393980","2025-11-05","215.00","AUD","1760537829","297342/2025-11-05/1760537829.json"
"701111","393980","2025-11-09","215.00","AUD","1760537829","297342/2025-11-09/1760537829.json"
"701111","393980","2025-11-12","215.00","AUD","1760537829","297342/2025-11-12/1760537829.json"
"701111","393980","2025-11-13","215.00","AUD","1760537829","297342/2025-11-13/1760537829.json"
"701111","393980","2025-11-15","215.00","AUD","1760537829","297342/2025-11-15/1760537829.json"
"701111","393980","2025-11-18","215.00","AUD","1760537829","297342/2025-11-18/1760537829.json"
"701111","393980","2025-11-20","215.00","AUD","1760537829","297342/2025-11-20/1760537829.json"
"701111","393980","2025-11-21","215.00","AUD","1760537829","297342/2025-11-21/1760537829.json"
"701111","393980","2025-11-22","215.00","AUD","1760537829","297342/2025-11-22/1760537829.json"
"701111","393980","2025-11-28","215.00","AUD","1760537829","297342/2025-11-28/1760537829.json"
"701111","393980","2025-11-27","215.00","AUD","1760537829","297342/2025-11-27/1760537829.json"
"701111","393980","2025-11-29","215.00","AUD","1760537829","297342/2025-11-29/1760537829.json"
"701111","393980","2025-11-30","215.00","AUD","1760537829","297342/2025-11-30/1760537829.json"
"701111","393980","2025-12-01","215.00","AUD","1760537829","297342/2025-12-01/1760537829.json"
"701111","393980","2025-12-03","215.00","AUD","1760537829","297342/2025-12-03/1760537829.json"
"701111","393980","2025-12-04","215.00","AUD","1760537829","297342/2025-12-04/1760537829.json"
"701111","393980","2025-12-05","215.00","AUD","1760537829","297342/2025-12-05/1760537829.json"
"701111","393980","2025-12-06","215.00","AUD","1760537829","297342/2025-12-06/1760537829.json"
"701111","393980","2025-12-07","215.00","AUD","1760537829","297342/2025-12-07/1760537829.json"
"701111","393980","2025-12-08","215.00","AUD","1760537829","297342/2025-12-08/1760537829.json"
"701111","393980","2025-12-13","215.00","AUD","1760537829","297342/2025-12-13/1760537829.json"
"701111","393980","2025-12-14","215.00","AUD","1760537829","297342/2025-12-14/1760537829.json"
"701111","393980","2025-10-25","240.00","AUD","1760548750","297342/2025-10-25/1760548750.json"
"701111","393980","2025-10-26","240.00","AUD","1760548750","297342/2025-10-26/1760548750.json"
"701111","393980","2025-10-30","240.00","AUD","1760548750","297342/2025-10-30/1760548750.json"
"701111","393980","2025-11-04","215.00","AUD","1760548750","297342/2025-11-04/1760548750.json"
"701111","393980","2025-11-05","215.00","AUD","1760548750","297342/2025-11-05/1760548750.json"
"701111","393980","2025-11-09","215.00","AUD","1760548750","297342/2025-11-09/1760548750.json"
"701111","393980","2025-11-12","215.00","AUD","1760548750","297342/2025-11-12/1760548750.json"
"701111","393980","2025-11-13","215.00","AUD","1760548750","297342/2025-11-13/1760548750.json"
"701111","393980","2025-11-15","215.00","AUD","1760548750","297342/2025-11-15/1760548750.json"
"701111","393980","2025-11-18","215.00","AUD","1760548750","297342/2025-11-18/1760548750.json"
"701111","393980","2025-11-20","215.00","AUD","1760548750","297342/2025-11-20/1760548750.json"
"701111","393980","2025-11-21","215.00","AUD","1760548750","297342/2025-11-21/1760548750.json"
"701111","393980","2025-11-27","215.00","AUD","1760548750","297342/2025-11-27/1760548750.json"
"701111","393980","2025-11-22","215.00","AUD","1760548750","297342/2025-11-22/1760548750.json"
"701111","393980","2025-11-28","215.00","AUD","1760548750","297342/2025-11-28/1760548750.json"
"701111","393980","2025-11-29","215.00","AUD","1760548750","297342/2025-11-29/1760548750.json"
"701111","393980","2025-11-30","215.00","AUD","1760548750","297342/2025-11-30/1760548750.json"
"701111","393980","2025-12-01","215.00","AUD","1760548750","297342/2025-12-01/1760548750.json"
"701111","393980","2025-12-03","215.00","AUD","1760548750","297342/2025-12-03/1760548750.json"
"701111","393980","2025-12-04","215.00","AUD","1760548750","297342/2025-12-04/1760548750.json"
"701111","393980","2025-12-06","215.00","AUD","1760548750","297342/2025-12-06/1760548750.json"
"701111","393980","2025-12-05","215.00","AUD","1760548750","297342/2025-12-05/1760548750.json"
"701111","393980","2025-12-07","215.00","AUD","1760548750","297342/2025-12-07/1760548750.json"
"701111","393980","2025-12-08","215.00","AUD","1760548750","297342/2025-12-08/1760548750.json"
"701111","393980","2025-12-13","215.00","AUD","1760548750","297342/2025-12-13/1760548750.json"
"701111","393980","2025-12-14","215.00","AUD","1760548750","297342/2025-12-14/1760548750.json"
"701111","393980","2025-10-26","240.00","AUD","1760562564","297342/2025-10-26/1760562564.json"
"701111","393980","2025-10-25","240.00","AUD","1760562564","297342/2025-10-25/1760562564.json"
"701111","393980","2025-10-30","240.00","AUD","1760562564","297342/2025-10-30/1760562564.json"
"701111","393980","2025-11-04","215.00","AUD","1760562564","297342/2025-11-04/1760562564.json"
"701111","393980","2025-11-05","215.00","AUD","1760562564","297342/2025-11-05/1760562564.json"
"701111","393980","2025-11-09","215.00","AUD","1760562564","297342/2025-11-09/1760562564.json"
"701111","393980","2025-11-13","215.00","AUD","1760562564","297342/2025-11-13/1760562564.json"
"701111","393980","2025-11-12","215.00","AUD","1760562564","297342/2025-11-12/1760562564.json"
"701111","393980","2025-11-15","215.00","AUD","1760562564","297342/2025-11-15/1760562564.json"
"701111","393980","2025-11-20","215.00","AUD","1760562564","297342/2025-11-20/1760562564.json"
"701111","393980","2025-11-18","215.00","AUD","1760562564","297342/2025-11-18/1760562564.json"
"701111","393980","2025-11-21","215.00","AUD","1760562564","297342/2025-11-21/1760562564.json"
"701111","393980","2025-11-22","215.00","AUD","1760562564","297342/2025-11-22/1760562564.json"
"701111","393980","2025-11-27","215.00","AUD","1760562564","297342/2025-11-27/1760562564.json"
"701111","393980","2025-11-28","215.00","AUD","1760562564","297342/2025-11-28/1760562564.json"
"701111","393980","2025-11-29","215.00","AUD","1760562564","297342/2025-11-29/1760562564.json"
"701111","393980","2025-11-30","215.00","AUD","1760562564","297342/2025-11-30/1760562564.json"
"701111","393980","2025-12-03","215.00","AUD","1760562564","297342/2025-12-03/1760562564.json"
"701111","393980","2025-12-01","215.00","AUD","1760562564","297342/2025-12-01/1760562564.json"
"701111","393980","2025-12-04","215.00","AUD","1760562564","297342/2025-12-04/1760562564.json"
"701111","393980","2025-12-05","215.00","AUD","1760562564","297342/2025-12-05/1760562564.json"
"701111","393980","2025-12-06","215.00","AUD","1760562564","297342/2025-12-06/1760562564.json"
"701111","393980","2025-12-08","215.00","AUD","1760562564","297342/2025-12-08/1760562564.json"
"701111","393980","2025-12-07","215.00","AUD","1760562564","297342/2025-12-07/1760562564.json"
"701111","393980","2025-12-13","215.00","AUD","1760562564","297342/2025-12-13/1760562564.json"
"701111","393980","2025-12-14","215.00","AUD","1760562564","297342/2025-12-14/1760562564.json"
"701111","393980","2025-10-18","240.00","AUD","1760586131","297342/2025-10-18/1760586131.json"
"701111","393980","2025-10-17","240.00","AUD","1760586131","297342/2025-10-17/1760586131.json"
"701111","393980","2025-10-26","240.00","AUD","1760586131","297342/2025-10-26/1760586131.json"
"701111","393980","2025-10-25","240.00","AUD","1760586131","297342/2025-10-25/1760586131.json"
"701111","393980","2025-10-30","240.00","AUD","1760586131","297342/2025-10-30/1760586131.json"
"701111","393980","2025-11-04","215.00","AUD","1760586131","297342/2025-11-04/1760586131.json"
"701111","393980","2025-11-05","215.00","AUD","1760586131","297342/2025-11-05/1760586131.json"
"701111","393980","2025-11-12","215.00","AUD","1760586131","297342/2025-11-12/1760586131.json"
"701111","393980","2025-11-09","215.00","AUD","1760586131","297342/2025-11-09/1760586131.json"
"701111","393980","2025-11-15","215.00","AUD","1760586131","297342/2025-11-15/1760586131.json"
"701111","393980","2025-11-13","215.00","AUD","1760586131","297342/2025-11-13/1760586131.json"
"701111","393980","2025-11-18","215.00","AUD","1760586131","297342/2025-11-18/1760586131.json"
"701111","393980","2025-11-20","215.00","AUD","1760586131","297342/2025-11-20/1760586131.json"
"701111","393980","2025-11-22","215.00","AUD","1760586131","297342/2025-11-22/1760586131.json"
"701111","393980","2025-11-21","215.00","AUD","1760586131","297342/2025-11-21/1760586131.json"
"701111","393980","2025-11-27","215.00","AUD","1760586131","297342/2025-11-27/1760586131.json"
"701111","393980","2025-11-28","215.00","AUD","1760586131","297342/2025-11-28/1760586131.json"
"701111","393980","2025-11-30","215.00","AUD","1760586131","297342/2025-11-30/1760586131.json"
"701111","393980","2025-11-29","215.00","AUD","1760586131","297342/2025-11-29/1760586131.json"
"701111","393980","2025-12-01","215.00","AUD","1760586131","297342/2025-12-01/1760586131.json"
"701111","393980","2025-12-03","215.00","AUD","1760586131","297342/2025-12-03/1760586131.json"
"701111","393980","2025-12-05","215.00","AUD","1760586131","297342/2025-12-05/1760586131.json"
"701111","393980","2025-12-04","215.00","AUD","1760586131","297342/2025-12-04/1760586131.json"
"701111","393980","2025-12-06","215.00","AUD","1760586131","297342/2025-12-06/1760586131.json"
"701111","393980","2025-12-07","215.00","AUD","1760586131","297342/2025-12-07/1760586131.json"
"701111","393980","2025-12-08","215.00","AUD","1760586131","297342/2025-12-08/1760586131.json"
"701111","393980","2025-12-13","215.00","AUD","1760586131","297342/2025-12-13/1760586131.json"
"701111","393980","2025-12-14","215.00","AUD","1760586131","297342/2025-12-14/1760586131.json"
"701111","393980","2025-12-15","215.00","AUD","1760586131","297342/2025-12-15/1760586131.json"
"701111","393980","2025-10-18","240.00","AUD","1760591402","297342/2025-10-18/1760591402.json"
"701111","393980","2025-10-17","240.00","AUD","1760591402","297342/2025-10-17/1760591402.json"
"701111","393980","2025-10-25","240.00","AUD","1760591402","297342/2025-10-25/1760591402.json"
"701111","393980","2025-10-26","240.00","AUD","1760591402","297342/2025-10-26/1760591402.json"
"701111","393980","2025-10-30","240.00","AUD","1760591402","297342/2025-10-30/1760591402.json"
"701111","393980","2025-11-04","215.00","AUD","1760591402","297342/2025-11-04/1760591402.json"
"701111","393980","2025-11-05","215.00","AUD","1760591402","297342/2025-11-05/1760591402.json"
"701111","393980","2025-11-09","215.00","AUD","1760591402","297342/2025-11-09/1760591402.json"
"701111","393980","2025-11-12","215.00","AUD","1760591402","297342/2025-11-12/1760591402.json"
"701111","393980","2025-11-13","215.00","AUD","1760591402","297342/2025-11-13/1760591402.json"
"701111","393980","2025-11-15","215.00","AUD","1760591402","297342/2025-11-15/1760591402.json"
"701111","393980","2025-11-18","215.00","AUD","1760591402","297342/2025-11-18/1760591402.json"
"701111","393980","2025-11-20","215.00","AUD","1760591402","297342/2025-11-20/1760591402.json"
"701111","393980","2025-11-21","215.00","AUD","1760591402","297342/2025-11-21/1760591402.json"
"701111","393980","2025-11-22","215.00","AUD","1760591402","297342/2025-11-22/1760591402.json"
"701111","393980","2025-11-27","215.00","AUD","1760591402","297342/2025-11-27/1760591402.json"
"701111","393980","2025-11-28","215.00","AUD","1760591402","297342/2025-11-28/1760591402.json"
"701111","393980","2025-11-29","215.00","AUD","1760591402","297342/2025-11-29/1760591402.json"
"701111","393980","2025-12-01","215.00","AUD","1760591402","297342/2025-12-01/1760591402.json"
"701111","393980","2025-11-30","215.00","AUD","1760591402","297342/2025-11-30/1760591402.json"
"701111","393980","2025-12-03","215.00","AUD","1760591402","297342/2025-12-03/1760591402.json"
"701111","393980","2025-12-05","215.00","AUD","1760591402","297342/2025-12-05/1760591402.json"
"701111","393980","2025-12-04","215.00","AUD","1760591402","297342/2025-12-04/1760591402.json"
"701111","393980","2025-12-06","215.00","AUD","1760591402","297342/2025-12-06/1760591402.json"
"701111","393980","2025-12-07","215.00","AUD","1760591402","297342/2025-12-07/1760591402.json"
"701111","393980","2025-12-08","215.00","AUD","1760591402","297342/2025-12-08/1760591402.json"
"701111","393980","2025-12-13","215.00","AUD","1760591402","297342/2025-12-13/1760591402.json"
"701111","393980","2025-12-14","215.00","AUD","1760591402","297342/2025-12-14/1760591402.json"
"701111","393980","2025-12-15","215.00","AUD","1760591402","297342/2025-12-15/1760591402.json"
"701111","393980","2025-10-25","240.00","AUD","1760606603","297342/2025-10-25/1760606603.json"
"701111","393980","2025-10-26","240.00","AUD","1760606603","297342/2025-10-26/1760606603.json"
"701111","393980","2025-10-30","240.00","AUD","1760606603","297342/2025-10-30/1760606603.json"
"701111","393980","2025-11-04","215.00","AUD","1760606603","297342/2025-11-04/1760606603.json"
"701111","393980","2025-11-09","215.00","AUD","1760606603","297342/2025-11-09/1760606603.json"
"701111","393980","2025-11-12","215.00","AUD","1760606603","297342/2025-11-12/1760606603.json"
"701111","393980","2025-11-13","215.00","AUD","1760606603","297342/2025-11-13/1760606603.json"
"701111","393980","2025-11-15","215.00","AUD","1760606603","297342/2025-11-15/1760606603.json"
"701111","393980","2025-11-18","215.00","AUD","1760606603","297342/2025-11-18/1760606603.json"
"701111","393980","2025-11-20","215.00","AUD","1760606603","297342/2025-11-20/1760606603.json"
"701111","393980","2025-11-21","215.00","AUD","1760606603","297342/2025-11-21/1760606603.json"
"701111","393980","2025-11-22","215.00","AUD","1760606603","297342/2025-11-22/1760606603.json"
"701111","393980","2025-11-27","215.00","AUD","1760606603","297342/2025-11-27/1760606603.json"
"701111","393980","2025-11-28","215.00","AUD","1760606603","297342/2025-11-28/1760606603.json"
"701111","393980","2025-11-29","215.00","AUD","1760606603","297342/2025-11-29/1760606603.json"
"701111","393980","2025-11-30","215.00","AUD","1760606603","297342/2025-11-30/1760606603.json"
"701111","393980","2025-12-01","215.00","AUD","1760606603","297342/2025-12-01/1760606603.json"
"701111","393980","2025-12-03","215.00","AUD","1760606603","297342/2025-12-03/1760606603.json"
"701111","393980","2025-12-05","215.00","AUD","1760606603","297342/2025-12-05/1760606603.json"
"701111","393980","2025-12-06","215.00","AUD","1760606603","297342/2025-12-06/1760606603.json"
"701111","393980","2025-12-04","215.00","AUD","1760606603","297342/2025-12-04/1760606603.json"
"701111","393980","2025-12-07","215.00","AUD","1760606603","297342/2025-12-07/1760606603.json"
"701111","393980","2025-12-08","215.00","AUD","1760606603","297342/2025-12-08/1760606603.json"
"701111","393980","2025-12-15","215.00","AUD","1760606603","297342/2025-12-15/1760606603.json"
"701111","393980","2025-12-13","215.00","AUD","1760606603","297342/2025-12-13/1760606603.json"
"701111","393980","2025-12-14","215.00","AUD","1760606603","297342/2025-12-14/1760606603.json"
"701111","393980","2025-10-25","240.00","AUD","1760624022","297342/2025-10-25/1760624022.json"
"701111","393980","2025-10-26","240.00","AUD","1760624022","297342/2025-10-26/1760624022.json"
"701111","393980","2025-10-30","240.00","AUD","1760624022","297342/2025-10-30/1760624022.json"
"701111","393980","2025-11-04","215.00","AUD","1760624022","297342/2025-11-04/1760624022.json"
"701111","393980","2025-11-05","215.00","AUD","1760624022","297342/2025-11-05/1760624022.json"
"701111","393980","2025-11-09","215.00","AUD","1760624022","297342/2025-11-09/1760624022.json"
"701111","393980","2025-11-13","215.00","AUD","1760624022","297342/2025-11-13/1760624022.json"
"701111","393980","2025-11-12","215.00","AUD","1760624022","297342/2025-11-12/1760624022.json"
"701111","393980","2025-11-15","215.00","AUD","1760624022","297342/2025-11-15/1760624022.json"
"701111","393980","2025-11-18","215.00","AUD","1760624022","297342/2025-11-18/1760624022.json"
"701111","393980","2025-11-20","215.00","AUD","1760624022","297342/2025-11-20/1760624022.json"
"701111","393980","2025-11-21","215.00","AUD","1760624022","297342/2025-11-21/1760624022.json"
"701111","393980","2025-11-22","215.00","AUD","1760624022","297342/2025-11-22/1760624022.json"
"701111","393980","2025-11-27","215.00","AUD","1760624022","297342/2025-11-27/1760624022.json"
"701111","393980","2025-11-28","215.00","AUD","1760624022","297342/2025-11-28/1760624022.json"
"701111","393980","2025-11-29","215.00","AUD","1760624022","297342/2025-11-29/1760624022.json"
"701111","393980","2025-11-30","215.00","AUD","1760624022","297342/2025-11-30/1760624022.json"
"701111","393980","2025-12-01","215.00","AUD","1760624022","297342/2025-12-01/1760624022.json"
"701111","393980","2025-12-03","215.00","AUD","1760624022","297342/2025-12-03/1760624022.json"
"701111","393980","2025-12-04","215.00","AUD","1760624022","297342/2025-12-04/1760624022.json"
"701111","393980","2025-12-05","215.00","AUD","1760624022","297342/2025-12-05/1760624022.json"
"701111","393980","2025-12-07","215.00","AUD","1760624022","297342/2025-12-07/1760624022.json"
"701111","393980","2025-12-06","215.00","AUD","1760624022","297342/2025-12-06/1760624022.json"
"701111","393980","2025-12-08","215.00","AUD","1760624022","297342/2025-12-08/1760624022.json"
"701111","393980","2025-12-14","215.00","AUD","1760624022","297342/2025-12-14/1760624022.json"
"701111","393980","2025-12-13","215.00","AUD","1760624022","297342/2025-12-13/1760624022.json"
"701111","393980","2025-12-15","215.00","AUD","1760624022","297342/2025-12-15/1760624022.json"
"701111","393980","2025-10-25","240.00","AUD","1760635365","297342/2025-10-25/1760635365.json"
"701111","393980","2025-10-26","240.00","AUD","1760635365","297342/2025-10-26/1760635365.json"
"701111","393980","2025-10-30","240.00","AUD","1760635365","297342/2025-10-30/1760635365.json"
"701111","393980","2025-11-04","215.00","AUD","1760635365","297342/2025-11-04/1760635365.json"
"701111","393980","2025-11-05","215.00","AUD","1760635365","297342/2025-11-05/1760635365.json"
"701111","393980","2025-11-09","215.00","AUD","1760635365","297342/2025-11-09/1760635365.json"
"701111","393980","2025-11-12","215.00","AUD","1760635365","297342/2025-11-12/1760635365.json"
"701111","393980","2025-11-13","215.00","AUD","1760635365","297342/2025-11-13/1760635365.json"
"701111","393980","2025-11-15","215.00","AUD","1760635365","297342/2025-11-15/1760635365.json"
"701111","393980","2025-11-18","215.00","AUD","1760635365","297342/2025-11-18/1760635365.json"
"701111","393980","2025-11-21","215.00","AUD","1760635365","297342/2025-11-21/1760635365.json"
"701111","393980","2025-11-22","215.00","AUD","1760635365","297342/2025-11-22/1760635365.json"
"701111","393980","2025-11-20","215.00","AUD","1760635365","297342/2025-11-20/1760635365.json"
"701111","393980","2025-11-27","215.00","AUD","1760635365","297342/2025-11-27/1760635365.json"
"701111","393980","2025-11-29","215.00","AUD","1760635365","297342/2025-11-29/1760635365.json"
"701111","393980","2025-11-28","215.00","AUD","1760635365","297342/2025-11-28/1760635365.json"
"701111","393980","2025-11-30","215.00","AUD","1760635365","297342/2025-11-30/1760635365.json"
"701111","393980","2025-12-01","215.00","AUD","1760635365","297342/2025-12-01/1760635365.json"
"701111","393980","2025-12-03","215.00","AUD","1760635365","297342/2025-12-03/1760635365.json"
"701111","393980","2025-12-05","215.00","AUD","1760635365","297342/2025-12-05/1760635365.json"
"701111","393980","2025-12-06","215.00","AUD","1760635365","297342/2025-12-06/1760635365.json"
"701111","393980","2025-12-07","215.00","AUD","1760635365","297342/2025-12-07/1760635365.json"
"701111","393980","2025-12-04","215.00","AUD","1760635365","297342/2025-12-04/1760635365.json"
"701111","393980","2025-12-08","215.00","AUD","1760635365","297342/2025-12-08/1760635365.json"
"701111","393980","2025-12-13","215.00","AUD","1760635365","297342/2025-12-13/1760635365.json"
"701111","393980","2025-12-14","215.00","AUD","1760635365","297342/2025-12-14/1760635365.json"
"701111","393980","2025-12-15","215.00","AUD","1760635365","297342/2025-12-15/1760635365.json"
"701111","393980","2025-10-25","240.00","AUD","1760648870","297342/2025-10-25/1760648870.json"
"701111","393980","2025-10-26","240.00","AUD","1760648870","297342/2025-10-26/1760648870.json"
"701111","393980","2025-10-30","240.00","AUD","1760648870","297342/2025-10-30/1760648870.json"
"701111","393980","2025-11-05","215.00","AUD","1760648870","297342/2025-11-05/1760648870.json"
"701111","393980","2025-11-04","215.00","AUD","1760648870","297342/2025-11-04/1760648870.json"
"701111","393980","2025-11-09","215.00","AUD","1760648870","297342/2025-11-09/1760648870.json"
"701111","393980","2025-11-12","215.00","AUD","1760648870","297342/2025-11-12/1760648870.json"
"701111","393980","2025-11-13","215.00","AUD","1760648870","297342/2025-11-13/1760648870.json"
"701111","393980","2025-11-15","215.00","AUD","1760648870","297342/2025-11-15/1760648870.json"
"701111","393980","2025-11-18","215.00","AUD","1760648870","297342/2025-11-18/1760648870.json"
"701111","393980","2025-11-21","215.00","AUD","1760648870","297342/2025-11-21/1760648870.json"
"701111","393980","2025-11-20","215.00","AUD","1760648870","297342/2025-11-20/1760648870.json"
"701111","393980","2025-11-22","215.00","AUD","1760648870","297342/2025-11-22/1760648870.json"
"701111","393980","2025-11-27","215.00","AUD","1760648870","297342/2025-11-27/1760648870.json"
"701111","393980","2025-11-28","215.00","AUD","1760648870","297342/2025-11-28/1760648870.json"
"701111","393980","2025-11-29","215.00","AUD","1760648870","297342/2025-11-29/1760648870.json"
"701111","393980","2025-11-30","215.00","AUD","1760648870","297342/2025-11-30/1760648870.json"
"701111","393980","2025-12-01","215.00","AUD","1760648870","297342/2025-12-01/1760648870.json"
"701111","393980","2025-12-04","215.00","AUD","1760648870","297342/2025-12-04/1760648870.json"
"701111","393980","2025-12-03","215.00","AUD","1760648870","297342/2025-12-03/1760648870.json"
"701111","393980","2025-12-05","215.00","AUD","1760648870","297342/2025-12-05/1760648870.json"
"701111","393980","2025-12-06","215.00","AUD","1760648870","297342/2025-12-06/1760648870.json"
"701111","393980","2025-12-08","215.00","AUD","1760648870","297342/2025-12-08/1760648870.json"
"701111","393980","2025-12-07","215.00","AUD","1760648870","297342/2025-12-07/1760648870.json"
"701111","393980","2025-12-13","215.00","AUD","1760648870","297342/2025-12-13/1760648870.json"
"701111","393980","2025-12-14","215.00","AUD","1760648870","297342/2025-12-14/1760648870.json"
"701111","393980","2025-12-15","215.00","AUD","1760648870","297342/2025-12-15/1760648870.json"
"701111","393980","2025-10-25","240.00","AUD","1760672408","297342/2025-10-25/1760672408.json"
"701111","393980","2025-10-26","240.00","AUD","1760672408","297342/2025-10-26/1760672408.json"
"701111","393980","2025-10-30","240.00","AUD","1760672408","297342/2025-10-30/1760672408.json"
"701111","393980","2025-11-04","215.00","AUD","1760672408","297342/2025-11-04/1760672408.json"
"701111","393980","2025-11-05","215.00","AUD","1760672408","297342/2025-11-05/1760672408.json"
"701111","393980","2025-11-09","215.00","AUD","1760672408","297342/2025-11-09/1760672408.json"
"701111","393980","2025-11-12","215.00","AUD","1760672408","297342/2025-11-12/1760672408.json"
"701111","393980","2025-11-13","215.00","AUD","1760672408","297342/2025-11-13/1760672408.json"
"701111","393980","2025-11-15","215.00","AUD","1760672408","297342/2025-11-15/1760672408.json"
"701111","393980","2025-11-18","215.00","AUD","1760672408","297342/2025-11-18/1760672408.json"
"701111","393980","2025-11-22","215.00","AUD","1760672408","297342/2025-11-22/1760672408.json"
"701111","393980","2025-11-21","215.00","AUD","1760672408","297342/2025-11-21/1760672408.json"
"701111","393980","2025-11-20","215.00","AUD","1760672408","297342/2025-11-20/1760672408.json"
"701111","393980","2025-11-27","215.00","AUD","1760672408","297342/2025-11-27/1760672408.json"
"701111","393980","2025-11-28","215.00","AUD","1760672408","297342/2025-11-28/1760672408.json"
"701111","393980","2025-11-30","215.00","AUD","1760672408","297342/2025-11-30/1760672408.json"
"701111","393980","2025-11-29","215.00","AUD","1760672408","297342/2025-11-29/1760672408.json"
"701111","393980","2025-12-01","215.00","AUD","1760672408","297342/2025-12-01/1760672408.json"
"701111","393980","2025-12-03","215.00","AUD","1760672408","297342/2025-12-03/1760672408.json"
"701111","393980","2025-12-04","215.00","AUD","1760672408","297342/2025-12-04/1760672408.json"
"701111","393980","2025-12-05","215.00","AUD","1760672408","297342/2025-12-05/1760672408.json"
"701111","393980","2025-12-06","215.00","AUD","1760672408","297342/2025-12-06/1760672408.json"
"701111","393980","2025-12-08","215.00","AUD","1760672408","297342/2025-12-08/1760672408.json"
"701111","393980","2025-12-07","215.00","AUD","1760672408","297342/2025-12-07/1760672408.json"
"701111","393980","2025-12-13","215.00","AUD","1760672408","297342/2025-12-13/1760672408.json"
"701111","393980","2025-12-14","215.00","AUD","1760672408","297342/2025-12-14/1760672408.json"
"701111","393980","2025-12-16","215.00","AUD","1760672408","297342/2025-12-16/1760672408.json"
"701111","393980","2025-12-15","215.00","AUD","1760672408","297342/2025-12-15/1760672408.json"
"701111","393980","2025-10-25","240.00","AUD","1760677831","297342/2025-10-25/1760677831.json"
"701111","393980","2025-10-26","240.00","AUD","1760677831","297342/2025-10-26/1760677831.json"
"701111","393980","2025-10-30","240.00","AUD","1760677831","297342/2025-10-30/1760677831.json"
"701111","393980","2025-11-04","215.00","AUD","1760677831","297342/2025-11-04/1760677831.json"
"701111","393980","2025-11-05","215.00","AUD","1760677831","297342/2025-11-05/1760677831.json"
"701111","393980","2025-11-09","215.00","AUD","1760677831","297342/2025-11-09/1760677831.json"
"701111","393980","2025-11-12","215.00","AUD","1760677831","297342/2025-11-12/1760677831.json"
"701111","393980","2025-11-13","215.00","AUD","1760677831","297342/2025-11-13/1760677831.json"
"701111","393980","2025-11-15","215.00","AUD","1760677831","297342/2025-11-15/1760677831.json"
"701111","393980","2025-11-18","215.00","AUD","1760677831","297342/2025-11-18/1760677831.json"
"701111","393980","2025-11-20","215.00","AUD","1760677831","297342/2025-11-20/1760677831.json"
"701111","393980","2025-11-21","215.00","AUD","1760677831","297342/2025-11-21/1760677831.json"
"701111","393980","2025-11-22","215.00","AUD","1760677831","297342/2025-11-22/1760677831.json"
"701111","393980","2025-11-27","215.00","AUD","1760677831","297342/2025-11-27/1760677831.json"
"701111","393980","2025-11-28","215.00","AUD","1760677831","297342/2025-11-28/1760677831.json"
"701111","393980","2025-11-29","215.00","AUD","1760677831","297342/2025-11-29/1760677831.json"
"701111","393980","2025-11-30","215.00","AUD","1760677831","297342/2025-11-30/1760677831.json"
"701111","393980","2025-12-01","215.00","AUD","1760677831","297342/2025-12-01/1760677831.json"
"701111","393980","2025-12-03","215.00","AUD","1760677831","297342/2025-12-03/1760677831.json"
"701111","393980","2025-12-04","215.00","AUD","1760677831","297342/2025-12-04/1760677831.json"
"701111","393980","2025-12-06","215.00","AUD","1760677831","297342/2025-12-06/1760677831.json"
"701111","393980","2025-12-08","215.00","AUD","1760677831","297342/2025-12-08/1760677831.json"
"701111","393980","2025-12-07","215.00","AUD","1760677831","297342/2025-12-07/1760677831.json"
"701111","393980","2025-12-05","215.00","AUD","1760677831","297342/2025-12-05/1760677831.json"
"701111","393980","2025-12-13","215.00","AUD","1760677831","297342/2025-12-13/1760677831.json"
"701111","393980","2025-12-14","215.00","AUD","1760677831","297342/2025-12-14/1760677831.json"
"701111","393980","2025-12-15","215.00","AUD","1760677831","297342/2025-12-15/1760677831.json"
"701111","393980","2025-12-16","215.00","AUD","1760677831","297342/2025-12-16/1760677831.json"
"701111","393980","2025-10-25","240.00","AUD","1760692688","297342/2025-10-25/1760692688.json"
"701111","393980","2025-10-26","240.00","AUD","1760692688","297342/2025-10-26/1760692688.json"
"701111","393980","2025-10-30","240.00","AUD","1760692688","297342/2025-10-30/1760692688.json"
"701111","393980","2025-11-04","215.00","AUD","1760692688","297342/2025-11-04/1760692688.json"
"701111","393980","2025-11-05","215.00","AUD","1760692688","297342/2025-11-05/1760692688.json"
"701111","393980","2025-11-09","215.00","AUD","1760692688","297342/2025-11-09/1760692688.json"
"701111","393980","2025-11-12","215.00","AUD","1760692688","297342/2025-11-12/1760692688.json"
"701111","393980","2025-11-13","215.00","AUD","1760692688","297342/2025-11-13/1760692688.json"
"701111","393980","2025-11-15","215.00","AUD","1760692688","297342/2025-11-15/1760692688.json"
"701111","393980","2025-11-18","215.00","AUD","1760692688","297342/2025-11-18/1760692688.json"
"701111","393980","2025-11-20","215.00","AUD","1760692688","297342/2025-11-20/1760692688.json"
"701111","393980","2025-11-22","215.00","AUD","1760692688","297342/2025-11-22/1760692688.json"
"701111","393980","2025-11-21","215.00","AUD","1760692688","297342/2025-11-21/1760692688.json"
"701111","393980","2025-11-28","215.00","AUD","1760692688","297342/2025-11-28/1760692688.json"
"701111","393980","2025-11-27","215.00","AUD","1760692688","297342/2025-11-27/1760692688.json"
"701111","393980","2025-11-29","215.00","AUD","1760692688","297342/2025-11-29/1760692688.json"
"701111","393980","2025-11-30","215.00","AUD","1760692688","297342/2025-11-30/1760692688.json"
"701111","393980","2025-12-01","215.00","AUD","1760692688","297342/2025-12-01/1760692688.json"
"701111","393980","2025-12-03","215.00","AUD","1760692688","297342/2025-12-03/1760692688.json"
"701111","393980","2025-12-04","215.00","AUD","1760692688","297342/2025-12-04/1760692688.json"
"701111","393980","2025-12-05","215.00","AUD","1760692688","297342/2025-12-05/1760692688.json"
"701111","393980","2025-12-06","215.00","AUD","1760692688","297342/2025-12-06/1760692688.json"
"701111","393980","2025-12-07","215.00","AUD","1760692688","297342/2025-12-07/1760692688.json"
"701111","393980","2025-12-08","215.00","AUD","1760692688","297342/2025-12-08/1760692688.json"
"701111","393980","2025-12-13","215.00","AUD","1760692688","297342/2025-12-13/1760692688.json"
"701111","393980","2025-12-15","215.00","AUD","1760692688","297342/2025-12-15/1760692688.json"
"701111","393980","2025-12-16","215.00","AUD","1760692688","297342/2025-12-16/1760692688.json"
"701111","393980","2025-12-14","215.00","AUD","1760692688","297342/2025-12-14/1760692688.json"
"701111","393980","2025-10-25","240.00","AUD","1760709072","297342/2025-10-25/1760709072.json"
"701111","393980","2025-10-26","240.00","AUD","1760709072","297342/2025-10-26/1760709072.json"
"701111","393980","2025-10-30","240.00","AUD","1760709072","297342/2025-10-30/1760709072.json"
"701111","393980","2025-11-05","215.00","AUD","1760709072","297342/2025-11-05/1760709072.json"
"701111","393980","2025-11-04","215.00","AUD","1760709072","297342/2025-11-04/1760709072.json"
"701111","393980","2025-11-09","215.00","AUD","1760709072","297342/2025-11-09/1760709072.json"
"701111","393980","2025-11-12","215.00","AUD","1760709072","297342/2025-11-12/1760709072.json"
"701111","393980","2025-11-13","215.00","AUD","1760709072","297342/2025-11-13/1760709072.json"
"701111","393980","2025-11-15","215.00","AUD","1760709072","297342/2025-11-15/1760709072.json"
"701111","393980","2025-11-18","215.00","AUD","1760709072","297342/2025-11-18/1760709072.json"
"701111","393980","2025-11-20","215.00","AUD","1760709072","297342/2025-11-20/1760709072.json"
"701111","393980","2025-11-21","215.00","AUD","1760709072","297342/2025-11-21/1760709072.json"
"701111","393980","2025-11-22","215.00","AUD","1760709072","297342/2025-11-22/1760709072.json"
"701111","393980","2025-11-28","215.00","AUD","1760709072","297342/2025-11-28/1760709072.json"
"701111","393980","2025-11-29","215.00","AUD","1760709072","297342/2025-11-29/1760709072.json"
"701111","393980","2025-11-27","215.00","AUD","1760709072","297342/2025-11-27/1760709072.json"
"701111","393980","2025-11-30","215.00","AUD","1760709072","297342/2025-11-30/1760709072.json"
"701111","393980","2025-12-01","215.00","AUD","1760709072","297342/2025-12-01/1760709072.json"
"701111","393980","2025-12-03","215.00","AUD","1760709072","297342/2025-12-03/1760709072.json"
"701111","393980","2025-12-04","215.00","AUD","1760709072","297342/2025-12-04/1760709072.json"
"701111","393980","2025-12-06","215.00","AUD","1760709072","297342/2025-12-06/1760709072.json"
"701111","393980","2025-12-07","215.00","AUD","1760709072","297342/2025-12-07/1760709072.json"
"701111","393980","2025-12-05","215.00","AUD","1760709072","297342/2025-12-05/1760709072.json"
"701111","393980","2025-12-08","215.00","AUD","1760709072","297342/2025-12-08/1760709072.json"
"701111","393980","2025-12-14","215.00","AUD","1760709072","297342/2025-12-14/1760709072.json"
"701111","393980","2025-12-13","215.00","AUD","1760709072","297342/2025-12-13/1760709072.json"
"701111","393980","2025-12-15","215.00","AUD","1760709072","297342/2025-12-15/1760709072.json"
"701111","393980","2025-12-16","215.00","AUD","1760709072","297342/2025-12-16/1760709072.json"
"701111","393980","2025-10-25","240.00","AUD","1760721274","297342/2025-10-25/1760721274.json"
"701111","393980","2025-10-26","240.00","AUD","1760721274","297342/2025-10-26/1760721274.json"
"701111","393980","2025-10-30","240.00","AUD","1760721274","297342/2025-10-30/1760721274.json"
"701111","393980","2025-11-05","215.00","AUD","1760721274","297342/2025-11-05/1760721274.json"
"701111","393980","2025-11-04","215.00","AUD","1760721274","297342/2025-11-04/1760721274.json"
"701111","393980","2025-11-09","215.00","AUD","1760721274","297342/2025-11-09/1760721274.json"
"701111","393980","2025-11-12","215.00","AUD","1760721274","297342/2025-11-12/1760721274.json"
"701111","393980","2025-11-13","215.00","AUD","1760721274","297342/2025-11-13/1760721274.json"
"701111","393980","2025-11-15","215.00","AUD","1760721274","297342/2025-11-15/1760721274.json"
"701111","393980","2025-11-18","215.00","AUD","1760721274","297342/2025-11-18/1760721274.json"
"701111","393980","2025-11-20","215.00","AUD","1760721274","297342/2025-11-20/1760721274.json"
"701111","393980","2025-11-21","215.00","AUD","1760721274","297342/2025-11-21/1760721274.json"
"701111","393980","2025-11-22","215.00","AUD","1760721274","297342/2025-11-22/1760721274.json"
"701111","393980","2025-11-27","215.00","AUD","1760721274","297342/2025-11-27/1760721274.json"
"701111","393980","2025-11-28","215.00","AUD","1760721274","297342/2025-11-28/1760721274.json"
"701111","393980","2025-11-29","215.00","AUD","1760721274","297342/2025-11-29/1760721274.json"
"701111","393980","2025-11-30","215.00","AUD","1760721274","297342/2025-11-30/1760721274.json"
"701111","393980","2025-12-01","215.00","AUD","1760721274","297342/2025-12-01/1760721274.json"
"701111","393980","2025-12-03","215.00","AUD","1760721274","297342/2025-12-03/1760721274.json"
"701111","393980","2025-12-04","215.00","AUD","1760721274","297342/2025-12-04/1760721274.json"
"701111","393980","2025-12-05","215.00","AUD","1760721274","297342/2025-12-05/1760721274.json"
"701111","393980","2025-12-06","215.00","AUD","1760721274","297342/2025-12-06/1760721274.json"
"701111","393980","2025-12-07","215.00","AUD","1760721274","297342/2025-12-07/1760721274.json"
"701111","393980","2025-12-08","215.00","AUD","1760721274","297342/2025-12-08/1760721274.json"
"701111","393980","2025-12-13","215.00","AUD","1760721274","297342/2025-12-13/1760721274.json"
"701111","393980","2025-12-15","215.00","AUD","1760721274","297342/2025-12-15/1760721274.json"
"701111","393980","2025-12-14","215.00","AUD","1760721274","297342/2025-12-14/1760721274.json"
"701111","393980","2025-12-16","215.00","AUD","1760721274","297342/2025-12-16/1760721274.json"
"701111","393980","2025-10-25","240.00","AUD","1760734958","297342/2025-10-25/1760734958.json"
"701111","393980","2025-10-26","240.00","AUD","1760734958","297342/2025-10-26/1760734958.json"
"701111","393980","2025-10-30","240.00","AUD","1760734958","297342/2025-10-30/1760734958.json"
"701111","393980","2025-11-04","215.00","AUD","1760734958","297342/2025-11-04/1760734958.json"
"701111","393980","2025-11-05","215.00","AUD","1760734958","297342/2025-11-05/1760734958.json"
"701111","393980","2025-11-09","215.00","AUD","1760734958","297342/2025-11-09/1760734958.json"
"701111","393980","2025-11-12","215.00","AUD","1760734958","297342/2025-11-12/1760734958.json"
"701111","393980","2025-11-13","215.00","AUD","1760734958","297342/2025-11-13/1760734958.json"
"701111","393980","2025-11-15","215.00","AUD","1760734958","297342/2025-11-15/1760734958.json"
"701111","393980","2025-11-18","215.00","AUD","1760734958","297342/2025-11-18/1760734958.json"
"701111","393980","2025-11-21","215.00","AUD","1760734958","297342/2025-11-21/1760734958.json"
"701111","393980","2025-11-20","215.00","AUD","1760734958","297342/2025-11-20/1760734958.json"
"701111","393980","2025-11-22","215.00","AUD","1760734958","297342/2025-11-22/1760734958.json"
"701111","393980","2025-11-28","215.00","AUD","1760734958","297342/2025-11-28/1760734958.json"
"701111","393980","2025-11-27","215.00","AUD","1760734958","297342/2025-11-27/1760734958.json"
"701111","393980","2025-11-29","215.00","AUD","1760734958","297342/2025-11-29/1760734958.json"
"701111","393980","2025-11-30","215.00","AUD","1760734958","297342/2025-11-30/1760734958.json"
"701111","393980","2025-12-03","215.00","AUD","1760734958","297342/2025-12-03/1760734958.json"
"701111","393980","2025-12-04","215.00","AUD","1760734958","297342/2025-12-04/1760734958.json"
"701111","393980","2025-12-01","215.00","AUD","1760734958","297342/2025-12-01/1760734958.json"
"701111","393980","2025-12-05","215.00","AUD","1760734958","297342/2025-12-05/1760734958.json"
"701111","393980","2025-12-06","215.00","AUD","1760734958","297342/2025-12-06/1760734958.json"
"701111","393980","2025-12-08","215.00","AUD","1760734958","297342/2025-12-08/1760734958.json"
"701111","393980","2025-12-07","215.00","AUD","1760734958","297342/2025-12-07/1760734958.json"
"701111","393980","2025-12-13","215.00","AUD","1760734958","297342/2025-12-13/1760734958.json"
"701111","393980","2025-12-15","215.00","AUD","1760734958","297342/2025-12-15/1760734958.json"
"701111","393980","2025-12-14","215.00","AUD","1760734958","297342/2025-12-14/1760734958.json"
"701111","393980","2025-12-16","215.00","AUD","1760734958","297342/2025-12-16/1760734958.json"
"701111","393980","2025-10-25","240.00","AUD","1760758541","297342/2025-10-25/1760758541.json"
"701111","393980","2025-10-26","240.00","AUD","1760758541","297342/2025-10-26/1760758541.json"
"701111","393980","2025-10-30","240.00","AUD","1760758541","297342/2025-10-30/1760758541.json"
"701111","393980","2025-11-04","215.00","AUD","1760758541","297342/2025-11-04/1760758541.json"
"701111","393980","2025-11-05","215.00","AUD","1760758541","297342/2025-11-05/1760758541.json"
"701111","393980","2025-11-09","215.00","AUD","1760758541","297342/2025-11-09/1760758541.json"
"701111","393980","2025-11-12","215.00","AUD","1760758541","297342/2025-11-12/1760758541.json"
"701111","393980","2025-11-13","215.00","AUD","1760758541","297342/2025-11-13/1760758541.json"
"701111","393980","2025-11-15","215.00","AUD","1760758541","297342/2025-11-15/1760758541.json"
"701111","393980","2025-11-18","215.00","AUD","1760758541","297342/2025-11-18/1760758541.json"
"701111","393980","2025-11-20","215.00","AUD","1760758541","297342/2025-11-20/1760758541.json"
"701111","393980","2025-11-21","215.00","AUD","1760758541","297342/2025-11-21/1760758541.json"
"701111","393980","2025-11-22","215.00","AUD","1760758541","297342/2025-11-22/1760758541.json"
"701111","393980","2025-11-27","215.00","AUD","1760758541","297342/2025-11-27/1760758541.json"
"701111","393980","2025-11-28","215.00","AUD","1760758541","297342/2025-11-28/1760758541.json"
"701111","393980","2025-12-01","215.00","AUD","1760758541","297342/2025-12-01/1760758541.json"
"701111","393980","2025-11-30","215.00","AUD","1760758541","297342/2025-11-30/1760758541.json"
"701111","393980","2025-11-29","215.00","AUD","1760758541","297342/2025-11-29/1760758541.json"
"701111","393980","2025-12-03","215.00","AUD","1760758541","297342/2025-12-03/1760758541.json"
"701111","393980","2025-12-04","215.00","AUD","1760758541","297342/2025-12-04/1760758541.json"
"701111","393980","2025-12-05","215.00","AUD","1760758541","297342/2025-12-05/1760758541.json"
"701111","393980","2025-12-06","215.00","AUD","1760758541","297342/2025-12-06/1760758541.json"
"701111","393980","2025-12-08","215.00","AUD","1760758541","297342/2025-12-08/1760758541.json"
"701111","393980","2025-12-13","215.00","AUD","1760758541","297342/2025-12-13/1760758541.json"
"701111","393980","2025-12-14","215.00","AUD","1760758541","297342/2025-12-14/1760758541.json"
"701111","393980","2025-12-07","215.00","AUD","1760758541","297342/2025-12-07/1760758541.json"
"701111","393980","2025-12-15","215.00","AUD","1760758541","297342/2025-12-15/1760758541.json"
"701111","393980","2025-12-16","215.00","AUD","1760758541","297342/2025-12-16/1760758541.json"
"701111","393980","2025-12-17","215.00","AUD","1760758541","297342/2025-12-17/1760758541.json"
"701111","393980","2025-10-25","240.00","AUD","1760764279","297342/2025-10-25/1760764279.json"
"701111","393980","2025-10-26","240.00","AUD","1760764279","297342/2025-10-26/1760764279.json"
"701111","393980","2025-10-30","240.00","AUD","1760764279","297342/2025-10-30/1760764279.json"
"701111","393980","2025-11-04","215.00","AUD","1760764279","297342/2025-11-04/1760764279.json"
"701111","393980","2025-11-05","215.00","AUD","1760764279","297342/2025-11-05/1760764279.json"
"701111","393980","2025-11-09","215.00","AUD","1760764279","297342/2025-11-09/1760764279.json"
"701111","393980","2025-11-12","215.00","AUD","1760764279","297342/2025-11-12/1760764279.json"
"701111","393980","2025-11-13","215.00","AUD","1760764279","297342/2025-11-13/1760764279.json"
"701111","393980","2025-11-15","215.00","AUD","1760764279","297342/2025-11-15/1760764279.json"
"701111","393980","2025-11-18","215.00","AUD","1760764279","297342/2025-11-18/1760764279.json"
"701111","393980","2025-11-20","215.00","AUD","1760764279","297342/2025-11-20/1760764279.json"
"701111","393980","2025-11-21","215.00","AUD","1760764279","297342/2025-11-21/1760764279.json"
"701111","393980","2025-11-22","215.00","AUD","1760764279","297342/2025-11-22/1760764279.json"
"701111","393980","2025-11-27","215.00","AUD","1760764279","297342/2025-11-27/1760764279.json"
"701111","393980","2025-11-28","215.00","AUD","1760764279","297342/2025-11-28/1760764279.json"
"701111","393980","2025-11-29","215.00","AUD","1760764279","297342/2025-11-29/1760764279.json"
"701111","393980","2025-11-30","215.00","AUD","1760764279","297342/2025-11-30/1760764279.json"
"701111","393980","2025-12-03","215.00","AUD","1760764279","297342/2025-12-03/1760764279.json"
"701111","393980","2025-12-01","215.00","AUD","1760764279","297342/2025-12-01/1760764279.json"
"701111","393980","2025-12-04","215.00","AUD","1760764279","297342/2025-12-04/1760764279.json"
"701111","393980","2025-12-06","215.00","AUD","1760764279","297342/2025-12-06/1760764279.json"
"701111","393980","2025-12-05","215.00","AUD","1760764279","297342/2025-12-05/1760764279.json"
"701111","393980","2025-12-07","215.00","AUD","1760764279","297342/2025-12-07/1760764279.json"
"701111","393980","2025-12-08","215.00","AUD","1760764279","297342/2025-12-08/1760764279.json"
"701111","393980","2025-12-13","215.00","AUD","1760764279","297342/2025-12-13/1760764279.json"
"701111","393980","2025-12-14","215.00","AUD","1760764279","297342/2025-12-14/1760764279.json"
"701111","393980","2025-12-15","215.00","AUD","1760764279","297342/2025-12-15/1760764279.json"
"701111","393980","2025-12-17","215.00","AUD","1760764279","297342/2025-12-17/1760764279.json"
"701111","393980","2025-12-16","215.00","AUD","1760764279","297342/2025-12-16/1760764279.json"
"701111","393980","2025-10-25","240.00","AUD","1760778623","297342/2025-10-25/1760778623.json"
"701111","393980","2025-10-26","240.00","AUD","1760778623","297342/2025-10-26/1760778623.json"
"701111","393980","2025-10-30","240.00","AUD","1760778623","297342/2025-10-30/1760778623.json"
"701111","393980","2025-11-05","215.00","AUD","1760778623","297342/2025-11-05/1760778623.json"
"701111","393980","2025-11-04","215.00","AUD","1760778623","297342/2025-11-04/1760778623.json"
"701111","393980","2025-11-09","215.00","AUD","1760778623","297342/2025-11-09/1760778623.json"
"701111","393980","2025-11-12","215.00","AUD","1760778623","297342/2025-11-12/1760778623.json"
"701111","393980","2025-11-13","215.00","AUD","1760778623","297342/2025-11-13/1760778623.json"
"701111","393980","2025-11-15","215.00","AUD","1760778623","297342/2025-11-15/1760778623.json"
"701111","393980","2025-11-18","215.00","AUD","1760778623","297342/2025-11-18/1760778623.json"
"701111","393980","2025-11-20","215.00","AUD","1760778623","297342/2025-11-20/1760778623.json"
"701111","393980","2025-11-21","215.00","AUD","1760778623","297342/2025-11-21/1760778623.json"
"701111","393980","2025-11-22","215.00","AUD","1760778623","297342/2025-11-22/1760778623.json"
"701111","393980","2025-11-27","215.00","AUD","1760778623","297342/2025-11-27/1760778623.json"
"701111","393980","2025-11-29","215.00","AUD","1760778623","297342/2025-11-29/1760778623.json"
"701111","393980","2025-11-28","215.00","AUD","1760778623","297342/2025-11-28/1760778623.json"
"701111","393980","2025-11-30","215.00","AUD","1760778623","297342/2025-11-30/1760778623.json"
"701111","393980","2025-12-01","215.00","AUD","1760778623","297342/2025-12-01/1760778623.json"
"701111","393980","2025-12-04","215.00","AUD","1760778623","297342/2025-12-04/1760778623.json"
"701111","393980","2025-12-03","215.00","AUD","1760778623","297342/2025-12-03/1760778623.json"
"701111","393980","2025-12-05","215.00","AUD","1760778623","297342/2025-12-05/1760778623.json"
"701111","393980","2025-12-06","215.00","AUD","1760778623","297342/2025-12-06/1760778623.json"
"701111","393980","2025-12-08","215.00","AUD","1760778623","297342/2025-12-08/1760778623.json"
"701111","393980","2025-12-07","215.00","AUD","1760778623","297342/2025-12-07/1760778623.json"
"701111","393980","2025-12-14","215.00","AUD","1760778623","297342/2025-12-14/1760778623.json"
"701111","393980","2025-12-13","215.00","AUD","1760778623","297342/2025-12-13/1760778623.json"
"701111","393980","2025-12-15","215.00","AUD","1760778623","297342/2025-12-15/1760778623.json"
"701111","393980","2025-12-16","215.00","AUD","1760778623","297342/2025-12-16/1760778623.json"
"701111","393980","2025-12-17","215.00","AUD","1760778623","297342/2025-12-17/1760778623.json"
"701111","393980","2025-10-25","240.00","AUD","1760794565","297342/2025-10-25/1760794565.json"
"701111","393980","2025-10-26","240.00","AUD","1760794565","297342/2025-10-26/1760794565.json"
"701111","393980","2025-10-30","240.00","AUD","1760794565","297342/2025-10-30/1760794565.json"
"701111","393980","2025-11-05","215.00","AUD","1760794565","297342/2025-11-05/1760794565.json"
"701111","393980","2025-11-04","215.00","AUD","1760794565","297342/2025-11-04/1760794565.json"
"701111","393980","2025-11-09","215.00","AUD","1760794565","297342/2025-11-09/1760794565.json"
"701111","393980","2025-11-12","215.00","AUD","1760794565","297342/2025-11-12/1760794565.json"
"701111","393980","2025-11-13","215.00","AUD","1760794565","297342/2025-11-13/1760794565.json"
"701111","393980","2025-11-15","215.00","AUD","1760794565","297342/2025-11-15/1760794565.json"
"701111","393980","2025-11-18","215.00","AUD","1760794565","297342/2025-11-18/1760794565.json"
"701111","393980","2025-11-20","215.00","AUD","1760794565","297342/2025-11-20/1760794565.json"
"701111","393980","2025-11-22","215.00","AUD","1760794565","297342/2025-11-22/1760794565.json"
"701111","393980","2025-11-21","215.00","AUD","1760794565","297342/2025-11-21/1760794565.json"
"701111","393980","2025-11-27","215.00","AUD","1760794565","297342/2025-11-27/1760794565.json"
"701111","393980","2025-11-28","215.00","AUD","1760794565","297342/2025-11-28/1760794565.json"
"701111","393980","2025-11-30","215.00","AUD","1760794565","297342/2025-11-30/1760794565.json"
"701111","393980","2025-12-01","215.00","AUD","1760794565","297342/2025-12-01/1760794565.json"
"701111","393980","2025-12-04","215.00","AUD","1760794565","297342/2025-12-04/1760794565.json"
"701111","393980","2025-12-03","215.00","AUD","1760794565","297342/2025-12-03/1760794565.json"
"701111","393980","2025-12-05","215.00","AUD","1760794565","297342/2025-12-05/1760794565.json"
"701111","393980","2025-12-07","215.00","AUD","1760794565","297342/2025-12-07/1760794565.json"
"701111","393980","2025-12-06","215.00","AUD","1760794565","297342/2025-12-06/1760794565.json"
"701111","393980","2025-12-08","215.00","AUD","1760794565","297342/2025-12-08/1760794565.json"
"701111","393980","2025-12-14","215.00","AUD","1760794565","297342/2025-12-14/1760794565.json"
"701111","393980","2025-12-13","215.00","AUD","1760794565","297342/2025-12-13/1760794565.json"
"701111","393980","2025-12-15","215.00","AUD","1760794565","297342/2025-12-15/1760794565.json"
"701111","393980","2025-12-16","215.00","AUD","1760794565","297342/2025-12-16/1760794565.json"
"701111","393980","2025-12-17","215.00","AUD","1760794565","297342/2025-12-17/1760794565.json"
"701111","393980","2025-10-25","240.00","AUD","1760807720","297342/2025-10-25/1760807720.json"
"701111","393980","2025-10-30","240.00","AUD","1760807720","297342/2025-10-30/1760807720.json"
"701111","393980","2025-11-04","215.00","AUD","1760807720","297342/2025-11-04/1760807720.json"
"701111","393980","2025-10-26","240.00","AUD","1760807720","297342/2025-10-26/1760807720.json"
"701111","393980","2025-11-05","215.00","AUD","1760807720","297342/2025-11-05/1760807720.json"
"701111","393980","2025-11-09","215.00","AUD","1760807720","297342/2025-11-09/1760807720.json"
"701111","393980","2025-11-12","215.00","AUD","1760807720","297342/2025-11-12/1760807720.json"
"701111","393980","2025-11-13","215.00","AUD","1760807720","297342/2025-11-13/1760807720.json"
"701111","393980","2025-11-15","215.00","AUD","1760807720","297342/2025-11-15/1760807720.json"
"701111","393980","2025-11-18","215.00","AUD","1760807720","297342/2025-11-18/1760807720.json"
"701111","393980","2025-11-21","215.00","AUD","1760807720","297342/2025-11-21/1760807720.json"
"701111","393980","2025-11-22","215.00","AUD","1760807720","297342/2025-11-22/1760807720.json"
"701111","393980","2025-11-28","215.00","AUD","1760807720","297342/2025-11-28/1760807720.json"
"701111","393980","2025-11-27","215.00","AUD","1760807720","297342/2025-11-27/1760807720.json"
"701111","393980","2025-12-01","215.00","AUD","1760807720","297342/2025-12-01/1760807720.json"
"701111","393980","2025-11-30","215.00","AUD","1760807720","297342/2025-11-30/1760807720.json"
"701111","393980","2025-12-03","215.00","AUD","1760807720","297342/2025-12-03/1760807720.json"
"701111","393980","2025-11-20","215.00","AUD","1760807720","297342/2025-11-20/1760807720.json"
"701111","393980","2025-12-04","215.00","AUD","1760807720","297342/2025-12-04/1760807720.json"
"701111","393980","2025-12-05","215.00","AUD","1760807720","297342/2025-12-05/1760807720.json"
"701111","393980","2025-12-07","215.00","AUD","1760807720","297342/2025-12-07/1760807720.json"
"701111","393980","2025-12-06","215.00","AUD","1760807720","297342/2025-12-06/1760807720.json"
"701111","393980","2025-12-08","215.00","AUD","1760807720","297342/2025-12-08/1760807720.json"
"701111","393980","2025-12-13","215.00","AUD","1760807720","297342/2025-12-13/1760807720.json"
"701111","393980","2025-12-15","215.00","AUD","1760807720","297342/2025-12-15/1760807720.json"
"701111","393980","2025-12-14","215.00","AUD","1760807720","297342/2025-12-14/1760807720.json"
"701111","393980","2025-12-16","215.00","AUD","1760807720","297342/2025-12-16/1760807720.json"
"701111","393980","2025-12-17","215.00","AUD","1760807720","297342/2025-12-17/1760807720.json"
"701111","393980","2025-10-25","240.00","AUD","1760821644","297342/2025-10-25/1760821644.json"
"701111","393980","2025-10-26","240.00","AUD","1760821644","297342/2025-10-26/1760821644.json"
"701111","393980","2025-10-30","240.00","AUD","1760821644","297342/2025-10-30/1760821644.json"
"701111","393980","2025-11-05","215.00","AUD","1760821644","297342/2025-11-05/1760821644.json"
"701111","393980","2025-11-04","215.00","AUD","1760821644","297342/2025-11-04/1760821644.json"
"701111","393980","2025-11-09","215.00","AUD","1760821644","297342/2025-11-09/1760821644.json"
"701111","393980","2025-11-12","215.00","AUD","1760821644","297342/2025-11-12/1760821644.json"
"701111","393980","2025-11-15","215.00","AUD","1760821644","297342/2025-11-15/1760821644.json"
"701111","393980","2025-11-13","215.00","AUD","1760821644","297342/2025-11-13/1760821644.json"
"701111","393980","2025-11-18","215.00","AUD","1760821644","297342/2025-11-18/1760821644.json"
"701111","393980","2025-11-20","215.00","AUD","1760821644","297342/2025-11-20/1760821644.json"
"701111","393980","2025-11-22","215.00","AUD","1760821644","297342/2025-11-22/1760821644.json"
"701111","393980","2025-11-21","215.00","AUD","1760821644","297342/2025-11-21/1760821644.json"
"701111","393980","2025-11-27","215.00","AUD","1760821644","297342/2025-11-27/1760821644.json"
"701111","393980","2025-11-28","215.00","AUD","1760821644","297342/2025-11-28/1760821644.json"
"701111","393980","2025-11-30","215.00","AUD","1760821644","297342/2025-11-30/1760821644.json"
"701111","393980","2025-12-01","215.00","AUD","1760821644","297342/2025-12-01/1760821644.json"
"701111","393980","2025-12-03","215.00","AUD","1760821644","297342/2025-12-03/1760821644.json"
"701111","393980","2025-12-04","215.00","AUD","1760821644","297342/2025-12-04/1760821644.json"
"701111","393980","2025-12-05","215.00","AUD","1760821644","297342/2025-12-05/1760821644.json"
"701111","393980","2025-12-08","215.00","AUD","1760821644","297342/2025-12-08/1760821644.json"
"701111","393980","2025-12-07","215.00","AUD","1760821644","297342/2025-12-07/1760821644.json"
"701111","393980","2025-12-06","215.00","AUD","1760821644","297342/2025-12-06/1760821644.json"
"701111","393980","2025-12-13","215.00","AUD","1760821644","297342/2025-12-13/1760821644.json"
"701111","393980","2025-12-14","215.00","AUD","1760821644","297342/2025-12-14/1760821644.json"
"701111","393980","2025-12-16","215.00","AUD","1760821644","297342/2025-12-16/1760821644.json"
"701111","393980","2025-12-15","215.00","AUD","1760821644","297342/2025-12-15/1760821644.json"
"701111","393980","2025-12-17","215.00","AUD","1760821644","297342/2025-12-17/1760821644.json"
"701111","393980","2025-10-30","240.00","AUD","1760846627","297342/2025-10-30/1760846627.json"
"701111","393980","2025-10-25","240.00","AUD","1760846627","297342/2025-10-25/1760846627.json"
"701111","393980","2025-10-26","240.00","AUD","1760846627","297342/2025-10-26/1760846627.json"
"701111","393980","2025-11-05","215.00","AUD","1760846627","297342/2025-11-05/1760846627.json"
"701111","393980","2025-11-04","215.00","AUD","1760846627","297342/2025-11-04/1760846627.json"
"701111","393980","2025-11-09","215.00","AUD","1760846627","297342/2025-11-09/1760846627.json"
"701111","393980","2025-11-13","215.00","AUD","1760846627","297342/2025-11-13/1760846627.json"
"701111","393980","2025-11-12","215.00","AUD","1760846627","297342/2025-11-12/1760846627.json"
"701111","393980","2025-11-15","215.00","AUD","1760846627","297342/2025-11-15/1760846627.json"
"701111","393980","2025-11-18","215.00","AUD","1760846627","297342/2025-11-18/1760846627.json"
"701111","393980","2025-11-20","215.00","AUD","1760846627","297342/2025-11-20/1760846627.json"
"701111","393980","2025-11-22","215.00","AUD","1760846627","297342/2025-11-22/1760846627.json"
"701111","393980","2025-11-21","215.00","AUD","1760846627","297342/2025-11-21/1760846627.json"
"701111","393980","2025-11-27","215.00","AUD","1760846627","297342/2025-11-27/1760846627.json"
"701111","393980","2025-11-28","215.00","AUD","1760846627","297342/2025-11-28/1760846627.json"
"701111","393980","2025-11-30","215.00","AUD","1760846627","297342/2025-11-30/1760846627.json"
"701111","393980","2025-12-01","215.00","AUD","1760846627","297342/2025-12-01/1760846627.json"
"701111","393980","2025-12-04","215.00","AUD","1760846627","297342/2025-12-04/1760846627.json"
"701111","393980","2025-12-05","215.00","AUD","1760846627","297342/2025-12-05/1760846627.json"
"701111","393980","2025-12-06","215.00","AUD","1760846627","297342/2025-12-06/1760846627.json"
"701111","393980","2025-12-03","215.00","AUD","1760846627","297342/2025-12-03/1760846627.json"
"701111","393980","2025-12-08","215.00","AUD","1760846627","297342/2025-12-08/1760846627.json"
"701111","393980","2025-12-07","215.00","AUD","1760846627","297342/2025-12-07/1760846627.json"
"701111","393980","2025-12-13","215.00","AUD","1760846627","297342/2025-12-13/1760846627.json"
"701111","393980","2025-12-14","215.00","AUD","1760846627","297342/2025-12-14/1760846627.json"
"701111","393980","2025-12-16","215.00","AUD","1760846627","297342/2025-12-16/1760846627.json"
"701111","393980","2025-12-17","215.00","AUD","1760846627","297342/2025-12-17/1760846627.json"
"701111","393980","2025-12-18","215.00","AUD","1760846627","297342/2025-12-18/1760846627.json"
"701111","393980","2025-12-15","215.00","AUD","1760846627","297342/2025-12-15/1760846627.json"
"701111","393980","2025-10-25","240.00","AUD","1760850622","297342/2025-10-25/1760850622.json"
"701111","393980","2025-10-26","240.00","AUD","1760850622","297342/2025-10-26/1760850622.json"
"701111","393980","2025-10-30","240.00","AUD","1760850622","297342/2025-10-30/1760850622.json"
"701111","393980","2025-11-04","215.00","AUD","1760850622","297342/2025-11-04/1760850622.json"
"701111","393980","2025-11-05","215.00","AUD","1760850622","297342/2025-11-05/1760850622.json"
"701111","393980","2025-11-09","215.00","AUD","1760850622","297342/2025-11-09/1760850622.json"
"701111","393980","2025-11-13","215.00","AUD","1760850622","297342/2025-11-13/1760850622.json"
"701111","393980","2025-11-12","215.00","AUD","1760850622","297342/2025-11-12/1760850622.json"
"701111","393980","2025-11-15","215.00","AUD","1760850622","297342/2025-11-15/1760850622.json"
"701111","393980","2025-11-18","215.00","AUD","1760850622","297342/2025-11-18/1760850622.json"
"701111","393980","2025-11-21","215.00","AUD","1760850622","297342/2025-11-21/1760850622.json"
"701111","393980","2025-11-22","215.00","AUD","1760850622","297342/2025-11-22/1760850622.json"
"701111","393980","2025-11-20","215.00","AUD","1760850622","297342/2025-11-20/1760850622.json"
"701111","393980","2025-11-28","215.00","AUD","1760850622","297342/2025-11-28/1760850622.json"
"701111","393980","2025-11-27","215.00","AUD","1760850622","297342/2025-11-27/1760850622.json"
"701111","393980","2025-11-30","215.00","AUD","1760850622","297342/2025-11-30/1760850622.json"
"701111","393980","2025-12-03","215.00","AUD","1760850622","297342/2025-12-03/1760850622.json"
"701111","393980","2025-12-04","215.00","AUD","1760850622","297342/2025-12-04/1760850622.json"
"701111","393980","2025-12-01","215.00","AUD","1760850622","297342/2025-12-01/1760850622.json"
"701111","393980","2025-12-05","215.00","AUD","1760850622","297342/2025-12-05/1760850622.json"
"701111","393980","2025-12-06","215.00","AUD","1760850622","297342/2025-12-06/1760850622.json"
"701111","393980","2025-12-07","215.00","AUD","1760850622","297342/2025-12-07/1760850622.json"
"701111","393980","2025-12-08","215.00","AUD","1760850622","297342/2025-12-08/1760850622.json"
"701111","393980","2025-12-13","215.00","AUD","1760850622","297342/2025-12-13/1760850622.json"
"701111","393980","2025-12-15","215.00","AUD","1760850622","297342/2025-12-15/1760850622.json"
"701111","393980","2025-12-14","215.00","AUD","1760850622","297342/2025-12-14/1760850622.json"
"701111","393980","2025-12-17","215.00","AUD","1760850622","297342/2025-12-17/1760850622.json"
"701111","393980","2025-12-18","215.00","AUD","1760850622","297342/2025-12-18/1760850622.json"
"701111","393980","2025-12-16","215.00","AUD","1760850622","297342/2025-12-16/1760850622.json"
"701111","393980","2025-10-25","240.00","AUD","1760864892","297342/2025-10-25/1760864892.json"
"701111","393980","2025-10-26","240.00","AUD","1760864892","297342/2025-10-26/1760864892.json"
"701111","393980","2025-10-30","240.00","AUD","1760864892","297342/2025-10-30/1760864892.json"
"701111","393980","2025-11-05","215.00","AUD","1760864892","297342/2025-11-05/1760864892.json"
"701111","393980","2025-11-04","215.00","AUD","1760864892","297342/2025-11-04/1760864892.json"
"701111","393980","2025-11-09","215.00","AUD","1760864892","297342/2025-11-09/1760864892.json"
"701111","393980","2025-11-13","215.00","AUD","1760864892","297342/2025-11-13/1760864892.json"
"701111","393980","2025-11-12","215.00","AUD","1760864892","297342/2025-11-12/1760864892.json"
"701111","393980","2025-11-15","215.00","AUD","1760864892","297342/2025-11-15/1760864892.json"
"701111","393980","2025-11-18","215.00","AUD","1760864892","297342/2025-11-18/1760864892.json"
"701111","393980","2025-11-20","215.00","AUD","1760864892","297342/2025-11-20/1760864892.json"
"701111","393980","2025-11-21","215.00","AUD","1760864892","297342/2025-11-21/1760864892.json"
"701111","393980","2025-11-22","215.00","AUD","1760864892","297342/2025-11-22/1760864892.json"
"701111","393980","2025-11-27","215.00","AUD","1760864892","297342/2025-11-27/1760864892.json"
"701111","393980","2025-11-30","215.00","AUD","1760864892","297342/2025-11-30/1760864892.json"
"701111","393980","2025-11-28","215.00","AUD","1760864892","297342/2025-11-28/1760864892.json"
"701111","393980","2025-12-01","215.00","AUD","1760864892","297342/2025-12-01/1760864892.json"
"701111","393980","2025-12-03","215.00","AUD","1760864892","297342/2025-12-03/1760864892.json"
"701111","393980","2025-12-04","215.00","AUD","1760864892","297342/2025-12-04/1760864892.json"
"701111","393980","2025-12-05","215.00","AUD","1760864892","297342/2025-12-05/1760864892.json"
"701111","393980","2025-12-07","215.00","AUD","1760864892","297342/2025-12-07/1760864892.json"
"701111","393980","2025-12-06","215.00","AUD","1760864892","297342/2025-12-06/1760864892.json"
"701111","393980","2025-12-08","215.00","AUD","1760864892","297342/2025-12-08/1760864892.json"
"701111","393980","2025-12-13","215.00","AUD","1760864892","297342/2025-12-13/1760864892.json"
"701111","393980","2025-12-14","215.00","AUD","1760864892","297342/2025-12-14/1760864892.json"
"701111","393980","2025-12-15","215.00","AUD","1760864892","297342/2025-12-15/1760864892.json"
"701111","393980","2025-12-16","215.00","AUD","1760864892","297342/2025-12-16/1760864892.json"
"701111","393980","2025-12-17","215.00","AUD","1760864892","297342/2025-12-17/1760864892.json"
"701111","393980","2025-12-18","215.00","AUD","1760864892","297342/2025-12-18/1760864892.json"
"701111","393980","2025-10-25","240.00","AUD","1760881101","297342/2025-10-25/1760881101.json"
"701111","393980","2025-10-26","240.00","AUD","1760881101","297342/2025-10-26/1760881101.json"
"701111","393980","2025-11-04","215.00","AUD","1760881101","297342/2025-11-04/1760881101.json"
"701111","393980","2025-10-30","240.00","AUD","1760881101","297342/2025-10-30/1760881101.json"
"701111","393980","2025-11-05","215.00","AUD","1760881101","297342/2025-11-05/1760881101.json"
"701111","393980","2025-11-09","215.00","AUD","1760881101","297342/2025-11-09/1760881101.json"
"701111","393980","2025-11-12","215.00","AUD","1760881101","297342/2025-11-12/1760881101.json"
"701111","393980","2025-11-13","215.00","AUD","1760881101","297342/2025-11-13/1760881101.json"
"701111","393980","2025-11-15","215.00","AUD","1760881101","297342/2025-11-15/1760881101.json"
"701111","393980","2025-11-18","215.00","AUD","1760881101","297342/2025-11-18/1760881101.json"
"701111","393980","2025-11-20","215.00","AUD","1760881101","297342/2025-11-20/1760881101.json"
"701111","393980","2025-11-21","215.00","AUD","1760881101","297342/2025-11-21/1760881101.json"
"701111","393980","2025-11-22","215.00","AUD","1760881101","297342/2025-11-22/1760881101.json"
"701111","393980","2025-11-27","215.00","AUD","1760881101","297342/2025-11-27/1760881101.json"
"701111","393980","2025-11-28","215.00","AUD","1760881101","297342/2025-11-28/1760881101.json"
"701111","393980","2025-11-30","215.00","AUD","1760881101","297342/2025-11-30/1760881101.json"
"701111","393980","2025-12-01","215.00","AUD","1760881101","297342/2025-12-01/1760881101.json"
"701111","393980","2025-12-03","215.00","AUD","1760881101","297342/2025-12-03/1760881101.json"
"701111","393980","2025-12-04","215.00","AUD","1760881101","297342/2025-12-04/1760881101.json"
"701111","393980","2025-12-05","215.00","AUD","1760881101","297342/2025-12-05/1760881101.json"
"701111","393980","2025-12-06","215.00","AUD","1760881101","297342/2025-12-06/1760881101.json"
"701111","393980","2025-12-07","215.00","AUD","1760881101","297342/2025-12-07/1760881101.json"
"701111","393980","2025-12-08","215.00","AUD","1760881101","297342/2025-12-08/1760881101.json"
"701111","393980","2025-12-13","215.00","AUD","1760881101","297342/2025-12-13/1760881101.json"
"701111","393980","2025-12-14","215.00","AUD","1760881101","297342/2025-12-14/1760881101.json"
"701111","393980","2025-12-15","215.00","AUD","1760881101","297342/2025-12-15/1760881101.json"
"701111","393980","2025-12-16","215.00","AUD","1760881101","297342/2025-12-16/1760881101.json"
"701111","393980","2025-12-17","215.00","AUD","1760881101","297342/2025-12-17/1760881101.json"
"701111","393980","2025-12-18","215.00","AUD","1760881101","297342/2025-12-18/1760881101.json"
"701111","393980","2025-10-25","240.00","AUD","1760893781","297342/2025-10-25/1760893781.json"
"701111","393980","2025-10-26","240.00","AUD","1760893781","297342/2025-10-26/1760893781.json"
"701111","393980","2025-10-30","240.00","AUD","1760893781","297342/2025-10-30/1760893781.json"
"701111","393980","2025-11-04","215.00","AUD","1760893781","297342/2025-11-04/1760893781.json"
"701111","393980","2025-11-05","215.00","AUD","1760893781","297342/2025-11-05/1760893781.json"
"701111","393980","2025-11-09","215.00","AUD","1760893781","297342/2025-11-09/1760893781.json"
"701111","393980","2025-11-12","215.00","AUD","1760893781","297342/2025-11-12/1760893781.json"
"701111","393980","2025-11-13","215.00","AUD","1760893781","297342/2025-11-13/1760893781.json"
"701111","393980","2025-11-15","215.00","AUD","1760893781","297342/2025-11-15/1760893781.json"
"701111","393980","2025-11-18","215.00","AUD","1760893781","297342/2025-11-18/1760893781.json"
"701111","393980","2025-11-20","215.00","AUD","1760893781","297342/2025-11-20/1760893781.json"
"701111","393980","2025-11-21","215.00","AUD","1760893781","297342/2025-11-21/1760893781.json"
"701111","393980","2025-11-22","215.00","AUD","1760893781","297342/2025-11-22/1760893781.json"
"701111","393980","2025-11-27","215.00","AUD","1760893781","297342/2025-11-27/1760893781.json"
"701111","393980","2025-11-28","215.00","AUD","1760893781","297342/2025-11-28/1760893781.json"
"701111","393980","2025-11-30","215.00","AUD","1760893781","297342/2025-11-30/1760893781.json"
"701111","393980","2025-12-01","215.00","AUD","1760893781","297342/2025-12-01/1760893781.json"
"701111","393980","2025-12-03","215.00","AUD","1760893781","297342/2025-12-03/1760893781.json"
"701111","393980","2025-12-04","215.00","AUD","1760893781","297342/2025-12-04/1760893781.json"
"701111","393980","2025-12-05","215.00","AUD","1760893781","297342/2025-12-05/1760893781.json"
"701111","393980","2025-12-07","215.00","AUD","1760893781","297342/2025-12-07/1760893781.json"
"701111","393980","2025-12-06","215.00","AUD","1760893781","297342/2025-12-06/1760893781.json"
"701111","393980","2025-12-08","215.00","AUD","1760893781","297342/2025-12-08/1760893781.json"
"701111","393980","2025-12-13","215.00","AUD","1760893781","297342/2025-12-13/1760893781.json"
"701111","393980","2025-12-14","215.00","AUD","1760893781","297342/2025-12-14/1760893781.json"
"701111","393980","2025-12-15","215.00","AUD","1760893781","297342/2025-12-15/1760893781.json"
"701111","393980","2025-12-16","215.00","AUD","1760893781","297342/2025-12-16/1760893781.json"
"701111","393980","2025-12-17","215.00","AUD","1760893781","297342/2025-12-17/1760893781.json"
"701111","393980","2025-12-18","215.00","AUD","1760893781","297342/2025-12-18/1760893781.json"
"701111","393980","2025-10-26","240.00","AUD","1760907885","297342/2025-10-26/1760907885.json"
"701111","393980","2025-10-25","240.00","AUD","1760907885","297342/2025-10-25/1760907885.json"
"701111","393980","2025-10-30","240.00","AUD","1760907885","297342/2025-10-30/1760907885.json"
"701111","393980","2025-11-04","215.00","AUD","1760907885","297342/2025-11-04/1760907885.json"
"701111","393980","2025-11-05","215.00","AUD","1760907885","297342/2025-11-05/1760907885.json"
"701111","393980","2025-11-09","215.00","AUD","1760907885","297342/2025-11-09/1760907885.json"
"701111","393980","2025-11-13","215.00","AUD","1760907885","297342/2025-11-13/1760907885.json"
"701111","393980","2025-11-12","215.00","AUD","1760907885","297342/2025-11-12/1760907885.json"
"701111","393980","2025-11-15","215.00","AUD","1760907885","297342/2025-11-15/1760907885.json"
"701111","393980","2025-11-18","215.00","AUD","1760907885","297342/2025-11-18/1760907885.json"
"701111","393980","2025-11-20","215.00","AUD","1760907885","297342/2025-11-20/1760907885.json"
"701111","393980","2025-11-21","215.00","AUD","1760907885","297342/2025-11-21/1760907885.json"
"701111","393980","2025-11-22","215.00","AUD","1760907885","297342/2025-11-22/1760907885.json"
"701111","393980","2025-11-27","215.00","AUD","1760907885","297342/2025-11-27/1760907885.json"
"701111","393980","2025-11-28","215.00","AUD","1760907885","297342/2025-11-28/1760907885.json"
"701111","393980","2025-12-01","215.00","AUD","1760907885","297342/2025-12-01/1760907885.json"
"701111","393980","2025-11-30","215.00","AUD","1760907885","297342/2025-11-30/1760907885.json"
"701111","393980","2025-12-05","215.00","AUD","1760907885","297342/2025-12-05/1760907885.json"
"701111","393980","2025-12-03","215.00","AUD","1760907885","297342/2025-12-03/1760907885.json"
"701111","393980","2025-12-04","215.00","AUD","1760907885","297342/2025-12-04/1760907885.json"
"701111","393980","2025-12-06","215.00","AUD","1760907885","297342/2025-12-06/1760907885.json"
"701111","393980","2025-12-08","215.00","AUD","1760907885","297342/2025-12-08/1760907885.json"
"701111","393980","2025-12-07","215.00","AUD","1760907885","297342/2025-12-07/1760907885.json"
"701111","393980","2025-12-14","215.00","AUD","1760907885","297342/2025-12-14/1760907885.json"
"701111","393980","2025-12-13","215.00","AUD","1760907885","297342/2025-12-13/1760907885.json"
"701111","393980","2025-12-18","215.00","AUD","1760907885","297342/2025-12-18/1760907885.json"
"701111","393980","2025-12-16","215.00","AUD","1760907885","297342/2025-12-16/1760907885.json"
"701111","393980","2025-12-17","215.00","AUD","1760907885","297342/2025-12-17/1760907885.json"
"701111","393980","2025-12-15","215.00","AUD","1760907885","297342/2025-12-15/1760907885.json"
"701111","393980","2025-10-25","240.00","AUD","1760933435","297342/2025-10-25/1760933435.json"
"701111","393980","2025-10-26","240.00","AUD","1760933435","297342/2025-10-26/1760933435.json"
"701111","393980","2025-10-30","240.00","AUD","1760933435","297342/2025-10-30/1760933435.json"
"701111","393980","2025-11-04","215.00","AUD","1760933435","297342/2025-11-04/1760933435.json"
"701111","393980","2025-11-05","215.00","AUD","1760933435","297342/2025-11-05/1760933435.json"
"701111","393980","2025-11-09","215.00","AUD","1760933435","297342/2025-11-09/1760933435.json"
"701111","393980","2025-11-12","215.00","AUD","1760933435","297342/2025-11-12/1760933435.json"
"701111","393980","2025-11-13","215.00","AUD","1760933435","297342/2025-11-13/1760933435.json"
"701111","393980","2025-11-15","215.00","AUD","1760933435","297342/2025-11-15/1760933435.json"
"701111","393980","2025-11-20","215.00","AUD","1760933435","297342/2025-11-20/1760933435.json"
"701111","393980","2025-11-18","215.00","AUD","1760933435","297342/2025-11-18/1760933435.json"
"701111","393980","2025-11-21","215.00","AUD","1760933435","297342/2025-11-21/1760933435.json"
"701111","393980","2025-11-22","215.00","AUD","1760933435","297342/2025-11-22/1760933435.json"
"701111","393980","2025-11-27","215.00","AUD","1760933435","297342/2025-11-27/1760933435.json"
"701111","393980","2025-11-28","215.00","AUD","1760933435","297342/2025-11-28/1760933435.json"
"701111","393980","2025-11-30","215.00","AUD","1760933435","297342/2025-11-30/1760933435.json"
"701111","393980","2025-12-01","215.00","AUD","1760933435","297342/2025-12-01/1760933435.json"
"701111","393980","2025-12-04","215.00","AUD","1760933435","297342/2025-12-04/1760933435.json"
"701111","393980","2025-12-03","215.00","AUD","1760933435","297342/2025-12-03/1760933435.json"
"701111","393980","2025-12-05","215.00","AUD","1760933435","297342/2025-12-05/1760933435.json"
"701111","393980","2025-12-08","215.00","AUD","1760933435","297342/2025-12-08/1760933435.json"
"701111","393980","2025-12-07","215.00","AUD","1760933435","297342/2025-12-07/1760933435.json"
"701111","393980","2025-12-06","215.00","AUD","1760933435","297342/2025-12-06/1760933435.json"
"701111","393980","2025-12-13","215.00","AUD","1760933435","297342/2025-12-13/1760933435.json"
"701111","393980","2025-12-15","215.00","AUD","1760933435","297342/2025-12-15/1760933435.json"
"701111","393980","2025-12-14","215.00","AUD","1760933435","297342/2025-12-14/1760933435.json"
"701111","393980","2025-12-16","215.00","AUD","1760933435","297342/2025-12-16/1760933435.json"
"701111","393980","2025-12-17","215.00","AUD","1760933435","297342/2025-12-17/1760933435.json"
"701111","393980","2025-12-18","215.00","AUD","1760933435","297342/2025-12-18/1760933435.json"
"701111","393980","2025-12-19","215.00","AUD","1760933435","297342/2025-12-19/1760933435.json"
"701111","393980","2025-10-26","240.00","AUD","1760937516","297342/2025-10-26/1760937516.json"
"701111","393980","2025-10-25","240.00","AUD","1760937516","297342/2025-10-25/1760937516.json"
"701111","393980","2025-10-30","240.00","AUD","1760937516","297342/2025-10-30/1760937516.json"
"701111","393980","2025-11-04","215.00","AUD","1760937516","297342/2025-11-04/1760937516.json"
"701111","393980","2025-11-05","215.00","AUD","1760937516","297342/2025-11-05/1760937516.json"
"701111","393980","2025-11-09","215.00","AUD","1760937516","297342/2025-11-09/1760937516.json"
"701111","393980","2025-11-12","215.00","AUD","1760937516","297342/2025-11-12/1760937516.json"
"701111","393980","2025-11-15","215.00","AUD","1760937516","297342/2025-11-15/1760937516.json"
"701111","393980","2025-11-13","215.00","AUD","1760937516","297342/2025-11-13/1760937516.json"
"701111","393980","2025-11-18","215.00","AUD","1760937516","297342/2025-11-18/1760937516.json"
"701111","393980","2025-11-20","215.00","AUD","1760937516","297342/2025-11-20/1760937516.json"
"701111","393980","2025-11-21","215.00","AUD","1760937516","297342/2025-11-21/1760937516.json"
"701111","393980","2025-11-22","215.00","AUD","1760937516","297342/2025-11-22/1760937516.json"
"701111","393980","2025-11-27","215.00","AUD","1760937516","297342/2025-11-27/1760937516.json"
"701111","393980","2025-11-28","215.00","AUD","1760937516","297342/2025-11-28/1760937516.json"
"701111","393980","2025-11-30","215.00","AUD","1760937516","297342/2025-11-30/1760937516.json"
"701111","393980","2025-12-01","215.00","AUD","1760937516","297342/2025-12-01/1760937516.json"
"701111","393980","2025-12-03","215.00","AUD","1760937516","297342/2025-12-03/1760937516.json"
"701111","393980","2025-12-04","215.00","AUD","1760937516","297342/2025-12-04/1760937516.json"
"701111","393980","2025-12-05","215.00","AUD","1760937516","297342/2025-12-05/1760937516.json"
"701111","393980","2025-12-06","215.00","AUD","1760937516","297342/2025-12-06/1760937516.json"
"701111","393980","2025-12-07","215.00","AUD","1760937516","297342/2025-12-07/1760937516.json"
"701111","393980","2025-12-08","215.00","AUD","1760937516","297342/2025-12-08/1760937516.json"
"701111","393980","2025-12-13","215.00","AUD","1760937516","297342/2025-12-13/1760937516.json"
"701111","393980","2025-12-14","215.00","AUD","1760937516","297342/2025-12-14/1760937516.json"
"701111","393980","2025-12-15","215.00","AUD","1760937516","297342/2025-12-15/1760937516.json"
"701111","393980","2025-12-16","215.00","AUD","1760937516","297342/2025-12-16/1760937516.json"
"701111","393980","2025-12-17","215.00","AUD","1760937516","297342/2025-12-17/1760937516.json"
"701111","393980","2025-12-18","215.00","AUD","1760937516","297342/2025-12-18/1760937516.json"
"701111","393980","2025-12-19","215.00","AUD","1760937516","297342/2025-12-19/1760937516.json"
"701111","393980","2025-10-26","240.00","AUD","1760951970","297342/2025-10-26/1760951970.json"
"701111","393980","2025-10-25","240.00","AUD","1760951970","297342/2025-10-25/1760951970.json"
"701111","393980","2025-11-04","215.00","AUD","1760951970","297342/2025-11-04/1760951970.json"
"701111","393980","2025-11-05","215.00","AUD","1760951970","297342/2025-11-05/1760951970.json"
"701111","393980","2025-10-30","240.00","AUD","1760951970","297342/2025-10-30/1760951970.json"
"701111","393980","2025-11-09","215.00","AUD","1760951970","297342/2025-11-09/1760951970.json"
"701111","393980","2025-11-12","215.00","AUD","1760951970","297342/2025-11-12/1760951970.json"
"701111","393980","2025-11-13","215.00","AUD","1760951970","297342/2025-11-13/1760951970.json"
"701111","393980","2025-11-15","215.00","AUD","1760951970","297342/2025-11-15/1760951970.json"
"701111","393980","2025-11-20","215.00","AUD","1760951970","297342/2025-11-20/1760951970.json"
"701111","393980","2025-11-21","215.00","AUD","1760951970","297342/2025-11-21/1760951970.json"
"701111","393980","2025-11-18","215.00","AUD","1760951970","297342/2025-11-18/1760951970.json"
"701111","393980","2025-11-22","215.00","AUD","1760951970","297342/2025-11-22/1760951970.json"
"701111","393980","2025-11-27","215.00","AUD","1760951970","297342/2025-11-27/1760951970.json"
"701111","393980","2025-11-28","215.00","AUD","1760951970","297342/2025-11-28/1760951970.json"
"701111","393980","2025-11-30","215.00","AUD","1760951970","297342/2025-11-30/1760951970.json"
"701111","393980","2025-12-01","215.00","AUD","1760951970","297342/2025-12-01/1760951970.json"
"701111","393980","2025-12-03","215.00","AUD","1760951970","297342/2025-12-03/1760951970.json"
"701111","393980","2025-12-07","215.00","AUD","1760951970","297342/2025-12-07/1760951970.json"
"701111","393980","2025-12-04","215.00","AUD","1760951970","297342/2025-12-04/1760951970.json"
"701111","393980","2025-12-05","215.00","AUD","1760951970","297342/2025-12-05/1760951970.json"
"701111","393980","2025-12-06","215.00","AUD","1760951970","297342/2025-12-06/1760951970.json"
"701111","393980","2025-12-08","215.00","AUD","1760951970","297342/2025-12-08/1760951970.json"
"701111","393980","2025-12-13","215.00","AUD","1760951970","297342/2025-12-13/1760951970.json"
"701111","393980","2025-12-14","215.00","AUD","1760951970","297342/2025-12-14/1760951970.json"
"701111","393980","2025-12-15","215.00","AUD","1760951970","297342/2025-12-15/1760951970.json"
"701111","393980","2025-12-16","215.00","AUD","1760951970","297342/2025-12-16/1760951970.json"
"701111","393980","2025-12-17","215.00","AUD","1760951970","297342/2025-12-17/1760951970.json"
"701111","393980","2025-12-18","215.00","AUD","1760951970","297342/2025-12-18/1760951970.json"
"701111","393980","2025-12-19","215.00","AUD","1760951970","297342/2025-12-19/1760951970.json"
"701111","393980","2025-10-25","240.00","AUD","1760969380","297342/2025-10-25/1760969380.json"
"701111","393980","2025-10-26","240.00","AUD","1760969380","297342/2025-10-26/1760969380.json"
"701111","393980","2025-10-30","240.00","AUD","1760969380","297342/2025-10-30/1760969380.json"
"701111","393980","2025-11-04","215.00","AUD","1760969380","297342/2025-11-04/1760969380.json"
"701111","393980","2025-11-05","215.00","AUD","1760969380","297342/2025-11-05/1760969380.json"
"701111","393980","2025-11-09","215.00","AUD","1760969380","297342/2025-11-09/1760969380.json"
"701111","393980","2025-11-12","215.00","AUD","1760969380","297342/2025-11-12/1760969380.json"
"701111","393980","2025-11-15","215.00","AUD","1760969380","297342/2025-11-15/1760969380.json"
"701111","393980","2025-11-13","215.00","AUD","1760969380","297342/2025-11-13/1760969380.json"
"701111","393980","2025-11-18","215.00","AUD","1760969380","297342/2025-11-18/1760969380.json"
"701111","393980","2025-11-20","215.00","AUD","1760969380","297342/2025-11-20/1760969380.json"
"701111","393980","2025-11-22","215.00","AUD","1760969380","297342/2025-11-22/1760969380.json"
"701111","393980","2025-11-21","215.00","AUD","1760969380","297342/2025-11-21/1760969380.json"
"701111","393980","2025-11-27","215.00","AUD","1760969380","297342/2025-11-27/1760969380.json"
"701111","393980","2025-11-28","215.00","AUD","1760969380","297342/2025-11-28/1760969380.json"
"701111","393980","2025-11-30","215.00","AUD","1760969380","297342/2025-11-30/1760969380.json"
"701111","393980","2025-12-01","215.00","AUD","1760969380","297342/2025-12-01/1760969380.json"
"701111","393980","2025-12-04","215.00","AUD","1760969380","297342/2025-12-04/1760969380.json"
"701111","393980","2025-12-03","215.00","AUD","1760969380","297342/2025-12-03/1760969380.json"
"701111","393980","2025-12-06","215.00","AUD","1760969380","297342/2025-12-06/1760969380.json"
"701111","393980","2025-12-07","215.00","AUD","1760969380","297342/2025-12-07/1760969380.json"
"701111","393980","2025-12-05","215.00","AUD","1760969380","297342/2025-12-05/1760969380.json"
"701111","393980","2025-12-08","215.00","AUD","1760969380","297342/2025-12-08/1760969380.json"
"701111","393980","2025-12-13","215.00","AUD","1760969380","297342/2025-12-13/1760969380.json"
"701111","393980","2025-12-14","215.00","AUD","1760969380","297342/2025-12-14/1760969380.json"
"701111","393980","2025-12-15","215.00","AUD","1760969380","297342/2025-12-15/1760969380.json"
"701111","393980","2025-12-16","215.00","AUD","1760969380","297342/2025-12-16/1760969380.json"
"701111","393980","2025-12-17","215.00","AUD","1760969380","297342/2025-12-17/1760969380.json"
"701111","393980","2025-12-19","215.00","AUD","1760969380","297342/2025-12-19/1760969380.json"
"701111","393980","2025-12-18","215.00","AUD","1760969380","297342/2025-12-18/1760969380.json"
"701111","393980","2025-10-25","240.00","AUD","1760980593","297342/2025-10-25/1760980593.json"
"701111","393980","2025-10-26","240.00","AUD","1760980593","297342/2025-10-26/1760980593.json"
"701111","393980","2025-10-30","240.00","AUD","1760980593","297342/2025-10-30/1760980593.json"
"701111","393980","2025-11-04","215.00","AUD","1760980593","297342/2025-11-04/1760980593.json"
"701111","393980","2025-11-05","215.00","AUD","1760980593","297342/2025-11-05/1760980593.json"
"701111","393980","2025-11-09","215.00","AUD","1760980593","297342/2025-11-09/1760980593.json"
"701111","393980","2025-11-12","215.00","AUD","1760980593","297342/2025-11-12/1760980593.json"
"701111","393980","2025-11-13","215.00","AUD","1760980593","297342/2025-11-13/1760980593.json"
"701111","393980","2025-11-15","215.00","AUD","1760980593","297342/2025-11-15/1760980593.json"
"701111","393980","2025-11-18","215.00","AUD","1760980593","297342/2025-11-18/1760980593.json"
"701111","393980","2025-11-20","215.00","AUD","1760980593","297342/2025-11-20/1760980593.json"
"701111","393980","2025-11-21","215.00","AUD","1760980593","297342/2025-11-21/1760980593.json"
"701111","393980","2025-11-22","215.00","AUD","1760980593","297342/2025-11-22/1760980593.json"
"701111","393980","2025-11-27","215.00","AUD","1760980593","297342/2025-11-27/1760980593.json"
"701111","393980","2025-11-30","215.00","AUD","1760980593","297342/2025-11-30/1760980593.json"
"701111","393980","2025-12-01","215.00","AUD","1760980593","297342/2025-12-01/1760980593.json"
"701111","393980","2025-11-28","215.00","AUD","1760980593","297342/2025-11-28/1760980593.json"
"701111","393980","2025-12-03","215.00","AUD","1760980593","297342/2025-12-03/1760980593.json"
"701111","393980","2025-12-05","215.00","AUD","1760980593","297342/2025-12-05/1760980593.json"
"701111","393980","2025-12-04","215.00","AUD","1760980593","297342/2025-12-04/1760980593.json"
"701111","393980","2025-12-06","215.00","AUD","1760980593","297342/2025-12-06/1760980593.json"
"701111","393980","2025-12-07","215.00","AUD","1760980593","297342/2025-12-07/1760980593.json"
"701111","393980","2025-12-08","215.00","AUD","1760980593","297342/2025-12-08/1760980593.json"
"701111","393980","2025-12-14","215.00","AUD","1760980593","297342/2025-12-14/1760980593.json"
"701111","393980","2025-12-13","215.00","AUD","1760980593","297342/2025-12-13/1760980593.json"
"701111","393980","2025-12-15","215.00","AUD","1760980593","297342/2025-12-15/1760980593.json"
"701111","393980","2025-12-16","215.00","AUD","1760980593","297342/2025-12-16/1760980593.json"
"701111","393980","2025-12-18","215.00","AUD","1760980593","297342/2025-12-18/1760980593.json"
"701111","393980","2025-12-19","215.00","AUD","1760980593","297342/2025-12-19/1760980593.json"
"701111","393980","2025-12-17","215.00","AUD","1760980593","297342/2025-12-17/1760980593.json"
"701111","393980","2025-10-25","240.00","AUD","1760994723","297342/2025-10-25/1760994723.json"
"701111","393980","2025-10-26","240.00","AUD","1760994723","297342/2025-10-26/1760994723.json"
"701111","393980","2025-10-30","240.00","AUD","1760994723","297342/2025-10-30/1760994723.json"
"701111","393980","2025-11-05","215.00","AUD","1760994723","297342/2025-11-05/1760994723.json"
"701111","393980","2025-11-04","215.00","AUD","1760994723","297342/2025-11-04/1760994723.json"
"701111","393980","2025-11-09","215.00","AUD","1760994723","297342/2025-11-09/1760994723.json"
"701111","393980","2025-11-12","215.00","AUD","1760994723","297342/2025-11-12/1760994723.json"
"701111","393980","2025-11-13","215.00","AUD","1760994723","297342/2025-11-13/1760994723.json"
"701111","393980","2025-11-15","215.00","AUD","1760994723","297342/2025-11-15/1760994723.json"
"701111","393980","2025-11-18","215.00","AUD","1760994723","297342/2025-11-18/1760994723.json"
"701111","393980","2025-11-20","215.00","AUD","1760994723","297342/2025-11-20/1760994723.json"
"701111","393980","2025-11-21","215.00","AUD","1760994723","297342/2025-11-21/1760994723.json"
"701111","393980","2025-11-22","215.00","AUD","1760994723","297342/2025-11-22/1760994723.json"
"701111","393980","2025-11-27","215.00","AUD","1760994723","297342/2025-11-27/1760994723.json"
"701111","393980","2025-11-28","215.00","AUD","1760994723","297342/2025-11-28/1760994723.json"
"701111","393980","2025-12-01","215.00","AUD","1760994723","297342/2025-12-01/1760994723.json"
"701111","393980","2025-11-30","215.00","AUD","1760994723","297342/2025-11-30/1760994723.json"
"701111","393980","2025-12-03","215.00","AUD","1760994723","297342/2025-12-03/1760994723.json"
"701111","393980","2025-12-06","215.00","AUD","1760994723","297342/2025-12-06/1760994723.json"
"701111","393980","2025-12-05","215.00","AUD","1760994723","297342/2025-12-05/1760994723.json"
"701111","393980","2025-12-07","215.00","AUD","1760994723","297342/2025-12-07/1760994723.json"
"701111","393980","2025-12-08","215.00","AUD","1760994723","297342/2025-12-08/1760994723.json"
"701111","393980","2025-12-13","215.00","AUD","1760994723","297342/2025-12-13/1760994723.json"
"701111","393980","2025-12-14","215.00","AUD","1760994723","297342/2025-12-14/1760994723.json"
"701111","393980","2025-12-15","215.00","AUD","1760994723","297342/2025-12-15/1760994723.json"
"701111","393980","2025-12-16","215.00","AUD","1760994723","297342/2025-12-16/1760994723.json"
"701111","393980","2025-12-18","215.00","AUD","1760994723","297342/2025-12-18/1760994723.json"
"701111","393980","2025-12-19","215.00","AUD","1760994723","297342/2025-12-19/1760994723.json"
"701111","393980","2025-12-17","215.00","AUD","1760994723","297342/2025-12-17/1760994723.json"
"701111","393980","2025-10-26","240.00","AUD","1761018310","297342/2025-10-26/1761018310.json"
"701111","393980","2025-10-25","240.00","AUD","1761018310","297342/2025-10-25/1761018310.json"
"701111","393980","2025-10-30","240.00","AUD","1761018310","297342/2025-10-30/1761018310.json"
"701111","393980","2025-11-04","215.00","AUD","1761018310","297342/2025-11-04/1761018310.json"
"701111","393980","2025-11-05","215.00","AUD","1761018310","297342/2025-11-05/1761018310.json"
"701111","393980","2025-11-09","215.00","AUD","1761018310","297342/2025-11-09/1761018310.json"
"701111","393980","2025-11-12","215.00","AUD","1761018310","297342/2025-11-12/1761018310.json"
"701111","393980","2025-11-13","215.00","AUD","1761018310","297342/2025-11-13/1761018310.json"
"701111","393980","2025-11-15","215.00","AUD","1761018310","297342/2025-11-15/1761018310.json"
"701111","393980","2025-11-18","215.00","AUD","1761018310","297342/2025-11-18/1761018310.json"
"701111","393980","2025-11-20","215.00","AUD","1761018310","297342/2025-11-20/1761018310.json"
"701111","393980","2025-11-21","215.00","AUD","1761018310","297342/2025-11-21/1761018310.json"
"701111","393980","2025-11-22","215.00","AUD","1761018310","297342/2025-11-22/1761018310.json"
"701111","393980","2025-11-27","215.00","AUD","1761018310","297342/2025-11-27/1761018310.json"
"701111","393980","2025-12-01","215.00","AUD","1761018310","297342/2025-12-01/1761018310.json"
"701111","393980","2025-11-30","215.00","AUD","1761018310","297342/2025-11-30/1761018310.json"
"701111","393980","2025-11-28","215.00","AUD","1761018310","297342/2025-11-28/1761018310.json"
"701111","393980","2025-12-03","215.00","AUD","1761018310","297342/2025-12-03/1761018310.json"
"701111","393980","2025-12-05","215.00","AUD","1761018310","297342/2025-12-05/1761018310.json"
"701111","393980","2025-12-07","215.00","AUD","1761018310","297342/2025-12-07/1761018310.json"
"701111","393980","2025-12-06","215.00","AUD","1761018310","297342/2025-12-06/1761018310.json"
"701111","393980","2025-12-08","215.00","AUD","1761018310","297342/2025-12-08/1761018310.json"
"701111","393980","2025-12-13","215.00","AUD","1761018310","297342/2025-12-13/1761018310.json"
"701111","393980","2025-12-15","215.00","AUD","1761018310","297342/2025-12-15/1761018310.json"
"701111","393980","2025-12-16","215.00","AUD","1761018310","297342/2025-12-16/1761018310.json"
"701111","393980","2025-12-14","215.00","AUD","1761018310","297342/2025-12-14/1761018310.json"
"701111","393980","2025-12-17","215.00","AUD","1761018310","297342/2025-12-17/1761018310.json"
"701111","393980","2025-12-18","215.00","AUD","1761018310","297342/2025-12-18/1761018310.json"
"701111","393980","2025-12-20","215.00","AUD","1761018310","297342/2025-12-20/1761018310.json"
"701111","393980","2025-12-19","215.00","AUD","1761018310","297342/2025-12-19/1761018310.json"
"701111","393980","2025-10-26","240.00","AUD","1761023458","297342/2025-10-26/1761023458.json"
"701111","393980","2025-10-25","240.00","AUD","1761023458","297342/2025-10-25/1761023458.json"
"701111","393980","2025-10-30","240.00","AUD","1761023458","297342/2025-10-30/1761023458.json"
"701111","393980","2025-11-04","215.00","AUD","1761023458","297342/2025-11-04/1761023458.json"
"701111","393980","2025-11-05","215.00","AUD","1761023458","297342/2025-11-05/1761023458.json"
"701111","393980","2025-11-09","215.00","AUD","1761023458","297342/2025-11-09/1761023458.json"
"701111","393980","2025-11-13","215.00","AUD","1761023458","297342/2025-11-13/1761023458.json"
"701111","393980","2025-11-12","215.00","AUD","1761023458","297342/2025-11-12/1761023458.json"
"701111","393980","2025-11-15","215.00","AUD","1761023458","297342/2025-11-15/1761023458.json"
"701111","393980","2025-11-18","215.00","AUD","1761023458","297342/2025-11-18/1761023458.json"
"701111","393980","2025-11-20","215.00","AUD","1761023458","297342/2025-11-20/1761023458.json"
"701111","393980","2025-11-22","215.00","AUD","1761023458","297342/2025-11-22/1761023458.json"
"701111","393980","2025-11-21","215.00","AUD","1761023458","297342/2025-11-21/1761023458.json"
"701111","393980","2025-11-27","215.00","AUD","1761023458","297342/2025-11-27/1761023458.json"
"701111","393980","2025-11-28","215.00","AUD","1761023458","297342/2025-11-28/1761023458.json"
"701111","393980","2025-11-30","215.00","AUD","1761023458","297342/2025-11-30/1761023458.json"
"701111","393980","2025-12-03","215.00","AUD","1761023458","297342/2025-12-03/1761023458.json"
"701111","393980","2025-12-01","215.00","AUD","1761023458","297342/2025-12-01/1761023458.json"
"701111","393980","2025-12-05","215.00","AUD","1761023458","297342/2025-12-05/1761023458.json"
"701111","393980","2025-12-06","215.00","AUD","1761023458","297342/2025-12-06/1761023458.json"
"701111","393980","2025-12-08","215.00","AUD","1761023458","297342/2025-12-08/1761023458.json"
"701111","393980","2025-12-07","215.00","AUD","1761023458","297342/2025-12-07/1761023458.json"
"701111","393980","2025-12-13","215.00","AUD","1761023458","297342/2025-12-13/1761023458.json"
"701111","393980","2025-12-15","215.00","AUD","1761023458","297342/2025-12-15/1761023458.json"
"701111","393980","2025-12-17","215.00","AUD","1761023458","297342/2025-12-17/1761023458.json"
"701111","393980","2025-12-16","215.00","AUD","1761023458","297342/2025-12-16/1761023458.json"
"701111","393980","2025-12-14","215.00","AUD","1761023458","297342/2025-12-14/1761023458.json"
"701111","393980","2025-12-20","215.00","AUD","1761023458","297342/2025-12-20/1761023458.json"
"701111","393980","2025-12-18","215.00","AUD","1761023458","297342/2025-12-18/1761023458.json"
"701111","393980","2025-12-19","215.00","AUD","1761023458","297342/2025-12-19/1761023458.json"
"701111","393980","2025-10-25","240.00","AUD","1761038823","297342/2025-10-25/1761038823.json"
"701111","393980","2025-10-26","240.00","AUD","1761038823","297342/2025-10-26/1761038823.json"
"701111","393980","2025-10-30","240.00","AUD","1761038823","297342/2025-10-30/1761038823.json"
"701111","393980","2025-11-05","215.00","AUD","1761038823","297342/2025-11-05/1761038823.json"
"701111","393980","2025-11-04","215.00","AUD","1761038823","297342/2025-11-04/1761038823.json"
"701111","393980","2025-11-09","215.00","AUD","1761038823","297342/2025-11-09/1761038823.json"
"701111","393980","2025-11-12","215.00","AUD","1761038823","297342/2025-11-12/1761038823.json"
"701111","393980","2025-11-13","215.00","AUD","1761038823","297342/2025-11-13/1761038823.json"
"701111","393980","2025-11-15","215.00","AUD","1761038823","297342/2025-11-15/1761038823.json"
"701111","393980","2025-11-20","215.00","AUD","1761038823","297342/2025-11-20/1761038823.json"
"701111","393980","2025-11-18","215.00","AUD","1761038823","297342/2025-11-18/1761038823.json"
"701111","393980","2025-11-21","215.00","AUD","1761038823","297342/2025-11-21/1761038823.json"
"701111","393980","2025-11-22","215.00","AUD","1761038823","297342/2025-11-22/1761038823.json"
"701111","393980","2025-11-28","215.00","AUD","1761038823","297342/2025-11-28/1761038823.json"
"701111","393980","2025-11-27","215.00","AUD","1761038823","297342/2025-11-27/1761038823.json"
"701111","393980","2025-11-30","215.00","AUD","1761038823","297342/2025-11-30/1761038823.json"
"701111","393980","2025-12-01","215.00","AUD","1761038823","297342/2025-12-01/1761038823.json"
"701111","393980","2025-12-03","215.00","AUD","1761038823","297342/2025-12-03/1761038823.json"
"701111","393980","2025-12-05","215.00","AUD","1761038823","297342/2025-12-05/1761038823.json"
"701111","393980","2025-12-06","215.00","AUD","1761038823","297342/2025-12-06/1761038823.json"
"701111","393980","2025-12-07","215.00","AUD","1761038823","297342/2025-12-07/1761038823.json"
"701111","393980","2025-12-08","215.00","AUD","1761038823","297342/2025-12-08/1761038823.json"
"701111","393980","2025-12-13","215.00","AUD","1761038823","297342/2025-12-13/1761038823.json"
"701111","393980","2025-12-14","215.00","AUD","1761038823","297342/2025-12-14/1761038823.json"
"701111","393980","2025-12-15","215.00","AUD","1761038823","297342/2025-12-15/1761038823.json"
"701111","393980","2025-12-16","215.00","AUD","1761038823","297342/2025-12-16/1761038823.json"
"701111","393980","2025-12-18","215.00","AUD","1761038823","297342/2025-12-18/1761038823.json"
"701111","393980","2025-12-17","215.00","AUD","1761038823","297342/2025-12-17/1761038823.json"
"701111","393980","2025-12-19","215.00","AUD","1761038823","297342/2025-12-19/1761038823.json"
"701111","393980","2025-12-20","215.00","AUD","1761038823","297342/2025-12-20/1761038823.json"
"701111","393980","2025-10-25","240.00","AUD","1761056249","297342/2025-10-25/1761056249.json"
"701111","393980","2025-10-26","240.00","AUD","1761056249","297342/2025-10-26/1761056249.json"
"701111","393980","2025-10-30","240.00","AUD","1761056249","297342/2025-10-30/1761056249.json"
"701111","393980","2025-11-04","215.00","AUD","1761056249","297342/2025-11-04/1761056249.json"
"701111","393980","2025-11-05","215.00","AUD","1761056249","297342/2025-11-05/1761056249.json"
"701111","393980","2025-11-09","215.00","AUD","1761056249","297342/2025-11-09/1761056249.json"
"701111","393980","2025-11-12","215.00","AUD","1761056249","297342/2025-11-12/1761056249.json"
"701111","393980","2025-11-13","215.00","AUD","1761056249","297342/2025-11-13/1761056249.json"
"701111","393980","2025-11-15","215.00","AUD","1761056249","297342/2025-11-15/1761056249.json"
"701111","393980","2025-11-18","215.00","AUD","1761056249","297342/2025-11-18/1761056249.json"
"701111","393980","2025-11-20","215.00","AUD","1761056249","297342/2025-11-20/1761056249.json"
"701111","393980","2025-11-21","215.00","AUD","1761056249","297342/2025-11-21/1761056249.json"
"701111","393980","2025-11-22","215.00","AUD","1761056249","297342/2025-11-22/1761056249.json"
"701111","393980","2025-11-27","215.00","AUD","1761056249","297342/2025-11-27/1761056249.json"
"701111","393980","2025-11-28","215.00","AUD","1761056249","297342/2025-11-28/1761056249.json"
"701111","393980","2025-11-30","215.00","AUD","1761056249","297342/2025-11-30/1761056249.json"
"701111","393980","2025-12-03","215.00","AUD","1761056249","297342/2025-12-03/1761056249.json"
"701111","393980","2025-12-01","215.00","AUD","1761056249","297342/2025-12-01/1761056249.json"
"701111","393980","2025-12-05","215.00","AUD","1761056249","297342/2025-12-05/1761056249.json"
"701111","393980","2025-12-06","215.00","AUD","1761056249","297342/2025-12-06/1761056249.json"
"701111","393980","2025-12-08","215.00","AUD","1761056249","297342/2025-12-08/1761056249.json"
"701111","393980","2025-12-07","215.00","AUD","1761056249","297342/2025-12-07/1761056249.json"
"701111","393980","2025-12-15","215.00","AUD","1761056249","297342/2025-12-15/1761056249.json"
"701111","393980","2025-12-14","215.00","AUD","1761056249","297342/2025-12-14/1761056249.json"
"701111","393980","2025-12-13","215.00","AUD","1761056249","297342/2025-12-13/1761056249.json"
"701111","393980","2025-12-16","215.00","AUD","1761056249","297342/2025-12-16/1761056249.json"
"701111","393980","2025-12-19","215.00","AUD","1761056249","297342/2025-12-19/1761056249.json"
"701111","393980","2025-12-17","215.00","AUD","1761056249","297342/2025-12-17/1761056249.json"
"701111","393980","2025-12-18","215.00","AUD","1761056249","297342/2025-12-18/1761056249.json"
"701111","393980","2025-12-20","215.00","AUD","1761056249","297342/2025-12-20/1761056249.json"
"701111","393980","2025-10-25","240.00","AUD","1761067026","297342/2025-10-25/1761067026.json"
"701111","393980","2025-10-26","240.00","AUD","1761067026","297342/2025-10-26/1761067026.json"
"701111","393980","2025-10-30","240.00","AUD","1761067026","297342/2025-10-30/1761067026.json"
"701111","393980","2025-11-04","215.00","AUD","1761067026","297342/2025-11-04/1761067026.json"
"701111","393980","2025-11-05","215.00","AUD","1761067026","297342/2025-11-05/1761067026.json"
"701111","393980","2025-11-09","215.00","AUD","1761067026","297342/2025-11-09/1761067026.json"
"701111","393980","2025-11-12","215.00","AUD","1761067026","297342/2025-11-12/1761067026.json"
"701111","393980","2025-11-13","215.00","AUD","1761067026","297342/2025-11-13/1761067026.json"
"701111","393980","2025-11-15","215.00","AUD","1761067026","297342/2025-11-15/1761067026.json"
"701111","393980","2025-11-18","215.00","AUD","1761067026","297342/2025-11-18/1761067026.json"
"701111","393980","2025-11-20","215.00","AUD","1761067026","297342/2025-11-20/1761067026.json"
"701111","393980","2025-11-22","215.00","AUD","1761067026","297342/2025-11-22/1761067026.json"
"701111","393980","2025-11-21","215.00","AUD","1761067026","297342/2025-11-21/1761067026.json"
"701111","393980","2025-11-27","215.00","AUD","1761067026","297342/2025-11-27/1761067026.json"
"701111","393980","2025-11-28","215.00","AUD","1761067026","297342/2025-11-28/1761067026.json"
"701111","393980","2025-11-30","215.00","AUD","1761067026","297342/2025-11-30/1761067026.json"
"701111","393980","2025-12-01","215.00","AUD","1761067026","297342/2025-12-01/1761067026.json"
"701111","393980","2025-12-03","215.00","AUD","1761067026","297342/2025-12-03/1761067026.json"
"701111","393980","2025-12-05","215.00","AUD","1761067026","297342/2025-12-05/1761067026.json"
"701111","393980","2025-12-06","215.00","AUD","1761067026","297342/2025-12-06/1761067026.json"
"701111","393980","2025-12-07","215.00","AUD","1761067026","297342/2025-12-07/1761067026.json"
"701111","393980","2025-12-08","215.00","AUD","1761067026","297342/2025-12-08/1761067026.json"
"701111","393980","2025-12-13","215.00","AUD","1761067026","297342/2025-12-13/1761067026.json"
"701111","393980","2025-12-15","215.00","AUD","1761067026","297342/2025-12-15/1761067026.json"
"701111","393980","2025-12-16","215.00","AUD","1761067026","297342/2025-12-16/1761067026.json"
"701111","393980","2025-12-17","215.00","AUD","1761067026","297342/2025-12-17/1761067026.json"
"701111","393980","2025-12-19","215.00","AUD","1761067026","297342/2025-12-19/1761067026.json"
"701111","393980","2025-12-18","215.00","AUD","1761067026","297342/2025-12-18/1761067026.json"
"701111","393980","2025-12-20","215.00","AUD","1761067026","297342/2025-12-20/1761067026.json"
"701111","393980","2025-12-14","215.00","AUD","1761067026","297342/2025-12-14/1761067026.json"
"701111","393980","2025-10-26","240.00","AUD","1761081106","297342/2025-10-26/1761081106.json"
"701111","393980","2025-10-25","240.00","AUD","1761081106","297342/2025-10-25/1761081106.json"
"701111","393980","2025-10-30","240.00","AUD","1761081106","297342/2025-10-30/1761081106.json"
"701111","393980","2025-11-04","215.00","AUD","1761081106","297342/2025-11-04/1761081106.json"
"701111","393980","2025-11-05","215.00","AUD","1761081106","297342/2025-11-05/1761081106.json"
"701111","393980","2025-11-09","215.00","AUD","1761081106","297342/2025-11-09/1761081106.json"
"701111","393980","2025-11-13","215.00","AUD","1761081106","297342/2025-11-13/1761081106.json"
"701111","393980","2025-11-12","215.00","AUD","1761081106","297342/2025-11-12/1761081106.json"
"701111","393980","2025-11-15","215.00","AUD","1761081106","297342/2025-11-15/1761081106.json"
"701111","393980","2025-11-18","215.00","AUD","1761081106","297342/2025-11-18/1761081106.json"
"701111","393980","2025-11-20","215.00","AUD","1761081106","297342/2025-11-20/1761081106.json"
"701111","393980","2025-11-21","215.00","AUD","1761081106","297342/2025-11-21/1761081106.json"
"701111","393980","2025-11-22","215.00","AUD","1761081106","297342/2025-11-22/1761081106.json"
"701111","393980","2025-11-27","215.00","AUD","1761081106","297342/2025-11-27/1761081106.json"
"701111","393980","2025-11-28","215.00","AUD","1761081106","297342/2025-11-28/1761081106.json"
"701111","393980","2025-11-30","215.00","AUD","1761081106","297342/2025-11-30/1761081106.json"
"701111","393980","2025-12-01","215.00","AUD","1761081106","297342/2025-12-01/1761081106.json"
"701111","393980","2025-12-03","215.00","AUD","1761081106","297342/2025-12-03/1761081106.json"
"701111","393980","2025-12-05","215.00","AUD","1761081106","297342/2025-12-05/1761081106.json"
"701111","393980","2025-12-06","215.00","AUD","1761081106","297342/2025-12-06/1761081106.json"
"701111","393980","2025-12-07","215.00","AUD","1761081106","297342/2025-12-07/1761081106.json"
"701111","393980","2025-12-08","215.00","AUD","1761081106","297342/2025-12-08/1761081106.json"
"701111","393980","2025-12-13","215.00","AUD","1761081106","297342/2025-12-13/1761081106.json"
"701111","393980","2025-12-14","215.00","AUD","1761081106","297342/2025-12-14/1761081106.json"
"701111","393980","2025-12-15","215.00","AUD","1761081106","297342/2025-12-15/1761081106.json"
"701111","393980","2025-12-17","215.00","AUD","1761081106","297342/2025-12-17/1761081106.json"
"701111","393980","2025-12-16","215.00","AUD","1761081106","297342/2025-12-16/1761081106.json"
"701111","393980","2025-12-18","215.00","AUD","1761081106","297342/2025-12-18/1761081106.json"
"701111","393980","2025-12-20","215.00","AUD","1761081106","297342/2025-12-20/1761081106.json"
"701111","393980","2025-12-19","215.00","AUD","1761081106","297342/2025-12-19/1761081106.json"
"701111","393980","2025-10-25","240.00","AUD","1761105753","297342/2025-10-25/1761105753.json"
"701111","393980","2025-10-26","240.00","AUD","1761105753","297342/2025-10-26/1761105753.json"
"701111","393980","2025-10-30","240.00","AUD","1761105753","297342/2025-10-30/1761105753.json"
"701111","393980","2025-11-04","215.00","AUD","1761105753","297342/2025-11-04/1761105753.json"
"701111","393980","2025-11-05","215.00","AUD","1761105753","297342/2025-11-05/1761105753.json"
"701111","393980","2025-11-09","215.00","AUD","1761105753","297342/2025-11-09/1761105753.json"
"701111","393980","2025-11-13","215.00","AUD","1761105753","297342/2025-11-13/1761105753.json"
"701111","393980","2025-11-12","215.00","AUD","1761105753","297342/2025-11-12/1761105753.json"
"701111","393980","2025-11-15","215.00","AUD","1761105753","297342/2025-11-15/1761105753.json"
"701111","393980","2025-11-18","215.00","AUD","1761105753","297342/2025-11-18/1761105753.json"
"701111","393980","2025-11-22","215.00","AUD","1761105753","297342/2025-11-22/1761105753.json"
"701111","393980","2025-11-21","215.00","AUD","1761105753","297342/2025-11-21/1761105753.json"
"701111","393980","2025-11-20","215.00","AUD","1761105753","297342/2025-11-20/1761105753.json"
"701111","393980","2025-11-27","215.00","AUD","1761105753","297342/2025-11-27/1761105753.json"
"701111","393980","2025-11-30","215.00","AUD","1761105753","297342/2025-11-30/1761105753.json"
"701111","393980","2025-11-28","215.00","AUD","1761105753","297342/2025-11-28/1761105753.json"
"701111","393980","2025-12-01","215.00","AUD","1761105753","297342/2025-12-01/1761105753.json"
"701111","393980","2025-12-03","215.00","AUD","1761105753","297342/2025-12-03/1761105753.json"
"701111","393980","2025-12-05","215.00","AUD","1761105753","297342/2025-12-05/1761105753.json"
"701111","393980","2025-12-06","215.00","AUD","1761105753","297342/2025-12-06/1761105753.json"
"701111","393980","2025-12-08","215.00","AUD","1761105753","297342/2025-12-08/1761105753.json"
"701111","393980","2025-12-07","215.00","AUD","1761105753","297342/2025-12-07/1761105753.json"
"701111","393980","2025-12-13","215.00","AUD","1761105753","297342/2025-12-13/1761105753.json"
"701111","393980","2025-12-14","215.00","AUD","1761105753","297342/2025-12-14/1761105753.json"
"701111","393980","2025-12-15","215.00","AUD","1761105753","297342/2025-12-15/1761105753.json"
"701111","393980","2025-12-16","215.00","AUD","1761105753","297342/2025-12-16/1761105753.json"
"701111","393980","2025-12-17","215.00","AUD","1761105753","297342/2025-12-17/1761105753.json"
"701111","393980","2025-12-18","215.00","AUD","1761105753","297342/2025-12-18/1761105753.json"
"701111","393980","2025-12-20","215.00","AUD","1761105753","297342/2025-12-20/1761105753.json"
"701111","393980","2025-12-19","215.00","AUD","1761105753","297342/2025-12-19/1761105753.json"
"701111","393980","2025-10-25","240.00","AUD","1761109935","297342/2025-10-25/1761109935.json"
"701111","393980","2025-10-26","240.00","AUD","1761109935","297342/2025-10-26/1761109935.json"
"701111","393980","2025-10-30","240.00","AUD","1761109935","297342/2025-10-30/1761109935.json"
"701111","393980","2025-11-04","215.00","AUD","1761109935","297342/2025-11-04/1761109935.json"
"701111","393980","2025-11-05","215.00","AUD","1761109935","297342/2025-11-05/1761109935.json"
"701111","393980","2025-11-09","215.00","AUD","1761109935","297342/2025-11-09/1761109935.json"
"701111","393980","2025-11-12","215.00","AUD","1761109935","297342/2025-11-12/1761109935.json"
"701111","393980","2025-11-15","215.00","AUD","1761109935","297342/2025-11-15/1761109935.json"
"701111","393980","2025-11-13","215.00","AUD","1761109935","297342/2025-11-13/1761109935.json"
"701111","393980","2025-11-18","215.00","AUD","1761109935","297342/2025-11-18/1761109935.json"
"701111","393980","2025-11-20","215.00","AUD","1761109935","297342/2025-11-20/1761109935.json"
"701111","393980","2025-11-21","215.00","AUD","1761109935","297342/2025-11-21/1761109935.json"
"701111","393980","2025-11-22","215.00","AUD","1761109935","297342/2025-11-22/1761109935.json"
"701111","393980","2025-11-27","215.00","AUD","1761109935","297342/2025-11-27/1761109935.json"
"701111","393980","2025-11-28","215.00","AUD","1761109935","297342/2025-11-28/1761109935.json"
"701111","393980","2025-11-30","215.00","AUD","1761109935","297342/2025-11-30/1761109935.json"
"701111","393980","2025-12-01","215.00","AUD","1761109935","297342/2025-12-01/1761109935.json"
"701111","393980","2025-12-03","215.00","AUD","1761109935","297342/2025-12-03/1761109935.json"
"701111","393980","2025-12-05","215.00","AUD","1761109935","297342/2025-12-05/1761109935.json"
"701111","393980","2025-12-06","215.00","AUD","1761109935","297342/2025-12-06/1761109935.json"
"701111","393980","2025-12-07","215.00","AUD","1761109935","297342/2025-12-07/1761109935.json"
"701111","393980","2025-12-08","215.00","AUD","1761109935","297342/2025-12-08/1761109935.json"
"701111","393980","2025-12-14","215.00","AUD","1761109935","297342/2025-12-14/1761109935.json"
"701111","393980","2025-12-13","215.00","AUD","1761109935","297342/2025-12-13/1761109935.json"
"701111","393980","2025-12-16","215.00","AUD","1761109935","297342/2025-12-16/1761109935.json"
"701111","393980","2025-12-15","215.00","AUD","1761109935","297342/2025-12-15/1761109935.json"
"701111","393980","2025-12-17","215.00","AUD","1761109935","297342/2025-12-17/1761109935.json"
"701111","393980","2025-12-19","215.00","AUD","1761109935","297342/2025-12-19/1761109935.json"
"701111","393980","2025-12-18","215.00","AUD","1761109935","297342/2025-12-18/1761109935.json"
"701111","393980","2025-12-20","215.00","AUD","1761109935","297342/2025-12-20/1761109935.json"
"701111","393980","2025-10-25","240.00","AUD","1761125175","297342/2025-10-25/1761125175.json"
"701111","393980","2025-10-26","240.00","AUD","1761125175","297342/2025-10-26/1761125175.json"
"701111","393980","2025-10-30","240.00","AUD","1761125175","297342/2025-10-30/1761125175.json"
"701111","393980","2025-11-04","215.00","AUD","1761125175","297342/2025-11-04/1761125175.json"
"701111","393980","2025-11-05","215.00","AUD","1761125175","297342/2025-11-05/1761125175.json"
"701111","393980","2025-11-09","215.00","AUD","1761125175","297342/2025-11-09/1761125175.json"
"701111","393980","2025-11-12","215.00","AUD","1761125175","297342/2025-11-12/1761125175.json"
"701111","393980","2025-11-13","215.00","AUD","1761125175","297342/2025-11-13/1761125175.json"
"701111","393980","2025-11-15","215.00","AUD","1761125175","297342/2025-11-15/1761125175.json"
"701111","393980","2025-11-18","215.00","AUD","1761125175","297342/2025-11-18/1761125175.json"
"701111","393980","2025-11-20","215.00","AUD","1761125175","297342/2025-11-20/1761125175.json"
"701111","393980","2025-11-21","215.00","AUD","1761125175","297342/2025-11-21/1761125175.json"
"701111","393980","2025-11-22","215.00","AUD","1761125175","297342/2025-11-22/1761125175.json"
"701111","393980","2025-11-27","215.00","AUD","1761125175","297342/2025-11-27/1761125175.json"
"701111","393980","2025-11-28","215.00","AUD","1761125175","297342/2025-11-28/1761125175.json"
"701111","393980","2025-12-01","215.00","AUD","1761125175","297342/2025-12-01/1761125175.json"
"701111","393980","2025-11-30","215.00","AUD","1761125175","297342/2025-11-30/1761125175.json"
"701111","393980","2025-12-03","215.00","AUD","1761125175","297342/2025-12-03/1761125175.json"
"701111","393980","2025-12-05","215.00","AUD","1761125175","297342/2025-12-05/1761125175.json"
"701111","393980","2025-12-07","215.00","AUD","1761125175","297342/2025-12-07/1761125175.json"
"701111","393980","2025-12-06","215.00","AUD","1761125175","297342/2025-12-06/1761125175.json"
"701111","393980","2025-12-08","215.00","AUD","1761125175","297342/2025-12-08/1761125175.json"
"701111","393980","2025-12-13","215.00","AUD","1761125175","297342/2025-12-13/1761125175.json"
"701111","393980","2025-12-14","215.00","AUD","1761125175","297342/2025-12-14/1761125175.json"
"701111","393980","2025-12-15","215.00","AUD","1761125175","297342/2025-12-15/1761125175.json"
"701111","393980","2025-12-16","215.00","AUD","1761125175","297342/2025-12-16/1761125175.json"
"701111","393980","2025-12-17","215.00","AUD","1761125175","297342/2025-12-17/1761125175.json"
"701111","393980","2025-12-18","215.00","AUD","1761125175","297342/2025-12-18/1761125175.json"
"701111","393980","2025-12-19","215.00","AUD","1761125175","297342/2025-12-19/1761125175.json"
"701111","393980","2025-12-20","215.00","AUD","1761125175","297342/2025-12-20/1761125175.json"
"701111","393980","2025-10-26","240.00","AUD","1761142613","297342/2025-10-26/1761142613.json"
"701111","393980","2025-10-25","240.00","AUD","1761142613","297342/2025-10-25/1761142613.json"
"701111","393980","2025-10-30","240.00","AUD","1761142613","297342/2025-10-30/1761142613.json"
"701111","393980","2025-11-04","215.00","AUD","1761142613","297342/2025-11-04/1761142613.json"
"701111","393980","2025-11-05","215.00","AUD","1761142613","297342/2025-11-05/1761142613.json"
"701111","393980","2025-11-12","215.00","AUD","1761142613","297342/2025-11-12/1761142613.json"
"701111","393980","2025-11-09","215.00","AUD","1761142613","297342/2025-11-09/1761142613.json"
"701111","393980","2025-11-13","215.00","AUD","1761142613","297342/2025-11-13/1761142613.json"
"701111","393980","2025-11-15","215.00","AUD","1761142613","297342/2025-11-15/1761142613.json"
"701111","393980","2025-11-18","215.00","AUD","1761142613","297342/2025-11-18/1761142613.json"
"701111","393980","2025-11-20","215.00","AUD","1761142613","297342/2025-11-20/1761142613.json"
"701111","393980","2025-11-22","215.00","AUD","1761142613","297342/2025-11-22/1761142613.json"
"701111","393980","2025-11-21","215.00","AUD","1761142613","297342/2025-11-21/1761142613.json"
"701111","393980","2025-11-27","215.00","AUD","1761142613","297342/2025-11-27/1761142613.json"
"701111","393980","2025-11-28","215.00","AUD","1761142613","297342/2025-11-28/1761142613.json"
"701111","393980","2025-11-30","215.00","AUD","1761142613","297342/2025-11-30/1761142613.json"
"701111","393980","2025-12-01","215.00","AUD","1761142613","297342/2025-12-01/1761142613.json"
"701111","393980","2025-12-03","215.00","AUD","1761142613","297342/2025-12-03/1761142613.json"
"701111","393980","2025-12-05","215.00","AUD","1761142613","297342/2025-12-05/1761142613.json"
"701111","393980","2025-12-06","215.00","AUD","1761142613","297342/2025-12-06/1761142613.json"
"701111","393980","2025-12-08","215.00","AUD","1761142613","297342/2025-12-08/1761142613.json"
"701111","393980","2025-12-07","215.00","AUD","1761142613","297342/2025-12-07/1761142613.json"
"701111","393980","2025-12-13","215.00","AUD","1761142613","297342/2025-12-13/1761142613.json"
"701111","393980","2025-12-14","215.00","AUD","1761142613","297342/2025-12-14/1761142613.json"
"701111","393980","2025-12-15","215.00","AUD","1761142613","297342/2025-12-15/1761142613.json"
"701111","393980","2025-12-16","215.00","AUD","1761142613","297342/2025-12-16/1761142613.json"
"701111","393980","2025-12-17","215.00","AUD","1761142613","297342/2025-12-17/1761142613.json"
"701111","393980","2025-12-18","215.00","AUD","1761142613","297342/2025-12-18/1761142613.json"
"701111","393980","2025-12-19","215.00","AUD","1761142613","297342/2025-12-19/1761142613.json"
"701111","393980","2025-12-20","215.00","AUD","1761142613","297342/2025-12-20/1761142613.json"
"701111","393980","2025-10-25","240.00","AUD","1761153843","297342/2025-10-25/1761153843.json"
"701111","393980","2025-10-26","240.00","AUD","1761153843","297342/2025-10-26/1761153843.json"
"701111","393980","2025-10-30","240.00","AUD","1761153843","297342/2025-10-30/1761153843.json"
"701111","393980","2025-11-05","215.00","AUD","1761153843","297342/2025-11-05/1761153843.json"
"701111","393980","2025-11-04","215.00","AUD","1761153843","297342/2025-11-04/1761153843.json"
"701111","393980","2025-11-09","215.00","AUD","1761153843","297342/2025-11-09/1761153843.json"
"701111","393980","2025-11-13","215.00","AUD","1761153843","297342/2025-11-13/1761153843.json"
"701111","393980","2025-11-12","215.00","AUD","1761153843","297342/2025-11-12/1761153843.json"
"701111","393980","2025-11-15","215.00","AUD","1761153843","297342/2025-11-15/1761153843.json"
"701111","393980","2025-11-18","215.00","AUD","1761153843","297342/2025-11-18/1761153843.json"
"701111","393980","2025-11-20","215.00","AUD","1761153843","297342/2025-11-20/1761153843.json"
"701111","393980","2025-11-21","215.00","AUD","1761153843","297342/2025-11-21/1761153843.json"
"701111","393980","2025-11-22","215.00","AUD","1761153843","297342/2025-11-22/1761153843.json"
"701111","393980","2025-11-27","215.00","AUD","1761153843","297342/2025-11-27/1761153843.json"
"701111","393980","2025-11-28","215.00","AUD","1761153843","297342/2025-11-28/1761153843.json"
"701111","393980","2025-11-30","215.00","AUD","1761153843","297342/2025-11-30/1761153843.json"
"701111","393980","2025-12-01","215.00","AUD","1761153843","297342/2025-12-01/1761153843.json"
"701111","393980","2025-12-03","215.00","AUD","1761153843","297342/2025-12-03/1761153843.json"
"701111","393980","2025-12-06","215.00","AUD","1761153843","297342/2025-12-06/1761153843.json"
"701111","393980","2025-12-07","215.00","AUD","1761153843","297342/2025-12-07/1761153843.json"
"701111","393980","2025-12-05","215.00","AUD","1761153843","297342/2025-12-05/1761153843.json"
"701111","393980","2025-12-08","215.00","AUD","1761153843","297342/2025-12-08/1761153843.json"
"701111","393980","2025-12-13","215.00","AUD","1761153843","297342/2025-12-13/1761153843.json"
"701111","393980","2025-12-14","215.00","AUD","1761153843","297342/2025-12-14/1761153843.json"
"701111","393980","2025-12-15","215.00","AUD","1761153843","297342/2025-12-15/1761153843.json"
"701111","393980","2025-12-16","215.00","AUD","1761153843","297342/2025-12-16/1761153843.json"
"701111","393980","2025-12-17","215.00","AUD","1761153843","297342/2025-12-17/1761153843.json"
"701111","393980","2025-12-18","215.00","AUD","1761153843","297342/2025-12-18/1761153843.json"
"701111","393980","2025-12-20","215.00","AUD","1761153843","297342/2025-12-20/1761153843.json"
"701111","393980","2025-12-19","215.00","AUD","1761153843","297342/2025-12-19/1761153843.json"
"701111","393980","2025-10-26","240.00","AUD","1761167193","297342/2025-10-26/1761167193.json"
"701111","393980","2025-10-25","240.00","AUD","1761167193","297342/2025-10-25/1761167193.json"
"701111","393980","2025-10-30","240.00","AUD","1761167193","297342/2025-10-30/1761167193.json"
"701111","393980","2025-11-04","215.00","AUD","1761167193","297342/2025-11-04/1761167193.json"
"701111","393980","2025-11-05","215.00","AUD","1761167193","297342/2025-11-05/1761167193.json"
"701111","393980","2025-11-09","215.00","AUD","1761167193","297342/2025-11-09/1761167193.json"
"701111","393980","2025-11-13","215.00","AUD","1761167193","297342/2025-11-13/1761167193.json"
"701111","393980","2025-11-15","215.00","AUD","1761167193","297342/2025-11-15/1761167193.json"
"701111","393980","2025-11-12","215.00","AUD","1761167193","297342/2025-11-12/1761167193.json"
"701111","393980","2025-11-18","215.00","AUD","1761167193","297342/2025-11-18/1761167193.json"
"701111","393980","2025-11-21","215.00","AUD","1761167193","297342/2025-11-21/1761167193.json"
"701111","393980","2025-11-20","215.00","AUD","1761167193","297342/2025-11-20/1761167193.json"
"701111","393980","2025-11-22","215.00","AUD","1761167193","297342/2025-11-22/1761167193.json"
"701111","393980","2025-11-27","215.00","AUD","1761167193","297342/2025-11-27/1761167193.json"
"701111","393980","2025-11-28","215.00","AUD","1761167193","297342/2025-11-28/1761167193.json"
"701111","393980","2025-11-30","215.00","AUD","1761167193","297342/2025-11-30/1761167193.json"
"701111","393980","2025-12-01","215.00","AUD","1761167193","297342/2025-12-01/1761167193.json"
"701111","393980","2025-12-03","215.00","AUD","1761167193","297342/2025-12-03/1761167193.json"
"701111","393980","2025-12-05","215.00","AUD","1761167193","297342/2025-12-05/1761167193.json"
"701111","393980","2025-12-06","215.00","AUD","1761167193","297342/2025-12-06/1761167193.json"
"701111","393980","2025-12-07","215.00","AUD","1761167193","297342/2025-12-07/1761167193.json"
"701111","393980","2025-12-08","215.00","AUD","1761167193","297342/2025-12-08/1761167193.json"
"701111","393980","2025-12-13","215.00","AUD","1761167193","297342/2025-12-13/1761167193.json"
"701111","393980","2025-12-15","215.00","AUD","1761167193","297342/2025-12-15/1761167193.json"
"701111","393980","2025-12-14","215.00","AUD","1761167193","297342/2025-12-14/1761167193.json"
"701111","393980","2025-12-16","215.00","AUD","1761167193","297342/2025-12-16/1761167193.json"
"701111","393980","2025-12-17","215.00","AUD","1761167193","297342/2025-12-17/1761167193.json"
"701111","393980","2025-12-18","215.00","AUD","1761167193","297342/2025-12-18/1761167193.json"
"701111","393980","2025-12-19","215.00","AUD","1761167193","297342/2025-12-19/1761167193.json"
"701111","393980","2025-12-20","215.00","AUD","1761167193","297342/2025-12-20/1761167193.json"
"701111","393980","2025-10-25","240.00","AUD","1761190968","297342/2025-10-25/1761190968.json"
"701111","393980","2025-10-26","240.00","AUD","1761190968","297342/2025-10-26/1761190968.json"
"701111","393980","2025-10-30","240.00","AUD","1761190968","297342/2025-10-30/1761190968.json"
"701111","393980","2025-11-05","215.00","AUD","1761190968","297342/2025-11-05/1761190968.json"
"701111","393980","2025-11-04","215.00","AUD","1761190968","297342/2025-11-04/1761190968.json"
"701111","393980","2025-11-09","215.00","AUD","1761190968","297342/2025-11-09/1761190968.json"
"701111","393980","2025-11-13","215.00","AUD","1761190968","297342/2025-11-13/1761190968.json"
"701111","393980","2025-11-12","215.00","AUD","1761190968","297342/2025-11-12/1761190968.json"
"701111","393980","2025-11-15","215.00","AUD","1761190968","297342/2025-11-15/1761190968.json"
"701111","393980","2025-11-18","215.00","AUD","1761190968","297342/2025-11-18/1761190968.json"
"701111","393980","2025-11-20","215.00","AUD","1761190968","297342/2025-11-20/1761190968.json"
"701111","393980","2025-11-21","215.00","AUD","1761190968","297342/2025-11-21/1761190968.json"
"701111","393980","2025-11-22","215.00","AUD","1761190968","297342/2025-11-22/1761190968.json"
"701111","393980","2025-11-27","215.00","AUD","1761190968","297342/2025-11-27/1761190968.json"
"701111","393980","2025-11-28","215.00","AUD","1761190968","297342/2025-11-28/1761190968.json"
"701111","393980","2025-11-30","215.00","AUD","1761190968","297342/2025-11-30/1761190968.json"
"701111","393980","2025-12-01","215.00","AUD","1761190968","297342/2025-12-01/1761190968.json"
"701111","393980","2025-12-03","215.00","AUD","1761190968","297342/2025-12-03/1761190968.json"
"701111","393980","2025-12-06","215.00","AUD","1761190968","297342/2025-12-06/1761190968.json"
"701111","393980","2025-12-05","215.00","AUD","1761190968","297342/2025-12-05/1761190968.json"
"701111","393980","2025-12-08","215.00","AUD","1761190968","297342/2025-12-08/1761190968.json"
"701111","393980","2025-12-07","215.00","AUD","1761190968","297342/2025-12-07/1761190968.json"
"701111","393980","2025-12-13","215.00","AUD","1761190968","297342/2025-12-13/1761190968.json"
"701111","393980","2025-12-15","215.00","AUD","1761190968","297342/2025-12-15/1761190968.json"
"701111","393980","2025-12-16","215.00","AUD","1761190968","297342/2025-12-16/1761190968.json"
"701111","393980","2025-12-14","215.00","AUD","1761190968","297342/2025-12-14/1761190968.json"
"701111","393980","2025-12-17","215.00","AUD","1761190968","297342/2025-12-17/1761190968.json"
"701111","393980","2025-12-18","215.00","AUD","1761190968","297342/2025-12-18/1761190968.json"
"701111","393980","2025-12-19","215.00","AUD","1761190968","297342/2025-12-19/1761190968.json"
"701111","393980","2025-12-20","215.00","AUD","1761190968","297342/2025-12-20/1761190968.json"
"701111","393980","2025-12-22","215.00","AUD","1761190968","297342/2025-12-22/1761190968.json"
"701111","393980","2025-10-25","240.00","AUD","1761196421","297342/2025-10-25/1761196421.json"
"701111","393980","2025-10-26","240.00","AUD","1761196421","297342/2025-10-26/1761196421.json"
"701111","393980","2025-10-30","240.00","AUD","1761196421","297342/2025-10-30/1761196421.json"
"701111","393980","2025-11-04","215.00","AUD","1761196421","297342/2025-11-04/1761196421.json"
"701111","393980","2025-11-05","215.00","AUD","1761196421","297342/2025-11-05/1761196421.json"
"701111","393980","2025-11-09","215.00","AUD","1761196421","297342/2025-11-09/1761196421.json"
"701111","393980","2025-11-12","215.00","AUD","1761196421","297342/2025-11-12/1761196421.json"
"701111","393980","2025-11-15","215.00","AUD","1761196421","297342/2025-11-15/1761196421.json"
"701111","393980","2025-11-13","215.00","AUD","1761196421","297342/2025-11-13/1761196421.json"
"701111","393980","2025-11-18","215.00","AUD","1761196421","297342/2025-11-18/1761196421.json"
"701111","393980","2025-11-20","215.00","AUD","1761196421","297342/2025-11-20/1761196421.json"
"701111","393980","2025-11-22","215.00","AUD","1761196421","297342/2025-11-22/1761196421.json"
"701111","393980","2025-11-21","215.00","AUD","1761196421","297342/2025-11-21/1761196421.json"
"701111","393980","2025-11-28","215.00","AUD","1761196421","297342/2025-11-28/1761196421.json"
"701111","393980","2025-11-27","215.00","AUD","1761196421","297342/2025-11-27/1761196421.json"
"701111","393980","2025-11-30","215.00","AUD","1761196421","297342/2025-11-30/1761196421.json"
"701111","393980","2025-12-01","215.00","AUD","1761196421","297342/2025-12-01/1761196421.json"
"701111","393980","2025-12-03","215.00","AUD","1761196421","297342/2025-12-03/1761196421.json"
"701111","393980","2025-12-05","215.00","AUD","1761196421","297342/2025-12-05/1761196421.json"
"701111","393980","2025-12-06","215.00","AUD","1761196421","297342/2025-12-06/1761196421.json"
"701111","393980","2025-12-07","215.00","AUD","1761196421","297342/2025-12-07/1761196421.json"
"701111","393980","2025-12-08","215.00","AUD","1761196421","297342/2025-12-08/1761196421.json"
"701111","393980","2025-12-13","215.00","AUD","1761196421","297342/2025-12-13/1761196421.json"
"701111","393980","2025-12-14","215.00","AUD","1761196421","297342/2025-12-14/1761196421.json"
"701111","393980","2025-12-16","215.00","AUD","1761196421","297342/2025-12-16/1761196421.json"
"701111","393980","2025-12-15","215.00","AUD","1761196421","297342/2025-12-15/1761196421.json"
"701111","393980","2025-12-17","215.00","AUD","1761196421","297342/2025-12-17/1761196421.json"
"701111","393980","2025-12-18","215.00","AUD","1761196421","297342/2025-12-18/1761196421.json"
"701111","393980","2025-12-19","215.00","AUD","1761196421","297342/2025-12-19/1761196421.json"
"701111","393980","2025-12-20","215.00","AUD","1761196421","297342/2025-12-20/1761196421.json"
"701111","393980","2025-12-22","215.00","AUD","1761196421","297342/2025-12-22/1761196421.json"
"701111","393980","2025-10-25","240.00","AUD","1761211512","297342/2025-10-25/1761211512.json"
"701111","393980","2025-10-26","240.00","AUD","1761211512","297342/2025-10-26/1761211512.json"
"701111","393980","2025-10-30","240.00","AUD","1761211512","297342/2025-10-30/1761211512.json"
"701111","393980","2025-11-04","215.00","AUD","1761211512","297342/2025-11-04/1761211512.json"
"701111","393980","2025-11-05","215.00","AUD","1761211512","297342/2025-11-05/1761211512.json"
"701111","393980","2025-11-09","215.00","AUD","1761211512","297342/2025-11-09/1761211512.json"
"701111","393980","2025-11-13","215.00","AUD","1761211512","297342/2025-11-13/1761211512.json"
"701111","393980","2025-11-12","215.00","AUD","1761211512","297342/2025-11-12/1761211512.json"
"701111","393980","2025-11-15","215.00","AUD","1761211512","297342/2025-11-15/1761211512.json"
"701111","393980","2025-11-18","215.00","AUD","1761211512","297342/2025-11-18/1761211512.json"
"701111","393980","2025-11-20","215.00","AUD","1761211512","297342/2025-11-20/1761211512.json"
"701111","393980","2025-11-21","215.00","AUD","1761211512","297342/2025-11-21/1761211512.json"
"701111","393980","2025-11-22","215.00","AUD","1761211512","297342/2025-11-22/1761211512.json"
"701111","393980","2025-11-27","215.00","AUD","1761211512","297342/2025-11-27/1761211512.json"
"701111","393980","2025-11-28","215.00","AUD","1761211512","297342/2025-11-28/1761211512.json"
"701111","393980","2025-12-01","215.00","AUD","1761211512","297342/2025-12-01/1761211512.json"
"701111","393980","2025-12-03","215.00","AUD","1761211512","297342/2025-12-03/1761211512.json"
"701111","393980","2025-11-30","215.00","AUD","1761211512","297342/2025-11-30/1761211512.json"
"701111","393980","2025-12-05","215.00","AUD","1761211512","297342/2025-12-05/1761211512.json"
"701111","393980","2025-12-06","215.00","AUD","1761211512","297342/2025-12-06/1761211512.json"
"701111","393980","2025-12-08","215.00","AUD","1761211512","297342/2025-12-08/1761211512.json"
"701111","393980","2025-12-07","215.00","AUD","1761211512","297342/2025-12-07/1761211512.json"
"701111","393980","2025-12-13","215.00","AUD","1761211512","297342/2025-12-13/1761211512.json"
"701111","393980","2025-12-14","215.00","AUD","1761211512","297342/2025-12-14/1761211512.json"
"701111","393980","2025-12-15","215.00","AUD","1761211512","297342/2025-12-15/1761211512.json"
"701111","393980","2025-12-17","215.00","AUD","1761211512","297342/2025-12-17/1761211512.json"
"701111","393980","2025-12-19","215.00","AUD","1761211512","297342/2025-12-19/1761211512.json"
"701111","393980","2025-12-18","215.00","AUD","1761211512","297342/2025-12-18/1761211512.json"
"701111","393980","2025-12-22","215.00","AUD","1761211512","297342/2025-12-22/1761211512.json"
"701111","393980","2025-12-16","215.00","AUD","1761211512","297342/2025-12-16/1761211512.json"
"701111","393980","2025-12-20","215.00","AUD","1761211512","297342/2025-12-20/1761211512.json"
"701111","393980","2025-10-26","240.00","AUD","1761228707","297342/2025-10-26/1761228707.json"
"701111","393980","2025-10-25","240.00","AUD","1761228707","297342/2025-10-25/1761228707.json"
"701111","393980","2025-10-30","240.00","AUD","1761228707","297342/2025-10-30/1761228707.json"
"701111","393980","2025-11-04","215.00","AUD","1761228707","297342/2025-11-04/1761228707.json"
"701111","393980","2025-11-05","215.00","AUD","1761228707","297342/2025-11-05/1761228707.json"
"701111","393980","2025-11-09","215.00","AUD","1761228707","297342/2025-11-09/1761228707.json"
"701111","393980","2025-11-12","215.00","AUD","1761228707","297342/2025-11-12/1761228707.json"
"701111","393980","2025-11-13","215.00","AUD","1761228707","297342/2025-11-13/1761228707.json"
"701111","393980","2025-11-15","215.00","AUD","1761228707","297342/2025-11-15/1761228707.json"
"701111","393980","2025-11-18","215.00","AUD","1761228707","297342/2025-11-18/1761228707.json"
"701111","393980","2025-11-20","215.00","AUD","1761228707","297342/2025-11-20/1761228707.json"
"701111","393980","2025-11-21","215.00","AUD","1761228707","297342/2025-11-21/1761228707.json"
"701111","393980","2025-11-22","215.00","AUD","1761228707","297342/2025-11-22/1761228707.json"
"701111","393980","2025-11-28","215.00","AUD","1761228707","297342/2025-11-28/1761228707.json"
"701111","393980","2025-11-27","215.00","AUD","1761228707","297342/2025-11-27/1761228707.json"
"701111","393980","2025-11-30","215.00","AUD","1761228707","297342/2025-11-30/1761228707.json"
"701111","393980","2025-12-01","215.00","AUD","1761228707","297342/2025-12-01/1761228707.json"
"701111","393980","2025-12-03","215.00","AUD","1761228707","297342/2025-12-03/1761228707.json"
"701111","393980","2025-12-05","215.00","AUD","1761228707","297342/2025-12-05/1761228707.json"
"701111","393980","2025-12-06","215.00","AUD","1761228707","297342/2025-12-06/1761228707.json"
"701111","393980","2025-12-07","215.00","AUD","1761228707","297342/2025-12-07/1761228707.json"
"701111","393980","2025-12-08","215.00","AUD","1761228707","297342/2025-12-08/1761228707.json"
"701111","393980","2025-12-14","215.00","AUD","1761228707","297342/2025-12-14/1761228707.json"
"701111","393980","2025-12-13","215.00","AUD","1761228707","297342/2025-12-13/1761228707.json"
"701111","393980","2025-12-16","215.00","AUD","1761228707","297342/2025-12-16/1761228707.json"
"701111","393980","2025-12-15","215.00","AUD","1761228707","297342/2025-12-15/1761228707.json"
"701111","393980","2025-12-18","215.00","AUD","1761228707","297342/2025-12-18/1761228707.json"
"701111","393980","2025-12-17","215.00","AUD","1761228707","297342/2025-12-17/1761228707.json"
"701111","393980","2025-12-19","215.00","AUD","1761228707","297342/2025-12-19/1761228707.json"
"701111","393980","2025-12-20","215.00","AUD","1761228707","297342/2025-12-20/1761228707.json"
"701111","393980","2025-12-22","215.00","AUD","1761228707","297342/2025-12-22/1761228707.json"
"701111","393980","2025-10-25","240.00","AUD","1761240265","297342/2025-10-25/1761240265.json"
"701111","393980","2025-10-26","240.00","AUD","1761240265","297342/2025-10-26/1761240265.json"
"701111","393980","2025-10-30","240.00","AUD","1761240265","297342/2025-10-30/1761240265.json"
"701111","393980","2025-11-04","215.00","AUD","1761240265","297342/2025-11-04/1761240265.json"
"701111","393980","2025-11-05","215.00","AUD","1761240265","297342/2025-11-05/1761240265.json"
"701111","393980","2025-11-09","215.00","AUD","1761240265","297342/2025-11-09/1761240265.json"
"701111","393980","2025-11-12","215.00","AUD","1761240265","297342/2025-11-12/1761240265.json"
"701111","393980","2025-11-13","215.00","AUD","1761240265","297342/2025-11-13/1761240265.json"
"701111","393980","2025-11-15","215.00","AUD","1761240265","297342/2025-11-15/1761240265.json"
"701111","393980","2025-11-18","215.00","AUD","1761240265","297342/2025-11-18/1761240265.json"
"701111","393980","2025-11-20","215.00","AUD","1761240265","297342/2025-11-20/1761240265.json"
"701111","393980","2025-11-21","215.00","AUD","1761240265","297342/2025-11-21/1761240265.json"
"701111","393980","2025-11-22","215.00","AUD","1761240265","297342/2025-11-22/1761240265.json"
"701111","393980","2025-11-27","215.00","AUD","1761240265","297342/2025-11-27/1761240265.json"
"701111","393980","2025-11-28","215.00","AUD","1761240265","297342/2025-11-28/1761240265.json"
"701111","393980","2025-11-30","215.00","AUD","1761240265","297342/2025-11-30/1761240265.json"
"701111","393980","2025-12-01","215.00","AUD","1761240265","297342/2025-12-01/1761240265.json"
"701111","393980","2025-12-03","215.00","AUD","1761240265","297342/2025-12-03/1761240265.json"
"701111","393980","2025-12-05","215.00","AUD","1761240265","297342/2025-12-05/1761240265.json"
"701111","393980","2025-12-06","215.00","AUD","1761240265","297342/2025-12-06/1761240265.json"
"701111","393980","2025-12-07","215.00","AUD","1761240265","297342/2025-12-07/1761240265.json"
"701111","393980","2025-12-08","215.00","AUD","1761240265","297342/2025-12-08/1761240265.json"
"701111","393980","2025-12-13","215.00","AUD","1761240265","297342/2025-12-13/1761240265.json"
"701111","393980","2025-12-14","215.00","AUD","1761240265","297342/2025-12-14/1761240265.json"
"701111","393980","2025-12-15","215.00","AUD","1761240265","297342/2025-12-15/1761240265.json"
"701111","393980","2025-12-17","215.00","AUD","1761240265","297342/2025-12-17/1761240265.json"
"701111","393980","2025-12-16","215.00","AUD","1761240265","297342/2025-12-16/1761240265.json"
"701111","393980","2025-12-18","215.00","AUD","1761240265","297342/2025-12-18/1761240265.json"
"701111","393980","2025-12-20","215.00","AUD","1761240265","297342/2025-12-20/1761240265.json"
"701111","393980","2025-12-22","215.00","AUD","1761240265","297342/2025-12-22/1761240265.json"
"701111","393980","2025-12-19","215.00","AUD","1761240265","297342/2025-12-19/1761240265.json"
"701111","393980","2025-10-26","240.00","AUD","1761253789","297342/2025-10-26/1761253789.json"
"701111","393980","2025-10-25","240.00","AUD","1761253789","297342/2025-10-25/1761253789.json"
"701111","393980","2025-10-30","240.00","AUD","1761253789","297342/2025-10-30/1761253789.json"
"701111","393980","2025-11-04","215.00","AUD","1761253789","297342/2025-11-04/1761253789.json"
"701111","393980","2025-11-05","215.00","AUD","1761253789","297342/2025-11-05/1761253789.json"
"701111","393980","2025-11-09","215.00","AUD","1761253789","297342/2025-11-09/1761253789.json"
"701111","393980","2025-11-13","215.00","AUD","1761253789","297342/2025-11-13/1761253789.json"
"701111","393980","2025-11-12","215.00","AUD","1761253789","297342/2025-11-12/1761253789.json"
"701111","393980","2025-11-15","215.00","AUD","1761253789","297342/2025-11-15/1761253789.json"
"701111","393980","2025-11-18","215.00","AUD","1761253789","297342/2025-11-18/1761253789.json"
"701111","393980","2025-11-20","215.00","AUD","1761253789","297342/2025-11-20/1761253789.json"
"701111","393980","2025-11-21","215.00","AUD","1761253789","297342/2025-11-21/1761253789.json"
"701111","393980","2025-11-22","215.00","AUD","1761253789","297342/2025-11-22/1761253789.json"
"701111","393980","2025-11-27","215.00","AUD","1761253789","297342/2025-11-27/1761253789.json"
"701111","393980","2025-11-28","215.00","AUD","1761253789","297342/2025-11-28/1761253789.json"
"701111","393980","2025-11-30","215.00","AUD","1761253789","297342/2025-11-30/1761253789.json"
"701111","393980","2025-12-01","215.00","AUD","1761253789","297342/2025-12-01/1761253789.json"
"701111","393980","2025-12-03","215.00","AUD","1761253789","297342/2025-12-03/1761253789.json"
"701111","393980","2025-12-05","215.00","AUD","1761253789","297342/2025-12-05/1761253789.json"
"701111","393980","2025-12-06","215.00","AUD","1761253789","297342/2025-12-06/1761253789.json"
"701111","393980","2025-12-07","215.00","AUD","1761253789","297342/2025-12-07/1761253789.json"
"701111","393980","2025-12-08","215.00","AUD","1761253789","297342/2025-12-08/1761253789.json"
"701111","393980","2025-12-13","215.00","AUD","1761253789","297342/2025-12-13/1761253789.json"
"701111","393980","2025-12-16","215.00","AUD","1761253789","297342/2025-12-16/1761253789.json"
"701111","393980","2025-12-17","215.00","AUD","1761253789","297342/2025-12-17/1761253789.json"
"701111","393980","2025-12-15","215.00","AUD","1761253789","297342/2025-12-15/1761253789.json"
"701111","393980","2025-12-14","215.00","AUD","1761253789","297342/2025-12-14/1761253789.json"
"701111","393980","2025-12-18","215.00","AUD","1761253789","297342/2025-12-18/1761253789.json"
"701111","393980","2025-12-19","215.00","AUD","1761253789","297342/2025-12-19/1761253789.json"
"701111","393980","2025-12-20","215.00","AUD","1761253789","297342/2025-12-20/1761253789.json"
"701111","393980","2025-12-22","215.00","AUD","1761253789","297342/2025-12-22/1761253789.json"
"701111","393980","2025-10-26","240.00","AUD","1761277386","297342/2025-10-26/1761277386.json"
"701111","393980","2025-10-25","240.00","AUD","1761277386","297342/2025-10-25/1761277386.json"
"701111","393980","2025-10-30","240.00","AUD","1761277386","297342/2025-10-30/1761277386.json"
"701111","393980","2025-11-04","215.00","AUD","1761277386","297342/2025-11-04/1761277386.json"
"701111","393980","2025-11-05","215.00","AUD","1761277386","297342/2025-11-05/1761277386.json"
"701111","393980","2025-11-09","215.00","AUD","1761277386","297342/2025-11-09/1761277386.json"
"701111","393980","2025-11-12","215.00","AUD","1761277386","297342/2025-11-12/1761277386.json"
"701111","393980","2025-11-13","215.00","AUD","1761277386","297342/2025-11-13/1761277386.json"
"701111","393980","2025-11-15","215.00","AUD","1761277386","297342/2025-11-15/1761277386.json"
"701111","393980","2025-11-18","215.00","AUD","1761277386","297342/2025-11-18/1761277386.json"
"701111","393980","2025-11-20","215.00","AUD","1761277386","297342/2025-11-20/1761277386.json"
"701111","393980","2025-11-22","215.00","AUD","1761277386","297342/2025-11-22/1761277386.json"
"701111","393980","2025-11-21","215.00","AUD","1761277386","297342/2025-11-21/1761277386.json"
"701111","393980","2025-11-27","215.00","AUD","1761277386","297342/2025-11-27/1761277386.json"
"701111","393980","2025-11-28","215.00","AUD","1761277386","297342/2025-11-28/1761277386.json"
"701111","393980","2025-11-30","215.00","AUD","1761277386","297342/2025-11-30/1761277386.json"
"701111","393980","2025-12-01","215.00","AUD","1761277386","297342/2025-12-01/1761277386.json"
"701111","393980","2025-12-03","215.00","AUD","1761277386","297342/2025-12-03/1761277386.json"
"701111","393980","2025-12-06","215.00","AUD","1761277386","297342/2025-12-06/1761277386.json"
"701111","393980","2025-12-05","215.00","AUD","1761277386","297342/2025-12-05/1761277386.json"
"701111","393980","2025-12-07","215.00","AUD","1761277386","297342/2025-12-07/1761277386.json"
"701111","393980","2025-12-08","215.00","AUD","1761277386","297342/2025-12-08/1761277386.json"
"701111","393980","2025-12-14","215.00","AUD","1761277386","297342/2025-12-14/1761277386.json"
"701111","393980","2025-12-13","215.00","AUD","1761277386","297342/2025-12-13/1761277386.json"
"701111","393980","2025-12-15","215.00","AUD","1761277386","297342/2025-12-15/1761277386.json"
"701111","393980","2025-12-19","215.00","AUD","1761277386","297342/2025-12-19/1761277386.json"
"701111","393980","2025-12-17","215.00","AUD","1761277386","297342/2025-12-17/1761277386.json"
"701111","393980","2025-12-18","215.00","AUD","1761277386","297342/2025-12-18/1761277386.json"
"701111","393980","2025-12-16","215.00","AUD","1761277386","297342/2025-12-16/1761277386.json"
"701111","393980","2025-12-22","215.00","AUD","1761277386","297342/2025-12-22/1761277386.json"
"701111","393980","2025-12-20","215.00","AUD","1761277386","297342/2025-12-20/1761277386.json"
"701111","393980","2025-10-25","240.00","AUD","1761282659","297342/2025-10-25/1761282659.json"
"701111","393980","2025-10-27","240.00","AUD","1761282659","297342/2025-10-27/1761282659.json"
"701111","393980","2025-10-26","240.00","AUD","1761282659","297342/2025-10-26/1761282659.json"
"701111","393980","2025-10-30","240.00","AUD","1761282659","297342/2025-10-30/1761282659.json"
"701111","393980","2025-11-05","215.00","AUD","1761282659","297342/2025-11-05/1761282659.json"
"701111","393980","2025-11-04","215.00","AUD","1761282659","297342/2025-11-04/1761282659.json"
"701111","393980","2025-11-09","215.00","AUD","1761282659","297342/2025-11-09/1761282659.json"
"701111","393980","2025-11-13","215.00","AUD","1761282659","297342/2025-11-13/1761282659.json"
"701111","393980","2025-11-12","215.00","AUD","1761282659","297342/2025-11-12/1761282659.json"
"701111","393980","2025-11-18","215.00","AUD","1761282659","297342/2025-11-18/1761282659.json"
"701111","393980","2025-11-15","215.00","AUD","1761282659","297342/2025-11-15/1761282659.json"
"701111","393980","2025-11-21","215.00","AUD","1761282659","297342/2025-11-21/1761282659.json"
"701111","393980","2025-11-22","215.00","AUD","1761282659","297342/2025-11-22/1761282659.json"
"701111","393980","2025-11-20","215.00","AUD","1761282659","297342/2025-11-20/1761282659.json"
"701111","393980","2025-11-27","215.00","AUD","1761282659","297342/2025-11-27/1761282659.json"
"701111","393980","2025-11-28","215.00","AUD","1761282659","297342/2025-11-28/1761282659.json"
"701111","393980","2025-11-30","215.00","AUD","1761282659","297342/2025-11-30/1761282659.json"
"701111","393980","2025-12-01","215.00","AUD","1761282659","297342/2025-12-01/1761282659.json"
"701111","393980","2025-12-03","215.00","AUD","1761282659","297342/2025-12-03/1761282659.json"
"701111","393980","2025-12-05","215.00","AUD","1761282659","297342/2025-12-05/1761282659.json"
"701111","393980","2025-12-07","215.00","AUD","1761282659","297342/2025-12-07/1761282659.json"
"701111","393980","2025-12-08","215.00","AUD","1761282659","297342/2025-12-08/1761282659.json"
"701111","393980","2025-12-06","215.00","AUD","1761282659","297342/2025-12-06/1761282659.json"
"701111","393980","2025-12-14","215.00","AUD","1761282659","297342/2025-12-14/1761282659.json"
"701111","393980","2025-12-13","215.00","AUD","1761282659","297342/2025-12-13/1761282659.json"
"701111","393980","2025-12-15","215.00","AUD","1761282659","297342/2025-12-15/1761282659.json"
"701111","393980","2025-12-16","215.00","AUD","1761282659","297342/2025-12-16/1761282659.json"
"701111","393980","2025-12-17","215.00","AUD","1761282659","297342/2025-12-17/1761282659.json"
"701111","393980","2025-12-18","215.00","AUD","1761282659","297342/2025-12-18/1761282659.json"
"701111","393980","2025-12-19","215.00","AUD","1761282659","297342/2025-12-19/1761282659.json"
"701111","393980","2025-12-20","215.00","AUD","1761282659","297342/2025-12-20/1761282659.json"
"701111","393980","2025-12-22","215.00","AUD","1761282659","297342/2025-12-22/1761282659.json"
"701111","393980","2025-10-25","240.00","AUD","1761298030","297342/2025-10-25/1761298030.json"
"701111","393980","2025-10-27","240.00","AUD","1761298030","297342/2025-10-27/1761298030.json"
"701111","393980","2025-10-26","240.00","AUD","1761298030","297342/2025-10-26/1761298030.json"
"701111","393980","2025-10-30","240.00","AUD","1761298030","297342/2025-10-30/1761298030.json"
"701111","393980","2025-11-05","215.00","AUD","1761298030","297342/2025-11-05/1761298030.json"
"701111","393980","2025-11-04","215.00","AUD","1761298030","297342/2025-11-04/1761298030.json"
"701111","393980","2025-11-09","215.00","AUD","1761298030","297342/2025-11-09/1761298030.json"
"701111","393980","2025-11-12","215.00","AUD","1761298030","297342/2025-11-12/1761298030.json"
"701111","393980","2025-11-13","215.00","AUD","1761298030","297342/2025-11-13/1761298030.json"
"701111","393980","2025-11-15","215.00","AUD","1761298030","297342/2025-11-15/1761298030.json"
"701111","393980","2025-11-20","215.00","AUD","1761298030","297342/2025-11-20/1761298030.json"
"701111","393980","2025-11-21","215.00","AUD","1761298030","297342/2025-11-21/1761298030.json"
"701111","393980","2025-11-22","215.00","AUD","1761298030","297342/2025-11-22/1761298030.json"
"701111","393980","2025-11-27","215.00","AUD","1761298030","297342/2025-11-27/1761298030.json"
"701111","393980","2025-11-28","215.00","AUD","1761298030","297342/2025-11-28/1761298030.json"
"701111","393980","2025-11-30","215.00","AUD","1761298030","297342/2025-11-30/1761298030.json"
"701111","393980","2025-12-01","215.00","AUD","1761298030","297342/2025-12-01/1761298030.json"
"701111","393980","2025-12-03","215.00","AUD","1761298030","297342/2025-12-03/1761298030.json"
"701111","393980","2025-12-05","215.00","AUD","1761298030","297342/2025-12-05/1761298030.json"
"701111","393980","2025-12-07","215.00","AUD","1761298030","297342/2025-12-07/1761298030.json"
"701111","393980","2025-12-08","215.00","AUD","1761298030","297342/2025-12-08/1761298030.json"
"701111","393980","2025-12-06","215.00","AUD","1761298030","297342/2025-12-06/1761298030.json"
"701111","393980","2025-12-13","215.00","AUD","1761298030","297342/2025-12-13/1761298030.json"
"701111","393980","2025-12-14","215.00","AUD","1761298030","297342/2025-12-14/1761298030.json"
"701111","393980","2025-12-16","215.00","AUD","1761298030","297342/2025-12-16/1761298030.json"
"701111","393980","2025-12-15","215.00","AUD","1761298030","297342/2025-12-15/1761298030.json"
"701111","393980","2025-12-17","215.00","AUD","1761298030","297342/2025-12-17/1761298030.json"
"701111","393980","2025-12-18","215.00","AUD","1761298030","297342/2025-12-18/1761298030.json"
"701111","393980","2025-12-19","215.00","AUD","1761298030","297342/2025-12-19/1761298030.json"
"701111","393980","2025-12-20","215.00","AUD","1761298030","297342/2025-12-20/1761298030.json"
"701111","393980","2025-12-22","215.00","AUD","1761298030","297342/2025-12-22/1761298030.json"
"701111","393980","2025-10-26","240.00","AUD","1761315260","297342/2025-10-26/1761315260.json"
"701111","393980","2025-10-27","240.00","AUD","1761315260","297342/2025-10-27/1761315260.json"
"701111","393980","2025-10-25","240.00","AUD","1761315260","297342/2025-10-25/1761315260.json"
"701111","393980","2025-10-30","240.00","AUD","1761315260","297342/2025-10-30/1761315260.json"
"701111","393980","2025-11-04","215.00","AUD","1761315260","297342/2025-11-04/1761315260.json"
"701111","393980","2025-11-05","215.00","AUD","1761315260","297342/2025-11-05/1761315260.json"
"701111","393980","2025-11-09","215.00","AUD","1761315260","297342/2025-11-09/1761315260.json"
"701111","393980","2025-11-12","215.00","AUD","1761315260","297342/2025-11-12/1761315260.json"
"701111","393980","2025-11-13","215.00","AUD","1761315260","297342/2025-11-13/1761315260.json"
"701111","393980","2025-11-15","215.00","AUD","1761315260","297342/2025-11-15/1761315260.json"
"701111","393980","2025-11-20","215.00","AUD","1761315260","297342/2025-11-20/1761315260.json"
"701111","393980","2025-11-22","215.00","AUD","1761315260","297342/2025-11-22/1761315260.json"
"701111","393980","2025-11-21","215.00","AUD","1761315260","297342/2025-11-21/1761315260.json"
"701111","393980","2025-11-27","215.00","AUD","1761315260","297342/2025-11-27/1761315260.json"
"701111","393980","2025-11-28","215.00","AUD","1761315260","297342/2025-11-28/1761315260.json"
"701111","393980","2025-12-01","215.00","AUD","1761315260","297342/2025-12-01/1761315260.json"
"701111","393980","2025-11-30","215.00","AUD","1761315260","297342/2025-11-30/1761315260.json"
"701111","393980","2025-12-03","215.00","AUD","1761315260","297342/2025-12-03/1761315260.json"
"701111","393980","2025-12-05","215.00","AUD","1761315260","297342/2025-12-05/1761315260.json"
"701111","393980","2025-12-06","215.00","AUD","1761315260","297342/2025-12-06/1761315260.json"
"701111","393980","2025-12-07","215.00","AUD","1761315260","297342/2025-12-07/1761315260.json"
"701111","393980","2025-12-08","215.00","AUD","1761315260","297342/2025-12-08/1761315260.json"
"701111","393980","2025-12-13","215.00","AUD","1761315260","297342/2025-12-13/1761315260.json"
"701111","393980","2025-12-14","215.00","AUD","1761315260","297342/2025-12-14/1761315260.json"
"701111","393980","2025-12-15","215.00","AUD","1761315260","297342/2025-12-15/1761315260.json"
"701111","393980","2025-12-17","215.00","AUD","1761315260","297342/2025-12-17/1761315260.json"
"701111","393980","2025-12-18","215.00","AUD","1761315260","297342/2025-12-18/1761315260.json"
"701111","393980","2025-12-19","215.00","AUD","1761315260","297342/2025-12-19/1761315260.json"
"701111","393980","2025-12-16","215.00","AUD","1761315260","297342/2025-12-16/1761315260.json"
"701111","393980","2025-12-20","215.00","AUD","1761315260","297342/2025-12-20/1761315260.json"
"701111","393980","2025-12-22","215.00","AUD","1761315260","297342/2025-12-22/1761315260.json"
"701111","393980","2025-10-25","240.00","AUD","1761326317","297342/2025-10-25/1761326317.json"
"701111","393980","2025-10-26","240.00","AUD","1761326317","297342/2025-10-26/1761326317.json"
"701111","393980","2025-10-27","240.00","AUD","1761326317","297342/2025-10-27/1761326317.json"
"701111","393980","2025-10-30","240.00","AUD","1761326317","297342/2025-10-30/1761326317.json"
"701111","393980","2025-11-04","215.00","AUD","1761326317","297342/2025-11-04/1761326317.json"
"701111","393980","2025-11-05","215.00","AUD","1761326317","297342/2025-11-05/1761326317.json"
"701111","393980","2025-11-09","215.00","AUD","1761326317","297342/2025-11-09/1761326317.json"
"701111","393980","2025-11-12","215.00","AUD","1761326317","297342/2025-11-12/1761326317.json"
"701111","393980","2025-11-13","215.00","AUD","1761326317","297342/2025-11-13/1761326317.json"
"701111","393980","2025-11-15","215.00","AUD","1761326317","297342/2025-11-15/1761326317.json"
"701111","393980","2025-11-20","215.00","AUD","1761326317","297342/2025-11-20/1761326317.json"
"701111","393980","2025-11-21","215.00","AUD","1761326317","297342/2025-11-21/1761326317.json"
"701111","393980","2025-11-22","215.00","AUD","1761326317","297342/2025-11-22/1761326317.json"
"701111","393980","2025-11-28","215.00","AUD","1761326317","297342/2025-11-28/1761326317.json"
"701111","393980","2025-11-27","215.00","AUD","1761326317","297342/2025-11-27/1761326317.json"
"701111","393980","2025-11-30","215.00","AUD","1761326317","297342/2025-11-30/1761326317.json"
"701111","393980","2025-12-01","215.00","AUD","1761326317","297342/2025-12-01/1761326317.json"
"701111","393980","2025-12-03","215.00","AUD","1761326317","297342/2025-12-03/1761326317.json"
"701111","393980","2025-12-06","215.00","AUD","1761326317","297342/2025-12-06/1761326317.json"
"701111","393980","2025-12-07","215.00","AUD","1761326317","297342/2025-12-07/1761326317.json"
"701111","393980","2025-12-05","215.00","AUD","1761326317","297342/2025-12-05/1761326317.json"
"701111","393980","2025-12-08","215.00","AUD","1761326317","297342/2025-12-08/1761326317.json"
"701111","393980","2025-12-13","215.00","AUD","1761326317","297342/2025-12-13/1761326317.json"
"701111","393980","2025-12-14","215.00","AUD","1761326317","297342/2025-12-14/1761326317.json"
"701111","393980","2025-12-15","215.00","AUD","1761326317","297342/2025-12-15/1761326317.json"
"701111","393980","2025-12-16","215.00","AUD","1761326317","297342/2025-12-16/1761326317.json"
"701111","393980","2025-12-17","215.00","AUD","1761326317","297342/2025-12-17/1761326317.json"
"701111","393980","2025-12-18","215.00","AUD","1761326317","297342/2025-12-18/1761326317.json"
"701111","393980","2025-12-19","215.00","AUD","1761326317","297342/2025-12-19/1761326317.json"
"701111","393980","2025-12-20","215.00","AUD","1761326317","297342/2025-12-20/1761326317.json"
"701111","393980","2025-12-22","215.00","AUD","1761326317","297342/2025-12-22/1761326317.json"
"701111","393980","2025-10-26","240.00","AUD","1761339977","297342/2025-10-26/1761339977.json"
"701111","393980","2025-10-25","240.00","AUD","1761339977","297342/2025-10-25/1761339977.json"
"701111","393980","2025-10-27","240.00","AUD","1761339977","297342/2025-10-27/1761339977.json"
"701111","393980","2025-10-30","240.00","AUD","1761339977","297342/2025-10-30/1761339977.json"
"701111","393980","2025-11-04","215.00","AUD","1761339977","297342/2025-11-04/1761339977.json"
"701111","393980","2025-11-05","215.00","AUD","1761339977","297342/2025-11-05/1761339977.json"
"701111","393980","2025-11-09","215.00","AUD","1761339977","297342/2025-11-09/1761339977.json"
"701111","393980","2025-11-12","215.00","AUD","1761339977","297342/2025-11-12/1761339977.json"
"701111","393980","2025-11-15","215.00","AUD","1761339977","297342/2025-11-15/1761339977.json"
"701111","393980","2025-11-13","215.00","AUD","1761339977","297342/2025-11-13/1761339977.json"
"701111","393980","2025-11-21","215.00","AUD","1761339977","297342/2025-11-21/1761339977.json"
"701111","393980","2025-11-20","215.00","AUD","1761339977","297342/2025-11-20/1761339977.json"
"701111","393980","2025-11-22","215.00","AUD","1761339977","297342/2025-11-22/1761339977.json"
"701111","393980","2025-11-27","215.00","AUD","1761339977","297342/2025-11-27/1761339977.json"
"701111","393980","2025-11-28","215.00","AUD","1761339977","297342/2025-11-28/1761339977.json"
"701111","393980","2025-11-30","215.00","AUD","1761339977","297342/2025-11-30/1761339977.json"
"701111","393980","2025-12-01","215.00","AUD","1761339977","297342/2025-12-01/1761339977.json"
"701111","393980","2025-12-03","215.00","AUD","1761339977","297342/2025-12-03/1761339977.json"
"701111","393980","2025-12-05","215.00","AUD","1761339977","297342/2025-12-05/1761339977.json"
"701111","393980","2025-12-06","215.00","AUD","1761339977","297342/2025-12-06/1761339977.json"
"701111","393980","2025-12-08","215.00","AUD","1761339977","297342/2025-12-08/1761339977.json"
"701111","393980","2025-12-07","215.00","AUD","1761339977","297342/2025-12-07/1761339977.json"
"701111","393980","2025-12-13","215.00","AUD","1761339977","297342/2025-12-13/1761339977.json"
"701111","393980","2025-12-14","215.00","AUD","1761339977","297342/2025-12-14/1761339977.json"
"701111","393980","2025-12-17","215.00","AUD","1761339977","297342/2025-12-17/1761339977.json"
"701111","393980","2025-12-15","215.00","AUD","1761339977","297342/2025-12-15/1761339977.json"
"701111","393980","2025-12-16","215.00","AUD","1761339977","297342/2025-12-16/1761339977.json"
"701111","393980","2025-12-19","215.00","AUD","1761339977","297342/2025-12-19/1761339977.json"
"701111","393980","2025-12-20","215.00","AUD","1761339977","297342/2025-12-20/1761339977.json"
"701111","393980","2025-12-18","215.00","AUD","1761339977","297342/2025-12-18/1761339977.json"
"701111","393980","2025-12-22","215.00","AUD","1761339977","297342/2025-12-22/1761339977.json"
"701111","393980","2025-10-26","240.00","AUD","1761364169","297342/2025-10-26/1761364169.json"
"701111","393980","2025-10-27","240.00","AUD","1761364169","297342/2025-10-27/1761364169.json"
"701111","393980","2025-10-28","240.00","AUD","1761364169","297342/2025-10-28/1761364169.json"
"701111","393980","2025-10-30","240.00","AUD","1761364169","297342/2025-10-30/1761364169.json"
"701111","393980","2025-10-29","240.00","AUD","1761364169","297342/2025-10-29/1761364169.json"
"701111","393980","2025-11-04","215.00","AUD","1761364169","297342/2025-11-04/1761364169.json"
"701111","393980","2025-11-05","215.00","AUD","1761364169","297342/2025-11-05/1761364169.json"
"701111","393980","2025-11-09","215.00","AUD","1761364169","297342/2025-11-09/1761364169.json"
"701111","393980","2025-11-13","215.00","AUD","1761364169","297342/2025-11-13/1761364169.json"
"701111","393980","2025-11-12","215.00","AUD","1761364169","297342/2025-11-12/1761364169.json"
"701111","393980","2025-11-15","215.00","AUD","1761364169","297342/2025-11-15/1761364169.json"
"701111","393980","2025-11-21","215.00","AUD","1761364169","297342/2025-11-21/1761364169.json"
"701111","393980","2025-11-22","215.00","AUD","1761364169","297342/2025-11-22/1761364169.json"
"701111","393980","2025-11-20","215.00","AUD","1761364169","297342/2025-11-20/1761364169.json"
"701111","393980","2025-11-27","215.00","AUD","1761364169","297342/2025-11-27/1761364169.json"
"701111","393980","2025-11-28","215.00","AUD","1761364169","297342/2025-11-28/1761364169.json"
"701111","393980","2025-11-30","215.00","AUD","1761364169","297342/2025-11-30/1761364169.json"
"701111","393980","2025-12-01","215.00","AUD","1761364169","297342/2025-12-01/1761364169.json"
"701111","393980","2025-12-03","215.00","AUD","1761364169","297342/2025-12-03/1761364169.json"
"701111","393980","2025-12-05","215.00","AUD","1761364169","297342/2025-12-05/1761364169.json"
"701111","393980","2025-12-06","215.00","AUD","1761364169","297342/2025-12-06/1761364169.json"
"701111","393980","2025-12-07","215.00","AUD","1761364169","297342/2025-12-07/1761364169.json"
"701111","393980","2025-12-08","215.00","AUD","1761364169","297342/2025-12-08/1761364169.json"
"701111","393980","2025-12-13","215.00","AUD","1761364169","297342/2025-12-13/1761364169.json"
"701111","393980","2025-12-14","215.00","AUD","1761364169","297342/2025-12-14/1761364169.json"
"701111","393980","2025-12-16","215.00","AUD","1761364169","297342/2025-12-16/1761364169.json"
"701111","393980","2025-12-15","215.00","AUD","1761364169","297342/2025-12-15/1761364169.json"
"701111","393980","2025-12-17","215.00","AUD","1761364169","297342/2025-12-17/1761364169.json"
"701111","393980","2025-12-18","215.00","AUD","1761364169","297342/2025-12-18/1761364169.json"
"701111","393980","2025-12-20","215.00","AUD","1761364169","297342/2025-12-20/1761364169.json"
"701111","393980","2025-12-19","215.00","AUD","1761364169","297342/2025-12-19/1761364169.json"
"701111","393980","2025-12-22","215.00","AUD","1761364169","297342/2025-12-22/1761364169.json"
"701111","393980","2025-10-28","240.00","AUD","1761368885","297342/2025-10-28/1761368885.json"
"701111","393980","2025-10-27","240.00","AUD","1761368885","297342/2025-10-27/1761368885.json"
"701111","393980","2025-10-26","240.00","AUD","1761368885","297342/2025-10-26/1761368885.json"
"701111","393980","2025-10-29","240.00","AUD","1761368885","297342/2025-10-29/1761368885.json"
"701111","393980","2025-10-30","240.00","AUD","1761368885","297342/2025-10-30/1761368885.json"
"701111","393980","2025-11-04","215.00","AUD","1761368885","297342/2025-11-04/1761368885.json"
"701111","393980","2025-11-05","215.00","AUD","1761368885","297342/2025-11-05/1761368885.json"
"701111","393980","2025-11-09","215.00","AUD","1761368885","297342/2025-11-09/1761368885.json"
"701111","393980","2025-11-12","215.00","AUD","1761368885","297342/2025-11-12/1761368885.json"
"701111","393980","2025-11-13","215.00","AUD","1761368885","297342/2025-11-13/1761368885.json"
"701111","393980","2025-11-15","215.00","AUD","1761368885","297342/2025-11-15/1761368885.json"
"701111","393980","2025-11-20","215.00","AUD","1761368885","297342/2025-11-20/1761368885.json"
"701111","393980","2025-11-21","215.00","AUD","1761368885","297342/2025-11-21/1761368885.json"
"701111","393980","2025-11-22","215.00","AUD","1761368885","297342/2025-11-22/1761368885.json"
"701111","393980","2025-11-27","215.00","AUD","1761368885","297342/2025-11-27/1761368885.json"
"701111","393980","2025-11-30","215.00","AUD","1761368885","297342/2025-11-30/1761368885.json"
"701111","393980","2025-12-01","215.00","AUD","1761368885","297342/2025-12-01/1761368885.json"
"701111","393980","2025-11-28","215.00","AUD","1761368885","297342/2025-11-28/1761368885.json"
"701111","393980","2025-12-03","215.00","AUD","1761368885","297342/2025-12-03/1761368885.json"
"701111","393980","2025-12-05","215.00","AUD","1761368885","297342/2025-12-05/1761368885.json"
"701111","393980","2025-12-06","215.00","AUD","1761368885","297342/2025-12-06/1761368885.json"
"701111","393980","2025-12-08","215.00","AUD","1761368885","297342/2025-12-08/1761368885.json"
"701111","393980","2025-12-07","215.00","AUD","1761368885","297342/2025-12-07/1761368885.json"
"701111","393980","2025-12-13","215.00","AUD","1761368885","297342/2025-12-13/1761368885.json"
"701111","393980","2025-12-14","215.00","AUD","1761368885","297342/2025-12-14/1761368885.json"
"701111","393980","2025-12-15","215.00","AUD","1761368885","297342/2025-12-15/1761368885.json"
"701111","393980","2025-12-17","215.00","AUD","1761368885","297342/2025-12-17/1761368885.json"
"701111","393980","2025-12-18","215.00","AUD","1761368885","297342/2025-12-18/1761368885.json"
"701111","393980","2025-12-16","215.00","AUD","1761368885","297342/2025-12-16/1761368885.json"
"701111","393980","2025-12-20","215.00","AUD","1761368885","297342/2025-12-20/1761368885.json"
"701111","393980","2025-12-19","215.00","AUD","1761368885","297342/2025-12-19/1761368885.json"
"701111","393980","2025-12-22","215.00","AUD","1761368885","297342/2025-12-22/1761368885.json"
"701111","393980","2025-10-28","240.00","AUD","1761383412","297342/2025-10-28/1761383412.json"
"701111","393980","2025-10-26","240.00","AUD","1761383412","297342/2025-10-26/1761383412.json"
"701111","393980","2025-10-27","240.00","AUD","1761383412","297342/2025-10-27/1761383412.json"
"701111","393980","2025-10-29","240.00","AUD","1761383412","297342/2025-10-29/1761383412.json"
"701111","393980","2025-10-30","240.00","AUD","1761383412","297342/2025-10-30/1761383412.json"
"701111","393980","2025-11-05","215.00","AUD","1761383412","297342/2025-11-05/1761383412.json"
"701111","393980","2025-11-04","215.00","AUD","1761383412","297342/2025-11-04/1761383412.json"
"701111","393980","2025-11-09","215.00","AUD","1761383412","297342/2025-11-09/1761383412.json"
"701111","393980","2025-11-13","215.00","AUD","1761383412","297342/2025-11-13/1761383412.json"
"701111","393980","2025-11-12","215.00","AUD","1761383412","297342/2025-11-12/1761383412.json"
"701111","393980","2025-11-15","215.00","AUD","1761383412","297342/2025-11-15/1761383412.json"
"701111","393980","2025-11-20","215.00","AUD","1761383412","297342/2025-11-20/1761383412.json"
"701111","393980","2025-11-21","215.00","AUD","1761383412","297342/2025-11-21/1761383412.json"
"701111","393980","2025-11-22","215.00","AUD","1761383412","297342/2025-11-22/1761383412.json"
"701111","393980","2025-11-27","215.00","AUD","1761383412","297342/2025-11-27/1761383412.json"
"701111","393980","2025-11-28","215.00","AUD","1761383412","297342/2025-11-28/1761383412.json"
"701111","393980","2025-12-01","215.00","AUD","1761383412","297342/2025-12-01/1761383412.json"
"701111","393980","2025-11-30","215.00","AUD","1761383412","297342/2025-11-30/1761383412.json"
"701111","393980","2025-12-06","215.00","AUD","1761383412","297342/2025-12-06/1761383412.json"
"701111","393980","2025-12-07","215.00","AUD","1761383412","297342/2025-12-07/1761383412.json"
"701111","393980","2025-12-03","215.00","AUD","1761383412","297342/2025-12-03/1761383412.json"
"701111","393980","2025-12-05","215.00","AUD","1761383412","297342/2025-12-05/1761383412.json"
"701111","393980","2025-12-08","215.00","AUD","1761383412","297342/2025-12-08/1761383412.json"
"701111","393980","2025-12-13","215.00","AUD","1761383412","297342/2025-12-13/1761383412.json"
"701111","393980","2025-12-14","215.00","AUD","1761383412","297342/2025-12-14/1761383412.json"
"701111","393980","2025-12-15","215.00","AUD","1761383412","297342/2025-12-15/1761383412.json"
"701111","393980","2025-12-17","215.00","AUD","1761383412","297342/2025-12-17/1761383412.json"
"701111","393980","2025-12-18","215.00","AUD","1761383412","297342/2025-12-18/1761383412.json"
"701111","393980","2025-12-19","215.00","AUD","1761383412","297342/2025-12-19/1761383412.json"
"701111","393980","2025-12-20","215.00","AUD","1761383412","297342/2025-12-20/1761383412.json"
"701111","393980","2025-12-16","215.00","AUD","1761383412","297342/2025-12-16/1761383412.json"
"701111","393980","2025-10-26","240.00","AUD","1761399277","297342/2025-10-26/1761399277.json"
"701111","393980","2025-10-28","240.00","AUD","1761399277","297342/2025-10-28/1761399277.json"
"701111","393980","2025-10-27","240.00","AUD","1761399277","297342/2025-10-27/1761399277.json"
"701111","393980","2025-10-29","240.00","AUD","1761399277","297342/2025-10-29/1761399277.json"
"701111","393980","2025-10-30","240.00","AUD","1761399277","297342/2025-10-30/1761399277.json"
"701111","393980","2025-11-05","215.00","AUD","1761399277","297342/2025-11-05/1761399277.json"
"701111","393980","2025-11-04","215.00","AUD","1761399277","297342/2025-11-04/1761399277.json"
"701111","393980","2025-11-09","215.00","AUD","1761399277","297342/2025-11-09/1761399277.json"
"701111","393980","2025-11-13","215.00","AUD","1761399277","297342/2025-11-13/1761399277.json"
"701111","393980","2025-11-12","215.00","AUD","1761399277","297342/2025-11-12/1761399277.json"
"701111","393980","2025-11-15","215.00","AUD","1761399277","297342/2025-11-15/1761399277.json"
"701111","393980","2025-11-20","215.00","AUD","1761399277","297342/2025-11-20/1761399277.json"
"701111","393980","2025-11-22","215.00","AUD","1761399277","297342/2025-11-22/1761399277.json"
"701111","393980","2025-11-21","215.00","AUD","1761399277","297342/2025-11-21/1761399277.json"
"701111","393980","2025-11-27","215.00","AUD","1761399277","297342/2025-11-27/1761399277.json"
"701111","393980","2025-11-28","215.00","AUD","1761399277","297342/2025-11-28/1761399277.json"
"701111","393980","2025-12-01","215.00","AUD","1761399277","297342/2025-12-01/1761399277.json"
"701111","393980","2025-11-30","215.00","AUD","1761399277","297342/2025-11-30/1761399277.json"
"701111","393980","2025-12-03","215.00","AUD","1761399277","297342/2025-12-03/1761399277.json"
"701111","393980","2025-12-05","215.00","AUD","1761399277","297342/2025-12-05/1761399277.json"
"701111","393980","2025-12-06","215.00","AUD","1761399277","297342/2025-12-06/1761399277.json"
"701111","393980","2025-12-07","215.00","AUD","1761399277","297342/2025-12-07/1761399277.json"
"701111","393980","2025-12-08","215.00","AUD","1761399277","297342/2025-12-08/1761399277.json"
"701111","393980","2025-12-13","215.00","AUD","1761399277","297342/2025-12-13/1761399277.json"
"701111","393980","2025-12-15","215.00","AUD","1761399277","297342/2025-12-15/1761399277.json"
"701111","393980","2025-12-14","215.00","AUD","1761399277","297342/2025-12-14/1761399277.json"
"701111","393980","2025-12-16","215.00","AUD","1761399277","297342/2025-12-16/1761399277.json"
"701111","393980","2025-12-17","215.00","AUD","1761399277","297342/2025-12-17/1761399277.json"
"701111","393980","2025-12-19","215.00","AUD","1761399277","297342/2025-12-19/1761399277.json"
"701111","393980","2025-12-18","215.00","AUD","1761399277","297342/2025-12-18/1761399277.json"
"701111","393980","2025-12-20","215.00","AUD","1761399277","297342/2025-12-20/1761399277.json"
"701111","393980","2025-10-26","240.00","AUD","1761412313","297342/2025-10-26/1761412313.json"
"701111","393980","2025-10-27","240.00","AUD","1761412313","297342/2025-10-27/1761412313.json"
"701111","393980","2025-10-28","240.00","AUD","1761412313","297342/2025-10-28/1761412313.json"
"701111","393980","2025-10-29","240.00","AUD","1761412313","297342/2025-10-29/1761412313.json"
"701111","393980","2025-10-30","240.00","AUD","1761412313","297342/2025-10-30/1761412313.json"
"701111","393980","2025-11-04","215.00","AUD","1761412313","297342/2025-11-04/1761412313.json"
"701111","393980","2025-11-05","215.00","AUD","1761412313","297342/2025-11-05/1761412313.json"
"701111","393980","2025-11-09","215.00","AUD","1761412313","297342/2025-11-09/1761412313.json"
"701111","393980","2025-11-13","215.00","AUD","1761412313","297342/2025-11-13/1761412313.json"
"701111","393980","2025-11-12","215.00","AUD","1761412313","297342/2025-11-12/1761412313.json"
"701111","393980","2025-11-15","215.00","AUD","1761412313","297342/2025-11-15/1761412313.json"
"701111","393980","2025-11-20","215.00","AUD","1761412313","297342/2025-11-20/1761412313.json"
"701111","393980","2025-11-21","215.00","AUD","1761412313","297342/2025-11-21/1761412313.json"
"701111","393980","2025-11-22","215.00","AUD","1761412313","297342/2025-11-22/1761412313.json"
"701111","393980","2025-11-28","215.00","AUD","1761412313","297342/2025-11-28/1761412313.json"
"701111","393980","2025-11-30","215.00","AUD","1761412313","297342/2025-11-30/1761412313.json"
"701111","393980","2025-12-01","215.00","AUD","1761412313","297342/2025-12-01/1761412313.json"
"701111","393980","2025-11-27","215.00","AUD","1761412313","297342/2025-11-27/1761412313.json"
"701111","393980","2025-12-03","215.00","AUD","1761412313","297342/2025-12-03/1761412313.json"
"701111","393980","2025-12-05","215.00","AUD","1761412313","297342/2025-12-05/1761412313.json"
"701111","393980","2025-12-07","215.00","AUD","1761412313","297342/2025-12-07/1761412313.json"
"701111","393980","2025-12-06","215.00","AUD","1761412313","297342/2025-12-06/1761412313.json"
"701111","393980","2025-12-08","215.00","AUD","1761412313","297342/2025-12-08/1761412313.json"
"701111","393980","2025-12-13","215.00","AUD","1761412313","297342/2025-12-13/1761412313.json"
"701111","393980","2025-12-14","215.00","AUD","1761412313","297342/2025-12-14/1761412313.json"
"701111","393980","2025-12-15","215.00","AUD","1761412313","297342/2025-12-15/1761412313.json"
"701111","393980","2025-12-16","215.00","AUD","1761412313","297342/2025-12-16/1761412313.json"
"701111","393980","2025-12-17","215.00","AUD","1761412313","297342/2025-12-17/1761412313.json"
"701111","393980","2025-12-18","215.00","AUD","1761412313","297342/2025-12-18/1761412313.json"
"701111","393980","2025-12-19","215.00","AUD","1761412313","297342/2025-12-19/1761412313.json"
"701111","393980","2025-12-20","215.00","AUD","1761412313","297342/2025-12-20/1761412313.json"
"701111","393980","2025-10-27","240.00","AUD","1761426406","297342/2025-10-27/1761426406.json"
"701111","393980","2025-10-28","240.00","AUD","1761426406","297342/2025-10-28/1761426406.json"
"701111","393980","2025-10-26","240.00","AUD","1761426406","297342/2025-10-26/1761426406.json"
"701111","393980","2025-10-29","240.00","AUD","1761426406","297342/2025-10-29/1761426406.json"
"701111","393980","2025-10-30","240.00","AUD","1761426406","297342/2025-10-30/1761426406.json"
"701111","393980","2025-11-04","215.00","AUD","1761426406","297342/2025-11-04/1761426406.json"
"701111","393980","2025-11-05","215.00","AUD","1761426406","297342/2025-11-05/1761426406.json"
"701111","393980","2025-11-09","215.00","AUD","1761426406","297342/2025-11-09/1761426406.json"
"701111","393980","2025-11-12","215.00","AUD","1761426406","297342/2025-11-12/1761426406.json"
"701111","393980","2025-11-13","215.00","AUD","1761426406","297342/2025-11-13/1761426406.json"
"701111","393980","2025-11-15","215.00","AUD","1761426406","297342/2025-11-15/1761426406.json"
"701111","393980","2025-11-20","215.00","AUD","1761426406","297342/2025-11-20/1761426406.json"
"701111","393980","2025-11-21","215.00","AUD","1761426406","297342/2025-11-21/1761426406.json"
"701111","393980","2025-11-22","215.00","AUD","1761426406","297342/2025-11-22/1761426406.json"
"701111","393980","2025-11-27","215.00","AUD","1761426406","297342/2025-11-27/1761426406.json"
"701111","393980","2025-11-28","215.00","AUD","1761426406","297342/2025-11-28/1761426406.json"
"701111","393980","2025-11-30","215.00","AUD","1761426406","297342/2025-11-30/1761426406.json"
"701111","393980","2025-12-01","215.00","AUD","1761426406","297342/2025-12-01/1761426406.json"
"701111","393980","2025-12-03","215.00","AUD","1761426406","297342/2025-12-03/1761426406.json"
"701111","393980","2025-12-05","215.00","AUD","1761426406","297342/2025-12-05/1761426406.json"
"701111","393980","2025-12-06","215.00","AUD","1761426406","297342/2025-12-06/1761426406.json"
"701111","393980","2025-12-08","215.00","AUD","1761426406","297342/2025-12-08/1761426406.json"
"701111","393980","2025-12-07","215.00","AUD","1761426406","297342/2025-12-07/1761426406.json"
"701111","393980","2025-12-16","215.00","AUD","1761426406","297342/2025-12-16/1761426406.json"
"701111","393980","2025-12-14","215.00","AUD","1761426406","297342/2025-12-14/1761426406.json"
"701111","393980","2025-12-15","215.00","AUD","1761426406","297342/2025-12-15/1761426406.json"
"701111","393980","2025-12-13","215.00","AUD","1761426406","297342/2025-12-13/1761426406.json"
"701111","393980","2025-12-17","215.00","AUD","1761426406","297342/2025-12-17/1761426406.json"
"701111","393980","2025-12-18","215.00","AUD","1761426406","297342/2025-12-18/1761426406.json"
"701111","393980","2025-12-19","215.00","AUD","1761426406","297342/2025-12-19/1761426406.json"
"701111","393980","2025-12-20","215.00","AUD","1761426406","297342/2025-12-20/1761426406.json"
"701111","393980","2025-10-26","240.00","AUD","1761451256","297342/2025-10-26/1761451256.json"
"701111","393980","2025-10-29","240.00","AUD","1761451256","297342/2025-10-29/1761451256.json"
"701111","393980","2025-10-30","240.00","AUD","1761451256","297342/2025-10-30/1761451256.json"
"701111","393980","2025-11-04","215.00","AUD","1761451256","297342/2025-11-04/1761451256.json"
"701111","393980","2025-11-05","215.00","AUD","1761451256","297342/2025-11-05/1761451256.json"
"701111","393980","2025-11-09","215.00","AUD","1761451256","297342/2025-11-09/1761451256.json"
"701111","393980","2025-11-12","215.00","AUD","1761451256","297342/2025-11-12/1761451256.json"
"701111","393980","2025-11-13","215.00","AUD","1761451256","297342/2025-11-13/1761451256.json"
"701111","393980","2025-11-15","215.00","AUD","1761451256","297342/2025-11-15/1761451256.json"
"701111","393980","2025-11-20","215.00","AUD","1761451256","297342/2025-11-20/1761451256.json"
"701111","393980","2025-11-22","215.00","AUD","1761451256","297342/2025-11-22/1761451256.json"
"701111","393980","2025-11-21","215.00","AUD","1761451256","297342/2025-11-21/1761451256.json"
"701111","393980","2025-11-28","215.00","AUD","1761451256","297342/2025-11-28/1761451256.json"
"701111","393980","2025-11-27","215.00","AUD","1761451256","297342/2025-11-27/1761451256.json"
"701111","393980","2025-11-30","215.00","AUD","1761451256","297342/2025-11-30/1761451256.json"
"701111","393980","2025-12-01","215.00","AUD","1761451256","297342/2025-12-01/1761451256.json"
"701111","393980","2025-12-03","215.00","AUD","1761451256","297342/2025-12-03/1761451256.json"
"701111","393980","2025-12-05","215.00","AUD","1761451256","297342/2025-12-05/1761451256.json"
"701111","393980","2025-12-06","215.00","AUD","1761451256","297342/2025-12-06/1761451256.json"
"701111","393980","2025-12-07","215.00","AUD","1761451256","297342/2025-12-07/1761451256.json"
"701111","393980","2025-12-08","215.00","AUD","1761451256","297342/2025-12-08/1761451256.json"
"701111","393980","2025-12-13","215.00","AUD","1761451256","297342/2025-12-13/1761451256.json"
"701111","393980","2025-12-14","215.00","AUD","1761451256","297342/2025-12-14/1761451256.json"
"701111","393980","2025-12-15","215.00","AUD","1761451256","297342/2025-12-15/1761451256.json"
"701111","393980","2025-12-16","215.00","AUD","1761451256","297342/2025-12-16/1761451256.json"
"701111","393980","2025-12-18","215.00","AUD","1761451256","297342/2025-12-18/1761451256.json"
"701111","393980","2025-12-17","215.00","AUD","1761451256","297342/2025-12-17/1761451256.json"
"701111","393980","2025-12-19","215.00","AUD","1761451256","297342/2025-12-19/1761451256.json"
"701111","393980","2025-12-20","215.00","AUD","1761451256","297342/2025-12-20/1761451256.json"
"701111","393980","2025-12-25","215.00","AUD","1761451256","297342/2025-12-25/1761451256.json"
"701111","393980","2025-10-26","240.00","AUD","1761455291","297342/2025-10-26/1761455291.json"
"701111","393980","2025-10-29","240.00","AUD","1761455291","297342/2025-10-29/1761455291.json"
"701111","393980","2025-10-30","240.00","AUD","1761455291","297342/2025-10-30/1761455291.json"
"701111","393980","2025-11-05","215.00","AUD","1761455291","297342/2025-11-05/1761455291.json"
"701111","393980","2025-11-04","215.00","AUD","1761455291","297342/2025-11-04/1761455291.json"
"701111","393980","2025-11-09","215.00","AUD","1761455291","297342/2025-11-09/1761455291.json"
"701111","393980","2025-11-12","215.00","AUD","1761455291","297342/2025-11-12/1761455291.json"
"701111","393980","2025-11-13","215.00","AUD","1761455291","297342/2025-11-13/1761455291.json"
"701111","393980","2025-11-15","215.00","AUD","1761455291","297342/2025-11-15/1761455291.json"
"701111","393980","2025-11-20","215.00","AUD","1761455291","297342/2025-11-20/1761455291.json"
"701111","393980","2025-11-21","215.00","AUD","1761455291","297342/2025-11-21/1761455291.json"
"701111","393980","2025-11-22","215.00","AUD","1761455291","297342/2025-11-22/1761455291.json"
"701111","393980","2025-11-27","215.00","AUD","1761455291","297342/2025-11-27/1761455291.json"
"701111","393980","2025-11-28","215.00","AUD","1761455291","297342/2025-11-28/1761455291.json"
"701111","393980","2025-11-30","215.00","AUD","1761455291","297342/2025-11-30/1761455291.json"
"701111","393980","2025-12-01","215.00","AUD","1761455291","297342/2025-12-01/1761455291.json"
"701111","393980","2025-12-03","215.00","AUD","1761455291","297342/2025-12-03/1761455291.json"
"701111","393980","2025-12-06","215.00","AUD","1761455291","297342/2025-12-06/1761455291.json"
"701111","393980","2025-12-05","215.00","AUD","1761455291","297342/2025-12-05/1761455291.json"
"701111","393980","2025-12-07","215.00","AUD","1761455291","297342/2025-12-07/1761455291.json"
"701111","393980","2025-12-08","215.00","AUD","1761455291","297342/2025-12-08/1761455291.json"
"701111","393980","2025-12-13","215.00","AUD","1761455291","297342/2025-12-13/1761455291.json"
"701111","393980","2025-12-14","215.00","AUD","1761455291","297342/2025-12-14/1761455291.json"
"701111","393980","2025-12-15","215.00","AUD","1761455291","297342/2025-12-15/1761455291.json"
"701111","393980","2025-12-16","215.00","AUD","1761455291","297342/2025-12-16/1761455291.json"
"701111","393980","2025-12-17","215.00","AUD","1761455291","297342/2025-12-17/1761455291.json"
"701111","393980","2025-12-18","215.00","AUD","1761455291","297342/2025-12-18/1761455291.json"
"701111","393980","2025-12-19","215.00","AUD","1761455291","297342/2025-12-19/1761455291.json"
"701111","393980","2025-12-20","215.00","AUD","1761455291","297342/2025-12-20/1761455291.json"
"701111","393980","2025-12-25","215.00","AUD","1761455291","297342/2025-12-25/1761455291.json"
"701111","393980","2025-10-29","240.00","AUD","1761469654","297342/2025-10-29/1761469654.json"
"701111","393980","2025-10-30","240.00","AUD","1761469654","297342/2025-10-30/1761469654.json"
"701111","393980","2025-11-04","215.00","AUD","1761469654","297342/2025-11-04/1761469654.json"
"701111","393980","2025-11-05","215.00","AUD","1761469654","297342/2025-11-05/1761469654.json"
"701111","393980","2025-11-09","215.00","AUD","1761469654","297342/2025-11-09/1761469654.json"
"701111","393980","2025-11-12","215.00","AUD","1761469654","297342/2025-11-12/1761469654.json"
"701111","393980","2025-11-13","215.00","AUD","1761469654","297342/2025-11-13/1761469654.json"
"701111","393980","2025-11-15","215.00","AUD","1761469654","297342/2025-11-15/1761469654.json"
"701111","393980","2025-11-20","215.00","AUD","1761469654","297342/2025-11-20/1761469654.json"
"701111","393980","2025-11-21","215.00","AUD","1761469654","297342/2025-11-21/1761469654.json"
"701111","393980","2025-11-22","215.00","AUD","1761469654","297342/2025-11-22/1761469654.json"
"701111","393980","2025-11-27","215.00","AUD","1761469654","297342/2025-11-27/1761469654.json"
"701111","393980","2025-11-28","215.00","AUD","1761469654","297342/2025-11-28/1761469654.json"
"701111","393980","2025-12-01","215.00","AUD","1761469654","297342/2025-12-01/1761469654.json"
"701111","393980","2025-11-30","215.00","AUD","1761469654","297342/2025-11-30/1761469654.json"
"701111","393980","2025-12-03","215.00","AUD","1761469654","297342/2025-12-03/1761469654.json"
"701111","393980","2025-12-05","215.00","AUD","1761469654","297342/2025-12-05/1761469654.json"
"701111","393980","2025-12-06","215.00","AUD","1761469654","297342/2025-12-06/1761469654.json"
"701111","393980","2025-12-08","215.00","AUD","1761469654","297342/2025-12-08/1761469654.json"
"701111","393980","2025-12-07","215.00","AUD","1761469654","297342/2025-12-07/1761469654.json"
"701111","393980","2025-12-13","215.00","AUD","1761469654","297342/2025-12-13/1761469654.json"
"701111","393980","2025-12-14","215.00","AUD","1761469654","297342/2025-12-14/1761469654.json"
"701111","393980","2025-12-15","215.00","AUD","1761469654","297342/2025-12-15/1761469654.json"
"701111","393980","2025-12-16","215.00","AUD","1761469654","297342/2025-12-16/1761469654.json"
"701111","393980","2025-12-19","215.00","AUD","1761469654","297342/2025-12-19/1761469654.json"
"701111","393980","2025-12-18","215.00","AUD","1761469654","297342/2025-12-18/1761469654.json"
"701111","393980","2025-12-17","215.00","AUD","1761469654","297342/2025-12-17/1761469654.json"
"701111","393980","2025-12-20","215.00","AUD","1761469654","297342/2025-12-20/1761469654.json"
"701111","393980","2025-12-25","215.00","AUD","1761469654","297342/2025-12-25/1761469654.json"
"701111","393980","2025-10-30","240.00","AUD","1761485826","297342/2025-10-30/1761485826.json"
"701111","393980","2025-11-04","215.00","AUD","1761485826","297342/2025-11-04/1761485826.json"
"701111","393980","2025-11-05","215.00","AUD","1761485826","297342/2025-11-05/1761485826.json"
"701111","393980","2025-11-09","215.00","AUD","1761485826","297342/2025-11-09/1761485826.json"
"701111","393980","2025-11-12","215.00","AUD","1761485826","297342/2025-11-12/1761485826.json"
"701111","393980","2025-11-13","215.00","AUD","1761485826","297342/2025-11-13/1761485826.json"
"701111","393980","2025-11-15","215.00","AUD","1761485826","297342/2025-11-15/1761485826.json"
"701111","393980","2025-11-20","215.00","AUD","1761485826","297342/2025-11-20/1761485826.json"
"701111","393980","2025-11-22","215.00","AUD","1761485826","297342/2025-11-22/1761485826.json"
"701111","393980","2025-11-21","215.00","AUD","1761485826","297342/2025-11-21/1761485826.json"
"701111","393980","2025-11-27","215.00","AUD","1761485826","297342/2025-11-27/1761485826.json"
"701111","393980","2025-11-28","215.00","AUD","1761485826","297342/2025-11-28/1761485826.json"
"701111","393980","2025-11-30","215.00","AUD","1761485826","297342/2025-11-30/1761485826.json"
"701111","393980","2025-12-01","215.00","AUD","1761485826","297342/2025-12-01/1761485826.json"
"701111","393980","2025-12-03","215.00","AUD","1761485826","297342/2025-12-03/1761485826.json"
"701111","393980","2025-12-05","215.00","AUD","1761485826","297342/2025-12-05/1761485826.json"
"701111","393980","2025-12-06","215.00","AUD","1761485826","297342/2025-12-06/1761485826.json"
"701111","393980","2025-12-07","215.00","AUD","1761485826","297342/2025-12-07/1761485826.json"
"701111","393980","2025-12-08","215.00","AUD","1761485826","297342/2025-12-08/1761485826.json"
"701111","393980","2025-12-15","215.00","AUD","1761485826","297342/2025-12-15/1761485826.json"
"701111","393980","2025-12-14","215.00","AUD","1761485826","297342/2025-12-14/1761485826.json"
"701111","393980","2025-12-13","215.00","AUD","1761485826","297342/2025-12-13/1761485826.json"
"701111","393980","2025-12-16","215.00","AUD","1761485826","297342/2025-12-16/1761485826.json"
"701111","393980","2025-12-17","215.00","AUD","1761485826","297342/2025-12-17/1761485826.json"
"701111","393980","2025-12-19","215.00","AUD","1761485826","297342/2025-12-19/1761485826.json"
"701111","393980","2025-12-18","215.00","AUD","1761485826","297342/2025-12-18/1761485826.json"
"701111","393980","2025-12-20","215.00","AUD","1761485826","297342/2025-12-20/1761485826.json"
"701111","393980","2025-12-22","215.00","AUD","1761485826","297342/2025-12-22/1761485826.json"
"701111","393980","2025-12-25","215.00","AUD","1761485826","297342/2025-12-25/1761485826.json"
"701111","393980","2025-10-30","240.00","AUD","1761498963","297342/2025-10-30/1761498963.json"
"701111","393980","2025-11-04","215.00","AUD","1761498963","297342/2025-11-04/1761498963.json"
"701111","393980","2025-11-05","215.00","AUD","1761498963","297342/2025-11-05/1761498963.json"
"701111","393980","2025-11-09","215.00","AUD","1761498963","297342/2025-11-09/1761498963.json"
"701111","393980","2025-11-13","215.00","AUD","1761498963","297342/2025-11-13/1761498963.json"
"701111","393980","2025-11-12","215.00","AUD","1761498963","297342/2025-11-12/1761498963.json"
"701111","393980","2025-11-15","215.00","AUD","1761498963","297342/2025-11-15/1761498963.json"
"701111","393980","2025-11-20","215.00","AUD","1761498963","297342/2025-11-20/1761498963.json"
"701111","393980","2025-11-21","215.00","AUD","1761498963","297342/2025-11-21/1761498963.json"
"701111","393980","2025-11-22","215.00","AUD","1761498963","297342/2025-11-22/1761498963.json"
"701111","393980","2025-11-27","215.00","AUD","1761498963","297342/2025-11-27/1761498963.json"
"701111","393980","2025-11-28","215.00","AUD","1761498963","297342/2025-11-28/1761498963.json"
"701111","393980","2025-12-01","215.00","AUD","1761498963","297342/2025-12-01/1761498963.json"
"701111","393980","2025-12-03","215.00","AUD","1761498963","297342/2025-12-03/1761498963.json"
"701111","393980","2025-11-30","215.00","AUD","1761498963","297342/2025-11-30/1761498963.json"
"701111","393980","2025-12-05","215.00","AUD","1761498963","297342/2025-12-05/1761498963.json"
"701111","393980","2025-12-07","215.00","AUD","1761498963","297342/2025-12-07/1761498963.json"
"701111","393980","2025-12-06","215.00","AUD","1761498963","297342/2025-12-06/1761498963.json"
"701111","393980","2025-12-08","215.00","AUD","1761498963","297342/2025-12-08/1761498963.json"
"701111","393980","2025-12-13","215.00","AUD","1761498963","297342/2025-12-13/1761498963.json"
"701111","393980","2025-12-14","215.00","AUD","1761498963","297342/2025-12-14/1761498963.json"
"701111","393980","2025-12-15","215.00","AUD","1761498963","297342/2025-12-15/1761498963.json"
"701111","393980","2025-12-16","215.00","AUD","1761498963","297342/2025-12-16/1761498963.json"
"701111","393980","2025-12-17","215.00","AUD","1761498963","297342/2025-12-17/1761498963.json"
"701111","393980","2025-12-18","215.00","AUD","1761498963","297342/2025-12-18/1761498963.json"
"701111","393980","2025-12-20","215.00","AUD","1761498963","297342/2025-12-20/1761498963.json"
"701111","393980","2025-12-19","215.00","AUD","1761498963","297342/2025-12-19/1761498963.json"
"701111","393980","2025-12-25","215.00","AUD","1761498963","297342/2025-12-25/1761498963.json"
"701111","393980","2025-12-22","215.00","AUD","1761498963","297342/2025-12-22/1761498963.json"
"701111","393980","2025-10-30","240.00","AUD","1761512917","297342/2025-10-30/1761512917.json"
"701111","393980","2025-11-04","215.00","AUD","1761512917","297342/2025-11-04/1761512917.json"
"701111","393980","2025-11-05","215.00","AUD","1761512917","297342/2025-11-05/1761512917.json"
"701111","393980","2025-11-09","215.00","AUD","1761512917","297342/2025-11-09/1761512917.json"
"701111","393980","2025-11-12","215.00","AUD","1761512917","297342/2025-11-12/1761512917.json"
"701111","393980","2025-11-13","215.00","AUD","1761512917","297342/2025-11-13/1761512917.json"
"701111","393980","2025-11-15","215.00","AUD","1761512917","297342/2025-11-15/1761512917.json"
"701111","393980","2025-11-20","215.00","AUD","1761512917","297342/2025-11-20/1761512917.json"
"701111","393980","2025-11-21","215.00","AUD","1761512917","297342/2025-11-21/1761512917.json"
"701111","393980","2025-11-22","215.00","AUD","1761512917","297342/2025-11-22/1761512917.json"
"701111","393980","2025-11-27","215.00","AUD","1761512917","297342/2025-11-27/1761512917.json"
"701111","393980","2025-11-28","215.00","AUD","1761512917","297342/2025-11-28/1761512917.json"
"701111","393980","2025-11-30","215.00","AUD","1761512917","297342/2025-11-30/1761512917.json"
"701111","393980","2025-12-01","215.00","AUD","1761512917","297342/2025-12-01/1761512917.json"
"701111","393980","2025-12-03","215.00","AUD","1761512917","297342/2025-12-03/1761512917.json"
"701111","393980","2025-12-06","215.00","AUD","1761512917","297342/2025-12-06/1761512917.json"
"701111","393980","2025-12-05","215.00","AUD","1761512917","297342/2025-12-05/1761512917.json"
"701111","393980","2025-12-07","215.00","AUD","1761512917","297342/2025-12-07/1761512917.json"
"701111","393980","2025-12-08","215.00","AUD","1761512917","297342/2025-12-08/1761512917.json"
"701111","393980","2025-12-13","215.00","AUD","1761512917","297342/2025-12-13/1761512917.json"
"701111","393980","2025-12-14","215.00","AUD","1761512917","297342/2025-12-14/1761512917.json"
"701111","393980","2025-12-15","215.00","AUD","1761512917","297342/2025-12-15/1761512917.json"
"701111","393980","2025-12-16","215.00","AUD","1761512917","297342/2025-12-16/1761512917.json"
"701111","393980","2025-12-17","215.00","AUD","1761512917","297342/2025-12-17/1761512917.json"
"701111","393980","2025-12-18","215.00","AUD","1761512917","297342/2025-12-18/1761512917.json"
"701111","393980","2025-12-19","215.00","AUD","1761512917","297342/2025-12-19/1761512917.json"
"701111","393980","2025-12-20","215.00","AUD","1761512917","297342/2025-12-20/1761512917.json"
"701111","393980","2025-12-22","215.00","AUD","1761512917","297342/2025-12-22/1761512917.json"
"701111","393980","2025-12-25","215.00","AUD","1761512917","297342/2025-12-25/1761512917.json"
"701111","393980","2025-10-30","240.00","AUD","1761538361","297342/2025-10-30/1761538361.json"
"701111","393980","2025-11-04","215.00","AUD","1761538361","297342/2025-11-04/1761538361.json"
"701111","393980","2025-11-09","215.00","AUD","1761538361","297342/2025-11-09/1761538361.json"
"701111","393980","2025-11-12","215.00","AUD","1761538361","297342/2025-11-12/1761538361.json"
"701111","393980","2025-11-13","215.00","AUD","1761538361","297342/2025-11-13/1761538361.json"
"701111","393980","2025-11-15","215.00","AUD","1761538361","297342/2025-11-15/1761538361.json"
"701111","393980","2025-11-20","215.00","AUD","1761538361","297342/2025-11-20/1761538361.json"
"701111","393980","2025-11-21","215.00","AUD","1761538361","297342/2025-11-21/1761538361.json"
"701111","393980","2025-11-22","215.00","AUD","1761538361","297342/2025-11-22/1761538361.json"
"701111","393980","2025-11-27","215.00","AUD","1761538361","297342/2025-11-27/1761538361.json"
"701111","393980","2025-11-28","215.00","AUD","1761538361","297342/2025-11-28/1761538361.json"
"701111","393980","2025-11-30","215.00","AUD","1761538361","297342/2025-11-30/1761538361.json"
"701111","393980","2025-12-01","215.00","AUD","1761538361","297342/2025-12-01/1761538361.json"
"701111","393980","2025-12-03","215.00","AUD","1761538361","297342/2025-12-03/1761538361.json"
"701111","393980","2025-12-05","215.00","AUD","1761538361","297342/2025-12-05/1761538361.json"
"701111","393980","2025-12-06","215.00","AUD","1761538361","297342/2025-12-06/1761538361.json"
"701111","393980","2025-12-08","215.00","AUD","1761538361","297342/2025-12-08/1761538361.json"
"701111","393980","2025-12-07","215.00","AUD","1761538361","297342/2025-12-07/1761538361.json"
"701111","393980","2025-12-13","215.00","AUD","1761538361","297342/2025-12-13/1761538361.json"
"701111","393980","2025-12-14","215.00","AUD","1761538361","297342/2025-12-14/1761538361.json"
"701111","393980","2025-12-15","215.00","AUD","1761538361","297342/2025-12-15/1761538361.json"
"701111","393980","2025-12-16","215.00","AUD","1761538361","297342/2025-12-16/1761538361.json"
"701111","393980","2025-12-17","215.00","AUD","1761538361","297342/2025-12-17/1761538361.json"
"701111","393980","2025-12-18","215.00","AUD","1761538361","297342/2025-12-18/1761538361.json"
"701111","393980","2025-12-19","215.00","AUD","1761538361","297342/2025-12-19/1761538361.json"
"701111","393980","2025-12-20","215.00","AUD","1761538361","297342/2025-12-20/1761538361.json"
"701111","393980","2025-12-22","215.00","AUD","1761538361","297342/2025-12-22/1761538361.json"
"701111","393980","2025-12-25","215.00","AUD","1761538361","297342/2025-12-25/1761538361.json"
"701111","393980","2025-12-26","215.00","AUD","1761538361","297342/2025-12-26/1761538361.json"
"701111","393980","2025-10-30","240.00","AUD","1761542566","297342/2025-10-30/1761542566.json"
"701111","393980","2025-11-09","215.00","AUD","1761542566","297342/2025-11-09/1761542566.json"
"701111","393980","2025-11-12","215.00","AUD","1761542566","297342/2025-11-12/1761542566.json"
"701111","393980","2025-11-13","215.00","AUD","1761542566","297342/2025-11-13/1761542566.json"
"701111","393980","2025-11-15","215.00","AUD","1761542566","297342/2025-11-15/1761542566.json"
"701111","393980","2025-11-04","215.00","AUD","1761542566","297342/2025-11-04/1761542566.json"
"701111","393980","2025-11-20","215.00","AUD","1761542566","297342/2025-11-20/1761542566.json"
"701111","393980","2025-11-21","215.00","AUD","1761542566","297342/2025-11-21/1761542566.json"
"701111","393980","2025-11-22","215.00","AUD","1761542566","297342/2025-11-22/1761542566.json"
"701111","393980","2025-11-27","215.00","AUD","1761542566","297342/2025-11-27/1761542566.json"
"701111","393980","2025-11-28","215.00","AUD","1761542566","297342/2025-11-28/1761542566.json"
"701111","393980","2025-11-30","215.00","AUD","1761542566","297342/2025-11-30/1761542566.json"
"701111","393980","2025-12-01","215.00","AUD","1761542566","297342/2025-12-01/1761542566.json"
"701111","393980","2025-12-03","215.00","AUD","1761542566","297342/2025-12-03/1761542566.json"
"701111","393980","2025-12-05","215.00","AUD","1761542566","297342/2025-12-05/1761542566.json"
"701111","393980","2025-12-06","215.00","AUD","1761542566","297342/2025-12-06/1761542566.json"
"701111","393980","2025-12-07","215.00","AUD","1761542566","297342/2025-12-07/1761542566.json"
"701111","393980","2025-12-08","215.00","AUD","1761542566","297342/2025-12-08/1761542566.json"
"701111","393980","2025-12-13","215.00","AUD","1761542566","297342/2025-12-13/1761542566.json"
"701111","393980","2025-12-14","215.00","AUD","1761542566","297342/2025-12-14/1761542566.json"
"701111","393980","2025-12-15","215.00","AUD","1761542566","297342/2025-12-15/1761542566.json"
"701111","393980","2025-12-16","215.00","AUD","1761542566","297342/2025-12-16/1761542566.json"
"701111","393980","2025-12-17","215.00","AUD","1761542566","297342/2025-12-17/1761542566.json"
"701111","393980","2025-12-18","215.00","AUD","1761542566","297342/2025-12-18/1761542566.json"
"701111","393980","2025-12-19","215.00","AUD","1761542566","297342/2025-12-19/1761542566.json"
"701111","393980","2025-12-20","215.00","AUD","1761542566","297342/2025-12-20/1761542566.json"
"701111","393980","2025-12-22","215.00","AUD","1761542566","297342/2025-12-22/1761542566.json"
"701111","393980","2025-12-25","215.00","AUD","1761542566","297342/2025-12-25/1761542566.json"
"701111","393980","2025-12-26","215.00","AUD","1761542566","297342/2025-12-26/1761542566.json"
"701111","393980","2025-10-30","240.00","AUD","1761556946","297342/2025-10-30/1761556946.json"
"701111","393980","2025-11-04","215.00","AUD","1761556946","297342/2025-11-04/1761556946.json"
"701111","393980","2025-11-09","215.00","AUD","1761556946","297342/2025-11-09/1761556946.json"
"701111","393980","2025-11-12","215.00","AUD","1761556946","297342/2025-11-12/1761556946.json"
"701111","393980","2025-11-13","215.00","AUD","1761556946","297342/2025-11-13/1761556946.json"
"701111","393980","2025-11-15","215.00","AUD","1761556946","297342/2025-11-15/1761556946.json"
"701111","393980","2025-11-21","215.00","AUD","1761556946","297342/2025-11-21/1761556946.json"
"701111","393980","2025-11-20","215.00","AUD","1761556946","297342/2025-11-20/1761556946.json"
"701111","393980","2025-11-22","215.00","AUD","1761556946","297342/2025-11-22/1761556946.json"
"701111","393980","2025-11-27","215.00","AUD","1761556946","297342/2025-11-27/1761556946.json"
"701111","393980","2025-11-28","215.00","AUD","1761556946","297342/2025-11-28/1761556946.json"
"701111","393980","2025-12-01","215.00","AUD","1761556946","297342/2025-12-01/1761556946.json"
"701111","393980","2025-11-30","215.00","AUD","1761556946","297342/2025-11-30/1761556946.json"
"701111","393980","2025-12-03","215.00","AUD","1761556946","297342/2025-12-03/1761556946.json"
"701111","393980","2025-12-05","215.00","AUD","1761556946","297342/2025-12-05/1761556946.json"
"701111","393980","2025-12-06","215.00","AUD","1761556946","297342/2025-12-06/1761556946.json"
"701111","393980","2025-12-07","215.00","AUD","1761556946","297342/2025-12-07/1761556946.json"
"701111","393980","2025-12-08","215.00","AUD","1761556946","297342/2025-12-08/1761556946.json"
"701111","393980","2025-12-13","215.00","AUD","1761556946","297342/2025-12-13/1761556946.json"
"701111","393980","2025-12-14","215.00","AUD","1761556946","297342/2025-12-14/1761556946.json"
"701111","393980","2025-12-15","215.00","AUD","1761556946","297342/2025-12-15/1761556946.json"
"701111","393980","2025-12-16","215.00","AUD","1761556946","297342/2025-12-16/1761556946.json"
"701111","393980","2025-12-18","215.00","AUD","1761556946","297342/2025-12-18/1761556946.json"
"701111","393980","2025-12-17","215.00","AUD","1761556946","297342/2025-12-17/1761556946.json"
"701111","393980","2025-12-19","215.00","AUD","1761556946","297342/2025-12-19/1761556946.json"
"701111","393980","2025-12-20","215.00","AUD","1761556946","297342/2025-12-20/1761556946.json"
"701111","393980","2025-12-22","215.00","AUD","1761556946","297342/2025-12-22/1761556946.json"
"701111","393980","2025-12-26","215.00","AUD","1761556946","297342/2025-12-26/1761556946.json"
"701111","393980","2025-12-25","215.00","AUD","1761556946","297342/2025-12-25/1761556946.json"
"701111","393980","2025-10-30","240.00","AUD","1761574573","297342/2025-10-30/1761574573.json"
"701111","393980","2025-11-04","215.00","AUD","1761574573","297342/2025-11-04/1761574573.json"
"701111","393980","2025-11-09","215.00","AUD","1761574573","297342/2025-11-09/1761574573.json"
"701111","393980","2025-11-12","215.00","AUD","1761574573","297342/2025-11-12/1761574573.json"
"701111","393980","2025-11-13","215.00","AUD","1761574573","297342/2025-11-13/1761574573.json"
"701111","393980","2025-11-15","215.00","AUD","1761574573","297342/2025-11-15/1761574573.json"
"701111","393980","2025-11-21","215.00","AUD","1761574573","297342/2025-11-21/1761574573.json"
"701111","393980","2025-11-22","215.00","AUD","1761574573","297342/2025-11-22/1761574573.json"
"701111","393980","2025-11-20","215.00","AUD","1761574573","297342/2025-11-20/1761574573.json"
"701111","393980","2025-11-27","215.00","AUD","1761574573","297342/2025-11-27/1761574573.json"
"701111","393980","2025-11-28","215.00","AUD","1761574573","297342/2025-11-28/1761574573.json"
"701111","393980","2025-11-30","215.00","AUD","1761574573","297342/2025-11-30/1761574573.json"
"701111","393980","2025-12-01","215.00","AUD","1761574573","297342/2025-12-01/1761574573.json"
"701111","393980","2025-12-03","215.00","AUD","1761574573","297342/2025-12-03/1761574573.json"
"701111","393980","2025-12-06","215.00","AUD","1761574573","297342/2025-12-06/1761574573.json"
"701111","393980","2025-12-05","215.00","AUD","1761574573","297342/2025-12-05/1761574573.json"
"701111","393980","2025-12-08","215.00","AUD","1761574573","297342/2025-12-08/1761574573.json"
"701111","393980","2025-12-07","215.00","AUD","1761574573","297342/2025-12-07/1761574573.json"
"701111","393980","2025-12-13","215.00","AUD","1761574573","297342/2025-12-13/1761574573.json"
"701111","393980","2025-12-14","215.00","AUD","1761574573","297342/2025-12-14/1761574573.json"
"701111","393980","2025-12-16","215.00","AUD","1761574573","297342/2025-12-16/1761574573.json"
"701111","393980","2025-12-17","215.00","AUD","1761574573","297342/2025-12-17/1761574573.json"
"701111","393980","2025-12-15","215.00","AUD","1761574573","297342/2025-12-15/1761574573.json"
"701111","393980","2025-12-19","215.00","AUD","1761574573","297342/2025-12-19/1761574573.json"
"701111","393980","2025-12-20","215.00","AUD","1761574573","297342/2025-12-20/1761574573.json"
"701111","393980","2025-12-22","215.00","AUD","1761574573","297342/2025-12-22/1761574573.json"
"701111","393980","2025-12-25","215.00","AUD","1761574573","297342/2025-12-25/1761574573.json"
"701111","393980","2025-12-26","215.00","AUD","1761574573","297342/2025-12-26/1761574573.json"
"701111","393980","2025-10-30","240.00","AUD","1761585899","297342/2025-10-30/1761585899.json"
"701111","393980","2025-11-04","215.00","AUD","1761585899","297342/2025-11-04/1761585899.json"
"701111","393980","2025-11-12","215.00","AUD","1761585899","297342/2025-11-12/1761585899.json"
"701111","393980","2025-11-13","215.00","AUD","1761585899","297342/2025-11-13/1761585899.json"
"701111","393980","2025-11-15","215.00","AUD","1761585899","297342/2025-11-15/1761585899.json"
"701111","393980","2025-11-09","215.00","AUD","1761585899","297342/2025-11-09/1761585899.json"
"701111","393980","2025-11-20","215.00","AUD","1761585899","297342/2025-11-20/1761585899.json"
"701111","393980","2025-11-21","215.00","AUD","1761585899","297342/2025-11-21/1761585899.json"
"701111","393980","2025-11-22","215.00","AUD","1761585899","297342/2025-11-22/1761585899.json"
"701111","393980","2025-11-27","215.00","AUD","1761585899","297342/2025-11-27/1761585899.json"
"701111","393980","2025-11-28","215.00","AUD","1761585899","297342/2025-11-28/1761585899.json"
"701111","393980","2025-11-30","215.00","AUD","1761585899","297342/2025-11-30/1761585899.json"
"701111","393980","2025-12-01","215.00","AUD","1761585899","297342/2025-12-01/1761585899.json"
"701111","393980","2025-12-03","215.00","AUD","1761585899","297342/2025-12-03/1761585899.json"
"701111","393980","2025-12-06","215.00","AUD","1761585899","297342/2025-12-06/1761585899.json"
"701111","393980","2025-12-07","215.00","AUD","1761585899","297342/2025-12-07/1761585899.json"
"701111","393980","2025-12-05","215.00","AUD","1761585899","297342/2025-12-05/1761585899.json"
"701111","393980","2025-12-08","215.00","AUD","1761585899","297342/2025-12-08/1761585899.json"
"701111","393980","2025-12-13","215.00","AUD","1761585899","297342/2025-12-13/1761585899.json"
"701111","393980","2025-12-14","215.00","AUD","1761585899","297342/2025-12-14/1761585899.json"
"701111","393980","2025-12-15","215.00","AUD","1761585899","297342/2025-12-15/1761585899.json"
"701111","393980","2025-12-16","215.00","AUD","1761585899","297342/2025-12-16/1761585899.json"
"701111","393980","2025-12-17","215.00","AUD","1761585899","297342/2025-12-17/1761585899.json"
"701111","393980","2025-12-19","215.00","AUD","1761585899","297342/2025-12-19/1761585899.json"
"701111","393980","2025-12-20","215.00","AUD","1761585899","297342/2025-12-20/1761585899.json"
"701111","393980","2025-12-22","215.00","AUD","1761585899","297342/2025-12-22/1761585899.json"
"701111","393980","2025-12-26","215.00","AUD","1761585899","297342/2025-12-26/1761585899.json"
"701111","393980","2025-12-25","215.00","AUD","1761585899","297342/2025-12-25/1761585899.json"
"701111","393980","2025-10-30","240.00","AUD","1761599299","297342/2025-10-30/1761599299.json"
"701111","393980","2025-11-04","215.00","AUD","1761599299","297342/2025-11-04/1761599299.json"
"701111","393980","2025-11-09","215.00","AUD","1761599299","297342/2025-11-09/1761599299.json"
"701111","393980","2025-11-12","215.00","AUD","1761599299","297342/2025-11-12/1761599299.json"
"701111","393980","2025-11-13","215.00","AUD","1761599299","297342/2025-11-13/1761599299.json"
"701111","393980","2025-11-15","215.00","AUD","1761599299","297342/2025-11-15/1761599299.json"
"701111","393980","2025-11-20","215.00","AUD","1761599299","297342/2025-11-20/1761599299.json"
"701111","393980","2025-11-21","215.00","AUD","1761599299","297342/2025-11-21/1761599299.json"
"701111","393980","2025-11-22","215.00","AUD","1761599299","297342/2025-11-22/1761599299.json"
"701111","393980","2025-11-28","215.00","AUD","1761599299","297342/2025-11-28/1761599299.json"
"701111","393980","2025-11-27","215.00","AUD","1761599299","297342/2025-11-27/1761599299.json"
"701111","393980","2025-11-30","215.00","AUD","1761599299","297342/2025-11-30/1761599299.json"
"701111","393980","2025-12-01","215.00","AUD","1761599299","297342/2025-12-01/1761599299.json"
"701111","393980","2025-12-03","215.00","AUD","1761599299","297342/2025-12-03/1761599299.json"
"701111","393980","2025-12-05","215.00","AUD","1761599299","297342/2025-12-05/1761599299.json"
"701111","393980","2025-12-07","215.00","AUD","1761599299","297342/2025-12-07/1761599299.json"
"701111","393980","2025-12-06","215.00","AUD","1761599299","297342/2025-12-06/1761599299.json"
"701111","393980","2025-12-08","215.00","AUD","1761599299","297342/2025-12-08/1761599299.json"
"701111","393980","2025-12-14","215.00","AUD","1761599299","297342/2025-12-14/1761599299.json"
"701111","393980","2025-12-13","215.00","AUD","1761599299","297342/2025-12-13/1761599299.json"
"701111","393980","2025-12-16","215.00","AUD","1761599299","297342/2025-12-16/1761599299.json"
"701111","393980","2025-12-15","215.00","AUD","1761599299","297342/2025-12-15/1761599299.json"
"701111","393980","2025-12-19","215.00","AUD","1761599299","297342/2025-12-19/1761599299.json"
"701111","393980","2025-12-17","215.00","AUD","1761599299","297342/2025-12-17/1761599299.json"
"701111","393980","2025-12-20","215.00","AUD","1761599299","297342/2025-12-20/1761599299.json"
"701111","393980","2025-12-22","215.00","AUD","1761599299","297342/2025-12-22/1761599299.json"
"701111","393980","2025-12-25","215.00","AUD","1761599299","297342/2025-12-25/1761599299.json"
"701111","393980","2025-12-26","215.00","AUD","1761599299","297342/2025-12-26/1761599299.json"
"701111","393980","2025-10-30","240.00","AUD","1761624204","297342/2025-10-30/1761624204.json"
"701111","393980","2025-11-04","215.00","AUD","1761624204","297342/2025-11-04/1761624204.json"
"701111","393980","2025-11-12","215.00","AUD","1761624204","297342/2025-11-12/1761624204.json"
"701111","393980","2025-11-09","215.00","AUD","1761624204","297342/2025-11-09/1761624204.json"
"701111","393980","2025-11-13","215.00","AUD","1761624204","297342/2025-11-13/1761624204.json"
"701111","393980","2025-11-15","215.00","AUD","1761624204","297342/2025-11-15/1761624204.json"
"701111","393980","2025-11-21","215.00","AUD","1761624204","297342/2025-11-21/1761624204.json"
"701111","393980","2025-11-22","215.00","AUD","1761624204","297342/2025-11-22/1761624204.json"
"701111","393980","2025-11-20","215.00","AUD","1761624204","297342/2025-11-20/1761624204.json"
"701111","393980","2025-11-27","215.00","AUD","1761624204","297342/2025-11-27/1761624204.json"
"701111","393980","2025-11-28","215.00","AUD","1761624204","297342/2025-11-28/1761624204.json"
"701111","393980","2025-11-30","215.00","AUD","1761624204","297342/2025-11-30/1761624204.json"
"701111","393980","2025-12-01","215.00","AUD","1761624204","297342/2025-12-01/1761624204.json"
"701111","393980","2025-12-03","215.00","AUD","1761624204","297342/2025-12-03/1761624204.json"
"701111","393980","2025-12-05","215.00","AUD","1761624204","297342/2025-12-05/1761624204.json"
"701111","393980","2025-12-06","215.00","AUD","1761624204","297342/2025-12-06/1761624204.json"
"701111","393980","2025-12-07","215.00","AUD","1761624204","297342/2025-12-07/1761624204.json"
"701111","393980","2025-12-08","215.00","AUD","1761624204","297342/2025-12-08/1761624204.json"
"701111","393980","2025-12-13","215.00","AUD","1761624204","297342/2025-12-13/1761624204.json"
"701111","393980","2025-12-15","215.00","AUD","1761624204","297342/2025-12-15/1761624204.json"
"701111","393980","2025-12-14","215.00","AUD","1761624204","297342/2025-12-14/1761624204.json"
"701111","393980","2025-12-17","215.00","AUD","1761624204","297342/2025-12-17/1761624204.json"
"701111","393980","2025-12-16","215.00","AUD","1761624204","297342/2025-12-16/1761624204.json"
"701111","393980","2025-12-19","215.00","AUD","1761624204","297342/2025-12-19/1761624204.json"
"701111","393980","2025-12-20","215.00","AUD","1761624204","297342/2025-12-20/1761624204.json"
"701111","393980","2025-12-22","215.00","AUD","1761624204","297342/2025-12-22/1761624204.json"
"701111","393980","2025-12-25","215.00","AUD","1761624204","297342/2025-12-25/1761624204.json"
"701111","393980","2025-10-30","240.00","AUD","1761628337","297342/2025-10-30/1761628337.json"
"701111","393980","2025-11-04","215.00","AUD","1761628337","297342/2025-11-04/1761628337.json"
"701111","393980","2025-11-09","215.00","AUD","1761628337","297342/2025-11-09/1761628337.json"
"701111","393980","2025-11-12","215.00","AUD","1761628337","297342/2025-11-12/1761628337.json"
"701111","393980","2025-11-13","215.00","AUD","1761628337","297342/2025-11-13/1761628337.json"
"701111","393980","2025-11-15","215.00","AUD","1761628337","297342/2025-11-15/1761628337.json"
"701111","393980","2025-11-20","215.00","AUD","1761628337","297342/2025-11-20/1761628337.json"
"701111","393980","2025-11-21","215.00","AUD","1761628337","297342/2025-11-21/1761628337.json"
"701111","393980","2025-11-22","215.00","AUD","1761628337","297342/2025-11-22/1761628337.json"
"701111","393980","2025-11-27","215.00","AUD","1761628337","297342/2025-11-27/1761628337.json"
"701111","393980","2025-11-28","215.00","AUD","1761628337","297342/2025-11-28/1761628337.json"
"701111","393980","2025-11-30","215.00","AUD","1761628337","297342/2025-11-30/1761628337.json"
"701111","393980","2025-12-01","215.00","AUD","1761628337","297342/2025-12-01/1761628337.json"
"701111","393980","2025-12-03","215.00","AUD","1761628337","297342/2025-12-03/1761628337.json"
"701111","393980","2025-12-05","215.00","AUD","1761628337","297342/2025-12-05/1761628337.json"
"701111","393980","2025-12-06","215.00","AUD","1761628337","297342/2025-12-06/1761628337.json"
"701111","393980","2025-12-07","215.00","AUD","1761628337","297342/2025-12-07/1761628337.json"
"701111","393980","2025-12-08","215.00","AUD","1761628337","297342/2025-12-08/1761628337.json"
"701111","393980","2025-12-13","215.00","AUD","1761628337","297342/2025-12-13/1761628337.json"
"701111","393980","2025-12-14","215.00","AUD","1761628337","297342/2025-12-14/1761628337.json"
"701111","393980","2025-12-15","215.00","AUD","1761628337","297342/2025-12-15/1761628337.json"
"701111","393980","2025-12-17","215.00","AUD","1761628337","297342/2025-12-17/1761628337.json"
"701111","393980","2025-12-19","215.00","AUD","1761628337","297342/2025-12-19/1761628337.json"
"701111","393980","2025-12-20","215.00","AUD","1761628337","297342/2025-12-20/1761628337.json"
"701111","393980","2025-12-16","215.00","AUD","1761628337","297342/2025-12-16/1761628337.json"
"701111","393980","2025-12-22","215.00","AUD","1761628337","297342/2025-12-22/1761628337.json"
"701111","393980","2025-12-25","215.00","AUD","1761628337","297342/2025-12-25/1761628337.json"
"701111","393980","2025-10-30","240.00","AUD","1761643445","297342/2025-10-30/1761643445.json"
"701111","393980","2025-11-09","215.00","AUD","1761643445","297342/2025-11-09/1761643445.json"
"701111","393980","2025-11-12","215.00","AUD","1761643445","297342/2025-11-12/1761643445.json"
"701111","393980","2025-11-13","215.00","AUD","1761643445","297342/2025-11-13/1761643445.json"
"701111","393980","2025-11-15","215.00","AUD","1761643445","297342/2025-11-15/1761643445.json"
"701111","393980","2025-11-20","215.00","AUD","1761643445","297342/2025-11-20/1761643445.json"
"701111","393980","2025-11-21","215.00","AUD","1761643445","297342/2025-11-21/1761643445.json"
"701111","393980","2025-11-22","215.00","AUD","1761643445","297342/2025-11-22/1761643445.json"
"701111","393980","2025-11-27","215.00","AUD","1761643445","297342/2025-11-27/1761643445.json"
"701111","393980","2025-11-28","215.00","AUD","1761643445","297342/2025-11-28/1761643445.json"
"701111","393980","2025-11-30","215.00","AUD","1761643445","297342/2025-11-30/1761643445.json"
"701111","393980","2025-12-01","215.00","AUD","1761643445","297342/2025-12-01/1761643445.json"
"701111","393980","2025-12-03","215.00","AUD","1761643445","297342/2025-12-03/1761643445.json"
"701111","393980","2025-12-05","215.00","AUD","1761643445","297342/2025-12-05/1761643445.json"
"701111","393980","2025-12-06","215.00","AUD","1761643445","297342/2025-12-06/1761643445.json"
"701111","393980","2025-12-07","215.00","AUD","1761643445","297342/2025-12-07/1761643445.json"
"701111","393980","2025-12-08","215.00","AUD","1761643445","297342/2025-12-08/1761643445.json"
"701111","393980","2025-12-13","215.00","AUD","1761643445","297342/2025-12-13/1761643445.json"
"701111","393980","2025-12-14","215.00","AUD","1761643445","297342/2025-12-14/1761643445.json"
"701111","393980","2025-12-15","215.00","AUD","1761643445","297342/2025-12-15/1761643445.json"
"701111","393980","2025-12-16","215.00","AUD","1761643445","297342/2025-12-16/1761643445.json"
"701111","393980","2025-12-17","215.00","AUD","1761643445","297342/2025-12-17/1761643445.json"
"701111","393980","2025-12-20","215.00","AUD","1761643445","297342/2025-12-20/1761643445.json"
"701111","393980","2025-12-19","215.00","AUD","1761643445","297342/2025-12-19/1761643445.json"
"701111","393980","2025-12-22","215.00","AUD","1761643445","297342/2025-12-22/1761643445.json"
"701111","393980","2025-12-25","215.00","AUD","1761643445","297342/2025-12-25/1761643445.json"
"701111","393980","2025-10-30","240.00","AUD","1761660895","297342/2025-10-30/1761660895.json"
"701111","393980","2025-11-09","215.00","AUD","1761660895","297342/2025-11-09/1761660895.json"
"701111","393980","2025-11-13","215.00","AUD","1761660895","297342/2025-11-13/1761660895.json"
"701111","393980","2025-11-12","215.00","AUD","1761660895","297342/2025-11-12/1761660895.json"
"701111","393980","2025-11-15","215.00","AUD","1761660895","297342/2025-11-15/1761660895.json"
"701111","393980","2025-11-21","215.00","AUD","1761660895","297342/2025-11-21/1761660895.json"
"701111","393980","2025-11-20","215.00","AUD","1761660895","297342/2025-11-20/1761660895.json"
"701111","393980","2025-11-22","215.00","AUD","1761660895","297342/2025-11-22/1761660895.json"
"701111","393980","2025-11-27","215.00","AUD","1761660895","297342/2025-11-27/1761660895.json"
"701111","393980","2025-11-28","215.00","AUD","1761660895","297342/2025-11-28/1761660895.json"
"701111","393980","2025-12-01","215.00","AUD","1761660895","297342/2025-12-01/1761660895.json"
"701111","393980","2025-11-30","215.00","AUD","1761660895","297342/2025-11-30/1761660895.json"
"701111","393980","2025-12-03","215.00","AUD","1761660895","297342/2025-12-03/1761660895.json"
"701111","393980","2025-12-07","215.00","AUD","1761660895","297342/2025-12-07/1761660895.json"
"701111","393980","2025-12-05","215.00","AUD","1761660895","297342/2025-12-05/1761660895.json"
"701111","393980","2025-12-06","215.00","AUD","1761660895","297342/2025-12-06/1761660895.json"
"701111","393980","2025-12-08","215.00","AUD","1761660895","297342/2025-12-08/1761660895.json"
"701111","393980","2025-12-15","215.00","AUD","1761660895","297342/2025-12-15/1761660895.json"
"701111","393980","2025-12-14","215.00","AUD","1761660895","297342/2025-12-14/1761660895.json"
"701111","393980","2025-12-13","215.00","AUD","1761660895","297342/2025-12-13/1761660895.json"
"701111","393980","2025-12-17","215.00","AUD","1761660895","297342/2025-12-17/1761660895.json"
"701111","393980","2025-12-19","215.00","AUD","1761660895","297342/2025-12-19/1761660895.json"
"701111","393980","2025-12-16","215.00","AUD","1761660895","297342/2025-12-16/1761660895.json"
"701111","393980","2025-12-20","215.00","AUD","1761660895","297342/2025-12-20/1761660895.json"
"701111","393980","2025-12-22","215.00","AUD","1761660895","297342/2025-12-22/1761660895.json"
"701111","393980","2025-12-25","215.00","AUD","1761660895","297342/2025-12-25/1761660895.json"
"701111","393980","2025-10-30","240.00","AUD","1761672437","297342/2025-10-30/1761672437.json"
"701111","393980","2025-11-09","215.00","AUD","1761672437","297342/2025-11-09/1761672437.json"
"701111","393980","2025-11-12","215.00","AUD","1761672437","297342/2025-11-12/1761672437.json"
"701111","393980","2025-11-13","215.00","AUD","1761672437","297342/2025-11-13/1761672437.json"
"701111","393980","2025-11-15","215.00","AUD","1761672437","297342/2025-11-15/1761672437.json"
"701111","393980","2025-11-20","215.00","AUD","1761672437","297342/2025-11-20/1761672437.json"
"701111","393980","2025-11-21","215.00","AUD","1761672437","297342/2025-11-21/1761672437.json"
"701111","393980","2025-11-22","215.00","AUD","1761672437","297342/2025-11-22/1761672437.json"
"701111","393980","2025-11-27","215.00","AUD","1761672437","297342/2025-11-27/1761672437.json"
"701111","393980","2025-11-28","215.00","AUD","1761672437","297342/2025-11-28/1761672437.json"
"701111","393980","2025-11-30","215.00","AUD","1761672437","297342/2025-11-30/1761672437.json"
"701111","393980","2025-12-01","215.00","AUD","1761672437","297342/2025-12-01/1761672437.json"
"701111","393980","2025-12-03","215.00","AUD","1761672437","297342/2025-12-03/1761672437.json"
"701111","393980","2025-12-05","215.00","AUD","1761672437","297342/2025-12-05/1761672437.json"
"701111","393980","2025-12-06","215.00","AUD","1761672437","297342/2025-12-06/1761672437.json"
"701111","393980","2025-12-07","215.00","AUD","1761672437","297342/2025-12-07/1761672437.json"
"701111","393980","2025-12-08","215.00","AUD","1761672437","297342/2025-12-08/1761672437.json"
"701111","393980","2025-12-13","215.00","AUD","1761672437","297342/2025-12-13/1761672437.json"
"701111","393980","2025-12-14","215.00","AUD","1761672437","297342/2025-12-14/1761672437.json"
"701111","393980","2025-12-15","215.00","AUD","1761672437","297342/2025-12-15/1761672437.json"
"701111","393980","2025-12-16","215.00","AUD","1761672437","297342/2025-12-16/1761672437.json"
"701111","393980","2025-12-17","215.00","AUD","1761672437","297342/2025-12-17/1761672437.json"
"701111","393980","2025-12-19","215.00","AUD","1761672437","297342/2025-12-19/1761672437.json"
"701111","393980","2025-12-20","215.00","AUD","1761672437","297342/2025-12-20/1761672437.json"
"701111","393980","2025-12-22","215.00","AUD","1761672437","297342/2025-12-22/1761672437.json"
"701111","393980","2025-12-25","215.00","AUD","1761672437","297342/2025-12-25/1761672437.json"
"701111","393980","2025-10-30","240.00","AUD","1761686017","297342/2025-10-30/1761686017.json"
"701111","393980","2025-11-09","215.00","AUD","1761686017","297342/2025-11-09/1761686017.json"
"701111","393980","2025-11-13","215.00","AUD","1761686017","297342/2025-11-13/1761686017.json"
"701111","393980","2025-11-12","215.00","AUD","1761686017","297342/2025-11-12/1761686017.json"
"701111","393980","2025-11-15","215.00","AUD","1761686017","297342/2025-11-15/1761686017.json"
"701111","393980","2025-11-20","215.00","AUD","1761686017","297342/2025-11-20/1761686017.json"
"701111","393980","2025-11-21","215.00","AUD","1761686017","297342/2025-11-21/1761686017.json"
"701111","393980","2025-11-22","215.00","AUD","1761686017","297342/2025-11-22/1761686017.json"
"701111","393980","2025-11-28","215.00","AUD","1761686017","297342/2025-11-28/1761686017.json"
"701111","393980","2025-11-27","215.00","AUD","1761686017","297342/2025-11-27/1761686017.json"
"701111","393980","2025-11-30","215.00","AUD","1761686017","297342/2025-11-30/1761686017.json"
"701111","393980","2025-12-01","215.00","AUD","1761686017","297342/2025-12-01/1761686017.json"
"701111","393980","2025-12-05","215.00","AUD","1761686017","297342/2025-12-05/1761686017.json"
"701111","393980","2025-12-03","215.00","AUD","1761686017","297342/2025-12-03/1761686017.json"
"701111","393980","2025-12-06","215.00","AUD","1761686017","297342/2025-12-06/1761686017.json"
"701111","393980","2025-12-07","215.00","AUD","1761686017","297342/2025-12-07/1761686017.json"
"701111","393980","2025-12-08","215.00","AUD","1761686017","297342/2025-12-08/1761686017.json"
"701111","393980","2025-12-13","215.00","AUD","1761686017","297342/2025-12-13/1761686017.json"
"701111","393980","2025-12-14","215.00","AUD","1761686017","297342/2025-12-14/1761686017.json"
"701111","393980","2025-12-15","215.00","AUD","1761686017","297342/2025-12-15/1761686017.json"
"701111","393980","2025-12-17","215.00","AUD","1761686017","297342/2025-12-17/1761686017.json"
"701111","393980","2025-12-16","215.00","AUD","1761686017","297342/2025-12-16/1761686017.json"
"701111","393980","2025-12-19","215.00","AUD","1761686017","297342/2025-12-19/1761686017.json"
"701111","393980","2025-12-20","215.00","AUD","1761686017","297342/2025-12-20/1761686017.json"
"701111","393980","2025-12-22","215.00","AUD","1761686017","297342/2025-12-22/1761686017.json"
"701111","393980","2025-12-25","215.00","AUD","1761686017","297342/2025-12-25/1761686017.json"
"701111","393980","2025-10-30","240.00","AUD","1761710893","297342/2025-10-30/1761710893.json"
"701111","393980","2025-11-09","215.00","AUD","1761710893","297342/2025-11-09/1761710893.json"
"701111","393980","2025-11-13","215.00","AUD","1761710893","297342/2025-11-13/1761710893.json"
"701111","393980","2025-11-12","215.00","AUD","1761710893","297342/2025-11-12/1761710893.json"
"701111","393980","2025-11-15","215.00","AUD","1761710893","297342/2025-11-15/1761710893.json"
"701111","393980","2025-11-20","215.00","AUD","1761710893","297342/2025-11-20/1761710893.json"
"701111","393980","2025-11-22","215.00","AUD","1761710893","297342/2025-11-22/1761710893.json"
"701111","393980","2025-11-21","215.00","AUD","1761710893","297342/2025-11-21/1761710893.json"
"701111","393980","2025-11-27","215.00","AUD","1761710893","297342/2025-11-27/1761710893.json"
"701111","393980","2025-11-28","215.00","AUD","1761710893","297342/2025-11-28/1761710893.json"
"701111","393980","2025-11-30","215.00","AUD","1761710893","297342/2025-11-30/1761710893.json"
"701111","393980","2025-12-01","215.00","AUD","1761710893","297342/2025-12-01/1761710893.json"
"701111","393980","2025-12-03","215.00","AUD","1761710893","297342/2025-12-03/1761710893.json"
"701111","393980","2025-12-06","215.00","AUD","1761710893","297342/2025-12-06/1761710893.json"
"701111","393980","2025-12-07","215.00","AUD","1761710893","297342/2025-12-07/1761710893.json"
"701111","393980","2025-12-05","215.00","AUD","1761710893","297342/2025-12-05/1761710893.json"
"701111","393980","2025-12-08","215.00","AUD","1761710893","297342/2025-12-08/1761710893.json"
"701111","393980","2025-12-14","215.00","AUD","1761710893","297342/2025-12-14/1761710893.json"
"701111","393980","2025-12-13","215.00","AUD","1761710893","297342/2025-12-13/1761710893.json"
"701111","393980","2025-12-15","215.00","AUD","1761710893","297342/2025-12-15/1761710893.json"
"701111","393980","2025-12-16","215.00","AUD","1761710893","297342/2025-12-16/1761710893.json"
"701111","393980","2025-12-17","215.00","AUD","1761710893","297342/2025-12-17/1761710893.json"
"701111","393980","2025-12-19","215.00","AUD","1761710893","297342/2025-12-19/1761710893.json"
"701111","393980","2025-12-20","215.00","AUD","1761710893","297342/2025-12-20/1761710893.json"
"701111","393980","2025-12-22","215.00","AUD","1761710893","297342/2025-12-22/1761710893.json"
"701111","393980","2025-12-25","215.00","AUD","1761710893","297342/2025-12-25/1761710893.json"
"701111","393980","2025-10-30","240.00","AUD","1761715085","297342/2025-10-30/1761715085.json"
"701111","393980","2025-11-09","215.00","AUD","1761715085","297342/2025-11-09/1761715085.json"
"701111","393980","2025-11-12","215.00","AUD","1761715085","297342/2025-11-12/1761715085.json"
"701111","393980","2025-11-13","215.00","AUD","1761715085","297342/2025-11-13/1761715085.json"
"701111","393980","2025-11-15","215.00","AUD","1761715085","297342/2025-11-15/1761715085.json"
"701111","393980","2025-11-20","215.00","AUD","1761715085","297342/2025-11-20/1761715085.json"
"701111","393980","2025-11-21","215.00","AUD","1761715085","297342/2025-11-21/1761715085.json"
"701111","393980","2025-11-22","215.00","AUD","1761715085","297342/2025-11-22/1761715085.json"
"701111","393980","2025-11-27","215.00","AUD","1761715085","297342/2025-11-27/1761715085.json"
"701111","393980","2025-11-28","215.00","AUD","1761715085","297342/2025-11-28/1761715085.json"
"701111","393980","2025-11-30","215.00","AUD","1761715085","297342/2025-11-30/1761715085.json"
"701111","393980","2025-12-01","215.00","AUD","1761715085","297342/2025-12-01/1761715085.json"
"701111","393980","2025-12-03","215.00","AUD","1761715085","297342/2025-12-03/1761715085.json"
"701111","393980","2025-12-05","215.00","AUD","1761715085","297342/2025-12-05/1761715085.json"
"701111","393980","2025-12-07","215.00","AUD","1761715085","297342/2025-12-07/1761715085.json"
"701111","393980","2025-12-06","215.00","AUD","1761715085","297342/2025-12-06/1761715085.json"
"701111","393980","2025-12-08","215.00","AUD","1761715085","297342/2025-12-08/1761715085.json"
"701111","393980","2025-12-13","215.00","AUD","1761715085","297342/2025-12-13/1761715085.json"
"701111","393980","2025-12-15","215.00","AUD","1761715085","297342/2025-12-15/1761715085.json"
"701111","393980","2025-12-14","215.00","AUD","1761715085","297342/2025-12-14/1761715085.json"
"701111","393980","2025-12-16","215.00","AUD","1761715085","297342/2025-12-16/1761715085.json"
"701111","393980","2025-12-17","215.00","AUD","1761715085","297342/2025-12-17/1761715085.json"
"701111","393980","2025-12-20","215.00","AUD","1761715085","297342/2025-12-20/1761715085.json"
"701111","393980","2025-12-19","215.00","AUD","1761715085","297342/2025-12-19/1761715085.json"
"701111","393980","2025-12-22","215.00","AUD","1761715085","297342/2025-12-22/1761715085.json"
"701111","393980","2025-12-25","215.00","AUD","1761715085","297342/2025-12-25/1761715085.json"
"701111","393980","2025-10-30","240.00","AUD","1761730030","297342/2025-10-30/1761730030.json"
"701111","393980","2025-11-09","215.00","AUD","1761730030","297342/2025-11-09/1761730030.json"
"701111","393980","2025-11-12","215.00","AUD","1761730030","297342/2025-11-12/1761730030.json"
"701111","393980","2025-11-13","215.00","AUD","1761730030","297342/2025-11-13/1761730030.json"
"701111","393980","2025-11-15","215.00","AUD","1761730030","297342/2025-11-15/1761730030.json"
"701111","393980","2025-11-20","215.00","AUD","1761730030","297342/2025-11-20/1761730030.json"
"701111","393980","2025-11-21","215.00","AUD","1761730030","297342/2025-11-21/1761730030.json"
"701111","393980","2025-11-22","215.00","AUD","1761730030","297342/2025-11-22/1761730030.json"
"701111","393980","2025-11-27","215.00","AUD","1761730030","297342/2025-11-27/1761730030.json"
"701111","393980","2025-11-28","215.00","AUD","1761730030","297342/2025-11-28/1761730030.json"
"701111","393980","2025-11-30","215.00","AUD","1761730030","297342/2025-11-30/1761730030.json"
"701111","393980","2025-12-01","215.00","AUD","1761730030","297342/2025-12-01/1761730030.json"
"701111","393980","2025-12-03","215.00","AUD","1761730030","297342/2025-12-03/1761730030.json"
"701111","393980","2025-12-05","215.00","AUD","1761730030","297342/2025-12-05/1761730030.json"
"701111","393980","2025-12-06","215.00","AUD","1761730030","297342/2025-12-06/1761730030.json"
"701111","393980","2025-12-07","215.00","AUD","1761730030","297342/2025-12-07/1761730030.json"
"701111","393980","2025-12-08","215.00","AUD","1761730030","297342/2025-12-08/1761730030.json"
"701111","393980","2025-12-13","215.00","AUD","1761730030","297342/2025-12-13/1761730030.json"
"701111","393980","2025-12-14","215.00","AUD","1761730030","297342/2025-12-14/1761730030.json"
"701111","393980","2025-12-15","215.00","AUD","1761730030","297342/2025-12-15/1761730030.json"
"701111","393980","2025-12-17","215.00","AUD","1761730030","297342/2025-12-17/1761730030.json"
"701111","393980","2025-12-16","215.00","AUD","1761730030","297342/2025-12-16/1761730030.json"
"701111","393980","2025-12-19","215.00","AUD","1761730030","297342/2025-12-19/1761730030.json"
"701111","393980","2025-12-20","215.00","AUD","1761730030","297342/2025-12-20/1761730030.json"
"701111","393980","2025-12-22","215.00","AUD","1761730030","297342/2025-12-22/1761730030.json"
"701111","393980","2025-12-25","215.00","AUD","1761730030","297342/2025-12-25/1761730030.json"
"701111","393980","2025-10-30","240.00","AUD","1761747406","297342/2025-10-30/1761747406.json"
"701111","393980","2025-11-09","215.00","AUD","1761747406","297342/2025-11-09/1761747406.json"
"701111","393980","2025-11-12","215.00","AUD","1761747406","297342/2025-11-12/1761747406.json"
"701111","393980","2025-11-13","215.00","AUD","1761747406","297342/2025-11-13/1761747406.json"
"701111","393980","2025-11-15","215.00","AUD","1761747406","297342/2025-11-15/1761747406.json"
"701111","393980","2025-11-20","215.00","AUD","1761747406","297342/2025-11-20/1761747406.json"
"701111","393980","2025-11-21","215.00","AUD","1761747406","297342/2025-11-21/1761747406.json"
"701111","393980","2025-11-22","215.00","AUD","1761747406","297342/2025-11-22/1761747406.json"
"701111","393980","2025-11-27","215.00","AUD","1761747406","297342/2025-11-27/1761747406.json"
"701111","393980","2025-11-28","215.00","AUD","1761747406","297342/2025-11-28/1761747406.json"
"701111","393980","2025-11-30","215.00","AUD","1761747406","297342/2025-11-30/1761747406.json"
"701111","393980","2025-12-01","215.00","AUD","1761747406","297342/2025-12-01/1761747406.json"
"701111","393980","2025-12-03","215.00","AUD","1761747406","297342/2025-12-03/1761747406.json"
"701111","393980","2025-12-05","215.00","AUD","1761747406","297342/2025-12-05/1761747406.json"
"701111","393980","2025-12-06","215.00","AUD","1761747406","297342/2025-12-06/1761747406.json"
"701111","393980","2025-12-07","215.00","AUD","1761747406","297342/2025-12-07/1761747406.json"
"701111","393980","2025-12-08","215.00","AUD","1761747406","297342/2025-12-08/1761747406.json"
"701111","393980","2025-12-13","215.00","AUD","1761747406","297342/2025-12-13/1761747406.json"
"701111","393980","2025-12-14","215.00","AUD","1761747406","297342/2025-12-14/1761747406.json"
"701111","393980","2025-12-15","215.00","AUD","1761747406","297342/2025-12-15/1761747406.json"
"701111","393980","2025-12-16","215.00","AUD","1761747406","297342/2025-12-16/1761747406.json"
"701111","393980","2025-12-17","215.00","AUD","1761747406","297342/2025-12-17/1761747406.json"
"701111","393980","2025-12-19","215.00","AUD","1761747406","297342/2025-12-19/1761747406.json"
"701111","393980","2025-12-20","215.00","AUD","1761747406","297342/2025-12-20/1761747406.json"
"701111","393980","2025-12-22","215.00","AUD","1761747406","297342/2025-12-22/1761747406.json"
"701111","393980","2025-12-25","215.00","AUD","1761747406","297342/2025-12-25/1761747406.json"
"701111","393980","2025-10-30","240.00","AUD","1761758989","297342/2025-10-30/1761758989.json"
"701111","393980","2025-11-09","215.00","AUD","1761758989","297342/2025-11-09/1761758989.json"
"701111","393980","2025-11-12","215.00","AUD","1761758989","297342/2025-11-12/1761758989.json"
"701111","393980","2025-11-13","215.00","AUD","1761758989","297342/2025-11-13/1761758989.json"
"701111","393980","2025-11-15","215.00","AUD","1761758989","297342/2025-11-15/1761758989.json"
"701111","393980","2025-11-20","215.00","AUD","1761758989","297342/2025-11-20/1761758989.json"
"701111","393980","2025-11-22","215.00","AUD","1761758989","297342/2025-11-22/1761758989.json"
"701111","393980","2025-11-21","215.00","AUD","1761758989","297342/2025-11-21/1761758989.json"
"701111","393980","2025-11-27","215.00","AUD","1761758989","297342/2025-11-27/1761758989.json"
"701111","393980","2025-11-28","215.00","AUD","1761758989","297342/2025-11-28/1761758989.json"
"701111","393980","2025-11-30","215.00","AUD","1761758989","297342/2025-11-30/1761758989.json"
"701111","393980","2025-12-01","215.00","AUD","1761758989","297342/2025-12-01/1761758989.json"
"701111","393980","2025-12-03","215.00","AUD","1761758989","297342/2025-12-03/1761758989.json"
"701111","393980","2025-12-05","215.00","AUD","1761758989","297342/2025-12-05/1761758989.json"
"701111","393980","2025-12-06","215.00","AUD","1761758989","297342/2025-12-06/1761758989.json"
"701111","393980","2025-12-07","215.00","AUD","1761758989","297342/2025-12-07/1761758989.json"
"701111","393980","2025-12-08","215.00","AUD","1761758989","297342/2025-12-08/1761758989.json"
"701111","393980","2025-12-14","215.00","AUD","1761758989","297342/2025-12-14/1761758989.json"
"701111","393980","2025-12-13","215.00","AUD","1761758989","297342/2025-12-13/1761758989.json"
"701111","393980","2025-12-15","215.00","AUD","1761758989","297342/2025-12-15/1761758989.json"
"701111","393980","2025-12-16","215.00","AUD","1761758989","297342/2025-12-16/1761758989.json"
"701111","393980","2025-12-19","215.00","AUD","1761758989","297342/2025-12-19/1761758989.json"
"701111","393980","2025-12-17","215.00","AUD","1761758989","297342/2025-12-17/1761758989.json"
"701111","393980","2025-12-20","215.00","AUD","1761758989","297342/2025-12-20/1761758989.json"
"701111","393980","2025-12-22","215.00","AUD","1761758989","297342/2025-12-22/1761758989.json"
"701111","393980","2025-12-25","215.00","AUD","1761758989","297342/2025-12-25/1761758989.json"
"701111","393980","2025-10-30","240.00","AUD","1761772262","297342/2025-10-30/1761772262.json"
"701111","393980","2025-11-09","215.00","AUD","1761772262","297342/2025-11-09/1761772262.json"
"701111","393980","2025-11-12","215.00","AUD","1761772262","297342/2025-11-12/1761772262.json"
"701111","393980","2025-11-13","215.00","AUD","1761772262","297342/2025-11-13/1761772262.json"
"701111","393980","2025-11-15","215.00","AUD","1761772262","297342/2025-11-15/1761772262.json"
"701111","393980","2025-11-21","215.00","AUD","1761772262","297342/2025-11-21/1761772262.json"
"701111","393980","2025-11-20","215.00","AUD","1761772262","297342/2025-11-20/1761772262.json"
"701111","393980","2025-11-22","215.00","AUD","1761772262","297342/2025-11-22/1761772262.json"
"701111","393980","2025-11-27","215.00","AUD","1761772262","297342/2025-11-27/1761772262.json"
"701111","393980","2025-11-30","215.00","AUD","1761772262","297342/2025-11-30/1761772262.json"
"701111","393980","2025-11-28","215.00","AUD","1761772262","297342/2025-11-28/1761772262.json"
"701111","393980","2025-12-01","215.00","AUD","1761772262","297342/2025-12-01/1761772262.json"
"701111","393980","2025-12-03","215.00","AUD","1761772262","297342/2025-12-03/1761772262.json"
"701111","393980","2025-12-06","215.00","AUD","1761772262","297342/2025-12-06/1761772262.json"
"701111","393980","2025-12-05","215.00","AUD","1761772262","297342/2025-12-05/1761772262.json"
"701111","393980","2025-12-07","215.00","AUD","1761772262","297342/2025-12-07/1761772262.json"
"701111","393980","2025-12-08","215.00","AUD","1761772262","297342/2025-12-08/1761772262.json"
"701111","393980","2025-12-14","215.00","AUD","1761772262","297342/2025-12-14/1761772262.json"
"701111","393980","2025-12-13","215.00","AUD","1761772262","297342/2025-12-13/1761772262.json"
"701111","393980","2025-12-15","215.00","AUD","1761772262","297342/2025-12-15/1761772262.json"
"701111","393980","2025-12-17","215.00","AUD","1761772262","297342/2025-12-17/1761772262.json"
"701111","393980","2025-12-16","215.00","AUD","1761772262","297342/2025-12-16/1761772262.json"
"701111","393980","2025-12-19","215.00","AUD","1761772262","297342/2025-12-19/1761772262.json"
"701111","393980","2025-12-20","215.00","AUD","1761772262","297342/2025-12-20/1761772262.json"
"701111","393980","2025-12-22","215.00","AUD","1761772262","297342/2025-12-22/1761772262.json"
"701111","393980","2025-12-25","215.00","AUD","1761772262","297342/2025-12-25/1761772262.json"
"701111","393980","2025-10-30","240.00","AUD","1761796991","297342/2025-10-30/1761796991.json"
"701111","393980","2025-11-09","215.00","AUD","1761796991","297342/2025-11-09/1761796991.json"
"701111","393980","2025-11-12","215.00","AUD","1761796991","297342/2025-11-12/1761796991.json"
"701111","393980","2025-11-13","215.00","AUD","1761796991","297342/2025-11-13/1761796991.json"
"701111","393980","2025-11-15","215.00","AUD","1761796991","297342/2025-11-15/1761796991.json"
"701111","393980","2025-11-20","215.00","AUD","1761796991","297342/2025-11-20/1761796991.json"
"701111","393980","2025-11-22","215.00","AUD","1761796991","297342/2025-11-22/1761796991.json"
"701111","393980","2025-11-21","215.00","AUD","1761796991","297342/2025-11-21/1761796991.json"
"701111","393980","2025-11-27","215.00","AUD","1761796991","297342/2025-11-27/1761796991.json"
"701111","393980","2025-11-28","215.00","AUD","1761796991","297342/2025-11-28/1761796991.json"
"701111","393980","2025-11-30","215.00","AUD","1761796991","297342/2025-11-30/1761796991.json"
"701111","393980","2025-12-01","215.00","AUD","1761796991","297342/2025-12-01/1761796991.json"
"701111","393980","2025-12-03","215.00","AUD","1761796991","297342/2025-12-03/1761796991.json"
"701111","393980","2025-12-05","215.00","AUD","1761796991","297342/2025-12-05/1761796991.json"
"701111","393980","2025-12-06","215.00","AUD","1761796991","297342/2025-12-06/1761796991.json"
"701111","393980","2025-12-08","215.00","AUD","1761796991","297342/2025-12-08/1761796991.json"
"701111","393980","2025-12-07","215.00","AUD","1761796991","297342/2025-12-07/1761796991.json"
"701111","393980","2025-12-13","215.00","AUD","1761796991","297342/2025-12-13/1761796991.json"
"701111","393980","2025-12-14","215.00","AUD","1761796991","297342/2025-12-14/1761796991.json"
"701111","393980","2025-12-16","215.00","AUD","1761796991","297342/2025-12-16/1761796991.json"
"701111","393980","2025-12-17","215.00","AUD","1761796991","297342/2025-12-17/1761796991.json"
"701111","393980","2025-12-15","215.00","AUD","1761796991","297342/2025-12-15/1761796991.json"
"701111","393980","2025-12-19","215.00","AUD","1761796991","297342/2025-12-19/1761796991.json"
"701111","393980","2025-12-20","215.00","AUD","1761796991","297342/2025-12-20/1761796991.json"
"701111","393980","2025-12-22","215.00","AUD","1761796991","297342/2025-12-22/1761796991.json"
"701111","393980","2025-12-25","215.00","AUD","1761796991","297342/2025-12-25/1761796991.json"
"701111","393980","2025-12-29","215.00","AUD","1761796991","297342/2025-12-29/1761796991.json"
"701111","393980","2025-10-30","240.00","AUD","1761801400","297342/2025-10-30/1761801400.json"
"701111","393980","2025-11-09","215.00","AUD","1761801400","297342/2025-11-09/1761801400.json"
"701111","393980","2025-11-12","215.00","AUD","1761801400","297342/2025-11-12/1761801400.json"
"701111","393980","2025-11-13","215.00","AUD","1761801400","297342/2025-11-13/1761801400.json"
"701111","393980","2025-11-15","215.00","AUD","1761801400","297342/2025-11-15/1761801400.json"
"701111","393980","2025-11-21","215.00","AUD","1761801400","297342/2025-11-21/1761801400.json"
"701111","393980","2025-11-20","215.00","AUD","1761801400","297342/2025-11-20/1761801400.json"
"701111","393980","2025-11-22","215.00","AUD","1761801400","297342/2025-11-22/1761801400.json"
"701111","393980","2025-11-27","215.00","AUD","1761801400","297342/2025-11-27/1761801400.json"
"701111","393980","2025-11-28","215.00","AUD","1761801400","297342/2025-11-28/1761801400.json"
"701111","393980","2025-11-30","215.00","AUD","1761801400","297342/2025-11-30/1761801400.json"
"701111","393980","2025-12-01","215.00","AUD","1761801400","297342/2025-12-01/1761801400.json"
"701111","393980","2025-12-03","215.00","AUD","1761801400","297342/2025-12-03/1761801400.json"
"701111","393980","2025-12-05","215.00","AUD","1761801400","297342/2025-12-05/1761801400.json"
"701111","393980","2025-12-06","215.00","AUD","1761801400","297342/2025-12-06/1761801400.json"
"701111","393980","2025-12-07","215.00","AUD","1761801400","297342/2025-12-07/1761801400.json"
"701111","393980","2025-12-08","215.00","AUD","1761801400","297342/2025-12-08/1761801400.json"
"701111","393980","2025-12-14","215.00","AUD","1761801400","297342/2025-12-14/1761801400.json"
"701111","393980","2025-12-13","215.00","AUD","1761801400","297342/2025-12-13/1761801400.json"
"701111","393980","2025-12-15","215.00","AUD","1761801400","297342/2025-12-15/1761801400.json"
"701111","393980","2025-12-17","215.00","AUD","1761801400","297342/2025-12-17/1761801400.json"
"701111","393980","2025-12-16","215.00","AUD","1761801400","297342/2025-12-16/1761801400.json"
"701111","393980","2025-12-19","215.00","AUD","1761801400","297342/2025-12-19/1761801400.json"
"701111","393980","2025-12-20","215.00","AUD","1761801400","297342/2025-12-20/1761801400.json"
"701111","393980","2025-12-22","215.00","AUD","1761801400","297342/2025-12-22/1761801400.json"
"701111","393980","2025-12-25","215.00","AUD","1761801400","297342/2025-12-25/1761801400.json"
"701111","393980","2025-12-29","215.00","AUD","1761801400","297342/2025-12-29/1761801400.json"
"701111","393980","2025-10-30","240.00","AUD","1761816060","297342/2025-10-30/1761816060.json"
"701111","393980","2025-11-09","215.00","AUD","1761816060","297342/2025-11-09/1761816060.json"
"701111","393980","2025-11-12","215.00","AUD","1761816060","297342/2025-11-12/1761816060.json"
"701111","393980","2025-11-13","215.00","AUD","1761816060","297342/2025-11-13/1761816060.json"
"701111","393980","2025-11-15","215.00","AUD","1761816060","297342/2025-11-15/1761816060.json"
"701111","393980","2025-11-21","215.00","AUD","1761816060","297342/2025-11-21/1761816060.json"
"701111","393980","2025-11-20","215.00","AUD","1761816060","297342/2025-11-20/1761816060.json"
"701111","393980","2025-11-22","215.00","AUD","1761816060","297342/2025-11-22/1761816060.json"
"701111","393980","2025-11-28","215.00","AUD","1761816060","297342/2025-11-28/1761816060.json"
"701111","393980","2025-11-27","215.00","AUD","1761816060","297342/2025-11-27/1761816060.json"
"701111","393980","2025-11-30","215.00","AUD","1761816060","297342/2025-11-30/1761816060.json"
"701111","393980","2025-12-01","215.00","AUD","1761816060","297342/2025-12-01/1761816060.json"
"701111","393980","2025-12-03","215.00","AUD","1761816060","297342/2025-12-03/1761816060.json"
"701111","393980","2025-12-06","215.00","AUD","1761816060","297342/2025-12-06/1761816060.json"
"701111","393980","2025-12-07","215.00","AUD","1761816060","297342/2025-12-07/1761816060.json"
"701111","393980","2025-12-05","215.00","AUD","1761816060","297342/2025-12-05/1761816060.json"
"701111","393980","2025-12-08","215.00","AUD","1761816060","297342/2025-12-08/1761816060.json"
"701111","393980","2025-12-14","215.00","AUD","1761816060","297342/2025-12-14/1761816060.json"
"701111","393980","2025-12-15","215.00","AUD","1761816060","297342/2025-12-15/1761816060.json"
"701111","393980","2025-12-13","215.00","AUD","1761816060","297342/2025-12-13/1761816060.json"
"701111","393980","2025-12-16","215.00","AUD","1761816060","297342/2025-12-16/1761816060.json"
"701111","393980","2025-12-17","215.00","AUD","1761816060","297342/2025-12-17/1761816060.json"
"701111","393980","2025-12-20","215.00","AUD","1761816060","297342/2025-12-20/1761816060.json"
"701111","393980","2025-12-19","215.00","AUD","1761816060","297342/2025-12-19/1761816060.json"
"701111","393980","2025-12-22","215.00","AUD","1761816060","297342/2025-12-22/1761816060.json"
"701111","393980","2025-12-25","215.00","AUD","1761816060","297342/2025-12-25/1761816060.json"
"701111","393980","2025-12-29","215.00","AUD","1761816060","297342/2025-12-29/1761816060.json"
"701111","393980","2025-11-09","215.00","AUD","1761833616","297342/2025-11-09/1761833616.json"
"701111","393980","2025-11-13","215.00","AUD","1761833616","297342/2025-11-13/1761833616.json"
"701111","393980","2025-11-12","215.00","AUD","1761833616","297342/2025-11-12/1761833616.json"
"701111","393980","2025-11-15","215.00","AUD","1761833616","297342/2025-11-15/1761833616.json"
"701111","393980","2025-11-22","215.00","AUD","1761833616","297342/2025-11-22/1761833616.json"
"701111","393980","2025-11-20","215.00","AUD","1761833616","297342/2025-11-20/1761833616.json"
"701111","393980","2025-11-21","215.00","AUD","1761833616","297342/2025-11-21/1761833616.json"
"701111","393980","2025-11-27","215.00","AUD","1761833616","297342/2025-11-27/1761833616.json"
"701111","393980","2025-11-28","215.00","AUD","1761833616","297342/2025-11-28/1761833616.json"
"701111","393980","2025-12-01","215.00","AUD","1761833616","297342/2025-12-01/1761833616.json"
"701111","393980","2025-11-30","215.00","AUD","1761833616","297342/2025-11-30/1761833616.json"
"701111","393980","2025-12-03","215.00","AUD","1761833616","297342/2025-12-03/1761833616.json"
"701111","393980","2025-12-06","215.00","AUD","1761833616","297342/2025-12-06/1761833616.json"
"701111","393980","2025-12-07","215.00","AUD","1761833616","297342/2025-12-07/1761833616.json"
"701111","393980","2025-12-05","215.00","AUD","1761833616","297342/2025-12-05/1761833616.json"
"701111","393980","2025-12-08","215.00","AUD","1761833616","297342/2025-12-08/1761833616.json"
"701111","393980","2025-12-14","215.00","AUD","1761833616","297342/2025-12-14/1761833616.json"
"701111","393980","2025-12-13","215.00","AUD","1761833616","297342/2025-12-13/1761833616.json"
"701111","393980","2025-12-15","215.00","AUD","1761833616","297342/2025-12-15/1761833616.json"
"701111","393980","2025-12-16","215.00","AUD","1761833616","297342/2025-12-16/1761833616.json"
"701111","393980","2025-12-17","215.00","AUD","1761833616","297342/2025-12-17/1761833616.json"
"701111","393980","2025-12-19","215.00","AUD","1761833616","297342/2025-12-19/1761833616.json"
"701111","393980","2025-12-20","215.00","AUD","1761833616","297342/2025-12-20/1761833616.json"
"701111","393980","2025-12-22","215.00","AUD","1761833616","297342/2025-12-22/1761833616.json"
"701111","393980","2025-12-25","215.00","AUD","1761833616","297342/2025-12-25/1761833616.json"
"701111","393980","2025-12-29","215.00","AUD","1761833616","297342/2025-12-29/1761833616.json"
"701111","393980","2025-11-09","215.00","AUD","1761845002","297342/2025-11-09/1761845002.json"
"701111","393980","2025-11-12","215.00","AUD","1761845002","297342/2025-11-12/1761845002.json"
"701111","393980","2025-11-13","215.00","AUD","1761845002","297342/2025-11-13/1761845002.json"
"701111","393980","2025-11-15","215.00","AUD","1761845002","297342/2025-11-15/1761845002.json"
"701111","393980","2025-11-20","215.00","AUD","1761845002","297342/2025-11-20/1761845002.json"
"701111","393980","2025-11-21","215.00","AUD","1761845002","297342/2025-11-21/1761845002.json"
"701111","393980","2025-11-22","215.00","AUD","1761845002","297342/2025-11-22/1761845002.json"
"701111","393980","2025-11-28","215.00","AUD","1761845002","297342/2025-11-28/1761845002.json"
"701111","393980","2025-11-27","215.00","AUD","1761845002","297342/2025-11-27/1761845002.json"
"701111","393980","2025-11-30","215.00","AUD","1761845002","297342/2025-11-30/1761845002.json"
"701111","393980","2025-12-01","215.00","AUD","1761845002","297342/2025-12-01/1761845002.json"
"701111","393980","2025-12-03","215.00","AUD","1761845002","297342/2025-12-03/1761845002.json"
"701111","393980","2025-12-06","215.00","AUD","1761845002","297342/2025-12-06/1761845002.json"
"701111","393980","2025-12-05","215.00","AUD","1761845002","297342/2025-12-05/1761845002.json"
"701111","393980","2025-12-07","215.00","AUD","1761845002","297342/2025-12-07/1761845002.json"
"701111","393980","2025-12-08","215.00","AUD","1761845002","297342/2025-12-08/1761845002.json"
"701111","393980","2025-12-15","215.00","AUD","1761845002","297342/2025-12-15/1761845002.json"
"701111","393980","2025-12-14","215.00","AUD","1761845002","297342/2025-12-14/1761845002.json"
"701111","393980","2025-12-13","215.00","AUD","1761845002","297342/2025-12-13/1761845002.json"
"701111","393980","2025-12-17","215.00","AUD","1761845002","297342/2025-12-17/1761845002.json"
"701111","393980","2025-12-16","215.00","AUD","1761845002","297342/2025-12-16/1761845002.json"
"701111","393980","2025-12-20","215.00","AUD","1761845002","297342/2025-12-20/1761845002.json"
"701111","393980","2025-12-22","215.00","AUD","1761845002","297342/2025-12-22/1761845002.json"
"701111","393980","2025-12-19","215.00","AUD","1761845002","297342/2025-12-19/1761845002.json"
"701111","393980","2025-12-25","215.00","AUD","1761845002","297342/2025-12-25/1761845002.json"
"701111","393980","2025-12-29","215.00","AUD","1761845002","297342/2025-12-29/1761845002.json"
"701111","393980","2025-11-09","215.00","AUD","1761858566","297342/2025-11-09/1761858566.json"
"701111","393980","2025-11-12","215.00","AUD","1761858566","297342/2025-11-12/1761858566.json"
"701111","393980","2025-11-13","215.00","AUD","1761858566","297342/2025-11-13/1761858566.json"
"701111","393980","2025-11-15","215.00","AUD","1761858566","297342/2025-11-15/1761858566.json"
"701111","393980","2025-11-20","215.00","AUD","1761858566","297342/2025-11-20/1761858566.json"
"701111","393980","2025-11-21","215.00","AUD","1761858566","297342/2025-11-21/1761858566.json"
"701111","393980","2025-11-22","215.00","AUD","1761858566","297342/2025-11-22/1761858566.json"
"701111","393980","2025-11-28","215.00","AUD","1761858566","297342/2025-11-28/1761858566.json"
"701111","393980","2025-11-27","215.00","AUD","1761858566","297342/2025-11-27/1761858566.json"
"701111","393980","2025-11-30","215.00","AUD","1761858566","297342/2025-11-30/1761858566.json"
"701111","393980","2025-12-01","215.00","AUD","1761858566","297342/2025-12-01/1761858566.json"
"701111","393980","2025-12-03","215.00","AUD","1761858566","297342/2025-12-03/1761858566.json"
"701111","393980","2025-12-05","215.00","AUD","1761858566","297342/2025-12-05/1761858566.json"
"701111","393980","2025-12-06","215.00","AUD","1761858566","297342/2025-12-06/1761858566.json"
"701111","393980","2025-12-07","215.00","AUD","1761858566","297342/2025-12-07/1761858566.json"
"701111","393980","2025-12-08","215.00","AUD","1761858566","297342/2025-12-08/1761858566.json"
"701111","393980","2025-12-13","215.00","AUD","1761858566","297342/2025-12-13/1761858566.json"
"701111","393980","2025-12-14","215.00","AUD","1761858566","297342/2025-12-14/1761858566.json"
"701111","393980","2025-12-15","215.00","AUD","1761858566","297342/2025-12-15/1761858566.json"
"701111","393980","2025-12-16","215.00","AUD","1761858566","297342/2025-12-16/1761858566.json"
"701111","393980","2025-12-17","215.00","AUD","1761858566","297342/2025-12-17/1761858566.json"
"701111","393980","2025-12-19","215.00","AUD","1761858566","297342/2025-12-19/1761858566.json"
"701111","393980","2025-12-20","215.00","AUD","1761858566","297342/2025-12-20/1761858566.json"
"701111","393980","2025-12-22","215.00","AUD","1761858566","297342/2025-12-22/1761858566.json"
"701111","393980","2025-12-25","215.00","AUD","1761858566","297342/2025-12-25/1761858566.json"
"701111","393980","2025-12-29","215.00","AUD","1761858566","297342/2025-12-29/1761858566.json"
"701111","393980","2025-11-09","215.00","AUD","1761883370","297342/2025-11-09/1761883370.json"
"701111","393980","2025-11-13","215.00","AUD","1761883370","297342/2025-11-13/1761883370.json"
"701111","393980","2025-11-12","215.00","AUD","1761883370","297342/2025-11-12/1761883370.json"
"701111","393980","2025-11-15","215.00","AUD","1761883370","297342/2025-11-15/1761883370.json"
"701111","393980","2025-11-21","215.00","AUD","1761883370","297342/2025-11-21/1761883370.json"
"701111","393980","2025-11-20","215.00","AUD","1761883370","297342/2025-11-20/1761883370.json"
"701111","393980","2025-11-22","215.00","AUD","1761883370","297342/2025-11-22/1761883370.json"
"701111","393980","2025-11-27","215.00","AUD","1761883370","297342/2025-11-27/1761883370.json"
"701111","393980","2025-11-28","215.00","AUD","1761883370","297342/2025-11-28/1761883370.json"
"701111","393980","2025-12-01","215.00","AUD","1761883370","297342/2025-12-01/1761883370.json"
"701111","393980","2025-11-30","215.00","AUD","1761883370","297342/2025-11-30/1761883370.json"
"701111","393980","2025-12-03","215.00","AUD","1761883370","297342/2025-12-03/1761883370.json"
"701111","393980","2025-12-05","215.00","AUD","1761883370","297342/2025-12-05/1761883370.json"
"701111","393980","2025-12-06","215.00","AUD","1761883370","297342/2025-12-06/1761883370.json"
"701111","393980","2025-12-08","215.00","AUD","1761883370","297342/2025-12-08/1761883370.json"
"701111","393980","2025-12-07","215.00","AUD","1761883370","297342/2025-12-07/1761883370.json"
"701111","393980","2025-12-13","215.00","AUD","1761883370","297342/2025-12-13/1761883370.json"
"701111","393980","2025-12-14","215.00","AUD","1761883370","297342/2025-12-14/1761883370.json"
"701111","393980","2025-12-16","215.00","AUD","1761883370","297342/2025-12-16/1761883370.json"
"701111","393980","2025-12-17","215.00","AUD","1761883370","297342/2025-12-17/1761883370.json"
"701111","393980","2025-12-15","215.00","AUD","1761883370","297342/2025-12-15/1761883370.json"
"701111","393980","2025-12-20","215.00","AUD","1761883370","297342/2025-12-20/1761883370.json"
"701111","393980","2025-12-22","215.00","AUD","1761883370","297342/2025-12-22/1761883370.json"
"701111","393980","2025-12-19","215.00","AUD","1761883370","297342/2025-12-19/1761883370.json"
"701111","393980","2025-12-25","215.00","AUD","1761883370","297342/2025-12-25/1761883370.json"
"701111","393980","2025-12-29","215.00","AUD","1761883370","297342/2025-12-29/1761883370.json"
"701111","393980","2025-12-30","215.00","AUD","1761883370","297342/2025-12-30/1761883370.json"
"701111","393980","2025-11-09","215.00","AUD","1761887671","297342/2025-11-09/1761887671.json"
"701111","393980","2025-11-12","215.00","AUD","1761887671","297342/2025-11-12/1761887671.json"
"701111","393980","2025-11-13","215.00","AUD","1761887671","297342/2025-11-13/1761887671.json"
"701111","393980","2025-11-15","215.00","AUD","1761887671","297342/2025-11-15/1761887671.json"
"701111","393980","2025-11-20","215.00","AUD","1761887671","297342/2025-11-20/1761887671.json"
"701111","393980","2025-11-22","215.00","AUD","1761887671","297342/2025-11-22/1761887671.json"
"701111","393980","2025-11-21","215.00","AUD","1761887671","297342/2025-11-21/1761887671.json"
"701111","393980","2025-11-27","215.00","AUD","1761887671","297342/2025-11-27/1761887671.json"
"701111","393980","2025-11-28","215.00","AUD","1761887671","297342/2025-11-28/1761887671.json"
"701111","393980","2025-11-30","215.00","AUD","1761887671","297342/2025-11-30/1761887671.json"
"701111","393980","2025-12-01","215.00","AUD","1761887671","297342/2025-12-01/1761887671.json"
"701111","393980","2025-12-03","215.00","AUD","1761887671","297342/2025-12-03/1761887671.json"
"701111","393980","2025-12-05","215.00","AUD","1761887671","297342/2025-12-05/1761887671.json"
"701111","393980","2025-12-06","215.00","AUD","1761887671","297342/2025-12-06/1761887671.json"
"701111","393980","2025-12-08","215.00","AUD","1761887671","297342/2025-12-08/1761887671.json"
"701111","393980","2025-12-07","215.00","AUD","1761887671","297342/2025-12-07/1761887671.json"
"701111","393980","2025-12-13","215.00","AUD","1761887671","297342/2025-12-13/1761887671.json"
"701111","393980","2025-12-14","215.00","AUD","1761887671","297342/2025-12-14/1761887671.json"
"701111","393980","2025-12-16","215.00","AUD","1761887671","297342/2025-12-16/1761887671.json"
"701111","393980","2025-12-15","215.00","AUD","1761887671","297342/2025-12-15/1761887671.json"
"701111","393980","2025-12-17","215.00","AUD","1761887671","297342/2025-12-17/1761887671.json"
"701111","393980","2025-12-19","215.00","AUD","1761887671","297342/2025-12-19/1761887671.json"
"701111","393980","2025-12-20","215.00","AUD","1761887671","297342/2025-12-20/1761887671.json"
"701111","393980","2025-12-22","215.00","AUD","1761887671","297342/2025-12-22/1761887671.json"
"701111","393980","2025-12-25","215.00","AUD","1761887671","297342/2025-12-25/1761887671.json"
"701111","393980","2025-12-30","215.00","AUD","1761887671","297342/2025-12-30/1761887671.json"
"701111","393980","2025-12-29","215.00","AUD","1761887671","297342/2025-12-29/1761887671.json"
"701111","393980","2025-11-09","215.00","AUD","1761902479","297342/2025-11-09/1761902479.json"
"701111","393980","2025-11-12","215.00","AUD","1761902479","297342/2025-11-12/1761902479.json"
"701111","393980","2025-11-15","215.00","AUD","1761902479","297342/2025-11-15/1761902479.json"
"701111","393980","2025-11-13","215.00","AUD","1761902479","297342/2025-11-13/1761902479.json"
"701111","393980","2025-11-20","215.00","AUD","1761902479","297342/2025-11-20/1761902479.json"
"701111","393980","2025-11-21","215.00","AUD","1761902479","297342/2025-11-21/1761902479.json"
"701111","393980","2025-11-22","215.00","AUD","1761902479","297342/2025-11-22/1761902479.json"
"701111","393980","2025-11-27","215.00","AUD","1761902479","297342/2025-11-27/1761902479.json"
"701111","393980","2025-11-28","215.00","AUD","1761902479","297342/2025-11-28/1761902479.json"
"701111","393980","2025-11-30","215.00","AUD","1761902479","297342/2025-11-30/1761902479.json"
"701111","393980","2025-12-01","215.00","AUD","1761902479","297342/2025-12-01/1761902479.json"
"701111","393980","2025-12-03","215.00","AUD","1761902479","297342/2025-12-03/1761902479.json"
"701111","393980","2025-12-05","215.00","AUD","1761902479","297342/2025-12-05/1761902479.json"
"701111","393980","2025-12-06","215.00","AUD","1761902479","297342/2025-12-06/1761902479.json"
"701111","393980","2025-12-07","215.00","AUD","1761902479","297342/2025-12-07/1761902479.json"
"701111","393980","2025-12-08","215.00","AUD","1761902479","297342/2025-12-08/1761902479.json"
"701111","393980","2025-12-13","215.00","AUD","1761902479","297342/2025-12-13/1761902479.json"
"701111","393980","2025-12-14","215.00","AUD","1761902479","297342/2025-12-14/1761902479.json"
"701111","393980","2025-12-17","215.00","AUD","1761902479","297342/2025-12-17/1761902479.json"
"701111","393980","2025-12-15","215.00","AUD","1761902479","297342/2025-12-15/1761902479.json"
"701111","393980","2025-12-16","215.00","AUD","1761902479","297342/2025-12-16/1761902479.json"
"701111","393980","2025-12-20","215.00","AUD","1761902479","297342/2025-12-20/1761902479.json"
"701111","393980","2025-12-22","215.00","AUD","1761902479","297342/2025-12-22/1761902479.json"
"701111","393980","2025-12-19","215.00","AUD","1761902479","297342/2025-12-19/1761902479.json"
"701111","393980","2025-12-25","215.00","AUD","1761902479","297342/2025-12-25/1761902479.json"
"701111","393980","2025-12-30","215.00","AUD","1761902479","297342/2025-12-30/1761902479.json"
"701111","393980","2025-12-29","215.00","AUD","1761902479","297342/2025-12-29/1761902479.json"
"701111","393980","2025-11-09","215.00","AUD","1761919976","297342/2025-11-09/1761919976.json"
"701111","393980","2025-11-12","215.00","AUD","1761919976","297342/2025-11-12/1761919976.json"
"701111","393980","2025-11-13","215.00","AUD","1761919976","297342/2025-11-13/1761919976.json"
"701111","393980","2025-11-15","215.00","AUD","1761919976","297342/2025-11-15/1761919976.json"
"701111","393980","2025-11-20","215.00","AUD","1761919976","297342/2025-11-20/1761919976.json"
"701111","393980","2025-11-21","215.00","AUD","1761919976","297342/2025-11-21/1761919976.json"
"701111","393980","2025-11-22","215.00","AUD","1761919976","297342/2025-11-22/1761919976.json"
"701111","393980","2025-11-27","215.00","AUD","1761919976","297342/2025-11-27/1761919976.json"
"701111","393980","2025-11-28","215.00","AUD","1761919976","297342/2025-11-28/1761919976.json"
"701111","393980","2025-11-30","215.00","AUD","1761919976","297342/2025-11-30/1761919976.json"
"701111","393980","2025-12-01","215.00","AUD","1761919976","297342/2025-12-01/1761919976.json"
"701111","393980","2025-12-03","215.00","AUD","1761919976","297342/2025-12-03/1761919976.json"
"701111","393980","2025-12-05","215.00","AUD","1761919976","297342/2025-12-05/1761919976.json"
"701111","393980","2025-12-06","215.00","AUD","1761919976","297342/2025-12-06/1761919976.json"
"701111","393980","2025-12-07","215.00","AUD","1761919976","297342/2025-12-07/1761919976.json"
"701111","393980","2025-12-08","215.00","AUD","1761919976","297342/2025-12-08/1761919976.json"
"701111","393980","2025-12-14","215.00","AUD","1761919976","297342/2025-12-14/1761919976.json"
"701111","393980","2025-12-13","215.00","AUD","1761919976","297342/2025-12-13/1761919976.json"
"701111","393980","2025-12-16","215.00","AUD","1761919976","297342/2025-12-16/1761919976.json"
"701111","393980","2025-12-17","215.00","AUD","1761919976","297342/2025-12-17/1761919976.json"
"701111","393980","2025-12-15","215.00","AUD","1761919976","297342/2025-12-15/1761919976.json"
"701111","393980","2025-12-19","215.00","AUD","1761919976","297342/2025-12-19/1761919976.json"
"701111","393980","2025-12-20","215.00","AUD","1761919976","297342/2025-12-20/1761919976.json"
"701111","393980","2025-12-22","215.00","AUD","1761919976","297342/2025-12-22/1761919976.json"
"701111","393980","2025-12-25","215.00","AUD","1761919976","297342/2025-12-25/1761919976.json"
"701111","393980","2025-12-29","215.00","AUD","1761919976","297342/2025-12-29/1761919976.json"
"701111","393980","2025-12-30","215.00","AUD","1761919976","297342/2025-12-30/1761919976.json"
"701111","393980","2025-11-09","215.00","AUD","1761931236","297342/2025-11-09/1761931236.json"
"701111","393980","2025-11-12","215.00","AUD","1761931236","297342/2025-11-12/1761931236.json"
"701111","393980","2025-11-13","215.00","AUD","1761931236","297342/2025-11-13/1761931236.json"
"701111","393980","2025-11-15","215.00","AUD","1761931236","297342/2025-11-15/1761931236.json"
"701111","393980","2025-11-20","215.00","AUD","1761931236","297342/2025-11-20/1761931236.json"
"701111","393980","2025-11-21","215.00","AUD","1761931236","297342/2025-11-21/1761931236.json"
"701111","393980","2025-11-22","215.00","AUD","1761931236","297342/2025-11-22/1761931236.json"
"701111","393980","2025-11-27","215.00","AUD","1761931236","297342/2025-11-27/1761931236.json"
"701111","393980","2025-11-28","215.00","AUD","1761931236","297342/2025-11-28/1761931236.json"
"701111","393980","2025-11-30","215.00","AUD","1761931236","297342/2025-11-30/1761931236.json"
"701111","393980","2025-12-01","215.00","AUD","1761931236","297342/2025-12-01/1761931236.json"
"701111","393980","2025-12-03","215.00","AUD","1761931236","297342/2025-12-03/1761931236.json"
"701111","393980","2025-12-05","215.00","AUD","1761931236","297342/2025-12-05/1761931236.json"
"701111","393980","2025-12-08","215.00","AUD","1761931236","297342/2025-12-08/1761931236.json"
"701111","393980","2025-12-07","215.00","AUD","1761931236","297342/2025-12-07/1761931236.json"
"701111","393980","2025-12-06","215.00","AUD","1761931236","297342/2025-12-06/1761931236.json"
"701111","393980","2025-12-13","215.00","AUD","1761931236","297342/2025-12-13/1761931236.json"
"701111","393980","2025-12-14","215.00","AUD","1761931236","297342/2025-12-14/1761931236.json"
"701111","393980","2025-12-15","215.00","AUD","1761931236","297342/2025-12-15/1761931236.json"
"701111","393980","2025-12-16","215.00","AUD","1761931236","297342/2025-12-16/1761931236.json"
"701111","393980","2025-12-17","215.00","AUD","1761931236","297342/2025-12-17/1761931236.json"
"701111","393980","2025-12-19","215.00","AUD","1761931236","297342/2025-12-19/1761931236.json"
"701111","393980","2025-12-20","215.00","AUD","1761931236","297342/2025-12-20/1761931236.json"
"701111","393980","2025-12-22","215.00","AUD","1761931236","297342/2025-12-22/1761931236.json"
"701111","393980","2025-12-25","215.00","AUD","1761931236","297342/2025-12-25/1761931236.json"
"701111","393980","2025-12-29","215.00","AUD","1761931236","297342/2025-12-29/1761931236.json"
"701111","393980","2025-12-30","215.00","AUD","1761931236","297342/2025-12-30/1761931236.json"
"701111","393980","2025-11-09","215.00","AUD","1761944985","297342/2025-11-09/1761944985.json"
"701111","393980","2025-11-12","215.00","AUD","1761944985","297342/2025-11-12/1761944985.json"
"701111","393980","2025-11-13","215.00","AUD","1761944985","297342/2025-11-13/1761944985.json"
"701111","393980","2025-11-15","215.00","AUD","1761944985","297342/2025-11-15/1761944985.json"
"701111","393980","2025-11-20","215.00","AUD","1761944985","297342/2025-11-20/1761944985.json"
"701111","393980","2025-11-22","215.00","AUD","1761944985","297342/2025-11-22/1761944985.json"
"701111","393980","2025-11-21","215.00","AUD","1761944985","297342/2025-11-21/1761944985.json"
"701111","393980","2025-11-27","215.00","AUD","1761944985","297342/2025-11-27/1761944985.json"
"701111","393980","2025-11-28","215.00","AUD","1761944985","297342/2025-11-28/1761944985.json"
"701111","393980","2025-11-30","215.00","AUD","1761944985","297342/2025-11-30/1761944985.json"
"701111","393980","2025-12-01","215.00","AUD","1761944985","297342/2025-12-01/1761944985.json"
"701111","393980","2025-12-05","215.00","AUD","1761944985","297342/2025-12-05/1761944985.json"
"701111","393980","2025-12-03","215.00","AUD","1761944985","297342/2025-12-03/1761944985.json"
"701111","393980","2025-12-06","215.00","AUD","1761944985","297342/2025-12-06/1761944985.json"
"701111","393980","2025-12-07","215.00","AUD","1761944985","297342/2025-12-07/1761944985.json"
"701111","393980","2025-12-08","215.00","AUD","1761944985","297342/2025-12-08/1761944985.json"
"701111","393980","2025-12-13","215.00","AUD","1761944985","297342/2025-12-13/1761944985.json"
"701111","393980","2025-12-14","215.00","AUD","1761944985","297342/2025-12-14/1761944985.json"
"701111","393980","2025-12-15","215.00","AUD","1761944985","297342/2025-12-15/1761944985.json"
"701111","393980","2025-12-17","215.00","AUD","1761944985","297342/2025-12-17/1761944985.json"
"701111","393980","2025-12-16","215.00","AUD","1761944985","297342/2025-12-16/1761944985.json"
"701111","393980","2025-12-19","215.00","AUD","1761944985","297342/2025-12-19/1761944985.json"
"701111","393980","2025-12-20","215.00","AUD","1761944985","297342/2025-12-20/1761944985.json"
"701111","393980","2025-12-22","215.00","AUD","1761944985","297342/2025-12-22/1761944985.json"
"701111","393980","2025-12-25","215.00","AUD","1761944985","297342/2025-12-25/1761944985.json"
"701111","393980","2025-12-29","215.00","AUD","1761944985","297342/2025-12-29/1761944985.json"
"701111","393980","2025-12-30","215.00","AUD","1761944985","297342/2025-12-30/1761944985.json"
"701111","393980","2025-11-09","215.00","AUD","1761969958","297342/2025-11-09/1761969958.json"
"701111","393980","2025-11-12","215.00","AUD","1761969958","297342/2025-11-12/1761969958.json"
"701111","393980","2025-11-13","215.00","AUD","1761969958","297342/2025-11-13/1761969958.json"
"701111","393980","2025-11-15","215.00","AUD","1761969958","297342/2025-11-15/1761969958.json"
"701111","393980","2025-11-20","215.00","AUD","1761969958","297342/2025-11-20/1761969958.json"
"701111","393980","2025-11-22","215.00","AUD","1761969958","297342/2025-11-22/1761969958.json"
"701111","393980","2025-11-21","215.00","AUD","1761969958","297342/2025-11-21/1761969958.json"
"701111","393980","2025-11-27","215.00","AUD","1761969958","297342/2025-11-27/1761969958.json"
"701111","393980","2025-11-28","215.00","AUD","1761969958","297342/2025-11-28/1761969958.json"
"701111","393980","2025-12-01","215.00","AUD","1761969958","297342/2025-12-01/1761969958.json"
"701111","393980","2025-11-30","215.00","AUD","1761969958","297342/2025-11-30/1761969958.json"
"701111","393980","2025-12-03","215.00","AUD","1761969958","297342/2025-12-03/1761969958.json"
"701111","393980","2025-12-05","215.00","AUD","1761969958","297342/2025-12-05/1761969958.json"
"701111","393980","2025-12-06","215.00","AUD","1761969958","297342/2025-12-06/1761969958.json"
"701111","393980","2025-12-08","215.00","AUD","1761969958","297342/2025-12-08/1761969958.json"
"701111","393980","2025-12-07","215.00","AUD","1761969958","297342/2025-12-07/1761969958.json"
"701111","393980","2025-12-13","215.00","AUD","1761969958","297342/2025-12-13/1761969958.json"
"701111","393980","2025-12-16","215.00","AUD","1761969958","297342/2025-12-16/1761969958.json"
"701111","393980","2025-12-14","215.00","AUD","1761969958","297342/2025-12-14/1761969958.json"
"701111","393980","2025-12-15","215.00","AUD","1761969958","297342/2025-12-15/1761969958.json"
"701111","393980","2025-12-17","215.00","AUD","1761969958","297342/2025-12-17/1761969958.json"
"701111","393980","2025-12-20","215.00","AUD","1761969958","297342/2025-12-20/1761969958.json"
"701111","393980","2025-12-19","215.00","AUD","1761969958","297342/2025-12-19/1761969958.json"
"701111","393980","2025-12-22","215.00","AUD","1761969958","297342/2025-12-22/1761969958.json"
"701111","393980","2025-12-25","215.00","AUD","1761969958","297342/2025-12-25/1761969958.json"
"701111","393980","2025-12-29","215.00","AUD","1761969958","297342/2025-12-29/1761969958.json"
"701111","393980","2025-12-30","215.00","AUD","1761969958","297342/2025-12-30/1761969958.json"
"701111","393980","2025-12-31","215.00","AUD","1761969958","297342/2025-12-31/1761969958.json"
"701111","393980","2025-11-12","215.00","AUD","1761973591","297342/2025-11-12/1761973591.json"
"701111","393980","2025-11-13","215.00","AUD","1761973591","297342/2025-11-13/1761973591.json"
"701111","393980","2025-11-09","215.00","AUD","1761973591","297342/2025-11-09/1761973591.json"
"701111","393980","2025-11-15","215.00","AUD","1761973591","297342/2025-11-15/1761973591.json"
"701111","393980","2025-11-20","215.00","AUD","1761973591","297342/2025-11-20/1761973591.json"
"701111","393980","2025-11-21","215.00","AUD","1761973591","297342/2025-11-21/1761973591.json"
"701111","393980","2025-11-22","215.00","AUD","1761973591","297342/2025-11-22/1761973591.json"
"701111","393980","2025-11-28","215.00","AUD","1761973591","297342/2025-11-28/1761973591.json"
"701111","393980","2025-11-27","215.00","AUD","1761973591","297342/2025-11-27/1761973591.json"
"701111","393980","2025-11-30","215.00","AUD","1761973591","297342/2025-11-30/1761973591.json"
"701111","393980","2025-12-03","215.00","AUD","1761973591","297342/2025-12-03/1761973591.json"
"701111","393980","2025-12-01","215.00","AUD","1761973591","297342/2025-12-01/1761973591.json"
"701111","393980","2025-12-06","215.00","AUD","1761973591","297342/2025-12-06/1761973591.json"
"701111","393980","2025-12-07","215.00","AUD","1761973591","297342/2025-12-07/1761973591.json"
"701111","393980","2025-12-05","215.00","AUD","1761973591","297342/2025-12-05/1761973591.json"
"701111","393980","2025-12-08","215.00","AUD","1761973591","297342/2025-12-08/1761973591.json"
"701111","393980","2025-12-13","215.00","AUD","1761973591","297342/2025-12-13/1761973591.json"
"701111","393980","2025-12-14","215.00","AUD","1761973591","297342/2025-12-14/1761973591.json"
"701111","393980","2025-12-15","215.00","AUD","1761973591","297342/2025-12-15/1761973591.json"
"701111","393980","2025-12-19","215.00","AUD","1761973591","297342/2025-12-19/1761973591.json"
"701111","393980","2025-12-17","215.00","AUD","1761973591","297342/2025-12-17/1761973591.json"
"701111","393980","2025-12-16","215.00","AUD","1761973591","297342/2025-12-16/1761973591.json"
"701111","393980","2025-12-20","215.00","AUD","1761973591","297342/2025-12-20/1761973591.json"
"701111","393980","2025-12-22","215.00","AUD","1761973591","297342/2025-12-22/1761973591.json"
"701111","393980","2025-12-25","215.00","AUD","1761973591","297342/2025-12-25/1761973591.json"
"701111","393980","2025-12-31","215.00","AUD","1761973591","297342/2025-12-31/1761973591.json"
"701111","393980","2025-12-29","215.00","AUD","1761973591","297342/2025-12-29/1761973591.json"
"701111","393980","2025-12-30","215.00","AUD","1761973591","297342/2025-12-30/1761973591.json"
"701111","393980","2025-11-09","215.00","AUD","1761988197","297342/2025-11-09/1761988197.json"
"701111","393980","2025-11-12","215.00","AUD","1761988197","297342/2025-11-12/1761988197.json"
"701111","393980","2025-11-15","215.00","AUD","1761988197","297342/2025-11-15/1761988197.json"
"701111","393980","2025-11-13","215.00","AUD","1761988197","297342/2025-11-13/1761988197.json"
"701111","393980","2025-11-20","215.00","AUD","1761988197","297342/2025-11-20/1761988197.json"
"701111","393980","2025-11-21","215.00","AUD","1761988197","297342/2025-11-21/1761988197.json"
"701111","393980","2025-11-22","215.00","AUD","1761988197","297342/2025-11-22/1761988197.json"
"701111","393980","2025-11-27","215.00","AUD","1761988197","297342/2025-11-27/1761988197.json"
"701111","393980","2025-11-28","215.00","AUD","1761988197","297342/2025-11-28/1761988197.json"
"701111","393980","2025-11-30","215.00","AUD","1761988197","297342/2025-11-30/1761988197.json"
"701111","393980","2025-12-03","215.00","AUD","1761988197","297342/2025-12-03/1761988197.json"
"701111","393980","2025-12-05","215.00","AUD","1761988197","297342/2025-12-05/1761988197.json"
"701111","393980","2025-12-06","215.00","AUD","1761988197","297342/2025-12-06/1761988197.json"
"701111","393980","2025-12-07","215.00","AUD","1761988197","297342/2025-12-07/1761988197.json"
"701111","393980","2025-12-08","215.00","AUD","1761988197","297342/2025-12-08/1761988197.json"
"701111","393980","2025-12-13","215.00","AUD","1761988197","297342/2025-12-13/1761988197.json"
"701111","393980","2025-12-14","215.00","AUD","1761988197","297342/2025-12-14/1761988197.json"
"701111","393980","2025-12-15","215.00","AUD","1761988197","297342/2025-12-15/1761988197.json"
"701111","393980","2025-12-01","215.00","AUD","1761988197","297342/2025-12-01/1761988197.json"
"701111","393980","2025-12-16","215.00","AUD","1761988197","297342/2025-12-16/1761988197.json"
"701111","393980","2025-12-17","215.00","AUD","1761988197","297342/2025-12-17/1761988197.json"
"701111","393980","2025-12-19","215.00","AUD","1761988197","297342/2025-12-19/1761988197.json"
"701111","393980","2025-12-20","215.00","AUD","1761988197","297342/2025-12-20/1761988197.json"
"701111","393980","2025-12-22","215.00","AUD","1761988197","297342/2025-12-22/1761988197.json"
"701111","393980","2025-12-25","215.00","AUD","1761988197","297342/2025-12-25/1761988197.json"
"701111","393980","2025-12-29","215.00","AUD","1761988197","297342/2025-12-29/1761988197.json"
"701111","393980","2025-12-31","215.00","AUD","1761988197","297342/2025-12-31/1761988197.json"
"701111","393980","2025-12-30","215.00","AUD","1761988197","297342/2025-12-30/1761988197.json"
