"dormId","ratePlan","date","priceValue","priceCurrency","crawledAt","urlPart"
"766389","494882","2025-10-17","45.00","AUD","1760072593","305542/2025-10-17/1760072593.json"
"766392","494885","2025-10-17","47.00","AUD","1760072593","305542/2025-10-17/1760072593.json"
"766391","494884","2025-10-17","48.00","AUD","1760072593","305542/2025-10-17/1760072593.json"
"766389","494882","2025-10-21","45.00","AUD","1760072593","305542/2025-10-21/1760072593.json"
"766392","494885","2025-10-21","47.00","AUD","1760072593","305542/2025-10-21/1760072593.json"
"766391","494884","2025-10-21","48.00","AUD","1760072593","305542/2025-10-21/1760072593.json"
"766389","494882","2025-10-20","45.00","AUD","1760072593","305542/2025-10-20/1760072593.json"
"766392","494885","2025-10-20","47.00","AUD","1760072593","305542/2025-10-20/1760072593.json"
"766391","494884","2025-10-20","48.00","AUD","1760072593","305542/2025-10-20/1760072593.json"
"766389","494882","2025-10-19","45.00","AUD","1760072593","305542/2025-10-19/1760072593.json"
"766392","494885","2025-10-19","47.00","AUD","1760072593","305542/2025-10-19/1760072593.json"
"766391","494884","2025-10-19","48.00","AUD","1760072593","305542/2025-10-19/1760072593.json"
"766389","494882","2025-10-18","45.00","AUD","1760072593","305542/2025-10-18/1760072593.json"
"766392","494885","2025-10-18","47.00","AUD","1760072593","305542/2025-10-18/1760072593.json"
"766391","494884","2025-10-18","48.00","AUD","1760072593","305542/2025-10-18/1760072593.json"
"766389","494882","2025-10-23","45.00","AUD","1760072593","305542/2025-10-23/1760072593.json"
"766392","494885","2025-10-23","47.00","AUD","1760072593","305542/2025-10-23/1760072593.json"
"766391","494884","2025-10-23","48.00","AUD","1760072593","305542/2025-10-23/1760072593.json"
"766389","494882","2025-10-24","45.00","AUD","1760072593","305542/2025-10-24/1760072593.json"
"766392","494885","2025-10-24","47.00","AUD","1760072593","305542/2025-10-24/1760072593.json"
"766389","494882","2025-10-25","45.00","AUD","1760072593","305542/2025-10-25/1760072593.json"
"766392","494885","2025-10-25","47.00","AUD","1760072593","305542/2025-10-25/1760072593.json"
"766389","494882","2025-10-26","45.00","AUD","1760072593","305542/2025-10-26/1760072593.json"
"766392","494885","2025-10-26","47.00","AUD","1760072593","305542/2025-10-26/1760072593.json"
"766389","494882","2025-10-27","45.00","AUD","1760072593","305542/2025-10-27/1760072593.json"
"766392","494885","2025-10-27","47.00","AUD","1760072593","305542/2025-10-27/1760072593.json"
"766389","494882","2025-10-22","45.00","AUD","1760072593","305542/2025-10-22/1760072593.json"
"766392","494885","2025-10-22","47.00","AUD","1760072593","305542/2025-10-22/1760072593.json"
"766391","494884","2025-10-22","48.00","AUD","1760072593","305542/2025-10-22/1760072593.json"
"766389","494882","2025-10-28","45.00","AUD","1760072593","305542/2025-10-28/1760072593.json"
"766392","494885","2025-10-28","47.00","AUD","1760072593","305542/2025-10-28/1760072593.json"
"766389","494882","2025-10-29","45.00","AUD","1760072593","305542/2025-10-29/1760072593.json"
"766392","494885","2025-10-29","47.00","AUD","1760072593","305542/2025-10-29/1760072593.json"
"766389","494882","2025-10-30","45.00","AUD","1760072593","305542/2025-10-30/1760072593.json"
"766392","494885","2025-10-30","47.00","AUD","1760072593","305542/2025-10-30/1760072593.json"
"766389","494882","2025-11-01","45.00","AUD","1760072593","305542/2025-11-01/1760072593.json"
"766392","494885","2025-11-01","47.00","AUD","1760072593","305542/2025-11-01/1760072593.json"
"766389","494882","2025-10-31","45.00","AUD","1760072593","305542/2025-10-31/1760072593.json"
"766392","494885","2025-10-31","47.00","AUD","1760072593","305542/2025-10-31/1760072593.json"
"766389","494882","2025-11-02","45.00","AUD","1760072593","305542/2025-11-02/1760072593.json"
"766392","494885","2025-11-02","47.00","AUD","1760072593","305542/2025-11-02/1760072593.json"
"766389","494882","2025-11-03","45.00","AUD","1760072593","305542/2025-11-03/1760072593.json"
"766392","494885","2025-11-03","47.00","AUD","1760072593","305542/2025-11-03/1760072593.json"
"766393","494886","2025-11-28","39.00","AUD","1760072593","305542/2025-11-28/1760072593.json"
"766393","494886","2025-11-29","39.00","AUD","1760072593","305542/2025-11-29/1760072593.json"
"766392","494885","2025-11-29","47.00","AUD","1760072593","305542/2025-11-29/1760072593.json"
"766391","494884","2025-11-29","48.00","AUD","1760072593","305542/2025-11-29/1760072593.json"
"766391","494884","2025-12-01","2.00","AUD","1760072593","305542/2025-12-01/1760072593.json"
"766392","494885","2025-12-01","2.00","AUD","1760072593","305542/2025-12-01/1760072593.json"
"766393","494886","2025-12-01","39.00","AUD","1760072593","305542/2025-12-01/1760072593.json"
"766393","494886","2025-11-30","39.00","AUD","1760072593","305542/2025-11-30/1760072593.json"
"766392","494885","2025-11-30","47.00","AUD","1760072593","305542/2025-11-30/1760072593.json"
"766391","494884","2025-11-30","48.00","AUD","1760072593","305542/2025-11-30/1760072593.json"
"766391","494884","2025-12-02","2.00","AUD","1760072593","305542/2025-12-02/1760072593.json"
"766392","494885","2025-12-02","2.00","AUD","1760072593","305542/2025-12-02/1760072593.json"
"766393","494886","2025-12-02","39.00","AUD","1760072593","305542/2025-12-02/1760072593.json"
"766393","494886","2025-11-27","39.00","AUD","1760072593","305542/2025-11-27/1760072593.json"
"766392","494885","2025-11-27","47.00","AUD","1760072593","305542/2025-11-27/1760072593.json"
"766391","494884","2025-11-27","48.00","AUD","1760072593","305542/2025-11-27/1760072593.json"
"766389","494882","2025-10-17","45.00","AUD","1760087612","305542/2025-10-17/1760087612.json"
"766392","494885","2025-10-17","47.00","AUD","1760087612","305542/2025-10-17/1760087612.json"
"766391","494884","2025-10-17","48.00","AUD","1760087612","305542/2025-10-17/1760087612.json"
"766389","494882","2025-10-18","45.00","AUD","1760087612","305542/2025-10-18/1760087612.json"
"766389","494882","2025-10-19","45.00","AUD","1760087612","305542/2025-10-19/1760087612.json"
"766392","494885","2025-10-18","47.00","AUD","1760087612","305542/2025-10-18/1760087612.json"
"766392","494885","2025-10-19","47.00","AUD","1760087612","305542/2025-10-19/1760087612.json"
"766391","494884","2025-10-19","48.00","AUD","1760087612","305542/2025-10-19/1760087612.json"
"766391","494884","2025-10-18","48.00","AUD","1760087612","305542/2025-10-18/1760087612.json"
"766389","494882","2025-10-20","45.00","AUD","1760087612","305542/2025-10-20/1760087612.json"
"766392","494885","2025-10-20","47.00","AUD","1760087612","305542/2025-10-20/1760087612.json"
"766391","494884","2025-10-20","48.00","AUD","1760087612","305542/2025-10-20/1760087612.json"
"766389","494882","2025-10-21","45.00","AUD","1760087612","305542/2025-10-21/1760087612.json"
"766392","494885","2025-10-21","47.00","AUD","1760087612","305542/2025-10-21/1760087612.json"
"766391","494884","2025-10-21","48.00","AUD","1760087612","305542/2025-10-21/1760087612.json"
"766389","494882","2025-10-22","45.00","AUD","1760087612","305542/2025-10-22/1760087612.json"
"766389","494882","2025-10-24","45.00","AUD","1760087612","305542/2025-10-24/1760087612.json"
"766392","494885","2025-10-22","47.00","AUD","1760087612","305542/2025-10-22/1760087612.json"
"766392","494885","2025-10-24","47.00","AUD","1760087612","305542/2025-10-24/1760087612.json"
"766391","494884","2025-10-22","48.00","AUD","1760087612","305542/2025-10-22/1760087612.json"
"766389","494882","2025-10-23","45.00","AUD","1760087612","305542/2025-10-23/1760087612.json"
"766392","494885","2025-10-23","47.00","AUD","1760087612","305542/2025-10-23/1760087612.json"
"766391","494884","2025-10-23","48.00","AUD","1760087612","305542/2025-10-23/1760087612.json"
"766389","494882","2025-10-25","45.00","AUD","1760087612","305542/2025-10-25/1760087612.json"
"766392","494885","2025-10-25","47.00","AUD","1760087612","305542/2025-10-25/1760087612.json"
"766389","494882","2025-10-27","45.00","AUD","1760087612","305542/2025-10-27/1760087612.json"
"766392","494885","2025-10-27","47.00","AUD","1760087612","305542/2025-10-27/1760087612.json"
"766389","494882","2025-10-26","45.00","AUD","1760087612","305542/2025-10-26/1760087612.json"
"766392","494885","2025-10-26","47.00","AUD","1760087612","305542/2025-10-26/1760087612.json"
"766389","494882","2025-10-28","45.00","AUD","1760087612","305542/2025-10-28/1760087612.json"
"766392","494885","2025-10-28","47.00","AUD","1760087612","305542/2025-10-28/1760087612.json"
"766389","494882","2025-10-29","45.00","AUD","1760087612","305542/2025-10-29/1760087612.json"
"766392","494885","2025-10-29","47.00","AUD","1760087612","305542/2025-10-29/1760087612.json"
"766389","494882","2025-11-01","45.00","AUD","1760087612","305542/2025-11-01/1760087612.json"
"766392","494885","2025-11-01","47.00","AUD","1760087612","305542/2025-11-01/1760087612.json"
"766389","494882","2025-10-30","45.00","AUD","1760087612","305542/2025-10-30/1760087612.json"
"766392","494885","2025-10-30","47.00","AUD","1760087612","305542/2025-10-30/1760087612.json"
"766389","494882","2025-10-31","45.00","AUD","1760087612","305542/2025-10-31/1760087612.json"
"766392","494885","2025-10-31","47.00","AUD","1760087612","305542/2025-10-31/1760087612.json"
"766389","494882","2025-11-02","45.00","AUD","1760087612","305542/2025-11-02/1760087612.json"
"766392","494885","2025-11-02","47.00","AUD","1760087612","305542/2025-11-02/1760087612.json"
"766389","494882","2025-11-03","45.00","AUD","1760087612","305542/2025-11-03/1760087612.json"
"766392","494885","2025-11-03","47.00","AUD","1760087612","305542/2025-11-03/1760087612.json"
"766393","494886","2025-11-27","39.00","AUD","1760087612","305542/2025-11-27/1760087612.json"
"766392","494885","2025-11-27","47.00","AUD","1760087612","305542/2025-11-27/1760087612.json"
"766391","494884","2025-11-27","48.00","AUD","1760087612","305542/2025-11-27/1760087612.json"
"766393","494886","2025-11-28","39.00","AUD","1760087612","305542/2025-11-28/1760087612.json"
"766393","494886","2025-11-29","39.00","AUD","1760087612","305542/2025-11-29/1760087612.json"
"766392","494885","2025-11-29","47.00","AUD","1760087612","305542/2025-11-29/1760087612.json"
"766391","494884","2025-11-29","48.00","AUD","1760087612","305542/2025-11-29/1760087612.json"
"766393","494886","2025-11-30","39.00","AUD","1760087612","305542/2025-11-30/1760087612.json"
"766392","494885","2025-11-30","47.00","AUD","1760087612","305542/2025-11-30/1760087612.json"
"766391","494884","2025-11-30","48.00","AUD","1760087612","305542/2025-11-30/1760087612.json"
"766391","494884","2025-12-01","2.00","AUD","1760087612","305542/2025-12-01/1760087612.json"
"766392","494885","2025-12-01","2.00","AUD","1760087612","305542/2025-12-01/1760087612.json"
"766393","494886","2025-12-01","39.00","AUD","1760087612","305542/2025-12-01/1760087612.json"
"766391","494884","2025-12-02","2.00","AUD","1760087612","305542/2025-12-02/1760087612.json"
"766392","494885","2025-12-02","2.00","AUD","1760087612","305542/2025-12-02/1760087612.json"
"766393","494886","2025-12-02","39.00","AUD","1760087612","305542/2025-12-02/1760087612.json"
"766389","494882","2025-10-17","45.00","AUD","1760104033","305542/2025-10-17/1760104033.json"
"766392","494885","2025-10-17","47.00","AUD","1760104033","305542/2025-10-17/1760104033.json"
"766391","494884","2025-10-17","48.00","AUD","1760104033","305542/2025-10-17/1760104033.json"
"766389","494882","2025-10-18","45.00","AUD","1760104033","305542/2025-10-18/1760104033.json"
"766392","494885","2025-10-18","47.00","AUD","1760104033","305542/2025-10-18/1760104033.json"
"766391","494884","2025-10-18","48.00","AUD","1760104033","305542/2025-10-18/1760104033.json"
"766389","494882","2025-10-19","45.00","AUD","1760104033","305542/2025-10-19/1760104033.json"
"766392","494885","2025-10-19","47.00","AUD","1760104033","305542/2025-10-19/1760104033.json"
"766391","494884","2025-10-19","48.00","AUD","1760104033","305542/2025-10-19/1760104033.json"
"766389","494882","2025-10-20","45.00","AUD","1760104033","305542/2025-10-20/1760104033.json"
"766392","494885","2025-10-20","47.00","AUD","1760104033","305542/2025-10-20/1760104033.json"
"766391","494884","2025-10-20","48.00","AUD","1760104033","305542/2025-10-20/1760104033.json"
"766389","494882","2025-10-22","45.00","AUD","1760104033","305542/2025-10-22/1760104033.json"
"766389","494882","2025-10-21","45.00","AUD","1760104033","305542/2025-10-21/1760104033.json"
"766392","494885","2025-10-22","47.00","AUD","1760104033","305542/2025-10-22/1760104033.json"
"766392","494885","2025-10-21","47.00","AUD","1760104033","305542/2025-10-21/1760104033.json"
"766391","494884","2025-10-21","48.00","AUD","1760104033","305542/2025-10-21/1760104033.json"
"766391","494884","2025-10-22","48.00","AUD","1760104033","305542/2025-10-22/1760104033.json"
"766389","494882","2025-10-23","45.00","AUD","1760104033","305542/2025-10-23/1760104033.json"
"766392","494885","2025-10-23","47.00","AUD","1760104033","305542/2025-10-23/1760104033.json"
"766391","494884","2025-10-23","48.00","AUD","1760104033","305542/2025-10-23/1760104033.json"
"766389","494882","2025-10-26","45.00","AUD","1760104033","305542/2025-10-26/1760104033.json"
"766392","494885","2025-10-26","47.00","AUD","1760104033","305542/2025-10-26/1760104033.json"
"766389","494882","2025-10-24","45.00","AUD","1760104033","305542/2025-10-24/1760104033.json"
"766392","494885","2025-10-24","47.00","AUD","1760104033","305542/2025-10-24/1760104033.json"
"766389","494882","2025-10-25","45.00","AUD","1760104033","305542/2025-10-25/1760104033.json"
"766392","494885","2025-10-25","47.00","AUD","1760104033","305542/2025-10-25/1760104033.json"
"766389","494882","2025-10-27","45.00","AUD","1760104033","305542/2025-10-27/1760104033.json"
"766392","494885","2025-10-27","47.00","AUD","1760104033","305542/2025-10-27/1760104033.json"
"766389","494882","2025-10-29","45.00","AUD","1760104033","305542/2025-10-29/1760104033.json"
"766392","494885","2025-10-29","47.00","AUD","1760104033","305542/2025-10-29/1760104033.json"
"766389","494882","2025-10-31","45.00","AUD","1760104033","305542/2025-10-31/1760104033.json"
"766392","494885","2025-10-31","47.00","AUD","1760104033","305542/2025-10-31/1760104033.json"
"766389","494882","2025-10-28","45.00","AUD","1760104033","305542/2025-10-28/1760104033.json"
"766392","494885","2025-10-28","47.00","AUD","1760104033","305542/2025-10-28/1760104033.json"
"766389","494882","2025-10-30","45.00","AUD","1760104033","305542/2025-10-30/1760104033.json"
"766392","494885","2025-10-30","47.00","AUD","1760104033","305542/2025-10-30/1760104033.json"
"766389","494882","2025-11-02","45.00","AUD","1760104033","305542/2025-11-02/1760104033.json"
"766392","494885","2025-11-02","47.00","AUD","1760104033","305542/2025-11-02/1760104033.json"
"766389","494882","2025-11-03","45.00","AUD","1760104033","305542/2025-11-03/1760104033.json"
"766392","494885","2025-11-03","47.00","AUD","1760104033","305542/2025-11-03/1760104033.json"
"766389","494882","2025-11-01","45.00","AUD","1760104033","305542/2025-11-01/1760104033.json"
"766392","494885","2025-11-01","47.00","AUD","1760104033","305542/2025-11-01/1760104033.json"
"766393","494886","2025-11-27","39.00","AUD","1760104033","305542/2025-11-27/1760104033.json"
"766392","494885","2025-11-27","47.00","AUD","1760104033","305542/2025-11-27/1760104033.json"
"766391","494884","2025-11-27","48.00","AUD","1760104033","305542/2025-11-27/1760104033.json"
"766393","494886","2025-11-28","39.00","AUD","1760104033","305542/2025-11-28/1760104033.json"
"766393","494886","2025-11-29","39.00","AUD","1760104033","305542/2025-11-29/1760104033.json"
"766392","494885","2025-11-29","47.00","AUD","1760104033","305542/2025-11-29/1760104033.json"
"766391","494884","2025-11-29","48.00","AUD","1760104033","305542/2025-11-29/1760104033.json"
"766391","494884","2025-12-01","2.00","AUD","1760104033","305542/2025-12-01/1760104033.json"
"766392","494885","2025-12-01","2.00","AUD","1760104033","305542/2025-12-01/1760104033.json"
"766393","494886","2025-12-01","39.00","AUD","1760104033","305542/2025-12-01/1760104033.json"
"766393","494886","2025-11-30","39.00","AUD","1760104033","305542/2025-11-30/1760104033.json"
"766392","494885","2025-11-30","47.00","AUD","1760104033","305542/2025-11-30/1760104033.json"
"766391","494884","2025-11-30","48.00","AUD","1760104033","305542/2025-11-30/1760104033.json"
"766391","494884","2025-12-02","2.00","AUD","1760104033","305542/2025-12-02/1760104033.json"
"766392","494885","2025-12-02","2.00","AUD","1760104033","305542/2025-12-02/1760104033.json"
"766393","494886","2025-12-02","39.00","AUD","1760104033","305542/2025-12-02/1760104033.json"
"766389","494882","2025-10-17","45.00","AUD","1760116246","305542/2025-10-17/1760116246.json"
"766392","494885","2025-10-17","47.00","AUD","1760116246","305542/2025-10-17/1760116246.json"
"766391","494884","2025-10-17","48.00","AUD","1760116246","305542/2025-10-17/1760116246.json"
"766389","494882","2025-10-18","45.00","AUD","1760116246","305542/2025-10-18/1760116246.json"
"766392","494885","2025-10-18","47.00","AUD","1760116246","305542/2025-10-18/1760116246.json"
"766391","494884","2025-10-18","48.00","AUD","1760116246","305542/2025-10-18/1760116246.json"
"766389","494882","2025-10-21","45.00","AUD","1760116246","305542/2025-10-21/1760116246.json"
"766392","494885","2025-10-21","47.00","AUD","1760116246","305542/2025-10-21/1760116246.json"
"766391","494884","2025-10-21","48.00","AUD","1760116246","305542/2025-10-21/1760116246.json"
"766389","494882","2025-10-19","45.00","AUD","1760116246","305542/2025-10-19/1760116246.json"
"766392","494885","2025-10-19","47.00","AUD","1760116246","305542/2025-10-19/1760116246.json"
"766391","494884","2025-10-19","48.00","AUD","1760116246","305542/2025-10-19/1760116246.json"
"766389","494882","2025-10-20","45.00","AUD","1760116246","305542/2025-10-20/1760116246.json"
"766392","494885","2025-10-20","47.00","AUD","1760116246","305542/2025-10-20/1760116246.json"
"766391","494884","2025-10-20","48.00","AUD","1760116246","305542/2025-10-20/1760116246.json"
"766389","494882","2025-10-22","45.00","AUD","1760116246","305542/2025-10-22/1760116246.json"
"766392","494885","2025-10-22","47.00","AUD","1760116246","305542/2025-10-22/1760116246.json"
"766391","494884","2025-10-22","48.00","AUD","1760116246","305542/2025-10-22/1760116246.json"
"766389","494882","2025-10-23","45.00","AUD","1760116246","305542/2025-10-23/1760116246.json"
"766392","494885","2025-10-23","47.00","AUD","1760116246","305542/2025-10-23/1760116246.json"
"766391","494884","2025-10-23","48.00","AUD","1760116246","305542/2025-10-23/1760116246.json"
"766389","494882","2025-10-25","45.00","AUD","1760116246","305542/2025-10-25/1760116246.json"
"766392","494885","2025-10-25","47.00","AUD","1760116246","305542/2025-10-25/1760116246.json"
"766389","494882","2025-10-24","45.00","AUD","1760116246","305542/2025-10-24/1760116246.json"
"766392","494885","2025-10-24","47.00","AUD","1760116246","305542/2025-10-24/1760116246.json"
"766389","494882","2025-10-26","45.00","AUD","1760116246","305542/2025-10-26/1760116246.json"
"766392","494885","2025-10-26","47.00","AUD","1760116246","305542/2025-10-26/1760116246.json"
"766389","494882","2025-10-27","45.00","AUD","1760116246","305542/2025-10-27/1760116246.json"
"766392","494885","2025-10-27","47.00","AUD","1760116246","305542/2025-10-27/1760116246.json"
"766389","494882","2025-10-28","45.00","AUD","1760116246","305542/2025-10-28/1760116246.json"
"766392","494885","2025-10-28","47.00","AUD","1760116246","305542/2025-10-28/1760116246.json"
"766389","494882","2025-10-29","45.00","AUD","1760116246","305542/2025-10-29/1760116246.json"
"766392","494885","2025-10-29","47.00","AUD","1760116246","305542/2025-10-29/1760116246.json"
"766389","494882","2025-10-30","45.00","AUD","1760116246","305542/2025-10-30/1760116246.json"
"766392","494885","2025-10-30","47.00","AUD","1760116246","305542/2025-10-30/1760116246.json"
"766389","494882","2025-11-01","45.00","AUD","1760116246","305542/2025-11-01/1760116246.json"
"766392","494885","2025-11-01","47.00","AUD","1760116246","305542/2025-11-01/1760116246.json"
"766389","494882","2025-10-31","45.00","AUD","1760116246","305542/2025-10-31/1760116246.json"
"766392","494885","2025-10-31","47.00","AUD","1760116246","305542/2025-10-31/1760116246.json"
"766389","494882","2025-11-02","45.00","AUD","1760116246","305542/2025-11-02/1760116246.json"
"766392","494885","2025-11-02","47.00","AUD","1760116246","305542/2025-11-02/1760116246.json"
"766389","494882","2025-11-03","45.00","AUD","1760116246","305542/2025-11-03/1760116246.json"
"766392","494885","2025-11-03","47.00","AUD","1760116246","305542/2025-11-03/1760116246.json"
"766393","494886","2025-11-28","39.00","AUD","1760116246","305542/2025-11-28/1760116246.json"
"766393","494886","2025-11-27","39.00","AUD","1760116246","305542/2025-11-27/1760116246.json"
"766392","494885","2025-11-27","47.00","AUD","1760116246","305542/2025-11-27/1760116246.json"
"766391","494884","2025-11-27","48.00","AUD","1760116246","305542/2025-11-27/1760116246.json"
"766393","494886","2025-11-29","39.00","AUD","1760116246","305542/2025-11-29/1760116246.json"
"766392","494885","2025-11-29","47.00","AUD","1760116246","305542/2025-11-29/1760116246.json"
"766391","494884","2025-11-29","48.00","AUD","1760116246","305542/2025-11-29/1760116246.json"
"766391","494884","2025-12-01","2.00","AUD","1760116246","305542/2025-12-01/1760116246.json"
"766392","494885","2025-12-01","2.00","AUD","1760116246","305542/2025-12-01/1760116246.json"
"766393","494886","2025-12-01","39.00","AUD","1760116246","305542/2025-12-01/1760116246.json"
"766393","494886","2025-11-30","39.00","AUD","1760116246","305542/2025-11-30/1760116246.json"
"766392","494885","2025-11-30","47.00","AUD","1760116246","305542/2025-11-30/1760116246.json"
"766391","494884","2025-11-30","48.00","AUD","1760116246","305542/2025-11-30/1760116246.json"
"766391","494884","2025-12-02","2.00","AUD","1760116246","305542/2025-12-02/1760116246.json"
"766392","494885","2025-12-02","2.00","AUD","1760116246","305542/2025-12-02/1760116246.json"
"766393","494886","2025-12-02","39.00","AUD","1760116246","305542/2025-12-02/1760116246.json"
"766389","494882","2025-10-17","45.00","AUD","1760129805","305542/2025-10-17/1760129805.json"
"766392","494885","2025-10-17","47.00","AUD","1760129805","305542/2025-10-17/1760129805.json"
"766391","494884","2025-10-17","48.00","AUD","1760129805","305542/2025-10-17/1760129805.json"
"766389","494882","2025-10-18","45.00","AUD","1760129805","305542/2025-10-18/1760129805.json"
"766392","494885","2025-10-18","47.00","AUD","1760129805","305542/2025-10-18/1760129805.json"
"766391","494884","2025-10-18","48.00","AUD","1760129805","305542/2025-10-18/1760129805.json"
"766389","494882","2025-10-19","45.00","AUD","1760129805","305542/2025-10-19/1760129805.json"
"766392","494885","2025-10-19","47.00","AUD","1760129805","305542/2025-10-19/1760129805.json"
"766391","494884","2025-10-19","48.00","AUD","1760129805","305542/2025-10-19/1760129805.json"
"766389","494882","2025-10-20","45.00","AUD","1760129805","305542/2025-10-20/1760129805.json"
"766392","494885","2025-10-20","47.00","AUD","1760129805","305542/2025-10-20/1760129805.json"
"766391","494884","2025-10-20","48.00","AUD","1760129805","305542/2025-10-20/1760129805.json"
"766389","494882","2025-10-21","45.00","AUD","1760129805","305542/2025-10-21/1760129805.json"
"766392","494885","2025-10-21","47.00","AUD","1760129805","305542/2025-10-21/1760129805.json"
"766391","494884","2025-10-21","48.00","AUD","1760129805","305542/2025-10-21/1760129805.json"
"766389","494882","2025-10-23","45.00","AUD","1760129805","305542/2025-10-23/1760129805.json"
"766392","494885","2025-10-23","47.00","AUD","1760129805","305542/2025-10-23/1760129805.json"
"766391","494884","2025-10-23","48.00","AUD","1760129805","305542/2025-10-23/1760129805.json"
"766389","494882","2025-10-24","45.00","AUD","1760129805","305542/2025-10-24/1760129805.json"
"766392","494885","2025-10-24","47.00","AUD","1760129805","305542/2025-10-24/1760129805.json"
"766389","494882","2025-10-25","45.00","AUD","1760129805","305542/2025-10-25/1760129805.json"
"766392","494885","2025-10-25","47.00","AUD","1760129805","305542/2025-10-25/1760129805.json"
"766389","494882","2025-10-22","45.00","AUD","1760129805","305542/2025-10-22/1760129805.json"
"766392","494885","2025-10-22","47.00","AUD","1760129805","305542/2025-10-22/1760129805.json"
"766391","494884","2025-10-22","48.00","AUD","1760129805","305542/2025-10-22/1760129805.json"
"766389","494882","2025-10-26","45.00","AUD","1760129805","305542/2025-10-26/1760129805.json"
"766392","494885","2025-10-26","47.00","AUD","1760129805","305542/2025-10-26/1760129805.json"
"766389","494882","2025-10-27","45.00","AUD","1760129805","305542/2025-10-27/1760129805.json"
"766392","494885","2025-10-27","47.00","AUD","1760129805","305542/2025-10-27/1760129805.json"
"766389","494882","2025-10-28","45.00","AUD","1760129805","305542/2025-10-28/1760129805.json"
"766392","494885","2025-10-28","47.00","AUD","1760129805","305542/2025-10-28/1760129805.json"
"766389","494882","2025-10-30","45.00","AUD","1760129805","305542/2025-10-30/1760129805.json"
"766392","494885","2025-10-30","47.00","AUD","1760129805","305542/2025-10-30/1760129805.json"
"766389","494882","2025-10-29","45.00","AUD","1760129805","305542/2025-10-29/1760129805.json"
"766392","494885","2025-10-29","47.00","AUD","1760129805","305542/2025-10-29/1760129805.json"
"766389","494882","2025-11-01","45.00","AUD","1760129805","305542/2025-11-01/1760129805.json"
"766392","494885","2025-11-01","47.00","AUD","1760129805","305542/2025-11-01/1760129805.json"
"766389","494882","2025-10-31","45.00","AUD","1760129805","305542/2025-10-31/1760129805.json"
"766392","494885","2025-10-31","47.00","AUD","1760129805","305542/2025-10-31/1760129805.json"
"766389","494882","2025-11-02","45.00","AUD","1760129805","305542/2025-11-02/1760129805.json"
"766392","494885","2025-11-02","47.00","AUD","1760129805","305542/2025-11-02/1760129805.json"
"766389","494882","2025-11-03","45.00","AUD","1760129805","305542/2025-11-03/1760129805.json"
"766392","494885","2025-11-03","47.00","AUD","1760129805","305542/2025-11-03/1760129805.json"
"766393","494886","2025-11-27","39.00","AUD","1760129805","305542/2025-11-27/1760129805.json"
"766392","494885","2025-11-27","47.00","AUD","1760129805","305542/2025-11-27/1760129805.json"
"766391","494884","2025-11-27","48.00","AUD","1760129805","305542/2025-11-27/1760129805.json"
"766393","494886","2025-11-28","39.00","AUD","1760129805","305542/2025-11-28/1760129805.json"
"766393","494886","2025-11-29","39.00","AUD","1760129805","305542/2025-11-29/1760129805.json"
"766392","494885","2025-11-29","47.00","AUD","1760129805","305542/2025-11-29/1760129805.json"
"766391","494884","2025-11-29","48.00","AUD","1760129805","305542/2025-11-29/1760129805.json"
"766393","494886","2025-11-30","39.00","AUD","1760129805","305542/2025-11-30/1760129805.json"
"766392","494885","2025-11-30","47.00","AUD","1760129805","305542/2025-11-30/1760129805.json"
"766391","494884","2025-11-30","48.00","AUD","1760129805","305542/2025-11-30/1760129805.json"
"766391","494884","2025-12-02","2.00","AUD","1760129805","305542/2025-12-02/1760129805.json"
"766391","494884","2025-12-01","2.00","AUD","1760129805","305542/2025-12-01/1760129805.json"
"766392","494885","2025-12-02","2.00","AUD","1760129805","305542/2025-12-02/1760129805.json"
"766392","494885","2025-12-01","2.00","AUD","1760129805","305542/2025-12-01/1760129805.json"
"766393","494886","2025-12-02","39.00","AUD","1760129805","305542/2025-12-02/1760129805.json"
"766393","494886","2025-12-01","39.00","AUD","1760129805","305542/2025-12-01/1760129805.json"
"766389","494882","2025-10-18","45.00","AUD","1760153015","305542/2025-10-18/1760153015.json"
"766392","494885","2025-10-18","47.00","AUD","1760153015","305542/2025-10-18/1760153015.json"
"766391","494884","2025-10-18","48.00","AUD","1760153015","305542/2025-10-18/1760153015.json"
"766389","494882","2025-10-19","45.00","AUD","1760153015","305542/2025-10-19/1760153015.json"
"766392","494885","2025-10-19","47.00","AUD","1760153015","305542/2025-10-19/1760153015.json"
"766391","494884","2025-10-19","48.00","AUD","1760153015","305542/2025-10-19/1760153015.json"
"766389","494882","2025-10-22","45.00","AUD","1760153015","305542/2025-10-22/1760153015.json"
"766392","494885","2025-10-22","47.00","AUD","1760153015","305542/2025-10-22/1760153015.json"
"766391","494884","2025-10-22","48.00","AUD","1760153015","305542/2025-10-22/1760153015.json"
"766389","494882","2025-10-20","45.00","AUD","1760153015","305542/2025-10-20/1760153015.json"
"766392","494885","2025-10-20","47.00","AUD","1760153015","305542/2025-10-20/1760153015.json"
"766391","494884","2025-10-20","48.00","AUD","1760153015","305542/2025-10-20/1760153015.json"
"766389","494882","2025-10-21","45.00","AUD","1760153015","305542/2025-10-21/1760153015.json"
"766392","494885","2025-10-21","47.00","AUD","1760153015","305542/2025-10-21/1760153015.json"
"766391","494884","2025-10-21","48.00","AUD","1760153015","305542/2025-10-21/1760153015.json"
"766389","494882","2025-10-23","45.00","AUD","1760153015","305542/2025-10-23/1760153015.json"
"766392","494885","2025-10-23","47.00","AUD","1760153015","305542/2025-10-23/1760153015.json"
"766391","494884","2025-10-23","48.00","AUD","1760153015","305542/2025-10-23/1760153015.json"
"766389","494882","2025-10-24","45.00","AUD","1760153015","305542/2025-10-24/1760153015.json"
"766392","494885","2025-10-24","47.00","AUD","1760153015","305542/2025-10-24/1760153015.json"
"766389","494882","2025-10-25","45.00","AUD","1760153015","305542/2025-10-25/1760153015.json"
"766392","494885","2025-10-25","47.00","AUD","1760153015","305542/2025-10-25/1760153015.json"
"766389","494882","2025-10-26","45.00","AUD","1760153015","305542/2025-10-26/1760153015.json"
"766392","494885","2025-10-26","47.00","AUD","1760153015","305542/2025-10-26/1760153015.json"
"766389","494882","2025-10-27","45.00","AUD","1760153015","305542/2025-10-27/1760153015.json"
"766392","494885","2025-10-27","47.00","AUD","1760153015","305542/2025-10-27/1760153015.json"
"766389","494882","2025-10-28","45.00","AUD","1760153015","305542/2025-10-28/1760153015.json"
"766392","494885","2025-10-28","47.00","AUD","1760153015","305542/2025-10-28/1760153015.json"
"766389","494882","2025-10-29","45.00","AUD","1760153015","305542/2025-10-29/1760153015.json"
"766392","494885","2025-10-29","47.00","AUD","1760153015","305542/2025-10-29/1760153015.json"
"766389","494882","2025-10-30","45.00","AUD","1760153015","305542/2025-10-30/1760153015.json"
"766392","494885","2025-10-30","47.00","AUD","1760153015","305542/2025-10-30/1760153015.json"
"766389","494882","2025-10-31","45.00","AUD","1760153015","305542/2025-10-31/1760153015.json"
"766392","494885","2025-10-31","47.00","AUD","1760153015","305542/2025-10-31/1760153015.json"
"766389","494882","2025-11-01","45.00","AUD","1760153015","305542/2025-11-01/1760153015.json"
"766392","494885","2025-11-01","47.00","AUD","1760153015","305542/2025-11-01/1760153015.json"
"766389","494882","2025-11-02","45.00","AUD","1760153015","305542/2025-11-02/1760153015.json"
"766392","494885","2025-11-02","47.00","AUD","1760153015","305542/2025-11-02/1760153015.json"
"766389","494882","2025-11-03","45.00","AUD","1760153015","305542/2025-11-03/1760153015.json"
"766392","494885","2025-11-03","47.00","AUD","1760153015","305542/2025-11-03/1760153015.json"
"766393","494886","2025-11-27","39.00","AUD","1760153015","305542/2025-11-27/1760153015.json"
"766392","494885","2025-11-27","47.00","AUD","1760153015","305542/2025-11-27/1760153015.json"
"766391","494884","2025-11-27","48.00","AUD","1760153015","305542/2025-11-27/1760153015.json"
"766393","494886","2025-11-29","39.00","AUD","1760153015","305542/2025-11-29/1760153015.json"
"766392","494885","2025-11-29","47.00","AUD","1760153015","305542/2025-11-29/1760153015.json"
"766391","494884","2025-11-29","48.00","AUD","1760153015","305542/2025-11-29/1760153015.json"
"766393","494886","2025-11-28","39.00","AUD","1760153015","305542/2025-11-28/1760153015.json"
"766393","494886","2025-11-30","39.00","AUD","1760153015","305542/2025-11-30/1760153015.json"
"766392","494885","2025-11-30","47.00","AUD","1760153015","305542/2025-11-30/1760153015.json"
"766391","494884","2025-11-30","48.00","AUD","1760153015","305542/2025-11-30/1760153015.json"
"766391","494884","2025-12-01","2.00","AUD","1760153015","305542/2025-12-01/1760153015.json"
"766392","494885","2025-12-01","2.00","AUD","1760153015","305542/2025-12-01/1760153015.json"
"766393","494886","2025-12-01","39.00","AUD","1760153015","305542/2025-12-01/1760153015.json"
"766391","494884","2025-12-02","2.00","AUD","1760153015","305542/2025-12-02/1760153015.json"
"766392","494885","2025-12-02","2.00","AUD","1760153015","305542/2025-12-02/1760153015.json"
"766393","494886","2025-12-02","39.00","AUD","1760153015","305542/2025-12-02/1760153015.json"
"766389","494882","2025-10-18","45.00","AUD","1760158900","305542/2025-10-18/1760158900.json"
"766392","494885","2025-10-18","47.00","AUD","1760158900","305542/2025-10-18/1760158900.json"
"766391","494884","2025-10-18","48.00","AUD","1760158900","305542/2025-10-18/1760158900.json"
"766389","494882","2025-10-20","45.00","AUD","1760158900","305542/2025-10-20/1760158900.json"
"766392","494885","2025-10-20","47.00","AUD","1760158900","305542/2025-10-20/1760158900.json"
"766391","494884","2025-10-20","48.00","AUD","1760158900","305542/2025-10-20/1760158900.json"
"766389","494882","2025-10-19","45.00","AUD","1760158900","305542/2025-10-19/1760158900.json"
"766392","494885","2025-10-19","47.00","AUD","1760158900","305542/2025-10-19/1760158900.json"
"766391","494884","2025-10-19","48.00","AUD","1760158900","305542/2025-10-19/1760158900.json"
"766389","494882","2025-10-21","45.00","AUD","1760158900","305542/2025-10-21/1760158900.json"
"766392","494885","2025-10-21","47.00","AUD","1760158900","305542/2025-10-21/1760158900.json"
"766391","494884","2025-10-21","48.00","AUD","1760158900","305542/2025-10-21/1760158900.json"
"766389","494882","2025-10-22","45.00","AUD","1760158900","305542/2025-10-22/1760158900.json"
"766392","494885","2025-10-22","47.00","AUD","1760158900","305542/2025-10-22/1760158900.json"
"766391","494884","2025-10-22","48.00","AUD","1760158900","305542/2025-10-22/1760158900.json"
"766389","494882","2025-10-25","45.00","AUD","1760158900","305542/2025-10-25/1760158900.json"
"766392","494885","2025-10-25","47.00","AUD","1760158900","305542/2025-10-25/1760158900.json"
"766389","494882","2025-10-24","45.00","AUD","1760158900","305542/2025-10-24/1760158900.json"
"766392","494885","2025-10-24","47.00","AUD","1760158900","305542/2025-10-24/1760158900.json"
"766391","494884","2025-10-24","48.00","AUD","1760158900","305542/2025-10-24/1760158900.json"
"766389","494882","2025-10-26","45.00","AUD","1760158900","305542/2025-10-26/1760158900.json"
"766392","494885","2025-10-26","47.00","AUD","1760158900","305542/2025-10-26/1760158900.json"
"766389","494882","2025-10-23","45.00","AUD","1760158900","305542/2025-10-23/1760158900.json"
"766392","494885","2025-10-23","47.00","AUD","1760158900","305542/2025-10-23/1760158900.json"
"766391","494884","2025-10-23","48.00","AUD","1760158900","305542/2025-10-23/1760158900.json"
"766389","494882","2025-10-27","45.00","AUD","1760158900","305542/2025-10-27/1760158900.json"
"766392","494885","2025-10-27","47.00","AUD","1760158900","305542/2025-10-27/1760158900.json"
"766389","494882","2025-10-28","45.00","AUD","1760158900","305542/2025-10-28/1760158900.json"
"766392","494885","2025-10-28","47.00","AUD","1760158900","305542/2025-10-28/1760158900.json"
"766389","494882","2025-10-29","45.00","AUD","1760158900","305542/2025-10-29/1760158900.json"
"766392","494885","2025-10-29","47.00","AUD","1760158900","305542/2025-10-29/1760158900.json"
"766389","494882","2025-10-30","45.00","AUD","1760158900","305542/2025-10-30/1760158900.json"
"766392","494885","2025-10-30","47.00","AUD","1760158900","305542/2025-10-30/1760158900.json"
"766389","494882","2025-10-31","45.00","AUD","1760158900","305542/2025-10-31/1760158900.json"
"766392","494885","2025-10-31","47.00","AUD","1760158900","305542/2025-10-31/1760158900.json"
"766389","494882","2025-11-02","45.00","AUD","1760158900","305542/2025-11-02/1760158900.json"
"766392","494885","2025-11-02","47.00","AUD","1760158900","305542/2025-11-02/1760158900.json"
"766389","494882","2025-11-01","45.00","AUD","1760158900","305542/2025-11-01/1760158900.json"
"766392","494885","2025-11-01","47.00","AUD","1760158900","305542/2025-11-01/1760158900.json"
"766389","494882","2025-11-03","45.00","AUD","1760158900","305542/2025-11-03/1760158900.json"
"766392","494885","2025-11-03","47.00","AUD","1760158900","305542/2025-11-03/1760158900.json"
"766393","494886","2025-11-27","39.00","AUD","1760158900","305542/2025-11-27/1760158900.json"
"766392","494885","2025-11-27","47.00","AUD","1760158900","305542/2025-11-27/1760158900.json"
"766391","494884","2025-11-27","48.00","AUD","1760158900","305542/2025-11-27/1760158900.json"
"766393","494886","2025-11-28","39.00","AUD","1760158900","305542/2025-11-28/1760158900.json"
"766393","494886","2025-11-29","39.00","AUD","1760158900","305542/2025-11-29/1760158900.json"
"766392","494885","2025-11-29","47.00","AUD","1760158900","305542/2025-11-29/1760158900.json"
"766391","494884","2025-11-29","48.00","AUD","1760158900","305542/2025-11-29/1760158900.json"
"766391","494884","2025-12-01","2.00","AUD","1760158900","305542/2025-12-01/1760158900.json"
"766392","494885","2025-12-01","2.00","AUD","1760158900","305542/2025-12-01/1760158900.json"
"766393","494886","2025-12-01","39.00","AUD","1760158900","305542/2025-12-01/1760158900.json"
"766393","494886","2025-11-30","39.00","AUD","1760158900","305542/2025-11-30/1760158900.json"
"766392","494885","2025-11-30","47.00","AUD","1760158900","305542/2025-11-30/1760158900.json"
"766391","494884","2025-11-30","48.00","AUD","1760158900","305542/2025-11-30/1760158900.json"
"766391","494884","2025-12-02","2.00","AUD","1760158900","305542/2025-12-02/1760158900.json"
"766392","494885","2025-12-02","2.00","AUD","1760158900","305542/2025-12-02/1760158900.json"
"766393","494886","2025-12-02","39.00","AUD","1760158900","305542/2025-12-02/1760158900.json"
"766389","494882","2025-10-18","45.00","AUD","1760173547","305542/2025-10-18/1760173547.json"
"766392","494885","2025-10-18","47.00","AUD","1760173547","305542/2025-10-18/1760173547.json"
"766391","494884","2025-10-18","48.00","AUD","1760173547","305542/2025-10-18/1760173547.json"
"766389","494882","2025-10-21","45.00","AUD","1760173547","305542/2025-10-21/1760173547.json"
"766392","494885","2025-10-21","47.00","AUD","1760173547","305542/2025-10-21/1760173547.json"
"766391","494884","2025-10-21","48.00","AUD","1760173547","305542/2025-10-21/1760173547.json"
"766389","494882","2025-10-19","45.00","AUD","1760173547","305542/2025-10-19/1760173547.json"
"766392","494885","2025-10-19","47.00","AUD","1760173547","305542/2025-10-19/1760173547.json"
"766391","494884","2025-10-19","48.00","AUD","1760173547","305542/2025-10-19/1760173547.json"
"766389","494882","2025-10-20","45.00","AUD","1760173547","305542/2025-10-20/1760173547.json"
"766392","494885","2025-10-20","47.00","AUD","1760173547","305542/2025-10-20/1760173547.json"
"766391","494884","2025-10-20","48.00","AUD","1760173547","305542/2025-10-20/1760173547.json"
"766389","494882","2025-10-22","45.00","AUD","1760173547","305542/2025-10-22/1760173547.json"
"766392","494885","2025-10-22","47.00","AUD","1760173547","305542/2025-10-22/1760173547.json"
"766391","494884","2025-10-22","48.00","AUD","1760173547","305542/2025-10-22/1760173547.json"
"766389","494882","2025-10-25","45.00","AUD","1760173547","305542/2025-10-25/1760173547.json"
"766392","494885","2025-10-25","47.00","AUD","1760173547","305542/2025-10-25/1760173547.json"
"766389","494882","2025-10-26","45.00","AUD","1760173547","305542/2025-10-26/1760173547.json"
"766392","494885","2025-10-26","47.00","AUD","1760173547","305542/2025-10-26/1760173547.json"
"766389","494882","2025-10-27","45.00","AUD","1760173547","305542/2025-10-27/1760173547.json"
"766392","494885","2025-10-27","47.00","AUD","1760173547","305542/2025-10-27/1760173547.json"
"766389","494882","2025-10-28","45.00","AUD","1760173547","305542/2025-10-28/1760173547.json"
"766392","494885","2025-10-28","47.00","AUD","1760173547","305542/2025-10-28/1760173547.json"
"766389","494882","2025-10-24","45.00","AUD","1760173547","305542/2025-10-24/1760173547.json"
"766392","494885","2025-10-24","47.00","AUD","1760173547","305542/2025-10-24/1760173547.json"
"766391","494884","2025-10-24","48.00","AUD","1760173547","305542/2025-10-24/1760173547.json"
"766389","494882","2025-10-29","45.00","AUD","1760173547","305542/2025-10-29/1760173547.json"
"766392","494885","2025-10-29","47.00","AUD","1760173547","305542/2025-10-29/1760173547.json"
"766389","494882","2025-10-30","45.00","AUD","1760173547","305542/2025-10-30/1760173547.json"
"766392","494885","2025-10-30","47.00","AUD","1760173547","305542/2025-10-30/1760173547.json"
"766389","494882","2025-10-31","45.00","AUD","1760173547","305542/2025-10-31/1760173547.json"
"766392","494885","2025-10-31","47.00","AUD","1760173547","305542/2025-10-31/1760173547.json"
"766389","494882","2025-11-01","45.00","AUD","1760173547","305542/2025-11-01/1760173547.json"
"766392","494885","2025-11-01","47.00","AUD","1760173547","305542/2025-11-01/1760173547.json"
"766389","494882","2025-11-02","45.00","AUD","1760173547","305542/2025-11-02/1760173547.json"
"766392","494885","2025-11-02","47.00","AUD","1760173547","305542/2025-11-02/1760173547.json"
"766389","494882","2025-11-03","45.00","AUD","1760173547","305542/2025-11-03/1760173547.json"
"766392","494885","2025-11-03","47.00","AUD","1760173547","305542/2025-11-03/1760173547.json"
"766389","494882","2025-10-23","45.00","AUD","1760173547","305542/2025-10-23/1760173547.json"
"766392","494885","2025-10-23","47.00","AUD","1760173547","305542/2025-10-23/1760173547.json"
"766391","494884","2025-10-23","48.00","AUD","1760173547","305542/2025-10-23/1760173547.json"
"766393","494886","2025-11-27","39.00","AUD","1760173547","305542/2025-11-27/1760173547.json"
"766392","494885","2025-11-27","47.00","AUD","1760173547","305542/2025-11-27/1760173547.json"
"766391","494884","2025-11-27","48.00","AUD","1760173547","305542/2025-11-27/1760173547.json"
"766393","494886","2025-11-28","39.00","AUD","1760173547","305542/2025-11-28/1760173547.json"
"766393","494886","2025-11-29","39.00","AUD","1760173547","305542/2025-11-29/1760173547.json"
"766392","494885","2025-11-29","47.00","AUD","1760173547","305542/2025-11-29/1760173547.json"
"766391","494884","2025-11-29","48.00","AUD","1760173547","305542/2025-11-29/1760173547.json"
"766393","494886","2025-11-30","39.00","AUD","1760173547","305542/2025-11-30/1760173547.json"
"766392","494885","2025-11-30","47.00","AUD","1760173547","305542/2025-11-30/1760173547.json"
"766391","494884","2025-11-30","48.00","AUD","1760173547","305542/2025-11-30/1760173547.json"
"766391","494884","2025-12-01","2.00","AUD","1760173547","305542/2025-12-01/1760173547.json"
"766392","494885","2025-12-01","2.00","AUD","1760173547","305542/2025-12-01/1760173547.json"
"766393","494886","2025-12-01","39.00","AUD","1760173547","305542/2025-12-01/1760173547.json"
"766391","494884","2025-12-02","2.00","AUD","1760173547","305542/2025-12-02/1760173547.json"
"766392","494885","2025-12-02","2.00","AUD","1760173547","305542/2025-12-02/1760173547.json"
"766393","494886","2025-12-02","39.00","AUD","1760173547","305542/2025-12-02/1760173547.json"
"766389","494882","2025-10-18","45.00","AUD","1760189254","305542/2025-10-18/1760189254.json"
"766392","494885","2025-10-18","47.00","AUD","1760189254","305542/2025-10-18/1760189254.json"
"766391","494884","2025-10-18","48.00","AUD","1760189254","305542/2025-10-18/1760189254.json"
"766389","494882","2025-10-19","45.00","AUD","1760189254","305542/2025-10-19/1760189254.json"
"766392","494885","2025-10-19","47.00","AUD","1760189254","305542/2025-10-19/1760189254.json"
"766391","494884","2025-10-19","48.00","AUD","1760189254","305542/2025-10-19/1760189254.json"
"766389","494882","2025-10-20","45.00","AUD","1760189254","305542/2025-10-20/1760189254.json"
"766392","494885","2025-10-20","47.00","AUD","1760189254","305542/2025-10-20/1760189254.json"
"766391","494884","2025-10-20","48.00","AUD","1760189254","305542/2025-10-20/1760189254.json"
"766389","494882","2025-10-22","45.00","AUD","1760189254","305542/2025-10-22/1760189254.json"
"766392","494885","2025-10-22","47.00","AUD","1760189254","305542/2025-10-22/1760189254.json"
"766391","494884","2025-10-22","48.00","AUD","1760189254","305542/2025-10-22/1760189254.json"
"766389","494882","2025-10-21","45.00","AUD","1760189254","305542/2025-10-21/1760189254.json"
"766392","494885","2025-10-21","47.00","AUD","1760189254","305542/2025-10-21/1760189254.json"
"766391","494884","2025-10-21","48.00","AUD","1760189254","305542/2025-10-21/1760189254.json"
"766389","494882","2025-10-23","45.00","AUD","1760189254","305542/2025-10-23/1760189254.json"
"766392","494885","2025-10-23","47.00","AUD","1760189254","305542/2025-10-23/1760189254.json"
"766391","494884","2025-10-23","48.00","AUD","1760189254","305542/2025-10-23/1760189254.json"
"766389","494882","2025-10-24","45.00","AUD","1760189254","305542/2025-10-24/1760189254.json"
"766392","494885","2025-10-24","47.00","AUD","1760189254","305542/2025-10-24/1760189254.json"
"766391","494884","2025-10-24","48.00","AUD","1760189254","305542/2025-10-24/1760189254.json"
"766389","494882","2025-10-25","45.00","AUD","1760189254","305542/2025-10-25/1760189254.json"
"766392","494885","2025-10-25","47.00","AUD","1760189254","305542/2025-10-25/1760189254.json"
"766389","494882","2025-10-26","45.00","AUD","1760189254","305542/2025-10-26/1760189254.json"
"766392","494885","2025-10-26","47.00","AUD","1760189254","305542/2025-10-26/1760189254.json"
"766389","494882","2025-10-27","45.00","AUD","1760189254","305542/2025-10-27/1760189254.json"
"766392","494885","2025-10-27","47.00","AUD","1760189254","305542/2025-10-27/1760189254.json"
"766389","494882","2025-10-28","45.00","AUD","1760189254","305542/2025-10-28/1760189254.json"
"766392","494885","2025-10-28","47.00","AUD","1760189254","305542/2025-10-28/1760189254.json"
"766389","494882","2025-10-29","45.00","AUD","1760189254","305542/2025-10-29/1760189254.json"
"766392","494885","2025-10-29","47.00","AUD","1760189254","305542/2025-10-29/1760189254.json"
"766389","494882","2025-10-30","45.00","AUD","1760189254","305542/2025-10-30/1760189254.json"
"766392","494885","2025-10-30","47.00","AUD","1760189254","305542/2025-10-30/1760189254.json"
"766389","494882","2025-10-31","45.00","AUD","1760189254","305542/2025-10-31/1760189254.json"
"766392","494885","2025-10-31","47.00","AUD","1760189254","305542/2025-10-31/1760189254.json"
"766389","494882","2025-11-01","45.00","AUD","1760189254","305542/2025-11-01/1760189254.json"
"766392","494885","2025-11-01","47.00","AUD","1760189254","305542/2025-11-01/1760189254.json"
"766389","494882","2025-11-02","45.00","AUD","1760189254","305542/2025-11-02/1760189254.json"
"766392","494885","2025-11-02","47.00","AUD","1760189254","305542/2025-11-02/1760189254.json"
"766389","494882","2025-11-03","45.00","AUD","1760189254","305542/2025-11-03/1760189254.json"
"766392","494885","2025-11-03","47.00","AUD","1760189254","305542/2025-11-03/1760189254.json"
"766393","494886","2025-11-28","39.00","AUD","1760189254","305542/2025-11-28/1760189254.json"
"766393","494886","2025-11-29","39.00","AUD","1760189254","305542/2025-11-29/1760189254.json"
"766392","494885","2025-11-29","47.00","AUD","1760189254","305542/2025-11-29/1760189254.json"
"766391","494884","2025-11-29","48.00","AUD","1760189254","305542/2025-11-29/1760189254.json"
"766393","494886","2025-11-30","39.00","AUD","1760189254","305542/2025-11-30/1760189254.json"
"766392","494885","2025-11-30","47.00","AUD","1760189254","305542/2025-11-30/1760189254.json"
"766391","494884","2025-11-30","48.00","AUD","1760189254","305542/2025-11-30/1760189254.json"
"766393","494886","2025-11-27","39.00","AUD","1760189254","305542/2025-11-27/1760189254.json"
"766392","494885","2025-11-27","47.00","AUD","1760189254","305542/2025-11-27/1760189254.json"
"766391","494884","2025-11-27","48.00","AUD","1760189254","305542/2025-11-27/1760189254.json"
"766391","494884","2025-12-01","2.00","AUD","1760189254","305542/2025-12-01/1760189254.json"
"766392","494885","2025-12-01","2.00","AUD","1760189254","305542/2025-12-01/1760189254.json"
"766393","494886","2025-12-01","39.00","AUD","1760189254","305542/2025-12-01/1760189254.json"
"766391","494884","2025-12-02","2.00","AUD","1760189254","305542/2025-12-02/1760189254.json"
"766392","494885","2025-12-02","2.00","AUD","1760189254","305542/2025-12-02/1760189254.json"
"766393","494886","2025-12-02","39.00","AUD","1760189254","305542/2025-12-02/1760189254.json"
"766389","494882","2025-10-18","45.00","AUD","1760202016","305542/2025-10-18/1760202016.json"
"766392","494885","2025-10-18","47.00","AUD","1760202016","305542/2025-10-18/1760202016.json"
"766391","494884","2025-10-18","48.00","AUD","1760202016","305542/2025-10-18/1760202016.json"
"766389","494882","2025-10-20","45.00","AUD","1760202016","305542/2025-10-20/1760202016.json"
"766392","494885","2025-10-20","47.00","AUD","1760202016","305542/2025-10-20/1760202016.json"
"766391","494884","2025-10-20","48.00","AUD","1760202016","305542/2025-10-20/1760202016.json"
"766389","494882","2025-10-21","45.00","AUD","1760202016","305542/2025-10-21/1760202016.json"
"766392","494885","2025-10-21","47.00","AUD","1760202016","305542/2025-10-21/1760202016.json"
"766391","494884","2025-10-21","48.00","AUD","1760202016","305542/2025-10-21/1760202016.json"
"766389","494882","2025-10-19","45.00","AUD","1760202016","305542/2025-10-19/1760202016.json"
"766392","494885","2025-10-19","47.00","AUD","1760202016","305542/2025-10-19/1760202016.json"
"766391","494884","2025-10-19","48.00","AUD","1760202016","305542/2025-10-19/1760202016.json"
"766389","494882","2025-10-22","45.00","AUD","1760202016","305542/2025-10-22/1760202016.json"
"766392","494885","2025-10-22","47.00","AUD","1760202016","305542/2025-10-22/1760202016.json"
"766391","494884","2025-10-22","48.00","AUD","1760202016","305542/2025-10-22/1760202016.json"
"766389","494882","2025-10-23","45.00","AUD","1760202016","305542/2025-10-23/1760202016.json"
"766392","494885","2025-10-23","47.00","AUD","1760202016","305542/2025-10-23/1760202016.json"
"766391","494884","2025-10-23","48.00","AUD","1760202016","305542/2025-10-23/1760202016.json"
"766389","494882","2025-10-25","45.00","AUD","1760202016","305542/2025-10-25/1760202016.json"
"766392","494885","2025-10-25","47.00","AUD","1760202016","305542/2025-10-25/1760202016.json"
"766389","494882","2025-10-24","45.00","AUD","1760202016","305542/2025-10-24/1760202016.json"
"766392","494885","2025-10-24","47.00","AUD","1760202016","305542/2025-10-24/1760202016.json"
"766391","494884","2025-10-24","48.00","AUD","1760202016","305542/2025-10-24/1760202016.json"
"766389","494882","2025-10-26","45.00","AUD","1760202016","305542/2025-10-26/1760202016.json"
"766392","494885","2025-10-26","47.00","AUD","1760202016","305542/2025-10-26/1760202016.json"
"766389","494882","2025-10-27","45.00","AUD","1760202016","305542/2025-10-27/1760202016.json"
"766392","494885","2025-10-27","47.00","AUD","1760202016","305542/2025-10-27/1760202016.json"
"766389","494882","2025-10-28","45.00","AUD","1760202016","305542/2025-10-28/1760202016.json"
"766392","494885","2025-10-28","47.00","AUD","1760202016","305542/2025-10-28/1760202016.json"
"766389","494882","2025-10-29","45.00","AUD","1760202016","305542/2025-10-29/1760202016.json"
"766392","494885","2025-10-29","47.00","AUD","1760202016","305542/2025-10-29/1760202016.json"
"766389","494882","2025-10-30","45.00","AUD","1760202016","305542/2025-10-30/1760202016.json"
"766392","494885","2025-10-30","47.00","AUD","1760202016","305542/2025-10-30/1760202016.json"
"766389","494882","2025-10-31","45.00","AUD","1760202016","305542/2025-10-31/1760202016.json"
"766392","494885","2025-10-31","47.00","AUD","1760202016","305542/2025-10-31/1760202016.json"
"766389","494882","2025-11-01","45.00","AUD","1760202016","305542/2025-11-01/1760202016.json"
"766392","494885","2025-11-01","47.00","AUD","1760202016","305542/2025-11-01/1760202016.json"
"766389","494882","2025-11-02","45.00","AUD","1760202016","305542/2025-11-02/1760202016.json"
"766392","494885","2025-11-02","47.00","AUD","1760202016","305542/2025-11-02/1760202016.json"
"766389","494882","2025-11-03","45.00","AUD","1760202016","305542/2025-11-03/1760202016.json"
"766392","494885","2025-11-03","47.00","AUD","1760202016","305542/2025-11-03/1760202016.json"
"766393","494886","2025-11-28","39.00","AUD","1760202016","305542/2025-11-28/1760202016.json"
"766393","494886","2025-11-27","39.00","AUD","1760202016","305542/2025-11-27/1760202016.json"
"766392","494885","2025-11-27","47.00","AUD","1760202016","305542/2025-11-27/1760202016.json"
"766391","494884","2025-11-27","48.00","AUD","1760202016","305542/2025-11-27/1760202016.json"
"766393","494886","2025-11-29","39.00","AUD","1760202016","305542/2025-11-29/1760202016.json"
"766392","494885","2025-11-29","47.00","AUD","1760202016","305542/2025-11-29/1760202016.json"
"766391","494884","2025-11-29","48.00","AUD","1760202016","305542/2025-11-29/1760202016.json"
"766393","494886","2025-11-30","39.00","AUD","1760202016","305542/2025-11-30/1760202016.json"
"766392","494885","2025-11-30","47.00","AUD","1760202016","305542/2025-11-30/1760202016.json"
"766391","494884","2025-11-30","48.00","AUD","1760202016","305542/2025-11-30/1760202016.json"
"766391","494884","2025-12-02","2.00","AUD","1760202016","305542/2025-12-02/1760202016.json"
"766392","494885","2025-12-02","2.00","AUD","1760202016","305542/2025-12-02/1760202016.json"
"766393","494886","2025-12-02","39.00","AUD","1760202016","305542/2025-12-02/1760202016.json"
"766391","494884","2025-12-01","2.00","AUD","1760202016","305542/2025-12-01/1760202016.json"
"766392","494885","2025-12-01","2.00","AUD","1760202016","305542/2025-12-01/1760202016.json"
"766393","494886","2025-12-01","39.00","AUD","1760202016","305542/2025-12-01/1760202016.json"
"766389","494882","2025-10-18","45.00","AUD","1760216016","305542/2025-10-18/1760216016.json"
"766392","494885","2025-10-18","47.00","AUD","1760216016","305542/2025-10-18/1760216016.json"
"766391","494884","2025-10-18","48.00","AUD","1760216016","305542/2025-10-18/1760216016.json"
"766389","494882","2025-10-19","45.00","AUD","1760216016","305542/2025-10-19/1760216016.json"
"766392","494885","2025-10-19","47.00","AUD","1760216016","305542/2025-10-19/1760216016.json"
"766391","494884","2025-10-19","48.00","AUD","1760216016","305542/2025-10-19/1760216016.json"
"766389","494882","2025-10-20","45.00","AUD","1760216016","305542/2025-10-20/1760216016.json"
"766392","494885","2025-10-20","47.00","AUD","1760216016","305542/2025-10-20/1760216016.json"
"766391","494884","2025-10-20","48.00","AUD","1760216016","305542/2025-10-20/1760216016.json"
"766389","494882","2025-10-21","45.00","AUD","1760216016","305542/2025-10-21/1760216016.json"
"766392","494885","2025-10-21","47.00","AUD","1760216016","305542/2025-10-21/1760216016.json"
"766391","494884","2025-10-21","48.00","AUD","1760216016","305542/2025-10-21/1760216016.json"
"766389","494882","2025-10-22","45.00","AUD","1760216016","305542/2025-10-22/1760216016.json"
"766392","494885","2025-10-22","47.00","AUD","1760216016","305542/2025-10-22/1760216016.json"
"766391","494884","2025-10-22","48.00","AUD","1760216016","305542/2025-10-22/1760216016.json"
"766389","494882","2025-10-23","45.00","AUD","1760216016","305542/2025-10-23/1760216016.json"
"766392","494885","2025-10-23","47.00","AUD","1760216016","305542/2025-10-23/1760216016.json"
"766391","494884","2025-10-23","48.00","AUD","1760216016","305542/2025-10-23/1760216016.json"
"766389","494882","2025-10-25","45.00","AUD","1760216016","305542/2025-10-25/1760216016.json"
"766392","494885","2025-10-25","47.00","AUD","1760216016","305542/2025-10-25/1760216016.json"
"766389","494882","2025-10-24","45.00","AUD","1760216016","305542/2025-10-24/1760216016.json"
"766392","494885","2025-10-24","47.00","AUD","1760216016","305542/2025-10-24/1760216016.json"
"766391","494884","2025-10-24","48.00","AUD","1760216016","305542/2025-10-24/1760216016.json"
"766389","494882","2025-10-27","45.00","AUD","1760216016","305542/2025-10-27/1760216016.json"
"766392","494885","2025-10-27","47.00","AUD","1760216016","305542/2025-10-27/1760216016.json"
"766389","494882","2025-10-26","45.00","AUD","1760216016","305542/2025-10-26/1760216016.json"
"766392","494885","2025-10-26","47.00","AUD","1760216016","305542/2025-10-26/1760216016.json"
"766389","494882","2025-10-28","45.00","AUD","1760216016","305542/2025-10-28/1760216016.json"
"766392","494885","2025-10-28","47.00","AUD","1760216016","305542/2025-10-28/1760216016.json"
"766389","494882","2025-10-29","45.00","AUD","1760216016","305542/2025-10-29/1760216016.json"
"766392","494885","2025-10-29","47.00","AUD","1760216016","305542/2025-10-29/1760216016.json"
"766389","494882","2025-10-30","45.00","AUD","1760216016","305542/2025-10-30/1760216016.json"
"766392","494885","2025-10-30","47.00","AUD","1760216016","305542/2025-10-30/1760216016.json"
"766389","494882","2025-10-31","45.00","AUD","1760216016","305542/2025-10-31/1760216016.json"
"766392","494885","2025-10-31","47.00","AUD","1760216016","305542/2025-10-31/1760216016.json"
"766389","494882","2025-11-01","45.00","AUD","1760216016","305542/2025-11-01/1760216016.json"
"766392","494885","2025-11-01","47.00","AUD","1760216016","305542/2025-11-01/1760216016.json"
"766389","494882","2025-11-03","45.00","AUD","1760216016","305542/2025-11-03/1760216016.json"
"766392","494885","2025-11-03","47.00","AUD","1760216016","305542/2025-11-03/1760216016.json"
"766389","494882","2025-11-02","45.00","AUD","1760216016","305542/2025-11-02/1760216016.json"
"766392","494885","2025-11-02","47.00","AUD","1760216016","305542/2025-11-02/1760216016.json"
"766393","494886","2025-11-27","39.00","AUD","1760216016","305542/2025-11-27/1760216016.json"
"766392","494885","2025-11-27","47.00","AUD","1760216016","305542/2025-11-27/1760216016.json"
"766391","494884","2025-11-27","48.00","AUD","1760216016","305542/2025-11-27/1760216016.json"
"766393","494886","2025-11-28","39.00","AUD","1760216016","305542/2025-11-28/1760216016.json"
"766393","494886","2025-11-29","39.00","AUD","1760216016","305542/2025-11-29/1760216016.json"
"766392","494885","2025-11-29","47.00","AUD","1760216016","305542/2025-11-29/1760216016.json"
"766391","494884","2025-11-29","48.00","AUD","1760216016","305542/2025-11-29/1760216016.json"
"766393","494886","2025-11-30","39.00","AUD","1760216016","305542/2025-11-30/1760216016.json"
"766392","494885","2025-11-30","47.00","AUD","1760216016","305542/2025-11-30/1760216016.json"
"766391","494884","2025-11-30","48.00","AUD","1760216016","305542/2025-11-30/1760216016.json"
"766391","494884","2025-12-01","2.00","AUD","1760216016","305542/2025-12-01/1760216016.json"
"766392","494885","2025-12-01","2.00","AUD","1760216016","305542/2025-12-01/1760216016.json"
"766393","494886","2025-12-01","39.00","AUD","1760216016","305542/2025-12-01/1760216016.json"
"766391","494884","2025-12-02","2.00","AUD","1760216016","305542/2025-12-02/1760216016.json"
"766392","494885","2025-12-02","2.00","AUD","1760216016","305542/2025-12-02/1760216016.json"
"766393","494886","2025-12-02","39.00","AUD","1760216016","305542/2025-12-02/1760216016.json"
"766389","494882","2025-10-19","45.00","AUD","1760240041","305542/2025-10-19/1760240041.json"
"766392","494885","2025-10-19","47.00","AUD","1760240041","305542/2025-10-19/1760240041.json"
"766391","494884","2025-10-19","48.00","AUD","1760240041","305542/2025-10-19/1760240041.json"
"766389","494882","2025-10-22","45.00","AUD","1760240041","305542/2025-10-22/1760240041.json"
"766392","494885","2025-10-22","47.00","AUD","1760240041","305542/2025-10-22/1760240041.json"
"766391","494884","2025-10-22","48.00","AUD","1760240041","305542/2025-10-22/1760240041.json"
"766389","494882","2025-10-20","45.00","AUD","1760240041","305542/2025-10-20/1760240041.json"
"766392","494885","2025-10-20","47.00","AUD","1760240041","305542/2025-10-20/1760240041.json"
"766391","494884","2025-10-20","48.00","AUD","1760240041","305542/2025-10-20/1760240041.json"
"766389","494882","2025-10-21","45.00","AUD","1760240041","305542/2025-10-21/1760240041.json"
"766392","494885","2025-10-21","47.00","AUD","1760240041","305542/2025-10-21/1760240041.json"
"766391","494884","2025-10-21","48.00","AUD","1760240041","305542/2025-10-21/1760240041.json"
"766389","494882","2025-10-23","45.00","AUD","1760240041","305542/2025-10-23/1760240041.json"
"766392","494885","2025-10-23","47.00","AUD","1760240041","305542/2025-10-23/1760240041.json"
"766391","494884","2025-10-23","48.00","AUD","1760240041","305542/2025-10-23/1760240041.json"
"766389","494882","2025-10-27","45.00","AUD","1760240041","305542/2025-10-27/1760240041.json"
"766392","494885","2025-10-27","47.00","AUD","1760240041","305542/2025-10-27/1760240041.json"
"766389","494882","2025-10-24","45.00","AUD","1760240041","305542/2025-10-24/1760240041.json"
"766392","494885","2025-10-24","47.00","AUD","1760240041","305542/2025-10-24/1760240041.json"
"766391","494884","2025-10-24","48.00","AUD","1760240041","305542/2025-10-24/1760240041.json"
"766389","494882","2025-10-26","45.00","AUD","1760240041","305542/2025-10-26/1760240041.json"
"766392","494885","2025-10-26","47.00","AUD","1760240041","305542/2025-10-26/1760240041.json"
"766389","494882","2025-10-25","45.00","AUD","1760240041","305542/2025-10-25/1760240041.json"
"766392","494885","2025-10-25","47.00","AUD","1760240041","305542/2025-10-25/1760240041.json"
"766389","494882","2025-10-29","45.00","AUD","1760240041","305542/2025-10-29/1760240041.json"
"766392","494885","2025-10-29","47.00","AUD","1760240041","305542/2025-10-29/1760240041.json"
"766389","494882","2025-10-30","45.00","AUD","1760240041","305542/2025-10-30/1760240041.json"
"766392","494885","2025-10-30","47.00","AUD","1760240041","305542/2025-10-30/1760240041.json"
"766389","494882","2025-10-31","45.00","AUD","1760240041","305542/2025-10-31/1760240041.json"
"766392","494885","2025-10-31","47.00","AUD","1760240041","305542/2025-10-31/1760240041.json"
"766389","494882","2025-11-02","45.00","AUD","1760240041","305542/2025-11-02/1760240041.json"
"766392","494885","2025-11-02","47.00","AUD","1760240041","305542/2025-11-02/1760240041.json"
"766389","494882","2025-11-01","45.00","AUD","1760240041","305542/2025-11-01/1760240041.json"
"766392","494885","2025-11-01","47.00","AUD","1760240041","305542/2025-11-01/1760240041.json"
"766389","494882","2025-11-03","45.00","AUD","1760240041","305542/2025-11-03/1760240041.json"
"766392","494885","2025-11-03","47.00","AUD","1760240041","305542/2025-11-03/1760240041.json"
"766389","494882","2025-10-28","45.00","AUD","1760240041","305542/2025-10-28/1760240041.json"
"766392","494885","2025-10-28","47.00","AUD","1760240041","305542/2025-10-28/1760240041.json"
"766393","494886","2025-11-27","39.00","AUD","1760240041","305542/2025-11-27/1760240041.json"
"766392","494885","2025-11-27","47.00","AUD","1760240041","305542/2025-11-27/1760240041.json"
"766391","494884","2025-11-27","48.00","AUD","1760240041","305542/2025-11-27/1760240041.json"
"766393","494886","2025-11-28","39.00","AUD","1760240041","305542/2025-11-28/1760240041.json"
"766393","494886","2025-11-29","39.00","AUD","1760240041","305542/2025-11-29/1760240041.json"
"766392","494885","2025-11-29","47.00","AUD","1760240041","305542/2025-11-29/1760240041.json"
"766391","494884","2025-11-29","48.00","AUD","1760240041","305542/2025-11-29/1760240041.json"
"766391","494884","2025-12-02","2.00","AUD","1760240041","305542/2025-12-02/1760240041.json"
"766392","494885","2025-12-02","2.00","AUD","1760240041","305542/2025-12-02/1760240041.json"
"766393","494886","2025-12-02","39.00","AUD","1760240041","305542/2025-12-02/1760240041.json"
"766391","494884","2025-12-01","2.00","AUD","1760240041","305542/2025-12-01/1760240041.json"
"766392","494885","2025-12-01","2.00","AUD","1760240041","305542/2025-12-01/1760240041.json"
"766393","494886","2025-12-01","39.00","AUD","1760240041","305542/2025-12-01/1760240041.json"
"766393","494886","2025-11-30","39.00","AUD","1760240041","305542/2025-11-30/1760240041.json"
"766392","494885","2025-11-30","47.00","AUD","1760240041","305542/2025-11-30/1760240041.json"
"766391","494884","2025-11-30","48.00","AUD","1760240041","305542/2025-11-30/1760240041.json"
"766389","494882","2025-10-19","45.00","AUD","1760245104","305542/2025-10-19/1760245104.json"
"766392","494885","2025-10-19","47.00","AUD","1760245104","305542/2025-10-19/1760245104.json"
"766391","494884","2025-10-19","48.00","AUD","1760245104","305542/2025-10-19/1760245104.json"
"766389","494882","2025-10-20","45.00","AUD","1760245104","305542/2025-10-20/1760245104.json"
"766392","494885","2025-10-20","47.00","AUD","1760245104","305542/2025-10-20/1760245104.json"
"766391","494884","2025-10-20","48.00","AUD","1760245104","305542/2025-10-20/1760245104.json"
"766389","494882","2025-10-21","45.00","AUD","1760245104","305542/2025-10-21/1760245104.json"
"766392","494885","2025-10-21","47.00","AUD","1760245104","305542/2025-10-21/1760245104.json"
"766391","494884","2025-10-21","48.00","AUD","1760245104","305542/2025-10-21/1760245104.json"
"766389","494882","2025-10-22","45.00","AUD","1760245104","305542/2025-10-22/1760245104.json"
"766392","494885","2025-10-22","47.00","AUD","1760245104","305542/2025-10-22/1760245104.json"
"766391","494884","2025-10-22","48.00","AUD","1760245104","305542/2025-10-22/1760245104.json"
"766389","494882","2025-10-23","45.00","AUD","1760245104","305542/2025-10-23/1760245104.json"
"766392","494885","2025-10-23","47.00","AUD","1760245104","305542/2025-10-23/1760245104.json"
"766391","494884","2025-10-23","48.00","AUD","1760245104","305542/2025-10-23/1760245104.json"
"766389","494882","2025-10-24","45.00","AUD","1760245104","305542/2025-10-24/1760245104.json"
"766392","494885","2025-10-24","47.00","AUD","1760245104","305542/2025-10-24/1760245104.json"
"766391","494884","2025-10-24","48.00","AUD","1760245104","305542/2025-10-24/1760245104.json"
"766389","494882","2025-10-25","45.00","AUD","1760245104","305542/2025-10-25/1760245104.json"
"766392","494885","2025-10-25","47.00","AUD","1760245104","305542/2025-10-25/1760245104.json"
"766389","494882","2025-10-26","45.00","AUD","1760245104","305542/2025-10-26/1760245104.json"
"766392","494885","2025-10-26","47.00","AUD","1760245104","305542/2025-10-26/1760245104.json"
"766389","494882","2025-10-27","45.00","AUD","1760245104","305542/2025-10-27/1760245104.json"
"766392","494885","2025-10-27","47.00","AUD","1760245104","305542/2025-10-27/1760245104.json"
"766389","494882","2025-10-28","45.00","AUD","1760245104","305542/2025-10-28/1760245104.json"
"766392","494885","2025-10-28","47.00","AUD","1760245104","305542/2025-10-28/1760245104.json"
"766389","494882","2025-10-29","45.00","AUD","1760245104","305542/2025-10-29/1760245104.json"
"766392","494885","2025-10-29","47.00","AUD","1760245104","305542/2025-10-29/1760245104.json"
"766389","494882","2025-10-31","45.00","AUD","1760245104","305542/2025-10-31/1760245104.json"
"766392","494885","2025-10-31","47.00","AUD","1760245104","305542/2025-10-31/1760245104.json"
"766389","494882","2025-10-30","45.00","AUD","1760245104","305542/2025-10-30/1760245104.json"
"766392","494885","2025-10-30","47.00","AUD","1760245104","305542/2025-10-30/1760245104.json"
"766389","494882","2025-11-01","45.00","AUD","1760245104","305542/2025-11-01/1760245104.json"
"766392","494885","2025-11-01","47.00","AUD","1760245104","305542/2025-11-01/1760245104.json"
"766389","494882","2025-11-02","45.00","AUD","1760245104","305542/2025-11-02/1760245104.json"
"766392","494885","2025-11-02","47.00","AUD","1760245104","305542/2025-11-02/1760245104.json"
"766389","494882","2025-11-03","45.00","AUD","1760245104","305542/2025-11-03/1760245104.json"
"766392","494885","2025-11-03","47.00","AUD","1760245104","305542/2025-11-03/1760245104.json"
"766393","494886","2025-11-28","39.00","AUD","1760245104","305542/2025-11-28/1760245104.json"
"766393","494886","2025-11-27","39.00","AUD","1760245104","305542/2025-11-27/1760245104.json"
"766392","494885","2025-11-27","47.00","AUD","1760245104","305542/2025-11-27/1760245104.json"
"766391","494884","2025-11-27","48.00","AUD","1760245104","305542/2025-11-27/1760245104.json"
"766393","494886","2025-11-29","39.00","AUD","1760245104","305542/2025-11-29/1760245104.json"
"766392","494885","2025-11-29","47.00","AUD","1760245104","305542/2025-11-29/1760245104.json"
"766391","494884","2025-11-29","48.00","AUD","1760245104","305542/2025-11-29/1760245104.json"
"766393","494886","2025-11-30","39.00","AUD","1760245104","305542/2025-11-30/1760245104.json"
"766392","494885","2025-11-30","47.00","AUD","1760245104","305542/2025-11-30/1760245104.json"
"766391","494884","2025-11-30","48.00","AUD","1760245104","305542/2025-11-30/1760245104.json"
"766391","494884","2025-12-01","2.00","AUD","1760245104","305542/2025-12-01/1760245104.json"
"766392","494885","2025-12-01","2.00","AUD","1760245104","305542/2025-12-01/1760245104.json"
"766393","494886","2025-12-01","39.00","AUD","1760245104","305542/2025-12-01/1760245104.json"
"766391","494884","2025-12-02","2.00","AUD","1760245104","305542/2025-12-02/1760245104.json"
"766392","494885","2025-12-02","2.00","AUD","1760245104","305542/2025-12-02/1760245104.json"
"766393","494886","2025-12-02","39.00","AUD","1760245104","305542/2025-12-02/1760245104.json"
"766389","494882","2025-10-19","45.00","AUD","1760259777","305542/2025-10-19/1760259777.json"
"766392","494885","2025-10-19","47.00","AUD","1760259777","305542/2025-10-19/1760259777.json"
"766391","494884","2025-10-19","48.00","AUD","1760259777","305542/2025-10-19/1760259777.json"
"766389","494882","2025-10-20","45.00","AUD","1760259777","305542/2025-10-20/1760259777.json"
"766392","494885","2025-10-20","47.00","AUD","1760259777","305542/2025-10-20/1760259777.json"
"766391","494884","2025-10-20","48.00","AUD","1760259777","305542/2025-10-20/1760259777.json"
"766389","494882","2025-10-21","45.00","AUD","1760259777","305542/2025-10-21/1760259777.json"
"766392","494885","2025-10-21","47.00","AUD","1760259777","305542/2025-10-21/1760259777.json"
"766391","494884","2025-10-21","48.00","AUD","1760259777","305542/2025-10-21/1760259777.json"
"766389","494882","2025-10-22","45.00","AUD","1760259777","305542/2025-10-22/1760259777.json"
"766392","494885","2025-10-22","47.00","AUD","1760259777","305542/2025-10-22/1760259777.json"
"766391","494884","2025-10-22","48.00","AUD","1760259777","305542/2025-10-22/1760259777.json"
"766389","494882","2025-10-23","45.00","AUD","1760259777","305542/2025-10-23/1760259777.json"
"766392","494885","2025-10-23","47.00","AUD","1760259777","305542/2025-10-23/1760259777.json"
"766391","494884","2025-10-23","48.00","AUD","1760259777","305542/2025-10-23/1760259777.json"
"766389","494882","2025-10-24","45.00","AUD","1760259777","305542/2025-10-24/1760259777.json"
"766392","494885","2025-10-24","47.00","AUD","1760259777","305542/2025-10-24/1760259777.json"
"766391","494884","2025-10-24","48.00","AUD","1760259777","305542/2025-10-24/1760259777.json"
"766389","494882","2025-10-25","45.00","AUD","1760259777","305542/2025-10-25/1760259777.json"
"766392","494885","2025-10-25","47.00","AUD","1760259777","305542/2025-10-25/1760259777.json"
"766389","494882","2025-10-26","45.00","AUD","1760259777","305542/2025-10-26/1760259777.json"
"766392","494885","2025-10-26","47.00","AUD","1760259777","305542/2025-10-26/1760259777.json"
"766389","494882","2025-10-27","45.00","AUD","1760259777","305542/2025-10-27/1760259777.json"
"766392","494885","2025-10-27","47.00","AUD","1760259777","305542/2025-10-27/1760259777.json"
"766389","494882","2025-10-28","45.00","AUD","1760259777","305542/2025-10-28/1760259777.json"
"766392","494885","2025-10-28","47.00","AUD","1760259777","305542/2025-10-28/1760259777.json"
"766389","494882","2025-10-29","45.00","AUD","1760259777","305542/2025-10-29/1760259777.json"
"766392","494885","2025-10-29","47.00","AUD","1760259777","305542/2025-10-29/1760259777.json"
"766389","494882","2025-10-30","45.00","AUD","1760259777","305542/2025-10-30/1760259777.json"
"766392","494885","2025-10-30","47.00","AUD","1760259777","305542/2025-10-30/1760259777.json"
"766389","494882","2025-10-31","45.00","AUD","1760259777","305542/2025-10-31/1760259777.json"
"766392","494885","2025-10-31","47.00","AUD","1760259777","305542/2025-10-31/1760259777.json"
"766389","494882","2025-11-01","45.00","AUD","1760259777","305542/2025-11-01/1760259777.json"
"766392","494885","2025-11-01","47.00","AUD","1760259777","305542/2025-11-01/1760259777.json"
"766389","494882","2025-11-02","45.00","AUD","1760259777","305542/2025-11-02/1760259777.json"
"766392","494885","2025-11-02","47.00","AUD","1760259777","305542/2025-11-02/1760259777.json"
"766389","494882","2025-11-03","45.00","AUD","1760259777","305542/2025-11-03/1760259777.json"
"766392","494885","2025-11-03","47.00","AUD","1760259777","305542/2025-11-03/1760259777.json"
"766393","494886","2025-11-27","39.00","AUD","1760259777","305542/2025-11-27/1760259777.json"
"766392","494885","2025-11-27","47.00","AUD","1760259777","305542/2025-11-27/1760259777.json"
"766391","494884","2025-11-27","48.00","AUD","1760259777","305542/2025-11-27/1760259777.json"
"766393","494886","2025-11-30","39.00","AUD","1760259777","305542/2025-11-30/1760259777.json"
"766392","494885","2025-11-30","47.00","AUD","1760259777","305542/2025-11-30/1760259777.json"
"766391","494884","2025-11-30","48.00","AUD","1760259777","305542/2025-11-30/1760259777.json"
"766393","494886","2025-11-28","39.00","AUD","1760259777","305542/2025-11-28/1760259777.json"
"766393","494886","2025-11-29","39.00","AUD","1760259777","305542/2025-11-29/1760259777.json"
"766392","494885","2025-11-29","47.00","AUD","1760259777","305542/2025-11-29/1760259777.json"
"766391","494884","2025-11-29","48.00","AUD","1760259777","305542/2025-11-29/1760259777.json"
"766391","494884","2025-12-01","2.00","AUD","1760259777","305542/2025-12-01/1760259777.json"
"766392","494885","2025-12-01","2.00","AUD","1760259777","305542/2025-12-01/1760259777.json"
"766393","494886","2025-12-01","39.00","AUD","1760259777","305542/2025-12-01/1760259777.json"
"766391","494884","2025-12-02","2.00","AUD","1760259777","305542/2025-12-02/1760259777.json"
"766392","494885","2025-12-02","2.00","AUD","1760259777","305542/2025-12-02/1760259777.json"
"766393","494886","2025-12-02","39.00","AUD","1760259777","305542/2025-12-02/1760259777.json"
"766389","494882","2025-10-19","45.00","AUD","1760275780","305542/2025-10-19/1760275780.json"
"766392","494885","2025-10-19","47.00","AUD","1760275780","305542/2025-10-19/1760275780.json"
"766391","494884","2025-10-19","48.00","AUD","1760275780","305542/2025-10-19/1760275780.json"
"766389","494882","2025-10-20","45.00","AUD","1760275780","305542/2025-10-20/1760275780.json"
"766392","494885","2025-10-20","47.00","AUD","1760275780","305542/2025-10-20/1760275780.json"
"766391","494884","2025-10-20","48.00","AUD","1760275780","305542/2025-10-20/1760275780.json"
"766389","494882","2025-10-22","45.00","AUD","1760275780","305542/2025-10-22/1760275780.json"
"766392","494885","2025-10-22","47.00","AUD","1760275780","305542/2025-10-22/1760275780.json"
"766391","494884","2025-10-22","48.00","AUD","1760275780","305542/2025-10-22/1760275780.json"
"766389","494882","2025-10-23","45.00","AUD","1760275780","305542/2025-10-23/1760275780.json"
"766392","494885","2025-10-23","47.00","AUD","1760275780","305542/2025-10-23/1760275780.json"
"766391","494884","2025-10-23","48.00","AUD","1760275780","305542/2025-10-23/1760275780.json"
"766389","494882","2025-10-21","45.00","AUD","1760275780","305542/2025-10-21/1760275780.json"
"766392","494885","2025-10-21","47.00","AUD","1760275780","305542/2025-10-21/1760275780.json"
"766391","494884","2025-10-21","48.00","AUD","1760275780","305542/2025-10-21/1760275780.json"
"766389","494882","2025-10-24","45.00","AUD","1760275780","305542/2025-10-24/1760275780.json"
"766392","494885","2025-10-24","47.00","AUD","1760275780","305542/2025-10-24/1760275780.json"
"766391","494884","2025-10-24","48.00","AUD","1760275780","305542/2025-10-24/1760275780.json"
"766389","494882","2025-10-25","45.00","AUD","1760275780","305542/2025-10-25/1760275780.json"
"766392","494885","2025-10-25","47.00","AUD","1760275780","305542/2025-10-25/1760275780.json"
"766389","494882","2025-10-27","45.00","AUD","1760275780","305542/2025-10-27/1760275780.json"
"766392","494885","2025-10-27","47.00","AUD","1760275780","305542/2025-10-27/1760275780.json"
"766389","494882","2025-10-26","45.00","AUD","1760275780","305542/2025-10-26/1760275780.json"
"766392","494885","2025-10-26","47.00","AUD","1760275780","305542/2025-10-26/1760275780.json"
"766389","494882","2025-10-28","45.00","AUD","1760275780","305542/2025-10-28/1760275780.json"
"766392","494885","2025-10-28","47.00","AUD","1760275780","305542/2025-10-28/1760275780.json"
"766389","494882","2025-10-30","45.00","AUD","1760275780","305542/2025-10-30/1760275780.json"
"766392","494885","2025-10-30","47.00","AUD","1760275780","305542/2025-10-30/1760275780.json"
"766389","494882","2025-10-31","45.00","AUD","1760275780","305542/2025-10-31/1760275780.json"
"766392","494885","2025-10-31","47.00","AUD","1760275780","305542/2025-10-31/1760275780.json"
"766389","494882","2025-10-29","45.00","AUD","1760275780","305542/2025-10-29/1760275780.json"
"766392","494885","2025-10-29","47.00","AUD","1760275780","305542/2025-10-29/1760275780.json"
"766389","494882","2025-11-01","45.00","AUD","1760275780","305542/2025-11-01/1760275780.json"
"766392","494885","2025-11-01","47.00","AUD","1760275780","305542/2025-11-01/1760275780.json"
"766389","494882","2025-11-03","45.00","AUD","1760275780","305542/2025-11-03/1760275780.json"
"766392","494885","2025-11-03","47.00","AUD","1760275780","305542/2025-11-03/1760275780.json"
"766389","494882","2025-11-02","45.00","AUD","1760275780","305542/2025-11-02/1760275780.json"
"766392","494885","2025-11-02","47.00","AUD","1760275780","305542/2025-11-02/1760275780.json"
"766393","494886","2025-11-27","39.00","AUD","1760275780","305542/2025-11-27/1760275780.json"
"766392","494885","2025-11-27","47.00","AUD","1760275780","305542/2025-11-27/1760275780.json"
"766391","494884","2025-11-27","48.00","AUD","1760275780","305542/2025-11-27/1760275780.json"
"766393","494886","2025-11-28","39.00","AUD","1760275780","305542/2025-11-28/1760275780.json"
"766393","494886","2025-11-29","39.00","AUD","1760275780","305542/2025-11-29/1760275780.json"
"766392","494885","2025-11-29","47.00","AUD","1760275780","305542/2025-11-29/1760275780.json"
"766391","494884","2025-11-29","48.00","AUD","1760275780","305542/2025-11-29/1760275780.json"
"766393","494886","2025-11-30","39.00","AUD","1760275780","305542/2025-11-30/1760275780.json"
"766392","494885","2025-11-30","47.00","AUD","1760275780","305542/2025-11-30/1760275780.json"
"766391","494884","2025-11-30","48.00","AUD","1760275780","305542/2025-11-30/1760275780.json"
"766391","494884","2025-12-02","2.00","AUD","1760275780","305542/2025-12-02/1760275780.json"
"766392","494885","2025-12-02","2.00","AUD","1760275780","305542/2025-12-02/1760275780.json"
"766393","494886","2025-12-02","39.00","AUD","1760275780","305542/2025-12-02/1760275780.json"
"766391","494884","2025-12-01","2.00","AUD","1760275780","305542/2025-12-01/1760275780.json"
"766392","494885","2025-12-01","2.00","AUD","1760275780","305542/2025-12-01/1760275780.json"
"766393","494886","2025-12-01","39.00","AUD","1760275780","305542/2025-12-01/1760275780.json"
"766389","494882","2025-10-19","45.00","AUD","1760288729","305542/2025-10-19/1760288729.json"
"766392","494885","2025-10-19","47.00","AUD","1760288729","305542/2025-10-19/1760288729.json"
"766391","494884","2025-10-19","48.00","AUD","1760288729","305542/2025-10-19/1760288729.json"
"766389","494882","2025-10-20","45.00","AUD","1760288729","305542/2025-10-20/1760288729.json"
"766392","494885","2025-10-20","47.00","AUD","1760288729","305542/2025-10-20/1760288729.json"
"766391","494884","2025-10-20","48.00","AUD","1760288729","305542/2025-10-20/1760288729.json"
"766389","494882","2025-10-21","45.00","AUD","1760288729","305542/2025-10-21/1760288729.json"
"766392","494885","2025-10-21","47.00","AUD","1760288729","305542/2025-10-21/1760288729.json"
"766391","494884","2025-10-21","48.00","AUD","1760288729","305542/2025-10-21/1760288729.json"
"766389","494882","2025-10-23","45.00","AUD","1760288729","305542/2025-10-23/1760288729.json"
"766392","494885","2025-10-23","47.00","AUD","1760288729","305542/2025-10-23/1760288729.json"
"766391","494884","2025-10-23","48.00","AUD","1760288729","305542/2025-10-23/1760288729.json"
"766389","494882","2025-10-22","45.00","AUD","1760288729","305542/2025-10-22/1760288729.json"
"766392","494885","2025-10-22","47.00","AUD","1760288729","305542/2025-10-22/1760288729.json"
"766391","494884","2025-10-22","48.00","AUD","1760288729","305542/2025-10-22/1760288729.json"
"766389","494882","2025-10-24","45.00","AUD","1760288729","305542/2025-10-24/1760288729.json"
"766392","494885","2025-10-24","47.00","AUD","1760288729","305542/2025-10-24/1760288729.json"
"766391","494884","2025-10-24","48.00","AUD","1760288729","305542/2025-10-24/1760288729.json"
"766389","494882","2025-10-25","45.00","AUD","1760288729","305542/2025-10-25/1760288729.json"
"766392","494885","2025-10-25","47.00","AUD","1760288729","305542/2025-10-25/1760288729.json"
"766389","494882","2025-10-26","45.00","AUD","1760288729","305542/2025-10-26/1760288729.json"
"766392","494885","2025-10-26","47.00","AUD","1760288729","305542/2025-10-26/1760288729.json"
"766389","494882","2025-10-27","45.00","AUD","1760288729","305542/2025-10-27/1760288729.json"
"766392","494885","2025-10-27","47.00","AUD","1760288729","305542/2025-10-27/1760288729.json"
"766389","494882","2025-10-29","45.00","AUD","1760288729","305542/2025-10-29/1760288729.json"
"766392","494885","2025-10-29","47.00","AUD","1760288729","305542/2025-10-29/1760288729.json"
"766389","494882","2025-10-28","45.00","AUD","1760288729","305542/2025-10-28/1760288729.json"
"766392","494885","2025-10-28","47.00","AUD","1760288729","305542/2025-10-28/1760288729.json"
"766389","494882","2025-10-30","45.00","AUD","1760288729","305542/2025-10-30/1760288729.json"
"766392","494885","2025-10-30","47.00","AUD","1760288729","305542/2025-10-30/1760288729.json"
"766389","494882","2025-10-31","45.00","AUD","1760288729","305542/2025-10-31/1760288729.json"
"766392","494885","2025-10-31","47.00","AUD","1760288729","305542/2025-10-31/1760288729.json"
"766389","494882","2025-11-02","45.00","AUD","1760288729","305542/2025-11-02/1760288729.json"
"766392","494885","2025-11-02","47.00","AUD","1760288729","305542/2025-11-02/1760288729.json"
"766389","494882","2025-11-01","45.00","AUD","1760288729","305542/2025-11-01/1760288729.json"
"766392","494885","2025-11-01","47.00","AUD","1760288729","305542/2025-11-01/1760288729.json"
"766389","494882","2025-11-03","45.00","AUD","1760288729","305542/2025-11-03/1760288729.json"
"766392","494885","2025-11-03","47.00","AUD","1760288729","305542/2025-11-03/1760288729.json"
"766393","494886","2025-11-28","39.00","AUD","1760288729","305542/2025-11-28/1760288729.json"
"766393","494886","2025-11-27","39.00","AUD","1760288729","305542/2025-11-27/1760288729.json"
"766392","494885","2025-11-27","47.00","AUD","1760288729","305542/2025-11-27/1760288729.json"
"766391","494884","2025-11-27","48.00","AUD","1760288729","305542/2025-11-27/1760288729.json"
"766393","494886","2025-11-29","39.00","AUD","1760288729","305542/2025-11-29/1760288729.json"
"766392","494885","2025-11-29","47.00","AUD","1760288729","305542/2025-11-29/1760288729.json"
"766391","494884","2025-11-29","48.00","AUD","1760288729","305542/2025-11-29/1760288729.json"
"766393","494886","2025-11-30","39.00","AUD","1760288729","305542/2025-11-30/1760288729.json"
"766392","494885","2025-11-30","47.00","AUD","1760288729","305542/2025-11-30/1760288729.json"
"766391","494884","2025-11-30","48.00","AUD","1760288729","305542/2025-11-30/1760288729.json"
"766391","494884","2025-12-01","2.00","AUD","1760288729","305542/2025-12-01/1760288729.json"
"766392","494885","2025-12-01","2.00","AUD","1760288729","305542/2025-12-01/1760288729.json"
"766393","494886","2025-12-01","39.00","AUD","1760288729","305542/2025-12-01/1760288729.json"
"766391","494884","2025-12-02","2.00","AUD","1760288729","305542/2025-12-02/1760288729.json"
"766392","494885","2025-12-02","2.00","AUD","1760288729","305542/2025-12-02/1760288729.json"
"766393","494886","2025-12-02","39.00","AUD","1760288729","305542/2025-12-02/1760288729.json"
"766389","494882","2025-10-19","45.00","AUD","1760302509","305542/2025-10-19/1760302509.json"
"766392","494885","2025-10-19","47.00","AUD","1760302509","305542/2025-10-19/1760302509.json"
"766391","494884","2025-10-19","48.00","AUD","1760302509","305542/2025-10-19/1760302509.json"
"766389","494882","2025-10-20","45.00","AUD","1760302509","305542/2025-10-20/1760302509.json"
"766392","494885","2025-10-20","47.00","AUD","1760302509","305542/2025-10-20/1760302509.json"
"766391","494884","2025-10-20","48.00","AUD","1760302509","305542/2025-10-20/1760302509.json"
"766389","494882","2025-10-21","45.00","AUD","1760302509","305542/2025-10-21/1760302509.json"
"766392","494885","2025-10-21","47.00","AUD","1760302509","305542/2025-10-21/1760302509.json"
"766391","494884","2025-10-21","48.00","AUD","1760302509","305542/2025-10-21/1760302509.json"
"766389","494882","2025-10-22","45.00","AUD","1760302509","305542/2025-10-22/1760302509.json"
"766392","494885","2025-10-22","47.00","AUD","1760302509","305542/2025-10-22/1760302509.json"
"766391","494884","2025-10-22","48.00","AUD","1760302509","305542/2025-10-22/1760302509.json"
"766389","494882","2025-10-23","45.00","AUD","1760302509","305542/2025-10-23/1760302509.json"
"766392","494885","2025-10-23","47.00","AUD","1760302509","305542/2025-10-23/1760302509.json"
"766391","494884","2025-10-23","48.00","AUD","1760302509","305542/2025-10-23/1760302509.json"
"766389","494882","2025-10-24","45.00","AUD","1760302509","305542/2025-10-24/1760302509.json"
"766392","494885","2025-10-24","47.00","AUD","1760302509","305542/2025-10-24/1760302509.json"
"766391","494884","2025-10-24","48.00","AUD","1760302509","305542/2025-10-24/1760302509.json"
"766389","494882","2025-10-26","45.00","AUD","1760302509","305542/2025-10-26/1760302509.json"
"766392","494885","2025-10-26","47.00","AUD","1760302509","305542/2025-10-26/1760302509.json"
"766389","494882","2025-10-25","45.00","AUD","1760302509","305542/2025-10-25/1760302509.json"
"766392","494885","2025-10-25","47.00","AUD","1760302509","305542/2025-10-25/1760302509.json"
"766389","494882","2025-10-27","45.00","AUD","1760302509","305542/2025-10-27/1760302509.json"
"766392","494885","2025-10-27","47.00","AUD","1760302509","305542/2025-10-27/1760302509.json"
"766389","494882","2025-10-28","45.00","AUD","1760302509","305542/2025-10-28/1760302509.json"
"766392","494885","2025-10-28","47.00","AUD","1760302509","305542/2025-10-28/1760302509.json"
"766389","494882","2025-10-29","45.00","AUD","1760302509","305542/2025-10-29/1760302509.json"
"766392","494885","2025-10-29","47.00","AUD","1760302509","305542/2025-10-29/1760302509.json"
"766389","494882","2025-10-30","45.00","AUD","1760302509","305542/2025-10-30/1760302509.json"
"766392","494885","2025-10-30","47.00","AUD","1760302509","305542/2025-10-30/1760302509.json"
"766389","494882","2025-11-03","45.00","AUD","1760302509","305542/2025-11-03/1760302509.json"
"766392","494885","2025-11-03","47.00","AUD","1760302509","305542/2025-11-03/1760302509.json"
"766389","494882","2025-11-02","45.00","AUD","1760302509","305542/2025-11-02/1760302509.json"
"766392","494885","2025-11-02","47.00","AUD","1760302509","305542/2025-11-02/1760302509.json"
"766389","494882","2025-11-01","45.00","AUD","1760302509","305542/2025-11-01/1760302509.json"
"766392","494885","2025-11-01","47.00","AUD","1760302509","305542/2025-11-01/1760302509.json"
"766389","494882","2025-10-31","45.00","AUD","1760302509","305542/2025-10-31/1760302509.json"
"766392","494885","2025-10-31","47.00","AUD","1760302509","305542/2025-10-31/1760302509.json"
"766393","494886","2025-11-27","39.00","AUD","1760302509","305542/2025-11-27/1760302509.json"
"766392","494885","2025-11-27","47.00","AUD","1760302509","305542/2025-11-27/1760302509.json"
"766391","494884","2025-11-27","48.00","AUD","1760302509","305542/2025-11-27/1760302509.json"
"766393","494886","2025-11-28","39.00","AUD","1760302509","305542/2025-11-28/1760302509.json"
"766393","494886","2025-11-29","39.00","AUD","1760302509","305542/2025-11-29/1760302509.json"
"766392","494885","2025-11-29","47.00","AUD","1760302509","305542/2025-11-29/1760302509.json"
"766391","494884","2025-11-29","48.00","AUD","1760302509","305542/2025-11-29/1760302509.json"
"766393","494886","2025-11-30","39.00","AUD","1760302509","305542/2025-11-30/1760302509.json"
"766392","494885","2025-11-30","47.00","AUD","1760302509","305542/2025-11-30/1760302509.json"
"766391","494884","2025-11-30","48.00","AUD","1760302509","305542/2025-11-30/1760302509.json"
"766391","494884","2025-12-01","2.00","AUD","1760302509","305542/2025-12-01/1760302509.json"
"766392","494885","2025-12-01","2.00","AUD","1760302509","305542/2025-12-01/1760302509.json"
"766393","494886","2025-12-01","39.00","AUD","1760302509","305542/2025-12-01/1760302509.json"
"766391","494884","2025-12-02","2.00","AUD","1760302509","305542/2025-12-02/1760302509.json"
"766392","494885","2025-12-02","2.00","AUD","1760302509","305542/2025-12-02/1760302509.json"
"766393","494886","2025-12-02","39.00","AUD","1760302509","305542/2025-12-02/1760302509.json"
"766392","494885","2025-10-20","45.00","AUD","1760327630","305542/2025-10-20/1760327630.json"
"766389","494882","2025-10-20","45.00","AUD","1760327630","305542/2025-10-20/1760327630.json"
"766391","494884","2025-10-20","48.00","AUD","1760327630","305542/2025-10-20/1760327630.json"
"766389","494882","2025-10-21","45.00","AUD","1760327630","305542/2025-10-21/1760327630.json"
"766392","494885","2025-10-21","47.00","AUD","1760327630","305542/2025-10-21/1760327630.json"
"766391","494884","2025-10-21","48.00","AUD","1760327630","305542/2025-10-21/1760327630.json"
"766389","494882","2025-10-22","45.00","AUD","1760327630","305542/2025-10-22/1760327630.json"
"766392","494885","2025-10-22","47.00","AUD","1760327630","305542/2025-10-22/1760327630.json"
"766391","494884","2025-10-22","48.00","AUD","1760327630","305542/2025-10-22/1760327630.json"
"766389","494882","2025-10-23","45.00","AUD","1760327630","305542/2025-10-23/1760327630.json"
"766392","494885","2025-10-23","47.00","AUD","1760327630","305542/2025-10-23/1760327630.json"
"766391","494884","2025-10-23","48.00","AUD","1760327630","305542/2025-10-23/1760327630.json"
"766389","494882","2025-10-24","45.00","AUD","1760327630","305542/2025-10-24/1760327630.json"
"766392","494885","2025-10-24","47.00","AUD","1760327630","305542/2025-10-24/1760327630.json"
"766391","494884","2025-10-24","48.00","AUD","1760327630","305542/2025-10-24/1760327630.json"
"766389","494882","2025-10-27","45.00","AUD","1760327630","305542/2025-10-27/1760327630.json"
"766392","494885","2025-10-27","47.00","AUD","1760327630","305542/2025-10-27/1760327630.json"
"766389","494882","2025-10-26","45.00","AUD","1760327630","305542/2025-10-26/1760327630.json"
"766392","494885","2025-10-26","47.00","AUD","1760327630","305542/2025-10-26/1760327630.json"
"766391","494884","2025-10-26","48.00","AUD","1760327630","305542/2025-10-26/1760327630.json"
"766389","494882","2025-10-28","45.00","AUD","1760327630","305542/2025-10-28/1760327630.json"
"766392","494885","2025-10-28","47.00","AUD","1760327630","305542/2025-10-28/1760327630.json"
"766389","494882","2025-10-25","45.00","AUD","1760327630","305542/2025-10-25/1760327630.json"
"766392","494885","2025-10-25","47.00","AUD","1760327630","305542/2025-10-25/1760327630.json"
"766391","494884","2025-10-25","48.00","AUD","1760327630","305542/2025-10-25/1760327630.json"
"766389","494882","2025-10-30","45.00","AUD","1760327630","305542/2025-10-30/1760327630.json"
"766392","494885","2025-10-30","47.00","AUD","1760327630","305542/2025-10-30/1760327630.json"
"766389","494882","2025-10-29","45.00","AUD","1760327630","305542/2025-10-29/1760327630.json"
"766392","494885","2025-10-29","47.00","AUD","1760327630","305542/2025-10-29/1760327630.json"
"766389","494882","2025-10-31","45.00","AUD","1760327630","305542/2025-10-31/1760327630.json"
"766389","494882","2025-11-01","45.00","AUD","1760327630","305542/2025-11-01/1760327630.json"
"766392","494885","2025-11-01","47.00","AUD","1760327630","305542/2025-11-01/1760327630.json"
"766392","494885","2025-10-31","47.00","AUD","1760327630","305542/2025-10-31/1760327630.json"
"766389","494882","2025-11-03","45.00","AUD","1760327630","305542/2025-11-03/1760327630.json"
"766392","494885","2025-11-03","47.00","AUD","1760327630","305542/2025-11-03/1760327630.json"
"766389","494882","2025-11-02","45.00","AUD","1760327630","305542/2025-11-02/1760327630.json"
"766392","494885","2025-11-02","47.00","AUD","1760327630","305542/2025-11-02/1760327630.json"
"766393","494886","2025-11-27","39.00","AUD","1760327630","305542/2025-11-27/1760327630.json"
"766392","494885","2025-11-27","47.00","AUD","1760327630","305542/2025-11-27/1760327630.json"
"766391","494884","2025-11-27","48.00","AUD","1760327630","305542/2025-11-27/1760327630.json"
"766393","494886","2025-11-29","39.00","AUD","1760327630","305542/2025-11-29/1760327630.json"
"766392","494885","2025-11-29","47.00","AUD","1760327630","305542/2025-11-29/1760327630.json"
"766391","494884","2025-11-29","48.00","AUD","1760327630","305542/2025-11-29/1760327630.json"
"766393","494886","2025-11-28","39.00","AUD","1760327630","305542/2025-11-28/1760327630.json"
"766391","494884","2025-12-01","2.00","AUD","1760327630","305542/2025-12-01/1760327630.json"
"766392","494885","2025-12-01","2.00","AUD","1760327630","305542/2025-12-01/1760327630.json"
"766393","494886","2025-12-01","39.00","AUD","1760327630","305542/2025-12-01/1760327630.json"
"766391","494884","2025-12-02","2.00","AUD","1760327630","305542/2025-12-02/1760327630.json"
"766392","494885","2025-12-02","2.00","AUD","1760327630","305542/2025-12-02/1760327630.json"
"766393","494886","2025-12-02","39.00","AUD","1760327630","305542/2025-12-02/1760327630.json"
"766393","494886","2025-11-30","39.00","AUD","1760327630","305542/2025-11-30/1760327630.json"
"766392","494885","2025-11-30","47.00","AUD","1760327630","305542/2025-11-30/1760327630.json"
"766391","494884","2025-11-30","48.00","AUD","1760327630","305542/2025-11-30/1760327630.json"
"766392","494885","2025-10-20","45.00","AUD","1760331861","305542/2025-10-20/1760331861.json"
"766389","494882","2025-10-20","45.00","AUD","1760331861","305542/2025-10-20/1760331861.json"
"766391","494884","2025-10-20","48.00","AUD","1760331861","305542/2025-10-20/1760331861.json"
"766389","494882","2025-10-23","45.00","AUD","1760331861","305542/2025-10-23/1760331861.json"
"766392","494885","2025-10-23","47.00","AUD","1760331861","305542/2025-10-23/1760331861.json"
"766391","494884","2025-10-23","48.00","AUD","1760331861","305542/2025-10-23/1760331861.json"
"766389","494882","2025-10-22","45.00","AUD","1760331861","305542/2025-10-22/1760331861.json"
"766392","494885","2025-10-22","47.00","AUD","1760331861","305542/2025-10-22/1760331861.json"
"766391","494884","2025-10-22","48.00","AUD","1760331861","305542/2025-10-22/1760331861.json"
"766389","494882","2025-10-24","45.00","AUD","1760331861","305542/2025-10-24/1760331861.json"
"766392","494885","2025-10-24","47.00","AUD","1760331861","305542/2025-10-24/1760331861.json"
"766391","494884","2025-10-24","48.00","AUD","1760331861","305542/2025-10-24/1760331861.json"
"766389","494882","2025-10-21","45.00","AUD","1760331861","305542/2025-10-21/1760331861.json"
"766392","494885","2025-10-21","47.00","AUD","1760331861","305542/2025-10-21/1760331861.json"
"766391","494884","2025-10-21","48.00","AUD","1760331861","305542/2025-10-21/1760331861.json"
"766389","494882","2025-10-25","45.00","AUD","1760331861","305542/2025-10-25/1760331861.json"
"766392","494885","2025-10-25","47.00","AUD","1760331861","305542/2025-10-25/1760331861.json"
"766391","494884","2025-10-25","48.00","AUD","1760331861","305542/2025-10-25/1760331861.json"
"766389","494882","2025-10-26","45.00","AUD","1760331861","305542/2025-10-26/1760331861.json"
"766392","494885","2025-10-26","47.00","AUD","1760331861","305542/2025-10-26/1760331861.json"
"766391","494884","2025-10-26","48.00","AUD","1760331861","305542/2025-10-26/1760331861.json"
"766389","494882","2025-10-28","45.00","AUD","1760331861","305542/2025-10-28/1760331861.json"
"766389","494882","2025-10-27","45.00","AUD","1760331861","305542/2025-10-27/1760331861.json"
"766392","494885","2025-10-28","47.00","AUD","1760331861","305542/2025-10-28/1760331861.json"
"766392","494885","2025-10-27","47.00","AUD","1760331861","305542/2025-10-27/1760331861.json"
"766389","494882","2025-10-30","45.00","AUD","1760331861","305542/2025-10-30/1760331861.json"
"766392","494885","2025-10-30","47.00","AUD","1760331861","305542/2025-10-30/1760331861.json"
"766389","494882","2025-10-31","45.00","AUD","1760331861","305542/2025-10-31/1760331861.json"
"766392","494885","2025-10-31","47.00","AUD","1760331861","305542/2025-10-31/1760331861.json"
"766389","494882","2025-11-01","45.00","AUD","1760331861","305542/2025-11-01/1760331861.json"
"766392","494885","2025-11-01","47.00","AUD","1760331861","305542/2025-11-01/1760331861.json"
"766389","494882","2025-10-29","45.00","AUD","1760331861","305542/2025-10-29/1760331861.json"
"766392","494885","2025-10-29","47.00","AUD","1760331861","305542/2025-10-29/1760331861.json"
"766389","494882","2025-11-02","45.00","AUD","1760331861","305542/2025-11-02/1760331861.json"
"766392","494885","2025-11-02","47.00","AUD","1760331861","305542/2025-11-02/1760331861.json"
"766389","494882","2025-11-03","45.00","AUD","1760331861","305542/2025-11-03/1760331861.json"
"766392","494885","2025-11-03","47.00","AUD","1760331861","305542/2025-11-03/1760331861.json"
"766393","494886","2025-11-29","39.00","AUD","1760331861","305542/2025-11-29/1760331861.json"
"766392","494885","2025-11-29","47.00","AUD","1760331861","305542/2025-11-29/1760331861.json"
"766391","494884","2025-11-29","48.00","AUD","1760331861","305542/2025-11-29/1760331861.json"
"766393","494886","2025-11-27","39.00","AUD","1760331861","305542/2025-11-27/1760331861.json"
"766392","494885","2025-11-27","47.00","AUD","1760331861","305542/2025-11-27/1760331861.json"
"766391","494884","2025-11-27","48.00","AUD","1760331861","305542/2025-11-27/1760331861.json"
"766393","494886","2025-11-28","39.00","AUD","1760331861","305542/2025-11-28/1760331861.json"
"766393","494886","2025-11-30","39.00","AUD","1760331861","305542/2025-11-30/1760331861.json"
"766392","494885","2025-11-30","47.00","AUD","1760331861","305542/2025-11-30/1760331861.json"
"766391","494884","2025-11-30","48.00","AUD","1760331861","305542/2025-11-30/1760331861.json"
"766391","494884","2025-12-01","2.00","AUD","1760331861","305542/2025-12-01/1760331861.json"
"766392","494885","2025-12-01","2.00","AUD","1760331861","305542/2025-12-01/1760331861.json"
"766393","494886","2025-12-01","39.00","AUD","1760331861","305542/2025-12-01/1760331861.json"
"766391","494884","2025-12-02","2.00","AUD","1760331861","305542/2025-12-02/1760331861.json"
"766392","494885","2025-12-02","2.00","AUD","1760331861","305542/2025-12-02/1760331861.json"
"766393","494886","2025-12-02","39.00","AUD","1760331861","305542/2025-12-02/1760331861.json"
"766392","494885","2025-10-20","45.00","AUD","1760346986","305542/2025-10-20/1760346986.json"
"766389","494882","2025-10-20","45.00","AUD","1760346986","305542/2025-10-20/1760346986.json"
"766391","494884","2025-10-20","48.00","AUD","1760346986","305542/2025-10-20/1760346986.json"
"766389","494882","2025-10-21","45.00","AUD","1760346986","305542/2025-10-21/1760346986.json"
"766392","494885","2025-10-21","47.00","AUD","1760346986","305542/2025-10-21/1760346986.json"
"766391","494884","2025-10-21","48.00","AUD","1760346986","305542/2025-10-21/1760346986.json"
"766389","494882","2025-10-23","45.00","AUD","1760346986","305542/2025-10-23/1760346986.json"
"766392","494885","2025-10-23","47.00","AUD","1760346986","305542/2025-10-23/1760346986.json"
"766391","494884","2025-10-23","48.00","AUD","1760346986","305542/2025-10-23/1760346986.json"
"766389","494882","2025-10-22","45.00","AUD","1760346986","305542/2025-10-22/1760346986.json"
"766392","494885","2025-10-22","47.00","AUD","1760346986","305542/2025-10-22/1760346986.json"
"766391","494884","2025-10-22","48.00","AUD","1760346986","305542/2025-10-22/1760346986.json"
"766389","494882","2025-10-24","45.00","AUD","1760346986","305542/2025-10-24/1760346986.json"
"766392","494885","2025-10-24","47.00","AUD","1760346986","305542/2025-10-24/1760346986.json"
"766391","494884","2025-10-24","48.00","AUD","1760346986","305542/2025-10-24/1760346986.json"
"766389","494882","2025-10-27","45.00","AUD","1760346986","305542/2025-10-27/1760346986.json"
"766392","494885","2025-10-27","47.00","AUD","1760346986","305542/2025-10-27/1760346986.json"
"766389","494882","2025-10-25","45.00","AUD","1760346986","305542/2025-10-25/1760346986.json"
"766389","494882","2025-10-26","45.00","AUD","1760346986","305542/2025-10-26/1760346986.json"
"766392","494885","2025-10-26","47.00","AUD","1760346986","305542/2025-10-26/1760346986.json"
"766392","494885","2025-10-25","47.00","AUD","1760346986","305542/2025-10-25/1760346986.json"
"766391","494884","2025-10-26","48.00","AUD","1760346986","305542/2025-10-26/1760346986.json"
"766391","494884","2025-10-25","48.00","AUD","1760346986","305542/2025-10-25/1760346986.json"
"766389","494882","2025-10-28","45.00","AUD","1760346986","305542/2025-10-28/1760346986.json"
"766392","494885","2025-10-28","47.00","AUD","1760346986","305542/2025-10-28/1760346986.json"
"766389","494882","2025-10-29","45.00","AUD","1760346986","305542/2025-10-29/1760346986.json"
"766392","494885","2025-10-29","47.00","AUD","1760346986","305542/2025-10-29/1760346986.json"
"766389","494882","2025-10-31","45.00","AUD","1760346986","305542/2025-10-31/1760346986.json"
"766392","494885","2025-10-31","47.00","AUD","1760346986","305542/2025-10-31/1760346986.json"
"766389","494882","2025-10-30","45.00","AUD","1760346986","305542/2025-10-30/1760346986.json"
"766392","494885","2025-10-30","47.00","AUD","1760346986","305542/2025-10-30/1760346986.json"
"766389","494882","2025-11-01","45.00","AUD","1760346986","305542/2025-11-01/1760346986.json"
"766392","494885","2025-11-01","47.00","AUD","1760346986","305542/2025-11-01/1760346986.json"
"766389","494882","2025-11-02","45.00","AUD","1760346986","305542/2025-11-02/1760346986.json"
"766392","494885","2025-11-02","47.00","AUD","1760346986","305542/2025-11-02/1760346986.json"
"766389","494882","2025-11-03","45.00","AUD","1760346986","305542/2025-11-03/1760346986.json"
"766392","494885","2025-11-03","47.00","AUD","1760346986","305542/2025-11-03/1760346986.json"
"766393","494886","2025-11-27","39.00","AUD","1760346986","305542/2025-11-27/1760346986.json"
"766392","494885","2025-11-27","47.00","AUD","1760346986","305542/2025-11-27/1760346986.json"
"766391","494884","2025-11-27","48.00","AUD","1760346986","305542/2025-11-27/1760346986.json"
"766393","494886","2025-11-28","39.00","AUD","1760346986","305542/2025-11-28/1760346986.json"
"766393","494886","2025-11-29","39.00","AUD","1760346986","305542/2025-11-29/1760346986.json"
"766392","494885","2025-11-29","47.00","AUD","1760346986","305542/2025-11-29/1760346986.json"
"766391","494884","2025-11-29","48.00","AUD","1760346986","305542/2025-11-29/1760346986.json"
"766393","494886","2025-11-30","39.00","AUD","1760346986","305542/2025-11-30/1760346986.json"
"766392","494885","2025-11-30","47.00","AUD","1760346986","305542/2025-11-30/1760346986.json"
"766391","494884","2025-11-30","48.00","AUD","1760346986","305542/2025-11-30/1760346986.json"
"766391","494884","2025-12-01","2.00","AUD","1760346986","305542/2025-12-01/1760346986.json"
"766392","494885","2025-12-01","2.00","AUD","1760346986","305542/2025-12-01/1760346986.json"
"766393","494886","2025-12-01","39.00","AUD","1760346986","305542/2025-12-01/1760346986.json"
"766391","494884","2025-12-02","2.00","AUD","1760346986","305542/2025-12-02/1760346986.json"
"766392","494885","2025-12-02","2.00","AUD","1760346986","305542/2025-12-02/1760346986.json"
"766393","494886","2025-12-02","39.00","AUD","1760346986","305542/2025-12-02/1760346986.json"
"766392","494885","2025-10-20","45.00","AUD","1760364296","305542/2025-10-20/1760364296.json"
"766389","494882","2025-10-20","45.00","AUD","1760364296","305542/2025-10-20/1760364296.json"
"766391","494884","2025-10-20","48.00","AUD","1760364296","305542/2025-10-20/1760364296.json"
"766389","494882","2025-10-21","45.00","AUD","1760364296","305542/2025-10-21/1760364296.json"
"766392","494885","2025-10-21","47.00","AUD","1760364296","305542/2025-10-21/1760364296.json"
"766391","494884","2025-10-21","48.00","AUD","1760364296","305542/2025-10-21/1760364296.json"
"766389","494882","2025-10-23","45.00","AUD","1760364296","305542/2025-10-23/1760364296.json"
"766392","494885","2025-10-23","47.00","AUD","1760364296","305542/2025-10-23/1760364296.json"
"766391","494884","2025-10-23","48.00","AUD","1760364296","305542/2025-10-23/1760364296.json"
"766389","494882","2025-10-22","45.00","AUD","1760364296","305542/2025-10-22/1760364296.json"
"766392","494885","2025-10-22","47.00","AUD","1760364296","305542/2025-10-22/1760364296.json"
"766391","494884","2025-10-22","48.00","AUD","1760364296","305542/2025-10-22/1760364296.json"
"766389","494882","2025-10-24","45.00","AUD","1760364296","305542/2025-10-24/1760364296.json"
"766392","494885","2025-10-24","47.00","AUD","1760364296","305542/2025-10-24/1760364296.json"
"766391","494884","2025-10-24","48.00","AUD","1760364296","305542/2025-10-24/1760364296.json"
"766389","494882","2025-10-25","45.00","AUD","1760364296","305542/2025-10-25/1760364296.json"
"766392","494885","2025-10-25","47.00","AUD","1760364296","305542/2025-10-25/1760364296.json"
"766391","494884","2025-10-25","48.00","AUD","1760364296","305542/2025-10-25/1760364296.json"
"766389","494882","2025-10-26","45.00","AUD","1760364296","305542/2025-10-26/1760364296.json"
"766392","494885","2025-10-26","47.00","AUD","1760364296","305542/2025-10-26/1760364296.json"
"766391","494884","2025-10-26","48.00","AUD","1760364296","305542/2025-10-26/1760364296.json"
"766389","494882","2025-10-27","45.00","AUD","1760364296","305542/2025-10-27/1760364296.json"
"766392","494885","2025-10-27","47.00","AUD","1760364296","305542/2025-10-27/1760364296.json"
"766389","494882","2025-10-28","45.00","AUD","1760364296","305542/2025-10-28/1760364296.json"
"766392","494885","2025-10-28","47.00","AUD","1760364296","305542/2025-10-28/1760364296.json"
"766389","494882","2025-10-30","45.00","AUD","1760364296","305542/2025-10-30/1760364296.json"
"766392","494885","2025-10-30","47.00","AUD","1760364296","305542/2025-10-30/1760364296.json"
"766389","494882","2025-10-29","45.00","AUD","1760364296","305542/2025-10-29/1760364296.json"
"766392","494885","2025-10-29","47.00","AUD","1760364296","305542/2025-10-29/1760364296.json"
"766389","494882","2025-10-31","45.00","AUD","1760364296","305542/2025-10-31/1760364296.json"
"766392","494885","2025-10-31","47.00","AUD","1760364296","305542/2025-10-31/1760364296.json"
"766389","494882","2025-11-01","45.00","AUD","1760364296","305542/2025-11-01/1760364296.json"
"766392","494885","2025-11-01","47.00","AUD","1760364296","305542/2025-11-01/1760364296.json"
"766389","494882","2025-11-02","45.00","AUD","1760364296","305542/2025-11-02/1760364296.json"
"766392","494885","2025-11-02","47.00","AUD","1760364296","305542/2025-11-02/1760364296.json"
"766389","494882","2025-11-03","45.00","AUD","1760364296","305542/2025-11-03/1760364296.json"
"766392","494885","2025-11-03","47.00","AUD","1760364296","305542/2025-11-03/1760364296.json"
"766393","494886","2025-11-28","39.00","AUD","1760364296","305542/2025-11-28/1760364296.json"
"766393","494886","2025-11-29","39.00","AUD","1760364296","305542/2025-11-29/1760364296.json"
"766392","494885","2025-11-29","47.00","AUD","1760364296","305542/2025-11-29/1760364296.json"
"766391","494884","2025-11-29","48.00","AUD","1760364296","305542/2025-11-29/1760364296.json"
"766393","494886","2025-11-27","39.00","AUD","1760364296","305542/2025-11-27/1760364296.json"
"766392","494885","2025-11-27","47.00","AUD","1760364296","305542/2025-11-27/1760364296.json"
"766391","494884","2025-11-27","48.00","AUD","1760364296","305542/2025-11-27/1760364296.json"
"766393","494886","2025-11-30","39.00","AUD","1760364296","305542/2025-11-30/1760364296.json"
"766392","494885","2025-11-30","47.00","AUD","1760364296","305542/2025-11-30/1760364296.json"
"766391","494884","2025-11-30","48.00","AUD","1760364296","305542/2025-11-30/1760364296.json"
"766391","494884","2025-12-01","2.00","AUD","1760364296","305542/2025-12-01/1760364296.json"
"766392","494885","2025-12-01","2.00","AUD","1760364296","305542/2025-12-01/1760364296.json"
"766393","494886","2025-12-01","39.00","AUD","1760364296","305542/2025-12-01/1760364296.json"
"766391","494884","2025-12-02","2.00","AUD","1760364296","305542/2025-12-02/1760364296.json"
"766392","494885","2025-12-02","2.00","AUD","1760364296","305542/2025-12-02/1760364296.json"
"766393","494886","2025-12-02","39.00","AUD","1760364296","305542/2025-12-02/1760364296.json"
"766392","494885","2025-10-20","45.00","AUD","1760375564","305542/2025-10-20/1760375564.json"
"766389","494882","2025-10-20","45.00","AUD","1760375564","305542/2025-10-20/1760375564.json"
"766391","494884","2025-10-20","48.00","AUD","1760375564","305542/2025-10-20/1760375564.json"
"766389","494882","2025-10-21","45.00","AUD","1760375564","305542/2025-10-21/1760375564.json"
"766392","494885","2025-10-21","47.00","AUD","1760375564","305542/2025-10-21/1760375564.json"
"766391","494884","2025-10-21","48.00","AUD","1760375564","305542/2025-10-21/1760375564.json"
"766389","494882","2025-10-22","45.00","AUD","1760375564","305542/2025-10-22/1760375564.json"
"766392","494885","2025-10-22","47.00","AUD","1760375564","305542/2025-10-22/1760375564.json"
"766391","494884","2025-10-22","48.00","AUD","1760375564","305542/2025-10-22/1760375564.json"
"766389","494882","2025-10-25","45.00","AUD","1760375564","305542/2025-10-25/1760375564.json"
"766392","494885","2025-10-25","47.00","AUD","1760375564","305542/2025-10-25/1760375564.json"
"766391","494884","2025-10-25","48.00","AUD","1760375564","305542/2025-10-25/1760375564.json"
"766389","494882","2025-10-24","45.00","AUD","1760375564","305542/2025-10-24/1760375564.json"
"766392","494885","2025-10-24","47.00","AUD","1760375564","305542/2025-10-24/1760375564.json"
"766391","494884","2025-10-24","48.00","AUD","1760375564","305542/2025-10-24/1760375564.json"
"766389","494882","2025-10-23","45.00","AUD","1760375564","305542/2025-10-23/1760375564.json"
"766392","494885","2025-10-23","47.00","AUD","1760375564","305542/2025-10-23/1760375564.json"
"766391","494884","2025-10-23","48.00","AUD","1760375564","305542/2025-10-23/1760375564.json"
"766389","494882","2025-10-26","45.00","AUD","1760375564","305542/2025-10-26/1760375564.json"
"766392","494885","2025-10-26","47.00","AUD","1760375564","305542/2025-10-26/1760375564.json"
"766391","494884","2025-10-26","48.00","AUD","1760375564","305542/2025-10-26/1760375564.json"
"766389","494882","2025-10-27","45.00","AUD","1760375564","305542/2025-10-27/1760375564.json"
"766392","494885","2025-10-27","47.00","AUD","1760375564","305542/2025-10-27/1760375564.json"
"766389","494882","2025-10-28","45.00","AUD","1760375564","305542/2025-10-28/1760375564.json"
"766392","494885","2025-10-28","47.00","AUD","1760375564","305542/2025-10-28/1760375564.json"
"766389","494882","2025-10-29","45.00","AUD","1760375564","305542/2025-10-29/1760375564.json"
"766392","494885","2025-10-29","47.00","AUD","1760375564","305542/2025-10-29/1760375564.json"
"766389","494882","2025-10-30","45.00","AUD","1760375564","305542/2025-10-30/1760375564.json"
"766392","494885","2025-10-30","47.00","AUD","1760375564","305542/2025-10-30/1760375564.json"
"766389","494882","2025-10-31","45.00","AUD","1760375564","305542/2025-10-31/1760375564.json"
"766392","494885","2025-10-31","47.00","AUD","1760375564","305542/2025-10-31/1760375564.json"
"766389","494882","2025-11-01","45.00","AUD","1760375564","305542/2025-11-01/1760375564.json"
"766392","494885","2025-11-01","47.00","AUD","1760375564","305542/2025-11-01/1760375564.json"
"766389","494882","2025-11-02","45.00","AUD","1760375564","305542/2025-11-02/1760375564.json"
"766392","494885","2025-11-02","47.00","AUD","1760375564","305542/2025-11-02/1760375564.json"
"766389","494882","2025-11-03","45.00","AUD","1760375564","305542/2025-11-03/1760375564.json"
"766392","494885","2025-11-03","47.00","AUD","1760375564","305542/2025-11-03/1760375564.json"
"766393","494886","2025-11-27","39.00","AUD","1760375564","305542/2025-11-27/1760375564.json"
"766392","494885","2025-11-27","47.00","AUD","1760375564","305542/2025-11-27/1760375564.json"
"766391","494884","2025-11-27","48.00","AUD","1760375564","305542/2025-11-27/1760375564.json"
"766393","494886","2025-11-28","39.00","AUD","1760375564","305542/2025-11-28/1760375564.json"
"766393","494886","2025-11-30","39.00","AUD","1760375564","305542/2025-11-30/1760375564.json"
"766392","494885","2025-11-30","47.00","AUD","1760375564","305542/2025-11-30/1760375564.json"
"766391","494884","2025-11-30","48.00","AUD","1760375564","305542/2025-11-30/1760375564.json"
"766393","494886","2025-11-29","39.00","AUD","1760375564","305542/2025-11-29/1760375564.json"
"766392","494885","2025-11-29","47.00","AUD","1760375564","305542/2025-11-29/1760375564.json"
"766391","494884","2025-11-29","48.00","AUD","1760375564","305542/2025-11-29/1760375564.json"
"766391","494884","2025-12-01","2.00","AUD","1760375564","305542/2025-12-01/1760375564.json"
"766392","494885","2025-12-01","2.00","AUD","1760375564","305542/2025-12-01/1760375564.json"
"766393","494886","2025-12-01","39.00","AUD","1760375564","305542/2025-12-01/1760375564.json"
"766391","494884","2025-12-02","2.00","AUD","1760375564","305542/2025-12-02/1760375564.json"
"766392","494885","2025-12-02","2.00","AUD","1760375564","305542/2025-12-02/1760375564.json"
"766393","494886","2025-12-02","39.00","AUD","1760375564","305542/2025-12-02/1760375564.json"
"766392","494885","2025-10-20","45.00","AUD","1760389302","305542/2025-10-20/1760389302.json"
"766389","494882","2025-10-20","45.00","AUD","1760389302","305542/2025-10-20/1760389302.json"
"766391","494884","2025-10-20","48.00","AUD","1760389302","305542/2025-10-20/1760389302.json"
"766389","494882","2025-10-21","45.00","AUD","1760389302","305542/2025-10-21/1760389302.json"
"766392","494885","2025-10-21","47.00","AUD","1760389302","305542/2025-10-21/1760389302.json"
"766391","494884","2025-10-21","48.00","AUD","1760389302","305542/2025-10-21/1760389302.json"
"766389","494882","2025-10-23","45.00","AUD","1760389302","305542/2025-10-23/1760389302.json"
"766392","494885","2025-10-23","47.00","AUD","1760389302","305542/2025-10-23/1760389302.json"
"766391","494884","2025-10-23","48.00","AUD","1760389302","305542/2025-10-23/1760389302.json"
"766389","494882","2025-10-22","45.00","AUD","1760389302","305542/2025-10-22/1760389302.json"
"766392","494885","2025-10-22","47.00","AUD","1760389302","305542/2025-10-22/1760389302.json"
"766391","494884","2025-10-22","48.00","AUD","1760389302","305542/2025-10-22/1760389302.json"
"766389","494882","2025-10-24","45.00","AUD","1760389302","305542/2025-10-24/1760389302.json"
"766392","494885","2025-10-24","47.00","AUD","1760389302","305542/2025-10-24/1760389302.json"
"766391","494884","2025-10-24","48.00","AUD","1760389302","305542/2025-10-24/1760389302.json"
"766389","494882","2025-10-25","45.00","AUD","1760389302","305542/2025-10-25/1760389302.json"
"766392","494885","2025-10-25","47.00","AUD","1760389302","305542/2025-10-25/1760389302.json"
"766391","494884","2025-10-25","48.00","AUD","1760389302","305542/2025-10-25/1760389302.json"
"766389","494882","2025-10-27","45.00","AUD","1760389302","305542/2025-10-27/1760389302.json"
"766392","494885","2025-10-27","47.00","AUD","1760389302","305542/2025-10-27/1760389302.json"
"766389","494882","2025-10-28","45.00","AUD","1760389302","305542/2025-10-28/1760389302.json"
"766392","494885","2025-10-28","47.00","AUD","1760389302","305542/2025-10-28/1760389302.json"
"766389","494882","2025-10-26","45.00","AUD","1760389302","305542/2025-10-26/1760389302.json"
"766392","494885","2025-10-26","47.00","AUD","1760389302","305542/2025-10-26/1760389302.json"
"766391","494884","2025-10-26","48.00","AUD","1760389302","305542/2025-10-26/1760389302.json"
"766389","494882","2025-10-31","45.00","AUD","1760389302","305542/2025-10-31/1760389302.json"
"766392","494885","2025-10-31","47.00","AUD","1760389302","305542/2025-10-31/1760389302.json"
"766389","494882","2025-11-01","45.00","AUD","1760389302","305542/2025-11-01/1760389302.json"
"766392","494885","2025-11-01","47.00","AUD","1760389302","305542/2025-11-01/1760389302.json"
"766389","494882","2025-11-02","45.00","AUD","1760389302","305542/2025-11-02/1760389302.json"
"766392","494885","2025-11-02","47.00","AUD","1760389302","305542/2025-11-02/1760389302.json"
"766389","494882","2025-11-03","45.00","AUD","1760389302","305542/2025-11-03/1760389302.json"
"766392","494885","2025-11-03","47.00","AUD","1760389302","305542/2025-11-03/1760389302.json"
"766389","494882","2025-10-29","45.00","AUD","1760389302","305542/2025-10-29/1760389302.json"
"766392","494885","2025-10-29","47.00","AUD","1760389302","305542/2025-10-29/1760389302.json"
"766389","494882","2025-10-30","45.00","AUD","1760389302","305542/2025-10-30/1760389302.json"
"766392","494885","2025-10-30","47.00","AUD","1760389302","305542/2025-10-30/1760389302.json"
"766393","494886","2025-11-27","39.00","AUD","1760389302","305542/2025-11-27/1760389302.json"
"766392","494885","2025-11-27","47.00","AUD","1760389302","305542/2025-11-27/1760389302.json"
"766391","494884","2025-11-27","48.00","AUD","1760389302","305542/2025-11-27/1760389302.json"
"766393","494886","2025-11-28","39.00","AUD","1760389302","305542/2025-11-28/1760389302.json"
"766393","494886","2025-11-29","39.00","AUD","1760389302","305542/2025-11-29/1760389302.json"
"766392","494885","2025-11-29","47.00","AUD","1760389302","305542/2025-11-29/1760389302.json"
"766391","494884","2025-11-29","48.00","AUD","1760389302","305542/2025-11-29/1760389302.json"
"766391","494884","2025-12-01","2.00","AUD","1760389302","305542/2025-12-01/1760389302.json"
"766392","494885","2025-12-01","2.00","AUD","1760389302","305542/2025-12-01/1760389302.json"
"766393","494886","2025-12-01","39.00","AUD","1760389302","305542/2025-12-01/1760389302.json"
"766393","494886","2025-11-30","39.00","AUD","1760389302","305542/2025-11-30/1760389302.json"
"766392","494885","2025-11-30","47.00","AUD","1760389302","305542/2025-11-30/1760389302.json"
"766391","494884","2025-11-30","48.00","AUD","1760389302","305542/2025-11-30/1760389302.json"
"766391","494884","2025-12-02","2.00","AUD","1760389302","305542/2025-12-02/1760389302.json"
"766392","494885","2025-12-02","2.00","AUD","1760389302","305542/2025-12-02/1760389302.json"
"766393","494886","2025-12-02","39.00","AUD","1760389302","305542/2025-12-02/1760389302.json"
"766389","494882","2025-10-21","45.00","AUD","1760412736","305542/2025-10-21/1760412736.json"
"766392","494885","2025-10-21","47.00","AUD","1760412736","305542/2025-10-21/1760412736.json"
"766391","494884","2025-10-21","48.00","AUD","1760412736","305542/2025-10-21/1760412736.json"
"766389","494882","2025-10-23","45.00","AUD","1760412736","305542/2025-10-23/1760412736.json"
"766392","494885","2025-10-23","47.00","AUD","1760412736","305542/2025-10-23/1760412736.json"
"766391","494884","2025-10-23","48.00","AUD","1760412736","305542/2025-10-23/1760412736.json"
"766389","494882","2025-10-22","45.00","AUD","1760412736","305542/2025-10-22/1760412736.json"
"766392","494885","2025-10-22","47.00","AUD","1760412736","305542/2025-10-22/1760412736.json"
"766391","494884","2025-10-22","48.00","AUD","1760412736","305542/2025-10-22/1760412736.json"
"766389","494882","2025-10-25","45.00","AUD","1760412736","305542/2025-10-25/1760412736.json"
"766392","494885","2025-10-25","47.00","AUD","1760412736","305542/2025-10-25/1760412736.json"
"766391","494884","2025-10-25","48.00","AUD","1760412736","305542/2025-10-25/1760412736.json"
"766389","494882","2025-10-26","45.00","AUD","1760412736","305542/2025-10-26/1760412736.json"
"766392","494885","2025-10-26","47.00","AUD","1760412736","305542/2025-10-26/1760412736.json"
"766391","494884","2025-10-26","48.00","AUD","1760412736","305542/2025-10-26/1760412736.json"
"766389","494882","2025-10-27","45.00","AUD","1760412736","305542/2025-10-27/1760412736.json"
"766392","494885","2025-10-27","47.00","AUD","1760412736","305542/2025-10-27/1760412736.json"
"766389","494882","2025-10-24","45.00","AUD","1760412736","305542/2025-10-24/1760412736.json"
"766392","494885","2025-10-24","47.00","AUD","1760412736","305542/2025-10-24/1760412736.json"
"766391","494884","2025-10-24","48.00","AUD","1760412736","305542/2025-10-24/1760412736.json"
"766389","494882","2025-10-28","45.00","AUD","1760412736","305542/2025-10-28/1760412736.json"
"766392","494885","2025-10-28","47.00","AUD","1760412736","305542/2025-10-28/1760412736.json"
"766389","494882","2025-10-30","45.00","AUD","1760412736","305542/2025-10-30/1760412736.json"
"766392","494885","2025-10-30","47.00","AUD","1760412736","305542/2025-10-30/1760412736.json"
"766389","494882","2025-10-29","45.00","AUD","1760412736","305542/2025-10-29/1760412736.json"
"766392","494885","2025-10-29","47.00","AUD","1760412736","305542/2025-10-29/1760412736.json"
"766389","494882","2025-10-31","45.00","AUD","1760412736","305542/2025-10-31/1760412736.json"
"766392","494885","2025-10-31","47.00","AUD","1760412736","305542/2025-10-31/1760412736.json"
"766389","494882","2025-11-01","45.00","AUD","1760412736","305542/2025-11-01/1760412736.json"
"766392","494885","2025-11-01","47.00","AUD","1760412736","305542/2025-11-01/1760412736.json"
"766389","494882","2025-11-02","45.00","AUD","1760412736","305542/2025-11-02/1760412736.json"
"766392","494885","2025-11-02","47.00","AUD","1760412736","305542/2025-11-02/1760412736.json"
"766389","494882","2025-11-03","45.00","AUD","1760412736","305542/2025-11-03/1760412736.json"
"766392","494885","2025-11-03","47.00","AUD","1760412736","305542/2025-11-03/1760412736.json"
"766393","494886","2025-11-27","39.00","AUD","1760412736","305542/2025-11-27/1760412736.json"
"766392","494885","2025-11-27","47.00","AUD","1760412736","305542/2025-11-27/1760412736.json"
"766391","494884","2025-11-27","48.00","AUD","1760412736","305542/2025-11-27/1760412736.json"
"766393","494886","2025-11-28","39.00","AUD","1760412736","305542/2025-11-28/1760412736.json"
"766393","494886","2025-11-29","39.00","AUD","1760412736","305542/2025-11-29/1760412736.json"
"766392","494885","2025-11-29","47.00","AUD","1760412736","305542/2025-11-29/1760412736.json"
"766391","494884","2025-11-29","48.00","AUD","1760412736","305542/2025-11-29/1760412736.json"
"766393","494886","2025-11-30","39.00","AUD","1760412736","305542/2025-11-30/1760412736.json"
"766392","494885","2025-11-30","47.00","AUD","1760412736","305542/2025-11-30/1760412736.json"
"766391","494884","2025-11-30","48.00","AUD","1760412736","305542/2025-11-30/1760412736.json"
"766391","494884","2025-12-01","2.00","AUD","1760412736","305542/2025-12-01/1760412736.json"
"766392","494885","2025-12-01","2.00","AUD","1760412736","305542/2025-12-01/1760412736.json"
"766393","494886","2025-12-01","39.00","AUD","1760412736","305542/2025-12-01/1760412736.json"
"766391","494884","2025-12-02","2.00","AUD","1760412736","305542/2025-12-02/1760412736.json"
"766392","494885","2025-12-02","2.00","AUD","1760412736","305542/2025-12-02/1760412736.json"
"766393","494886","2025-12-02","39.00","AUD","1760412736","305542/2025-12-02/1760412736.json"
"766389","494882","2025-10-21","45.00","AUD","1760418242","305542/2025-10-21/1760418242.json"
"766392","494885","2025-10-21","47.00","AUD","1760418242","305542/2025-10-21/1760418242.json"
"766391","494884","2025-10-21","48.00","AUD","1760418242","305542/2025-10-21/1760418242.json"
"766389","494882","2025-10-22","45.00","AUD","1760418242","305542/2025-10-22/1760418242.json"
"766392","494885","2025-10-22","47.00","AUD","1760418242","305542/2025-10-22/1760418242.json"
"766391","494884","2025-10-22","48.00","AUD","1760418242","305542/2025-10-22/1760418242.json"
"766389","494882","2025-10-23","45.00","AUD","1760418242","305542/2025-10-23/1760418242.json"
"766392","494885","2025-10-23","47.00","AUD","1760418242","305542/2025-10-23/1760418242.json"
"766391","494884","2025-10-23","48.00","AUD","1760418242","305542/2025-10-23/1760418242.json"
"766389","494882","2025-10-24","45.00","AUD","1760418242","305542/2025-10-24/1760418242.json"
"766392","494885","2025-10-24","47.00","AUD","1760418242","305542/2025-10-24/1760418242.json"
"766391","494884","2025-10-24","48.00","AUD","1760418242","305542/2025-10-24/1760418242.json"
"766389","494882","2025-10-25","45.00","AUD","1760418242","305542/2025-10-25/1760418242.json"
"766392","494885","2025-10-25","47.00","AUD","1760418242","305542/2025-10-25/1760418242.json"
"766391","494884","2025-10-25","48.00","AUD","1760418242","305542/2025-10-25/1760418242.json"
"766389","494882","2025-10-27","45.00","AUD","1760418242","305542/2025-10-27/1760418242.json"
"766392","494885","2025-10-27","47.00","AUD","1760418242","305542/2025-10-27/1760418242.json"
"766389","494882","2025-10-28","45.00","AUD","1760418242","305542/2025-10-28/1760418242.json"
"766392","494885","2025-10-28","47.00","AUD","1760418242","305542/2025-10-28/1760418242.json"
"766389","494882","2025-10-29","45.00","AUD","1760418242","305542/2025-10-29/1760418242.json"
"766392","494885","2025-10-29","47.00","AUD","1760418242","305542/2025-10-29/1760418242.json"
"766389","494882","2025-10-26","45.00","AUD","1760418242","305542/2025-10-26/1760418242.json"
"766392","494885","2025-10-26","47.00","AUD","1760418242","305542/2025-10-26/1760418242.json"
"766391","494884","2025-10-26","48.00","AUD","1760418242","305542/2025-10-26/1760418242.json"
"766389","494882","2025-10-31","45.00","AUD","1760418242","305542/2025-10-31/1760418242.json"
"766392","494885","2025-10-31","47.00","AUD","1760418242","305542/2025-10-31/1760418242.json"
"766389","494882","2025-10-30","45.00","AUD","1760418242","305542/2025-10-30/1760418242.json"
"766392","494885","2025-10-30","47.00","AUD","1760418242","305542/2025-10-30/1760418242.json"
"766389","494882","2025-11-02","45.00","AUD","1760418242","305542/2025-11-02/1760418242.json"
"766392","494885","2025-11-02","47.00","AUD","1760418242","305542/2025-11-02/1760418242.json"
"766389","494882","2025-11-01","45.00","AUD","1760418242","305542/2025-11-01/1760418242.json"
"766392","494885","2025-11-01","47.00","AUD","1760418242","305542/2025-11-01/1760418242.json"
"766389","494882","2025-11-03","45.00","AUD","1760418242","305542/2025-11-03/1760418242.json"
"766392","494885","2025-11-03","47.00","AUD","1760418242","305542/2025-11-03/1760418242.json"
"766393","494886","2025-11-27","39.00","AUD","1760418242","305542/2025-11-27/1760418242.json"
"766392","494885","2025-11-27","47.00","AUD","1760418242","305542/2025-11-27/1760418242.json"
"766391","494884","2025-11-27","48.00","AUD","1760418242","305542/2025-11-27/1760418242.json"
"766393","494886","2025-11-28","39.00","AUD","1760418242","305542/2025-11-28/1760418242.json"
"766393","494886","2025-11-29","39.00","AUD","1760418242","305542/2025-11-29/1760418242.json"
"766392","494885","2025-11-29","47.00","AUD","1760418242","305542/2025-11-29/1760418242.json"
"766391","494884","2025-11-29","48.00","AUD","1760418242","305542/2025-11-29/1760418242.json"
"766393","494886","2025-11-30","39.00","AUD","1760418242","305542/2025-11-30/1760418242.json"
"766392","494885","2025-11-30","47.00","AUD","1760418242","305542/2025-11-30/1760418242.json"
"766391","494884","2025-11-30","48.00","AUD","1760418242","305542/2025-11-30/1760418242.json"
"766391","494884","2025-12-01","2.00","AUD","1760418242","305542/2025-12-01/1760418242.json"
"766392","494885","2025-12-01","2.00","AUD","1760418242","305542/2025-12-01/1760418242.json"
"766393","494886","2025-12-01","39.00","AUD","1760418242","305542/2025-12-01/1760418242.json"
"766391","494884","2025-12-02","2.00","AUD","1760418242","305542/2025-12-02/1760418242.json"
"766392","494885","2025-12-02","2.00","AUD","1760418242","305542/2025-12-02/1760418242.json"
"766393","494886","2025-12-02","39.00","AUD","1760418242","305542/2025-12-02/1760418242.json"
"766389","494882","2025-10-21","45.00","AUD","1760432920","305542/2025-10-21/1760432920.json"
"766392","494885","2025-10-21","47.00","AUD","1760432920","305542/2025-10-21/1760432920.json"
"766391","494884","2025-10-21","48.00","AUD","1760432920","305542/2025-10-21/1760432920.json"
"766389","494882","2025-10-23","45.00","AUD","1760432920","305542/2025-10-23/1760432920.json"
"766389","494882","2025-10-22","45.00","AUD","1760432920","305542/2025-10-22/1760432920.json"
"766392","494885","2025-10-23","47.00","AUD","1760432920","305542/2025-10-23/1760432920.json"
"766392","494885","2025-10-22","47.00","AUD","1760432920","305542/2025-10-22/1760432920.json"
"766391","494884","2025-10-22","48.00","AUD","1760432920","305542/2025-10-22/1760432920.json"
"766391","494884","2025-10-23","48.00","AUD","1760432920","305542/2025-10-23/1760432920.json"
"766389","494882","2025-10-24","45.00","AUD","1760432920","305542/2025-10-24/1760432920.json"
"766392","494885","2025-10-24","47.00","AUD","1760432920","305542/2025-10-24/1760432920.json"
"766391","494884","2025-10-24","48.00","AUD","1760432920","305542/2025-10-24/1760432920.json"
"766389","494882","2025-10-26","45.00","AUD","1760432920","305542/2025-10-26/1760432920.json"
"766389","494882","2025-10-25","45.00","AUD","1760432920","305542/2025-10-25/1760432920.json"
"766392","494885","2025-10-26","47.00","AUD","1760432920","305542/2025-10-26/1760432920.json"
"766392","494885","2025-10-25","47.00","AUD","1760432920","305542/2025-10-25/1760432920.json"
"766391","494884","2025-10-25","48.00","AUD","1760432920","305542/2025-10-25/1760432920.json"
"766391","494884","2025-10-26","48.00","AUD","1760432920","305542/2025-10-26/1760432920.json"
"766389","494882","2025-10-27","45.00","AUD","1760432920","305542/2025-10-27/1760432920.json"
"766392","494885","2025-10-27","47.00","AUD","1760432920","305542/2025-10-27/1760432920.json"
"766389","494882","2025-10-28","45.00","AUD","1760432920","305542/2025-10-28/1760432920.json"
"766392","494885","2025-10-28","47.00","AUD","1760432920","305542/2025-10-28/1760432920.json"
"766389","494882","2025-10-30","45.00","AUD","1760432920","305542/2025-10-30/1760432920.json"
"766392","494885","2025-10-30","47.00","AUD","1760432920","305542/2025-10-30/1760432920.json"
"766389","494882","2025-10-29","45.00","AUD","1760432920","305542/2025-10-29/1760432920.json"
"766392","494885","2025-10-29","47.00","AUD","1760432920","305542/2025-10-29/1760432920.json"
"766389","494882","2025-11-02","45.00","AUD","1760432920","305542/2025-11-02/1760432920.json"
"766392","494885","2025-11-02","47.00","AUD","1760432920","305542/2025-11-02/1760432920.json"
"766389","494882","2025-10-31","45.00","AUD","1760432920","305542/2025-10-31/1760432920.json"
"766392","494885","2025-10-31","47.00","AUD","1760432920","305542/2025-10-31/1760432920.json"
"766389","494882","2025-11-01","45.00","AUD","1760432920","305542/2025-11-01/1760432920.json"
"766392","494885","2025-11-01","47.00","AUD","1760432920","305542/2025-11-01/1760432920.json"
"766389","494882","2025-11-03","45.00","AUD","1760432920","305542/2025-11-03/1760432920.json"
"766392","494885","2025-11-03","47.00","AUD","1760432920","305542/2025-11-03/1760432920.json"
"766393","494886","2025-11-27","39.00","AUD","1760432920","305542/2025-11-27/1760432920.json"
"766392","494885","2025-11-27","47.00","AUD","1760432920","305542/2025-11-27/1760432920.json"
"766391","494884","2025-11-27","48.00","AUD","1760432920","305542/2025-11-27/1760432920.json"
"766393","494886","2025-11-28","39.00","AUD","1760432920","305542/2025-11-28/1760432920.json"
"766393","494886","2025-11-30","39.00","AUD","1760432920","305542/2025-11-30/1760432920.json"
"766392","494885","2025-11-30","47.00","AUD","1760432920","305542/2025-11-30/1760432920.json"
"766391","494884","2025-11-30","48.00","AUD","1760432920","305542/2025-11-30/1760432920.json"
"766393","494886","2025-11-29","39.00","AUD","1760432920","305542/2025-11-29/1760432920.json"
"766391","494884","2025-12-02","2.00","AUD","1760432920","305542/2025-12-02/1760432920.json"
"766392","494885","2025-11-29","47.00","AUD","1760432920","305542/2025-11-29/1760432920.json"
"766392","494885","2025-12-02","2.00","AUD","1760432920","305542/2025-12-02/1760432920.json"
"766391","494884","2025-11-29","48.00","AUD","1760432920","305542/2025-11-29/1760432920.json"
"766393","494886","2025-12-02","39.00","AUD","1760432920","305542/2025-12-02/1760432920.json"
"766391","494884","2025-12-01","2.00","AUD","1760432920","305542/2025-12-01/1760432920.json"
"766392","494885","2025-12-01","2.00","AUD","1760432920","305542/2025-12-01/1760432920.json"
"766393","494886","2025-12-01","39.00","AUD","1760432920","305542/2025-12-01/1760432920.json"
"766389","494882","2025-10-21","45.00","AUD","1760450617","305542/2025-10-21/1760450617.json"
"766392","494885","2025-10-21","47.00","AUD","1760450617","305542/2025-10-21/1760450617.json"
"766391","494884","2025-10-21","48.00","AUD","1760450617","305542/2025-10-21/1760450617.json"
"766389","494882","2025-10-22","45.00","AUD","1760450617","305542/2025-10-22/1760450617.json"
"766392","494885","2025-10-22","47.00","AUD","1760450617","305542/2025-10-22/1760450617.json"
"766391","494884","2025-10-22","48.00","AUD","1760450617","305542/2025-10-22/1760450617.json"
"766389","494882","2025-10-24","45.00","AUD","1760450617","305542/2025-10-24/1760450617.json"
"766392","494885","2025-10-24","47.00","AUD","1760450617","305542/2025-10-24/1760450617.json"
"766391","494884","2025-10-24","48.00","AUD","1760450617","305542/2025-10-24/1760450617.json"
"766389","494882","2025-10-26","45.00","AUD","1760450617","305542/2025-10-26/1760450617.json"
"766392","494885","2025-10-26","47.00","AUD","1760450617","305542/2025-10-26/1760450617.json"
"766391","494884","2025-10-26","48.00","AUD","1760450617","305542/2025-10-26/1760450617.json"
"766389","494882","2025-10-25","45.00","AUD","1760450617","305542/2025-10-25/1760450617.json"
"766392","494885","2025-10-25","47.00","AUD","1760450617","305542/2025-10-25/1760450617.json"
"766391","494884","2025-10-25","48.00","AUD","1760450617","305542/2025-10-25/1760450617.json"
"766389","494882","2025-10-23","45.00","AUD","1760450617","305542/2025-10-23/1760450617.json"
"766392","494885","2025-10-23","47.00","AUD","1760450617","305542/2025-10-23/1760450617.json"
"766391","494884","2025-10-23","48.00","AUD","1760450617","305542/2025-10-23/1760450617.json"
"766389","494882","2025-10-27","45.00","AUD","1760450617","305542/2025-10-27/1760450617.json"
"766392","494885","2025-10-27","47.00","AUD","1760450617","305542/2025-10-27/1760450617.json"
"766389","494882","2025-10-29","45.00","AUD","1760450617","305542/2025-10-29/1760450617.json"
"766392","494885","2025-10-29","47.00","AUD","1760450617","305542/2025-10-29/1760450617.json"
"766389","494882","2025-10-28","45.00","AUD","1760450617","305542/2025-10-28/1760450617.json"
"766392","494885","2025-10-28","47.00","AUD","1760450617","305542/2025-10-28/1760450617.json"
"766389","494882","2025-10-30","45.00","AUD","1760450617","305542/2025-10-30/1760450617.json"
"766392","494885","2025-10-30","47.00","AUD","1760450617","305542/2025-10-30/1760450617.json"
"766389","494882","2025-11-01","45.00","AUD","1760450617","305542/2025-11-01/1760450617.json"
"766389","494882","2025-10-31","45.00","AUD","1760450617","305542/2025-10-31/1760450617.json"
"766392","494885","2025-11-01","47.00","AUD","1760450617","305542/2025-11-01/1760450617.json"
"766392","494885","2025-10-31","47.00","AUD","1760450617","305542/2025-10-31/1760450617.json"
"766389","494882","2025-11-02","45.00","AUD","1760450617","305542/2025-11-02/1760450617.json"
"766392","494885","2025-11-02","47.00","AUD","1760450617","305542/2025-11-02/1760450617.json"
"766389","494882","2025-11-03","45.00","AUD","1760450617","305542/2025-11-03/1760450617.json"
"766392","494885","2025-11-03","47.00","AUD","1760450617","305542/2025-11-03/1760450617.json"
"766393","494886","2025-11-28","39.00","AUD","1760450617","305542/2025-11-28/1760450617.json"
"766393","494886","2025-11-29","39.00","AUD","1760450617","305542/2025-11-29/1760450617.json"
"766392","494885","2025-11-29","47.00","AUD","1760450617","305542/2025-11-29/1760450617.json"
"766391","494884","2025-11-29","48.00","AUD","1760450617","305542/2025-11-29/1760450617.json"
"766393","494886","2025-11-30","39.00","AUD","1760450617","305542/2025-11-30/1760450617.json"
"766392","494885","2025-11-30","47.00","AUD","1760450617","305542/2025-11-30/1760450617.json"
"766391","494884","2025-11-30","48.00","AUD","1760450617","305542/2025-11-30/1760450617.json"
"766393","494886","2025-11-27","39.00","AUD","1760450617","305542/2025-11-27/1760450617.json"
"766392","494885","2025-11-27","47.00","AUD","1760450617","305542/2025-11-27/1760450617.json"
"766391","494884","2025-11-27","48.00","AUD","1760450617","305542/2025-11-27/1760450617.json"
"766391","494884","2025-12-02","2.00","AUD","1760450617","305542/2025-12-02/1760450617.json"
"766392","494885","2025-12-02","2.00","AUD","1760450617","305542/2025-12-02/1760450617.json"
"766393","494886","2025-12-02","39.00","AUD","1760450617","305542/2025-12-02/1760450617.json"
"766391","494884","2025-12-01","2.00","AUD","1760450617","305542/2025-12-01/1760450617.json"
"766392","494885","2025-12-01","2.00","AUD","1760450617","305542/2025-12-01/1760450617.json"
"766393","494886","2025-12-01","39.00","AUD","1760450617","305542/2025-12-01/1760450617.json"
"766389","494882","2025-10-21","45.00","AUD","1760461999","305542/2025-10-21/1760461999.json"
"766392","494885","2025-10-21","47.00","AUD","1760461999","305542/2025-10-21/1760461999.json"
"766391","494884","2025-10-21","48.00","AUD","1760461999","305542/2025-10-21/1760461999.json"
"766389","494882","2025-10-22","45.00","AUD","1760461999","305542/2025-10-22/1760461999.json"
"766392","494885","2025-10-22","47.00","AUD","1760461999","305542/2025-10-22/1760461999.json"
"766391","494884","2025-10-22","48.00","AUD","1760461999","305542/2025-10-22/1760461999.json"
"766389","494882","2025-10-23","45.00","AUD","1760461999","305542/2025-10-23/1760461999.json"
"766392","494885","2025-10-23","47.00","AUD","1760461999","305542/2025-10-23/1760461999.json"
"766391","494884","2025-10-23","48.00","AUD","1760461999","305542/2025-10-23/1760461999.json"
"766389","494882","2025-10-24","45.00","AUD","1760461999","305542/2025-10-24/1760461999.json"
"766392","494885","2025-10-24","47.00","AUD","1760461999","305542/2025-10-24/1760461999.json"
"766391","494884","2025-10-24","48.00","AUD","1760461999","305542/2025-10-24/1760461999.json"
"766389","494882","2025-10-25","45.00","AUD","1760461999","305542/2025-10-25/1760461999.json"
"766392","494885","2025-10-25","47.00","AUD","1760461999","305542/2025-10-25/1760461999.json"
"766391","494884","2025-10-25","48.00","AUD","1760461999","305542/2025-10-25/1760461999.json"
"766389","494882","2025-10-26","45.00","AUD","1760461999","305542/2025-10-26/1760461999.json"
"766392","494885","2025-10-26","47.00","AUD","1760461999","305542/2025-10-26/1760461999.json"
"766391","494884","2025-10-26","48.00","AUD","1760461999","305542/2025-10-26/1760461999.json"
"766389","494882","2025-10-28","45.00","AUD","1760461999","305542/2025-10-28/1760461999.json"
"766392","494885","2025-10-28","47.00","AUD","1760461999","305542/2025-10-28/1760461999.json"
"766389","494882","2025-10-27","45.00","AUD","1760461999","305542/2025-10-27/1760461999.json"
"766392","494885","2025-10-27","47.00","AUD","1760461999","305542/2025-10-27/1760461999.json"
"766389","494882","2025-10-29","45.00","AUD","1760461999","305542/2025-10-29/1760461999.json"
"766392","494885","2025-10-29","47.00","AUD","1760461999","305542/2025-10-29/1760461999.json"
"766389","494882","2025-10-30","45.00","AUD","1760461999","305542/2025-10-30/1760461999.json"
"766392","494885","2025-10-30","47.00","AUD","1760461999","305542/2025-10-30/1760461999.json"
"766389","494882","2025-10-31","45.00","AUD","1760461999","305542/2025-10-31/1760461999.json"
"766392","494885","2025-10-31","47.00","AUD","1760461999","305542/2025-10-31/1760461999.json"
"766389","494882","2025-11-01","45.00","AUD","1760461999","305542/2025-11-01/1760461999.json"
"766392","494885","2025-11-01","47.00","AUD","1760461999","305542/2025-11-01/1760461999.json"
"766389","494882","2025-11-02","45.00","AUD","1760461999","305542/2025-11-02/1760461999.json"
"766392","494885","2025-11-02","47.00","AUD","1760461999","305542/2025-11-02/1760461999.json"
"766389","494882","2025-11-03","45.00","AUD","1760461999","305542/2025-11-03/1760461999.json"
"766392","494885","2025-11-03","47.00","AUD","1760461999","305542/2025-11-03/1760461999.json"
"766393","494886","2025-11-27","39.00","AUD","1760461999","305542/2025-11-27/1760461999.json"
"766392","494885","2025-11-27","47.00","AUD","1760461999","305542/2025-11-27/1760461999.json"
"766391","494884","2025-11-27","48.00","AUD","1760461999","305542/2025-11-27/1760461999.json"
"766393","494886","2025-11-28","39.00","AUD","1760461999","305542/2025-11-28/1760461999.json"
"766393","494886","2025-11-29","39.00","AUD","1760461999","305542/2025-11-29/1760461999.json"
"766392","494885","2025-11-29","47.00","AUD","1760461999","305542/2025-11-29/1760461999.json"
"766391","494884","2025-11-29","48.00","AUD","1760461999","305542/2025-11-29/1760461999.json"
"766393","494886","2025-11-30","39.00","AUD","1760461999","305542/2025-11-30/1760461999.json"
"766392","494885","2025-11-30","47.00","AUD","1760461999","305542/2025-11-30/1760461999.json"
"766391","494884","2025-11-30","48.00","AUD","1760461999","305542/2025-11-30/1760461999.json"
"766391","494884","2025-12-01","2.00","AUD","1760461999","305542/2025-12-01/1760461999.json"
"766392","494885","2025-12-01","2.00","AUD","1760461999","305542/2025-12-01/1760461999.json"
"766393","494886","2025-12-01","39.00","AUD","1760461999","305542/2025-12-01/1760461999.json"
"766391","494884","2025-12-02","2.00","AUD","1760461999","305542/2025-12-02/1760461999.json"
"766392","494885","2025-12-02","2.00","AUD","1760461999","305542/2025-12-02/1760461999.json"
"766393","494886","2025-12-02","39.00","AUD","1760461999","305542/2025-12-02/1760461999.json"
"766389","494882","2025-10-21","45.00","AUD","1760475711","305542/2025-10-21/1760475711.json"
"766392","494885","2025-10-21","47.00","AUD","1760475711","305542/2025-10-21/1760475711.json"
"766391","494884","2025-10-21","48.00","AUD","1760475711","305542/2025-10-21/1760475711.json"
"766389","494882","2025-10-22","45.00","AUD","1760475711","305542/2025-10-22/1760475711.json"
"766392","494885","2025-10-22","47.00","AUD","1760475711","305542/2025-10-22/1760475711.json"
"766391","494884","2025-10-22","48.00","AUD","1760475711","305542/2025-10-22/1760475711.json"
"766389","494882","2025-10-24","45.00","AUD","1760475711","305542/2025-10-24/1760475711.json"
"766392","494885","2025-10-24","47.00","AUD","1760475711","305542/2025-10-24/1760475711.json"
"766391","494884","2025-10-24","48.00","AUD","1760475711","305542/2025-10-24/1760475711.json"
"766389","494882","2025-10-23","45.00","AUD","1760475711","305542/2025-10-23/1760475711.json"
"766392","494885","2025-10-23","47.00","AUD","1760475711","305542/2025-10-23/1760475711.json"
"766391","494884","2025-10-23","48.00","AUD","1760475711","305542/2025-10-23/1760475711.json"
"766389","494882","2025-10-25","45.00","AUD","1760475711","305542/2025-10-25/1760475711.json"
"766392","494885","2025-10-25","47.00","AUD","1760475711","305542/2025-10-25/1760475711.json"
"766391","494884","2025-10-25","48.00","AUD","1760475711","305542/2025-10-25/1760475711.json"
"766389","494882","2025-10-26","45.00","AUD","1760475711","305542/2025-10-26/1760475711.json"
"766392","494885","2025-10-26","47.00","AUD","1760475711","305542/2025-10-26/1760475711.json"
"766391","494884","2025-10-26","48.00","AUD","1760475711","305542/2025-10-26/1760475711.json"
"766389","494882","2025-10-28","45.00","AUD","1760475711","305542/2025-10-28/1760475711.json"
"766392","494885","2025-10-28","47.00","AUD","1760475711","305542/2025-10-28/1760475711.json"
"766389","494882","2025-10-27","45.00","AUD","1760475711","305542/2025-10-27/1760475711.json"
"766389","494882","2025-10-29","45.00","AUD","1760475711","305542/2025-10-29/1760475711.json"
"766392","494885","2025-10-27","47.00","AUD","1760475711","305542/2025-10-27/1760475711.json"
"766392","494885","2025-10-29","47.00","AUD","1760475711","305542/2025-10-29/1760475711.json"
"766389","494882","2025-10-30","45.00","AUD","1760475711","305542/2025-10-30/1760475711.json"
"766392","494885","2025-10-30","47.00","AUD","1760475711","305542/2025-10-30/1760475711.json"
"766389","494882","2025-10-31","45.00","AUD","1760475711","305542/2025-10-31/1760475711.json"
"766392","494885","2025-10-31","47.00","AUD","1760475711","305542/2025-10-31/1760475711.json"
"766389","494882","2025-11-01","45.00","AUD","1760475711","305542/2025-11-01/1760475711.json"
"766392","494885","2025-11-01","47.00","AUD","1760475711","305542/2025-11-01/1760475711.json"
"766389","494882","2025-11-02","45.00","AUD","1760475711","305542/2025-11-02/1760475711.json"
"766392","494885","2025-11-02","47.00","AUD","1760475711","305542/2025-11-02/1760475711.json"
"766389","494882","2025-11-03","45.00","AUD","1760475711","305542/2025-11-03/1760475711.json"
"766392","494885","2025-11-03","47.00","AUD","1760475711","305542/2025-11-03/1760475711.json"
"766393","494886","2025-11-29","39.00","AUD","1760475711","305542/2025-11-29/1760475711.json"
"766392","494885","2025-11-29","47.00","AUD","1760475711","305542/2025-11-29/1760475711.json"
"766391","494884","2025-11-29","48.00","AUD","1760475711","305542/2025-11-29/1760475711.json"
"766393","494886","2025-11-28","39.00","AUD","1760475711","305542/2025-11-28/1760475711.json"
"766393","494886","2025-11-27","39.00","AUD","1760475711","305542/2025-11-27/1760475711.json"
"766392","494885","2025-11-27","47.00","AUD","1760475711","305542/2025-11-27/1760475711.json"
"766391","494884","2025-11-27","48.00","AUD","1760475711","305542/2025-11-27/1760475711.json"
"766393","494886","2025-11-30","39.00","AUD","1760475711","305542/2025-11-30/1760475711.json"
"766392","494885","2025-11-30","47.00","AUD","1760475711","305542/2025-11-30/1760475711.json"
"766391","494884","2025-11-30","48.00","AUD","1760475711","305542/2025-11-30/1760475711.json"
"766391","494884","2025-12-01","2.00","AUD","1760475711","305542/2025-12-01/1760475711.json"
"766392","494885","2025-12-01","2.00","AUD","1760475711","305542/2025-12-01/1760475711.json"
"766393","494886","2025-12-01","39.00","AUD","1760475711","305542/2025-12-01/1760475711.json"
"766391","494884","2025-12-02","2.00","AUD","1760475711","305542/2025-12-02/1760475711.json"
"766392","494885","2025-12-02","2.00","AUD","1760475711","305542/2025-12-02/1760475711.json"
"766393","494886","2025-12-02","39.00","AUD","1760475711","305542/2025-12-02/1760475711.json"
"766389","494882","2025-10-22","45.00","AUD","1760499475","305542/2025-10-22/1760499475.json"
"766392","494885","2025-10-22","47.00","AUD","1760499475","305542/2025-10-22/1760499475.json"
"766391","494884","2025-10-22","48.00","AUD","1760499475","305542/2025-10-22/1760499475.json"
"766389","494882","2025-10-25","45.00","AUD","1760499475","305542/2025-10-25/1760499475.json"
"766392","494885","2025-10-25","47.00","AUD","1760499475","305542/2025-10-25/1760499475.json"
"766391","494884","2025-10-25","48.00","AUD","1760499475","305542/2025-10-25/1760499475.json"
"766389","494882","2025-10-26","45.00","AUD","1760499475","305542/2025-10-26/1760499475.json"
"766392","494885","2025-10-26","47.00","AUD","1760499475","305542/2025-10-26/1760499475.json"
"766391","494884","2025-10-26","48.00","AUD","1760499475","305542/2025-10-26/1760499475.json"
"766389","494882","2025-10-24","45.00","AUD","1760499475","305542/2025-10-24/1760499475.json"
"766392","494885","2025-10-24","47.00","AUD","1760499475","305542/2025-10-24/1760499475.json"
"766391","494884","2025-10-24","48.00","AUD","1760499475","305542/2025-10-24/1760499475.json"
"766389","494882","2025-10-23","45.00","AUD","1760499475","305542/2025-10-23/1760499475.json"
"766392","494885","2025-10-23","47.00","AUD","1760499475","305542/2025-10-23/1760499475.json"
"766391","494884","2025-10-23","48.00","AUD","1760499475","305542/2025-10-23/1760499475.json"
"766389","494882","2025-10-27","45.00","AUD","1760499475","305542/2025-10-27/1760499475.json"
"766389","494882","2025-10-28","45.00","AUD","1760499475","305542/2025-10-28/1760499475.json"
"766392","494885","2025-10-28","47.00","AUD","1760499475","305542/2025-10-28/1760499475.json"
"766392","494885","2025-10-27","47.00","AUD","1760499475","305542/2025-10-27/1760499475.json"
"766389","494882","2025-10-29","45.00","AUD","1760499475","305542/2025-10-29/1760499475.json"
"766392","494885","2025-10-29","47.00","AUD","1760499475","305542/2025-10-29/1760499475.json"
"766389","494882","2025-10-30","45.00","AUD","1760499475","305542/2025-10-30/1760499475.json"
"766392","494885","2025-10-30","47.00","AUD","1760499475","305542/2025-10-30/1760499475.json"
"766389","494882","2025-10-31","45.00","AUD","1760499475","305542/2025-10-31/1760499475.json"
"766392","494885","2025-10-31","47.00","AUD","1760499475","305542/2025-10-31/1760499475.json"
"766389","494882","2025-11-02","45.00","AUD","1760499475","305542/2025-11-02/1760499475.json"
"766392","494885","2025-11-02","47.00","AUD","1760499475","305542/2025-11-02/1760499475.json"
"766389","494882","2025-11-03","45.00","AUD","1760499475","305542/2025-11-03/1760499475.json"
"766392","494885","2025-11-03","47.00","AUD","1760499475","305542/2025-11-03/1760499475.json"
"766389","494882","2025-11-01","45.00","AUD","1760499475","305542/2025-11-01/1760499475.json"
"766392","494885","2025-11-01","47.00","AUD","1760499475","305542/2025-11-01/1760499475.json"
"766393","494886","2025-11-27","39.00","AUD","1760499475","305542/2025-11-27/1760499475.json"
"766392","494885","2025-11-27","47.00","AUD","1760499475","305542/2025-11-27/1760499475.json"
"766391","494884","2025-11-27","48.00","AUD","1760499475","305542/2025-11-27/1760499475.json"
"766393","494886","2025-11-28","39.00","AUD","1760499475","305542/2025-11-28/1760499475.json"
"766393","494886","2025-11-30","39.00","AUD","1760499475","305542/2025-11-30/1760499475.json"
"766392","494885","2025-11-30","47.00","AUD","1760499475","305542/2025-11-30/1760499475.json"
"766391","494884","2025-11-30","48.00","AUD","1760499475","305542/2025-11-30/1760499475.json"
"766393","494886","2025-11-29","39.00","AUD","1760499475","305542/2025-11-29/1760499475.json"
"766392","494885","2025-11-29","47.00","AUD","1760499475","305542/2025-11-29/1760499475.json"
"766391","494884","2025-11-29","48.00","AUD","1760499475","305542/2025-11-29/1760499475.json"
"766391","494884","2025-12-01","2.00","AUD","1760499475","305542/2025-12-01/1760499475.json"
"766392","494885","2025-12-01","2.00","AUD","1760499475","305542/2025-12-01/1760499475.json"
"766393","494886","2025-12-01","39.00","AUD","1760499475","305542/2025-12-01/1760499475.json"
"766391","494884","2025-12-02","2.00","AUD","1760499475","305542/2025-12-02/1760499475.json"
"766392","494885","2025-12-02","2.00","AUD","1760499475","305542/2025-12-02/1760499475.json"
"766393","494886","2025-12-02","39.00","AUD","1760499475","305542/2025-12-02/1760499475.json"
"766389","494882","2025-10-22","45.00","AUD","1760504766","305542/2025-10-22/1760504766.json"
"766392","494885","2025-10-22","47.00","AUD","1760504766","305542/2025-10-22/1760504766.json"
"766391","494884","2025-10-22","48.00","AUD","1760504766","305542/2025-10-22/1760504766.json"
"766389","494882","2025-10-23","45.00","AUD","1760504766","305542/2025-10-23/1760504766.json"
"766392","494885","2025-10-23","47.00","AUD","1760504766","305542/2025-10-23/1760504766.json"
"766391","494884","2025-10-23","48.00","AUD","1760504766","305542/2025-10-23/1760504766.json"
"766389","494882","2025-10-25","45.00","AUD","1760504766","305542/2025-10-25/1760504766.json"
"766392","494885","2025-10-25","47.00","AUD","1760504766","305542/2025-10-25/1760504766.json"
"766391","494884","2025-10-25","48.00","AUD","1760504766","305542/2025-10-25/1760504766.json"
"766389","494882","2025-10-26","45.00","AUD","1760504766","305542/2025-10-26/1760504766.json"
"766392","494885","2025-10-26","47.00","AUD","1760504766","305542/2025-10-26/1760504766.json"
"766391","494884","2025-10-26","48.00","AUD","1760504766","305542/2025-10-26/1760504766.json"
"766389","494882","2025-10-24","45.00","AUD","1760504766","305542/2025-10-24/1760504766.json"
"766392","494885","2025-10-24","47.00","AUD","1760504766","305542/2025-10-24/1760504766.json"
"766391","494884","2025-10-24","48.00","AUD","1760504766","305542/2025-10-24/1760504766.json"
"766389","494882","2025-10-27","45.00","AUD","1760504766","305542/2025-10-27/1760504766.json"
"766392","494885","2025-10-27","47.00","AUD","1760504766","305542/2025-10-27/1760504766.json"
"766389","494882","2025-10-28","45.00","AUD","1760504766","305542/2025-10-28/1760504766.json"
"766392","494885","2025-10-28","47.00","AUD","1760504766","305542/2025-10-28/1760504766.json"
"766389","494882","2025-10-30","45.00","AUD","1760504766","305542/2025-10-30/1760504766.json"
"766392","494885","2025-10-30","47.00","AUD","1760504766","305542/2025-10-30/1760504766.json"
"766389","494882","2025-10-29","45.00","AUD","1760504766","305542/2025-10-29/1760504766.json"
"766392","494885","2025-10-29","47.00","AUD","1760504766","305542/2025-10-29/1760504766.json"
"766389","494882","2025-10-31","45.00","AUD","1760504766","305542/2025-10-31/1760504766.json"
"766392","494885","2025-10-31","47.00","AUD","1760504766","305542/2025-10-31/1760504766.json"
"766389","494882","2025-11-01","45.00","AUD","1760504766","305542/2025-11-01/1760504766.json"
"766392","494885","2025-11-01","47.00","AUD","1760504766","305542/2025-11-01/1760504766.json"
"766389","494882","2025-11-02","45.00","AUD","1760504766","305542/2025-11-02/1760504766.json"
"766392","494885","2025-11-02","47.00","AUD","1760504766","305542/2025-11-02/1760504766.json"
"766389","494882","2025-11-03","45.00","AUD","1760504766","305542/2025-11-03/1760504766.json"
"766392","494885","2025-11-03","47.00","AUD","1760504766","305542/2025-11-03/1760504766.json"
"766393","494886","2025-11-27","39.00","AUD","1760504766","305542/2025-11-27/1760504766.json"
"766392","494885","2025-11-27","47.00","AUD","1760504766","305542/2025-11-27/1760504766.json"
"766391","494884","2025-11-27","48.00","AUD","1760504766","305542/2025-11-27/1760504766.json"
"766393","494886","2025-11-28","39.00","AUD","1760504766","305542/2025-11-28/1760504766.json"
"766393","494886","2025-11-29","39.00","AUD","1760504766","305542/2025-11-29/1760504766.json"
"766392","494885","2025-11-29","47.00","AUD","1760504766","305542/2025-11-29/1760504766.json"
"766391","494884","2025-11-29","48.00","AUD","1760504766","305542/2025-11-29/1760504766.json"
"766393","494886","2025-11-30","39.00","AUD","1760504766","305542/2025-11-30/1760504766.json"
"766392","494885","2025-11-30","47.00","AUD","1760504766","305542/2025-11-30/1760504766.json"
"766391","494884","2025-11-30","48.00","AUD","1760504766","305542/2025-11-30/1760504766.json"
"766391","494884","2025-12-01","2.00","AUD","1760504766","305542/2025-12-01/1760504766.json"
"766392","494885","2025-12-01","2.00","AUD","1760504766","305542/2025-12-01/1760504766.json"
"766393","494886","2025-12-01","39.00","AUD","1760504766","305542/2025-12-01/1760504766.json"
"766391","494884","2025-12-02","2.00","AUD","1760504766","305542/2025-12-02/1760504766.json"
"766392","494885","2025-12-02","2.00","AUD","1760504766","305542/2025-12-02/1760504766.json"
"766393","494886","2025-12-02","39.00","AUD","1760504766","305542/2025-12-02/1760504766.json"
"766389","494882","2025-10-22","45.00","AUD","1760519866","305542/2025-10-22/1760519866.json"
"766392","494885","2025-10-22","47.00","AUD","1760519866","305542/2025-10-22/1760519866.json"
"766391","494884","2025-10-22","48.00","AUD","1760519866","305542/2025-10-22/1760519866.json"
"766389","494882","2025-10-23","45.00","AUD","1760519866","305542/2025-10-23/1760519866.json"
"766392","494885","2025-10-23","47.00","AUD","1760519866","305542/2025-10-23/1760519866.json"
"766391","494884","2025-10-23","48.00","AUD","1760519866","305542/2025-10-23/1760519866.json"
"766389","494882","2025-10-24","45.00","AUD","1760519866","305542/2025-10-24/1760519866.json"
"766392","494885","2025-10-24","47.00","AUD","1760519866","305542/2025-10-24/1760519866.json"
"766391","494884","2025-10-24","48.00","AUD","1760519866","305542/2025-10-24/1760519866.json"
"766389","494882","2025-10-25","45.00","AUD","1760519866","305542/2025-10-25/1760519866.json"
"766392","494885","2025-10-25","47.00","AUD","1760519866","305542/2025-10-25/1760519866.json"
"766391","494884","2025-10-25","48.00","AUD","1760519866","305542/2025-10-25/1760519866.json"
"766389","494882","2025-10-26","45.00","AUD","1760519866","305542/2025-10-26/1760519866.json"
"766392","494885","2025-10-26","47.00","AUD","1760519866","305542/2025-10-26/1760519866.json"
"766391","494884","2025-10-26","48.00","AUD","1760519866","305542/2025-10-26/1760519866.json"
"766389","494882","2025-10-28","45.00","AUD","1760519866","305542/2025-10-28/1760519866.json"
"766392","494885","2025-10-28","47.00","AUD","1760519866","305542/2025-10-28/1760519866.json"
"766389","494882","2025-10-27","45.00","AUD","1760519866","305542/2025-10-27/1760519866.json"
"766392","494885","2025-10-27","47.00","AUD","1760519866","305542/2025-10-27/1760519866.json"
"766389","494882","2025-10-29","45.00","AUD","1760519866","305542/2025-10-29/1760519866.json"
"766392","494885","2025-10-29","47.00","AUD","1760519866","305542/2025-10-29/1760519866.json"
"766389","494882","2025-10-30","45.00","AUD","1760519866","305542/2025-10-30/1760519866.json"
"766392","494885","2025-10-30","47.00","AUD","1760519866","305542/2025-10-30/1760519866.json"
"766389","494882","2025-10-31","45.00","AUD","1760519866","305542/2025-10-31/1760519866.json"
"766392","494885","2025-10-31","47.00","AUD","1760519866","305542/2025-10-31/1760519866.json"
"766389","494882","2025-11-01","45.00","AUD","1760519866","305542/2025-11-01/1760519866.json"
"766392","494885","2025-11-01","47.00","AUD","1760519866","305542/2025-11-01/1760519866.json"
"766389","494882","2025-11-02","45.00","AUD","1760519866","305542/2025-11-02/1760519866.json"
"766392","494885","2025-11-02","47.00","AUD","1760519866","305542/2025-11-02/1760519866.json"
"766389","494882","2025-11-03","45.00","AUD","1760519866","305542/2025-11-03/1760519866.json"
"766392","494885","2025-11-03","47.00","AUD","1760519866","305542/2025-11-03/1760519866.json"
"766393","494886","2025-11-27","39.00","AUD","1760519866","305542/2025-11-27/1760519866.json"
"766392","494885","2025-11-27","47.00","AUD","1760519866","305542/2025-11-27/1760519866.json"
"766391","494884","2025-11-27","48.00","AUD","1760519866","305542/2025-11-27/1760519866.json"
"766393","494886","2025-11-28","39.00","AUD","1760519866","305542/2025-11-28/1760519866.json"
"766393","494886","2025-11-29","39.00","AUD","1760519866","305542/2025-11-29/1760519866.json"
"766392","494885","2025-11-29","47.00","AUD","1760519866","305542/2025-11-29/1760519866.json"
"766391","494884","2025-11-29","48.00","AUD","1760519866","305542/2025-11-29/1760519866.json"
"766391","494884","2025-12-01","2.00","AUD","1760519866","305542/2025-12-01/1760519866.json"
"766392","494885","2025-12-01","2.00","AUD","1760519866","305542/2025-12-01/1760519866.json"
"766393","494886","2025-12-01","39.00","AUD","1760519866","305542/2025-12-01/1760519866.json"
"766393","494886","2025-11-30","39.00","AUD","1760519866","305542/2025-11-30/1760519866.json"
"766392","494885","2025-11-30","47.00","AUD","1760519866","305542/2025-11-30/1760519866.json"
"766391","494884","2025-11-30","48.00","AUD","1760519866","305542/2025-11-30/1760519866.json"
"766391","494884","2025-12-02","2.00","AUD","1760519866","305542/2025-12-02/1760519866.json"
"766392","494885","2025-12-02","2.00","AUD","1760519866","305542/2025-12-02/1760519866.json"
"766393","494886","2025-12-02","39.00","AUD","1760519866","305542/2025-12-02/1760519866.json"
"766389","494882","2025-10-22","45.00","AUD","1760537405","305542/2025-10-22/1760537405.json"
"766392","494885","2025-10-22","47.00","AUD","1760537405","305542/2025-10-22/1760537405.json"
"766391","494884","2025-10-22","48.00","AUD","1760537405","305542/2025-10-22/1760537405.json"
"766389","494882","2025-10-23","45.00","AUD","1760537405","305542/2025-10-23/1760537405.json"
"766392","494885","2025-10-23","47.00","AUD","1760537405","305542/2025-10-23/1760537405.json"
"766391","494884","2025-10-23","48.00","AUD","1760537405","305542/2025-10-23/1760537405.json"
"766389","494882","2025-10-24","45.00","AUD","1760537405","305542/2025-10-24/1760537405.json"
"766392","494885","2025-10-24","47.00","AUD","1760537405","305542/2025-10-24/1760537405.json"
"766391","494884","2025-10-24","48.00","AUD","1760537405","305542/2025-10-24/1760537405.json"
"766389","494882","2025-10-25","45.00","AUD","1760537405","305542/2025-10-25/1760537405.json"
"766392","494885","2025-10-25","47.00","AUD","1760537405","305542/2025-10-25/1760537405.json"
"766391","494884","2025-10-25","48.00","AUD","1760537405","305542/2025-10-25/1760537405.json"
"766389","494882","2025-10-26","45.00","AUD","1760537405","305542/2025-10-26/1760537405.json"
"766392","494885","2025-10-26","47.00","AUD","1760537405","305542/2025-10-26/1760537405.json"
"766391","494884","2025-10-26","48.00","AUD","1760537405","305542/2025-10-26/1760537405.json"
"766389","494882","2025-10-27","45.00","AUD","1760537405","305542/2025-10-27/1760537405.json"
"766392","494885","2025-10-27","47.00","AUD","1760537405","305542/2025-10-27/1760537405.json"
"766389","494882","2025-10-28","45.00","AUD","1760537405","305542/2025-10-28/1760537405.json"
"766392","494885","2025-10-28","47.00","AUD","1760537405","305542/2025-10-28/1760537405.json"
"766389","494882","2025-10-29","45.00","AUD","1760537405","305542/2025-10-29/1760537405.json"
"766392","494885","2025-10-29","47.00","AUD","1760537405","305542/2025-10-29/1760537405.json"
"766389","494882","2025-10-30","45.00","AUD","1760537405","305542/2025-10-30/1760537405.json"
"766392","494885","2025-10-30","47.00","AUD","1760537405","305542/2025-10-30/1760537405.json"
"766389","494882","2025-10-31","45.00","AUD","1760537405","305542/2025-10-31/1760537405.json"
"766392","494885","2025-10-31","47.00","AUD","1760537405","305542/2025-10-31/1760537405.json"
"766389","494882","2025-11-01","45.00","AUD","1760537405","305542/2025-11-01/1760537405.json"
"766392","494885","2025-11-01","47.00","AUD","1760537405","305542/2025-11-01/1760537405.json"
"766389","494882","2025-11-03","45.00","AUD","1760537405","305542/2025-11-03/1760537405.json"
"766392","494885","2025-11-03","47.00","AUD","1760537405","305542/2025-11-03/1760537405.json"
"766389","494882","2025-11-02","45.00","AUD","1760537405","305542/2025-11-02/1760537405.json"
"766392","494885","2025-11-02","47.00","AUD","1760537405","305542/2025-11-02/1760537405.json"
"766393","494886","2025-11-28","39.00","AUD","1760537405","305542/2025-11-28/1760537405.json"
"766393","494886","2025-11-27","39.00","AUD","1760537405","305542/2025-11-27/1760537405.json"
"766392","494885","2025-11-27","47.00","AUD","1760537405","305542/2025-11-27/1760537405.json"
"766391","494884","2025-11-27","48.00","AUD","1760537405","305542/2025-11-27/1760537405.json"
"766393","494886","2025-11-29","39.00","AUD","1760537405","305542/2025-11-29/1760537405.json"
"766392","494885","2025-11-29","47.00","AUD","1760537405","305542/2025-11-29/1760537405.json"
"766391","494884","2025-11-29","48.00","AUD","1760537405","305542/2025-11-29/1760537405.json"
"766393","494886","2025-11-30","39.00","AUD","1760537405","305542/2025-11-30/1760537405.json"
"766392","494885","2025-11-30","47.00","AUD","1760537405","305542/2025-11-30/1760537405.json"
"766391","494884","2025-11-30","48.00","AUD","1760537405","305542/2025-11-30/1760537405.json"
"766391","494884","2025-12-02","2.00","AUD","1760537405","305542/2025-12-02/1760537405.json"
"766392","494885","2025-12-02","2.00","AUD","1760537405","305542/2025-12-02/1760537405.json"
"766393","494886","2025-12-02","39.00","AUD","1760537405","305542/2025-12-02/1760537405.json"
"766391","494884","2025-12-01","2.00","AUD","1760537405","305542/2025-12-01/1760537405.json"
"766392","494885","2025-12-01","2.00","AUD","1760537405","305542/2025-12-01/1760537405.json"
"766393","494886","2025-12-01","39.00","AUD","1760537405","305542/2025-12-01/1760537405.json"
"766389","494882","2025-10-22","45.00","AUD","1760548308","305542/2025-10-22/1760548308.json"
"766392","494885","2025-10-22","47.00","AUD","1760548308","305542/2025-10-22/1760548308.json"
"766391","494884","2025-10-22","48.00","AUD","1760548308","305542/2025-10-22/1760548308.json"
"766389","494882","2025-10-23","45.00","AUD","1760548308","305542/2025-10-23/1760548308.json"
"766392","494885","2025-10-23","47.00","AUD","1760548308","305542/2025-10-23/1760548308.json"
"766391","494884","2025-10-23","48.00","AUD","1760548308","305542/2025-10-23/1760548308.json"
"766389","494882","2025-10-24","45.00","AUD","1760548308","305542/2025-10-24/1760548308.json"
"766392","494885","2025-10-24","47.00","AUD","1760548308","305542/2025-10-24/1760548308.json"
"766391","494884","2025-10-24","48.00","AUD","1760548308","305542/2025-10-24/1760548308.json"
"766389","494882","2025-10-26","45.00","AUD","1760548308","305542/2025-10-26/1760548308.json"
"766392","494885","2025-10-26","47.00","AUD","1760548308","305542/2025-10-26/1760548308.json"
"766391","494884","2025-10-26","48.00","AUD","1760548308","305542/2025-10-26/1760548308.json"
"766389","494882","2025-10-25","45.00","AUD","1760548308","305542/2025-10-25/1760548308.json"
"766392","494885","2025-10-25","47.00","AUD","1760548308","305542/2025-10-25/1760548308.json"
"766391","494884","2025-10-25","48.00","AUD","1760548308","305542/2025-10-25/1760548308.json"
"766389","494882","2025-10-27","45.00","AUD","1760548308","305542/2025-10-27/1760548308.json"
"766392","494885","2025-10-27","47.00","AUD","1760548308","305542/2025-10-27/1760548308.json"
"766389","494882","2025-10-28","45.00","AUD","1760548308","305542/2025-10-28/1760548308.json"
"766392","494885","2025-10-28","47.00","AUD","1760548308","305542/2025-10-28/1760548308.json"
"766389","494882","2025-10-29","45.00","AUD","1760548308","305542/2025-10-29/1760548308.json"
"766392","494885","2025-10-29","47.00","AUD","1760548308","305542/2025-10-29/1760548308.json"
"766389","494882","2025-10-30","45.00","AUD","1760548308","305542/2025-10-30/1760548308.json"
"766392","494885","2025-10-30","47.00","AUD","1760548308","305542/2025-10-30/1760548308.json"
"766389","494882","2025-10-31","45.00","AUD","1760548308","305542/2025-10-31/1760548308.json"
"766392","494885","2025-10-31","47.00","AUD","1760548308","305542/2025-10-31/1760548308.json"
"766389","494882","2025-11-02","45.00","AUD","1760548308","305542/2025-11-02/1760548308.json"
"766392","494885","2025-11-02","47.00","AUD","1760548308","305542/2025-11-02/1760548308.json"
"766389","494882","2025-11-03","45.00","AUD","1760548308","305542/2025-11-03/1760548308.json"
"766392","494885","2025-11-03","47.00","AUD","1760548308","305542/2025-11-03/1760548308.json"
"766389","494882","2025-11-01","45.00","AUD","1760548308","305542/2025-11-01/1760548308.json"
"766392","494885","2025-11-01","47.00","AUD","1760548308","305542/2025-11-01/1760548308.json"
"766393","494886","2025-11-28","39.00","AUD","1760548308","305542/2025-11-28/1760548308.json"
"766393","494886","2025-11-27","39.00","AUD","1760548308","305542/2025-11-27/1760548308.json"
"766392","494885","2025-11-27","47.00","AUD","1760548308","305542/2025-11-27/1760548308.json"
"766391","494884","2025-11-27","48.00","AUD","1760548308","305542/2025-11-27/1760548308.json"
"766393","494886","2025-11-30","39.00","AUD","1760548308","305542/2025-11-30/1760548308.json"
"766392","494885","2025-11-30","47.00","AUD","1760548308","305542/2025-11-30/1760548308.json"
"766391","494884","2025-11-30","48.00","AUD","1760548308","305542/2025-11-30/1760548308.json"
"766393","494886","2025-11-29","39.00","AUD","1760548308","305542/2025-11-29/1760548308.json"
"766392","494885","2025-11-29","47.00","AUD","1760548308","305542/2025-11-29/1760548308.json"
"766391","494884","2025-11-29","48.00","AUD","1760548308","305542/2025-11-29/1760548308.json"
"766391","494884","2025-12-01","2.00","AUD","1760548308","305542/2025-12-01/1760548308.json"
"766392","494885","2025-12-01","2.00","AUD","1760548308","305542/2025-12-01/1760548308.json"
"766393","494886","2025-12-01","39.00","AUD","1760548308","305542/2025-12-01/1760548308.json"
"766391","494884","2025-12-02","2.00","AUD","1760548308","305542/2025-12-02/1760548308.json"
"766392","494885","2025-12-02","2.00","AUD","1760548308","305542/2025-12-02/1760548308.json"
"766393","494886","2025-12-02","39.00","AUD","1760548308","305542/2025-12-02/1760548308.json"
"766389","494882","2025-10-22","45.00","AUD","1760562194","305542/2025-10-22/1760562194.json"
"766392","494885","2025-10-22","47.00","AUD","1760562194","305542/2025-10-22/1760562194.json"
"766391","494884","2025-10-22","48.00","AUD","1760562194","305542/2025-10-22/1760562194.json"
"766389","494882","2025-10-23","45.00","AUD","1760562194","305542/2025-10-23/1760562194.json"
"766392","494885","2025-10-23","47.00","AUD","1760562194","305542/2025-10-23/1760562194.json"
"766391","494884","2025-10-23","48.00","AUD","1760562194","305542/2025-10-23/1760562194.json"
"766389","494882","2025-10-25","45.00","AUD","1760562194","305542/2025-10-25/1760562194.json"
"766392","494885","2025-10-25","47.00","AUD","1760562194","305542/2025-10-25/1760562194.json"
"766391","494884","2025-10-25","48.00","AUD","1760562194","305542/2025-10-25/1760562194.json"
"766389","494882","2025-10-24","45.00","AUD","1760562194","305542/2025-10-24/1760562194.json"
"766392","494885","2025-10-24","47.00","AUD","1760562194","305542/2025-10-24/1760562194.json"
"766391","494884","2025-10-24","48.00","AUD","1760562194","305542/2025-10-24/1760562194.json"
"766389","494882","2025-10-26","45.00","AUD","1760562194","305542/2025-10-26/1760562194.json"
"766392","494885","2025-10-26","47.00","AUD","1760562194","305542/2025-10-26/1760562194.json"
"766391","494884","2025-10-26","48.00","AUD","1760562194","305542/2025-10-26/1760562194.json"
"766389","494882","2025-10-27","45.00","AUD","1760562194","305542/2025-10-27/1760562194.json"
"766392","494885","2025-10-27","47.00","AUD","1760562194","305542/2025-10-27/1760562194.json"
"766389","494882","2025-10-28","45.00","AUD","1760562194","305542/2025-10-28/1760562194.json"
"766392","494885","2025-10-28","47.00","AUD","1760562194","305542/2025-10-28/1760562194.json"
"766389","494882","2025-10-29","45.00","AUD","1760562194","305542/2025-10-29/1760562194.json"
"766392","494885","2025-10-29","47.00","AUD","1760562194","305542/2025-10-29/1760562194.json"
"766389","494882","2025-10-30","45.00","AUD","1760562194","305542/2025-10-30/1760562194.json"
"766392","494885","2025-10-30","47.00","AUD","1760562194","305542/2025-10-30/1760562194.json"
"766389","494882","2025-10-31","45.00","AUD","1760562194","305542/2025-10-31/1760562194.json"
"766392","494885","2025-10-31","47.00","AUD","1760562194","305542/2025-10-31/1760562194.json"
"766389","494882","2025-11-01","45.00","AUD","1760562194","305542/2025-11-01/1760562194.json"
"766392","494885","2025-11-01","47.00","AUD","1760562194","305542/2025-11-01/1760562194.json"
"766389","494882","2025-11-02","45.00","AUD","1760562194","305542/2025-11-02/1760562194.json"
"766392","494885","2025-11-02","47.00","AUD","1760562194","305542/2025-11-02/1760562194.json"
"766389","494882","2025-11-03","45.00","AUD","1760562194","305542/2025-11-03/1760562194.json"
"766392","494885","2025-11-03","47.00","AUD","1760562194","305542/2025-11-03/1760562194.json"
"766393","494886","2025-11-27","39.00","AUD","1760562194","305542/2025-11-27/1760562194.json"
"766392","494885","2025-11-27","47.00","AUD","1760562194","305542/2025-11-27/1760562194.json"
"766391","494884","2025-11-27","48.00","AUD","1760562194","305542/2025-11-27/1760562194.json"
"766393","494886","2025-11-28","39.00","AUD","1760562194","305542/2025-11-28/1760562194.json"
"766393","494886","2025-11-29","39.00","AUD","1760562194","305542/2025-11-29/1760562194.json"
"766392","494885","2025-11-29","47.00","AUD","1760562194","305542/2025-11-29/1760562194.json"
"766391","494884","2025-11-29","48.00","AUD","1760562194","305542/2025-11-29/1760562194.json"
"766393","494886","2025-11-30","39.00","AUD","1760562194","305542/2025-11-30/1760562194.json"
"766392","494885","2025-11-30","47.00","AUD","1760562194","305542/2025-11-30/1760562194.json"
"766391","494884","2025-11-30","48.00","AUD","1760562194","305542/2025-11-30/1760562194.json"
"766391","494884","2025-12-01","2.00","AUD","1760562194","305542/2025-12-01/1760562194.json"
"766392","494885","2025-12-01","2.00","AUD","1760562194","305542/2025-12-01/1760562194.json"
"766393","494886","2025-12-01","39.00","AUD","1760562194","305542/2025-12-01/1760562194.json"
"766391","494884","2025-12-02","2.00","AUD","1760562194","305542/2025-12-02/1760562194.json"
"766392","494885","2025-12-02","2.00","AUD","1760562194","305542/2025-12-02/1760562194.json"
"766393","494886","2025-12-02","39.00","AUD","1760562194","305542/2025-12-02/1760562194.json"
"766389","494882","2025-10-23","45.00","AUD","1760585802","305542/2025-10-23/1760585802.json"
"766392","494885","2025-10-23","47.00","AUD","1760585802","305542/2025-10-23/1760585802.json"
"766391","494884","2025-10-23","48.00","AUD","1760585802","305542/2025-10-23/1760585802.json"
"766389","494882","2025-10-24","45.00","AUD","1760585802","305542/2025-10-24/1760585802.json"
"766392","494885","2025-10-24","47.00","AUD","1760585802","305542/2025-10-24/1760585802.json"
"766391","494884","2025-10-24","48.00","AUD","1760585802","305542/2025-10-24/1760585802.json"
"766389","494882","2025-10-26","45.00","AUD","1760585802","305542/2025-10-26/1760585802.json"
"766392","494885","2025-10-26","47.00","AUD","1760585802","305542/2025-10-26/1760585802.json"
"766391","494884","2025-10-26","48.00","AUD","1760585802","305542/2025-10-26/1760585802.json"
"766389","494882","2025-10-25","45.00","AUD","1760585802","305542/2025-10-25/1760585802.json"
"766392","494885","2025-10-25","47.00","AUD","1760585802","305542/2025-10-25/1760585802.json"
"766391","494884","2025-10-25","48.00","AUD","1760585802","305542/2025-10-25/1760585802.json"
"766389","494882","2025-10-27","45.00","AUD","1760585802","305542/2025-10-27/1760585802.json"
"766392","494885","2025-10-27","47.00","AUD","1760585802","305542/2025-10-27/1760585802.json"
"766389","494882","2025-10-28","45.00","AUD","1760585802","305542/2025-10-28/1760585802.json"
"766392","494885","2025-10-28","47.00","AUD","1760585802","305542/2025-10-28/1760585802.json"
"766389","494882","2025-10-29","45.00","AUD","1760585802","305542/2025-10-29/1760585802.json"
"766392","494885","2025-10-29","47.00","AUD","1760585802","305542/2025-10-29/1760585802.json"
"766389","494882","2025-10-30","45.00","AUD","1760585802","305542/2025-10-30/1760585802.json"
"766392","494885","2025-10-30","47.00","AUD","1760585802","305542/2025-10-30/1760585802.json"
"766389","494882","2025-10-31","45.00","AUD","1760585802","305542/2025-10-31/1760585802.json"
"766392","494885","2025-10-31","47.00","AUD","1760585802","305542/2025-10-31/1760585802.json"
"766389","494882","2025-11-01","45.00","AUD","1760585802","305542/2025-11-01/1760585802.json"
"766392","494885","2025-11-01","47.00","AUD","1760585802","305542/2025-11-01/1760585802.json"
"766389","494882","2025-11-02","45.00","AUD","1760585802","305542/2025-11-02/1760585802.json"
"766392","494885","2025-11-02","47.00","AUD","1760585802","305542/2025-11-02/1760585802.json"
"766389","494882","2025-11-03","45.00","AUD","1760585802","305542/2025-11-03/1760585802.json"
"766392","494885","2025-11-03","47.00","AUD","1760585802","305542/2025-11-03/1760585802.json"
"766393","494886","2025-11-27","39.00","AUD","1760585802","305542/2025-11-27/1760585802.json"
"766392","494885","2025-11-27","47.00","AUD","1760585802","305542/2025-11-27/1760585802.json"
"766391","494884","2025-11-27","48.00","AUD","1760585802","305542/2025-11-27/1760585802.json"
"766393","494886","2025-11-28","39.00","AUD","1760585802","305542/2025-11-28/1760585802.json"
"766393","494886","2025-11-29","39.00","AUD","1760585802","305542/2025-11-29/1760585802.json"
"766392","494885","2025-11-29","47.00","AUD","1760585802","305542/2025-11-29/1760585802.json"
"766391","494884","2025-11-29","48.00","AUD","1760585802","305542/2025-11-29/1760585802.json"
"766393","494886","2025-11-30","39.00","AUD","1760585802","305542/2025-11-30/1760585802.json"
"766392","494885","2025-11-30","47.00","AUD","1760585802","305542/2025-11-30/1760585802.json"
"766391","494884","2025-11-30","48.00","AUD","1760585802","305542/2025-11-30/1760585802.json"
"766391","494884","2025-12-01","2.00","AUD","1760585802","305542/2025-12-01/1760585802.json"
"766392","494885","2025-12-01","2.00","AUD","1760585802","305542/2025-12-01/1760585802.json"
"766393","494886","2025-12-01","39.00","AUD","1760585802","305542/2025-12-01/1760585802.json"
"766391","494884","2025-12-02","2.00","AUD","1760585802","305542/2025-12-02/1760585802.json"
"766392","494885","2025-12-02","2.00","AUD","1760585802","305542/2025-12-02/1760585802.json"
"766393","494886","2025-12-02","39.00","AUD","1760585802","305542/2025-12-02/1760585802.json"
"766389","494882","2025-10-23","45.00","AUD","1760591060","305542/2025-10-23/1760591060.json"
"766392","494885","2025-10-23","47.00","AUD","1760591060","305542/2025-10-23/1760591060.json"
"766391","494884","2025-10-23","48.00","AUD","1760591060","305542/2025-10-23/1760591060.json"
"766389","494882","2025-10-24","45.00","AUD","1760591060","305542/2025-10-24/1760591060.json"
"766392","494885","2025-10-24","47.00","AUD","1760591060","305542/2025-10-24/1760591060.json"
"766391","494884","2025-10-24","48.00","AUD","1760591060","305542/2025-10-24/1760591060.json"
"766389","494882","2025-10-26","45.00","AUD","1760591060","305542/2025-10-26/1760591060.json"
"766392","494885","2025-10-26","47.00","AUD","1760591060","305542/2025-10-26/1760591060.json"
"766391","494884","2025-10-26","48.00","AUD","1760591060","305542/2025-10-26/1760591060.json"
"766389","494882","2025-10-25","45.00","AUD","1760591060","305542/2025-10-25/1760591060.json"
"766392","494885","2025-10-25","47.00","AUD","1760591060","305542/2025-10-25/1760591060.json"
"766391","494884","2025-10-25","48.00","AUD","1760591060","305542/2025-10-25/1760591060.json"
"766389","494882","2025-10-27","45.00","AUD","1760591060","305542/2025-10-27/1760591060.json"
"766392","494885","2025-10-27","47.00","AUD","1760591060","305542/2025-10-27/1760591060.json"
"766389","494882","2025-10-29","45.00","AUD","1760591060","305542/2025-10-29/1760591060.json"
"766392","494885","2025-10-29","47.00","AUD","1760591060","305542/2025-10-29/1760591060.json"
"766389","494882","2025-10-28","45.00","AUD","1760591060","305542/2025-10-28/1760591060.json"
"766392","494885","2025-10-28","47.00","AUD","1760591060","305542/2025-10-28/1760591060.json"
"766389","494882","2025-10-30","45.00","AUD","1760591060","305542/2025-10-30/1760591060.json"
"766392","494885","2025-10-30","47.00","AUD","1760591060","305542/2025-10-30/1760591060.json"
"766389","494882","2025-10-31","45.00","AUD","1760591060","305542/2025-10-31/1760591060.json"
"766392","494885","2025-10-31","47.00","AUD","1760591060","305542/2025-10-31/1760591060.json"
"766389","494882","2025-11-01","45.00","AUD","1760591060","305542/2025-11-01/1760591060.json"
"766389","494882","2025-11-02","45.00","AUD","1760591060","305542/2025-11-02/1760591060.json"
"766392","494885","2025-11-01","47.00","AUD","1760591060","305542/2025-11-01/1760591060.json"
"766392","494885","2025-11-02","47.00","AUD","1760591060","305542/2025-11-02/1760591060.json"
"766389","494882","2025-11-03","45.00","AUD","1760591060","305542/2025-11-03/1760591060.json"
"766392","494885","2025-11-03","47.00","AUD","1760591060","305542/2025-11-03/1760591060.json"
"766393","494886","2025-11-27","39.00","AUD","1760591060","305542/2025-11-27/1760591060.json"
"766392","494885","2025-11-27","47.00","AUD","1760591060","305542/2025-11-27/1760591060.json"
"766391","494884","2025-11-27","48.00","AUD","1760591060","305542/2025-11-27/1760591060.json"
"766393","494886","2025-11-28","39.00","AUD","1760591060","305542/2025-11-28/1760591060.json"
"766393","494886","2025-11-29","39.00","AUD","1760591060","305542/2025-11-29/1760591060.json"
"766392","494885","2025-11-29","47.00","AUD","1760591060","305542/2025-11-29/1760591060.json"
"766391","494884","2025-11-29","48.00","AUD","1760591060","305542/2025-11-29/1760591060.json"
"766393","494886","2025-11-30","39.00","AUD","1760591060","305542/2025-11-30/1760591060.json"
"766392","494885","2025-11-30","47.00","AUD","1760591060","305542/2025-11-30/1760591060.json"
"766391","494884","2025-11-30","48.00","AUD","1760591060","305542/2025-11-30/1760591060.json"
"766391","494884","2025-12-01","2.00","AUD","1760591060","305542/2025-12-01/1760591060.json"
"766392","494885","2025-12-01","2.00","AUD","1760591060","305542/2025-12-01/1760591060.json"
"766393","494886","2025-12-01","39.00","AUD","1760591060","305542/2025-12-01/1760591060.json"
"766391","494884","2025-12-02","2.00","AUD","1760591060","305542/2025-12-02/1760591060.json"
"766392","494885","2025-12-02","2.00","AUD","1760591060","305542/2025-12-02/1760591060.json"
"766393","494886","2025-12-02","39.00","AUD","1760591060","305542/2025-12-02/1760591060.json"
"766389","494882","2025-10-23","45.00","AUD","1760606238","305542/2025-10-23/1760606238.json"
"766392","494885","2025-10-23","47.00","AUD","1760606238","305542/2025-10-23/1760606238.json"
"766391","494884","2025-10-23","48.00","AUD","1760606238","305542/2025-10-23/1760606238.json"
"766389","494882","2025-10-24","45.00","AUD","1760606238","305542/2025-10-24/1760606238.json"
"766392","494885","2025-10-24","47.00","AUD","1760606238","305542/2025-10-24/1760606238.json"
"766391","494884","2025-10-24","48.00","AUD","1760606238","305542/2025-10-24/1760606238.json"
"766389","494882","2025-10-26","45.00","AUD","1760606238","305542/2025-10-26/1760606238.json"
"766392","494885","2025-10-26","47.00","AUD","1760606238","305542/2025-10-26/1760606238.json"
"766391","494884","2025-10-26","48.00","AUD","1760606238","305542/2025-10-26/1760606238.json"
"766389","494882","2025-10-27","45.00","AUD","1760606238","305542/2025-10-27/1760606238.json"
"766392","494885","2025-10-27","47.00","AUD","1760606238","305542/2025-10-27/1760606238.json"
"766389","494882","2025-10-25","45.00","AUD","1760606238","305542/2025-10-25/1760606238.json"
"766392","494885","2025-10-25","47.00","AUD","1760606238","305542/2025-10-25/1760606238.json"
"766391","494884","2025-10-25","48.00","AUD","1760606238","305542/2025-10-25/1760606238.json"
"766389","494882","2025-10-28","45.00","AUD","1760606238","305542/2025-10-28/1760606238.json"
"766392","494885","2025-10-28","47.00","AUD","1760606238","305542/2025-10-28/1760606238.json"
"766389","494882","2025-10-30","45.00","AUD","1760606238","305542/2025-10-30/1760606238.json"
"766392","494885","2025-10-30","47.00","AUD","1760606238","305542/2025-10-30/1760606238.json"
"766389","494882","2025-10-31","45.00","AUD","1760606238","305542/2025-10-31/1760606238.json"
"766392","494885","2025-10-31","47.00","AUD","1760606238","305542/2025-10-31/1760606238.json"
"766389","494882","2025-10-29","45.00","AUD","1760606238","305542/2025-10-29/1760606238.json"
"766392","494885","2025-10-29","47.00","AUD","1760606238","305542/2025-10-29/1760606238.json"
"766389","494882","2025-11-01","45.00","AUD","1760606238","305542/2025-11-01/1760606238.json"
"766392","494885","2025-11-01","47.00","AUD","1760606238","305542/2025-11-01/1760606238.json"
"766389","494882","2025-11-02","45.00","AUD","1760606238","305542/2025-11-02/1760606238.json"
"766392","494885","2025-11-02","47.00","AUD","1760606238","305542/2025-11-02/1760606238.json"
"766389","494882","2025-11-03","45.00","AUD","1760606238","305542/2025-11-03/1760606238.json"
"766392","494885","2025-11-03","47.00","AUD","1760606238","305542/2025-11-03/1760606238.json"
"766393","494886","2025-11-27","39.00","AUD","1760606238","305542/2025-11-27/1760606238.json"
"766392","494885","2025-11-27","47.00","AUD","1760606238","305542/2025-11-27/1760606238.json"
"766391","494884","2025-11-27","48.00","AUD","1760606238","305542/2025-11-27/1760606238.json"
"766393","494886","2025-11-28","39.00","AUD","1760606238","305542/2025-11-28/1760606238.json"
"766393","494886","2025-11-30","39.00","AUD","1760606238","305542/2025-11-30/1760606238.json"
"766392","494885","2025-11-30","47.00","AUD","1760606238","305542/2025-11-30/1760606238.json"
"766391","494884","2025-11-30","48.00","AUD","1760606238","305542/2025-11-30/1760606238.json"
"766391","494884","2025-12-01","2.00","AUD","1760606238","305542/2025-12-01/1760606238.json"
"766392","494885","2025-12-01","2.00","AUD","1760606238","305542/2025-12-01/1760606238.json"
"766393","494886","2025-12-01","39.00","AUD","1760606238","305542/2025-12-01/1760606238.json"
"766393","494886","2025-11-29","39.00","AUD","1760606238","305542/2025-11-29/1760606238.json"
"766392","494885","2025-11-29","47.00","AUD","1760606238","305542/2025-11-29/1760606238.json"
"766391","494884","2025-11-29","48.00","AUD","1760606238","305542/2025-11-29/1760606238.json"
"766391","494884","2025-12-02","2.00","AUD","1760606238","305542/2025-12-02/1760606238.json"
"766392","494885","2025-12-02","2.00","AUD","1760606238","305542/2025-12-02/1760606238.json"
"766393","494886","2025-12-02","39.00","AUD","1760606238","305542/2025-12-02/1760606238.json"
"766389","494882","2025-10-23","45.00","AUD","1760623629","305542/2025-10-23/1760623629.json"
"766392","494885","2025-10-23","47.00","AUD","1760623629","305542/2025-10-23/1760623629.json"
"766391","494884","2025-10-23","48.00","AUD","1760623629","305542/2025-10-23/1760623629.json"
"766389","494882","2025-10-25","45.00","AUD","1760623629","305542/2025-10-25/1760623629.json"
"766392","494885","2025-10-25","47.00","AUD","1760623629","305542/2025-10-25/1760623629.json"
"766391","494884","2025-10-25","48.00","AUD","1760623629","305542/2025-10-25/1760623629.json"
"766389","494882","2025-10-24","45.00","AUD","1760623629","305542/2025-10-24/1760623629.json"
"766392","494885","2025-10-24","47.00","AUD","1760623629","305542/2025-10-24/1760623629.json"
"766391","494884","2025-10-24","48.00","AUD","1760623629","305542/2025-10-24/1760623629.json"
"766389","494882","2025-10-26","45.00","AUD","1760623629","305542/2025-10-26/1760623629.json"
"766392","494885","2025-10-26","47.00","AUD","1760623629","305542/2025-10-26/1760623629.json"
"766391","494884","2025-10-26","48.00","AUD","1760623629","305542/2025-10-26/1760623629.json"
"766389","494882","2025-10-27","45.00","AUD","1760623629","305542/2025-10-27/1760623629.json"
"766392","494885","2025-10-27","47.00","AUD","1760623629","305542/2025-10-27/1760623629.json"
"766389","494882","2025-10-29","45.00","AUD","1760623629","305542/2025-10-29/1760623629.json"
"766392","494885","2025-10-29","47.00","AUD","1760623629","305542/2025-10-29/1760623629.json"
"766389","494882","2025-10-28","45.00","AUD","1760623629","305542/2025-10-28/1760623629.json"
"766392","494885","2025-10-28","47.00","AUD","1760623629","305542/2025-10-28/1760623629.json"
"766389","494882","2025-10-30","45.00","AUD","1760623629","305542/2025-10-30/1760623629.json"
"766392","494885","2025-10-30","47.00","AUD","1760623629","305542/2025-10-30/1760623629.json"
"766389","494882","2025-10-31","45.00","AUD","1760623629","305542/2025-10-31/1760623629.json"
"766392","494885","2025-10-31","47.00","AUD","1760623629","305542/2025-10-31/1760623629.json"
"766389","494882","2025-11-01","45.00","AUD","1760623629","305542/2025-11-01/1760623629.json"
"766392","494885","2025-11-01","47.00","AUD","1760623629","305542/2025-11-01/1760623629.json"
"766389","494882","2025-11-02","45.00","AUD","1760623629","305542/2025-11-02/1760623629.json"
"766392","494885","2025-11-02","47.00","AUD","1760623629","305542/2025-11-02/1760623629.json"
"766389","494882","2025-11-03","45.00","AUD","1760623629","305542/2025-11-03/1760623629.json"
"766392","494885","2025-11-03","47.00","AUD","1760623629","305542/2025-11-03/1760623629.json"
"766393","494886","2025-11-27","39.00","AUD","1760623629","305542/2025-11-27/1760623629.json"
"766392","494885","2025-11-27","47.00","AUD","1760623629","305542/2025-11-27/1760623629.json"
"766391","494884","2025-11-27","48.00","AUD","1760623629","305542/2025-11-27/1760623629.json"
"766393","494886","2025-11-28","39.00","AUD","1760623629","305542/2025-11-28/1760623629.json"
"766393","494886","2025-11-30","39.00","AUD","1760623629","305542/2025-11-30/1760623629.json"
"766392","494885","2025-11-30","47.00","AUD","1760623629","305542/2025-11-30/1760623629.json"
"766391","494884","2025-11-30","48.00","AUD","1760623629","305542/2025-11-30/1760623629.json"
"766393","494886","2025-11-29","39.00","AUD","1760623629","305542/2025-11-29/1760623629.json"
"766392","494885","2025-11-29","47.00","AUD","1760623629","305542/2025-11-29/1760623629.json"
"766391","494884","2025-11-29","48.00","AUD","1760623629","305542/2025-11-29/1760623629.json"
"766391","494884","2025-12-01","2.00","AUD","1760623629","305542/2025-12-01/1760623629.json"
"766392","494885","2025-12-01","2.00","AUD","1760623629","305542/2025-12-01/1760623629.json"
"766393","494886","2025-12-01","39.00","AUD","1760623629","305542/2025-12-01/1760623629.json"
"766391","494884","2025-12-02","2.00","AUD","1760623629","305542/2025-12-02/1760623629.json"
"766392","494885","2025-12-02","2.00","AUD","1760623629","305542/2025-12-02/1760623629.json"
"766393","494886","2025-12-02","39.00","AUD","1760623629","305542/2025-12-02/1760623629.json"
"766389","494882","2025-10-23","45.00","AUD","1760634960","305542/2025-10-23/1760634960.json"
"766392","494885","2025-10-23","47.00","AUD","1760634960","305542/2025-10-23/1760634960.json"
"766391","494884","2025-10-23","48.00","AUD","1760634960","305542/2025-10-23/1760634960.json"
"766389","494882","2025-10-25","45.00","AUD","1760634960","305542/2025-10-25/1760634960.json"
"766392","494885","2025-10-25","47.00","AUD","1760634960","305542/2025-10-25/1760634960.json"
"766391","494884","2025-10-25","48.00","AUD","1760634960","305542/2025-10-25/1760634960.json"
"766389","494882","2025-10-26","45.00","AUD","1760634960","305542/2025-10-26/1760634960.json"
"766392","494885","2025-10-26","47.00","AUD","1760634960","305542/2025-10-26/1760634960.json"
"766391","494884","2025-10-26","48.00","AUD","1760634960","305542/2025-10-26/1760634960.json"
"766389","494882","2025-10-27","45.00","AUD","1760634960","305542/2025-10-27/1760634960.json"
"766392","494885","2025-10-27","47.00","AUD","1760634960","305542/2025-10-27/1760634960.json"
"766389","494882","2025-10-24","45.00","AUD","1760634960","305542/2025-10-24/1760634960.json"
"766392","494885","2025-10-24","47.00","AUD","1760634960","305542/2025-10-24/1760634960.json"
"766391","494884","2025-10-24","48.00","AUD","1760634960","305542/2025-10-24/1760634960.json"
"766389","494882","2025-10-29","45.00","AUD","1760634960","305542/2025-10-29/1760634960.json"
"766392","494885","2025-10-29","47.00","AUD","1760634960","305542/2025-10-29/1760634960.json"
"766389","494882","2025-10-28","45.00","AUD","1760634960","305542/2025-10-28/1760634960.json"
"766392","494885","2025-10-28","47.00","AUD","1760634960","305542/2025-10-28/1760634960.json"
"766389","494882","2025-10-30","45.00","AUD","1760634960","305542/2025-10-30/1760634960.json"
"766392","494885","2025-10-30","47.00","AUD","1760634960","305542/2025-10-30/1760634960.json"
"766389","494882","2025-10-31","45.00","AUD","1760634960","305542/2025-10-31/1760634960.json"
"766392","494885","2025-10-31","47.00","AUD","1760634960","305542/2025-10-31/1760634960.json"
"766389","494882","2025-11-01","45.00","AUD","1760634960","305542/2025-11-01/1760634960.json"
"766392","494885","2025-11-01","47.00","AUD","1760634960","305542/2025-11-01/1760634960.json"
"766389","494882","2025-11-02","45.00","AUD","1760634960","305542/2025-11-02/1760634960.json"
"766392","494885","2025-11-02","47.00","AUD","1760634960","305542/2025-11-02/1760634960.json"
"766389","494882","2025-11-03","45.00","AUD","1760634960","305542/2025-11-03/1760634960.json"
"766392","494885","2025-11-03","47.00","AUD","1760634960","305542/2025-11-03/1760634960.json"
"766393","494886","2025-11-27","39.00","AUD","1760634960","305542/2025-11-27/1760634960.json"
"766392","494885","2025-11-27","47.00","AUD","1760634960","305542/2025-11-27/1760634960.json"
"766391","494884","2025-11-27","48.00","AUD","1760634960","305542/2025-11-27/1760634960.json"
"766393","494886","2025-11-28","39.00","AUD","1760634960","305542/2025-11-28/1760634960.json"
"766393","494886","2025-11-29","39.00","AUD","1760634960","305542/2025-11-29/1760634960.json"
"766392","494885","2025-11-29","47.00","AUD","1760634960","305542/2025-11-29/1760634960.json"
"766391","494884","2025-11-29","48.00","AUD","1760634960","305542/2025-11-29/1760634960.json"
"766393","494886","2025-11-30","39.00","AUD","1760634960","305542/2025-11-30/1760634960.json"
"766392","494885","2025-11-30","47.00","AUD","1760634960","305542/2025-11-30/1760634960.json"
"766391","494884","2025-11-30","48.00","AUD","1760634960","305542/2025-11-30/1760634960.json"
"766391","494884","2025-12-01","2.00","AUD","1760634960","305542/2025-12-01/1760634960.json"
"766392","494885","2025-12-01","2.00","AUD","1760634960","305542/2025-12-01/1760634960.json"
"766393","494886","2025-12-01","39.00","AUD","1760634960","305542/2025-12-01/1760634960.json"
"766391","494884","2025-12-02","2.00","AUD","1760634960","305542/2025-12-02/1760634960.json"
"766392","494885","2025-12-02","2.00","AUD","1760634960","305542/2025-12-02/1760634960.json"
"766393","494886","2025-12-02","39.00","AUD","1760634960","305542/2025-12-02/1760634960.json"
"766389","494882","2025-10-23","45.00","AUD","1760648510","305542/2025-10-23/1760648510.json"
"766392","494885","2025-10-23","47.00","AUD","1760648510","305542/2025-10-23/1760648510.json"
"766391","494884","2025-10-23","48.00","AUD","1760648510","305542/2025-10-23/1760648510.json"
"766389","494882","2025-10-24","45.00","AUD","1760648510","305542/2025-10-24/1760648510.json"
"766392","494885","2025-10-24","47.00","AUD","1760648510","305542/2025-10-24/1760648510.json"
"766391","494884","2025-10-24","48.00","AUD","1760648510","305542/2025-10-24/1760648510.json"
"766389","494882","2025-10-26","45.00","AUD","1760648510","305542/2025-10-26/1760648510.json"
"766392","494885","2025-10-26","47.00","AUD","1760648510","305542/2025-10-26/1760648510.json"
"766391","494884","2025-10-26","48.00","AUD","1760648510","305542/2025-10-26/1760648510.json"
"766389","494882","2025-10-25","45.00","AUD","1760648510","305542/2025-10-25/1760648510.json"
"766392","494885","2025-10-25","47.00","AUD","1760648510","305542/2025-10-25/1760648510.json"
"766391","494884","2025-10-25","48.00","AUD","1760648510","305542/2025-10-25/1760648510.json"
"766389","494882","2025-10-27","45.00","AUD","1760648510","305542/2025-10-27/1760648510.json"
"766392","494885","2025-10-27","47.00","AUD","1760648510","305542/2025-10-27/1760648510.json"
"766389","494882","2025-10-28","45.00","AUD","1760648510","305542/2025-10-28/1760648510.json"
"766392","494885","2025-10-28","47.00","AUD","1760648510","305542/2025-10-28/1760648510.json"
"766389","494882","2025-10-31","45.00","AUD","1760648510","305542/2025-10-31/1760648510.json"
"766392","494885","2025-10-31","47.00","AUD","1760648510","305542/2025-10-31/1760648510.json"
"766389","494882","2025-10-30","45.00","AUD","1760648510","305542/2025-10-30/1760648510.json"
"766392","494885","2025-10-30","47.00","AUD","1760648510","305542/2025-10-30/1760648510.json"
"766389","494882","2025-11-01","45.00","AUD","1760648510","305542/2025-11-01/1760648510.json"
"766392","494885","2025-11-01","47.00","AUD","1760648510","305542/2025-11-01/1760648510.json"
"766389","494882","2025-10-29","45.00","AUD","1760648510","305542/2025-10-29/1760648510.json"
"766392","494885","2025-10-29","47.00","AUD","1760648510","305542/2025-10-29/1760648510.json"
"766389","494882","2025-11-02","45.00","AUD","1760648510","305542/2025-11-02/1760648510.json"
"766392","494885","2025-11-02","47.00","AUD","1760648510","305542/2025-11-02/1760648510.json"
"766389","494882","2025-11-03","45.00","AUD","1760648510","305542/2025-11-03/1760648510.json"
"766392","494885","2025-11-03","47.00","AUD","1760648510","305542/2025-11-03/1760648510.json"
"766393","494886","2025-11-27","39.00","AUD","1760648510","305542/2025-11-27/1760648510.json"
"766392","494885","2025-11-27","47.00","AUD","1760648510","305542/2025-11-27/1760648510.json"
"766391","494884","2025-11-27","48.00","AUD","1760648510","305542/2025-11-27/1760648510.json"
"766393","494886","2025-11-28","39.00","AUD","1760648510","305542/2025-11-28/1760648510.json"
"766393","494886","2025-11-29","39.00","AUD","1760648510","305542/2025-11-29/1760648510.json"
"766392","494885","2025-11-29","47.00","AUD","1760648510","305542/2025-11-29/1760648510.json"
"766391","494884","2025-11-29","48.00","AUD","1760648510","305542/2025-11-29/1760648510.json"
"766393","494886","2025-11-30","39.00","AUD","1760648510","305542/2025-11-30/1760648510.json"
"766392","494885","2025-11-30","47.00","AUD","1760648510","305542/2025-11-30/1760648510.json"
"766391","494884","2025-11-30","48.00","AUD","1760648510","305542/2025-11-30/1760648510.json"
"766391","494884","2025-12-02","2.00","AUD","1760648510","305542/2025-12-02/1760648510.json"
"766392","494885","2025-12-02","2.00","AUD","1760648510","305542/2025-12-02/1760648510.json"
"766393","494886","2025-12-02","39.00","AUD","1760648510","305542/2025-12-02/1760648510.json"
"766391","494884","2025-12-01","2.00","AUD","1760648510","305542/2025-12-01/1760648510.json"
"766392","494885","2025-12-01","2.00","AUD","1760648510","305542/2025-12-01/1760648510.json"
"766393","494886","2025-12-01","39.00","AUD","1760648510","305542/2025-12-01/1760648510.json"
"766389","494882","2025-10-24","45.00","AUD","1760672073","305542/2025-10-24/1760672073.json"
"766392","494885","2025-10-24","47.00","AUD","1760672073","305542/2025-10-24/1760672073.json"
"766391","494884","2025-10-24","48.00","AUD","1760672073","305542/2025-10-24/1760672073.json"
"766389","494882","2025-10-26","45.00","AUD","1760672073","305542/2025-10-26/1760672073.json"
"766392","494885","2025-10-26","47.00","AUD","1760672073","305542/2025-10-26/1760672073.json"
"766391","494884","2025-10-26","48.00","AUD","1760672073","305542/2025-10-26/1760672073.json"
"766389","494882","2025-10-25","45.00","AUD","1760672073","305542/2025-10-25/1760672073.json"
"766392","494885","2025-10-25","47.00","AUD","1760672073","305542/2025-10-25/1760672073.json"
"766391","494884","2025-10-25","48.00","AUD","1760672073","305542/2025-10-25/1760672073.json"
"766389","494882","2025-10-28","45.00","AUD","1760672073","305542/2025-10-28/1760672073.json"
"766392","494885","2025-10-28","47.00","AUD","1760672073","305542/2025-10-28/1760672073.json"
"766389","494882","2025-10-27","45.00","AUD","1760672073","305542/2025-10-27/1760672073.json"
"766392","494885","2025-10-27","47.00","AUD","1760672073","305542/2025-10-27/1760672073.json"
"766389","494882","2025-10-29","45.00","AUD","1760672073","305542/2025-10-29/1760672073.json"
"766392","494885","2025-10-29","47.00","AUD","1760672073","305542/2025-10-29/1760672073.json"
"766389","494882","2025-10-30","45.00","AUD","1760672073","305542/2025-10-30/1760672073.json"
"766392","494885","2025-10-30","47.00","AUD","1760672073","305542/2025-10-30/1760672073.json"
"766389","494882","2025-10-31","45.00","AUD","1760672073","305542/2025-10-31/1760672073.json"
"766392","494885","2025-10-31","47.00","AUD","1760672073","305542/2025-10-31/1760672073.json"
"766389","494882","2025-11-01","45.00","AUD","1760672073","305542/2025-11-01/1760672073.json"
"766392","494885","2025-11-01","47.00","AUD","1760672073","305542/2025-11-01/1760672073.json"
"766389","494882","2025-11-02","45.00","AUD","1760672073","305542/2025-11-02/1760672073.json"
"766392","494885","2025-11-02","47.00","AUD","1760672073","305542/2025-11-02/1760672073.json"
"766389","494882","2025-11-03","45.00","AUD","1760672073","305542/2025-11-03/1760672073.json"
"766392","494885","2025-11-03","47.00","AUD","1760672073","305542/2025-11-03/1760672073.json"
"766393","494886","2025-11-27","39.00","AUD","1760672073","305542/2025-11-27/1760672073.json"
"766392","494885","2025-11-27","47.00","AUD","1760672073","305542/2025-11-27/1760672073.json"
"766391","494884","2025-11-27","48.00","AUD","1760672073","305542/2025-11-27/1760672073.json"
"766393","494886","2025-11-28","39.00","AUD","1760672073","305542/2025-11-28/1760672073.json"
"766393","494886","2025-11-29","39.00","AUD","1760672073","305542/2025-11-29/1760672073.json"
"766392","494885","2025-11-29","47.00","AUD","1760672073","305542/2025-11-29/1760672073.json"
"766391","494884","2025-11-29","48.00","AUD","1760672073","305542/2025-11-29/1760672073.json"
"766393","494886","2025-11-30","39.00","AUD","1760672073","305542/2025-11-30/1760672073.json"
"766392","494885","2025-11-30","47.00","AUD","1760672073","305542/2025-11-30/1760672073.json"
"766391","494884","2025-11-30","48.00","AUD","1760672073","305542/2025-11-30/1760672073.json"
"766391","494884","2025-12-01","2.00","AUD","1760672073","305542/2025-12-01/1760672073.json"
"766392","494885","2025-12-01","2.00","AUD","1760672073","305542/2025-12-01/1760672073.json"
"766393","494886","2025-12-01","39.00","AUD","1760672073","305542/2025-12-01/1760672073.json"
"766391","494884","2025-12-02","2.00","AUD","1760672073","305542/2025-12-02/1760672073.json"
"766392","494885","2025-12-02","2.00","AUD","1760672073","305542/2025-12-02/1760672073.json"
"766393","494886","2025-12-02","39.00","AUD","1760672073","305542/2025-12-02/1760672073.json"
"766389","494882","2025-10-24","45.00","AUD","1760677497","305542/2025-10-24/1760677497.json"
"766392","494885","2025-10-24","47.00","AUD","1760677497","305542/2025-10-24/1760677497.json"
"766391","494884","2025-10-24","48.00","AUD","1760677497","305542/2025-10-24/1760677497.json"
"766389","494882","2025-10-25","45.00","AUD","1760677497","305542/2025-10-25/1760677497.json"
"766392","494885","2025-10-25","47.00","AUD","1760677497","305542/2025-10-25/1760677497.json"
"766391","494884","2025-10-25","48.00","AUD","1760677497","305542/2025-10-25/1760677497.json"
"766389","494882","2025-10-27","45.00","AUD","1760677497","305542/2025-10-27/1760677497.json"
"766392","494885","2025-10-27","47.00","AUD","1760677497","305542/2025-10-27/1760677497.json"
"766389","494882","2025-10-28","45.00","AUD","1760677497","305542/2025-10-28/1760677497.json"
"766392","494885","2025-10-28","47.00","AUD","1760677497","305542/2025-10-28/1760677497.json"
"766389","494882","2025-10-26","45.00","AUD","1760677497","305542/2025-10-26/1760677497.json"
"766392","494885","2025-10-26","47.00","AUD","1760677497","305542/2025-10-26/1760677497.json"
"766391","494884","2025-10-26","48.00","AUD","1760677497","305542/2025-10-26/1760677497.json"
"766389","494882","2025-10-29","45.00","AUD","1760677497","305542/2025-10-29/1760677497.json"
"766392","494885","2025-10-29","47.00","AUD","1760677497","305542/2025-10-29/1760677497.json"
"766389","494882","2025-10-31","45.00","AUD","1760677497","305542/2025-10-31/1760677497.json"
"766392","494885","2025-10-31","47.00","AUD","1760677497","305542/2025-10-31/1760677497.json"
"766389","494882","2025-11-01","45.00","AUD","1760677497","305542/2025-11-01/1760677497.json"
"766392","494885","2025-11-01","47.00","AUD","1760677497","305542/2025-11-01/1760677497.json"
"766389","494882","2025-10-30","45.00","AUD","1760677497","305542/2025-10-30/1760677497.json"
"766392","494885","2025-10-30","47.00","AUD","1760677497","305542/2025-10-30/1760677497.json"
"766389","494882","2025-11-02","45.00","AUD","1760677497","305542/2025-11-02/1760677497.json"
"766392","494885","2025-11-02","47.00","AUD","1760677497","305542/2025-11-02/1760677497.json"
"766389","494882","2025-11-03","45.00","AUD","1760677497","305542/2025-11-03/1760677497.json"
"766392","494885","2025-11-03","47.00","AUD","1760677497","305542/2025-11-03/1760677497.json"
"766393","494886","2025-11-27","39.00","AUD","1760677497","305542/2025-11-27/1760677497.json"
"766392","494885","2025-11-27","47.00","AUD","1760677497","305542/2025-11-27/1760677497.json"
"766391","494884","2025-11-27","48.00","AUD","1760677497","305542/2025-11-27/1760677497.json"
"766393","494886","2025-11-28","39.00","AUD","1760677497","305542/2025-11-28/1760677497.json"
"766393","494886","2025-11-30","39.00","AUD","1760677497","305542/2025-11-30/1760677497.json"
"766393","494886","2025-11-29","39.00","AUD","1760677497","305542/2025-11-29/1760677497.json"
"766392","494885","2025-11-30","47.00","AUD","1760677497","305542/2025-11-30/1760677497.json"
"766392","494885","2025-11-29","47.00","AUD","1760677497","305542/2025-11-29/1760677497.json"
"766391","494884","2025-11-30","48.00","AUD","1760677497","305542/2025-11-30/1760677497.json"
"766391","494884","2025-11-29","48.00","AUD","1760677497","305542/2025-11-29/1760677497.json"
"766391","494884","2025-12-01","2.00","AUD","1760677497","305542/2025-12-01/1760677497.json"
"766392","494885","2025-12-01","2.00","AUD","1760677497","305542/2025-12-01/1760677497.json"
"766393","494886","2025-12-01","39.00","AUD","1760677497","305542/2025-12-01/1760677497.json"
"766391","494884","2025-12-02","2.00","AUD","1760677497","305542/2025-12-02/1760677497.json"
"766392","494885","2025-12-02","2.00","AUD","1760677497","305542/2025-12-02/1760677497.json"
"766393","494886","2025-12-02","39.00","AUD","1760677497","305542/2025-12-02/1760677497.json"
"766389","494882","2025-10-24","45.00","AUD","1760692336","305542/2025-10-24/1760692336.json"
"766392","494885","2025-10-24","47.00","AUD","1760692336","305542/2025-10-24/1760692336.json"
"766391","494884","2025-10-24","48.00","AUD","1760692336","305542/2025-10-24/1760692336.json"
"766389","494882","2025-10-27","45.00","AUD","1760692336","305542/2025-10-27/1760692336.json"
"766392","494885","2025-10-27","47.00","AUD","1760692336","305542/2025-10-27/1760692336.json"
"766389","494882","2025-10-26","45.00","AUD","1760692336","305542/2025-10-26/1760692336.json"
"766392","494885","2025-10-26","47.00","AUD","1760692336","305542/2025-10-26/1760692336.json"
"766391","494884","2025-10-26","48.00","AUD","1760692336","305542/2025-10-26/1760692336.json"
"766389","494882","2025-10-25","45.00","AUD","1760692336","305542/2025-10-25/1760692336.json"
"766392","494885","2025-10-25","47.00","AUD","1760692336","305542/2025-10-25/1760692336.json"
"766391","494884","2025-10-25","48.00","AUD","1760692336","305542/2025-10-25/1760692336.json"
"766389","494882","2025-10-28","45.00","AUD","1760692336","305542/2025-10-28/1760692336.json"
"766392","494885","2025-10-28","47.00","AUD","1760692336","305542/2025-10-28/1760692336.json"
"766389","494882","2025-10-29","45.00","AUD","1760692336","305542/2025-10-29/1760692336.json"
"766392","494885","2025-10-29","47.00","AUD","1760692336","305542/2025-10-29/1760692336.json"
"766389","494882","2025-10-31","45.00","AUD","1760692336","305542/2025-10-31/1760692336.json"
"766392","494885","2025-10-31","47.00","AUD","1760692336","305542/2025-10-31/1760692336.json"
"766389","494882","2025-10-30","45.00","AUD","1760692336","305542/2025-10-30/1760692336.json"
"766392","494885","2025-10-30","47.00","AUD","1760692336","305542/2025-10-30/1760692336.json"
"766389","494882","2025-11-01","45.00","AUD","1760692336","305542/2025-11-01/1760692336.json"
"766392","494885","2025-11-01","47.00","AUD","1760692336","305542/2025-11-01/1760692336.json"
"766389","494882","2025-11-02","45.00","AUD","1760692336","305542/2025-11-02/1760692336.json"
"766392","494885","2025-11-02","47.00","AUD","1760692336","305542/2025-11-02/1760692336.json"
"766389","494882","2025-11-03","45.00","AUD","1760692336","305542/2025-11-03/1760692336.json"
"766392","494885","2025-11-03","47.00","AUD","1760692336","305542/2025-11-03/1760692336.json"
"766393","494886","2025-11-27","39.00","AUD","1760692336","305542/2025-11-27/1760692336.json"
"766392","494885","2025-11-27","47.00","AUD","1760692336","305542/2025-11-27/1760692336.json"
"766391","494884","2025-11-27","48.00","AUD","1760692336","305542/2025-11-27/1760692336.json"
"766393","494886","2025-11-28","39.00","AUD","1760692336","305542/2025-11-28/1760692336.json"
"766391","494884","2025-12-01","2.00","AUD","1760692336","305542/2025-12-01/1760692336.json"
"766392","494885","2025-12-01","2.00","AUD","1760692336","305542/2025-12-01/1760692336.json"
"766393","494886","2025-12-01","39.00","AUD","1760692336","305542/2025-12-01/1760692336.json"
"766393","494886","2025-11-29","39.00","AUD","1760692336","305542/2025-11-29/1760692336.json"
"766392","494885","2025-11-29","47.00","AUD","1760692336","305542/2025-11-29/1760692336.json"
"766391","494884","2025-11-29","48.00","AUD","1760692336","305542/2025-11-29/1760692336.json"
"766393","494886","2025-11-30","39.00","AUD","1760692336","305542/2025-11-30/1760692336.json"
"766392","494885","2025-11-30","47.00","AUD","1760692336","305542/2025-11-30/1760692336.json"
"766391","494884","2025-11-30","48.00","AUD","1760692336","305542/2025-11-30/1760692336.json"
"766391","494884","2025-12-02","2.00","AUD","1760692336","305542/2025-12-02/1760692336.json"
"766392","494885","2025-12-02","2.00","AUD","1760692336","305542/2025-12-02/1760692336.json"
"766393","494886","2025-12-02","39.00","AUD","1760692336","305542/2025-12-02/1760692336.json"
"766389","494882","2025-10-24","45.00","AUD","1760708714","305542/2025-10-24/1760708714.json"
"766392","494885","2025-10-24","47.00","AUD","1760708714","305542/2025-10-24/1760708714.json"
"766391","494884","2025-10-24","48.00","AUD","1760708714","305542/2025-10-24/1760708714.json"
"766389","494882","2025-10-27","45.00","AUD","1760708714","305542/2025-10-27/1760708714.json"
"766392","494885","2025-10-27","47.00","AUD","1760708714","305542/2025-10-27/1760708714.json"
"766389","494882","2025-10-25","45.00","AUD","1760708714","305542/2025-10-25/1760708714.json"
"766392","494885","2025-10-25","47.00","AUD","1760708714","305542/2025-10-25/1760708714.json"
"766391","494884","2025-10-25","48.00","AUD","1760708714","305542/2025-10-25/1760708714.json"
"766389","494882","2025-10-26","45.00","AUD","1760708714","305542/2025-10-26/1760708714.json"
"766392","494885","2025-10-26","47.00","AUD","1760708714","305542/2025-10-26/1760708714.json"
"766391","494884","2025-10-26","48.00","AUD","1760708714","305542/2025-10-26/1760708714.json"
"766389","494882","2025-10-28","45.00","AUD","1760708714","305542/2025-10-28/1760708714.json"
"766392","494885","2025-10-28","47.00","AUD","1760708714","305542/2025-10-28/1760708714.json"
"766389","494882","2025-10-30","45.00","AUD","1760708714","305542/2025-10-30/1760708714.json"
"766392","494885","2025-10-30","47.00","AUD","1760708714","305542/2025-10-30/1760708714.json"
"766389","494882","2025-11-01","45.00","AUD","1760708714","305542/2025-11-01/1760708714.json"
"766392","494885","2025-11-01","47.00","AUD","1760708714","305542/2025-11-01/1760708714.json"
"766389","494882","2025-10-31","45.00","AUD","1760708714","305542/2025-10-31/1760708714.json"
"766392","494885","2025-10-31","47.00","AUD","1760708714","305542/2025-10-31/1760708714.json"
"766389","494882","2025-11-02","45.00","AUD","1760708714","305542/2025-11-02/1760708714.json"
"766392","494885","2025-11-02","47.00","AUD","1760708714","305542/2025-11-02/1760708714.json"
"766389","494882","2025-10-29","45.00","AUD","1760708714","305542/2025-10-29/1760708714.json"
"766392","494885","2025-10-29","47.00","AUD","1760708714","305542/2025-10-29/1760708714.json"
"766389","494882","2025-11-03","45.00","AUD","1760708714","305542/2025-11-03/1760708714.json"
"766392","494885","2025-11-03","47.00","AUD","1760708714","305542/2025-11-03/1760708714.json"
"766393","494886","2025-11-27","39.00","AUD","1760708714","305542/2025-11-27/1760708714.json"
"766392","494885","2025-11-27","47.00","AUD","1760708714","305542/2025-11-27/1760708714.json"
"766391","494884","2025-11-27","48.00","AUD","1760708714","305542/2025-11-27/1760708714.json"
"766393","494886","2025-11-28","39.00","AUD","1760708714","305542/2025-11-28/1760708714.json"
"766393","494886","2025-11-30","39.00","AUD","1760708714","305542/2025-11-30/1760708714.json"
"766392","494885","2025-11-30","47.00","AUD","1760708714","305542/2025-11-30/1760708714.json"
"766391","494884","2025-11-30","48.00","AUD","1760708714","305542/2025-11-30/1760708714.json"
"766393","494886","2025-11-29","39.00","AUD","1760708714","305542/2025-11-29/1760708714.json"
"766392","494885","2025-11-29","47.00","AUD","1760708714","305542/2025-11-29/1760708714.json"
"766391","494884","2025-11-29","48.00","AUD","1760708714","305542/2025-11-29/1760708714.json"
"766391","494884","2025-12-02","2.00","AUD","1760708714","305542/2025-12-02/1760708714.json"
"766392","494885","2025-12-02","2.00","AUD","1760708714","305542/2025-12-02/1760708714.json"
"766393","494886","2025-12-02","39.00","AUD","1760708714","305542/2025-12-02/1760708714.json"
"766391","494884","2025-12-01","2.00","AUD","1760708714","305542/2025-12-01/1760708714.json"
"766392","494885","2025-12-01","2.00","AUD","1760708714","305542/2025-12-01/1760708714.json"
"766393","494886","2025-12-01","39.00","AUD","1760708714","305542/2025-12-01/1760708714.json"
"766389","494882","2025-10-24","45.00","AUD","1760720946","305542/2025-10-24/1760720946.json"
"766392","494885","2025-10-24","47.00","AUD","1760720946","305542/2025-10-24/1760720946.json"
"766391","494884","2025-10-24","48.00","AUD","1760720946","305542/2025-10-24/1760720946.json"
"766389","494882","2025-10-25","45.00","AUD","1760720946","305542/2025-10-25/1760720946.json"
"766392","494885","2025-10-25","47.00","AUD","1760720946","305542/2025-10-25/1760720946.json"
"766391","494884","2025-10-25","48.00","AUD","1760720946","305542/2025-10-25/1760720946.json"
"766389","494882","2025-10-26","45.00","AUD","1760720946","305542/2025-10-26/1760720946.json"
"766392","494885","2025-10-26","47.00","AUD","1760720946","305542/2025-10-26/1760720946.json"
"766391","494884","2025-10-26","48.00","AUD","1760720946","305542/2025-10-26/1760720946.json"
"766389","494882","2025-10-27","45.00","AUD","1760720946","305542/2025-10-27/1760720946.json"
"766392","494885","2025-10-27","47.00","AUD","1760720946","305542/2025-10-27/1760720946.json"
"766389","494882","2025-10-28","45.00","AUD","1760720946","305542/2025-10-28/1760720946.json"
"766392","494885","2025-10-28","47.00","AUD","1760720946","305542/2025-10-28/1760720946.json"
"766389","494882","2025-10-29","45.00","AUD","1760720946","305542/2025-10-29/1760720946.json"
"766392","494885","2025-10-29","47.00","AUD","1760720946","305542/2025-10-29/1760720946.json"
"766389","494882","2025-10-30","45.00","AUD","1760720946","305542/2025-10-30/1760720946.json"
"766392","494885","2025-10-30","47.00","AUD","1760720946","305542/2025-10-30/1760720946.json"
"766389","494882","2025-10-31","45.00","AUD","1760720946","305542/2025-10-31/1760720946.json"
"766392","494885","2025-10-31","47.00","AUD","1760720946","305542/2025-10-31/1760720946.json"
"766389","494882","2025-11-01","45.00","AUD","1760720946","305542/2025-11-01/1760720946.json"
"766392","494885","2025-11-01","47.00","AUD","1760720946","305542/2025-11-01/1760720946.json"
"766389","494882","2025-11-02","45.00","AUD","1760720946","305542/2025-11-02/1760720946.json"
"766392","494885","2025-11-02","47.00","AUD","1760720946","305542/2025-11-02/1760720946.json"
"766389","494882","2025-11-03","45.00","AUD","1760720946","305542/2025-11-03/1760720946.json"
"766392","494885","2025-11-03","47.00","AUD","1760720946","305542/2025-11-03/1760720946.json"
"766393","494886","2025-11-28","39.00","AUD","1760720946","305542/2025-11-28/1760720946.json"
"766393","494886","2025-11-27","39.00","AUD","1760720946","305542/2025-11-27/1760720946.json"
"766393","494886","2025-11-29","39.00","AUD","1760720946","305542/2025-11-29/1760720946.json"
"766392","494885","2025-11-27","47.00","AUD","1760720946","305542/2025-11-27/1760720946.json"
"766392","494885","2025-11-29","47.00","AUD","1760720946","305542/2025-11-29/1760720946.json"
"766391","494884","2025-11-29","48.00","AUD","1760720946","305542/2025-11-29/1760720946.json"
"766391","494884","2025-11-27","48.00","AUD","1760720946","305542/2025-11-27/1760720946.json"
"766393","494886","2025-11-30","39.00","AUD","1760720946","305542/2025-11-30/1760720946.json"
"766392","494885","2025-11-30","47.00","AUD","1760720946","305542/2025-11-30/1760720946.json"
"766391","494884","2025-11-30","48.00","AUD","1760720946","305542/2025-11-30/1760720946.json"
"766391","494884","2025-12-02","2.00","AUD","1760720946","305542/2025-12-02/1760720946.json"
"766392","494885","2025-12-02","2.00","AUD","1760720946","305542/2025-12-02/1760720946.json"
"766393","494886","2025-12-02","39.00","AUD","1760720946","305542/2025-12-02/1760720946.json"
"766391","494884","2025-12-01","2.00","AUD","1760720946","305542/2025-12-01/1760720946.json"
"766392","494885","2025-12-01","2.00","AUD","1760720946","305542/2025-12-01/1760720946.json"
"766393","494886","2025-12-01","39.00","AUD","1760720946","305542/2025-12-01/1760720946.json"
"766389","494882","2025-10-24","45.00","AUD","1760734632","305542/2025-10-24/1760734632.json"
"766392","494885","2025-10-24","47.00","AUD","1760734632","305542/2025-10-24/1760734632.json"
"766391","494884","2025-10-24","48.00","AUD","1760734632","305542/2025-10-24/1760734632.json"
"766389","494882","2025-10-25","45.00","AUD","1760734632","305542/2025-10-25/1760734632.json"
"766392","494885","2025-10-25","47.00","AUD","1760734632","305542/2025-10-25/1760734632.json"
"766391","494884","2025-10-25","48.00","AUD","1760734632","305542/2025-10-25/1760734632.json"
"766389","494882","2025-10-26","45.00","AUD","1760734632","305542/2025-10-26/1760734632.json"
"766392","494885","2025-10-26","47.00","AUD","1760734632","305542/2025-10-26/1760734632.json"
"766391","494884","2025-10-26","48.00","AUD","1760734632","305542/2025-10-26/1760734632.json"
"766389","494882","2025-10-27","45.00","AUD","1760734632","305542/2025-10-27/1760734632.json"
"766392","494885","2025-10-27","47.00","AUD","1760734632","305542/2025-10-27/1760734632.json"
"766389","494882","2025-10-29","45.00","AUD","1760734632","305542/2025-10-29/1760734632.json"
"766392","494885","2025-10-29","47.00","AUD","1760734632","305542/2025-10-29/1760734632.json"
"766389","494882","2025-10-28","45.00","AUD","1760734632","305542/2025-10-28/1760734632.json"
"766392","494885","2025-10-28","47.00","AUD","1760734632","305542/2025-10-28/1760734632.json"
"766389","494882","2025-10-30","45.00","AUD","1760734632","305542/2025-10-30/1760734632.json"
"766392","494885","2025-10-30","47.00","AUD","1760734632","305542/2025-10-30/1760734632.json"
"766389","494882","2025-11-01","45.00","AUD","1760734632","305542/2025-11-01/1760734632.json"
"766392","494885","2025-11-01","47.00","AUD","1760734632","305542/2025-11-01/1760734632.json"
"766389","494882","2025-10-31","45.00","AUD","1760734632","305542/2025-10-31/1760734632.json"
"766392","494885","2025-10-31","47.00","AUD","1760734632","305542/2025-10-31/1760734632.json"
"766389","494882","2025-11-02","45.00","AUD","1760734632","305542/2025-11-02/1760734632.json"
"766392","494885","2025-11-02","47.00","AUD","1760734632","305542/2025-11-02/1760734632.json"
"766389","494882","2025-11-03","45.00","AUD","1760734632","305542/2025-11-03/1760734632.json"
"766392","494885","2025-11-03","47.00","AUD","1760734632","305542/2025-11-03/1760734632.json"
"766393","494886","2025-11-28","39.00","AUD","1760734632","305542/2025-11-28/1760734632.json"
"766393","494886","2025-11-30","39.00","AUD","1760734632","305542/2025-11-30/1760734632.json"
"766392","494885","2025-11-30","47.00","AUD","1760734632","305542/2025-11-30/1760734632.json"
"766391","494884","2025-11-30","48.00","AUD","1760734632","305542/2025-11-30/1760734632.json"
"766393","494886","2025-11-27","39.00","AUD","1760734632","305542/2025-11-27/1760734632.json"
"766392","494885","2025-11-27","47.00","AUD","1760734632","305542/2025-11-27/1760734632.json"
"766391","494884","2025-11-27","48.00","AUD","1760734632","305542/2025-11-27/1760734632.json"
"766393","494886","2025-11-29","39.00","AUD","1760734632","305542/2025-11-29/1760734632.json"
"766392","494885","2025-11-29","47.00","AUD","1760734632","305542/2025-11-29/1760734632.json"
"766391","494884","2025-11-29","48.00","AUD","1760734632","305542/2025-11-29/1760734632.json"
"766391","494884","2025-12-01","2.00","AUD","1760734632","305542/2025-12-01/1760734632.json"
"766392","494885","2025-12-01","2.00","AUD","1760734632","305542/2025-12-01/1760734632.json"
"766393","494886","2025-12-01","39.00","AUD","1760734632","305542/2025-12-01/1760734632.json"
"766391","494884","2025-12-02","2.00","AUD","1760734632","305542/2025-12-02/1760734632.json"
"766392","494885","2025-12-02","2.00","AUD","1760734632","305542/2025-12-02/1760734632.json"
"766393","494886","2025-12-02","39.00","AUD","1760734632","305542/2025-12-02/1760734632.json"
"766389","494882","2025-10-25","45.00","AUD","1760758178","305542/2025-10-25/1760758178.json"
"766392","494885","2025-10-25","47.00","AUD","1760758178","305542/2025-10-25/1760758178.json"
"766391","494884","2025-10-25","48.00","AUD","1760758178","305542/2025-10-25/1760758178.json"
"766389","494882","2025-10-28","45.00","AUD","1760758178","305542/2025-10-28/1760758178.json"
"766392","494885","2025-10-28","47.00","AUD","1760758178","305542/2025-10-28/1760758178.json"
"766389","494882","2025-10-27","45.00","AUD","1760758178","305542/2025-10-27/1760758178.json"
"766392","494885","2025-10-27","47.00","AUD","1760758178","305542/2025-10-27/1760758178.json"
"766389","494882","2025-10-26","45.00","AUD","1760758178","305542/2025-10-26/1760758178.json"
"766392","494885","2025-10-26","47.00","AUD","1760758178","305542/2025-10-26/1760758178.json"
"766391","494884","2025-10-26","48.00","AUD","1760758178","305542/2025-10-26/1760758178.json"
"766389","494882","2025-10-29","45.00","AUD","1760758178","305542/2025-10-29/1760758178.json"
"766392","494885","2025-10-29","47.00","AUD","1760758178","305542/2025-10-29/1760758178.json"
"766389","494882","2025-10-30","45.00","AUD","1760758178","305542/2025-10-30/1760758178.json"
"766392","494885","2025-10-30","47.00","AUD","1760758178","305542/2025-10-30/1760758178.json"
"766389","494882","2025-10-31","45.00","AUD","1760758178","305542/2025-10-31/1760758178.json"
"766392","494885","2025-10-31","47.00","AUD","1760758178","305542/2025-10-31/1760758178.json"
"766389","494882","2025-11-01","45.00","AUD","1760758178","305542/2025-11-01/1760758178.json"
"766392","494885","2025-11-01","47.00","AUD","1760758178","305542/2025-11-01/1760758178.json"
"766389","494882","2025-11-02","45.00","AUD","1760758178","305542/2025-11-02/1760758178.json"
"766392","494885","2025-11-02","47.00","AUD","1760758178","305542/2025-11-02/1760758178.json"
"766389","494882","2025-11-03","45.00","AUD","1760758178","305542/2025-11-03/1760758178.json"
"766392","494885","2025-11-03","47.00","AUD","1760758178","305542/2025-11-03/1760758178.json"
"766393","494886","2025-11-27","39.00","AUD","1760758178","305542/2025-11-27/1760758178.json"
"766392","494885","2025-11-27","47.00","AUD","1760758178","305542/2025-11-27/1760758178.json"
"766391","494884","2025-11-27","48.00","AUD","1760758178","305542/2025-11-27/1760758178.json"
"766393","494886","2025-11-28","39.00","AUD","1760758178","305542/2025-11-28/1760758178.json"
"766393","494886","2025-11-29","39.00","AUD","1760758178","305542/2025-11-29/1760758178.json"
"766392","494885","2025-11-29","47.00","AUD","1760758178","305542/2025-11-29/1760758178.json"
"766391","494884","2025-11-29","48.00","AUD","1760758178","305542/2025-11-29/1760758178.json"
"766393","494886","2025-11-30","39.00","AUD","1760758178","305542/2025-11-30/1760758178.json"
"766392","494885","2025-11-30","47.00","AUD","1760758178","305542/2025-11-30/1760758178.json"
"766391","494884","2025-11-30","48.00","AUD","1760758178","305542/2025-11-30/1760758178.json"
"766391","494884","2025-12-01","2.00","AUD","1760758178","305542/2025-12-01/1760758178.json"
"766392","494885","2025-12-01","2.00","AUD","1760758178","305542/2025-12-01/1760758178.json"
"766393","494886","2025-12-01","39.00","AUD","1760758178","305542/2025-12-01/1760758178.json"
"766391","494884","2025-12-02","2.00","AUD","1760758178","305542/2025-12-02/1760758178.json"
"766392","494885","2025-12-02","2.00","AUD","1760758178","305542/2025-12-02/1760758178.json"
"766393","494886","2025-12-02","39.00","AUD","1760758178","305542/2025-12-02/1760758178.json"
"766389","494882","2025-10-25","45.00","AUD","1760763904","305542/2025-10-25/1760763904.json"
"766392","494885","2025-10-25","47.00","AUD","1760763904","305542/2025-10-25/1760763904.json"
"766391","494884","2025-10-25","48.00","AUD","1760763904","305542/2025-10-25/1760763904.json"
"766389","494882","2025-10-28","45.00","AUD","1760763904","305542/2025-10-28/1760763904.json"
"766392","494885","2025-10-28","47.00","AUD","1760763904","305542/2025-10-28/1760763904.json"
"766389","494882","2025-10-27","45.00","AUD","1760763904","305542/2025-10-27/1760763904.json"
"766392","494885","2025-10-27","47.00","AUD","1760763904","305542/2025-10-27/1760763904.json"
"766389","494882","2025-10-26","45.00","AUD","1760763904","305542/2025-10-26/1760763904.json"
"766392","494885","2025-10-26","47.00","AUD","1760763904","305542/2025-10-26/1760763904.json"
"766391","494884","2025-10-26","48.00","AUD","1760763904","305542/2025-10-26/1760763904.json"
"766389","494882","2025-10-29","45.00","AUD","1760763904","305542/2025-10-29/1760763904.json"
"766392","494885","2025-10-29","47.00","AUD","1760763904","305542/2025-10-29/1760763904.json"
"766389","494882","2025-10-30","45.00","AUD","1760763904","305542/2025-10-30/1760763904.json"
"766392","494885","2025-10-30","47.00","AUD","1760763904","305542/2025-10-30/1760763904.json"
"766389","494882","2025-11-01","45.00","AUD","1760763904","305542/2025-11-01/1760763904.json"
"766392","494885","2025-11-01","47.00","AUD","1760763904","305542/2025-11-01/1760763904.json"
"766389","494882","2025-10-31","45.00","AUD","1760763904","305542/2025-10-31/1760763904.json"
"766392","494885","2025-10-31","47.00","AUD","1760763904","305542/2025-10-31/1760763904.json"
"766389","494882","2025-11-02","45.00","AUD","1760763904","305542/2025-11-02/1760763904.json"
"766392","494885","2025-11-02","47.00","AUD","1760763904","305542/2025-11-02/1760763904.json"
"766389","494882","2025-11-03","45.00","AUD","1760763904","305542/2025-11-03/1760763904.json"
"766392","494885","2025-11-03","47.00","AUD","1760763904","305542/2025-11-03/1760763904.json"
"766393","494886","2025-11-27","39.00","AUD","1760763904","305542/2025-11-27/1760763904.json"
"766392","494885","2025-11-27","47.00","AUD","1760763904","305542/2025-11-27/1760763904.json"
"766391","494884","2025-11-27","48.00","AUD","1760763904","305542/2025-11-27/1760763904.json"
"766393","494886","2025-11-28","39.00","AUD","1760763904","305542/2025-11-28/1760763904.json"
"766393","494886","2025-11-29","39.00","AUD","1760763904","305542/2025-11-29/1760763904.json"
"766392","494885","2025-11-29","47.00","AUD","1760763904","305542/2025-11-29/1760763904.json"
"766391","494884","2025-11-29","48.00","AUD","1760763904","305542/2025-11-29/1760763904.json"
"766393","494886","2025-11-30","39.00","AUD","1760763904","305542/2025-11-30/1760763904.json"
"766392","494885","2025-11-30","47.00","AUD","1760763904","305542/2025-11-30/1760763904.json"
"766391","494884","2025-11-30","48.00","AUD","1760763904","305542/2025-11-30/1760763904.json"
"766391","494884","2025-12-01","2.00","AUD","1760763904","305542/2025-12-01/1760763904.json"
"766392","494885","2025-12-01","2.00","AUD","1760763904","305542/2025-12-01/1760763904.json"
"766393","494886","2025-12-01","39.00","AUD","1760763904","305542/2025-12-01/1760763904.json"
"766391","494884","2025-12-02","2.00","AUD","1760763904","305542/2025-12-02/1760763904.json"
"766392","494885","2025-12-02","2.00","AUD","1760763904","305542/2025-12-02/1760763904.json"
"766393","494886","2025-12-02","39.00","AUD","1760763904","305542/2025-12-02/1760763904.json"
"766389","494882","2025-10-25","45.00","AUD","1760778262","305542/2025-10-25/1760778262.json"
"766392","494885","2025-10-25","47.00","AUD","1760778262","305542/2025-10-25/1760778262.json"
"766391","494884","2025-10-25","48.00","AUD","1760778262","305542/2025-10-25/1760778262.json"
"766389","494882","2025-10-27","45.00","AUD","1760778262","305542/2025-10-27/1760778262.json"
"766392","494885","2025-10-27","47.00","AUD","1760778262","305542/2025-10-27/1760778262.json"
"766389","494882","2025-10-26","45.00","AUD","1760778262","305542/2025-10-26/1760778262.json"
"766392","494885","2025-10-26","47.00","AUD","1760778262","305542/2025-10-26/1760778262.json"
"766391","494884","2025-10-26","48.00","AUD","1760778262","305542/2025-10-26/1760778262.json"
"766389","494882","2025-10-28","45.00","AUD","1760778262","305542/2025-10-28/1760778262.json"
"766389","494882","2025-10-29","45.00","AUD","1760778262","305542/2025-10-29/1760778262.json"
"766392","494885","2025-10-28","47.00","AUD","1760778262","305542/2025-10-28/1760778262.json"
"766392","494885","2025-10-29","47.00","AUD","1760778262","305542/2025-10-29/1760778262.json"
"766389","494882","2025-10-30","45.00","AUD","1760778262","305542/2025-10-30/1760778262.json"
"766392","494885","2025-10-30","47.00","AUD","1760778262","305542/2025-10-30/1760778262.json"
"766389","494882","2025-11-02","45.00","AUD","1760778262","305542/2025-11-02/1760778262.json"
"766392","494885","2025-11-02","47.00","AUD","1760778262","305542/2025-11-02/1760778262.json"
"766389","494882","2025-10-31","45.00","AUD","1760778262","305542/2025-10-31/1760778262.json"
"766392","494885","2025-10-31","47.00","AUD","1760778262","305542/2025-10-31/1760778262.json"
"766389","494882","2025-11-01","45.00","AUD","1760778262","305542/2025-11-01/1760778262.json"
"766392","494885","2025-11-01","47.00","AUD","1760778262","305542/2025-11-01/1760778262.json"
"766389","494882","2025-11-03","45.00","AUD","1760778262","305542/2025-11-03/1760778262.json"
"766392","494885","2025-11-03","47.00","AUD","1760778262","305542/2025-11-03/1760778262.json"
"766393","494886","2025-11-27","39.00","AUD","1760778262","305542/2025-11-27/1760778262.json"
"766392","494885","2025-11-27","47.00","AUD","1760778262","305542/2025-11-27/1760778262.json"
"766391","494884","2025-11-27","48.00","AUD","1760778262","305542/2025-11-27/1760778262.json"
"766393","494886","2025-11-28","39.00","AUD","1760778262","305542/2025-11-28/1760778262.json"
"766393","494886","2025-11-29","39.00","AUD","1760778262","305542/2025-11-29/1760778262.json"
"766392","494885","2025-11-29","47.00","AUD","1760778262","305542/2025-11-29/1760778262.json"
"766391","494884","2025-11-29","48.00","AUD","1760778262","305542/2025-11-29/1760778262.json"
"766393","494886","2025-11-30","39.00","AUD","1760778262","305542/2025-11-30/1760778262.json"
"766392","494885","2025-11-30","47.00","AUD","1760778262","305542/2025-11-30/1760778262.json"
"766391","494884","2025-11-30","48.00","AUD","1760778262","305542/2025-11-30/1760778262.json"
"766391","494884","2025-12-01","2.00","AUD","1760778262","305542/2025-12-01/1760778262.json"
"766392","494885","2025-12-01","2.00","AUD","1760778262","305542/2025-12-01/1760778262.json"
"766393","494886","2025-12-01","39.00","AUD","1760778262","305542/2025-12-01/1760778262.json"
"766391","494884","2025-12-02","2.00","AUD","1760778262","305542/2025-12-02/1760778262.json"
"766392","494885","2025-12-02","2.00","AUD","1760778262","305542/2025-12-02/1760778262.json"
"766393","494886","2025-12-02","39.00","AUD","1760778262","305542/2025-12-02/1760778262.json"
"766389","494882","2025-10-26","45.00","AUD","1760794186","305542/2025-10-26/1760794186.json"
"766392","494885","2025-10-26","47.00","AUD","1760794186","305542/2025-10-26/1760794186.json"
"766391","494884","2025-10-26","48.00","AUD","1760794186","305542/2025-10-26/1760794186.json"
"766389","494882","2025-10-25","45.00","AUD","1760794186","305542/2025-10-25/1760794186.json"
"766392","494885","2025-10-25","47.00","AUD","1760794186","305542/2025-10-25/1760794186.json"
"766391","494884","2025-10-25","48.00","AUD","1760794186","305542/2025-10-25/1760794186.json"
"766389","494882","2025-10-28","45.00","AUD","1760794186","305542/2025-10-28/1760794186.json"
"766392","494885","2025-10-28","47.00","AUD","1760794186","305542/2025-10-28/1760794186.json"
"766389","494882","2025-10-27","45.00","AUD","1760794186","305542/2025-10-27/1760794186.json"
"766392","494885","2025-10-27","47.00","AUD","1760794186","305542/2025-10-27/1760794186.json"
"766389","494882","2025-10-29","45.00","AUD","1760794186","305542/2025-10-29/1760794186.json"
"766392","494885","2025-10-29","47.00","AUD","1760794186","305542/2025-10-29/1760794186.json"
"766389","494882","2025-11-01","45.00","AUD","1760794186","305542/2025-11-01/1760794186.json"
"766392","494885","2025-11-01","47.00","AUD","1760794186","305542/2025-11-01/1760794186.json"
"766389","494882","2025-10-31","45.00","AUD","1760794186","305542/2025-10-31/1760794186.json"
"766392","494885","2025-10-31","47.00","AUD","1760794186","305542/2025-10-31/1760794186.json"
"766389","494882","2025-10-30","45.00","AUD","1760794186","305542/2025-10-30/1760794186.json"
"766392","494885","2025-10-30","47.00","AUD","1760794186","305542/2025-10-30/1760794186.json"
"766389","494882","2025-11-02","45.00","AUD","1760794186","305542/2025-11-02/1760794186.json"
"766392","494885","2025-11-02","47.00","AUD","1760794186","305542/2025-11-02/1760794186.json"
"766389","494882","2025-11-03","45.00","AUD","1760794186","305542/2025-11-03/1760794186.json"
"766392","494885","2025-11-03","47.00","AUD","1760794186","305542/2025-11-03/1760794186.json"
"766393","494886","2025-11-28","39.00","AUD","1760794186","305542/2025-11-28/1760794186.json"
"766393","494886","2025-11-27","39.00","AUD","1760794186","305542/2025-11-27/1760794186.json"
"766392","494885","2025-11-27","47.00","AUD","1760794186","305542/2025-11-27/1760794186.json"
"766391","494884","2025-11-27","48.00","AUD","1760794186","305542/2025-11-27/1760794186.json"
"766393","494886","2025-11-29","39.00","AUD","1760794186","305542/2025-11-29/1760794186.json"
"766392","494885","2025-11-29","47.00","AUD","1760794186","305542/2025-11-29/1760794186.json"
"766391","494884","2025-11-29","48.00","AUD","1760794186","305542/2025-11-29/1760794186.json"
"766393","494886","2025-11-30","39.00","AUD","1760794186","305542/2025-11-30/1760794186.json"
"766392","494885","2025-11-30","47.00","AUD","1760794186","305542/2025-11-30/1760794186.json"
"766391","494884","2025-11-30","48.00","AUD","1760794186","305542/2025-11-30/1760794186.json"
"766391","494884","2025-12-02","2.00","AUD","1760794186","305542/2025-12-02/1760794186.json"
"766392","494885","2025-12-02","2.00","AUD","1760794186","305542/2025-12-02/1760794186.json"
"766393","494886","2025-12-02","39.00","AUD","1760794186","305542/2025-12-02/1760794186.json"
"766391","494884","2025-12-01","2.00","AUD","1760794186","305542/2025-12-01/1760794186.json"
"766392","494885","2025-12-01","2.00","AUD","1760794186","305542/2025-12-01/1760794186.json"
"766393","494886","2025-12-01","39.00","AUD","1760794186","305542/2025-12-01/1760794186.json"
"766389","494882","2025-10-25","45.00","AUD","1760807304","305542/2025-10-25/1760807304.json"
"766392","494885","2025-10-25","47.00","AUD","1760807304","305542/2025-10-25/1760807304.json"
"766391","494884","2025-10-25","48.00","AUD","1760807304","305542/2025-10-25/1760807304.json"
"766389","494882","2025-10-26","45.00","AUD","1760807304","305542/2025-10-26/1760807304.json"
"766392","494885","2025-10-26","47.00","AUD","1760807304","305542/2025-10-26/1760807304.json"
"766391","494884","2025-10-26","48.00","AUD","1760807304","305542/2025-10-26/1760807304.json"
"766389","494882","2025-10-28","45.00","AUD","1760807304","305542/2025-10-28/1760807304.json"
"766392","494885","2025-10-28","47.00","AUD","1760807304","305542/2025-10-28/1760807304.json"
"766389","494882","2025-10-29","45.00","AUD","1760807304","305542/2025-10-29/1760807304.json"
"766392","494885","2025-10-29","47.00","AUD","1760807304","305542/2025-10-29/1760807304.json"
"766389","494882","2025-10-27","45.00","AUD","1760807304","305542/2025-10-27/1760807304.json"
"766392","494885","2025-10-27","47.00","AUD","1760807304","305542/2025-10-27/1760807304.json"
"766389","494882","2025-10-30","45.00","AUD","1760807304","305542/2025-10-30/1760807304.json"
"766392","494885","2025-10-30","47.00","AUD","1760807304","305542/2025-10-30/1760807304.json"
"766389","494882","2025-10-31","45.00","AUD","1760807304","305542/2025-10-31/1760807304.json"
"766392","494885","2025-10-31","47.00","AUD","1760807304","305542/2025-10-31/1760807304.json"
"766389","494882","2025-11-02","45.00","AUD","1760807304","305542/2025-11-02/1760807304.json"
"766392","494885","2025-11-02","47.00","AUD","1760807304","305542/2025-11-02/1760807304.json"
"766389","494882","2025-11-01","45.00","AUD","1760807304","305542/2025-11-01/1760807304.json"
"766392","494885","2025-11-01","47.00","AUD","1760807304","305542/2025-11-01/1760807304.json"
"766389","494882","2025-11-03","45.00","AUD","1760807304","305542/2025-11-03/1760807304.json"
"766392","494885","2025-11-03","47.00","AUD","1760807304","305542/2025-11-03/1760807304.json"
"766393","494886","2025-11-27","39.00","AUD","1760807304","305542/2025-11-27/1760807304.json"
"766392","494885","2025-11-27","47.00","AUD","1760807304","305542/2025-11-27/1760807304.json"
"766391","494884","2025-11-27","48.00","AUD","1760807304","305542/2025-11-27/1760807304.json"
"766393","494886","2025-11-28","39.00","AUD","1760807304","305542/2025-11-28/1760807304.json"
"766393","494886","2025-11-29","39.00","AUD","1760807304","305542/2025-11-29/1760807304.json"
"766392","494885","2025-11-29","47.00","AUD","1760807304","305542/2025-11-29/1760807304.json"
"766391","494884","2025-11-29","48.00","AUD","1760807304","305542/2025-11-29/1760807304.json"
"766393","494886","2025-11-30","39.00","AUD","1760807304","305542/2025-11-30/1760807304.json"
"766392","494885","2025-11-30","47.00","AUD","1760807304","305542/2025-11-30/1760807304.json"
"766391","494884","2025-11-30","48.00","AUD","1760807304","305542/2025-11-30/1760807304.json"
"766391","494884","2025-12-01","2.00","AUD","1760807304","305542/2025-12-01/1760807304.json"
"766392","494885","2025-12-01","2.00","AUD","1760807304","305542/2025-12-01/1760807304.json"
"766393","494886","2025-12-01","39.00","AUD","1760807304","305542/2025-12-01/1760807304.json"
"766391","494884","2025-12-02","2.00","AUD","1760807304","305542/2025-12-02/1760807304.json"
"766392","494885","2025-12-02","2.00","AUD","1760807304","305542/2025-12-02/1760807304.json"
"766393","494886","2025-12-02","39.00","AUD","1760807304","305542/2025-12-02/1760807304.json"
"766389","494882","2025-10-25","45.00","AUD","1760821256","305542/2025-10-25/1760821256.json"
"766392","494885","2025-10-25","47.00","AUD","1760821256","305542/2025-10-25/1760821256.json"
"766391","494884","2025-10-25","48.00","AUD","1760821256","305542/2025-10-25/1760821256.json"
"766389","494882","2025-10-26","45.00","AUD","1760821256","305542/2025-10-26/1760821256.json"
"766392","494885","2025-10-26","47.00","AUD","1760821256","305542/2025-10-26/1760821256.json"
"766391","494884","2025-10-26","48.00","AUD","1760821256","305542/2025-10-26/1760821256.json"
"766389","494882","2025-10-28","45.00","AUD","1760821256","305542/2025-10-28/1760821256.json"
"766392","494885","2025-10-28","47.00","AUD","1760821256","305542/2025-10-28/1760821256.json"
"766389","494882","2025-10-29","45.00","AUD","1760821256","305542/2025-10-29/1760821256.json"
"766392","494885","2025-10-29","47.00","AUD","1760821256","305542/2025-10-29/1760821256.json"
"766389","494882","2025-10-27","45.00","AUD","1760821256","305542/2025-10-27/1760821256.json"
"766392","494885","2025-10-27","47.00","AUD","1760821256","305542/2025-10-27/1760821256.json"
"766389","494882","2025-10-30","45.00","AUD","1760821256","305542/2025-10-30/1760821256.json"
"766392","494885","2025-10-30","47.00","AUD","1760821256","305542/2025-10-30/1760821256.json"
"766389","494882","2025-10-31","45.00","AUD","1760821256","305542/2025-10-31/1760821256.json"
"766392","494885","2025-10-31","47.00","AUD","1760821256","305542/2025-10-31/1760821256.json"
"766389","494882","2025-11-01","45.00","AUD","1760821256","305542/2025-11-01/1760821256.json"
"766392","494885","2025-11-01","47.00","AUD","1760821256","305542/2025-11-01/1760821256.json"
"766389","494882","2025-11-02","45.00","AUD","1760821256","305542/2025-11-02/1760821256.json"
"766392","494885","2025-11-02","47.00","AUD","1760821256","305542/2025-11-02/1760821256.json"
"766389","494882","2025-11-03","45.00","AUD","1760821256","305542/2025-11-03/1760821256.json"
"766392","494885","2025-11-03","47.00","AUD","1760821256","305542/2025-11-03/1760821256.json"
"766393","494886","2025-11-27","39.00","AUD","1760821256","305542/2025-11-27/1760821256.json"
"766392","494885","2025-11-27","47.00","AUD","1760821256","305542/2025-11-27/1760821256.json"
"766391","494884","2025-11-27","48.00","AUD","1760821256","305542/2025-11-27/1760821256.json"
"766393","494886","2025-11-28","39.00","AUD","1760821256","305542/2025-11-28/1760821256.json"
"766393","494886","2025-11-29","39.00","AUD","1760821256","305542/2025-11-29/1760821256.json"
"766392","494885","2025-11-29","47.00","AUD","1760821256","305542/2025-11-29/1760821256.json"
"766391","494884","2025-11-29","48.00","AUD","1760821256","305542/2025-11-29/1760821256.json"
"766391","494884","2025-12-01","2.00","AUD","1760821256","305542/2025-12-01/1760821256.json"
"766392","494885","2025-12-01","2.00","AUD","1760821256","305542/2025-12-01/1760821256.json"
"766393","494886","2025-12-01","39.00","AUD","1760821256","305542/2025-12-01/1760821256.json"
"766393","494886","2025-11-30","39.00","AUD","1760821256","305542/2025-11-30/1760821256.json"
"766392","494885","2025-11-30","47.00","AUD","1760821256","305542/2025-11-30/1760821256.json"
"766391","494884","2025-11-30","48.00","AUD","1760821256","305542/2025-11-30/1760821256.json"
"766391","494884","2025-12-02","2.00","AUD","1760821256","305542/2025-12-02/1760821256.json"
"766392","494885","2025-12-02","2.00","AUD","1760821256","305542/2025-12-02/1760821256.json"
"766393","494886","2025-12-02","39.00","AUD","1760821256","305542/2025-12-02/1760821256.json"
"766389","494882","2025-10-26","45.00","AUD","1760846309","305542/2025-10-26/1760846309.json"
"766392","494885","2025-10-26","47.00","AUD","1760846309","305542/2025-10-26/1760846309.json"
"766391","494884","2025-10-26","48.00","AUD","1760846309","305542/2025-10-26/1760846309.json"
"766389","494882","2025-10-29","45.00","AUD","1760846309","305542/2025-10-29/1760846309.json"
"766389","494882","2025-10-28","45.00","AUD","1760846309","305542/2025-10-28/1760846309.json"
"766392","494885","2025-10-29","47.00","AUD","1760846309","305542/2025-10-29/1760846309.json"
"766392","494885","2025-10-28","47.00","AUD","1760846309","305542/2025-10-28/1760846309.json"
"766389","494882","2025-10-27","45.00","AUD","1760846309","305542/2025-10-27/1760846309.json"
"766392","494885","2025-10-27","47.00","AUD","1760846309","305542/2025-10-27/1760846309.json"
"766389","494882","2025-10-30","45.00","AUD","1760846309","305542/2025-10-30/1760846309.json"
"766392","494885","2025-10-30","47.00","AUD","1760846309","305542/2025-10-30/1760846309.json"
"766389","494882","2025-11-02","45.00","AUD","1760846309","305542/2025-11-02/1760846309.json"
"766392","494885","2025-11-02","47.00","AUD","1760846309","305542/2025-11-02/1760846309.json"
"766389","494882","2025-10-31","45.00","AUD","1760846309","305542/2025-10-31/1760846309.json"
"766392","494885","2025-10-31","47.00","AUD","1760846309","305542/2025-10-31/1760846309.json"
"766389","494882","2025-11-03","45.00","AUD","1760846309","305542/2025-11-03/1760846309.json"
"766392","494885","2025-11-03","47.00","AUD","1760846309","305542/2025-11-03/1760846309.json"
"766389","494882","2025-11-01","45.00","AUD","1760846309","305542/2025-11-01/1760846309.json"
"766392","494885","2025-11-01","47.00","AUD","1760846309","305542/2025-11-01/1760846309.json"
"766393","494886","2025-11-27","39.00","AUD","1760846309","305542/2025-11-27/1760846309.json"
"766392","494885","2025-11-27","47.00","AUD","1760846309","305542/2025-11-27/1760846309.json"
"766391","494884","2025-11-27","48.00","AUD","1760846309","305542/2025-11-27/1760846309.json"
"766393","494886","2025-11-28","39.00","AUD","1760846309","305542/2025-11-28/1760846309.json"
"766393","494886","2025-11-30","39.00","AUD","1760846309","305542/2025-11-30/1760846309.json"
"766392","494885","2025-11-30","47.00","AUD","1760846309","305542/2025-11-30/1760846309.json"
"766391","494884","2025-11-30","48.00","AUD","1760846309","305542/2025-11-30/1760846309.json"
"766391","494884","2025-12-01","2.00","AUD","1760846309","305542/2025-12-01/1760846309.json"
"766392","494885","2025-12-01","2.00","AUD","1760846309","305542/2025-12-01/1760846309.json"
"766393","494886","2025-12-01","39.00","AUD","1760846309","305542/2025-12-01/1760846309.json"
"766393","494886","2025-11-29","39.00","AUD","1760846309","305542/2025-11-29/1760846309.json"
"766392","494885","2025-11-29","47.00","AUD","1760846309","305542/2025-11-29/1760846309.json"
"766391","494884","2025-11-29","48.00","AUD","1760846309","305542/2025-11-29/1760846309.json"
"766391","494884","2025-12-02","2.00","AUD","1760846309","305542/2025-12-02/1760846309.json"
"766392","494885","2025-12-02","2.00","AUD","1760846309","305542/2025-12-02/1760846309.json"
"766393","494886","2025-12-02","39.00","AUD","1760846309","305542/2025-12-02/1760846309.json"
"766389","494882","2025-10-26","45.00","AUD","1760850285","305542/2025-10-26/1760850285.json"
"766392","494885","2025-10-26","47.00","AUD","1760850285","305542/2025-10-26/1760850285.json"
"766391","494884","2025-10-26","48.00","AUD","1760850285","305542/2025-10-26/1760850285.json"
"766389","494882","2025-10-29","45.00","AUD","1760850285","305542/2025-10-29/1760850285.json"
"766392","494885","2025-10-29","47.00","AUD","1760850285","305542/2025-10-29/1760850285.json"
"766389","494882","2025-10-28","45.00","AUD","1760850285","305542/2025-10-28/1760850285.json"
"766392","494885","2025-10-28","47.00","AUD","1760850285","305542/2025-10-28/1760850285.json"
"766389","494882","2025-10-27","45.00","AUD","1760850285","305542/2025-10-27/1760850285.json"
"766392","494885","2025-10-27","47.00","AUD","1760850285","305542/2025-10-27/1760850285.json"
"766389","494882","2025-10-30","45.00","AUD","1760850285","305542/2025-10-30/1760850285.json"
"766392","494885","2025-10-30","47.00","AUD","1760850285","305542/2025-10-30/1760850285.json"
"766389","494882","2025-10-31","45.00","AUD","1760850285","305542/2025-10-31/1760850285.json"
"766392","494885","2025-10-31","47.00","AUD","1760850285","305542/2025-10-31/1760850285.json"
"766389","494882","2025-11-02","45.00","AUD","1760850285","305542/2025-11-02/1760850285.json"
"766392","494885","2025-11-02","47.00","AUD","1760850285","305542/2025-11-02/1760850285.json"
"766389","494882","2025-11-03","45.00","AUD","1760850285","305542/2025-11-03/1760850285.json"
"766392","494885","2025-11-03","47.00","AUD","1760850285","305542/2025-11-03/1760850285.json"
"766389","494882","2025-11-01","45.00","AUD","1760850285","305542/2025-11-01/1760850285.json"
"766392","494885","2025-11-01","47.00","AUD","1760850285","305542/2025-11-01/1760850285.json"
"766393","494886","2025-11-28","39.00","AUD","1760850285","305542/2025-11-28/1760850285.json"
"766393","494886","2025-11-27","39.00","AUD","1760850285","305542/2025-11-27/1760850285.json"
"766393","494886","2025-11-30","39.00","AUD","1760850285","305542/2025-11-30/1760850285.json"
"766392","494885","2025-11-27","47.00","AUD","1760850285","305542/2025-11-27/1760850285.json"
"766392","494885","2025-11-30","47.00","AUD","1760850285","305542/2025-11-30/1760850285.json"
"766391","494884","2025-11-30","48.00","AUD","1760850285","305542/2025-11-30/1760850285.json"
"766391","494884","2025-11-27","48.00","AUD","1760850285","305542/2025-11-27/1760850285.json"
"766391","494884","2025-12-01","2.00","AUD","1760850285","305542/2025-12-01/1760850285.json"
"766392","494885","2025-12-01","2.00","AUD","1760850285","305542/2025-12-01/1760850285.json"
"766393","494886","2025-12-01","39.00","AUD","1760850285","305542/2025-12-01/1760850285.json"
"766393","494886","2025-11-29","39.00","AUD","1760850285","305542/2025-11-29/1760850285.json"
"766392","494885","2025-11-29","47.00","AUD","1760850285","305542/2025-11-29/1760850285.json"
"766391","494884","2025-11-29","48.00","AUD","1760850285","305542/2025-11-29/1760850285.json"
"766391","494884","2025-12-02","2.00","AUD","1760850285","305542/2025-12-02/1760850285.json"
"766392","494885","2025-12-02","2.00","AUD","1760850285","305542/2025-12-02/1760850285.json"
"766393","494886","2025-12-02","39.00","AUD","1760850285","305542/2025-12-02/1760850285.json"
"766389","494882","2025-10-27","45.00","AUD","1760864522","305542/2025-10-27/1760864522.json"
"766392","494885","2025-10-27","47.00","AUD","1760864522","305542/2025-10-27/1760864522.json"
"766389","494882","2025-10-26","45.00","AUD","1760864522","305542/2025-10-26/1760864522.json"
"766392","494885","2025-10-26","47.00","AUD","1760864522","305542/2025-10-26/1760864522.json"
"766391","494884","2025-10-26","48.00","AUD","1760864522","305542/2025-10-26/1760864522.json"
"766389","494882","2025-10-29","45.00","AUD","1760864522","305542/2025-10-29/1760864522.json"
"766392","494885","2025-10-29","47.00","AUD","1760864522","305542/2025-10-29/1760864522.json"
"766389","494882","2025-10-28","45.00","AUD","1760864522","305542/2025-10-28/1760864522.json"
"766392","494885","2025-10-28","47.00","AUD","1760864522","305542/2025-10-28/1760864522.json"
"766389","494882","2025-10-31","45.00","AUD","1760864522","305542/2025-10-31/1760864522.json"
"766392","494885","2025-10-31","47.00","AUD","1760864522","305542/2025-10-31/1760864522.json"
"766389","494882","2025-10-30","45.00","AUD","1760864522","305542/2025-10-30/1760864522.json"
"766392","494885","2025-10-30","47.00","AUD","1760864522","305542/2025-10-30/1760864522.json"
"766389","494882","2025-11-02","45.00","AUD","1760864522","305542/2025-11-02/1760864522.json"
"766392","494885","2025-11-02","47.00","AUD","1760864522","305542/2025-11-02/1760864522.json"
"766389","494882","2025-11-01","45.00","AUD","1760864522","305542/2025-11-01/1760864522.json"
"766392","494885","2025-11-01","47.00","AUD","1760864522","305542/2025-11-01/1760864522.json"
"766389","494882","2025-11-03","45.00","AUD","1760864522","305542/2025-11-03/1760864522.json"
"766392","494885","2025-11-03","47.00","AUD","1760864522","305542/2025-11-03/1760864522.json"
"766393","494886","2025-11-28","39.00","AUD","1760864522","305542/2025-11-28/1760864522.json"
"766393","494886","2025-11-29","39.00","AUD","1760864522","305542/2025-11-29/1760864522.json"
"766392","494885","2025-11-29","47.00","AUD","1760864522","305542/2025-11-29/1760864522.json"
"766391","494884","2025-11-29","48.00","AUD","1760864522","305542/2025-11-29/1760864522.json"
"766393","494886","2025-11-27","39.00","AUD","1760864522","305542/2025-11-27/1760864522.json"
"766392","494885","2025-11-27","47.00","AUD","1760864522","305542/2025-11-27/1760864522.json"
"766391","494884","2025-11-27","48.00","AUD","1760864522","305542/2025-11-27/1760864522.json"
"766391","494884","2025-12-02","2.00","AUD","1760864522","305542/2025-12-02/1760864522.json"
"766392","494885","2025-12-02","2.00","AUD","1760864522","305542/2025-12-02/1760864522.json"
"766393","494886","2025-12-02","39.00","AUD","1760864522","305542/2025-12-02/1760864522.json"
"766391","494884","2025-12-01","2.00","AUD","1760864522","305542/2025-12-01/1760864522.json"
"766392","494885","2025-12-01","2.00","AUD","1760864522","305542/2025-12-01/1760864522.json"
"766393","494886","2025-12-01","39.00","AUD","1760864522","305542/2025-12-01/1760864522.json"
"766393","494886","2025-11-30","39.00","AUD","1760864522","305542/2025-11-30/1760864522.json"
"766392","494885","2025-11-30","47.00","AUD","1760864522","305542/2025-11-30/1760864522.json"
"766391","494884","2025-11-30","48.00","AUD","1760864522","305542/2025-11-30/1760864522.json"
"766389","494882","2025-10-26","45.00","AUD","1760880695","305542/2025-10-26/1760880695.json"
"766392","494885","2025-10-26","47.00","AUD","1760880695","305542/2025-10-26/1760880695.json"
"766391","494884","2025-10-26","48.00","AUD","1760880695","305542/2025-10-26/1760880695.json"
"766389","494882","2025-10-30","45.00","AUD","1760880695","305542/2025-10-30/1760880695.json"
"766392","494885","2025-10-30","47.00","AUD","1760880695","305542/2025-10-30/1760880695.json"
"766389","494882","2025-10-27","45.00","AUD","1760880695","305542/2025-10-27/1760880695.json"
"766389","494882","2025-10-29","45.00","AUD","1760880695","305542/2025-10-29/1760880695.json"
"766392","494885","2025-10-27","47.00","AUD","1760880695","305542/2025-10-27/1760880695.json"
"766392","494885","2025-10-29","47.00","AUD","1760880695","305542/2025-10-29/1760880695.json"
"766389","494882","2025-10-28","45.00","AUD","1760880695","305542/2025-10-28/1760880695.json"
"766392","494885","2025-10-28","47.00","AUD","1760880695","305542/2025-10-28/1760880695.json"
"766389","494882","2025-10-31","45.00","AUD","1760880695","305542/2025-10-31/1760880695.json"
"766392","494885","2025-10-31","47.00","AUD","1760880695","305542/2025-10-31/1760880695.json"
"766389","494882","2025-11-01","45.00","AUD","1760880695","305542/2025-11-01/1760880695.json"
"766389","494882","2025-11-03","45.00","AUD","1760880695","305542/2025-11-03/1760880695.json"
"766392","494885","2025-11-01","47.00","AUD","1760880695","305542/2025-11-01/1760880695.json"
"766392","494885","2025-11-03","47.00","AUD","1760880695","305542/2025-11-03/1760880695.json"
"766389","494882","2025-11-02","45.00","AUD","1760880695","305542/2025-11-02/1760880695.json"
"766392","494885","2025-11-02","47.00","AUD","1760880695","305542/2025-11-02/1760880695.json"
"766393","494886","2025-11-27","39.00","AUD","1760880695","305542/2025-11-27/1760880695.json"
"766392","494885","2025-11-27","47.00","AUD","1760880695","305542/2025-11-27/1760880695.json"
"766391","494884","2025-11-27","48.00","AUD","1760880695","305542/2025-11-27/1760880695.json"
"766393","494886","2025-11-30","39.00","AUD","1760880695","305542/2025-11-30/1760880695.json"
"766392","494885","2025-11-30","47.00","AUD","1760880695","305542/2025-11-30/1760880695.json"
"766391","494884","2025-11-30","48.00","AUD","1760880695","305542/2025-11-30/1760880695.json"
"766393","494886","2025-11-29","39.00","AUD","1760880695","305542/2025-11-29/1760880695.json"
"766392","494885","2025-11-29","47.00","AUD","1760880695","305542/2025-11-29/1760880695.json"
"766391","494884","2025-11-29","48.00","AUD","1760880695","305542/2025-11-29/1760880695.json"
"766393","494886","2025-11-28","39.00","AUD","1760880695","305542/2025-11-28/1760880695.json"
"766391","494884","2025-12-01","2.00","AUD","1760880695","305542/2025-12-01/1760880695.json"
"766392","494885","2025-12-01","2.00","AUD","1760880695","305542/2025-12-01/1760880695.json"
"766393","494886","2025-12-01","39.00","AUD","1760880695","305542/2025-12-01/1760880695.json"
"766391","494884","2025-12-02","2.00","AUD","1760880695","305542/2025-12-02/1760880695.json"
"766392","494885","2025-12-02","2.00","AUD","1760880695","305542/2025-12-02/1760880695.json"
"766393","494886","2025-12-02","39.00","AUD","1760880695","305542/2025-12-02/1760880695.json"
"766389","494882","2025-10-27","45.00","AUD","1760893437","305542/2025-10-27/1760893437.json"
"766392","494885","2025-10-27","47.00","AUD","1760893437","305542/2025-10-27/1760893437.json"
"766389","494882","2025-10-28","45.00","AUD","1760893437","305542/2025-10-28/1760893437.json"
"766392","494885","2025-10-28","47.00","AUD","1760893437","305542/2025-10-28/1760893437.json"
"766389","494882","2025-10-29","45.00","AUD","1760893437","305542/2025-10-29/1760893437.json"
"766392","494885","2025-10-29","47.00","AUD","1760893437","305542/2025-10-29/1760893437.json"
"766389","494882","2025-10-26","45.00","AUD","1760893437","305542/2025-10-26/1760893437.json"
"766392","494885","2025-10-26","47.00","AUD","1760893437","305542/2025-10-26/1760893437.json"
"766391","494884","2025-10-26","48.00","AUD","1760893437","305542/2025-10-26/1760893437.json"
"766389","494882","2025-10-30","45.00","AUD","1760893437","305542/2025-10-30/1760893437.json"
"766392","494885","2025-10-30","47.00","AUD","1760893437","305542/2025-10-30/1760893437.json"
"766389","494882","2025-11-01","45.00","AUD","1760893437","305542/2025-11-01/1760893437.json"
"766392","494885","2025-11-01","47.00","AUD","1760893437","305542/2025-11-01/1760893437.json"
"766389","494882","2025-10-31","45.00","AUD","1760893437","305542/2025-10-31/1760893437.json"
"766392","494885","2025-10-31","47.00","AUD","1760893437","305542/2025-10-31/1760893437.json"
"766389","494882","2025-11-03","45.00","AUD","1760893437","305542/2025-11-03/1760893437.json"
"766392","494885","2025-11-03","47.00","AUD","1760893437","305542/2025-11-03/1760893437.json"
"766389","494882","2025-11-02","45.00","AUD","1760893437","305542/2025-11-02/1760893437.json"
"766392","494885","2025-11-02","47.00","AUD","1760893437","305542/2025-11-02/1760893437.json"
"766393","494886","2025-11-27","39.00","AUD","1760893437","305542/2025-11-27/1760893437.json"
"766392","494885","2025-11-27","47.00","AUD","1760893437","305542/2025-11-27/1760893437.json"
"766391","494884","2025-11-27","48.00","AUD","1760893437","305542/2025-11-27/1760893437.json"
"766393","494886","2025-11-29","39.00","AUD","1760893437","305542/2025-11-29/1760893437.json"
"766392","494885","2025-11-29","47.00","AUD","1760893437","305542/2025-11-29/1760893437.json"
"766391","494884","2025-11-29","48.00","AUD","1760893437","305542/2025-11-29/1760893437.json"
"766393","494886","2025-11-30","39.00","AUD","1760893437","305542/2025-11-30/1760893437.json"
"766392","494885","2025-11-30","47.00","AUD","1760893437","305542/2025-11-30/1760893437.json"
"766391","494884","2025-11-30","48.00","AUD","1760893437","305542/2025-11-30/1760893437.json"
"766393","494886","2025-11-28","39.00","AUD","1760893437","305542/2025-11-28/1760893437.json"
"766391","494884","2025-12-01","2.00","AUD","1760893437","305542/2025-12-01/1760893437.json"
"766392","494885","2025-12-01","2.00","AUD","1760893437","305542/2025-12-01/1760893437.json"
"766393","494886","2025-12-01","39.00","AUD","1760893437","305542/2025-12-01/1760893437.json"
"766391","494884","2025-12-02","2.00","AUD","1760893437","305542/2025-12-02/1760893437.json"
"766392","494885","2025-12-02","2.00","AUD","1760893437","305542/2025-12-02/1760893437.json"
"766393","494886","2025-12-02","39.00","AUD","1760893437","305542/2025-12-02/1760893437.json"
"766389","494882","2025-10-28","45.00","AUD","1760907524","305542/2025-10-28/1760907524.json"
"766392","494885","2025-10-28","47.00","AUD","1760907524","305542/2025-10-28/1760907524.json"
"766389","494882","2025-10-27","45.00","AUD","1760907524","305542/2025-10-27/1760907524.json"
"766392","494885","2025-10-27","47.00","AUD","1760907524","305542/2025-10-27/1760907524.json"
"766389","494882","2025-10-26","45.00","AUD","1760907524","305542/2025-10-26/1760907524.json"
"766392","494885","2025-10-26","47.00","AUD","1760907524","305542/2025-10-26/1760907524.json"
"766391","494884","2025-10-26","48.00","AUD","1760907524","305542/2025-10-26/1760907524.json"
"766389","494882","2025-10-29","45.00","AUD","1760907524","305542/2025-10-29/1760907524.json"
"766392","494885","2025-10-29","47.00","AUD","1760907524","305542/2025-10-29/1760907524.json"
"766389","494882","2025-10-30","45.00","AUD","1760907524","305542/2025-10-30/1760907524.json"
"766392","494885","2025-10-30","47.00","AUD","1760907524","305542/2025-10-30/1760907524.json"
"766389","494882","2025-10-31","45.00","AUD","1760907524","305542/2025-10-31/1760907524.json"
"766392","494885","2025-10-31","47.00","AUD","1760907524","305542/2025-10-31/1760907524.json"
"766389","494882","2025-11-01","45.00","AUD","1760907524","305542/2025-11-01/1760907524.json"
"766392","494885","2025-11-01","47.00","AUD","1760907524","305542/2025-11-01/1760907524.json"
"766389","494882","2025-11-03","45.00","AUD","1760907524","305542/2025-11-03/1760907524.json"
"766392","494885","2025-11-03","47.00","AUD","1760907524","305542/2025-11-03/1760907524.json"
"766389","494882","2025-11-02","45.00","AUD","1760907524","305542/2025-11-02/1760907524.json"
"766392","494885","2025-11-02","47.00","AUD","1760907524","305542/2025-11-02/1760907524.json"
"766393","494886","2025-11-27","39.00","AUD","1760907524","305542/2025-11-27/1760907524.json"
"766392","494885","2025-11-27","47.00","AUD","1760907524","305542/2025-11-27/1760907524.json"
"766391","494884","2025-11-27","48.00","AUD","1760907524","305542/2025-11-27/1760907524.json"
"766393","494886","2025-11-28","39.00","AUD","1760907524","305542/2025-11-28/1760907524.json"
"766393","494886","2025-11-29","39.00","AUD","1760907524","305542/2025-11-29/1760907524.json"
"766392","494885","2025-11-29","47.00","AUD","1760907524","305542/2025-11-29/1760907524.json"
"766391","494884","2025-11-29","48.00","AUD","1760907524","305542/2025-11-29/1760907524.json"
"766391","494884","2025-12-01","2.00","AUD","1760907524","305542/2025-12-01/1760907524.json"
"766392","494885","2025-12-01","2.00","AUD","1760907524","305542/2025-12-01/1760907524.json"
"766393","494886","2025-12-01","39.00","AUD","1760907524","305542/2025-12-01/1760907524.json"
"766393","494886","2025-11-30","39.00","AUD","1760907524","305542/2025-11-30/1760907524.json"
"766392","494885","2025-11-30","47.00","AUD","1760907524","305542/2025-11-30/1760907524.json"
"766391","494884","2025-11-30","48.00","AUD","1760907524","305542/2025-11-30/1760907524.json"
"766391","494884","2025-12-02","2.00","AUD","1760907524","305542/2025-12-02/1760907524.json"
"766392","494885","2025-12-02","2.00","AUD","1760907524","305542/2025-12-02/1760907524.json"
"766393","494886","2025-12-02","39.00","AUD","1760907524","305542/2025-12-02/1760907524.json"
"766389","494882","2025-10-27","45.00","AUD","1760933057","305542/2025-10-27/1760933057.json"
"766392","494885","2025-10-27","47.00","AUD","1760933057","305542/2025-10-27/1760933057.json"
"766389","494882","2025-10-28","45.00","AUD","1760933057","305542/2025-10-28/1760933057.json"
"766392","494885","2025-10-28","47.00","AUD","1760933057","305542/2025-10-28/1760933057.json"
"766389","494882","2025-10-29","45.00","AUD","1760933057","305542/2025-10-29/1760933057.json"
"766392","494885","2025-10-29","47.00","AUD","1760933057","305542/2025-10-29/1760933057.json"
"766389","494882","2025-10-30","45.00","AUD","1760933057","305542/2025-10-30/1760933057.json"
"766392","494885","2025-10-30","47.00","AUD","1760933057","305542/2025-10-30/1760933057.json"
"766389","494882","2025-10-31","45.00","AUD","1760933057","305542/2025-10-31/1760933057.json"
"766392","494885","2025-10-31","47.00","AUD","1760933057","305542/2025-10-31/1760933057.json"
"766389","494882","2025-11-01","45.00","AUD","1760933057","305542/2025-11-01/1760933057.json"
"766392","494885","2025-11-01","47.00","AUD","1760933057","305542/2025-11-01/1760933057.json"
"766389","494882","2025-11-02","45.00","AUD","1760933057","305542/2025-11-02/1760933057.json"
"766392","494885","2025-11-02","47.00","AUD","1760933057","305542/2025-11-02/1760933057.json"
"766389","494882","2025-11-03","45.00","AUD","1760933057","305542/2025-11-03/1760933057.json"
"766392","494885","2025-11-03","47.00","AUD","1760933057","305542/2025-11-03/1760933057.json"
"766393","494886","2025-11-27","39.00","AUD","1760933057","305542/2025-11-27/1760933057.json"
"766392","494885","2025-11-27","47.00","AUD","1760933057","305542/2025-11-27/1760933057.json"
"766391","494884","2025-11-27","48.00","AUD","1760933057","305542/2025-11-27/1760933057.json"
"766393","494886","2025-11-28","39.00","AUD","1760933057","305542/2025-11-28/1760933057.json"
"766393","494886","2025-11-29","39.00","AUD","1760933057","305542/2025-11-29/1760933057.json"
"766392","494885","2025-11-29","47.00","AUD","1760933057","305542/2025-11-29/1760933057.json"
"766391","494884","2025-11-29","48.00","AUD","1760933057","305542/2025-11-29/1760933057.json"
"766393","494886","2025-11-30","39.00","AUD","1760933057","305542/2025-11-30/1760933057.json"
"766392","494885","2025-11-30","47.00","AUD","1760933057","305542/2025-11-30/1760933057.json"
"766391","494884","2025-11-30","48.00","AUD","1760933057","305542/2025-11-30/1760933057.json"
"766391","494884","2025-12-02","2.00","AUD","1760933057","305542/2025-12-02/1760933057.json"
"766392","494885","2025-12-02","2.00","AUD","1760933057","305542/2025-12-02/1760933057.json"
"766393","494886","2025-12-02","39.00","AUD","1760933057","305542/2025-12-02/1760933057.json"
"766391","494884","2025-12-01","2.00","AUD","1760933057","305542/2025-12-01/1760933057.json"
"766392","494885","2025-12-01","2.00","AUD","1760933057","305542/2025-12-01/1760933057.json"
"766393","494886","2025-12-01","39.00","AUD","1760933057","305542/2025-12-01/1760933057.json"
"766389","494882","2025-10-27","45.00","AUD","1760937102","305542/2025-10-27/1760937102.json"
"766392","494885","2025-10-27","47.00","AUD","1760937102","305542/2025-10-27/1760937102.json"
"766389","494882","2025-10-29","45.00","AUD","1760937102","305542/2025-10-29/1760937102.json"
"766392","494885","2025-10-29","47.00","AUD","1760937102","305542/2025-10-29/1760937102.json"
"766389","494882","2025-10-28","45.00","AUD","1760937102","305542/2025-10-28/1760937102.json"
"766392","494885","2025-10-28","47.00","AUD","1760937102","305542/2025-10-28/1760937102.json"
"766389","494882","2025-10-30","45.00","AUD","1760937102","305542/2025-10-30/1760937102.json"
"766392","494885","2025-10-30","47.00","AUD","1760937102","305542/2025-10-30/1760937102.json"
"766389","494882","2025-10-31","45.00","AUD","1760937102","305542/2025-10-31/1760937102.json"
"766392","494885","2025-10-31","47.00","AUD","1760937102","305542/2025-10-31/1760937102.json"
"766389","494882","2025-11-03","45.00","AUD","1760937102","305542/2025-11-03/1760937102.json"
"766392","494885","2025-11-03","47.00","AUD","1760937102","305542/2025-11-03/1760937102.json"
"766389","494882","2025-11-01","45.00","AUD","1760937102","305542/2025-11-01/1760937102.json"
"766392","494885","2025-11-01","47.00","AUD","1760937102","305542/2025-11-01/1760937102.json"
"766389","494882","2025-11-02","45.00","AUD","1760937102","305542/2025-11-02/1760937102.json"
"766392","494885","2025-11-02","47.00","AUD","1760937102","305542/2025-11-02/1760937102.json"
"766393","494886","2025-11-27","39.00","AUD","1760937102","305542/2025-11-27/1760937102.json"
"766392","494885","2025-11-27","47.00","AUD","1760937102","305542/2025-11-27/1760937102.json"
"766391","494884","2025-11-27","48.00","AUD","1760937102","305542/2025-11-27/1760937102.json"
"766393","494886","2025-11-28","39.00","AUD","1760937102","305542/2025-11-28/1760937102.json"
"766393","494886","2025-11-29","39.00","AUD","1760937102","305542/2025-11-29/1760937102.json"
"766392","494885","2025-11-29","47.00","AUD","1760937102","305542/2025-11-29/1760937102.json"
"766391","494884","2025-11-29","48.00","AUD","1760937102","305542/2025-11-29/1760937102.json"
"766393","494886","2025-11-30","39.00","AUD","1760937102","305542/2025-11-30/1760937102.json"
"766392","494885","2025-11-30","47.00","AUD","1760937102","305542/2025-11-30/1760937102.json"
"766391","494884","2025-11-30","48.00","AUD","1760937102","305542/2025-11-30/1760937102.json"
"766391","494884","2025-12-01","2.00","AUD","1760937102","305542/2025-12-01/1760937102.json"
"766392","494885","2025-12-01","2.00","AUD","1760937102","305542/2025-12-01/1760937102.json"
"766393","494886","2025-12-01","39.00","AUD","1760937102","305542/2025-12-01/1760937102.json"
"766391","494884","2025-12-02","2.00","AUD","1760937102","305542/2025-12-02/1760937102.json"
"766392","494885","2025-12-02","2.00","AUD","1760937102","305542/2025-12-02/1760937102.json"
"766393","494886","2025-12-02","39.00","AUD","1760937102","305542/2025-12-02/1760937102.json"
"766389","494882","2025-10-27","45.00","AUD","1760951601","305542/2025-10-27/1760951601.json"
"766392","494885","2025-10-27","47.00","AUD","1760951601","305542/2025-10-27/1760951601.json"
"766389","494882","2025-10-28","45.00","AUD","1760951601","305542/2025-10-28/1760951601.json"
"766392","494885","2025-10-28","47.00","AUD","1760951601","305542/2025-10-28/1760951601.json"
"766389","494882","2025-10-30","45.00","AUD","1760951601","305542/2025-10-30/1760951601.json"
"766392","494885","2025-10-30","47.00","AUD","1760951601","305542/2025-10-30/1760951601.json"
"766389","494882","2025-10-29","45.00","AUD","1760951601","305542/2025-10-29/1760951601.json"
"766392","494885","2025-10-29","47.00","AUD","1760951601","305542/2025-10-29/1760951601.json"
"766389","494882","2025-10-31","45.00","AUD","1760951601","305542/2025-10-31/1760951601.json"
"766392","494885","2025-10-31","47.00","AUD","1760951601","305542/2025-10-31/1760951601.json"
"766389","494882","2025-11-01","45.00","AUD","1760951601","305542/2025-11-01/1760951601.json"
"766392","494885","2025-11-01","47.00","AUD","1760951601","305542/2025-11-01/1760951601.json"
"766389","494882","2025-11-02","45.00","AUD","1760951601","305542/2025-11-02/1760951601.json"
"766392","494885","2025-11-02","47.00","AUD","1760951601","305542/2025-11-02/1760951601.json"
"766389","494882","2025-11-03","45.00","AUD","1760951601","305542/2025-11-03/1760951601.json"
"766392","494885","2025-11-03","47.00","AUD","1760951601","305542/2025-11-03/1760951601.json"
"766393","494886","2025-11-27","39.00","AUD","1760951601","305542/2025-11-27/1760951601.json"
"766392","494885","2025-11-27","47.00","AUD","1760951601","305542/2025-11-27/1760951601.json"
"766391","494884","2025-11-27","48.00","AUD","1760951601","305542/2025-11-27/1760951601.json"
"766393","494886","2025-11-30","39.00","AUD","1760951601","305542/2025-11-30/1760951601.json"
"766392","494885","2025-11-30","47.00","AUD","1760951601","305542/2025-11-30/1760951601.json"
"766391","494884","2025-11-30","48.00","AUD","1760951601","305542/2025-11-30/1760951601.json"
"766393","494886","2025-11-28","39.00","AUD","1760951601","305542/2025-11-28/1760951601.json"
"766393","494886","2025-11-29","39.00","AUD","1760951601","305542/2025-11-29/1760951601.json"
"766392","494885","2025-11-29","47.00","AUD","1760951601","305542/2025-11-29/1760951601.json"
"766391","494884","2025-11-29","48.00","AUD","1760951601","305542/2025-11-29/1760951601.json"
"766391","494884","2025-12-01","2.00","AUD","1760951601","305542/2025-12-01/1760951601.json"
"766392","494885","2025-12-01","2.00","AUD","1760951601","305542/2025-12-01/1760951601.json"
"766393","494886","2025-12-01","39.00","AUD","1760951601","305542/2025-12-01/1760951601.json"
"766391","494884","2025-12-02","2.00","AUD","1760951601","305542/2025-12-02/1760951601.json"
"766392","494885","2025-12-02","2.00","AUD","1760951601","305542/2025-12-02/1760951601.json"
"766393","494886","2025-12-02","39.00","AUD","1760951601","305542/2025-12-02/1760951601.json"
"766389","494882","2025-10-27","45.00","AUD","1760969014","305542/2025-10-27/1760969014.json"
"766392","494885","2025-10-27","47.00","AUD","1760969014","305542/2025-10-27/1760969014.json"
"766389","494882","2025-10-28","45.00","AUD","1760969014","305542/2025-10-28/1760969014.json"
"766392","494885","2025-10-28","47.00","AUD","1760969014","305542/2025-10-28/1760969014.json"
"766389","494882","2025-10-30","45.00","AUD","1760969014","305542/2025-10-30/1760969014.json"
"766392","494885","2025-10-30","47.00","AUD","1760969014","305542/2025-10-30/1760969014.json"
"766389","494882","2025-10-29","45.00","AUD","1760969014","305542/2025-10-29/1760969014.json"
"766392","494885","2025-10-29","47.00","AUD","1760969014","305542/2025-10-29/1760969014.json"
"766389","494882","2025-10-31","45.00","AUD","1760969014","305542/2025-10-31/1760969014.json"
"766392","494885","2025-10-31","47.00","AUD","1760969014","305542/2025-10-31/1760969014.json"
"766389","494882","2025-11-01","45.00","AUD","1760969014","305542/2025-11-01/1760969014.json"
"766392","494885","2025-11-01","47.00","AUD","1760969014","305542/2025-11-01/1760969014.json"
"766389","494882","2025-11-02","45.00","AUD","1760969014","305542/2025-11-02/1760969014.json"
"766392","494885","2025-11-02","47.00","AUD","1760969014","305542/2025-11-02/1760969014.json"
"766389","494882","2025-11-03","45.00","AUD","1760969014","305542/2025-11-03/1760969014.json"
"766392","494885","2025-11-03","47.00","AUD","1760969014","305542/2025-11-03/1760969014.json"
"766393","494886","2025-11-27","39.00","AUD","1760969014","305542/2025-11-27/1760969014.json"
"766392","494885","2025-11-27","47.00","AUD","1760969014","305542/2025-11-27/1760969014.json"
"766391","494884","2025-11-27","48.00","AUD","1760969014","305542/2025-11-27/1760969014.json"
"766393","494886","2025-11-29","39.00","AUD","1760969014","305542/2025-11-29/1760969014.json"
"766392","494885","2025-11-29","47.00","AUD","1760969014","305542/2025-11-29/1760969014.json"
"766391","494884","2025-11-29","48.00","AUD","1760969014","305542/2025-11-29/1760969014.json"
"766393","494886","2025-11-28","39.00","AUD","1760969014","305542/2025-11-28/1760969014.json"
"766393","494886","2025-11-30","39.00","AUD","1760969014","305542/2025-11-30/1760969014.json"
"766392","494885","2025-11-30","47.00","AUD","1760969014","305542/2025-11-30/1760969014.json"
"766391","494884","2025-11-30","48.00","AUD","1760969014","305542/2025-11-30/1760969014.json"
"766391","494884","2025-12-01","2.00","AUD","1760969014","305542/2025-12-01/1760969014.json"
"766392","494885","2025-12-01","2.00","AUD","1760969014","305542/2025-12-01/1760969014.json"
"766393","494886","2025-12-01","39.00","AUD","1760969014","305542/2025-12-01/1760969014.json"
"766391","494884","2025-12-02","2.00","AUD","1760969014","305542/2025-12-02/1760969014.json"
"766392","494885","2025-12-02","2.00","AUD","1760969014","305542/2025-12-02/1760969014.json"
"766393","494886","2025-12-02","39.00","AUD","1760969014","305542/2025-12-02/1760969014.json"
"766389","494882","2025-10-27","45.00","AUD","1760980255","305542/2025-10-27/1760980255.json"
"766389","494882","2025-10-28","45.00","AUD","1760980255","305542/2025-10-28/1760980255.json"
"766392","494885","2025-10-27","47.00","AUD","1760980255","305542/2025-10-27/1760980255.json"
"766392","494885","2025-10-28","47.00","AUD","1760980255","305542/2025-10-28/1760980255.json"
"766389","494882","2025-10-30","45.00","AUD","1760980255","305542/2025-10-30/1760980255.json"
"766389","494882","2025-10-29","45.00","AUD","1760980255","305542/2025-10-29/1760980255.json"
"766392","494885","2025-10-30","47.00","AUD","1760980255","305542/2025-10-30/1760980255.json"
"766392","494885","2025-10-29","47.00","AUD","1760980255","305542/2025-10-29/1760980255.json"
"766389","494882","2025-11-01","45.00","AUD","1760980255","305542/2025-11-01/1760980255.json"
"766392","494885","2025-11-01","47.00","AUD","1760980255","305542/2025-11-01/1760980255.json"
"766389","494882","2025-10-31","45.00","AUD","1760980255","305542/2025-10-31/1760980255.json"
"766392","494885","2025-10-31","47.00","AUD","1760980255","305542/2025-10-31/1760980255.json"
"766389","494882","2025-11-02","45.00","AUD","1760980255","305542/2025-11-02/1760980255.json"
"766392","494885","2025-11-02","47.00","AUD","1760980255","305542/2025-11-02/1760980255.json"
"766389","494882","2025-11-03","45.00","AUD","1760980255","305542/2025-11-03/1760980255.json"
"766392","494885","2025-11-03","47.00","AUD","1760980255","305542/2025-11-03/1760980255.json"
"766393","494886","2025-11-28","39.00","AUD","1760980255","305542/2025-11-28/1760980255.json"
"766393","494886","2025-11-27","39.00","AUD","1760980255","305542/2025-11-27/1760980255.json"
"766392","494885","2025-11-27","47.00","AUD","1760980255","305542/2025-11-27/1760980255.json"
"766391","494884","2025-11-27","48.00","AUD","1760980255","305542/2025-11-27/1760980255.json"
"766393","494886","2025-11-30","39.00","AUD","1760980255","305542/2025-11-30/1760980255.json"
"766392","494885","2025-11-30","47.00","AUD","1760980255","305542/2025-11-30/1760980255.json"
"766391","494884","2025-11-30","48.00","AUD","1760980255","305542/2025-11-30/1760980255.json"
"766391","494884","2025-12-02","2.00","AUD","1760980255","305542/2025-12-02/1760980255.json"
"766392","494885","2025-12-02","2.00","AUD","1760980255","305542/2025-12-02/1760980255.json"
"766393","494886","2025-12-02","39.00","AUD","1760980255","305542/2025-12-02/1760980255.json"
"766391","494884","2025-12-01","2.00","AUD","1760980255","305542/2025-12-01/1760980255.json"
"766392","494885","2025-12-01","2.00","AUD","1760980255","305542/2025-12-01/1760980255.json"
"766393","494886","2025-12-01","39.00","AUD","1760980255","305542/2025-12-01/1760980255.json"
"766393","494886","2025-11-29","39.00","AUD","1760980255","305542/2025-11-29/1760980255.json"
"766392","494885","2025-11-29","47.00","AUD","1760980255","305542/2025-11-29/1760980255.json"
"766391","494884","2025-11-29","48.00","AUD","1760980255","305542/2025-11-29/1760980255.json"
"766389","494882","2025-10-28","45.00","AUD","1760994354","305542/2025-10-28/1760994354.json"
"766392","494885","2025-10-28","47.00","AUD","1760994354","305542/2025-10-28/1760994354.json"
"766389","494882","2025-10-27","45.00","AUD","1760994354","305542/2025-10-27/1760994354.json"
"766392","494885","2025-10-27","47.00","AUD","1760994354","305542/2025-10-27/1760994354.json"
"766389","494882","2025-10-30","45.00","AUD","1760994354","305542/2025-10-30/1760994354.json"
"766392","494885","2025-10-30","47.00","AUD","1760994354","305542/2025-10-30/1760994354.json"
"766389","494882","2025-10-29","45.00","AUD","1760994354","305542/2025-10-29/1760994354.json"
"766392","494885","2025-10-29","47.00","AUD","1760994354","305542/2025-10-29/1760994354.json"
"766389","494882","2025-10-31","45.00","AUD","1760994354","305542/2025-10-31/1760994354.json"
"766392","494885","2025-10-31","47.00","AUD","1760994354","305542/2025-10-31/1760994354.json"
"766389","494882","2025-11-01","45.00","AUD","1760994354","305542/2025-11-01/1760994354.json"
"766392","494885","2025-11-01","47.00","AUD","1760994354","305542/2025-11-01/1760994354.json"
"766389","494882","2025-11-02","45.00","AUD","1760994354","305542/2025-11-02/1760994354.json"
"766392","494885","2025-11-02","47.00","AUD","1760994354","305542/2025-11-02/1760994354.json"
"766389","494882","2025-11-03","45.00","AUD","1760994354","305542/2025-11-03/1760994354.json"
"766392","494885","2025-11-03","47.00","AUD","1760994354","305542/2025-11-03/1760994354.json"
"766393","494886","2025-11-27","39.00","AUD","1760994354","305542/2025-11-27/1760994354.json"
"766392","494885","2025-11-27","47.00","AUD","1760994354","305542/2025-11-27/1760994354.json"
"766391","494884","2025-11-27","48.00","AUD","1760994354","305542/2025-11-27/1760994354.json"
"766393","494886","2025-11-28","39.00","AUD","1760994354","305542/2025-11-28/1760994354.json"
"766393","494886","2025-11-29","39.00","AUD","1760994354","305542/2025-11-29/1760994354.json"
"766392","494885","2025-11-29","47.00","AUD","1760994354","305542/2025-11-29/1760994354.json"
"766391","494884","2025-11-29","48.00","AUD","1760994354","305542/2025-11-29/1760994354.json"
"766391","494884","2025-12-01","2.00","AUD","1760994354","305542/2025-12-01/1760994354.json"
"766392","494885","2025-12-01","2.00","AUD","1760994354","305542/2025-12-01/1760994354.json"
"766393","494886","2025-12-01","39.00","AUD","1760994354","305542/2025-12-01/1760994354.json"
"766393","494886","2025-11-30","39.00","AUD","1760994354","305542/2025-11-30/1760994354.json"
"766392","494885","2025-11-30","47.00","AUD","1760994354","305542/2025-11-30/1760994354.json"
"766391","494884","2025-11-30","48.00","AUD","1760994354","305542/2025-11-30/1760994354.json"
"766391","494884","2025-12-02","2.00","AUD","1760994354","305542/2025-12-02/1760994354.json"
"766392","494885","2025-12-02","2.00","AUD","1760994354","305542/2025-12-02/1760994354.json"
"766393","494886","2025-12-02","39.00","AUD","1760994354","305542/2025-12-02/1760994354.json"
"766392","494885","2025-11-04","47.00","AUD","1761623826","305542/2025-11-04/1761623826.json"
"766391","494884","2025-11-04","48.00","AUD","1761623826","305542/2025-11-04/1761623826.json"
"766389","494882","2025-11-05","44.00","AUD","1761623826","305542/2025-11-05/1761623826.json"
"766392","494885","2025-11-05","47.00","AUD","1761623826","305542/2025-11-05/1761623826.json"
"766391","494884","2025-11-05","48.00","AUD","1761623826","305542/2025-11-05/1761623826.json"
"766389","494882","2025-11-06","44.00","AUD","1761623826","305542/2025-11-06/1761623826.json"
"766392","494885","2025-11-06","47.00","AUD","1761623826","305542/2025-11-06/1761623826.json"
"766391","494884","2025-11-06","48.00","AUD","1761623826","305542/2025-11-06/1761623826.json"
"766393","494886","2025-11-27","39.00","AUD","1761623826","305542/2025-11-27/1761623826.json"
"766392","494885","2025-11-27","47.00","AUD","1761623826","305542/2025-11-27/1761623826.json"
"766391","494884","2025-11-27","48.00","AUD","1761623826","305542/2025-11-27/1761623826.json"
"766393","494886","2025-11-29","39.00","AUD","1761623826","305542/2025-11-29/1761623826.json"
"766392","494885","2025-11-29","47.00","AUD","1761623826","305542/2025-11-29/1761623826.json"
"766391","494884","2025-11-29","48.00","AUD","1761623826","305542/2025-11-29/1761623826.json"
"766393","494886","2025-11-28","39.00","AUD","1761623826","305542/2025-11-28/1761623826.json"
"766393","494886","2025-11-30","39.00","AUD","1761623826","305542/2025-11-30/1761623826.json"
"766392","494885","2025-11-30","47.00","AUD","1761623826","305542/2025-11-30/1761623826.json"
"766391","494884","2025-11-30","48.00","AUD","1761623826","305542/2025-11-30/1761623826.json"
"766391","494884","2025-12-01","2.00","AUD","1761623826","305542/2025-12-01/1761623826.json"
"766392","494885","2025-12-01","2.00","AUD","1761623826","305542/2025-12-01/1761623826.json"
"766393","494886","2025-12-01","39.00","AUD","1761623826","305542/2025-12-01/1761623826.json"
"766391","494884","2025-12-02","2.00","AUD","1761623826","305542/2025-12-02/1761623826.json"
"766392","494885","2025-12-02","2.00","AUD","1761623826","305542/2025-12-02/1761623826.json"
"766393","494886","2025-12-02","39.00","AUD","1761623826","305542/2025-12-02/1761623826.json"
"766392","494885","2025-11-04","47.00","AUD","1761627992","305542/2025-11-04/1761627992.json"
"766391","494884","2025-11-04","48.00","AUD","1761627992","305542/2025-11-04/1761627992.json"
"766389","494882","2025-11-05","44.00","AUD","1761627992","305542/2025-11-05/1761627992.json"
"766392","494885","2025-11-05","47.00","AUD","1761627992","305542/2025-11-05/1761627992.json"
"766391","494884","2025-11-05","48.00","AUD","1761627992","305542/2025-11-05/1761627992.json"
"766389","494882","2025-11-06","44.00","AUD","1761627992","305542/2025-11-06/1761627992.json"
"766392","494885","2025-11-06","47.00","AUD","1761627992","305542/2025-11-06/1761627992.json"
"766391","494884","2025-11-06","48.00","AUD","1761627992","305542/2025-11-06/1761627992.json"
"766393","494886","2025-11-27","39.00","AUD","1761627992","305542/2025-11-27/1761627992.json"
"766392","494885","2025-11-27","47.00","AUD","1761627992","305542/2025-11-27/1761627992.json"
"766391","494884","2025-11-27","48.00","AUD","1761627992","305542/2025-11-27/1761627992.json"
"766393","494886","2025-11-28","39.00","AUD","1761627992","305542/2025-11-28/1761627992.json"
"766393","494886","2025-11-29","39.00","AUD","1761627992","305542/2025-11-29/1761627992.json"
"766392","494885","2025-11-29","47.00","AUD","1761627992","305542/2025-11-29/1761627992.json"
"766391","494884","2025-11-29","48.00","AUD","1761627992","305542/2025-11-29/1761627992.json"
"766393","494886","2025-11-30","39.00","AUD","1761627992","305542/2025-11-30/1761627992.json"
"766392","494885","2025-11-30","47.00","AUD","1761627992","305542/2025-11-30/1761627992.json"
"766391","494884","2025-11-30","48.00","AUD","1761627992","305542/2025-11-30/1761627992.json"
"766391","494884","2025-12-01","2.00","AUD","1761627992","305542/2025-12-01/1761627992.json"
"766392","494885","2025-12-01","2.00","AUD","1761627992","305542/2025-12-01/1761627992.json"
"766393","494886","2025-12-01","39.00","AUD","1761627992","305542/2025-12-01/1761627992.json"
"766391","494884","2025-12-02","2.00","AUD","1761627992","305542/2025-12-02/1761627992.json"
"766392","494885","2025-12-02","2.00","AUD","1761627992","305542/2025-12-02/1761627992.json"
"766393","494886","2025-12-02","39.00","AUD","1761627992","305542/2025-12-02/1761627992.json"
"766392","494885","2025-11-04","47.00","AUD","1761643067","305542/2025-11-04/1761643067.json"
"766391","494884","2025-11-04","48.00","AUD","1761643067","305542/2025-11-04/1761643067.json"
"766389","494882","2025-11-05","44.00","AUD","1761643067","305542/2025-11-05/1761643067.json"
"766392","494885","2025-11-05","47.00","AUD","1761643067","305542/2025-11-05/1761643067.json"
"766391","494884","2025-11-05","48.00","AUD","1761643067","305542/2025-11-05/1761643067.json"
"766389","494882","2025-11-06","44.00","AUD","1761643067","305542/2025-11-06/1761643067.json"
"766392","494885","2025-11-06","47.00","AUD","1761643067","305542/2025-11-06/1761643067.json"
"766391","494884","2025-11-06","48.00","AUD","1761643067","305542/2025-11-06/1761643067.json"
"766393","494886","2025-11-28","39.00","AUD","1761643067","305542/2025-11-28/1761643067.json"
"766393","494886","2025-11-27","39.00","AUD","1761643067","305542/2025-11-27/1761643067.json"
"766392","494885","2025-11-27","47.00","AUD","1761643067","305542/2025-11-27/1761643067.json"
"766391","494884","2025-11-27","48.00","AUD","1761643067","305542/2025-11-27/1761643067.json"
"766393","494886","2025-11-29","39.00","AUD","1761643067","305542/2025-11-29/1761643067.json"
"766392","494885","2025-11-29","47.00","AUD","1761643067","305542/2025-11-29/1761643067.json"
"766391","494884","2025-11-29","48.00","AUD","1761643067","305542/2025-11-29/1761643067.json"
"766393","494886","2025-11-30","39.00","AUD","1761643067","305542/2025-11-30/1761643067.json"
"766392","494885","2025-11-30","47.00","AUD","1761643067","305542/2025-11-30/1761643067.json"
"766391","494884","2025-11-30","48.00","AUD","1761643067","305542/2025-11-30/1761643067.json"
"766391","494884","2025-12-01","2.00","AUD","1761643067","305542/2025-12-01/1761643067.json"
"766392","494885","2025-12-01","2.00","AUD","1761643067","305542/2025-12-01/1761643067.json"
"766393","494886","2025-12-01","39.00","AUD","1761643067","305542/2025-12-01/1761643067.json"
"766391","494884","2025-12-02","2.00","AUD","1761643067","305542/2025-12-02/1761643067.json"
"766392","494885","2025-12-02","2.00","AUD","1761643067","305542/2025-12-02/1761643067.json"
"766393","494886","2025-12-02","39.00","AUD","1761643067","305542/2025-12-02/1761643067.json"
"766392","494885","2025-11-04","47.00","AUD","1761660480","305542/2025-11-04/1761660480.json"
"766391","494884","2025-11-04","48.00","AUD","1761660480","305542/2025-11-04/1761660480.json"
"766389","494882","2025-11-06","44.00","AUD","1761660480","305542/2025-11-06/1761660480.json"
"766392","494885","2025-11-06","47.00","AUD","1761660480","305542/2025-11-06/1761660480.json"
"766391","494884","2025-11-06","48.00","AUD","1761660480","305542/2025-11-06/1761660480.json"
"766389","494882","2025-11-05","44.00","AUD","1761660480","305542/2025-11-05/1761660480.json"
"766392","494885","2025-11-05","47.00","AUD","1761660480","305542/2025-11-05/1761660480.json"
"766391","494884","2025-11-05","48.00","AUD","1761660480","305542/2025-11-05/1761660480.json"
"766393","494886","2025-11-27","39.00","AUD","1761660480","305542/2025-11-27/1761660480.json"
"766392","494885","2025-11-27","47.00","AUD","1761660480","305542/2025-11-27/1761660480.json"
"766391","494884","2025-11-27","48.00","AUD","1761660480","305542/2025-11-27/1761660480.json"
"766393","494886","2025-11-30","39.00","AUD","1761660480","305542/2025-11-30/1761660480.json"
"766392","494885","2025-11-30","47.00","AUD","1761660480","305542/2025-11-30/1761660480.json"
"766391","494884","2025-11-30","48.00","AUD","1761660480","305542/2025-11-30/1761660480.json"
"766393","494886","2025-11-29","39.00","AUD","1761660480","305542/2025-11-29/1761660480.json"
"766392","494885","2025-11-29","47.00","AUD","1761660480","305542/2025-11-29/1761660480.json"
"766391","494884","2025-11-29","48.00","AUD","1761660480","305542/2025-11-29/1761660480.json"
"766393","494886","2025-11-28","39.00","AUD","1761660480","305542/2025-11-28/1761660480.json"
"766391","494884","2025-12-01","2.00","AUD","1761660480","305542/2025-12-01/1761660480.json"
"766392","494885","2025-12-01","2.00","AUD","1761660480","305542/2025-12-01/1761660480.json"
"766393","494886","2025-12-01","39.00","AUD","1761660480","305542/2025-12-01/1761660480.json"
"766391","494884","2025-12-02","2.00","AUD","1761660480","305542/2025-12-02/1761660480.json"
"766392","494885","2025-12-02","2.00","AUD","1761660480","305542/2025-12-02/1761660480.json"
"766393","494886","2025-12-02","39.00","AUD","1761660480","305542/2025-12-02/1761660480.json"
"766392","494885","2025-11-04","47.00","AUD","1761672029","305542/2025-11-04/1761672029.json"
"766391","494884","2025-11-04","48.00","AUD","1761672029","305542/2025-11-04/1761672029.json"
"766389","494882","2025-11-05","44.00","AUD","1761672029","305542/2025-11-05/1761672029.json"
"766392","494885","2025-11-05","47.00","AUD","1761672029","305542/2025-11-05/1761672029.json"
"766391","494884","2025-11-05","48.00","AUD","1761672029","305542/2025-11-05/1761672029.json"
"766389","494882","2025-11-06","44.00","AUD","1761672029","305542/2025-11-06/1761672029.json"
"766392","494885","2025-11-06","47.00","AUD","1761672029","305542/2025-11-06/1761672029.json"
"766391","494884","2025-11-06","48.00","AUD","1761672029","305542/2025-11-06/1761672029.json"
"766393","494886","2025-11-27","39.00","AUD","1761672029","305542/2025-11-27/1761672029.json"
"766392","494885","2025-11-27","47.00","AUD","1761672029","305542/2025-11-27/1761672029.json"
"766391","494884","2025-11-27","48.00","AUD","1761672029","305542/2025-11-27/1761672029.json"
"766393","494886","2025-11-29","39.00","AUD","1761672029","305542/2025-11-29/1761672029.json"
"766392","494885","2025-11-29","47.00","AUD","1761672029","305542/2025-11-29/1761672029.json"
"766391","494884","2025-11-29","48.00","AUD","1761672029","305542/2025-11-29/1761672029.json"
"766393","494886","2025-11-28","39.00","AUD","1761672029","305542/2025-11-28/1761672029.json"
"766393","494886","2025-11-30","39.00","AUD","1761672029","305542/2025-11-30/1761672029.json"
"766392","494885","2025-11-30","47.00","AUD","1761672029","305542/2025-11-30/1761672029.json"
"766391","494884","2025-11-30","48.00","AUD","1761672029","305542/2025-11-30/1761672029.json"
"766391","494884","2025-12-01","2.00","AUD","1761672029","305542/2025-12-01/1761672029.json"
"766392","494885","2025-12-01","2.00","AUD","1761672029","305542/2025-12-01/1761672029.json"
"766393","494886","2025-12-01","39.00","AUD","1761672029","305542/2025-12-01/1761672029.json"
"766391","494884","2025-12-02","2.00","AUD","1761672029","305542/2025-12-02/1761672029.json"
"766392","494885","2025-12-02","2.00","AUD","1761672029","305542/2025-12-02/1761672029.json"
"766393","494886","2025-12-02","39.00","AUD","1761672029","305542/2025-12-02/1761672029.json"
"766392","494885","2025-11-04","47.00","AUD","1761685633","305542/2025-11-04/1761685633.json"
"766391","494884","2025-11-04","48.00","AUD","1761685633","305542/2025-11-04/1761685633.json"
"766389","494882","2025-11-05","44.00","AUD","1761685633","305542/2025-11-05/1761685633.json"
"766392","494885","2025-11-05","47.00","AUD","1761685633","305542/2025-11-05/1761685633.json"
"766391","494884","2025-11-05","48.00","AUD","1761685633","305542/2025-11-05/1761685633.json"
"766389","494882","2025-11-06","44.00","AUD","1761685633","305542/2025-11-06/1761685633.json"
"766392","494885","2025-11-06","47.00","AUD","1761685633","305542/2025-11-06/1761685633.json"
"766391","494884","2025-11-06","48.00","AUD","1761685633","305542/2025-11-06/1761685633.json"
"766393","494886","2025-11-28","39.00","AUD","1761685633","305542/2025-11-28/1761685633.json"
"766393","494886","2025-11-27","39.00","AUD","1761685633","305542/2025-11-27/1761685633.json"
"766392","494885","2025-11-27","47.00","AUD","1761685633","305542/2025-11-27/1761685633.json"
"766391","494884","2025-11-27","48.00","AUD","1761685633","305542/2025-11-27/1761685633.json"
"766393","494886","2025-11-29","39.00","AUD","1761685633","305542/2025-11-29/1761685633.json"
"766393","494886","2025-11-30","39.00","AUD","1761685633","305542/2025-11-30/1761685633.json"
"766392","494885","2025-11-29","47.00","AUD","1761685633","305542/2025-11-29/1761685633.json"
"766392","494885","2025-11-30","47.00","AUD","1761685633","305542/2025-11-30/1761685633.json"
"766391","494884","2025-11-30","48.00","AUD","1761685633","305542/2025-11-30/1761685633.json"
"766391","494884","2025-11-29","48.00","AUD","1761685633","305542/2025-11-29/1761685633.json"
"766391","494884","2025-12-01","2.00","AUD","1761685633","305542/2025-12-01/1761685633.json"
"766392","494885","2025-12-01","2.00","AUD","1761685633","305542/2025-12-01/1761685633.json"
"766393","494886","2025-12-01","39.00","AUD","1761685633","305542/2025-12-01/1761685633.json"
"766391","494884","2025-12-02","2.00","AUD","1761685633","305542/2025-12-02/1761685633.json"
"766392","494885","2025-12-02","2.00","AUD","1761685633","305542/2025-12-02/1761685633.json"
"766393","494886","2025-12-02","39.00","AUD","1761685633","305542/2025-12-02/1761685633.json"
"766389","494882","2025-11-05","44.00","AUD","1761710543","305542/2025-11-05/1761710543.json"
"766392","494885","2025-11-05","47.00","AUD","1761710543","305542/2025-11-05/1761710543.json"
"766391","494884","2025-11-05","48.00","AUD","1761710543","305542/2025-11-05/1761710543.json"
"766389","494882","2025-11-06","44.00","AUD","1761710543","305542/2025-11-06/1761710543.json"
"766392","494885","2025-11-06","47.00","AUD","1761710543","305542/2025-11-06/1761710543.json"
"766391","494884","2025-11-06","48.00","AUD","1761710543","305542/2025-11-06/1761710543.json"
"766393","494886","2025-11-27","39.00","AUD","1761710543","305542/2025-11-27/1761710543.json"
"766392","494885","2025-11-27","47.00","AUD","1761710543","305542/2025-11-27/1761710543.json"
"766391","494884","2025-11-27","48.00","AUD","1761710543","305542/2025-11-27/1761710543.json"
"766393","494886","2025-11-28","39.00","AUD","1761710543","305542/2025-11-28/1761710543.json"
"766393","494886","2025-11-29","39.00","AUD","1761710543","305542/2025-11-29/1761710543.json"
"766392","494885","2025-11-29","47.00","AUD","1761710543","305542/2025-11-29/1761710543.json"
"766391","494884","2025-11-29","48.00","AUD","1761710543","305542/2025-11-29/1761710543.json"
"766391","494884","2025-12-01","2.00","AUD","1761710543","305542/2025-12-01/1761710543.json"
"766392","494885","2025-12-01","2.00","AUD","1761710543","305542/2025-12-01/1761710543.json"
"766393","494886","2025-12-01","39.00","AUD","1761710543","305542/2025-12-01/1761710543.json"
"766391","494884","2025-12-02","2.00","AUD","1761710543","305542/2025-12-02/1761710543.json"
"766392","494885","2025-12-02","2.00","AUD","1761710543","305542/2025-12-02/1761710543.json"
"766393","494886","2025-12-02","39.00","AUD","1761710543","305542/2025-12-02/1761710543.json"
"766393","494886","2025-11-30","39.00","AUD","1761710543","305542/2025-11-30/1761710543.json"
"766392","494885","2025-11-30","47.00","AUD","1761710543","305542/2025-11-30/1761710543.json"
"766391","494884","2025-11-30","48.00","AUD","1761710543","305542/2025-11-30/1761710543.json"
"766389","494882","2025-11-05","44.00","AUD","1761714740","305542/2025-11-05/1761714740.json"
"766392","494885","2025-11-05","47.00","AUD","1761714740","305542/2025-11-05/1761714740.json"
"766391","494884","2025-11-05","48.00","AUD","1761714740","305542/2025-11-05/1761714740.json"
"766389","494882","2025-11-06","44.00","AUD","1761714740","305542/2025-11-06/1761714740.json"
"766392","494885","2025-11-06","47.00","AUD","1761714740","305542/2025-11-06/1761714740.json"
"766391","494884","2025-11-06","48.00","AUD","1761714740","305542/2025-11-06/1761714740.json"
"766393","494886","2025-11-27","39.00","AUD","1761714740","305542/2025-11-27/1761714740.json"
"766392","494885","2025-11-27","47.00","AUD","1761714740","305542/2025-11-27/1761714740.json"
"766391","494884","2025-11-27","48.00","AUD","1761714740","305542/2025-11-27/1761714740.json"
"766393","494886","2025-11-28","39.00","AUD","1761714740","305542/2025-11-28/1761714740.json"
"766393","494886","2025-11-29","39.00","AUD","1761714740","305542/2025-11-29/1761714740.json"
"766392","494885","2025-11-29","47.00","AUD","1761714740","305542/2025-11-29/1761714740.json"
"766391","494884","2025-11-29","48.00","AUD","1761714740","305542/2025-11-29/1761714740.json"
"766393","494886","2025-11-30","39.00","AUD","1761714740","305542/2025-11-30/1761714740.json"
"766392","494885","2025-11-30","47.00","AUD","1761714740","305542/2025-11-30/1761714740.json"
"766391","494884","2025-11-30","48.00","AUD","1761714740","305542/2025-11-30/1761714740.json"
"766391","494884","2025-12-01","2.00","AUD","1761714740","305542/2025-12-01/1761714740.json"
"766392","494885","2025-12-01","2.00","AUD","1761714740","305542/2025-12-01/1761714740.json"
"766393","494886","2025-12-01","39.00","AUD","1761714740","305542/2025-12-01/1761714740.json"
"766391","494884","2025-12-02","2.00","AUD","1761714740","305542/2025-12-02/1761714740.json"
"766392","494885","2025-12-02","2.00","AUD","1761714740","305542/2025-12-02/1761714740.json"
"766393","494886","2025-12-02","39.00","AUD","1761714740","305542/2025-12-02/1761714740.json"
"766389","494882","2025-11-05","44.00","AUD","1761729617","305542/2025-11-05/1761729617.json"
"766392","494885","2025-11-05","47.00","AUD","1761729617","305542/2025-11-05/1761729617.json"
"766391","494884","2025-11-05","48.00","AUD","1761729617","305542/2025-11-05/1761729617.json"
"766389","494882","2025-11-06","44.00","AUD","1761729617","305542/2025-11-06/1761729617.json"
"766392","494885","2025-11-06","47.00","AUD","1761729617","305542/2025-11-06/1761729617.json"
"766391","494884","2025-11-06","48.00","AUD","1761729617","305542/2025-11-06/1761729617.json"
"766393","494886","2025-11-28","39.00","AUD","1761729617","305542/2025-11-28/1761729617.json"
"766393","494886","2025-11-27","39.00","AUD","1761729617","305542/2025-11-27/1761729617.json"
"766392","494885","2025-11-27","47.00","AUD","1761729617","305542/2025-11-27/1761729617.json"
"766391","494884","2025-11-27","48.00","AUD","1761729617","305542/2025-11-27/1761729617.json"
"766393","494886","2025-11-29","39.00","AUD","1761729617","305542/2025-11-29/1761729617.json"
"766392","494885","2025-11-29","47.00","AUD","1761729617","305542/2025-11-29/1761729617.json"
"766391","494884","2025-11-29","48.00","AUD","1761729617","305542/2025-11-29/1761729617.json"
"766391","494884","2025-12-01","2.00","AUD","1761729617","305542/2025-12-01/1761729617.json"
"766392","494885","2025-12-01","2.00","AUD","1761729617","305542/2025-12-01/1761729617.json"
"766393","494886","2025-12-01","39.00","AUD","1761729617","305542/2025-12-01/1761729617.json"
"766393","494886","2025-11-30","39.00","AUD","1761729617","305542/2025-11-30/1761729617.json"
"766392","494885","2025-11-30","47.00","AUD","1761729617","305542/2025-11-30/1761729617.json"
"766391","494884","2025-11-30","48.00","AUD","1761729617","305542/2025-11-30/1761729617.json"
"766391","494884","2025-12-02","2.00","AUD","1761729617","305542/2025-12-02/1761729617.json"
"766392","494885","2025-12-02","2.00","AUD","1761729617","305542/2025-12-02/1761729617.json"
"766393","494886","2025-12-02","39.00","AUD","1761729617","305542/2025-12-02/1761729617.json"
"766389","494882","2025-11-05","44.00","AUD","1761747030","305542/2025-11-05/1761747030.json"
"766392","494885","2025-11-05","47.00","AUD","1761747030","305542/2025-11-05/1761747030.json"
"766391","494884","2025-11-05","48.00","AUD","1761747030","305542/2025-11-05/1761747030.json"
"766389","494882","2025-11-06","44.00","AUD","1761747030","305542/2025-11-06/1761747030.json"
"766392","494885","2025-11-06","47.00","AUD","1761747030","305542/2025-11-06/1761747030.json"
"766391","494884","2025-11-06","48.00","AUD","1761747030","305542/2025-11-06/1761747030.json"
"766393","494886","2025-11-27","39.00","AUD","1761747030","305542/2025-11-27/1761747030.json"
"766392","494885","2025-11-27","47.00","AUD","1761747030","305542/2025-11-27/1761747030.json"
"766391","494884","2025-11-27","48.00","AUD","1761747030","305542/2025-11-27/1761747030.json"
"766393","494886","2025-11-29","39.00","AUD","1761747030","305542/2025-11-29/1761747030.json"
"766392","494885","2025-11-29","47.00","AUD","1761747030","305542/2025-11-29/1761747030.json"
"766391","494884","2025-11-29","48.00","AUD","1761747030","305542/2025-11-29/1761747030.json"
"766393","494886","2025-11-28","39.00","AUD","1761747030","305542/2025-11-28/1761747030.json"
"766393","494886","2025-11-30","39.00","AUD","1761747030","305542/2025-11-30/1761747030.json"
"766392","494885","2025-11-30","47.00","AUD","1761747030","305542/2025-11-30/1761747030.json"
"766391","494884","2025-11-30","48.00","AUD","1761747030","305542/2025-11-30/1761747030.json"
"766391","494884","2025-12-02","2.00","AUD","1761747030","305542/2025-12-02/1761747030.json"
"766392","494885","2025-12-02","2.00","AUD","1761747030","305542/2025-12-02/1761747030.json"
"766393","494886","2025-12-02","39.00","AUD","1761747030","305542/2025-12-02/1761747030.json"
"766391","494884","2025-12-01","2.00","AUD","1761747030","305542/2025-12-01/1761747030.json"
"766392","494885","2025-12-01","2.00","AUD","1761747030","305542/2025-12-01/1761747030.json"
"766393","494886","2025-12-01","39.00","AUD","1761747030","305542/2025-12-01/1761747030.json"
"766389","494882","2025-11-05","44.00","AUD","1761758571","305542/2025-11-05/1761758571.json"
"766392","494885","2025-11-05","47.00","AUD","1761758571","305542/2025-11-05/1761758571.json"
"766391","494884","2025-11-05","48.00","AUD","1761758571","305542/2025-11-05/1761758571.json"
"766389","494882","2025-11-06","44.00","AUD","1761758571","305542/2025-11-06/1761758571.json"
"766392","494885","2025-11-06","47.00","AUD","1761758571","305542/2025-11-06/1761758571.json"
"766391","494884","2025-11-06","48.00","AUD","1761758571","305542/2025-11-06/1761758571.json"
"766393","494886","2025-11-27","39.00","AUD","1761758571","305542/2025-11-27/1761758571.json"
"766392","494885","2025-11-27","47.00","AUD","1761758571","305542/2025-11-27/1761758571.json"
"766391","494884","2025-11-27","48.00","AUD","1761758571","305542/2025-11-27/1761758571.json"
"766393","494886","2025-11-28","39.00","AUD","1761758571","305542/2025-11-28/1761758571.json"
"766393","494886","2025-11-29","39.00","AUD","1761758571","305542/2025-11-29/1761758571.json"
"766392","494885","2025-11-29","47.00","AUD","1761758571","305542/2025-11-29/1761758571.json"
"766391","494884","2025-11-29","48.00","AUD","1761758571","305542/2025-11-29/1761758571.json"
"766391","494884","2025-12-02","2.00","AUD","1761758571","305542/2025-12-02/1761758571.json"
"766392","494885","2025-12-02","2.00","AUD","1761758571","305542/2025-12-02/1761758571.json"
"766393","494886","2025-12-02","39.00","AUD","1761758571","305542/2025-12-02/1761758571.json"
"766391","494884","2025-12-01","2.00","AUD","1761758571","305542/2025-12-01/1761758571.json"
"766392","494885","2025-12-01","2.00","AUD","1761758571","305542/2025-12-01/1761758571.json"
"766393","494886","2025-12-01","39.00","AUD","1761758571","305542/2025-12-01/1761758571.json"
"766393","494886","2025-11-30","39.00","AUD","1761758571","305542/2025-11-30/1761758571.json"
"766392","494885","2025-11-30","47.00","AUD","1761758571","305542/2025-11-30/1761758571.json"
"766391","494884","2025-11-30","48.00","AUD","1761758571","305542/2025-11-30/1761758571.json"
"766389","494882","2025-11-05","44.00","AUD","1761771889","305542/2025-11-05/1761771889.json"
"766392","494885","2025-11-05","47.00","AUD","1761771889","305542/2025-11-05/1761771889.json"
"766391","494884","2025-11-05","48.00","AUD","1761771889","305542/2025-11-05/1761771889.json"
"766389","494882","2025-11-06","44.00","AUD","1761771889","305542/2025-11-06/1761771889.json"
"766392","494885","2025-11-06","47.00","AUD","1761771889","305542/2025-11-06/1761771889.json"
"766391","494884","2025-11-06","48.00","AUD","1761771889","305542/2025-11-06/1761771889.json"
"766393","494886","2025-11-29","39.00","AUD","1761771889","305542/2025-11-29/1761771889.json"
"766392","494885","2025-11-29","47.00","AUD","1761771889","305542/2025-11-29/1761771889.json"
"766391","494884","2025-11-29","48.00","AUD","1761771889","305542/2025-11-29/1761771889.json"
"766393","494886","2025-11-28","39.00","AUD","1761771889","305542/2025-11-28/1761771889.json"
"766393","494886","2025-11-27","39.00","AUD","1761771889","305542/2025-11-27/1761771889.json"
"766392","494885","2025-11-27","47.00","AUD","1761771889","305542/2025-11-27/1761771889.json"
"766391","494884","2025-11-27","48.00","AUD","1761771889","305542/2025-11-27/1761771889.json"
"766391","494884","2025-12-01","2.00","AUD","1761771889","305542/2025-12-01/1761771889.json"
"766392","494885","2025-12-01","2.00","AUD","1761771889","305542/2025-12-01/1761771889.json"
"766393","494886","2025-12-01","39.00","AUD","1761771889","305542/2025-12-01/1761771889.json"
"766391","494884","2025-12-02","2.00","AUD","1761771889","305542/2025-12-02/1761771889.json"
"766392","494885","2025-12-02","2.00","AUD","1761771889","305542/2025-12-02/1761771889.json"
"766393","494886","2025-12-02","39.00","AUD","1761771889","305542/2025-12-02/1761771889.json"
"766393","494886","2025-11-30","39.00","AUD","1761771889","305542/2025-11-30/1761771889.json"
"766392","494885","2025-11-30","47.00","AUD","1761771889","305542/2025-11-30/1761771889.json"
"766391","494884","2025-11-30","48.00","AUD","1761771889","305542/2025-11-30/1761771889.json"
"766389","494882","2025-11-06","44.00","AUD","1761796649","305542/2025-11-06/1761796649.json"
"766392","494885","2025-11-06","47.00","AUD","1761796649","305542/2025-11-06/1761796649.json"
"766391","494884","2025-11-06","48.00","AUD","1761796649","305542/2025-11-06/1761796649.json"
"766393","494886","2025-11-27","39.00","AUD","1761796649","305542/2025-11-27/1761796649.json"
"766392","494885","2025-11-27","47.00","AUD","1761796649","305542/2025-11-27/1761796649.json"
"766391","494884","2025-11-27","48.00","AUD","1761796649","305542/2025-11-27/1761796649.json"
"766393","494886","2025-11-29","39.00","AUD","1761796649","305542/2025-11-29/1761796649.json"
"766392","494885","2025-11-29","47.00","AUD","1761796649","305542/2025-11-29/1761796649.json"
"766391","494884","2025-11-29","48.00","AUD","1761796649","305542/2025-11-29/1761796649.json"
"766393","494886","2025-11-28","39.00","AUD","1761796649","305542/2025-11-28/1761796649.json"
"766391","494884","2025-12-01","2.00","AUD","1761796649","305542/2025-12-01/1761796649.json"
"766392","494885","2025-12-01","2.00","AUD","1761796649","305542/2025-12-01/1761796649.json"
"766393","494886","2025-12-01","39.00","AUD","1761796649","305542/2025-12-01/1761796649.json"
"766393","494886","2025-11-30","39.00","AUD","1761796649","305542/2025-11-30/1761796649.json"
"766392","494885","2025-11-30","47.00","AUD","1761796649","305542/2025-11-30/1761796649.json"
"766391","494884","2025-11-30","48.00","AUD","1761796649","305542/2025-11-30/1761796649.json"
"766391","494884","2025-12-02","2.00","AUD","1761796649","305542/2025-12-02/1761796649.json"
"766392","494885","2025-12-02","2.00","AUD","1761796649","305542/2025-12-02/1761796649.json"
"766393","494886","2025-12-02","39.00","AUD","1761796649","305542/2025-12-02/1761796649.json"
"766389","494882","2025-11-06","44.00","AUD","1761800996","305542/2025-11-06/1761800996.json"
"766392","494885","2025-11-06","47.00","AUD","1761800996","305542/2025-11-06/1761800996.json"
"766391","494884","2025-11-06","48.00","AUD","1761800996","305542/2025-11-06/1761800996.json"
"766393","494886","2025-11-27","39.00","AUD","1761800996","305542/2025-11-27/1761800996.json"
"766392","494885","2025-11-27","47.00","AUD","1761800996","305542/2025-11-27/1761800996.json"
"766391","494884","2025-11-27","48.00","AUD","1761800996","305542/2025-11-27/1761800996.json"
"766393","494886","2025-11-28","39.00","AUD","1761800996","305542/2025-11-28/1761800996.json"
"766393","494886","2025-11-29","39.00","AUD","1761800996","305542/2025-11-29/1761800996.json"
"766392","494885","2025-11-29","47.00","AUD","1761800996","305542/2025-11-29/1761800996.json"
"766391","494884","2025-11-29","48.00","AUD","1761800996","305542/2025-11-29/1761800996.json"
"766393","494886","2025-11-30","39.00","AUD","1761800996","305542/2025-11-30/1761800996.json"
"766392","494885","2025-11-30","47.00","AUD","1761800996","305542/2025-11-30/1761800996.json"
"766391","494884","2025-11-30","48.00","AUD","1761800996","305542/2025-11-30/1761800996.json"
"766391","494884","2025-12-01","2.00","AUD","1761800996","305542/2025-12-01/1761800996.json"
"766392","494885","2025-12-01","2.00","AUD","1761800996","305542/2025-12-01/1761800996.json"
"766393","494886","2025-12-01","39.00","AUD","1761800996","305542/2025-12-01/1761800996.json"
"766391","494884","2025-12-02","2.00","AUD","1761800996","305542/2025-12-02/1761800996.json"
"766392","494885","2025-12-02","2.00","AUD","1761800996","305542/2025-12-02/1761800996.json"
"766393","494886","2025-12-02","39.00","AUD","1761800996","305542/2025-12-02/1761800996.json"
"766389","494882","2025-11-06","44.00","AUD","1761815705","305542/2025-11-06/1761815705.json"
"766392","494885","2025-11-06","47.00","AUD","1761815705","305542/2025-11-06/1761815705.json"
"766391","494884","2025-11-06","48.00","AUD","1761815705","305542/2025-11-06/1761815705.json"
"766393","494886","2025-11-27","39.00","AUD","1761815705","305542/2025-11-27/1761815705.json"
"766392","494885","2025-11-27","47.00","AUD","1761815705","305542/2025-11-27/1761815705.json"
"766391","494884","2025-11-27","48.00","AUD","1761815705","305542/2025-11-27/1761815705.json"
"766393","494886","2025-11-28","39.00","AUD","1761815705","305542/2025-11-28/1761815705.json"
"766393","494886","2025-11-29","39.00","AUD","1761815705","305542/2025-11-29/1761815705.json"
"766392","494885","2025-11-29","47.00","AUD","1761815705","305542/2025-11-29/1761815705.json"
"766391","494884","2025-11-29","48.00","AUD","1761815705","305542/2025-11-29/1761815705.json"
"766393","494886","2025-11-30","39.00","AUD","1761815705","305542/2025-11-30/1761815705.json"
"766392","494885","2025-11-30","47.00","AUD","1761815705","305542/2025-11-30/1761815705.json"
"766391","494884","2025-11-30","48.00","AUD","1761815705","305542/2025-11-30/1761815705.json"
"766391","494884","2025-12-01","2.00","AUD","1761815705","305542/2025-12-01/1761815705.json"
"766392","494885","2025-12-01","2.00","AUD","1761815705","305542/2025-12-01/1761815705.json"
"766393","494886","2025-12-01","39.00","AUD","1761815705","305542/2025-12-01/1761815705.json"
"766391","494884","2025-12-02","2.00","AUD","1761815705","305542/2025-12-02/1761815705.json"
"766392","494885","2025-12-02","2.00","AUD","1761815705","305542/2025-12-02/1761815705.json"
"766393","494886","2025-12-02","39.00","AUD","1761815705","305542/2025-12-02/1761815705.json"
"766389","494882","2025-11-06","44.00","AUD","1761833232","305542/2025-11-06/1761833232.json"
"766392","494885","2025-11-06","47.00","AUD","1761833232","305542/2025-11-06/1761833232.json"
"766391","494884","2025-11-06","48.00","AUD","1761833232","305542/2025-11-06/1761833232.json"
"766393","494886","2025-11-27","39.00","AUD","1761833232","305542/2025-11-27/1761833232.json"
"766392","494885","2025-11-27","47.00","AUD","1761833232","305542/2025-11-27/1761833232.json"
"766391","494884","2025-11-27","48.00","AUD","1761833232","305542/2025-11-27/1761833232.json"
"766393","494886","2025-11-28","39.00","AUD","1761833232","305542/2025-11-28/1761833232.json"
"766393","494886","2025-11-29","39.00","AUD","1761833232","305542/2025-11-29/1761833232.json"
"766392","494885","2025-11-29","47.00","AUD","1761833232","305542/2025-11-29/1761833232.json"
"766391","494884","2025-11-29","48.00","AUD","1761833232","305542/2025-11-29/1761833232.json"
"766393","494886","2025-11-30","39.00","AUD","1761833232","305542/2025-11-30/1761833232.json"
"766392","494885","2025-11-30","47.00","AUD","1761833232","305542/2025-11-30/1761833232.json"
"766391","494884","2025-11-30","48.00","AUD","1761833232","305542/2025-11-30/1761833232.json"
"766391","494884","2025-12-01","2.00","AUD","1761833232","305542/2025-12-01/1761833232.json"
"766392","494885","2025-12-01","2.00","AUD","1761833232","305542/2025-12-01/1761833232.json"
"766393","494886","2025-12-01","39.00","AUD","1761833232","305542/2025-12-01/1761833232.json"
"766391","494884","2025-12-02","2.00","AUD","1761833232","305542/2025-12-02/1761833232.json"
"766392","494885","2025-12-02","2.00","AUD","1761833232","305542/2025-12-02/1761833232.json"
"766393","494886","2025-12-02","39.00","AUD","1761833232","305542/2025-12-02/1761833232.json"
"766389","494882","2025-11-06","44.00","AUD","1761844625","305542/2025-11-06/1761844625.json"
"766392","494885","2025-11-06","47.00","AUD","1761844625","305542/2025-11-06/1761844625.json"
"766391","494884","2025-11-06","48.00","AUD","1761844625","305542/2025-11-06/1761844625.json"
"766393","494886","2025-11-27","39.00","AUD","1761844625","305542/2025-11-27/1761844625.json"
"766392","494885","2025-11-27","47.00","AUD","1761844625","305542/2025-11-27/1761844625.json"
"766391","494884","2025-11-27","48.00","AUD","1761844625","305542/2025-11-27/1761844625.json"
"766393","494886","2025-11-28","39.00","AUD","1761844625","305542/2025-11-28/1761844625.json"
"766393","494886","2025-11-30","39.00","AUD","1761844625","305542/2025-11-30/1761844625.json"
"766392","494885","2025-11-30","47.00","AUD","1761844625","305542/2025-11-30/1761844625.json"
"766391","494884","2025-11-30","48.00","AUD","1761844625","305542/2025-11-30/1761844625.json"
"766393","494886","2025-11-29","39.00","AUD","1761844625","305542/2025-11-29/1761844625.json"
"766392","494885","2025-11-29","47.00","AUD","1761844625","305542/2025-11-29/1761844625.json"
"766391","494884","2025-11-29","48.00","AUD","1761844625","305542/2025-11-29/1761844625.json"
"766391","494884","2025-12-01","2.00","AUD","1761844625","305542/2025-12-01/1761844625.json"
"766392","494885","2025-12-01","2.00","AUD","1761844625","305542/2025-12-01/1761844625.json"
"766393","494886","2025-12-01","39.00","AUD","1761844625","305542/2025-12-01/1761844625.json"
"766391","494884","2025-12-02","2.00","AUD","1761844625","305542/2025-12-02/1761844625.json"
"766392","494885","2025-12-02","2.00","AUD","1761844625","305542/2025-12-02/1761844625.json"
"766393","494886","2025-12-02","39.00","AUD","1761844625","305542/2025-12-02/1761844625.json"
"766389","494882","2025-11-06","44.00","AUD","1761858215","305542/2025-11-06/1761858215.json"
"766392","494885","2025-11-06","47.00","AUD","1761858215","305542/2025-11-06/1761858215.json"
"766391","494884","2025-11-06","48.00","AUD","1761858215","305542/2025-11-06/1761858215.json"
"766393","494886","2025-11-27","39.00","AUD","1761858215","305542/2025-11-27/1761858215.json"
"766392","494885","2025-11-27","47.00","AUD","1761858215","305542/2025-11-27/1761858215.json"
"766391","494884","2025-11-27","48.00","AUD","1761858215","305542/2025-11-27/1761858215.json"
"766393","494886","2025-11-29","39.00","AUD","1761858215","305542/2025-11-29/1761858215.json"
"766392","494885","2025-11-29","47.00","AUD","1761858215","305542/2025-11-29/1761858215.json"
"766391","494884","2025-11-29","48.00","AUD","1761858215","305542/2025-11-29/1761858215.json"
"766393","494886","2025-11-28","39.00","AUD","1761858215","305542/2025-11-28/1761858215.json"
"766393","494886","2025-11-30","39.00","AUD","1761858215","305542/2025-11-30/1761858215.json"
"766392","494885","2025-11-30","47.00","AUD","1761858215","305542/2025-11-30/1761858215.json"
"766391","494884","2025-11-30","48.00","AUD","1761858215","305542/2025-11-30/1761858215.json"
"766391","494884","2025-12-01","2.00","AUD","1761858215","305542/2025-12-01/1761858215.json"
"766392","494885","2025-12-01","2.00","AUD","1761858215","305542/2025-12-01/1761858215.json"
"766393","494886","2025-12-01","39.00","AUD","1761858215","305542/2025-12-01/1761858215.json"
"766391","494884","2025-12-02","2.00","AUD","1761858215","305542/2025-12-02/1761858215.json"
"766392","494885","2025-12-02","2.00","AUD","1761858215","305542/2025-12-02/1761858215.json"
"766393","494886","2025-12-02","39.00","AUD","1761858215","305542/2025-12-02/1761858215.json"
"766393","494886","2025-11-27","39.00","AUD","1761883050","305542/2025-11-27/1761883050.json"
"766392","494885","2025-11-27","47.00","AUD","1761883050","305542/2025-11-27/1761883050.json"
"766391","494884","2025-11-27","48.00","AUD","1761883050","305542/2025-11-27/1761883050.json"
"766393","494886","2025-11-28","39.00","AUD","1761883050","305542/2025-11-28/1761883050.json"
"766393","494886","2025-11-29","39.00","AUD","1761883050","305542/2025-11-29/1761883050.json"
"766392","494885","2025-11-29","47.00","AUD","1761883050","305542/2025-11-29/1761883050.json"
"766391","494884","2025-11-29","48.00","AUD","1761883050","305542/2025-11-29/1761883050.json"
"766393","494886","2025-11-30","39.00","AUD","1761883050","305542/2025-11-30/1761883050.json"
"766392","494885","2025-11-30","47.00","AUD","1761883050","305542/2025-11-30/1761883050.json"
"766391","494884","2025-11-30","48.00","AUD","1761883050","305542/2025-11-30/1761883050.json"
"766391","494884","2025-12-01","2.00","AUD","1761883050","305542/2025-12-01/1761883050.json"
"766392","494885","2025-12-01","2.00","AUD","1761883050","305542/2025-12-01/1761883050.json"
"766393","494886","2025-12-01","39.00","AUD","1761883050","305542/2025-12-01/1761883050.json"
"766391","494884","2025-12-02","2.00","AUD","1761883050","305542/2025-12-02/1761883050.json"
"766392","494885","2025-12-02","2.00","AUD","1761883050","305542/2025-12-02/1761883050.json"
"766393","494886","2025-12-02","39.00","AUD","1761883050","305542/2025-12-02/1761883050.json"
"766393","494886","2025-11-27","39.00","AUD","1761887319","305542/2025-11-27/1761887319.json"
"766392","494885","2025-11-27","47.00","AUD","1761887319","305542/2025-11-27/1761887319.json"
"766391","494884","2025-11-27","48.00","AUD","1761887319","305542/2025-11-27/1761887319.json"
"766393","494886","2025-11-30","39.00","AUD","1761887319","305542/2025-11-30/1761887319.json"
"766392","494885","2025-11-30","47.00","AUD","1761887319","305542/2025-11-30/1761887319.json"
"766391","494884","2025-11-30","48.00","AUD","1761887319","305542/2025-11-30/1761887319.json"
"766393","494886","2025-11-28","39.00","AUD","1761887319","305542/2025-11-28/1761887319.json"
"766391","494884","2025-12-01","2.00","AUD","1761887319","305542/2025-12-01/1761887319.json"
"766392","494885","2025-12-01","2.00","AUD","1761887319","305542/2025-12-01/1761887319.json"
"766393","494886","2025-12-01","39.00","AUD","1761887319","305542/2025-12-01/1761887319.json"
"766393","494886","2025-11-29","39.00","AUD","1761887319","305542/2025-11-29/1761887319.json"
"766392","494885","2025-11-29","47.00","AUD","1761887319","305542/2025-11-29/1761887319.json"
"766391","494884","2025-11-29","48.00","AUD","1761887319","305542/2025-11-29/1761887319.json"
"766391","494884","2025-12-02","2.00","AUD","1761887319","305542/2025-12-02/1761887319.json"
"766392","494885","2025-12-02","2.00","AUD","1761887319","305542/2025-12-02/1761887319.json"
"766393","494886","2025-12-02","39.00","AUD","1761887319","305542/2025-12-02/1761887319.json"
"766393","494886","2025-11-28","39.00","AUD","1761902074","305542/2025-11-28/1761902074.json"
"766393","494886","2025-11-27","39.00","AUD","1761902074","305542/2025-11-27/1761902074.json"
"766392","494885","2025-11-27","47.00","AUD","1761902074","305542/2025-11-27/1761902074.json"
"766391","494884","2025-11-27","48.00","AUD","1761902074","305542/2025-11-27/1761902074.json"
"766393","494886","2025-11-29","39.00","AUD","1761902074","305542/2025-11-29/1761902074.json"
"766392","494885","2025-11-29","47.00","AUD","1761902074","305542/2025-11-29/1761902074.json"
"766391","494884","2025-11-29","48.00","AUD","1761902074","305542/2025-11-29/1761902074.json"
"766391","494884","2025-12-02","2.00","AUD","1761902074","305542/2025-12-02/1761902074.json"
"766391","494884","2025-12-01","2.00","AUD","1761902074","305542/2025-12-01/1761902074.json"
"766392","494885","2025-12-02","2.00","AUD","1761902074","305542/2025-12-02/1761902074.json"
"766392","494885","2025-12-01","2.00","AUD","1761902074","305542/2025-12-01/1761902074.json"
"766393","494886","2025-12-01","39.00","AUD","1761902074","305542/2025-12-01/1761902074.json"
"766393","494886","2025-12-02","39.00","AUD","1761902074","305542/2025-12-02/1761902074.json"
"766393","494886","2025-11-30","39.00","AUD","1761902074","305542/2025-11-30/1761902074.json"
"766392","494885","2025-11-30","47.00","AUD","1761902074","305542/2025-11-30/1761902074.json"
"766391","494884","2025-11-30","48.00","AUD","1761902074","305542/2025-11-30/1761902074.json"
"766393","494886","2025-11-28","39.00","AUD","1761919583","305542/2025-11-28/1761919583.json"
"766393","494886","2025-11-27","39.00","AUD","1761919583","305542/2025-11-27/1761919583.json"
"766392","494885","2025-11-27","47.00","AUD","1761919583","305542/2025-11-27/1761919583.json"
"766391","494884","2025-11-27","48.00","AUD","1761919583","305542/2025-11-27/1761919583.json"
"766393","494886","2025-11-29","39.00","AUD","1761919583","305542/2025-11-29/1761919583.json"
"766392","494885","2025-11-29","47.00","AUD","1761919583","305542/2025-11-29/1761919583.json"
"766391","494884","2025-11-29","48.00","AUD","1761919583","305542/2025-11-29/1761919583.json"
"766393","494886","2025-11-30","39.00","AUD","1761919583","305542/2025-11-30/1761919583.json"
"766392","494885","2025-11-30","47.00","AUD","1761919583","305542/2025-11-30/1761919583.json"
"766391","494884","2025-11-30","48.00","AUD","1761919583","305542/2025-11-30/1761919583.json"
"766391","494884","2025-12-01","2.00","AUD","1761919583","305542/2025-12-01/1761919583.json"
"766392","494885","2025-12-01","2.00","AUD","1761919583","305542/2025-12-01/1761919583.json"
"766393","494886","2025-12-01","39.00","AUD","1761919583","305542/2025-12-01/1761919583.json"
"766391","494884","2025-12-02","2.00","AUD","1761919583","305542/2025-12-02/1761919583.json"
"766392","494885","2025-12-02","2.00","AUD","1761919583","305542/2025-12-02/1761919583.json"
"766393","494886","2025-12-02","39.00","AUD","1761919583","305542/2025-12-02/1761919583.json"
"766393","494886","2025-11-27","39.00","AUD","1761930884","305542/2025-11-27/1761930884.json"
"766392","494885","2025-11-27","47.00","AUD","1761930884","305542/2025-11-27/1761930884.json"
"766391","494884","2025-11-27","48.00","AUD","1761930884","305542/2025-11-27/1761930884.json"
"766393","494886","2025-11-28","39.00","AUD","1761930884","305542/2025-11-28/1761930884.json"
"766393","494886","2025-11-29","39.00","AUD","1761930884","305542/2025-11-29/1761930884.json"
"766392","494885","2025-11-29","47.00","AUD","1761930884","305542/2025-11-29/1761930884.json"
"766391","494884","2025-11-29","48.00","AUD","1761930884","305542/2025-11-29/1761930884.json"
"766393","494886","2025-11-30","39.00","AUD","1761930884","305542/2025-11-30/1761930884.json"
"766392","494885","2025-11-30","47.00","AUD","1761930884","305542/2025-11-30/1761930884.json"
"766391","494884","2025-11-30","48.00","AUD","1761930884","305542/2025-11-30/1761930884.json"
"766391","494884","2025-12-01","2.00","AUD","1761930884","305542/2025-12-01/1761930884.json"
"766392","494885","2025-12-01","2.00","AUD","1761930884","305542/2025-12-01/1761930884.json"
"766393","494886","2025-12-01","39.00","AUD","1761930884","305542/2025-12-01/1761930884.json"
"766391","494884","2025-12-02","2.00","AUD","1761930884","305542/2025-12-02/1761930884.json"
"766392","494885","2025-12-02","2.00","AUD","1761930884","305542/2025-12-02/1761930884.json"
"766393","494886","2025-12-02","39.00","AUD","1761930884","305542/2025-12-02/1761930884.json"
"766393","494886","2025-11-27","39.00","AUD","1761944617","305542/2025-11-27/1761944617.json"
"766392","494885","2025-11-27","47.00","AUD","1761944617","305542/2025-11-27/1761944617.json"
"766391","494884","2025-11-27","48.00","AUD","1761944617","305542/2025-11-27/1761944617.json"
"766393","494886","2025-11-28","39.00","AUD","1761944617","305542/2025-11-28/1761944617.json"
"766393","494886","2025-11-29","39.00","AUD","1761944617","305542/2025-11-29/1761944617.json"
"766392","494885","2025-11-29","47.00","AUD","1761944617","305542/2025-11-29/1761944617.json"
"766391","494884","2025-11-29","48.00","AUD","1761944617","305542/2025-11-29/1761944617.json"
"766393","494886","2025-11-30","39.00","AUD","1761944617","305542/2025-11-30/1761944617.json"
"766392","494885","2025-11-30","47.00","AUD","1761944617","305542/2025-11-30/1761944617.json"
"766391","494884","2025-11-30","48.00","AUD","1761944617","305542/2025-11-30/1761944617.json"
"766391","494884","2025-12-01","2.00","AUD","1761944617","305542/2025-12-01/1761944617.json"
"766392","494885","2025-12-01","2.00","AUD","1761944617","305542/2025-12-01/1761944617.json"
"766393","494886","2025-12-01","39.00","AUD","1761944617","305542/2025-12-01/1761944617.json"
"766391","494884","2025-12-02","2.00","AUD","1761944617","305542/2025-12-02/1761944617.json"
"766392","494885","2025-12-02","2.00","AUD","1761944617","305542/2025-12-02/1761944617.json"
"766393","494886","2025-12-02","39.00","AUD","1761944617","305542/2025-12-02/1761944617.json"
"766393","494886","2025-11-27","39.00","AUD","1761969580","305542/2025-11-27/1761969580.json"
"766392","494885","2025-11-27","47.00","AUD","1761969580","305542/2025-11-27/1761969580.json"
"766391","494884","2025-11-27","48.00","AUD","1761969580","305542/2025-11-27/1761969580.json"
"766393","494886","2025-11-29","39.00","AUD","1761969580","305542/2025-11-29/1761969580.json"
"766392","494885","2025-11-29","47.00","AUD","1761969580","305542/2025-11-29/1761969580.json"
"766393","494886","2025-11-28","39.00","AUD","1761969580","305542/2025-11-28/1761969580.json"
"766391","494884","2025-12-01","2.00","AUD","1761969580","305542/2025-12-01/1761969580.json"
"766391","494884","2025-11-29","48.00","AUD","1761969580","305542/2025-11-29/1761969580.json"
"766392","494885","2025-12-01","2.00","AUD","1761969580","305542/2025-12-01/1761969580.json"
"766393","494886","2025-12-01","39.00","AUD","1761969580","305542/2025-12-01/1761969580.json"
"766393","494886","2025-11-30","39.00","AUD","1761969580","305542/2025-11-30/1761969580.json"
"766392","494885","2025-11-30","47.00","AUD","1761969580","305542/2025-11-30/1761969580.json"
"766391","494884","2025-11-30","48.00","AUD","1761969580","305542/2025-11-30/1761969580.json"
"766391","494884","2025-12-02","2.00","AUD","1761969580","305542/2025-12-02/1761969580.json"
"766392","494885","2025-12-02","2.00","AUD","1761969580","305542/2025-12-02/1761969580.json"
"766393","494886","2025-12-02","39.00","AUD","1761969580","305542/2025-12-02/1761969580.json"
"766393","494886","2025-11-27","39.00","AUD","1761973256","305542/2025-11-27/1761973256.json"
"766392","494885","2025-11-27","47.00","AUD","1761973256","305542/2025-11-27/1761973256.json"
"766391","494884","2025-11-27","48.00","AUD","1761973256","305542/2025-11-27/1761973256.json"
"766393","494886","2025-11-28","39.00","AUD","1761973256","305542/2025-11-28/1761973256.json"
"766393","494886","2025-11-29","39.00","AUD","1761973256","305542/2025-11-29/1761973256.json"
"766392","494885","2025-11-29","47.00","AUD","1761973256","305542/2025-11-29/1761973256.json"
"766391","494884","2025-11-29","48.00","AUD","1761973256","305542/2025-11-29/1761973256.json"
"766393","494886","2025-11-30","39.00","AUD","1761973256","305542/2025-11-30/1761973256.json"
"766392","494885","2025-11-30","47.00","AUD","1761973256","305542/2025-11-30/1761973256.json"
"766391","494884","2025-11-30","48.00","AUD","1761973256","305542/2025-11-30/1761973256.json"
"766391","494884","2025-12-01","2.00","AUD","1761973256","305542/2025-12-01/1761973256.json"
"766392","494885","2025-12-01","2.00","AUD","1761973256","305542/2025-12-01/1761973256.json"
"766393","494886","2025-12-01","39.00","AUD","1761973256","305542/2025-12-01/1761973256.json"
"766391","494884","2025-12-02","2.00","AUD","1761973256","305542/2025-12-02/1761973256.json"
"766392","494885","2025-12-02","2.00","AUD","1761973256","305542/2025-12-02/1761973256.json"
"766393","494886","2025-12-02","39.00","AUD","1761973256","305542/2025-12-02/1761973256.json"
"766393","494886","2025-11-29","39.00","AUD","1761987846","305542/2025-11-29/1761987846.json"
"766392","494885","2025-11-29","47.00","AUD","1761987846","305542/2025-11-29/1761987846.json"
"766391","494884","2025-11-29","48.00","AUD","1761987846","305542/2025-11-29/1761987846.json"
"766393","494886","2025-11-28","39.00","AUD","1761987846","305542/2025-11-28/1761987846.json"
"766393","494886","2025-11-27","39.00","AUD","1761987846","305542/2025-11-27/1761987846.json"
"766392","494885","2025-11-27","47.00","AUD","1761987846","305542/2025-11-27/1761987846.json"
"766391","494884","2025-11-27","48.00","AUD","1761987846","305542/2025-11-27/1761987846.json"
"766393","494886","2025-11-30","39.00","AUD","1761987846","305542/2025-11-30/1761987846.json"
"766392","494885","2025-11-30","47.00","AUD","1761987846","305542/2025-11-30/1761987846.json"
"766391","494884","2025-11-30","48.00","AUD","1761987846","305542/2025-11-30/1761987846.json"
"766391","494884","2025-12-01","2.00","AUD","1761987846","305542/2025-12-01/1761987846.json"
"766392","494885","2025-12-01","2.00","AUD","1761987846","305542/2025-12-01/1761987846.json"
"766393","494886","2025-12-01","39.00","AUD","1761987846","305542/2025-12-01/1761987846.json"
"766391","494884","2025-12-02","2.00","AUD","1761987846","305542/2025-12-02/1761987846.json"
"766392","494885","2025-12-02","2.00","AUD","1761987846","305542/2025-12-02/1761987846.json"
"766393","494886","2025-12-02","39.00","AUD","1761987846","305542/2025-12-02/1761987846.json"
"766393","494886","2025-11-27","39.00","AUD","1762003880","305542/2025-11-27/1762003880.json"
"766392","494885","2025-11-27","47.00","AUD","1762003880","305542/2025-11-27/1762003880.json"
"766391","494884","2025-11-27","48.00","AUD","1762003880","305542/2025-11-27/1762003880.json"
"766393","494886","2025-11-28","39.00","AUD","1762003880","305542/2025-11-28/1762003880.json"
"766393","494886","2025-11-29","39.00","AUD","1762003880","305542/2025-11-29/1762003880.json"
"766392","494885","2025-11-29","47.00","AUD","1762003880","305542/2025-11-29/1762003880.json"
"766391","494884","2025-11-29","48.00","AUD","1762003880","305542/2025-11-29/1762003880.json"
"766391","494884","2025-12-01","2.00","AUD","1762003880","305542/2025-12-01/1762003880.json"
"766392","494885","2025-12-01","2.00","AUD","1762003880","305542/2025-12-01/1762003880.json"
"766393","494886","2025-12-01","39.00","AUD","1762003880","305542/2025-12-01/1762003880.json"
"766391","494884","2025-12-02","2.00","AUD","1762003880","305542/2025-12-02/1762003880.json"
"766392","494885","2025-12-02","2.00","AUD","1762003880","305542/2025-12-02/1762003880.json"
"766393","494886","2025-12-02","39.00","AUD","1762003880","305542/2025-12-02/1762003880.json"
"766393","494886","2025-11-30","39.00","AUD","1762003880","305542/2025-11-30/1762003880.json"
"766392","494885","2025-11-30","47.00","AUD","1762003880","305542/2025-11-30/1762003880.json"
"766391","494884","2025-11-30","48.00","AUD","1762003880","305542/2025-11-30/1762003880.json"
"766393","494886","2025-11-27","39.00","AUD","1762016560","305542/2025-11-27/1762016560.json"
"766392","494885","2025-11-27","47.00","AUD","1762016560","305542/2025-11-27/1762016560.json"
"766391","494884","2025-11-27","48.00","AUD","1762016560","305542/2025-11-27/1762016560.json"
"766393","494886","2025-11-30","39.00","AUD","1762016560","305542/2025-11-30/1762016560.json"
"766392","494885","2025-11-30","47.00","AUD","1762016560","305542/2025-11-30/1762016560.json"
"766391","494884","2025-11-30","48.00","AUD","1762016560","305542/2025-11-30/1762016560.json"
"766393","494886","2025-11-28","39.00","AUD","1762016560","305542/2025-11-28/1762016560.json"
"766393","494886","2025-11-29","39.00","AUD","1762016560","305542/2025-11-29/1762016560.json"
"766392","494885","2025-11-29","47.00","AUD","1762016560","305542/2025-11-29/1762016560.json"
"766391","494884","2025-11-29","48.00","AUD","1762016560","305542/2025-11-29/1762016560.json"
"766391","494884","2025-12-02","2.00","AUD","1762016560","305542/2025-12-02/1762016560.json"
"766392","494885","2025-12-02","2.00","AUD","1762016560","305542/2025-12-02/1762016560.json"
"766393","494886","2025-12-02","39.00","AUD","1762016560","305542/2025-12-02/1762016560.json"
"766391","494884","2025-12-01","2.00","AUD","1762016560","305542/2025-12-01/1762016560.json"
"766392","494885","2025-12-01","2.00","AUD","1762016560","305542/2025-12-01/1762016560.json"
"766393","494886","2025-12-01","39.00","AUD","1762016560","305542/2025-12-01/1762016560.json"
"766393","494886","2025-11-28","39.00","AUD","1762030493","305542/2025-11-28/1762030493.json"
"766393","494886","2025-11-29","39.00","AUD","1762030493","305542/2025-11-29/1762030493.json"
"766392","494885","2025-11-29","47.00","AUD","1762030493","305542/2025-11-29/1762030493.json"
"766391","494884","2025-11-29","48.00","AUD","1762030493","305542/2025-11-29/1762030493.json"
"766393","494886","2025-11-30","39.00","AUD","1762030493","305542/2025-11-30/1762030493.json"
"766392","494885","2025-11-30","47.00","AUD","1762030493","305542/2025-11-30/1762030493.json"
"766391","494884","2025-11-30","48.00","AUD","1762030493","305542/2025-11-30/1762030493.json"
"766393","494886","2025-11-27","39.00","AUD","1762030493","305542/2025-11-27/1762030493.json"
"766392","494885","2025-11-27","47.00","AUD","1762030493","305542/2025-11-27/1762030493.json"
"766391","494884","2025-11-27","48.00","AUD","1762030493","305542/2025-11-27/1762030493.json"
"766391","494884","2025-12-01","2.00","AUD","1762030493","305542/2025-12-01/1762030493.json"
"766392","494885","2025-12-01","2.00","AUD","1762030493","305542/2025-12-01/1762030493.json"
"766393","494886","2025-12-01","39.00","AUD","1762030493","305542/2025-12-01/1762030493.json"
"766391","494884","2025-12-02","2.00","AUD","1762030493","305542/2025-12-02/1762030493.json"
"766392","494885","2025-12-02","2.00","AUD","1762030493","305542/2025-12-02/1762030493.json"
"766393","494886","2025-12-02","39.00","AUD","1762030493","305542/2025-12-02/1762030493.json"
"766393","494886","2025-11-27","39.00","AUD","1762056156","305542/2025-11-27/1762056156.json"
"766392","494885","2025-11-27","47.00","AUD","1762056156","305542/2025-11-27/1762056156.json"
"766391","494884","2025-11-27","48.00","AUD","1762056156","305542/2025-11-27/1762056156.json"
"766393","494886","2025-11-28","39.00","AUD","1762056156","305542/2025-11-28/1762056156.json"
"766393","494886","2025-11-29","39.00","AUD","1762056156","305542/2025-11-29/1762056156.json"
"766392","494885","2025-11-29","47.00","AUD","1762056156","305542/2025-11-29/1762056156.json"
"766391","494884","2025-11-29","48.00","AUD","1762056156","305542/2025-11-29/1762056156.json"
"766393","494886","2025-11-30","39.00","AUD","1762056156","305542/2025-11-30/1762056156.json"
"766392","494885","2025-11-30","47.00","AUD","1762056156","305542/2025-11-30/1762056156.json"
"766391","494884","2025-11-30","48.00","AUD","1762056156","305542/2025-11-30/1762056156.json"
"766391","494884","2025-12-01","2.00","AUD","1762056156","305542/2025-12-01/1762056156.json"
"766392","494885","2025-12-01","2.00","AUD","1762056156","305542/2025-12-01/1762056156.json"
"766393","494886","2025-12-01","39.00","AUD","1762056156","305542/2025-12-01/1762056156.json"
"766391","494884","2025-12-02","2.00","AUD","1762056156","305542/2025-12-02/1762056156.json"
"766392","494885","2025-12-02","2.00","AUD","1762056156","305542/2025-12-02/1762056156.json"
"766393","494886","2025-12-02","39.00","AUD","1762056156","305542/2025-12-02/1762056156.json"
"766393","494886","2025-11-28","39.00","AUD","1762058508","305542/2025-11-28/1762058508.json"
"766393","494886","2025-11-29","39.00","AUD","1762058508","305542/2025-11-29/1762058508.json"
"766392","494885","2025-11-29","47.00","AUD","1762058508","305542/2025-11-29/1762058508.json"
"766391","494884","2025-11-29","48.00","AUD","1762058508","305542/2025-11-29/1762058508.json"
"766393","494886","2025-11-27","39.00","AUD","1762058508","305542/2025-11-27/1762058508.json"
"766392","494885","2025-11-27","47.00","AUD","1762058508","305542/2025-11-27/1762058508.json"
"766391","494884","2025-11-27","48.00","AUD","1762058508","305542/2025-11-27/1762058508.json"
"766391","494884","2025-12-02","2.00","AUD","1762058508","305542/2025-12-02/1762058508.json"
"766392","494885","2025-12-02","2.00","AUD","1762058508","305542/2025-12-02/1762058508.json"
"766393","494886","2025-12-02","39.00","AUD","1762058508","305542/2025-12-02/1762058508.json"
"766393","494886","2025-11-30","39.00","AUD","1762058508","305542/2025-11-30/1762058508.json"
"766392","494885","2025-11-30","47.00","AUD","1762058508","305542/2025-11-30/1762058508.json"
"766391","494884","2025-11-30","48.00","AUD","1762058508","305542/2025-11-30/1762058508.json"
"766391","494884","2025-12-01","2.00","AUD","1762058508","305542/2025-12-01/1762058508.json"
"766392","494885","2025-12-01","2.00","AUD","1762058508","305542/2025-12-01/1762058508.json"
"766393","494886","2025-12-01","39.00","AUD","1762058508","305542/2025-12-01/1762058508.json"
"766393","494886","2025-11-27","39.00","AUD","1762072802","305542/2025-11-27/1762072802.json"
"766392","494885","2025-11-27","47.00","AUD","1762072802","305542/2025-11-27/1762072802.json"
"766391","494884","2025-11-27","48.00","AUD","1762072802","305542/2025-11-27/1762072802.json"
"766393","494886","2025-11-28","39.00","AUD","1762072802","305542/2025-11-28/1762072802.json"
"766393","494886","2025-11-30","39.00","AUD","1762072802","305542/2025-11-30/1762072802.json"
"766392","494885","2025-11-30","47.00","AUD","1762072802","305542/2025-11-30/1762072802.json"
"766391","494884","2025-11-30","48.00","AUD","1762072802","305542/2025-11-30/1762072802.json"
"766393","494886","2025-11-29","39.00","AUD","1762072802","305542/2025-11-29/1762072802.json"
"766392","494885","2025-11-29","47.00","AUD","1762072802","305542/2025-11-29/1762072802.json"
"766391","494884","2025-11-29","48.00","AUD","1762072802","305542/2025-11-29/1762072802.json"
"766391","494884","2025-12-01","2.00","AUD","1762072802","305542/2025-12-01/1762072802.json"
"766392","494885","2025-12-01","2.00","AUD","1762072802","305542/2025-12-01/1762072802.json"
"766393","494886","2025-12-01","39.00","AUD","1762072802","305542/2025-12-01/1762072802.json"
"766391","494884","2025-12-02","2.00","AUD","1762072802","305542/2025-12-02/1762072802.json"
"766392","494885","2025-12-02","2.00","AUD","1762072802","305542/2025-12-02/1762072802.json"
"766393","494886","2025-12-02","39.00","AUD","1762072802","305542/2025-12-02/1762072802.json"
"766393","494886","2025-11-28","39.00","AUD","1762087923","305542/2025-11-28/1762087923.json"
"766393","494886","2025-11-27","39.00","AUD","1762087923","305542/2025-11-27/1762087923.json"
"766392","494885","2025-11-27","47.00","AUD","1762087923","305542/2025-11-27/1762087923.json"
"766391","494884","2025-11-27","48.00","AUD","1762087923","305542/2025-11-27/1762087923.json"
"766393","494886","2025-11-30","39.00","AUD","1762087923","305542/2025-11-30/1762087923.json"
"766392","494885","2025-11-30","47.00","AUD","1762087923","305542/2025-11-30/1762087923.json"
"766391","494884","2025-11-30","48.00","AUD","1762087923","305542/2025-11-30/1762087923.json"
"766393","494886","2025-11-29","39.00","AUD","1762087923","305542/2025-11-29/1762087923.json"
"766392","494885","2025-11-29","47.00","AUD","1762087923","305542/2025-11-29/1762087923.json"
"766391","494884","2025-11-29","48.00","AUD","1762087923","305542/2025-11-29/1762087923.json"
"766391","494884","2025-12-01","2.00","AUD","1762087923","305542/2025-12-01/1762087923.json"
"766392","494885","2025-12-01","2.00","AUD","1762087923","305542/2025-12-01/1762087923.json"
"766393","494886","2025-12-01","39.00","AUD","1762087923","305542/2025-12-01/1762087923.json"
"766391","494884","2025-12-02","2.00","AUD","1762087923","305542/2025-12-02/1762087923.json"
"766392","494885","2025-12-02","2.00","AUD","1762087923","305542/2025-12-02/1762087923.json"
"766393","494886","2025-12-02","39.00","AUD","1762087923","305542/2025-12-02/1762087923.json"
"766393","494886","2025-11-27","39.00","AUD","1762101821","305542/2025-11-27/1762101821.json"
"766392","494885","2025-11-27","47.00","AUD","1762101821","305542/2025-11-27/1762101821.json"
"766391","494884","2025-11-27","48.00","AUD","1762101821","305542/2025-11-27/1762101821.json"
"766393","494886","2025-11-28","39.00","AUD","1762101821","305542/2025-11-28/1762101821.json"
"766393","494886","2025-11-30","39.00","AUD","1762101821","305542/2025-11-30/1762101821.json"
"766392","494885","2025-11-30","47.00","AUD","1762101821","305542/2025-11-30/1762101821.json"
"766391","494884","2025-11-30","48.00","AUD","1762101821","305542/2025-11-30/1762101821.json"
"766393","494886","2025-11-29","39.00","AUD","1762101821","305542/2025-11-29/1762101821.json"
"766392","494885","2025-11-29","47.00","AUD","1762101821","305542/2025-11-29/1762101821.json"
"766391","494884","2025-11-29","48.00","AUD","1762101821","305542/2025-11-29/1762101821.json"
"766391","494884","2025-12-01","2.00","AUD","1762101821","305542/2025-12-01/1762101821.json"
"766392","494885","2025-12-01","2.00","AUD","1762101821","305542/2025-12-01/1762101821.json"
"766393","494886","2025-12-01","39.00","AUD","1762101821","305542/2025-12-01/1762101821.json"
"766391","494884","2025-12-02","2.00","AUD","1762101821","305542/2025-12-02/1762101821.json"
"766392","494885","2025-12-02","2.00","AUD","1762101821","305542/2025-12-02/1762101821.json"
"766393","494886","2025-12-02","39.00","AUD","1762101821","305542/2025-12-02/1762101821.json"
"766393","494886","2025-11-28","39.00","AUD","1762116166","305542/2025-11-28/1762116166.json"
"766393","494886","2025-11-29","39.00","AUD","1762116166","305542/2025-11-29/1762116166.json"
"766392","494885","2025-11-29","47.00","AUD","1762116166","305542/2025-11-29/1762116166.json"
"766391","494884","2025-11-29","48.00","AUD","1762116166","305542/2025-11-29/1762116166.json"
"766393","494886","2025-11-30","39.00","AUD","1762116166","305542/2025-11-30/1762116166.json"
"766392","494885","2025-11-30","47.00","AUD","1762116166","305542/2025-11-30/1762116166.json"
"766391","494884","2025-11-30","48.00","AUD","1762116166","305542/2025-11-30/1762116166.json"
"766391","494884","2025-12-01","2.00","AUD","1762116166","305542/2025-12-01/1762116166.json"
"766392","494885","2025-12-01","2.00","AUD","1762116166","305542/2025-12-01/1762116166.json"
"766393","494886","2025-12-01","39.00","AUD","1762116166","305542/2025-12-01/1762116166.json"
"766391","494884","2025-12-02","2.00","AUD","1762116166","305542/2025-12-02/1762116166.json"
"766392","494885","2025-12-02","2.00","AUD","1762116166","305542/2025-12-02/1762116166.json"
"766393","494886","2025-12-02","39.00","AUD","1762116166","305542/2025-12-02/1762116166.json"
"766393","494886","2025-11-27","39.00","AUD","1762116166","305542/2025-11-27/1762116166.json"
"766392","494885","2025-11-27","47.00","AUD","1762116166","305542/2025-11-27/1762116166.json"
"766391","494884","2025-11-27","48.00","AUD","1762116166","305542/2025-11-27/1762116166.json"
"766393","494886","2025-11-27","39.00","AUD","1762997663","305542/2025-11-27/1762997663.json"
"766392","494885","2025-11-27","47.00","AUD","1762997663","305542/2025-11-27/1762997663.json"
"766391","494884","2025-11-27","48.00","AUD","1762997663","305542/2025-11-27/1762997663.json"
"766393","494886","2025-11-28","39.00","AUD","1762997663","305542/2025-11-28/1762997663.json"
"766393","494886","2025-11-30","39.00","AUD","1762997663","305542/2025-11-30/1762997663.json"
"766392","494885","2025-11-30","47.00","AUD","1762997663","305542/2025-11-30/1762997663.json"
"766391","494884","2025-11-30","48.00","AUD","1762997663","305542/2025-11-30/1762997663.json"
"766393","494886","2025-11-29","39.00","AUD","1762997663","305542/2025-11-29/1762997663.json"
"766392","494885","2025-11-29","47.00","AUD","1762997663","305542/2025-11-29/1762997663.json"
"766391","494884","2025-11-29","48.00","AUD","1762997663","305542/2025-11-29/1762997663.json"
"766391","494884","2025-12-02","2.00","AUD","1762997663","305542/2025-12-02/1762997663.json"
"766393","494886","2025-12-02","39.00","AUD","1762997663","305542/2025-12-02/1762997663.json"
"766391","494884","2025-12-01","2.00","AUD","1762997663","305542/2025-12-01/1762997663.json"
"766393","494886","2025-12-01","39.00","AUD","1762997663","305542/2025-12-01/1762997663.json"
"766393","494886","2025-11-27","39.00","AUD","1763009091","305542/2025-11-27/1763009091.json"
"766392","494885","2025-11-27","47.00","AUD","1763009091","305542/2025-11-27/1763009091.json"
"766391","494884","2025-11-27","48.00","AUD","1763009091","305542/2025-11-27/1763009091.json"
"766393","494886","2025-11-28","39.00","AUD","1763009091","305542/2025-11-28/1763009091.json"
"766393","494886","2025-11-29","39.00","AUD","1763009091","305542/2025-11-29/1763009091.json"
"766392","494885","2025-11-29","47.00","AUD","1763009091","305542/2025-11-29/1763009091.json"
"766391","494884","2025-11-29","48.00","AUD","1763009091","305542/2025-11-29/1763009091.json"
"766391","494884","2025-12-02","2.00","AUD","1763009091","305542/2025-12-02/1763009091.json"
"766393","494886","2025-12-02","39.00","AUD","1763009091","305542/2025-12-02/1763009091.json"
"766393","494886","2025-11-30","39.00","AUD","1763009091","305542/2025-11-30/1763009091.json"
"766392","494885","2025-11-30","47.00","AUD","1763009091","305542/2025-11-30/1763009091.json"
"766391","494884","2025-11-30","48.00","AUD","1763009091","305542/2025-11-30/1763009091.json"
"766391","494884","2025-12-01","2.00","AUD","1763009091","305542/2025-12-01/1763009091.json"
"766393","494886","2025-12-01","39.00","AUD","1763009091","305542/2025-12-01/1763009091.json"
"766393","494886","2025-11-27","39.00","AUD","1763023546","305542/2025-11-27/1763023546.json"
"766392","494885","2025-11-27","47.00","AUD","1763023546","305542/2025-11-27/1763023546.json"
"766391","494884","2025-11-27","48.00","AUD","1763023546","305542/2025-11-27/1763023546.json"
"766393","494886","2025-11-28","39.00","AUD","1763023546","305542/2025-11-28/1763023546.json"
"766393","494886","2025-11-29","39.00","AUD","1763023546","305542/2025-11-29/1763023546.json"
"766392","494885","2025-11-29","47.00","AUD","1763023546","305542/2025-11-29/1763023546.json"
"766391","494884","2025-11-29","48.00","AUD","1763023546","305542/2025-11-29/1763023546.json"
"766393","494886","2025-11-30","39.00","AUD","1763023546","305542/2025-11-30/1763023546.json"
"766392","494885","2025-11-30","47.00","AUD","1763023546","305542/2025-11-30/1763023546.json"
"766391","494884","2025-11-30","48.00","AUD","1763023546","305542/2025-11-30/1763023546.json"
"766391","494884","2025-12-01","2.00","AUD","1763023546","305542/2025-12-01/1763023546.json"
"766393","494886","2025-12-01","39.00","AUD","1763023546","305542/2025-12-01/1763023546.json"
"766391","494884","2025-12-02","2.00","AUD","1763023546","305542/2025-12-02/1763023546.json"
"766393","494886","2025-12-02","39.00","AUD","1763023546","305542/2025-12-02/1763023546.json"
"766393","494886","2025-11-27","39.00","AUD","1763038440","305542/2025-11-27/1763038440.json"
"766392","494885","2025-11-27","47.00","AUD","1763038440","305542/2025-11-27/1763038440.json"
"766391","494884","2025-11-27","48.00","AUD","1763038440","305542/2025-11-27/1763038440.json"
"766393","494886","2025-11-28","39.00","AUD","1763038440","305542/2025-11-28/1763038440.json"
"766393","494886","2025-11-29","39.00","AUD","1763038440","305542/2025-11-29/1763038440.json"
"766392","494885","2025-11-29","47.00","AUD","1763038440","305542/2025-11-29/1763038440.json"
"766391","494884","2025-11-29","48.00","AUD","1763038440","305542/2025-11-29/1763038440.json"
"766391","494884","2025-12-02","2.00","AUD","1763038440","305542/2025-12-02/1763038440.json"
"766393","494886","2025-12-02","39.00","AUD","1763038440","305542/2025-12-02/1763038440.json"
"766393","494886","2025-11-30","39.00","AUD","1763038440","305542/2025-11-30/1763038440.json"
"766392","494885","2025-11-30","47.00","AUD","1763038440","305542/2025-11-30/1763038440.json"
"766391","494884","2025-11-30","48.00","AUD","1763038440","305542/2025-11-30/1763038440.json"
"766391","494884","2025-12-01","2.00","AUD","1763038440","305542/2025-12-01/1763038440.json"
"766393","494886","2025-12-01","39.00","AUD","1763038440","305542/2025-12-01/1763038440.json"
"766393","494886","2025-11-27","39.00","AUD","1763052351","305542/2025-11-27/1763052351.json"
"766392","494885","2025-11-27","47.00","AUD","1763052351","305542/2025-11-27/1763052351.json"
"766391","494884","2025-11-27","48.00","AUD","1763052351","305542/2025-11-27/1763052351.json"
"766393","494886","2025-11-28","39.00","AUD","1763052351","305542/2025-11-28/1763052351.json"
"766393","494886","2025-11-29","39.00","AUD","1763052351","305542/2025-11-29/1763052351.json"
"766392","494885","2025-11-29","47.00","AUD","1763052351","305542/2025-11-29/1763052351.json"
"766391","494884","2025-11-29","48.00","AUD","1763052351","305542/2025-11-29/1763052351.json"
"766393","494886","2025-11-30","39.00","AUD","1763052351","305542/2025-11-30/1763052351.json"
"766392","494885","2025-11-30","47.00","AUD","1763052351","305542/2025-11-30/1763052351.json"
"766391","494884","2025-11-30","48.00","AUD","1763052351","305542/2025-11-30/1763052351.json"
"766391","494884","2025-12-01","2.00","AUD","1763052351","305542/2025-12-01/1763052351.json"
"766393","494886","2025-12-01","39.00","AUD","1763052351","305542/2025-12-01/1763052351.json"
"766391","494884","2025-12-02","2.00","AUD","1763052351","305542/2025-12-02/1763052351.json"
"766393","494886","2025-12-02","39.00","AUD","1763052351","305542/2025-12-02/1763052351.json"
"766393","494886","2025-11-27","39.00","AUD","1763066635","305542/2025-11-27/1763066635.json"
"766392","494885","2025-11-27","47.00","AUD","1763066635","305542/2025-11-27/1763066635.json"
"766391","494884","2025-11-27","48.00","AUD","1763066635","305542/2025-11-27/1763066635.json"
"766393","494886","2025-11-28","39.00","AUD","1763066635","305542/2025-11-28/1763066635.json"
"766393","494886","2025-11-30","39.00","AUD","1763066635","305542/2025-11-30/1763066635.json"
"766393","494886","2025-11-29","39.00","AUD","1763066635","305542/2025-11-29/1763066635.json"
"766392","494885","2025-11-30","47.00","AUD","1763066635","305542/2025-11-30/1763066635.json"
"766392","494885","2025-11-29","47.00","AUD","1763066635","305542/2025-11-29/1763066635.json"
"766391","494884","2025-11-29","48.00","AUD","1763066635","305542/2025-11-29/1763066635.json"
"766391","494884","2025-11-30","48.00","AUD","1763066635","305542/2025-11-30/1763066635.json"
"766391","494884","2025-12-01","2.00","AUD","1763066635","305542/2025-12-01/1763066635.json"
"766393","494886","2025-12-01","39.00","AUD","1763066635","305542/2025-12-01/1763066635.json"
"766391","494884","2025-12-02","2.00","AUD","1763066635","305542/2025-12-02/1763066635.json"
"766393","494886","2025-12-02","39.00","AUD","1763066635","305542/2025-12-02/1763066635.json"
"766393","494886","2025-11-27","39.00","AUD","1763083952","305542/2025-11-27/1763083952.json"
"766392","494885","2025-11-27","47.00","AUD","1763083952","305542/2025-11-27/1763083952.json"
"766391","494884","2025-11-27","48.00","AUD","1763083952","305542/2025-11-27/1763083952.json"
"766393","494886","2025-11-28","39.00","AUD","1763083952","305542/2025-11-28/1763083952.json"
"766393","494886","2025-11-29","39.00","AUD","1763083952","305542/2025-11-29/1763083952.json"
"766392","494885","2025-11-29","47.00","AUD","1763083952","305542/2025-11-29/1763083952.json"
"766391","494884","2025-11-29","48.00","AUD","1763083952","305542/2025-11-29/1763083952.json"
"766393","494886","2025-11-30","39.00","AUD","1763083952","305542/2025-11-30/1763083952.json"
"766392","494885","2025-11-30","47.00","AUD","1763083952","305542/2025-11-30/1763083952.json"
"766391","494884","2025-11-30","48.00","AUD","1763083952","305542/2025-11-30/1763083952.json"
"766391","494884","2025-12-01","2.00","AUD","1763083952","305542/2025-12-01/1763083952.json"
"766393","494886","2025-12-01","39.00","AUD","1763083952","305542/2025-12-01/1763083952.json"
"766391","494884","2025-12-02","2.00","AUD","1763083952","305542/2025-12-02/1763083952.json"
"766393","494886","2025-12-02","39.00","AUD","1763083952","305542/2025-12-02/1763083952.json"
"766393","494886","2025-11-27","39.00","AUD","1763095477","305542/2025-11-27/1763095477.json"
"766392","494885","2025-11-27","47.00","AUD","1763095477","305542/2025-11-27/1763095477.json"
"766391","494884","2025-11-27","48.00","AUD","1763095477","305542/2025-11-27/1763095477.json"
"766393","494886","2025-11-28","39.00","AUD","1763095477","305542/2025-11-28/1763095477.json"
"766393","494886","2025-11-29","39.00","AUD","1763095477","305542/2025-11-29/1763095477.json"
"766392","494885","2025-11-29","47.00","AUD","1763095477","305542/2025-11-29/1763095477.json"
"766391","494884","2025-11-29","48.00","AUD","1763095477","305542/2025-11-29/1763095477.json"
"766393","494886","2025-11-30","39.00","AUD","1763095477","305542/2025-11-30/1763095477.json"
"766392","494885","2025-11-30","47.00","AUD","1763095477","305542/2025-11-30/1763095477.json"
"766391","494884","2025-11-30","48.00","AUD","1763095477","305542/2025-11-30/1763095477.json"
"766391","494884","2025-12-01","2.00","AUD","1763095477","305542/2025-12-01/1763095477.json"
"766393","494886","2025-12-01","39.00","AUD","1763095477","305542/2025-12-01/1763095477.json"
"766391","494884","2025-12-02","2.00","AUD","1763095477","305542/2025-12-02/1763095477.json"
"766393","494886","2025-12-02","39.00","AUD","1763095477","305542/2025-12-02/1763095477.json"
"766393","494886","2025-11-29","39.00","AUD","1763110067","305542/2025-11-29/1763110067.json"
"766392","494885","2025-11-29","47.00","AUD","1763110067","305542/2025-11-29/1763110067.json"
"766391","494884","2025-11-29","48.00","AUD","1763110067","305542/2025-11-29/1763110067.json"
"766393","494886","2025-11-27","39.00","AUD","1763110067","305542/2025-11-27/1763110067.json"
"766392","494885","2025-11-27","47.00","AUD","1763110067","305542/2025-11-27/1763110067.json"
"766391","494884","2025-11-27","48.00","AUD","1763110067","305542/2025-11-27/1763110067.json"
"766393","494886","2025-11-28","39.00","AUD","1763110067","305542/2025-11-28/1763110067.json"
"766393","494886","2025-11-30","39.00","AUD","1763110067","305542/2025-11-30/1763110067.json"
"766392","494885","2025-11-30","47.00","AUD","1763110067","305542/2025-11-30/1763110067.json"
"766391","494884","2025-11-30","48.00","AUD","1763110067","305542/2025-11-30/1763110067.json"
"766391","494884","2025-12-01","2.00","AUD","1763110067","305542/2025-12-01/1763110067.json"
"766393","494886","2025-12-01","39.00","AUD","1763110067","305542/2025-12-01/1763110067.json"
"766391","494884","2025-12-02","2.00","AUD","1763110067","305542/2025-12-02/1763110067.json"
"766393","494886","2025-12-02","39.00","AUD","1763110067","305542/2025-12-02/1763110067.json"
"766393","494886","2025-11-27","39.00","AUD","1763124815","305542/2025-11-27/1763124815.json"
"766392","494885","2025-11-27","47.00","AUD","1763124815","305542/2025-11-27/1763124815.json"
"766391","494884","2025-11-27","48.00","AUD","1763124815","305542/2025-11-27/1763124815.json"
"766393","494886","2025-11-28","39.00","AUD","1763124815","305542/2025-11-28/1763124815.json"
"766393","494886","2025-11-29","39.00","AUD","1763124815","305542/2025-11-29/1763124815.json"
"766392","494885","2025-11-29","47.00","AUD","1763124815","305542/2025-11-29/1763124815.json"
"766391","494884","2025-11-29","48.00","AUD","1763124815","305542/2025-11-29/1763124815.json"
"766393","494886","2025-11-30","39.00","AUD","1763124815","305542/2025-11-30/1763124815.json"
"766392","494885","2025-11-30","47.00","AUD","1763124815","305542/2025-11-30/1763124815.json"
"766391","494884","2025-11-30","48.00","AUD","1763124815","305542/2025-11-30/1763124815.json"
"766391","494884","2025-12-01","2.00","AUD","1763124815","305542/2025-12-01/1763124815.json"
"766393","494886","2025-12-01","39.00","AUD","1763124815","305542/2025-12-01/1763124815.json"
"766391","494884","2025-12-02","2.00","AUD","1763124815","305542/2025-12-02/1763124815.json"
"766393","494886","2025-12-02","39.00","AUD","1763124815","305542/2025-12-02/1763124815.json"
"766393","494886","2025-11-27","39.00","AUD","1763138569","305542/2025-11-27/1763138569.json"
"766392","494885","2025-11-27","47.00","AUD","1763138569","305542/2025-11-27/1763138569.json"
"766391","494884","2025-11-27","48.00","AUD","1763138569","305542/2025-11-27/1763138569.json"
"766393","494886","2025-11-28","39.00","AUD","1763138569","305542/2025-11-28/1763138569.json"
"766393","494886","2025-11-29","39.00","AUD","1763138569","305542/2025-11-29/1763138569.json"
"766392","494885","2025-11-29","47.00","AUD","1763138569","305542/2025-11-29/1763138569.json"
"766391","494884","2025-11-29","48.00","AUD","1763138569","305542/2025-11-29/1763138569.json"
"766391","494884","2025-12-02","2.00","AUD","1763138569","305542/2025-12-02/1763138569.json"
"766393","494886","2025-12-02","39.00","AUD","1763138569","305542/2025-12-02/1763138569.json"
"766393","494886","2025-11-30","39.00","AUD","1763138569","305542/2025-11-30/1763138569.json"
"766392","494885","2025-11-30","47.00","AUD","1763138569","305542/2025-11-30/1763138569.json"
"766391","494884","2025-11-30","48.00","AUD","1763138569","305542/2025-11-30/1763138569.json"
"766391","494884","2025-12-01","2.00","AUD","1763138569","305542/2025-12-01/1763138569.json"
"766393","494886","2025-12-01","39.00","AUD","1763138569","305542/2025-12-01/1763138569.json"
"766393","494886","2025-11-27","39.00","AUD","1763153026","305542/2025-11-27/1763153026.json"
"766392","494885","2025-11-27","47.00","AUD","1763153026","305542/2025-11-27/1763153026.json"
"766391","494884","2025-11-27","48.00","AUD","1763153026","305542/2025-11-27/1763153026.json"
"766393","494886","2025-11-29","39.00","AUD","1763153026","305542/2025-11-29/1763153026.json"
"766392","494885","2025-11-29","47.00","AUD","1763153026","305542/2025-11-29/1763153026.json"
"766391","494884","2025-11-29","48.00","AUD","1763153026","305542/2025-11-29/1763153026.json"
"766393","494886","2025-11-28","39.00","AUD","1763153026","305542/2025-11-28/1763153026.json"
"766393","494886","2025-11-30","39.00","AUD","1763153026","305542/2025-11-30/1763153026.json"
"766392","494885","2025-11-30","47.00","AUD","1763153026","305542/2025-11-30/1763153026.json"
"766391","494884","2025-11-30","48.00","AUD","1763153026","305542/2025-11-30/1763153026.json"
"766391","494884","2025-12-01","2.00","AUD","1763153026","305542/2025-12-01/1763153026.json"
"766393","494886","2025-12-01","39.00","AUD","1763153026","305542/2025-12-01/1763153026.json"
"766391","494884","2025-12-02","2.00","AUD","1763153026","305542/2025-12-02/1763153026.json"
"766393","494886","2025-12-02","39.00","AUD","1763153026","305542/2025-12-02/1763153026.json"
"766393","494886","2025-11-28","39.00","AUD","1763170735","305542/2025-11-28/1763170735.json"
"766393","494886","2025-11-27","39.00","AUD","1763170735","305542/2025-11-27/1763170735.json"
"766392","494885","2025-11-27","47.00","AUD","1763170735","305542/2025-11-27/1763170735.json"
"766391","494884","2025-11-27","48.00","AUD","1763170735","305542/2025-11-27/1763170735.json"
"766393","494886","2025-11-29","39.00","AUD","1763170735","305542/2025-11-29/1763170735.json"
"766392","494885","2025-11-29","47.00","AUD","1763170735","305542/2025-11-29/1763170735.json"
"766391","494884","2025-11-29","48.00","AUD","1763170735","305542/2025-11-29/1763170735.json"
"766393","494886","2025-11-30","39.00","AUD","1763170735","305542/2025-11-30/1763170735.json"
"766392","494885","2025-11-30","47.00","AUD","1763170735","305542/2025-11-30/1763170735.json"
"766391","494884","2025-11-30","48.00","AUD","1763170735","305542/2025-11-30/1763170735.json"
"766391","494884","2025-12-02","2.00","AUD","1763170735","305542/2025-12-02/1763170735.json"
"766393","494886","2025-12-02","39.00","AUD","1763170735","305542/2025-12-02/1763170735.json"
"766391","494884","2025-12-01","2.00","AUD","1763170735","305542/2025-12-01/1763170735.json"
"766393","494886","2025-12-01","39.00","AUD","1763170735","305542/2025-12-01/1763170735.json"
"766393","494886","2025-11-28","39.00","AUD","1763182107","305542/2025-11-28/1763182107.json"
"766393","494886","2025-11-27","39.00","AUD","1763182107","305542/2025-11-27/1763182107.json"
"766392","494885","2025-11-27","47.00","AUD","1763182107","305542/2025-11-27/1763182107.json"
"766391","494884","2025-11-27","48.00","AUD","1763182107","305542/2025-11-27/1763182107.json"
"766393","494886","2025-11-29","39.00","AUD","1763182107","305542/2025-11-29/1763182107.json"
"766392","494885","2025-11-29","47.00","AUD","1763182107","305542/2025-11-29/1763182107.json"
"766391","494884","2025-11-29","48.00","AUD","1763182107","305542/2025-11-29/1763182107.json"
"766393","494886","2025-11-30","39.00","AUD","1763182107","305542/2025-11-30/1763182107.json"
"766392","494885","2025-11-30","47.00","AUD","1763182107","305542/2025-11-30/1763182107.json"
"766391","494884","2025-11-30","48.00","AUD","1763182107","305542/2025-11-30/1763182107.json"
"766391","494884","2025-12-01","2.00","AUD","1763182107","305542/2025-12-01/1763182107.json"
"766393","494886","2025-12-01","39.00","AUD","1763182107","305542/2025-12-01/1763182107.json"
"766391","494884","2025-12-02","2.00","AUD","1763182107","305542/2025-12-02/1763182107.json"
"766393","494886","2025-12-02","39.00","AUD","1763182107","305542/2025-12-02/1763182107.json"
