"dormId","ratePlan","date","priceValue","priceCurrency","crawledAt","urlPart"
"920588","758997","2025-10-16","51.75","AUD","1760432355","321574/2025-10-16/1760432355.json"
"921264","760134","2025-10-15","49.45","AUD","1760432355","321574/2025-10-15/1760432355.json"
"920588","758997","2025-10-17","57.50","AUD","1760432355","321574/2025-10-17/1760432355.json"
"921264","760134","2025-10-18","49.45","AUD","1760432355","321574/2025-10-18/1760432355.json"
"920781","759336","2025-10-18","57.50","AUD","1760432355","321574/2025-10-18/1760432355.json"
"920588","758997","2025-10-18","63.25","AUD","1760432355","321574/2025-10-18/1760432355.json"
"920781","759336","2025-10-21","46.00","AUD","1760432355","321574/2025-10-21/1760432355.json"
"920780","759335","2025-10-21","48.30","AUD","1760432355","321574/2025-10-21/1760432355.json"
"921264","760134","2025-10-21","49.45","AUD","1760432355","321574/2025-10-21/1760432355.json"
"920588","758997","2025-10-21","51.75","AUD","1760432355","321574/2025-10-21/1760432355.json"
"920781","759336","2025-10-19","46.00","AUD","1760432355","321574/2025-10-19/1760432355.json"
"921264","760134","2025-10-19","49.45","AUD","1760432355","321574/2025-10-19/1760432355.json"
"920588","758997","2025-10-19","51.75","AUD","1760432355","321574/2025-10-19/1760432355.json"
"920781","759336","2025-10-20","46.00","AUD","1760432355","321574/2025-10-20/1760432355.json"
"921264","760134","2025-10-20","48.30","AUD","1760432355","321574/2025-10-20/1760432355.json"
"920780","759335","2025-10-20","48.30","AUD","1760432355","321574/2025-10-20/1760432355.json"
"920588","758997","2025-10-20","51.75","AUD","1760432355","321574/2025-10-20/1760432355.json"
"920781","759336","2025-10-22","46.00","AUD","1760432355","321574/2025-10-22/1760432355.json"
"920780","759335","2025-10-22","48.30","AUD","1760432355","321574/2025-10-22/1760432355.json"
"921264","760134","2025-10-22","49.45","AUD","1760432355","321574/2025-10-22/1760432355.json"
"920588","758997","2025-10-22","51.75","AUD","1760432355","321574/2025-10-22/1760432355.json"
"920781","759336","2025-10-23","46.00","AUD","1760432355","321574/2025-10-23/1760432355.json"
"920780","759335","2025-10-23","48.30","AUD","1760432355","321574/2025-10-23/1760432355.json"
"921264","760134","2025-10-23","49.45","AUD","1760432355","321574/2025-10-23/1760432355.json"
"920588","758997","2025-10-23","51.75","AUD","1760432355","321574/2025-10-23/1760432355.json"
"921264","760134","2025-10-24","49.45","AUD","1760432355","321574/2025-10-24/1760432355.json"
"920781","759336","2025-10-24","51.75","AUD","1760432355","321574/2025-10-24/1760432355.json"
"920780","759335","2025-10-24","54.05","AUD","1760432355","321574/2025-10-24/1760432355.json"
"920588","758997","2025-10-24","57.50","AUD","1760432355","321574/2025-10-24/1760432355.json"
"921264","760134","2025-10-25","49.45","AUD","1760432355","321574/2025-10-25/1760432355.json"
"920781","759336","2025-10-25","57.50","AUD","1760432355","321574/2025-10-25/1760432355.json"
"920780","759335","2025-10-25","59.80","AUD","1760432355","321574/2025-10-25/1760432355.json"
"920588","758997","2025-10-25","63.25","AUD","1760432355","321574/2025-10-25/1760432355.json"
"920781","759336","2025-10-26","46.00","AUD","1760432355","321574/2025-10-26/1760432355.json"
"920780","759335","2025-10-26","48.30","AUD","1760432355","321574/2025-10-26/1760432355.json"
"921264","760134","2025-10-26","49.45","AUD","1760432355","321574/2025-10-26/1760432355.json"
"920588","758997","2025-10-26","51.75","AUD","1760432355","321574/2025-10-26/1760432355.json"
"920781","759336","2025-10-27","46.00","AUD","1760432355","321574/2025-10-27/1760432355.json"
"921264","760134","2025-10-27","48.30","AUD","1760432355","321574/2025-10-27/1760432355.json"
"920780","759335","2025-10-27","48.30","AUD","1760432355","321574/2025-10-27/1760432355.json"
"920588","758997","2025-10-27","51.75","AUD","1760432355","321574/2025-10-27/1760432355.json"
"920781","759336","2025-10-28","46.00","AUD","1760432355","321574/2025-10-28/1760432355.json"
"920780","759335","2025-10-28","48.30","AUD","1760432355","321574/2025-10-28/1760432355.json"
"921264","760134","2025-10-28","49.45","AUD","1760432355","321574/2025-10-28/1760432355.json"
"920588","758997","2025-10-28","51.75","AUD","1760432355","321574/2025-10-28/1760432355.json"
"920781","759336","2025-10-30","46.00","AUD","1760432355","321574/2025-10-30/1760432355.json"
"920780","759335","2025-10-30","48.30","AUD","1760432355","321574/2025-10-30/1760432355.json"
"921264","760134","2025-10-30","49.45","AUD","1760432355","321574/2025-10-30/1760432355.json"
"920588","758997","2025-10-30","51.75","AUD","1760432355","321574/2025-10-30/1760432355.json"
"921264","760134","2025-10-31","49.45","AUD","1760432355","321574/2025-10-31/1760432355.json"
"920781","759336","2025-10-31","51.75","AUD","1760432355","321574/2025-10-31/1760432355.json"
"920780","759335","2025-10-31","54.05","AUD","1760432355","321574/2025-10-31/1760432355.json"
"920588","758997","2025-10-31","57.50","AUD","1760432355","321574/2025-10-31/1760432355.json"
"920781","759336","2025-10-29","46.00","AUD","1760432355","321574/2025-10-29/1760432355.json"
"920780","759335","2025-10-29","48.30","AUD","1760432355","321574/2025-10-29/1760432355.json"
"921264","760134","2025-10-29","49.45","AUD","1760432355","321574/2025-10-29/1760432355.json"
"920588","758997","2025-10-29","51.75","AUD","1760432355","321574/2025-10-29/1760432355.json"
"921264","760134","2025-11-01","49.45","AUD","1760432355","321574/2025-11-01/1760432355.json"
"920781","759336","2025-11-01","57.50","AUD","1760432355","321574/2025-11-01/1760432355.json"
"920780","759335","2025-11-01","59.80","AUD","1760432355","321574/2025-11-01/1760432355.json"
"920588","758997","2025-11-01","63.25","AUD","1760432355","321574/2025-11-01/1760432355.json"
"920781","759336","2025-11-03","46.00","AUD","1760432355","321574/2025-11-03/1760432355.json"
"921264","760134","2025-11-03","48.30","AUD","1760432355","321574/2025-11-03/1760432355.json"
"920780","759335","2025-11-03","48.30","AUD","1760432355","321574/2025-11-03/1760432355.json"
"920588","758997","2025-11-03","51.75","AUD","1760432355","321574/2025-11-03/1760432355.json"
"920781","759336","2025-11-05","46.00","AUD","1760432355","321574/2025-11-05/1760432355.json"
"920780","759335","2025-11-05","48.30","AUD","1760432355","321574/2025-11-05/1760432355.json"
"921264","760134","2025-11-05","49.45","AUD","1760432355","321574/2025-11-05/1760432355.json"
"920588","758997","2025-11-05","51.75","AUD","1760432355","321574/2025-11-05/1760432355.json"
"920781","759336","2025-11-04","46.00","AUD","1760432355","321574/2025-11-04/1760432355.json"
"920780","759335","2025-11-04","48.30","AUD","1760432355","321574/2025-11-04/1760432355.json"
"921264","760134","2025-11-04","49.45","AUD","1760432355","321574/2025-11-04/1760432355.json"
"920588","758997","2025-11-04","51.75","AUD","1760432355","321574/2025-11-04/1760432355.json"
"920781","759336","2025-11-02","46.00","AUD","1760432355","321574/2025-11-02/1760432355.json"
"920780","759335","2025-11-02","48.30","AUD","1760432355","321574/2025-11-02/1760432355.json"
"921264","760134","2025-11-02","49.45","AUD","1760432355","321574/2025-11-02/1760432355.json"
"920588","758997","2025-11-02","51.75","AUD","1760432355","321574/2025-11-02/1760432355.json"
"921264","760134","2025-11-07","49.45","AUD","1760432355","321574/2025-11-07/1760432355.json"
"920781","759336","2025-11-07","51.75","AUD","1760432355","321574/2025-11-07/1760432355.json"
"920780","759335","2025-11-07","54.05","AUD","1760432355","321574/2025-11-07/1760432355.json"
"920588","758997","2025-11-07","57.50","AUD","1760432355","321574/2025-11-07/1760432355.json"
"920781","759336","2025-11-06","46.00","AUD","1760432355","321574/2025-11-06/1760432355.json"
"920780","759335","2025-11-06","48.30","AUD","1760432355","321574/2025-11-06/1760432355.json"
"921264","760134","2025-11-06","49.45","AUD","1760432355","321574/2025-11-06/1760432355.json"
"920588","758997","2025-11-06","51.75","AUD","1760432355","321574/2025-11-06/1760432355.json"
"921264","760134","2025-11-08","49.45","AUD","1760432355","321574/2025-11-08/1760432355.json"
"920781","759336","2025-11-08","57.50","AUD","1760432355","321574/2025-11-08/1760432355.json"
"920780","759335","2025-11-08","59.80","AUD","1760432355","321574/2025-11-08/1760432355.json"
"920588","758997","2025-11-08","63.25","AUD","1760432355","321574/2025-11-08/1760432355.json"
"920781","759336","2025-11-09","46.00","AUD","1760432355","321574/2025-11-09/1760432355.json"
"920780","759335","2025-11-09","48.30","AUD","1760432355","321574/2025-11-09/1760432355.json"
"921264","760134","2025-11-09","49.45","AUD","1760432355","321574/2025-11-09/1760432355.json"
"920588","758997","2025-11-09","51.75","AUD","1760432355","321574/2025-11-09/1760432355.json"
"920781","759336","2025-11-11","46.00","AUD","1760432355","321574/2025-11-11/1760432355.json"
"920780","759335","2025-11-11","48.30","AUD","1760432355","321574/2025-11-11/1760432355.json"
"921264","760134","2025-11-11","49.45","AUD","1760432355","321574/2025-11-11/1760432355.json"
"920588","758997","2025-11-11","51.75","AUD","1760432355","321574/2025-11-11/1760432355.json"
"920781","759336","2025-11-10","46.00","AUD","1760432355","321574/2025-11-10/1760432355.json"
"921264","760134","2025-11-10","48.30","AUD","1760432355","321574/2025-11-10/1760432355.json"
"920780","759335","2025-11-10","48.30","AUD","1760432355","321574/2025-11-10/1760432355.json"
"920588","758997","2025-11-10","51.75","AUD","1760432355","321574/2025-11-10/1760432355.json"
"920781","759336","2025-11-12","46.00","AUD","1760432355","321574/2025-11-12/1760432355.json"
"920780","759335","2025-11-12","48.30","AUD","1760432355","321574/2025-11-12/1760432355.json"
"921264","760134","2025-11-12","49.45","AUD","1760432355","321574/2025-11-12/1760432355.json"
"920588","758997","2025-11-12","51.75","AUD","1760432355","321574/2025-11-12/1760432355.json"
"920781","759336","2025-11-13","46.00","AUD","1760432355","321574/2025-11-13/1760432355.json"
"920780","759335","2025-11-13","48.30","AUD","1760432355","321574/2025-11-13/1760432355.json"
"921264","760134","2025-11-13","49.45","AUD","1760432355","321574/2025-11-13/1760432355.json"
"920588","758997","2025-11-13","51.75","AUD","1760432355","321574/2025-11-13/1760432355.json"
"921264","760134","2025-11-14","49.45","AUD","1760432355","321574/2025-11-14/1760432355.json"
"921264","760134","2025-11-15","49.45","AUD","1760432355","321574/2025-11-15/1760432355.json"
"920781","759336","2025-11-14","51.75","AUD","1760432355","321574/2025-11-14/1760432355.json"
"920781","759336","2025-11-15","57.50","AUD","1760432355","321574/2025-11-15/1760432355.json"
"920780","759335","2025-11-15","59.80","AUD","1760432355","321574/2025-11-15/1760432355.json"
"920780","759335","2025-11-14","54.05","AUD","1760432355","321574/2025-11-14/1760432355.json"
"920588","758997","2025-11-15","63.25","AUD","1760432355","321574/2025-11-15/1760432355.json"
"920588","758997","2025-11-14","57.50","AUD","1760432355","321574/2025-11-14/1760432355.json"
"920781","759336","2025-11-16","46.00","AUD","1760432355","321574/2025-11-16/1760432355.json"
"920780","759335","2025-11-16","48.30","AUD","1760432355","321574/2025-11-16/1760432355.json"
"921264","760134","2025-11-16","49.45","AUD","1760432355","321574/2025-11-16/1760432355.json"
"920588","758997","2025-11-16","51.75","AUD","1760432355","321574/2025-11-16/1760432355.json"
"920781","759336","2025-11-17","46.00","AUD","1760432355","321574/2025-11-17/1760432355.json"
"921264","760134","2025-11-17","48.30","AUD","1760432355","321574/2025-11-17/1760432355.json"
"920780","759335","2025-11-17","48.30","AUD","1760432355","321574/2025-11-17/1760432355.json"
"920588","758997","2025-11-17","51.75","AUD","1760432355","321574/2025-11-17/1760432355.json"
"920781","759336","2025-11-18","46.00","AUD","1760432355","321574/2025-11-18/1760432355.json"
"920780","759335","2025-11-18","48.30","AUD","1760432355","321574/2025-11-18/1760432355.json"
"921264","760134","2025-11-18","49.45","AUD","1760432355","321574/2025-11-18/1760432355.json"
"920588","758997","2025-11-18","51.75","AUD","1760432355","321574/2025-11-18/1760432355.json"
"920781","759336","2025-11-19","46.00","AUD","1760432355","321574/2025-11-19/1760432355.json"
"920780","759335","2025-11-19","48.30","AUD","1760432355","321574/2025-11-19/1760432355.json"
"921264","760134","2025-11-19","49.45","AUD","1760432355","321574/2025-11-19/1760432355.json"
"920588","758997","2025-11-19","51.75","AUD","1760432355","321574/2025-11-19/1760432355.json"
"921264","760134","2025-11-21","49.45","AUD","1760432355","321574/2025-11-21/1760432355.json"
"920781","759336","2025-11-21","51.75","AUD","1760432355","321574/2025-11-21/1760432355.json"
"920780","759335","2025-11-21","54.05","AUD","1760432355","321574/2025-11-21/1760432355.json"
"920588","758997","2025-11-21","57.50","AUD","1760432355","321574/2025-11-21/1760432355.json"
"920781","759336","2025-11-20","46.00","AUD","1760432355","321574/2025-11-20/1760432355.json"
"920780","759335","2025-11-20","48.30","AUD","1760432355","321574/2025-11-20/1760432355.json"
"921264","760134","2025-11-20","49.45","AUD","1760432355","321574/2025-11-20/1760432355.json"
"920588","758997","2025-11-20","51.75","AUD","1760432355","321574/2025-11-20/1760432355.json"
"921264","760134","2025-11-22","49.45","AUD","1760432355","321574/2025-11-22/1760432355.json"
"920781","759336","2025-11-22","57.50","AUD","1760432355","321574/2025-11-22/1760432355.json"
"920780","759335","2025-11-22","59.80","AUD","1760432355","321574/2025-11-22/1760432355.json"
"920588","758997","2025-11-22","63.25","AUD","1760432355","321574/2025-11-22/1760432355.json"
"920781","759336","2025-11-23","46.00","AUD","1760432355","321574/2025-11-23/1760432355.json"
"920780","759335","2025-11-23","48.30","AUD","1760432355","321574/2025-11-23/1760432355.json"
"921264","760134","2025-11-23","49.45","AUD","1760432355","321574/2025-11-23/1760432355.json"
"920588","758997","2025-11-23","51.75","AUD","1760432355","321574/2025-11-23/1760432355.json"
"920781","759336","2025-11-25","46.00","AUD","1760432355","321574/2025-11-25/1760432355.json"
"920780","759335","2025-11-25","48.30","AUD","1760432355","321574/2025-11-25/1760432355.json"
"921264","760134","2025-11-25","49.45","AUD","1760432355","321574/2025-11-25/1760432355.json"
"920588","758997","2025-11-25","51.75","AUD","1760432355","321574/2025-11-25/1760432355.json"
"920781","759336","2025-11-26","46.00","AUD","1760432355","321574/2025-11-26/1760432355.json"
"920780","759335","2025-11-26","48.30","AUD","1760432355","321574/2025-11-26/1760432355.json"
"921264","760134","2025-11-26","49.45","AUD","1760432355","321574/2025-11-26/1760432355.json"
"920588","758997","2025-11-26","51.75","AUD","1760432355","321574/2025-11-26/1760432355.json"
"920781","759336","2025-11-27","46.00","AUD","1760432355","321574/2025-11-27/1760432355.json"
"920780","759335","2025-11-27","48.30","AUD","1760432355","321574/2025-11-27/1760432355.json"
"921264","760134","2025-11-27","49.45","AUD","1760432355","321574/2025-11-27/1760432355.json"
"920588","758997","2025-11-27","51.75","AUD","1760432355","321574/2025-11-27/1760432355.json"
"921264","760134","2025-11-28","49.45","AUD","1760432355","321574/2025-11-28/1760432355.json"
"920781","759336","2025-11-28","51.75","AUD","1760432355","321574/2025-11-28/1760432355.json"
"920780","759335","2025-11-28","54.05","AUD","1760432355","321574/2025-11-28/1760432355.json"
"920588","758997","2025-11-28","57.50","AUD","1760432355","321574/2025-11-28/1760432355.json"
"921264","760134","2025-11-29","49.45","AUD","1760432355","321574/2025-11-29/1760432355.json"
"920781","759336","2025-11-29","57.50","AUD","1760432355","321574/2025-11-29/1760432355.json"
"920780","759335","2025-11-29","59.80","AUD","1760432355","321574/2025-11-29/1760432355.json"
"920588","758997","2025-11-29","63.25","AUD","1760432355","321574/2025-11-29/1760432355.json"
"920781","759336","2025-11-24","46.00","AUD","1760432355","321574/2025-11-24/1760432355.json"
"921264","760134","2025-11-24","48.30","AUD","1760432355","321574/2025-11-24/1760432355.json"
"920780","759335","2025-11-24","48.30","AUD","1760432355","321574/2025-11-24/1760432355.json"
"920588","758997","2025-11-24","51.75","AUD","1760432355","321574/2025-11-24/1760432355.json"
"920781","759336","2025-11-30","46.00","AUD","1760432355","321574/2025-11-30/1760432355.json"
"920780","759335","2025-11-30","48.30","AUD","1760432355","321574/2025-11-30/1760432355.json"
"921264","760134","2025-11-30","49.45","AUD","1760432355","321574/2025-11-30/1760432355.json"
"920588","758997","2025-11-30","51.75","AUD","1760432355","321574/2025-11-30/1760432355.json"
"921264","760134","2025-10-15","49.45","AUD","1760450095","321574/2025-10-15/1760450095.json"
"920588","758997","2025-10-16","51.75","AUD","1760450095","321574/2025-10-16/1760450095.json"
"920588","758997","2025-10-17","57.50","AUD","1760450095","321574/2025-10-17/1760450095.json"
"920781","759336","2025-10-20","46.00","AUD","1760450095","321574/2025-10-20/1760450095.json"
"921264","760134","2025-10-20","48.30","AUD","1760450095","321574/2025-10-20/1760450095.json"
"920780","759335","2025-10-20","48.30","AUD","1760450095","321574/2025-10-20/1760450095.json"
"920588","758997","2025-10-20","51.75","AUD","1760450095","321574/2025-10-20/1760450095.json"
"920781","759336","2025-10-21","46.00","AUD","1760450095","321574/2025-10-21/1760450095.json"
"920780","759335","2025-10-21","48.30","AUD","1760450095","321574/2025-10-21/1760450095.json"
"921264","760134","2025-10-21","49.45","AUD","1760450095","321574/2025-10-21/1760450095.json"
"920588","758997","2025-10-21","51.75","AUD","1760450095","321574/2025-10-21/1760450095.json"
"921264","760134","2025-10-18","49.45","AUD","1760450095","321574/2025-10-18/1760450095.json"
"920588","758997","2025-10-18","63.25","AUD","1760450095","321574/2025-10-18/1760450095.json"
"920781","759336","2025-10-19","46.00","AUD","1760450095","321574/2025-10-19/1760450095.json"
"921264","760134","2025-10-19","49.45","AUD","1760450095","321574/2025-10-19/1760450095.json"
"920588","758997","2025-10-19","51.75","AUD","1760450095","321574/2025-10-19/1760450095.json"
"920781","759336","2025-10-22","46.00","AUD","1760450095","321574/2025-10-22/1760450095.json"
"920780","759335","2025-10-22","48.30","AUD","1760450095","321574/2025-10-22/1760450095.json"
"921264","760134","2025-10-22","49.45","AUD","1760450095","321574/2025-10-22/1760450095.json"
"920588","758997","2025-10-22","51.75","AUD","1760450095","321574/2025-10-22/1760450095.json"
"920781","759336","2025-10-23","46.00","AUD","1760450095","321574/2025-10-23/1760450095.json"
"920780","759335","2025-10-23","48.30","AUD","1760450095","321574/2025-10-23/1760450095.json"
"921264","760134","2025-10-23","49.45","AUD","1760450095","321574/2025-10-23/1760450095.json"
"920588","758997","2025-10-23","51.75","AUD","1760450095","321574/2025-10-23/1760450095.json"
"921264","760134","2025-10-24","49.45","AUD","1760450095","321574/2025-10-24/1760450095.json"
"920781","759336","2025-10-24","51.75","AUD","1760450095","321574/2025-10-24/1760450095.json"
"920780","759335","2025-10-24","54.05","AUD","1760450095","321574/2025-10-24/1760450095.json"
"920588","758997","2025-10-24","57.50","AUD","1760450095","321574/2025-10-24/1760450095.json"
"920781","759336","2025-10-26","46.00","AUD","1760450095","321574/2025-10-26/1760450095.json"
"920780","759335","2025-10-26","48.30","AUD","1760450095","321574/2025-10-26/1760450095.json"
"921264","760134","2025-10-26","49.45","AUD","1760450095","321574/2025-10-26/1760450095.json"
"920588","758997","2025-10-26","51.75","AUD","1760450095","321574/2025-10-26/1760450095.json"
"921264","760134","2025-10-25","49.45","AUD","1760450095","321574/2025-10-25/1760450095.json"
"920781","759336","2025-10-25","57.50","AUD","1760450095","321574/2025-10-25/1760450095.json"
"920780","759335","2025-10-25","59.80","AUD","1760450095","321574/2025-10-25/1760450095.json"
"920588","758997","2025-10-25","63.25","AUD","1760450095","321574/2025-10-25/1760450095.json"
"920781","759336","2025-10-27","46.00","AUD","1760450095","321574/2025-10-27/1760450095.json"
"921264","760134","2025-10-27","48.30","AUD","1760450095","321574/2025-10-27/1760450095.json"
"920780","759335","2025-10-27","48.30","AUD","1760450095","321574/2025-10-27/1760450095.json"
"920588","758997","2025-10-27","51.75","AUD","1760450095","321574/2025-10-27/1760450095.json"
"920781","759336","2025-10-28","46.00","AUD","1760450095","321574/2025-10-28/1760450095.json"
"920780","759335","2025-10-28","48.30","AUD","1760450095","321574/2025-10-28/1760450095.json"
"921264","760134","2025-10-28","49.45","AUD","1760450095","321574/2025-10-28/1760450095.json"
"920588","758997","2025-10-28","51.75","AUD","1760450095","321574/2025-10-28/1760450095.json"
"920781","759336","2025-10-29","46.00","AUD","1760450095","321574/2025-10-29/1760450095.json"
"920780","759335","2025-10-29","48.30","AUD","1760450095","321574/2025-10-29/1760450095.json"
"921264","760134","2025-10-29","49.45","AUD","1760450095","321574/2025-10-29/1760450095.json"
"920588","758997","2025-10-29","51.75","AUD","1760450095","321574/2025-10-29/1760450095.json"
"920781","759336","2025-10-30","46.00","AUD","1760450095","321574/2025-10-30/1760450095.json"
"920780","759335","2025-10-30","48.30","AUD","1760450095","321574/2025-10-30/1760450095.json"
"921264","760134","2025-10-30","49.45","AUD","1760450095","321574/2025-10-30/1760450095.json"
"920588","758997","2025-10-30","51.75","AUD","1760450095","321574/2025-10-30/1760450095.json"
"921264","760134","2025-10-31","49.45","AUD","1760450095","321574/2025-10-31/1760450095.json"
"920781","759336","2025-10-31","51.75","AUD","1760450095","321574/2025-10-31/1760450095.json"
"920780","759335","2025-10-31","54.05","AUD","1760450095","321574/2025-10-31/1760450095.json"
"920588","758997","2025-10-31","57.50","AUD","1760450095","321574/2025-10-31/1760450095.json"
"921264","760134","2025-11-01","49.45","AUD","1760450095","321574/2025-11-01/1760450095.json"
"920781","759336","2025-11-01","57.50","AUD","1760450095","321574/2025-11-01/1760450095.json"
"920780","759335","2025-11-01","59.80","AUD","1760450095","321574/2025-11-01/1760450095.json"
"920588","758997","2025-11-01","63.25","AUD","1760450095","321574/2025-11-01/1760450095.json"
"920781","759336","2025-11-04","46.00","AUD","1760450095","321574/2025-11-04/1760450095.json"
"920780","759335","2025-11-04","48.30","AUD","1760450095","321574/2025-11-04/1760450095.json"
"921264","760134","2025-11-04","49.45","AUD","1760450095","321574/2025-11-04/1760450095.json"
"920588","758997","2025-11-04","51.75","AUD","1760450095","321574/2025-11-04/1760450095.json"
"920781","759336","2025-11-03","46.00","AUD","1760450095","321574/2025-11-03/1760450095.json"
"921264","760134","2025-11-03","48.30","AUD","1760450095","321574/2025-11-03/1760450095.json"
"920780","759335","2025-11-03","48.30","AUD","1760450095","321574/2025-11-03/1760450095.json"
"920588","758997","2025-11-03","51.75","AUD","1760450095","321574/2025-11-03/1760450095.json"
"920781","759336","2025-11-02","46.00","AUD","1760450095","321574/2025-11-02/1760450095.json"
"920780","759335","2025-11-02","48.30","AUD","1760450095","321574/2025-11-02/1760450095.json"
"921264","760134","2025-11-02","49.45","AUD","1760450095","321574/2025-11-02/1760450095.json"
"920588","758997","2025-11-02","51.75","AUD","1760450095","321574/2025-11-02/1760450095.json"
"920781","759336","2025-11-05","46.00","AUD","1760450095","321574/2025-11-05/1760450095.json"
"920780","759335","2025-11-05","48.30","AUD","1760450095","321574/2025-11-05/1760450095.json"
"921264","760134","2025-11-05","49.45","AUD","1760450095","321574/2025-11-05/1760450095.json"
"920588","758997","2025-11-05","51.75","AUD","1760450095","321574/2025-11-05/1760450095.json"
"920781","759336","2025-11-06","46.00","AUD","1760450095","321574/2025-11-06/1760450095.json"
"920780","759335","2025-11-06","48.30","AUD","1760450095","321574/2025-11-06/1760450095.json"
"921264","760134","2025-11-06","49.45","AUD","1760450095","321574/2025-11-06/1760450095.json"
"920588","758997","2025-11-06","51.75","AUD","1760450095","321574/2025-11-06/1760450095.json"
"921264","760134","2025-11-07","49.45","AUD","1760450095","321574/2025-11-07/1760450095.json"
"920781","759336","2025-11-07","51.75","AUD","1760450095","321574/2025-11-07/1760450095.json"
"920780","759335","2025-11-07","54.05","AUD","1760450095","321574/2025-11-07/1760450095.json"
"920588","758997","2025-11-07","57.50","AUD","1760450095","321574/2025-11-07/1760450095.json"
"921264","760134","2025-11-08","49.45","AUD","1760450095","321574/2025-11-08/1760450095.json"
"920781","759336","2025-11-08","57.50","AUD","1760450095","321574/2025-11-08/1760450095.json"
"920780","759335","2025-11-08","59.80","AUD","1760450095","321574/2025-11-08/1760450095.json"
"920588","758997","2025-11-08","63.25","AUD","1760450095","321574/2025-11-08/1760450095.json"
"920781","759336","2025-11-09","46.00","AUD","1760450095","321574/2025-11-09/1760450095.json"
"920780","759335","2025-11-09","48.30","AUD","1760450095","321574/2025-11-09/1760450095.json"
"921264","760134","2025-11-09","49.45","AUD","1760450095","321574/2025-11-09/1760450095.json"
"920588","758997","2025-11-09","51.75","AUD","1760450095","321574/2025-11-09/1760450095.json"
"920781","759336","2025-11-10","46.00","AUD","1760450095","321574/2025-11-10/1760450095.json"
"921264","760134","2025-11-10","48.30","AUD","1760450095","321574/2025-11-10/1760450095.json"
"920780","759335","2025-11-10","48.30","AUD","1760450095","321574/2025-11-10/1760450095.json"
"920588","758997","2025-11-10","51.75","AUD","1760450095","321574/2025-11-10/1760450095.json"
"920781","759336","2025-11-11","46.00","AUD","1760450095","321574/2025-11-11/1760450095.json"
"920780","759335","2025-11-11","48.30","AUD","1760450095","321574/2025-11-11/1760450095.json"
"921264","760134","2025-11-11","49.45","AUD","1760450095","321574/2025-11-11/1760450095.json"
"920588","758997","2025-11-11","51.75","AUD","1760450095","321574/2025-11-11/1760450095.json"
"920781","759336","2025-11-12","46.00","AUD","1760450095","321574/2025-11-12/1760450095.json"
"920780","759335","2025-11-12","48.30","AUD","1760450095","321574/2025-11-12/1760450095.json"
"921264","760134","2025-11-12","49.45","AUD","1760450095","321574/2025-11-12/1760450095.json"
"920588","758997","2025-11-12","51.75","AUD","1760450095","321574/2025-11-12/1760450095.json"
"920781","759336","2025-11-13","46.00","AUD","1760450095","321574/2025-11-13/1760450095.json"
"920780","759335","2025-11-13","48.30","AUD","1760450095","321574/2025-11-13/1760450095.json"
"921264","760134","2025-11-13","49.45","AUD","1760450095","321574/2025-11-13/1760450095.json"
"920588","758997","2025-11-13","51.75","AUD","1760450095","321574/2025-11-13/1760450095.json"
"921264","760134","2025-11-14","49.45","AUD","1760450095","321574/2025-11-14/1760450095.json"
"920781","759336","2025-11-14","51.75","AUD","1760450095","321574/2025-11-14/1760450095.json"
"920780","759335","2025-11-14","54.05","AUD","1760450095","321574/2025-11-14/1760450095.json"
"920588","758997","2025-11-14","57.50","AUD","1760450095","321574/2025-11-14/1760450095.json"
"921264","760134","2025-11-15","49.45","AUD","1760450095","321574/2025-11-15/1760450095.json"
"920781","759336","2025-11-15","57.50","AUD","1760450095","321574/2025-11-15/1760450095.json"
"920780","759335","2025-11-15","59.80","AUD","1760450095","321574/2025-11-15/1760450095.json"
"920588","758997","2025-11-15","63.25","AUD","1760450095","321574/2025-11-15/1760450095.json"
"920781","759336","2025-11-16","46.00","AUD","1760450095","321574/2025-11-16/1760450095.json"
"920780","759335","2025-11-16","48.30","AUD","1760450095","321574/2025-11-16/1760450095.json"
"921264","760134","2025-11-16","49.45","AUD","1760450095","321574/2025-11-16/1760450095.json"
"920588","758997","2025-11-16","51.75","AUD","1760450095","321574/2025-11-16/1760450095.json"
"920781","759336","2025-11-17","46.00","AUD","1760450095","321574/2025-11-17/1760450095.json"
"921264","760134","2025-11-17","48.30","AUD","1760450095","321574/2025-11-17/1760450095.json"
"920780","759335","2025-11-17","48.30","AUD","1760450095","321574/2025-11-17/1760450095.json"
"920588","758997","2025-11-17","51.75","AUD","1760450095","321574/2025-11-17/1760450095.json"
"920781","759336","2025-11-18","46.00","AUD","1760450095","321574/2025-11-18/1760450095.json"
"920780","759335","2025-11-18","48.30","AUD","1760450095","321574/2025-11-18/1760450095.json"
"921264","760134","2025-11-18","49.45","AUD","1760450095","321574/2025-11-18/1760450095.json"
"920588","758997","2025-11-18","51.75","AUD","1760450095","321574/2025-11-18/1760450095.json"
"920781","759336","2025-11-19","46.00","AUD","1760450095","321574/2025-11-19/1760450095.json"
"920780","759335","2025-11-19","48.30","AUD","1760450095","321574/2025-11-19/1760450095.json"
"921264","760134","2025-11-19","49.45","AUD","1760450095","321574/2025-11-19/1760450095.json"
"920588","758997","2025-11-19","51.75","AUD","1760450095","321574/2025-11-19/1760450095.json"
"920781","759336","2025-11-20","46.00","AUD","1760450095","321574/2025-11-20/1760450095.json"
"920780","759335","2025-11-20","48.30","AUD","1760450095","321574/2025-11-20/1760450095.json"
"921264","760134","2025-11-20","49.45","AUD","1760450095","321574/2025-11-20/1760450095.json"
"920588","758997","2025-11-20","51.75","AUD","1760450095","321574/2025-11-20/1760450095.json"
"921264","760134","2025-11-21","49.45","AUD","1760450095","321574/2025-11-21/1760450095.json"
"920781","759336","2025-11-21","51.75","AUD","1760450095","321574/2025-11-21/1760450095.json"
"920780","759335","2025-11-21","54.05","AUD","1760450095","321574/2025-11-21/1760450095.json"
"920588","758997","2025-11-21","57.50","AUD","1760450095","321574/2025-11-21/1760450095.json"
"920781","759336","2025-11-23","46.00","AUD","1760450095","321574/2025-11-23/1760450095.json"
"920780","759335","2025-11-23","48.30","AUD","1760450095","321574/2025-11-23/1760450095.json"
"921264","760134","2025-11-23","49.45","AUD","1760450095","321574/2025-11-23/1760450095.json"
"920588","758997","2025-11-23","51.75","AUD","1760450095","321574/2025-11-23/1760450095.json"
"921264","760134","2025-11-22","49.45","AUD","1760450095","321574/2025-11-22/1760450095.json"
"920781","759336","2025-11-22","57.50","AUD","1760450095","321574/2025-11-22/1760450095.json"
"920780","759335","2025-11-22","59.80","AUD","1760450095","321574/2025-11-22/1760450095.json"
"920588","758997","2025-11-22","63.25","AUD","1760450095","321574/2025-11-22/1760450095.json"
"920781","759336","2025-11-24","46.00","AUD","1760450095","321574/2025-11-24/1760450095.json"
"921264","760134","2025-11-24","48.30","AUD","1760450095","321574/2025-11-24/1760450095.json"
"920780","759335","2025-11-24","48.30","AUD","1760450095","321574/2025-11-24/1760450095.json"
"920588","758997","2025-11-24","51.75","AUD","1760450095","321574/2025-11-24/1760450095.json"
"920781","759336","2025-11-25","46.00","AUD","1760450095","321574/2025-11-25/1760450095.json"
"920780","759335","2025-11-25","48.30","AUD","1760450095","321574/2025-11-25/1760450095.json"
"921264","760134","2025-11-25","49.45","AUD","1760450095","321574/2025-11-25/1760450095.json"
"920588","758997","2025-11-25","51.75","AUD","1760450095","321574/2025-11-25/1760450095.json"
"920781","759336","2025-11-27","46.00","AUD","1760450095","321574/2025-11-27/1760450095.json"
"920780","759335","2025-11-27","48.30","AUD","1760450095","321574/2025-11-27/1760450095.json"
"921264","760134","2025-11-27","49.45","AUD","1760450095","321574/2025-11-27/1760450095.json"
"920588","758997","2025-11-27","51.75","AUD","1760450095","321574/2025-11-27/1760450095.json"
"920781","759336","2025-11-26","46.00","AUD","1760450095","321574/2025-11-26/1760450095.json"
"920780","759335","2025-11-26","48.30","AUD","1760450095","321574/2025-11-26/1760450095.json"
"921264","760134","2025-11-26","49.45","AUD","1760450095","321574/2025-11-26/1760450095.json"
"920588","758997","2025-11-26","51.75","AUD","1760450095","321574/2025-11-26/1760450095.json"
"921264","760134","2025-11-29","49.45","AUD","1760450095","321574/2025-11-29/1760450095.json"
"920781","759336","2025-11-29","57.50","AUD","1760450095","321574/2025-11-29/1760450095.json"
"920780","759335","2025-11-29","59.80","AUD","1760450095","321574/2025-11-29/1760450095.json"
"920588","758997","2025-11-29","63.25","AUD","1760450095","321574/2025-11-29/1760450095.json"
"921264","760134","2025-11-28","49.45","AUD","1760450095","321574/2025-11-28/1760450095.json"
"920781","759336","2025-11-28","51.75","AUD","1760450095","321574/2025-11-28/1760450095.json"
"920780","759335","2025-11-28","54.05","AUD","1760450095","321574/2025-11-28/1760450095.json"
"920588","758997","2025-11-28","57.50","AUD","1760450095","321574/2025-11-28/1760450095.json"
"920781","759336","2025-11-30","46.00","AUD","1760450095","321574/2025-11-30/1760450095.json"
"920780","759335","2025-11-30","48.30","AUD","1760450095","321574/2025-11-30/1760450095.json"
"921264","760134","2025-11-30","49.45","AUD","1760450095","321574/2025-11-30/1760450095.json"
"920588","758997","2025-11-30","51.75","AUD","1760450095","321574/2025-11-30/1760450095.json"
"921264","760134","2025-10-15","49.45","AUD","1760461352","321574/2025-10-15/1760461352.json"
"920588","758997","2025-10-17","57.50","AUD","1760461352","321574/2025-10-17/1760461352.json"
"920588","758997","2025-10-16","51.75","AUD","1760461352","321574/2025-10-16/1760461352.json"
"921264","760134","2025-10-18","49.45","AUD","1760461352","321574/2025-10-18/1760461352.json"
"920588","758997","2025-10-18","63.25","AUD","1760461352","321574/2025-10-18/1760461352.json"
"920781","759336","2025-10-19","46.00","AUD","1760461352","321574/2025-10-19/1760461352.json"
"921264","760134","2025-10-19","49.45","AUD","1760461352","321574/2025-10-19/1760461352.json"
"920588","758997","2025-10-19","51.75","AUD","1760461352","321574/2025-10-19/1760461352.json"
"920781","759336","2025-10-20","46.00","AUD","1760461352","321574/2025-10-20/1760461352.json"
"921264","760134","2025-10-20","48.30","AUD","1760461352","321574/2025-10-20/1760461352.json"
"920780","759335","2025-10-20","48.30","AUD","1760461352","321574/2025-10-20/1760461352.json"
"920588","758997","2025-10-20","51.75","AUD","1760461352","321574/2025-10-20/1760461352.json"
"920781","759336","2025-10-21","46.00","AUD","1760461352","321574/2025-10-21/1760461352.json"
"920780","759335","2025-10-21","48.30","AUD","1760461352","321574/2025-10-21/1760461352.json"
"921264","760134","2025-10-21","49.45","AUD","1760461352","321574/2025-10-21/1760461352.json"
"920588","758997","2025-10-21","51.75","AUD","1760461352","321574/2025-10-21/1760461352.json"
"920781","759336","2025-10-22","46.00","AUD","1760461352","321574/2025-10-22/1760461352.json"
"921264","760134","2025-10-24","49.45","AUD","1760461352","321574/2025-10-24/1760461352.json"
"920780","759335","2025-10-22","48.30","AUD","1760461352","321574/2025-10-22/1760461352.json"
"920781","759336","2025-10-24","51.75","AUD","1760461352","321574/2025-10-24/1760461352.json"
"921264","760134","2025-10-22","49.45","AUD","1760461352","321574/2025-10-22/1760461352.json"
"920780","759335","2025-10-24","54.05","AUD","1760461352","321574/2025-10-24/1760461352.json"
"920588","758997","2025-10-24","57.50","AUD","1760461352","321574/2025-10-24/1760461352.json"
"920588","758997","2025-10-22","51.75","AUD","1760461352","321574/2025-10-22/1760461352.json"
"920781","759336","2025-10-23","46.00","AUD","1760461352","321574/2025-10-23/1760461352.json"
"920780","759335","2025-10-23","48.30","AUD","1760461352","321574/2025-10-23/1760461352.json"
"921264","760134","2025-10-23","49.45","AUD","1760461352","321574/2025-10-23/1760461352.json"
"920588","758997","2025-10-23","51.75","AUD","1760461352","321574/2025-10-23/1760461352.json"
"921264","760134","2025-10-25","49.45","AUD","1760461352","321574/2025-10-25/1760461352.json"
"920781","759336","2025-10-25","57.50","AUD","1760461352","321574/2025-10-25/1760461352.json"
"920780","759335","2025-10-25","59.80","AUD","1760461352","321574/2025-10-25/1760461352.json"
"920588","758997","2025-10-25","63.25","AUD","1760461352","321574/2025-10-25/1760461352.json"
"920781","759336","2025-10-26","46.00","AUD","1760461352","321574/2025-10-26/1760461352.json"
"920780","759335","2025-10-26","48.30","AUD","1760461352","321574/2025-10-26/1760461352.json"
"921264","760134","2025-10-26","49.45","AUD","1760461352","321574/2025-10-26/1760461352.json"
"920588","758997","2025-10-26","51.75","AUD","1760461352","321574/2025-10-26/1760461352.json"
"920781","759336","2025-10-27","46.00","AUD","1760461352","321574/2025-10-27/1760461352.json"
"921264","760134","2025-10-27","48.30","AUD","1760461352","321574/2025-10-27/1760461352.json"
"920780","759335","2025-10-27","48.30","AUD","1760461352","321574/2025-10-27/1760461352.json"
"920588","758997","2025-10-27","51.75","AUD","1760461352","321574/2025-10-27/1760461352.json"
"920781","759336","2025-10-29","46.00","AUD","1760461352","321574/2025-10-29/1760461352.json"
"920780","759335","2025-10-29","48.30","AUD","1760461352","321574/2025-10-29/1760461352.json"
"921264","760134","2025-10-29","49.45","AUD","1760461352","321574/2025-10-29/1760461352.json"
"920588","758997","2025-10-29","51.75","AUD","1760461352","321574/2025-10-29/1760461352.json"
"920781","759336","2025-10-28","46.00","AUD","1760461352","321574/2025-10-28/1760461352.json"
"920780","759335","2025-10-28","48.30","AUD","1760461352","321574/2025-10-28/1760461352.json"
"921264","760134","2025-10-28","49.45","AUD","1760461352","321574/2025-10-28/1760461352.json"
"920588","758997","2025-10-28","51.75","AUD","1760461352","321574/2025-10-28/1760461352.json"
"920781","759336","2025-10-30","46.00","AUD","1760461352","321574/2025-10-30/1760461352.json"
"920780","759335","2025-10-30","48.30","AUD","1760461352","321574/2025-10-30/1760461352.json"
"921264","760134","2025-10-30","49.45","AUD","1760461352","321574/2025-10-30/1760461352.json"
"920588","758997","2025-10-30","51.75","AUD","1760461352","321574/2025-10-30/1760461352.json"
"920781","759336","2025-11-02","46.00","AUD","1760461352","321574/2025-11-02/1760461352.json"
"920780","759335","2025-11-02","48.30","AUD","1760461352","321574/2025-11-02/1760461352.json"
"921264","760134","2025-11-02","49.45","AUD","1760461352","321574/2025-11-02/1760461352.json"
"920588","758997","2025-11-02","51.75","AUD","1760461352","321574/2025-11-02/1760461352.json"
"921264","760134","2025-11-01","49.45","AUD","1760461352","321574/2025-11-01/1760461352.json"
"920781","759336","2025-11-01","57.50","AUD","1760461352","321574/2025-11-01/1760461352.json"
"920780","759335","2025-11-01","59.80","AUD","1760461352","321574/2025-11-01/1760461352.json"
"920588","758997","2025-11-01","63.25","AUD","1760461352","321574/2025-11-01/1760461352.json"
"921264","760134","2025-10-31","49.45","AUD","1760461352","321574/2025-10-31/1760461352.json"
"920781","759336","2025-10-31","51.75","AUD","1760461352","321574/2025-10-31/1760461352.json"
"920780","759335","2025-10-31","54.05","AUD","1760461352","321574/2025-10-31/1760461352.json"
"920588","758997","2025-10-31","57.50","AUD","1760461352","321574/2025-10-31/1760461352.json"
"920781","759336","2025-11-03","46.00","AUD","1760461352","321574/2025-11-03/1760461352.json"
"921264","760134","2025-11-03","48.30","AUD","1760461352","321574/2025-11-03/1760461352.json"
"920780","759335","2025-11-03","48.30","AUD","1760461352","321574/2025-11-03/1760461352.json"
"920588","758997","2025-11-03","51.75","AUD","1760461352","321574/2025-11-03/1760461352.json"
"920781","759336","2025-11-04","46.00","AUD","1760461352","321574/2025-11-04/1760461352.json"
"920780","759335","2025-11-04","48.30","AUD","1760461352","321574/2025-11-04/1760461352.json"
"921264","760134","2025-11-04","49.45","AUD","1760461352","321574/2025-11-04/1760461352.json"
"920588","758997","2025-11-04","51.75","AUD","1760461352","321574/2025-11-04/1760461352.json"
"920781","759336","2025-11-06","46.00","AUD","1760461352","321574/2025-11-06/1760461352.json"
"920780","759335","2025-11-06","48.30","AUD","1760461352","321574/2025-11-06/1760461352.json"
"921264","760134","2025-11-06","49.45","AUD","1760461352","321574/2025-11-06/1760461352.json"
"920588","758997","2025-11-06","51.75","AUD","1760461352","321574/2025-11-06/1760461352.json"
"920781","759336","2025-11-05","46.00","AUD","1760461352","321574/2025-11-05/1760461352.json"
"920780","759335","2025-11-05","48.30","AUD","1760461352","321574/2025-11-05/1760461352.json"
"921264","760134","2025-11-05","49.45","AUD","1760461352","321574/2025-11-05/1760461352.json"
"920588","758997","2025-11-05","51.75","AUD","1760461352","321574/2025-11-05/1760461352.json"
"921264","760134","2025-11-07","49.45","AUD","1760461352","321574/2025-11-07/1760461352.json"
"920781","759336","2025-11-07","51.75","AUD","1760461352","321574/2025-11-07/1760461352.json"
"920780","759335","2025-11-07","54.05","AUD","1760461352","321574/2025-11-07/1760461352.json"
"920588","758997","2025-11-07","57.50","AUD","1760461352","321574/2025-11-07/1760461352.json"
"921264","760134","2025-11-08","49.45","AUD","1760461352","321574/2025-11-08/1760461352.json"
"920781","759336","2025-11-08","57.50","AUD","1760461352","321574/2025-11-08/1760461352.json"
"920780","759335","2025-11-08","59.80","AUD","1760461352","321574/2025-11-08/1760461352.json"
"920588","758997","2025-11-08","63.25","AUD","1760461352","321574/2025-11-08/1760461352.json"
"920781","759336","2025-11-09","46.00","AUD","1760461352","321574/2025-11-09/1760461352.json"
"920780","759335","2025-11-09","48.30","AUD","1760461352","321574/2025-11-09/1760461352.json"
"921264","760134","2025-11-09","49.45","AUD","1760461352","321574/2025-11-09/1760461352.json"
"920588","758997","2025-11-09","51.75","AUD","1760461352","321574/2025-11-09/1760461352.json"
"920781","759336","2025-11-10","46.00","AUD","1760461352","321574/2025-11-10/1760461352.json"
"921264","760134","2025-11-10","48.30","AUD","1760461352","321574/2025-11-10/1760461352.json"
"920780","759335","2025-11-10","48.30","AUD","1760461352","321574/2025-11-10/1760461352.json"
"920588","758997","2025-11-10","51.75","AUD","1760461352","321574/2025-11-10/1760461352.json"
"920781","759336","2025-11-12","46.00","AUD","1760461352","321574/2025-11-12/1760461352.json"
"920780","759335","2025-11-12","48.30","AUD","1760461352","321574/2025-11-12/1760461352.json"
"921264","760134","2025-11-12","49.45","AUD","1760461352","321574/2025-11-12/1760461352.json"
"920588","758997","2025-11-12","51.75","AUD","1760461352","321574/2025-11-12/1760461352.json"
"920781","759336","2025-11-13","46.00","AUD","1760461352","321574/2025-11-13/1760461352.json"
"920780","759335","2025-11-13","48.30","AUD","1760461352","321574/2025-11-13/1760461352.json"
"921264","760134","2025-11-13","49.45","AUD","1760461352","321574/2025-11-13/1760461352.json"
"920588","758997","2025-11-13","51.75","AUD","1760461352","321574/2025-11-13/1760461352.json"
"921264","760134","2025-11-14","49.45","AUD","1760461352","321574/2025-11-14/1760461352.json"
"920781","759336","2025-11-14","51.75","AUD","1760461352","321574/2025-11-14/1760461352.json"
"920780","759335","2025-11-14","54.05","AUD","1760461352","321574/2025-11-14/1760461352.json"
"920588","758997","2025-11-14","57.50","AUD","1760461352","321574/2025-11-14/1760461352.json"
"920781","759336","2025-11-11","46.00","AUD","1760461352","321574/2025-11-11/1760461352.json"
"920780","759335","2025-11-11","48.30","AUD","1760461352","321574/2025-11-11/1760461352.json"
"921264","760134","2025-11-11","49.45","AUD","1760461352","321574/2025-11-11/1760461352.json"
"920588","758997","2025-11-11","51.75","AUD","1760461352","321574/2025-11-11/1760461352.json"
"921264","760134","2025-11-15","49.45","AUD","1760461352","321574/2025-11-15/1760461352.json"
"920781","759336","2025-11-15","57.50","AUD","1760461352","321574/2025-11-15/1760461352.json"
"920780","759335","2025-11-15","59.80","AUD","1760461352","321574/2025-11-15/1760461352.json"
"920588","758997","2025-11-15","63.25","AUD","1760461352","321574/2025-11-15/1760461352.json"
"920781","759336","2025-11-16","46.00","AUD","1760461352","321574/2025-11-16/1760461352.json"
"920780","759335","2025-11-16","48.30","AUD","1760461352","321574/2025-11-16/1760461352.json"
"921264","760134","2025-11-16","49.45","AUD","1760461352","321574/2025-11-16/1760461352.json"
"920588","758997","2025-11-16","51.75","AUD","1760461352","321574/2025-11-16/1760461352.json"
"920781","759336","2025-11-17","46.00","AUD","1760461352","321574/2025-11-17/1760461352.json"
"921264","760134","2025-11-17","48.30","AUD","1760461352","321574/2025-11-17/1760461352.json"
"920780","759335","2025-11-17","48.30","AUD","1760461352","321574/2025-11-17/1760461352.json"
"920588","758997","2025-11-17","51.75","AUD","1760461352","321574/2025-11-17/1760461352.json"
"920781","759336","2025-11-18","46.00","AUD","1760461352","321574/2025-11-18/1760461352.json"
"920780","759335","2025-11-18","48.30","AUD","1760461352","321574/2025-11-18/1760461352.json"
"921264","760134","2025-11-18","49.45","AUD","1760461352","321574/2025-11-18/1760461352.json"
"920588","758997","2025-11-18","51.75","AUD","1760461352","321574/2025-11-18/1760461352.json"
"920781","759336","2025-11-19","46.00","AUD","1760461352","321574/2025-11-19/1760461352.json"
"920780","759335","2025-11-19","48.30","AUD","1760461352","321574/2025-11-19/1760461352.json"
"921264","760134","2025-11-19","49.45","AUD","1760461352","321574/2025-11-19/1760461352.json"
"920588","758997","2025-11-19","51.75","AUD","1760461352","321574/2025-11-19/1760461352.json"
"921264","760134","2025-11-21","49.45","AUD","1760461352","321574/2025-11-21/1760461352.json"
"920781","759336","2025-11-21","51.75","AUD","1760461352","321574/2025-11-21/1760461352.json"
"920780","759335","2025-11-21","54.05","AUD","1760461352","321574/2025-11-21/1760461352.json"
"920588","758997","2025-11-21","57.50","AUD","1760461352","321574/2025-11-21/1760461352.json"
"920781","759336","2025-11-20","46.00","AUD","1760461352","321574/2025-11-20/1760461352.json"
"920780","759335","2025-11-20","48.30","AUD","1760461352","321574/2025-11-20/1760461352.json"
"921264","760134","2025-11-20","49.45","AUD","1760461352","321574/2025-11-20/1760461352.json"
"920588","758997","2025-11-20","51.75","AUD","1760461352","321574/2025-11-20/1760461352.json"
"921264","760134","2025-11-22","49.45","AUD","1760461352","321574/2025-11-22/1760461352.json"
"920781","759336","2025-11-22","57.50","AUD","1760461352","321574/2025-11-22/1760461352.json"
"920780","759335","2025-11-22","59.80","AUD","1760461352","321574/2025-11-22/1760461352.json"
"920588","758997","2025-11-22","63.25","AUD","1760461352","321574/2025-11-22/1760461352.json"
"920781","759336","2025-11-25","46.00","AUD","1760461352","321574/2025-11-25/1760461352.json"
"920780","759335","2025-11-25","48.30","AUD","1760461352","321574/2025-11-25/1760461352.json"
"921264","760134","2025-11-25","49.45","AUD","1760461352","321574/2025-11-25/1760461352.json"
"920588","758997","2025-11-25","51.75","AUD","1760461352","321574/2025-11-25/1760461352.json"
"920781","759336","2025-11-24","46.00","AUD","1760461352","321574/2025-11-24/1760461352.json"
"921264","760134","2025-11-24","48.30","AUD","1760461352","321574/2025-11-24/1760461352.json"
"920780","759335","2025-11-24","48.30","AUD","1760461352","321574/2025-11-24/1760461352.json"
"920588","758997","2025-11-24","51.75","AUD","1760461352","321574/2025-11-24/1760461352.json"
"920781","759336","2025-11-23","46.00","AUD","1760461352","321574/2025-11-23/1760461352.json"
"920780","759335","2025-11-23","48.30","AUD","1760461352","321574/2025-11-23/1760461352.json"
"921264","760134","2025-11-23","49.45","AUD","1760461352","321574/2025-11-23/1760461352.json"
"920588","758997","2025-11-23","51.75","AUD","1760461352","321574/2025-11-23/1760461352.json"
"920781","759336","2025-11-26","46.00","AUD","1760461352","321574/2025-11-26/1760461352.json"
"920780","759335","2025-11-26","48.30","AUD","1760461352","321574/2025-11-26/1760461352.json"
"921264","760134","2025-11-26","49.45","AUD","1760461352","321574/2025-11-26/1760461352.json"
"920588","758997","2025-11-26","51.75","AUD","1760461352","321574/2025-11-26/1760461352.json"
"920781","759336","2025-11-27","46.00","AUD","1760461352","321574/2025-11-27/1760461352.json"
"920780","759335","2025-11-27","48.30","AUD","1760461352","321574/2025-11-27/1760461352.json"
"921264","760134","2025-11-27","49.45","AUD","1760461352","321574/2025-11-27/1760461352.json"
"920588","758997","2025-11-27","51.75","AUD","1760461352","321574/2025-11-27/1760461352.json"
"921264","760134","2025-11-28","49.45","AUD","1760461352","321574/2025-11-28/1760461352.json"
"920781","759336","2025-11-28","51.75","AUD","1760461352","321574/2025-11-28/1760461352.json"
"920780","759335","2025-11-28","54.05","AUD","1760461352","321574/2025-11-28/1760461352.json"
"920588","758997","2025-11-28","57.50","AUD","1760461352","321574/2025-11-28/1760461352.json"
"921264","760134","2025-11-29","49.45","AUD","1760461352","321574/2025-11-29/1760461352.json"
"920781","759336","2025-11-29","57.50","AUD","1760461352","321574/2025-11-29/1760461352.json"
"920780","759335","2025-11-29","59.80","AUD","1760461352","321574/2025-11-29/1760461352.json"
"920588","758997","2025-11-29","63.25","AUD","1760461352","321574/2025-11-29/1760461352.json"
"920781","759336","2025-11-30","46.00","AUD","1760461352","321574/2025-11-30/1760461352.json"
"920780","759335","2025-11-30","48.30","AUD","1760461352","321574/2025-11-30/1760461352.json"
"921264","760134","2025-11-30","49.45","AUD","1760461352","321574/2025-11-30/1760461352.json"
"920588","758997","2025-11-30","51.75","AUD","1760461352","321574/2025-11-30/1760461352.json"
"920588","758997","2025-10-16","51.75","AUD","1760475133","321574/2025-10-16/1760475133.json"
"921264","760134","2025-10-15","49.45","AUD","1760475133","321574/2025-10-15/1760475133.json"
"920588","758997","2025-10-17","57.50","AUD","1760475133","321574/2025-10-17/1760475133.json"
"920781","759336","2025-10-20","46.00","AUD","1760475133","321574/2025-10-20/1760475133.json"
"921264","760134","2025-10-20","48.30","AUD","1760475133","321574/2025-10-20/1760475133.json"
"920780","759335","2025-10-20","48.30","AUD","1760475133","321574/2025-10-20/1760475133.json"
"920588","758997","2025-10-20","51.75","AUD","1760475133","321574/2025-10-20/1760475133.json"
"920781","759336","2025-10-21","46.00","AUD","1760475133","321574/2025-10-21/1760475133.json"
"920780","759335","2025-10-21","48.30","AUD","1760475133","321574/2025-10-21/1760475133.json"
"921264","760134","2025-10-21","49.45","AUD","1760475133","321574/2025-10-21/1760475133.json"
"920588","758997","2025-10-21","51.75","AUD","1760475133","321574/2025-10-21/1760475133.json"
"921264","760134","2025-10-18","49.45","AUD","1760475133","321574/2025-10-18/1760475133.json"
"920588","758997","2025-10-18","63.25","AUD","1760475133","321574/2025-10-18/1760475133.json"
"920781","759336","2025-10-19","46.00","AUD","1760475133","321574/2025-10-19/1760475133.json"
"921264","760134","2025-10-19","49.45","AUD","1760475133","321574/2025-10-19/1760475133.json"
"920588","758997","2025-10-19","51.75","AUD","1760475133","321574/2025-10-19/1760475133.json"
"920781","759336","2025-10-23","46.00","AUD","1760475133","321574/2025-10-23/1760475133.json"
"920780","759335","2025-10-23","48.30","AUD","1760475133","321574/2025-10-23/1760475133.json"
"921264","760134","2025-10-23","49.45","AUD","1760475133","321574/2025-10-23/1760475133.json"
"920588","758997","2025-10-23","51.75","AUD","1760475133","321574/2025-10-23/1760475133.json"
"921264","760134","2025-10-24","49.45","AUD","1760475133","321574/2025-10-24/1760475133.json"
"920781","759336","2025-10-24","51.75","AUD","1760475133","321574/2025-10-24/1760475133.json"
"920780","759335","2025-10-24","54.05","AUD","1760475133","321574/2025-10-24/1760475133.json"
"920588","758997","2025-10-24","57.50","AUD","1760475133","321574/2025-10-24/1760475133.json"
"921264","760134","2025-10-25","49.45","AUD","1760475133","321574/2025-10-25/1760475133.json"
"920781","759336","2025-10-25","57.50","AUD","1760475133","321574/2025-10-25/1760475133.json"
"920780","759335","2025-10-25","59.80","AUD","1760475133","321574/2025-10-25/1760475133.json"
"920588","758997","2025-10-25","63.25","AUD","1760475133","321574/2025-10-25/1760475133.json"
"920781","759336","2025-10-22","46.00","AUD","1760475133","321574/2025-10-22/1760475133.json"
"920780","759335","2025-10-22","48.30","AUD","1760475133","321574/2025-10-22/1760475133.json"
"921264","760134","2025-10-22","49.45","AUD","1760475133","321574/2025-10-22/1760475133.json"
"920588","758997","2025-10-22","51.75","AUD","1760475133","321574/2025-10-22/1760475133.json"
"920781","759336","2025-10-26","46.00","AUD","1760475133","321574/2025-10-26/1760475133.json"
"920780","759335","2025-10-26","48.30","AUD","1760475133","321574/2025-10-26/1760475133.json"
"921264","760134","2025-10-26","49.45","AUD","1760475133","321574/2025-10-26/1760475133.json"
"920588","758997","2025-10-26","51.75","AUD","1760475133","321574/2025-10-26/1760475133.json"
"920781","759336","2025-10-28","46.00","AUD","1760475133","321574/2025-10-28/1760475133.json"
"920780","759335","2025-10-28","48.30","AUD","1760475133","321574/2025-10-28/1760475133.json"
"921264","760134","2025-10-28","49.45","AUD","1760475133","321574/2025-10-28/1760475133.json"
"920588","758997","2025-10-28","51.75","AUD","1760475133","321574/2025-10-28/1760475133.json"
"921264","760134","2025-10-31","49.45","AUD","1760475133","321574/2025-10-31/1760475133.json"
"920781","759336","2025-10-30","46.00","AUD","1760475133","321574/2025-10-30/1760475133.json"
"920781","759336","2025-10-31","51.75","AUD","1760475133","321574/2025-10-31/1760475133.json"
"920780","759335","2025-10-31","54.05","AUD","1760475133","321574/2025-10-31/1760475133.json"
"920780","759335","2025-10-30","48.30","AUD","1760475133","321574/2025-10-30/1760475133.json"
"920588","758997","2025-10-31","57.50","AUD","1760475133","321574/2025-10-31/1760475133.json"
"921264","760134","2025-10-30","49.45","AUD","1760475133","321574/2025-10-30/1760475133.json"
"920588","758997","2025-10-30","51.75","AUD","1760475133","321574/2025-10-30/1760475133.json"
"920781","759336","2025-10-27","46.00","AUD","1760475133","321574/2025-10-27/1760475133.json"
"921264","760134","2025-10-27","48.30","AUD","1760475133","321574/2025-10-27/1760475133.json"
"920780","759335","2025-10-27","48.30","AUD","1760475133","321574/2025-10-27/1760475133.json"
"920588","758997","2025-10-27","51.75","AUD","1760475133","321574/2025-10-27/1760475133.json"
"920781","759336","2025-10-29","46.00","AUD","1760475133","321574/2025-10-29/1760475133.json"
"920780","759335","2025-10-29","48.30","AUD","1760475133","321574/2025-10-29/1760475133.json"
"921264","760134","2025-10-29","49.45","AUD","1760475133","321574/2025-10-29/1760475133.json"
"920588","758997","2025-10-29","51.75","AUD","1760475133","321574/2025-10-29/1760475133.json"
"920781","759336","2025-11-02","46.00","AUD","1760475133","321574/2025-11-02/1760475133.json"
"920780","759335","2025-11-02","48.30","AUD","1760475133","321574/2025-11-02/1760475133.json"
"921264","760134","2025-11-02","49.45","AUD","1760475133","321574/2025-11-02/1760475133.json"
"920588","758997","2025-11-02","51.75","AUD","1760475133","321574/2025-11-02/1760475133.json"
"921264","760134","2025-11-01","49.45","AUD","1760475133","321574/2025-11-01/1760475133.json"
"920781","759336","2025-11-01","57.50","AUD","1760475133","321574/2025-11-01/1760475133.json"
"920780","759335","2025-11-01","59.80","AUD","1760475133","321574/2025-11-01/1760475133.json"
"920588","758997","2025-11-01","63.25","AUD","1760475133","321574/2025-11-01/1760475133.json"
"920781","759336","2025-11-03","46.00","AUD","1760475133","321574/2025-11-03/1760475133.json"
"921264","760134","2025-11-03","48.30","AUD","1760475133","321574/2025-11-03/1760475133.json"
"920780","759335","2025-11-03","48.30","AUD","1760475133","321574/2025-11-03/1760475133.json"
"920588","758997","2025-11-03","51.75","AUD","1760475133","321574/2025-11-03/1760475133.json"
"920781","759336","2025-11-04","46.00","AUD","1760475133","321574/2025-11-04/1760475133.json"
"920780","759335","2025-11-04","48.30","AUD","1760475133","321574/2025-11-04/1760475133.json"
"921264","760134","2025-11-04","49.45","AUD","1760475133","321574/2025-11-04/1760475133.json"
"920588","758997","2025-11-04","51.75","AUD","1760475133","321574/2025-11-04/1760475133.json"
"920781","759336","2025-11-05","46.00","AUD","1760475133","321574/2025-11-05/1760475133.json"
"920780","759335","2025-11-05","48.30","AUD","1760475133","321574/2025-11-05/1760475133.json"
"921264","760134","2025-11-05","49.45","AUD","1760475133","321574/2025-11-05/1760475133.json"
"920588","758997","2025-11-05","51.75","AUD","1760475133","321574/2025-11-05/1760475133.json"
"920781","759336","2025-11-06","46.00","AUD","1760475133","321574/2025-11-06/1760475133.json"
"920780","759335","2025-11-06","48.30","AUD","1760475133","321574/2025-11-06/1760475133.json"
"921264","760134","2025-11-06","49.45","AUD","1760475133","321574/2025-11-06/1760475133.json"
"920588","758997","2025-11-06","51.75","AUD","1760475133","321574/2025-11-06/1760475133.json"
"921264","760134","2025-11-07","49.45","AUD","1760475133","321574/2025-11-07/1760475133.json"
"920781","759336","2025-11-07","51.75","AUD","1760475133","321574/2025-11-07/1760475133.json"
"920780","759335","2025-11-07","54.05","AUD","1760475133","321574/2025-11-07/1760475133.json"
"920588","758997","2025-11-07","57.50","AUD","1760475133","321574/2025-11-07/1760475133.json"
"921264","760134","2025-11-08","49.45","AUD","1760475133","321574/2025-11-08/1760475133.json"
"920781","759336","2025-11-08","57.50","AUD","1760475133","321574/2025-11-08/1760475133.json"
"920780","759335","2025-11-08","59.80","AUD","1760475133","321574/2025-11-08/1760475133.json"
"920588","758997","2025-11-08","63.25","AUD","1760475133","321574/2025-11-08/1760475133.json"
"920781","759336","2025-11-09","46.00","AUD","1760475133","321574/2025-11-09/1760475133.json"
"920780","759335","2025-11-09","48.30","AUD","1760475133","321574/2025-11-09/1760475133.json"
"921264","760134","2025-11-09","49.45","AUD","1760475133","321574/2025-11-09/1760475133.json"
"920588","758997","2025-11-09","51.75","AUD","1760475133","321574/2025-11-09/1760475133.json"
"920781","759336","2025-11-10","46.00","AUD","1760475133","321574/2025-11-10/1760475133.json"
"921264","760134","2025-11-10","48.30","AUD","1760475133","321574/2025-11-10/1760475133.json"
"920780","759335","2025-11-10","48.30","AUD","1760475133","321574/2025-11-10/1760475133.json"
"920588","758997","2025-11-10","51.75","AUD","1760475133","321574/2025-11-10/1760475133.json"
"920781","759336","2025-11-11","46.00","AUD","1760475133","321574/2025-11-11/1760475133.json"
"920780","759335","2025-11-11","48.30","AUD","1760475133","321574/2025-11-11/1760475133.json"
"921264","760134","2025-11-11","49.45","AUD","1760475133","321574/2025-11-11/1760475133.json"
"920588","758997","2025-11-11","51.75","AUD","1760475133","321574/2025-11-11/1760475133.json"
"920781","759336","2025-11-12","46.00","AUD","1760475133","321574/2025-11-12/1760475133.json"
"920780","759335","2025-11-12","48.30","AUD","1760475133","321574/2025-11-12/1760475133.json"
"921264","760134","2025-11-12","49.45","AUD","1760475133","321574/2025-11-12/1760475133.json"
"920588","758997","2025-11-12","51.75","AUD","1760475133","321574/2025-11-12/1760475133.json"
"920781","759336","2025-11-13","46.00","AUD","1760475133","321574/2025-11-13/1760475133.json"
"920780","759335","2025-11-13","48.30","AUD","1760475133","321574/2025-11-13/1760475133.json"
"921264","760134","2025-11-13","49.45","AUD","1760475133","321574/2025-11-13/1760475133.json"
"920588","758997","2025-11-13","51.75","AUD","1760475133","321574/2025-11-13/1760475133.json"
"921264","760134","2025-11-14","49.45","AUD","1760475133","321574/2025-11-14/1760475133.json"
"920781","759336","2025-11-14","51.75","AUD","1760475133","321574/2025-11-14/1760475133.json"
"920780","759335","2025-11-14","54.05","AUD","1760475133","321574/2025-11-14/1760475133.json"
"920588","758997","2025-11-14","57.50","AUD","1760475133","321574/2025-11-14/1760475133.json"
"920781","759336","2025-11-16","46.00","AUD","1760475133","321574/2025-11-16/1760475133.json"
"920780","759335","2025-11-16","48.30","AUD","1760475133","321574/2025-11-16/1760475133.json"
"921264","760134","2025-11-16","49.45","AUD","1760475133","321574/2025-11-16/1760475133.json"
"920588","758997","2025-11-16","51.75","AUD","1760475133","321574/2025-11-16/1760475133.json"
"921264","760134","2025-11-15","49.45","AUD","1760475133","321574/2025-11-15/1760475133.json"
"920781","759336","2025-11-15","57.50","AUD","1760475133","321574/2025-11-15/1760475133.json"
"920780","759335","2025-11-15","59.80","AUD","1760475133","321574/2025-11-15/1760475133.json"
"920588","758997","2025-11-15","63.25","AUD","1760475133","321574/2025-11-15/1760475133.json"
"920781","759336","2025-11-17","46.00","AUD","1760475133","321574/2025-11-17/1760475133.json"
"921264","760134","2025-11-17","48.30","AUD","1760475133","321574/2025-11-17/1760475133.json"
"920780","759335","2025-11-17","48.30","AUD","1760475133","321574/2025-11-17/1760475133.json"
"920588","758997","2025-11-17","51.75","AUD","1760475133","321574/2025-11-17/1760475133.json"
"920781","759336","2025-11-19","46.00","AUD","1760475133","321574/2025-11-19/1760475133.json"
"920780","759335","2025-11-19","48.30","AUD","1760475133","321574/2025-11-19/1760475133.json"
"921264","760134","2025-11-19","49.45","AUD","1760475133","321574/2025-11-19/1760475133.json"
"920588","758997","2025-11-19","51.75","AUD","1760475133","321574/2025-11-19/1760475133.json"
"920781","759336","2025-11-20","46.00","AUD","1760475133","321574/2025-11-20/1760475133.json"
"920780","759335","2025-11-20","48.30","AUD","1760475133","321574/2025-11-20/1760475133.json"
"921264","760134","2025-11-20","49.45","AUD","1760475133","321574/2025-11-20/1760475133.json"
"920588","758997","2025-11-20","51.75","AUD","1760475133","321574/2025-11-20/1760475133.json"
"920781","759336","2025-11-18","46.00","AUD","1760475133","321574/2025-11-18/1760475133.json"
"920780","759335","2025-11-18","48.30","AUD","1760475133","321574/2025-11-18/1760475133.json"
"921264","760134","2025-11-18","49.45","AUD","1760475133","321574/2025-11-18/1760475133.json"
"920588","758997","2025-11-18","51.75","AUD","1760475133","321574/2025-11-18/1760475133.json"
"921264","760134","2025-11-21","49.45","AUD","1760475133","321574/2025-11-21/1760475133.json"
"920781","759336","2025-11-21","51.75","AUD","1760475133","321574/2025-11-21/1760475133.json"
"920780","759335","2025-11-21","54.05","AUD","1760475133","321574/2025-11-21/1760475133.json"
"920588","758997","2025-11-21","57.50","AUD","1760475133","321574/2025-11-21/1760475133.json"
"921264","760134","2025-11-22","49.45","AUD","1760475133","321574/2025-11-22/1760475133.json"
"920781","759336","2025-11-22","57.50","AUD","1760475133","321574/2025-11-22/1760475133.json"
"920780","759335","2025-11-22","59.80","AUD","1760475133","321574/2025-11-22/1760475133.json"
"920588","758997","2025-11-22","63.25","AUD","1760475133","321574/2025-11-22/1760475133.json"
"920781","759336","2025-11-23","46.00","AUD","1760475133","321574/2025-11-23/1760475133.json"
"920780","759335","2025-11-23","48.30","AUD","1760475133","321574/2025-11-23/1760475133.json"
"921264","760134","2025-11-23","49.45","AUD","1760475133","321574/2025-11-23/1760475133.json"
"920588","758997","2025-11-23","51.75","AUD","1760475133","321574/2025-11-23/1760475133.json"
"920781","759336","2025-11-25","46.00","AUD","1760475133","321574/2025-11-25/1760475133.json"
"920780","759335","2025-11-25","48.30","AUD","1760475133","321574/2025-11-25/1760475133.json"
"921264","760134","2025-11-25","49.45","AUD","1760475133","321574/2025-11-25/1760475133.json"
"920588","758997","2025-11-25","51.75","AUD","1760475133","321574/2025-11-25/1760475133.json"
"920781","759336","2025-11-24","46.00","AUD","1760475133","321574/2025-11-24/1760475133.json"
"921264","760134","2025-11-24","48.30","AUD","1760475133","321574/2025-11-24/1760475133.json"
"920780","759335","2025-11-24","48.30","AUD","1760475133","321574/2025-11-24/1760475133.json"
"920588","758997","2025-11-24","51.75","AUD","1760475133","321574/2025-11-24/1760475133.json"
"920781","759336","2025-11-26","46.00","AUD","1760475133","321574/2025-11-26/1760475133.json"
"920780","759335","2025-11-26","48.30","AUD","1760475133","321574/2025-11-26/1760475133.json"
"921264","760134","2025-11-26","49.45","AUD","1760475133","321574/2025-11-26/1760475133.json"
"920588","758997","2025-11-26","51.75","AUD","1760475133","321574/2025-11-26/1760475133.json"
"920781","759336","2025-11-27","46.00","AUD","1760475133","321574/2025-11-27/1760475133.json"
"920780","759335","2025-11-27","48.30","AUD","1760475133","321574/2025-11-27/1760475133.json"
"921264","760134","2025-11-27","49.45","AUD","1760475133","321574/2025-11-27/1760475133.json"
"920588","758997","2025-11-27","51.75","AUD","1760475133","321574/2025-11-27/1760475133.json"
"921264","760134","2025-11-29","49.45","AUD","1760475133","321574/2025-11-29/1760475133.json"
"920781","759336","2025-11-29","57.50","AUD","1760475133","321574/2025-11-29/1760475133.json"
"920780","759335","2025-11-29","59.80","AUD","1760475133","321574/2025-11-29/1760475133.json"
"920588","758997","2025-11-29","63.25","AUD","1760475133","321574/2025-11-29/1760475133.json"
"921264","760134","2025-11-28","49.45","AUD","1760475133","321574/2025-11-28/1760475133.json"
"920781","759336","2025-11-28","51.75","AUD","1760475133","321574/2025-11-28/1760475133.json"
"920780","759335","2025-11-28","54.05","AUD","1760475133","321574/2025-11-28/1760475133.json"
"920588","758997","2025-11-28","57.50","AUD","1760475133","321574/2025-11-28/1760475133.json"
"920781","759336","2025-11-30","46.00","AUD","1760475133","321574/2025-11-30/1760475133.json"
"920780","759335","2025-11-30","48.30","AUD","1760475133","321574/2025-11-30/1760475133.json"
"921264","760134","2025-11-30","49.45","AUD","1760475133","321574/2025-11-30/1760475133.json"
"920588","758997","2025-11-30","51.75","AUD","1760475133","321574/2025-11-30/1760475133.json"
"920780","759335","2025-10-28","48.30","AUD","1761537491","321574/2025-10-28/1761537491.json"
"920780","759335","2025-10-27","48.30","AUD","1761537491","321574/2025-10-27/1761537491.json"
"920588","758997","2025-10-28","51.75","AUD","1761537491","321574/2025-10-28/1761537491.json"
"920588","758997","2025-10-27","51.75","AUD","1761537491","321574/2025-10-27/1761537491.json"
"920781","759336","2025-10-30","46.00","AUD","1761537491","321574/2025-10-30/1761537491.json"
"920780","759335","2025-10-30","48.30","AUD","1761537491","321574/2025-10-30/1761537491.json"
"921264","760134","2025-10-30","49.45","AUD","1761537491","321574/2025-10-30/1761537491.json"
"920588","758997","2025-10-30","51.75","AUD","1761537491","321574/2025-10-30/1761537491.json"
"921264","760134","2025-10-31","49.45","AUD","1761537491","321574/2025-10-31/1761537491.json"
"920781","759336","2025-10-31","51.75","AUD","1761537491","321574/2025-10-31/1761537491.json"
"920780","759335","2025-10-31","54.05","AUD","1761537491","321574/2025-10-31/1761537491.json"
"920588","758997","2025-10-31","57.50","AUD","1761537491","321574/2025-10-31/1761537491.json"
"921264","760134","2025-11-01","49.45","AUD","1761537491","321574/2025-11-01/1761537491.json"
"920781","759336","2025-11-01","57.50","AUD","1761537491","321574/2025-11-01/1761537491.json"
"920780","759335","2025-11-01","59.80","AUD","1761537491","321574/2025-11-01/1761537491.json"
"920588","758997","2025-11-01","63.25","AUD","1761537491","321574/2025-11-01/1761537491.json"
"920781","759336","2025-11-02","46.00","AUD","1761537491","321574/2025-11-02/1761537491.json"
"920780","759335","2025-11-02","48.30","AUD","1761537491","321574/2025-11-02/1761537491.json"
"921264","760134","2025-11-02","49.45","AUD","1761537491","321574/2025-11-02/1761537491.json"
"920588","758997","2025-11-02","51.75","AUD","1761537491","321574/2025-11-02/1761537491.json"
"920781","759336","2025-11-03","46.00","AUD","1761537491","321574/2025-11-03/1761537491.json"
"921264","760134","2025-11-03","48.30","AUD","1761537491","321574/2025-11-03/1761537491.json"
"920780","759335","2025-11-03","50.60","AUD","1761537491","321574/2025-11-03/1761537491.json"
"920588","758997","2025-11-03","51.75","AUD","1761537491","321574/2025-11-03/1761537491.json"
"920780","759335","2025-10-29","48.30","AUD","1761537491","321574/2025-10-29/1761537491.json"
"921264","760134","2025-10-29","49.45","AUD","1761537491","321574/2025-10-29/1761537491.json"
"920588","758997","2025-10-29","51.75","AUD","1761537491","321574/2025-10-29/1761537491.json"
"920781","759336","2025-11-04","46.00","AUD","1761537491","321574/2025-11-04/1761537491.json"
"921264","760134","2025-11-04","49.45","AUD","1761537491","321574/2025-11-04/1761537491.json"
"920780","759335","2025-11-04","50.60","AUD","1761537491","321574/2025-11-04/1761537491.json"
"920588","758997","2025-11-04","51.75","AUD","1761537491","321574/2025-11-04/1761537491.json"
"920781","759336","2025-11-05","46.00","AUD","1761537491","321574/2025-11-05/1761537491.json"
"921264","760134","2025-11-05","49.45","AUD","1761537491","321574/2025-11-05/1761537491.json"
"920780","759335","2025-11-05","50.60","AUD","1761537491","321574/2025-11-05/1761537491.json"
"920588","758997","2025-11-05","51.75","AUD","1761537491","321574/2025-11-05/1761537491.json"
"920781","759336","2025-11-06","46.00","AUD","1761537491","321574/2025-11-06/1761537491.json"
"921264","760134","2025-11-06","49.45","AUD","1761537491","321574/2025-11-06/1761537491.json"
"920780","759335","2025-11-06","50.60","AUD","1761537491","321574/2025-11-06/1761537491.json"
"920588","758997","2025-11-06","51.75","AUD","1761537491","321574/2025-11-06/1761537491.json"
"921264","760134","2025-11-07","49.45","AUD","1761537491","321574/2025-11-07/1761537491.json"
"920781","759336","2025-11-07","51.75","AUD","1761537491","321574/2025-11-07/1761537491.json"
"920780","759335","2025-11-07","56.35","AUD","1761537491","321574/2025-11-07/1761537491.json"
"920588","758997","2025-11-07","57.50","AUD","1761537491","321574/2025-11-07/1761537491.json"
"921264","760134","2025-11-08","49.45","AUD","1761537491","321574/2025-11-08/1761537491.json"
"920781","759336","2025-11-08","57.50","AUD","1761537491","321574/2025-11-08/1761537491.json"
"920780","759335","2025-11-08","62.10","AUD","1761537491","321574/2025-11-08/1761537491.json"
"920588","758997","2025-11-08","63.25","AUD","1761537491","321574/2025-11-08/1761537491.json"
"920781","759336","2025-11-10","46.00","AUD","1761537491","321574/2025-11-10/1761537491.json"
"921264","760134","2025-11-10","48.30","AUD","1761537491","321574/2025-11-10/1761537491.json"
"920780","759335","2025-11-10","50.60","AUD","1761537491","321574/2025-11-10/1761537491.json"
"920588","758997","2025-11-10","51.75","AUD","1761537491","321574/2025-11-10/1761537491.json"
"920781","759336","2025-11-11","46.00","AUD","1761537491","321574/2025-11-11/1761537491.json"
"921264","760134","2025-11-11","49.45","AUD","1761537491","321574/2025-11-11/1761537491.json"
"920780","759335","2025-11-11","50.60","AUD","1761537491","321574/2025-11-11/1761537491.json"
"920588","758997","2025-11-11","51.75","AUD","1761537491","321574/2025-11-11/1761537491.json"
"920781","759336","2025-11-09","46.00","AUD","1761537491","321574/2025-11-09/1761537491.json"
"921264","760134","2025-11-09","49.45","AUD","1761537491","321574/2025-11-09/1761537491.json"
"920780","759335","2025-11-09","50.60","AUD","1761537491","321574/2025-11-09/1761537491.json"
"920588","758997","2025-11-09","51.75","AUD","1761537491","321574/2025-11-09/1761537491.json"
"920781","759336","2025-11-12","46.00","AUD","1761537491","321574/2025-11-12/1761537491.json"
"921264","760134","2025-11-12","49.45","AUD","1761537491","321574/2025-11-12/1761537491.json"
"920780","759335","2025-11-12","50.60","AUD","1761537491","321574/2025-11-12/1761537491.json"
"920588","758997","2025-11-12","51.75","AUD","1761537491","321574/2025-11-12/1761537491.json"
"921264","760134","2025-11-15","49.45","AUD","1761537491","321574/2025-11-15/1761537491.json"
"920781","759336","2025-11-13","46.00","AUD","1761537491","321574/2025-11-13/1761537491.json"
"920781","759336","2025-11-15","57.50","AUD","1761537491","321574/2025-11-15/1761537491.json"
"921264","760134","2025-11-13","49.45","AUD","1761537491","321574/2025-11-13/1761537491.json"
"920780","759335","2025-11-13","50.60","AUD","1761537491","321574/2025-11-13/1761537491.json"
"920780","759335","2025-11-15","62.10","AUD","1761537491","321574/2025-11-15/1761537491.json"
"920588","758997","2025-11-13","51.75","AUD","1761537491","321574/2025-11-13/1761537491.json"
"920588","758997","2025-11-15","63.25","AUD","1761537491","321574/2025-11-15/1761537491.json"
"921264","760134","2025-11-14","49.45","AUD","1761537491","321574/2025-11-14/1761537491.json"
"920781","759336","2025-11-14","51.75","AUD","1761537491","321574/2025-11-14/1761537491.json"
"920780","759335","2025-11-14","56.35","AUD","1761537491","321574/2025-11-14/1761537491.json"
"920588","758997","2025-11-14","57.50","AUD","1761537491","321574/2025-11-14/1761537491.json"
"920781","759336","2025-11-16","46.00","AUD","1761537491","321574/2025-11-16/1761537491.json"
"921264","760134","2025-11-16","49.45","AUD","1761537491","321574/2025-11-16/1761537491.json"
"920780","759335","2025-11-16","50.60","AUD","1761537491","321574/2025-11-16/1761537491.json"
"920588","758997","2025-11-16","51.75","AUD","1761537491","321574/2025-11-16/1761537491.json"
"920781","759336","2025-11-20","46.00","AUD","1761537491","321574/2025-11-20/1761537491.json"
"921264","760134","2025-11-20","49.45","AUD","1761537491","321574/2025-11-20/1761537491.json"
"920780","759335","2025-11-20","50.60","AUD","1761537491","321574/2025-11-20/1761537491.json"
"920588","758997","2025-11-20","51.75","AUD","1761537491","321574/2025-11-20/1761537491.json"
"920781","759336","2025-11-17","46.00","AUD","1761537491","321574/2025-11-17/1761537491.json"
"921264","760134","2025-11-17","48.30","AUD","1761537491","321574/2025-11-17/1761537491.json"
"920780","759335","2025-11-17","50.60","AUD","1761537491","321574/2025-11-17/1761537491.json"
"920588","758997","2025-11-17","51.75","AUD","1761537491","321574/2025-11-17/1761537491.json"
"920781","759336","2025-11-19","46.00","AUD","1761537491","321574/2025-11-19/1761537491.json"
"921264","760134","2025-11-19","49.45","AUD","1761537491","321574/2025-11-19/1761537491.json"
"920780","759335","2025-11-19","50.60","AUD","1761537491","321574/2025-11-19/1761537491.json"
"920588","758997","2025-11-19","51.75","AUD","1761537491","321574/2025-11-19/1761537491.json"
"920781","759336","2025-11-18","46.00","AUD","1761537491","321574/2025-11-18/1761537491.json"
"921264","760134","2025-11-18","49.45","AUD","1761537491","321574/2025-11-18/1761537491.json"
"920780","759335","2025-11-18","50.60","AUD","1761537491","321574/2025-11-18/1761537491.json"
"920588","758997","2025-11-18","51.75","AUD","1761537491","321574/2025-11-18/1761537491.json"
"921264","760134","2025-11-21","49.45","AUD","1761537491","321574/2025-11-21/1761537491.json"
"920781","759336","2025-11-21","51.75","AUD","1761537491","321574/2025-11-21/1761537491.json"
"920780","759335","2025-11-21","56.35","AUD","1761537491","321574/2025-11-21/1761537491.json"
"920588","758997","2025-11-21","57.50","AUD","1761537491","321574/2025-11-21/1761537491.json"
"920781","759336","2025-11-24","46.00","AUD","1761537491","321574/2025-11-24/1761537491.json"
"921264","760134","2025-11-24","48.30","AUD","1761537491","321574/2025-11-24/1761537491.json"
"920780","759335","2025-11-24","50.60","AUD","1761537491","321574/2025-11-24/1761537491.json"
"920588","758997","2025-11-24","51.75","AUD","1761537491","321574/2025-11-24/1761537491.json"
"920781","759336","2025-11-23","46.00","AUD","1761537491","321574/2025-11-23/1761537491.json"
"921264","760134","2025-11-23","49.45","AUD","1761537491","321574/2025-11-23/1761537491.json"
"920780","759335","2025-11-23","50.60","AUD","1761537491","321574/2025-11-23/1761537491.json"
"920588","758997","2025-11-23","51.75","AUD","1761537491","321574/2025-11-23/1761537491.json"
"921264","760134","2025-11-22","49.45","AUD","1761537491","321574/2025-11-22/1761537491.json"
"920781","759336","2025-11-22","57.50","AUD","1761537491","321574/2025-11-22/1761537491.json"
"920780","759335","2025-11-22","62.10","AUD","1761537491","321574/2025-11-22/1761537491.json"
"920588","758997","2025-11-22","63.25","AUD","1761537491","321574/2025-11-22/1761537491.json"
"920781","759336","2025-11-25","46.00","AUD","1761537491","321574/2025-11-25/1761537491.json"
"921264","760134","2025-11-25","49.45","AUD","1761537491","321574/2025-11-25/1761537491.json"
"920780","759335","2025-11-25","50.60","AUD","1761537491","321574/2025-11-25/1761537491.json"
"920588","758997","2025-11-25","51.75","AUD","1761537491","321574/2025-11-25/1761537491.json"
"920781","759336","2025-11-27","46.00","AUD","1761537491","321574/2025-11-27/1761537491.json"
"921264","760134","2025-11-27","49.45","AUD","1761537491","321574/2025-11-27/1761537491.json"
"920780","759335","2025-11-27","50.60","AUD","1761537491","321574/2025-11-27/1761537491.json"
"920588","758997","2025-11-27","51.75","AUD","1761537491","321574/2025-11-27/1761537491.json"
"921264","760134","2025-11-28","49.45","AUD","1761537491","321574/2025-11-28/1761537491.json"
"920781","759336","2025-11-28","51.75","AUD","1761537491","321574/2025-11-28/1761537491.json"
"920780","759335","2025-11-28","56.35","AUD","1761537491","321574/2025-11-28/1761537491.json"
"920588","758997","2025-11-28","57.50","AUD","1761537491","321574/2025-11-28/1761537491.json"
"920781","759336","2025-11-30","46.00","AUD","1761537491","321574/2025-11-30/1761537491.json"
"921264","760134","2025-11-30","49.45","AUD","1761537491","321574/2025-11-30/1761537491.json"
"920780","759335","2025-11-30","50.60","AUD","1761537491","321574/2025-11-30/1761537491.json"
"920588","758997","2025-11-30","51.75","AUD","1761537491","321574/2025-11-30/1761537491.json"
"921264","760134","2025-11-29","49.45","AUD","1761537491","321574/2025-11-29/1761537491.json"
"920781","759336","2025-11-29","57.50","AUD","1761537491","321574/2025-11-29/1761537491.json"
"920780","759335","2025-11-29","62.10","AUD","1761537491","321574/2025-11-29/1761537491.json"
"920588","758997","2025-11-29","63.25","AUD","1761537491","321574/2025-11-29/1761537491.json"
"920781","759336","2025-11-26","46.00","AUD","1761537491","321574/2025-11-26/1761537491.json"
"921264","760134","2025-11-26","49.45","AUD","1761537491","321574/2025-11-26/1761537491.json"
"920780","759335","2025-11-26","50.60","AUD","1761537491","321574/2025-11-26/1761537491.json"
"920588","758997","2025-11-26","51.75","AUD","1761537491","321574/2025-11-26/1761537491.json"
"920780","759335","2025-10-28","48.30","AUD","1761541662","321574/2025-10-28/1761541662.json"
"920588","758997","2025-10-28","51.75","AUD","1761541662","321574/2025-10-28/1761541662.json"
"920780","759335","2025-10-29","48.30","AUD","1761541662","321574/2025-10-29/1761541662.json"
"921264","760134","2025-10-29","49.45","AUD","1761541662","321574/2025-10-29/1761541662.json"
"920588","758997","2025-10-29","51.75","AUD","1761541662","321574/2025-10-29/1761541662.json"
"920780","759335","2025-10-27","48.30","AUD","1761541662","321574/2025-10-27/1761541662.json"
"920588","758997","2025-10-27","51.75","AUD","1761541662","321574/2025-10-27/1761541662.json"
"920781","759336","2025-10-30","46.00","AUD","1761541662","321574/2025-10-30/1761541662.json"
"920780","759335","2025-10-30","48.30","AUD","1761541662","321574/2025-10-30/1761541662.json"
"921264","760134","2025-10-30","49.45","AUD","1761541662","321574/2025-10-30/1761541662.json"
"920588","758997","2025-10-30","51.75","AUD","1761541662","321574/2025-10-30/1761541662.json"
"920781","759336","2025-11-02","46.00","AUD","1761541662","321574/2025-11-02/1761541662.json"
"920780","759335","2025-11-02","48.30","AUD","1761541662","321574/2025-11-02/1761541662.json"
"921264","760134","2025-11-02","49.45","AUD","1761541662","321574/2025-11-02/1761541662.json"
"920588","758997","2025-11-02","51.75","AUD","1761541662","321574/2025-11-02/1761541662.json"
"921264","760134","2025-10-31","49.45","AUD","1761541662","321574/2025-10-31/1761541662.json"
"920781","759336","2025-10-31","51.75","AUD","1761541662","321574/2025-10-31/1761541662.json"
"920780","759335","2025-10-31","54.05","AUD","1761541662","321574/2025-10-31/1761541662.json"
"920588","758997","2025-10-31","57.50","AUD","1761541662","321574/2025-10-31/1761541662.json"
"920781","759336","2025-11-03","46.00","AUD","1761541662","321574/2025-11-03/1761541662.json"
"921264","760134","2025-11-03","48.30","AUD","1761541662","321574/2025-11-03/1761541662.json"
"920780","759335","2025-11-03","50.60","AUD","1761541662","321574/2025-11-03/1761541662.json"
"920588","758997","2025-11-03","51.75","AUD","1761541662","321574/2025-11-03/1761541662.json"
"920781","759336","2025-11-05","46.00","AUD","1761541662","321574/2025-11-05/1761541662.json"
"921264","760134","2025-11-05","49.45","AUD","1761541662","321574/2025-11-05/1761541662.json"
"920780","759335","2025-11-05","50.60","AUD","1761541662","321574/2025-11-05/1761541662.json"
"920588","758997","2025-11-05","51.75","AUD","1761541662","321574/2025-11-05/1761541662.json"
"920781","759336","2025-11-04","46.00","AUD","1761541662","321574/2025-11-04/1761541662.json"
"921264","760134","2025-11-04","49.45","AUD","1761541662","321574/2025-11-04/1761541662.json"
"920780","759335","2025-11-04","50.60","AUD","1761541662","321574/2025-11-04/1761541662.json"
"920588","758997","2025-11-04","51.75","AUD","1761541662","321574/2025-11-04/1761541662.json"
"920781","759336","2025-11-06","46.00","AUD","1761541662","321574/2025-11-06/1761541662.json"
"921264","760134","2025-11-06","49.45","AUD","1761541662","321574/2025-11-06/1761541662.json"
"920780","759335","2025-11-06","50.60","AUD","1761541662","321574/2025-11-06/1761541662.json"
"920588","758997","2025-11-06","51.75","AUD","1761541662","321574/2025-11-06/1761541662.json"
"921264","760134","2025-11-08","49.45","AUD","1761541662","321574/2025-11-08/1761541662.json"
"920781","759336","2025-11-08","57.50","AUD","1761541662","321574/2025-11-08/1761541662.json"
"920780","759335","2025-11-08","62.10","AUD","1761541662","321574/2025-11-08/1761541662.json"
"920588","758997","2025-11-08","63.25","AUD","1761541662","321574/2025-11-08/1761541662.json"
"920781","759336","2025-11-10","46.00","AUD","1761541662","321574/2025-11-10/1761541662.json"
"921264","760134","2025-11-10","48.30","AUD","1761541662","321574/2025-11-10/1761541662.json"
"920780","759335","2025-11-10","50.60","AUD","1761541662","321574/2025-11-10/1761541662.json"
"920588","758997","2025-11-10","51.75","AUD","1761541662","321574/2025-11-10/1761541662.json"
"921264","760134","2025-11-07","49.45","AUD","1761541662","321574/2025-11-07/1761541662.json"
"920781","759336","2025-11-07","51.75","AUD","1761541662","321574/2025-11-07/1761541662.json"
"920780","759335","2025-11-07","56.35","AUD","1761541662","321574/2025-11-07/1761541662.json"
"920588","758997","2025-11-07","57.50","AUD","1761541662","321574/2025-11-07/1761541662.json"
"920781","759336","2025-11-09","46.00","AUD","1761541662","321574/2025-11-09/1761541662.json"
"921264","760134","2025-11-09","49.45","AUD","1761541662","321574/2025-11-09/1761541662.json"
"920780","759335","2025-11-09","50.60","AUD","1761541662","321574/2025-11-09/1761541662.json"
"920588","758997","2025-11-09","51.75","AUD","1761541662","321574/2025-11-09/1761541662.json"
"920781","759336","2025-11-11","46.00","AUD","1761541662","321574/2025-11-11/1761541662.json"
"921264","760134","2025-11-11","49.45","AUD","1761541662","321574/2025-11-11/1761541662.json"
"920780","759335","2025-11-11","50.60","AUD","1761541662","321574/2025-11-11/1761541662.json"
"920588","758997","2025-11-11","51.75","AUD","1761541662","321574/2025-11-11/1761541662.json"
"920781","759336","2025-11-12","46.00","AUD","1761541662","321574/2025-11-12/1761541662.json"
"921264","760134","2025-11-12","49.45","AUD","1761541662","321574/2025-11-12/1761541662.json"
"920780","759335","2025-11-12","50.60","AUD","1761541662","321574/2025-11-12/1761541662.json"
"920588","758997","2025-11-12","51.75","AUD","1761541662","321574/2025-11-12/1761541662.json"
"920781","759336","2025-11-13","46.00","AUD","1761541662","321574/2025-11-13/1761541662.json"
"921264","760134","2025-11-13","49.45","AUD","1761541662","321574/2025-11-13/1761541662.json"
"920780","759335","2025-11-13","50.60","AUD","1761541662","321574/2025-11-13/1761541662.json"
"920588","758997","2025-11-13","51.75","AUD","1761541662","321574/2025-11-13/1761541662.json"
"921264","760134","2025-11-15","49.45","AUD","1761541662","321574/2025-11-15/1761541662.json"
"920781","759336","2025-11-15","57.50","AUD","1761541662","321574/2025-11-15/1761541662.json"
"920780","759335","2025-11-15","62.10","AUD","1761541662","321574/2025-11-15/1761541662.json"
"920588","758997","2025-11-15","63.25","AUD","1761541662","321574/2025-11-15/1761541662.json"
"921264","760134","2025-11-14","49.45","AUD","1761541662","321574/2025-11-14/1761541662.json"
"920781","759336","2025-11-14","51.75","AUD","1761541662","321574/2025-11-14/1761541662.json"
"920780","759335","2025-11-14","56.35","AUD","1761541662","321574/2025-11-14/1761541662.json"
"920588","758997","2025-11-14","57.50","AUD","1761541662","321574/2025-11-14/1761541662.json"
"920781","759336","2025-11-18","46.00","AUD","1761541662","321574/2025-11-18/1761541662.json"
"921264","760134","2025-11-18","49.45","AUD","1761541662","321574/2025-11-18/1761541662.json"
"920780","759335","2025-11-18","50.60","AUD","1761541662","321574/2025-11-18/1761541662.json"
"920588","758997","2025-11-18","51.75","AUD","1761541662","321574/2025-11-18/1761541662.json"
"920781","759336","2025-11-17","46.00","AUD","1761541662","321574/2025-11-17/1761541662.json"
"921264","760134","2025-11-17","48.30","AUD","1761541662","321574/2025-11-17/1761541662.json"
"920780","759335","2025-11-17","50.60","AUD","1761541662","321574/2025-11-17/1761541662.json"
"920588","758997","2025-11-17","51.75","AUD","1761541662","321574/2025-11-17/1761541662.json"
"920781","759336","2025-11-16","46.00","AUD","1761541662","321574/2025-11-16/1761541662.json"
"921264","760134","2025-11-16","49.45","AUD","1761541662","321574/2025-11-16/1761541662.json"
"920780","759335","2025-11-16","50.60","AUD","1761541662","321574/2025-11-16/1761541662.json"
"920588","758997","2025-11-16","51.75","AUD","1761541662","321574/2025-11-16/1761541662.json"
"921264","760134","2025-11-01","49.45","AUD","1761541662","321574/2025-11-01/1761541662.json"
"920781","759336","2025-11-01","57.50","AUD","1761541662","321574/2025-11-01/1761541662.json"
"920780","759335","2025-11-01","59.80","AUD","1761541662","321574/2025-11-01/1761541662.json"
"920588","758997","2025-11-01","63.25","AUD","1761541662","321574/2025-11-01/1761541662.json"
"920781","759336","2025-11-19","46.00","AUD","1761541662","321574/2025-11-19/1761541662.json"
"921264","760134","2025-11-19","49.45","AUD","1761541662","321574/2025-11-19/1761541662.json"
"920780","759335","2025-11-19","50.60","AUD","1761541662","321574/2025-11-19/1761541662.json"
"920588","758997","2025-11-19","51.75","AUD","1761541662","321574/2025-11-19/1761541662.json"
"921264","760134","2025-11-22","49.45","AUD","1761541662","321574/2025-11-22/1761541662.json"
"920781","759336","2025-11-22","57.50","AUD","1761541662","321574/2025-11-22/1761541662.json"
"920780","759335","2025-11-22","62.10","AUD","1761541662","321574/2025-11-22/1761541662.json"
"920588","758997","2025-11-22","63.25","AUD","1761541662","321574/2025-11-22/1761541662.json"
"920781","759336","2025-11-20","46.00","AUD","1761541662","321574/2025-11-20/1761541662.json"
"921264","760134","2025-11-20","49.45","AUD","1761541662","321574/2025-11-20/1761541662.json"
"920780","759335","2025-11-20","50.60","AUD","1761541662","321574/2025-11-20/1761541662.json"
"920588","758997","2025-11-20","51.75","AUD","1761541662","321574/2025-11-20/1761541662.json"
"921264","760134","2025-11-21","49.45","AUD","1761541662","321574/2025-11-21/1761541662.json"
"920781","759336","2025-11-21","51.75","AUD","1761541662","321574/2025-11-21/1761541662.json"
"920780","759335","2025-11-21","56.35","AUD","1761541662","321574/2025-11-21/1761541662.json"
"920588","758997","2025-11-21","57.50","AUD","1761541662","321574/2025-11-21/1761541662.json"
"920781","759336","2025-11-23","46.00","AUD","1761541662","321574/2025-11-23/1761541662.json"
"921264","760134","2025-11-23","49.45","AUD","1761541662","321574/2025-11-23/1761541662.json"
"920780","759335","2025-11-23","50.60","AUD","1761541662","321574/2025-11-23/1761541662.json"
"920588","758997","2025-11-23","51.75","AUD","1761541662","321574/2025-11-23/1761541662.json"
"920781","759336","2025-11-25","46.00","AUD","1761541662","321574/2025-11-25/1761541662.json"
"920781","759336","2025-11-24","46.00","AUD","1761541662","321574/2025-11-24/1761541662.json"
"921264","760134","2025-11-25","49.45","AUD","1761541662","321574/2025-11-25/1761541662.json"
"921264","760134","2025-11-24","48.30","AUD","1761541662","321574/2025-11-24/1761541662.json"
"920780","759335","2025-11-24","50.60","AUD","1761541662","321574/2025-11-24/1761541662.json"
"920780","759335","2025-11-25","50.60","AUD","1761541662","321574/2025-11-25/1761541662.json"
"920588","758997","2025-11-24","51.75","AUD","1761541662","321574/2025-11-24/1761541662.json"
"920588","758997","2025-11-25","51.75","AUD","1761541662","321574/2025-11-25/1761541662.json"
"920781","759336","2025-11-26","46.00","AUD","1761541662","321574/2025-11-26/1761541662.json"
"921264","760134","2025-11-26","49.45","AUD","1761541662","321574/2025-11-26/1761541662.json"
"920780","759335","2025-11-26","50.60","AUD","1761541662","321574/2025-11-26/1761541662.json"
"920588","758997","2025-11-26","51.75","AUD","1761541662","321574/2025-11-26/1761541662.json"
"920781","759336","2025-11-27","46.00","AUD","1761541662","321574/2025-11-27/1761541662.json"
"921264","760134","2025-11-27","49.45","AUD","1761541662","321574/2025-11-27/1761541662.json"
"920780","759335","2025-11-27","50.60","AUD","1761541662","321574/2025-11-27/1761541662.json"
"920588","758997","2025-11-27","51.75","AUD","1761541662","321574/2025-11-27/1761541662.json"
"921264","760134","2025-11-28","49.45","AUD","1761541662","321574/2025-11-28/1761541662.json"
"920781","759336","2025-11-28","51.75","AUD","1761541662","321574/2025-11-28/1761541662.json"
"920780","759335","2025-11-28","56.35","AUD","1761541662","321574/2025-11-28/1761541662.json"
"920588","758997","2025-11-28","57.50","AUD","1761541662","321574/2025-11-28/1761541662.json"
"921264","760134","2025-11-29","49.45","AUD","1761541662","321574/2025-11-29/1761541662.json"
"920781","759336","2025-11-29","57.50","AUD","1761541662","321574/2025-11-29/1761541662.json"
"920780","759335","2025-11-29","62.10","AUD","1761541662","321574/2025-11-29/1761541662.json"
"920588","758997","2025-11-29","63.25","AUD","1761541662","321574/2025-11-29/1761541662.json"
"920781","759336","2025-11-30","46.00","AUD","1761541662","321574/2025-11-30/1761541662.json"
"921264","760134","2025-11-30","49.45","AUD","1761541662","321574/2025-11-30/1761541662.json"
"920780","759335","2025-11-30","50.60","AUD","1761541662","321574/2025-11-30/1761541662.json"
"920588","758997","2025-11-30","51.75","AUD","1761541662","321574/2025-11-30/1761541662.json"
"921264","760134","2025-10-29","49.45","AUD","1761556018","321574/2025-10-29/1761556018.json"
"920588","758997","2025-10-29","51.75","AUD","1761556018","321574/2025-10-29/1761556018.json"
"920781","759336","2025-10-30","46.00","AUD","1761556018","321574/2025-10-30/1761556018.json"
"920780","759335","2025-10-30","48.30","AUD","1761556018","321574/2025-10-30/1761556018.json"
"921264","760134","2025-10-30","49.45","AUD","1761556018","321574/2025-10-30/1761556018.json"
"920588","758997","2025-10-30","51.75","AUD","1761556018","321574/2025-10-30/1761556018.json"
"920588","758997","2025-10-28","51.75","AUD","1761556018","321574/2025-10-28/1761556018.json"
"921264","760134","2025-10-31","49.45","AUD","1761556018","321574/2025-10-31/1761556018.json"
"920781","759336","2025-10-31","51.75","AUD","1761556018","321574/2025-10-31/1761556018.json"
"920780","759335","2025-10-31","54.05","AUD","1761556018","321574/2025-10-31/1761556018.json"
"920588","758997","2025-10-31","57.50","AUD","1761556018","321574/2025-10-31/1761556018.json"
"921264","760134","2025-11-01","49.45","AUD","1761556018","321574/2025-11-01/1761556018.json"
"920781","759336","2025-11-01","57.50","AUD","1761556018","321574/2025-11-01/1761556018.json"
"920780","759335","2025-11-01","59.80","AUD","1761556018","321574/2025-11-01/1761556018.json"
"920588","758997","2025-11-01","63.25","AUD","1761556018","321574/2025-11-01/1761556018.json"
"920781","759336","2025-11-02","46.00","AUD","1761556018","321574/2025-11-02/1761556018.json"
"920780","759335","2025-11-02","48.30","AUD","1761556018","321574/2025-11-02/1761556018.json"
"921264","760134","2025-11-02","49.45","AUD","1761556018","321574/2025-11-02/1761556018.json"
"920588","758997","2025-11-02","51.75","AUD","1761556018","321574/2025-11-02/1761556018.json"
"920781","759336","2025-11-03","46.00","AUD","1761556018","321574/2025-11-03/1761556018.json"
"921264","760134","2025-11-03","48.30","AUD","1761556018","321574/2025-11-03/1761556018.json"
"920780","759335","2025-11-03","50.60","AUD","1761556018","321574/2025-11-03/1761556018.json"
"920588","758997","2025-11-03","51.75","AUD","1761556018","321574/2025-11-03/1761556018.json"
"920781","759336","2025-11-04","46.00","AUD","1761556018","321574/2025-11-04/1761556018.json"
"921264","760134","2025-11-04","49.45","AUD","1761556018","321574/2025-11-04/1761556018.json"
"920780","759335","2025-11-04","50.60","AUD","1761556018","321574/2025-11-04/1761556018.json"
"920588","758997","2025-11-04","51.75","AUD","1761556018","321574/2025-11-04/1761556018.json"
"920781","759336","2025-11-05","46.00","AUD","1761556018","321574/2025-11-05/1761556018.json"
"921264","760134","2025-11-05","49.45","AUD","1761556018","321574/2025-11-05/1761556018.json"
"920780","759335","2025-11-05","50.60","AUD","1761556018","321574/2025-11-05/1761556018.json"
"920588","758997","2025-11-05","51.75","AUD","1761556018","321574/2025-11-05/1761556018.json"
"920781","759336","2025-11-06","46.00","AUD","1761556018","321574/2025-11-06/1761556018.json"
"921264","760134","2025-11-06","49.45","AUD","1761556018","321574/2025-11-06/1761556018.json"
"920780","759335","2025-11-06","50.60","AUD","1761556018","321574/2025-11-06/1761556018.json"
"920588","758997","2025-11-06","51.75","AUD","1761556018","321574/2025-11-06/1761556018.json"
"921264","760134","2025-11-07","49.45","AUD","1761556018","321574/2025-11-07/1761556018.json"
"920781","759336","2025-11-07","51.75","AUD","1761556018","321574/2025-11-07/1761556018.json"
"920780","759335","2025-11-07","56.35","AUD","1761556018","321574/2025-11-07/1761556018.json"
"920588","758997","2025-11-07","57.50","AUD","1761556018","321574/2025-11-07/1761556018.json"
"921264","760134","2025-11-08","49.45","AUD","1761556018","321574/2025-11-08/1761556018.json"
"920781","759336","2025-11-08","57.50","AUD","1761556018","321574/2025-11-08/1761556018.json"
"920780","759335","2025-11-08","62.10","AUD","1761556018","321574/2025-11-08/1761556018.json"
"920588","758997","2025-11-08","63.25","AUD","1761556018","321574/2025-11-08/1761556018.json"
"920781","759336","2025-11-10","46.00","AUD","1761556018","321574/2025-11-10/1761556018.json"
"921264","760134","2025-11-10","48.30","AUD","1761556018","321574/2025-11-10/1761556018.json"
"920780","759335","2025-11-10","50.60","AUD","1761556018","321574/2025-11-10/1761556018.json"
"920588","758997","2025-11-10","51.75","AUD","1761556018","321574/2025-11-10/1761556018.json"
"920781","759336","2025-11-09","46.00","AUD","1761556018","321574/2025-11-09/1761556018.json"
"921264","760134","2025-11-09","49.45","AUD","1761556018","321574/2025-11-09/1761556018.json"
"920780","759335","2025-11-09","50.60","AUD","1761556018","321574/2025-11-09/1761556018.json"
"920588","758997","2025-11-09","51.75","AUD","1761556018","321574/2025-11-09/1761556018.json"
"920781","759336","2025-11-11","46.00","AUD","1761556018","321574/2025-11-11/1761556018.json"
"921264","760134","2025-11-11","49.45","AUD","1761556018","321574/2025-11-11/1761556018.json"
"920780","759335","2025-11-11","50.60","AUD","1761556018","321574/2025-11-11/1761556018.json"
"920588","758997","2025-11-11","51.75","AUD","1761556018","321574/2025-11-11/1761556018.json"
"920781","759336","2025-11-12","46.00","AUD","1761556018","321574/2025-11-12/1761556018.json"
"921264","760134","2025-11-12","49.45","AUD","1761556018","321574/2025-11-12/1761556018.json"
"920780","759335","2025-11-12","50.60","AUD","1761556018","321574/2025-11-12/1761556018.json"
"920588","758997","2025-11-12","51.75","AUD","1761556018","321574/2025-11-12/1761556018.json"
"921264","760134","2025-11-14","49.45","AUD","1761556018","321574/2025-11-14/1761556018.json"
"920781","759336","2025-11-14","51.75","AUD","1761556018","321574/2025-11-14/1761556018.json"
"920780","759335","2025-11-14","56.35","AUD","1761556018","321574/2025-11-14/1761556018.json"
"920588","758997","2025-11-14","57.50","AUD","1761556018","321574/2025-11-14/1761556018.json"
"920781","759336","2025-11-13","46.00","AUD","1761556018","321574/2025-11-13/1761556018.json"
"921264","760134","2025-11-13","49.45","AUD","1761556018","321574/2025-11-13/1761556018.json"
"920780","759335","2025-11-13","50.60","AUD","1761556018","321574/2025-11-13/1761556018.json"
"920588","758997","2025-11-13","51.75","AUD","1761556018","321574/2025-11-13/1761556018.json"
"921264","760134","2025-11-15","49.45","AUD","1761556018","321574/2025-11-15/1761556018.json"
"920781","759336","2025-11-15","57.50","AUD","1761556018","321574/2025-11-15/1761556018.json"
"920780","759335","2025-11-15","62.10","AUD","1761556018","321574/2025-11-15/1761556018.json"
"920588","758997","2025-11-15","63.25","AUD","1761556018","321574/2025-11-15/1761556018.json"
"920781","759336","2025-11-16","46.00","AUD","1761556018","321574/2025-11-16/1761556018.json"
"921264","760134","2025-11-16","49.45","AUD","1761556018","321574/2025-11-16/1761556018.json"
"920780","759335","2025-11-16","50.60","AUD","1761556018","321574/2025-11-16/1761556018.json"
"920588","758997","2025-11-16","51.75","AUD","1761556018","321574/2025-11-16/1761556018.json"
"920781","759336","2025-11-17","46.00","AUD","1761556018","321574/2025-11-17/1761556018.json"
"921264","760134","2025-11-17","48.30","AUD","1761556018","321574/2025-11-17/1761556018.json"
"920780","759335","2025-11-17","50.60","AUD","1761556018","321574/2025-11-17/1761556018.json"
"920588","758997","2025-11-17","51.75","AUD","1761556018","321574/2025-11-17/1761556018.json"
"920781","759336","2025-11-18","46.00","AUD","1761556018","321574/2025-11-18/1761556018.json"
"921264","760134","2025-11-18","49.45","AUD","1761556018","321574/2025-11-18/1761556018.json"
"920780","759335","2025-11-18","50.60","AUD","1761556018","321574/2025-11-18/1761556018.json"
"920588","758997","2025-11-18","51.75","AUD","1761556018","321574/2025-11-18/1761556018.json"
"920781","759336","2025-11-19","46.00","AUD","1761556018","321574/2025-11-19/1761556018.json"
"921264","760134","2025-11-19","49.45","AUD","1761556018","321574/2025-11-19/1761556018.json"
"920780","759335","2025-11-19","50.60","AUD","1761556018","321574/2025-11-19/1761556018.json"
"920588","758997","2025-11-19","51.75","AUD","1761556018","321574/2025-11-19/1761556018.json"
"920781","759336","2025-11-20","46.00","AUD","1761556018","321574/2025-11-20/1761556018.json"
"921264","760134","2025-11-20","49.45","AUD","1761556018","321574/2025-11-20/1761556018.json"
"920780","759335","2025-11-20","50.60","AUD","1761556018","321574/2025-11-20/1761556018.json"
"920588","758997","2025-11-20","51.75","AUD","1761556018","321574/2025-11-20/1761556018.json"
"921264","760134","2025-11-21","49.45","AUD","1761556018","321574/2025-11-21/1761556018.json"
"920781","759336","2025-11-21","51.75","AUD","1761556018","321574/2025-11-21/1761556018.json"
"920780","759335","2025-11-21","56.35","AUD","1761556018","321574/2025-11-21/1761556018.json"
"920588","758997","2025-11-21","57.50","AUD","1761556018","321574/2025-11-21/1761556018.json"
"921264","760134","2025-11-22","49.45","AUD","1761556018","321574/2025-11-22/1761556018.json"
"920781","759336","2025-11-22","57.50","AUD","1761556018","321574/2025-11-22/1761556018.json"
"920780","759335","2025-11-22","62.10","AUD","1761556018","321574/2025-11-22/1761556018.json"
"920588","758997","2025-11-22","63.25","AUD","1761556018","321574/2025-11-22/1761556018.json"
"920781","759336","2025-11-23","46.00","AUD","1761556018","321574/2025-11-23/1761556018.json"
"921264","760134","2025-11-23","49.45","AUD","1761556018","321574/2025-11-23/1761556018.json"
"920780","759335","2025-11-23","50.60","AUD","1761556018","321574/2025-11-23/1761556018.json"
"920588","758997","2025-11-23","51.75","AUD","1761556018","321574/2025-11-23/1761556018.json"
"920781","759336","2025-11-24","46.00","AUD","1761556018","321574/2025-11-24/1761556018.json"
"921264","760134","2025-11-24","48.30","AUD","1761556018","321574/2025-11-24/1761556018.json"
"920780","759335","2025-11-24","50.60","AUD","1761556018","321574/2025-11-24/1761556018.json"
"920588","758997","2025-11-24","51.75","AUD","1761556018","321574/2025-11-24/1761556018.json"
"920781","759336","2025-11-25","46.00","AUD","1761556018","321574/2025-11-25/1761556018.json"
"921264","760134","2025-11-25","49.45","AUD","1761556018","321574/2025-11-25/1761556018.json"
"920780","759335","2025-11-25","50.60","AUD","1761556018","321574/2025-11-25/1761556018.json"
"920588","758997","2025-11-25","51.75","AUD","1761556018","321574/2025-11-25/1761556018.json"
"920781","759336","2025-11-26","46.00","AUD","1761556018","321574/2025-11-26/1761556018.json"
"921264","760134","2025-11-26","49.45","AUD","1761556018","321574/2025-11-26/1761556018.json"
"920780","759335","2025-11-26","50.60","AUD","1761556018","321574/2025-11-26/1761556018.json"
"920588","758997","2025-11-26","51.75","AUD","1761556018","321574/2025-11-26/1761556018.json"
"920781","759336","2025-11-27","46.00","AUD","1761556018","321574/2025-11-27/1761556018.json"
"921264","760134","2025-11-27","49.45","AUD","1761556018","321574/2025-11-27/1761556018.json"
"920780","759335","2025-11-27","50.60","AUD","1761556018","321574/2025-11-27/1761556018.json"
"920588","758997","2025-11-27","51.75","AUD","1761556018","321574/2025-11-27/1761556018.json"
"921264","760134","2025-11-28","49.45","AUD","1761556018","321574/2025-11-28/1761556018.json"
"920781","759336","2025-11-28","51.75","AUD","1761556018","321574/2025-11-28/1761556018.json"
"920780","759335","2025-11-28","56.35","AUD","1761556018","321574/2025-11-28/1761556018.json"
"920588","758997","2025-11-28","57.50","AUD","1761556018","321574/2025-11-28/1761556018.json"
"921264","760134","2025-11-29","49.45","AUD","1761556018","321574/2025-11-29/1761556018.json"
"920781","759336","2025-11-29","57.50","AUD","1761556018","321574/2025-11-29/1761556018.json"
"920780","759335","2025-11-29","62.10","AUD","1761556018","321574/2025-11-29/1761556018.json"
"920588","758997","2025-11-29","63.25","AUD","1761556018","321574/2025-11-29/1761556018.json"
"920781","759336","2025-11-30","46.00","AUD","1761556018","321574/2025-11-30/1761556018.json"
"921264","760134","2025-11-30","49.45","AUD","1761556018","321574/2025-11-30/1761556018.json"
"920780","759335","2025-11-30","50.60","AUD","1761556018","321574/2025-11-30/1761556018.json"
"920588","758997","2025-11-30","51.75","AUD","1761556018","321574/2025-11-30/1761556018.json"
