"dormId","ratePlan","date","priceValue","priceCurrency","crawledAt","urlPart"
"515320","135490","2025-10-05","49.00","AUD","1759642260","66155/2025-10-05/1759642260.json"
"515320","135490","2025-10-06","49.00","AUD","1759642260","66155/2025-10-06/1759642260.json"
"515320","135490","2025-10-07","49.00","AUD","1759642260","66155/2025-10-07/1759642260.json"
"515320","135490","2025-10-08","49.00","AUD","1759642260","66155/2025-10-08/1759642260.json"
"515320","135490","2025-10-09","49.00","AUD","1759642260","66155/2025-10-09/1759642260.json"
"515320","135490","2025-10-10","49.00","AUD","1759642260","66155/2025-10-10/1759642260.json"
"515320","135490","2025-10-11","49.00","AUD","1759642260","66155/2025-10-11/1759642260.json"
"515320","135490","2025-10-12","49.00","AUD","1759642260","66155/2025-10-12/1759642260.json"
"515320","135490","2025-10-13","49.00","AUD","1759642260","66155/2025-10-13/1759642260.json"
"515320","135490","2025-10-14","49.00","AUD","1759642260","66155/2025-10-14/1759642260.json"
"515320","135490","2025-10-15","49.00","AUD","1759642260","66155/2025-10-15/1759642260.json"
"515320","135490","2025-10-16","49.00","AUD","1759642260","66155/2025-10-16/1759642260.json"
"515320","135490","2025-10-17","49.00","AUD","1759642260","66155/2025-10-17/1759642260.json"
"515320","135490","2025-10-18","49.00","AUD","1759642260","66155/2025-10-18/1759642260.json"
"515320","135490","2025-10-19","49.00","AUD","1759642260","66155/2025-10-19/1759642260.json"
"515320","135490","2025-10-20","49.00","AUD","1759642260","66155/2025-10-20/1759642260.json"
"515320","135490","2025-10-21","49.00","AUD","1759642260","66155/2025-10-21/1759642260.json"
"515320","135490","2025-10-22","49.00","AUD","1759642260","66155/2025-10-22/1759642260.json"
"515320","135490","2025-10-23","49.00","AUD","1759642260","66155/2025-10-23/1759642260.json"
"515320","135490","2025-10-24","49.00","AUD","1759642260","66155/2025-10-24/1759642260.json"
"515320","135490","2025-10-25","49.00","AUD","1759642260","66155/2025-10-25/1759642260.json"
"515320","135490","2025-10-26","49.00","AUD","1759642260","66155/2025-10-26/1759642260.json"
"515320","135490","2025-10-27","49.00","AUD","1759642260","66155/2025-10-27/1759642260.json"
"515320","135490","2025-10-28","49.00","AUD","1759642260","66155/2025-10-28/1759642260.json"
"515320","135490","2025-10-29","49.00","AUD","1759642260","66155/2025-10-29/1759642260.json"
"515320","135490","2025-10-30","49.00","AUD","1759642260","66155/2025-10-30/1759642260.json"
"515320","135490","2025-11-02","49.00","AUD","1759642260","66155/2025-11-02/1759642260.json"
"515320","135490","2025-11-03","49.00","AUD","1759642260","66155/2025-11-03/1759642260.json"
"515320","135490","2025-11-04","49.00","AUD","1759642260","66155/2025-11-04/1759642260.json"
"515320","135490","2025-10-05","49.00","AUD","1759656533","66155/2025-10-05/1759656533.json"
"515320","135490","2025-10-06","49.00","AUD","1759656533","66155/2025-10-06/1759656533.json"
"515320","135490","2025-10-07","49.00","AUD","1759656533","66155/2025-10-07/1759656533.json"
"515320","135490","2025-10-08","49.00","AUD","1759656533","66155/2025-10-08/1759656533.json"
"515320","135490","2025-10-09","49.00","AUD","1759656533","66155/2025-10-09/1759656533.json"
"515320","135490","2025-10-10","49.00","AUD","1759656533","66155/2025-10-10/1759656533.json"
"515320","135490","2025-10-11","49.00","AUD","1759656533","66155/2025-10-11/1759656533.json"
"515320","135490","2025-10-12","49.00","AUD","1759656533","66155/2025-10-12/1759656533.json"
"515320","135490","2025-10-13","49.00","AUD","1759656533","66155/2025-10-13/1759656533.json"
"515320","135490","2025-10-14","49.00","AUD","1759656533","66155/2025-10-14/1759656533.json"
"515320","135490","2025-10-15","49.00","AUD","1759656533","66155/2025-10-15/1759656533.json"
"515320","135490","2025-10-16","49.00","AUD","1759656533","66155/2025-10-16/1759656533.json"
"515320","135490","2025-10-17","49.00","AUD","1759656533","66155/2025-10-17/1759656533.json"
"515320","135490","2025-10-18","49.00","AUD","1759656533","66155/2025-10-18/1759656533.json"
"515320","135490","2025-10-19","49.00","AUD","1759656533","66155/2025-10-19/1759656533.json"
"515320","135490","2025-10-20","49.00","AUD","1759656533","66155/2025-10-20/1759656533.json"
"515320","135490","2025-10-21","49.00","AUD","1759656533","66155/2025-10-21/1759656533.json"
"515320","135490","2025-10-22","49.00","AUD","1759656533","66155/2025-10-22/1759656533.json"
"515320","135490","2025-10-23","49.00","AUD","1759656533","66155/2025-10-23/1759656533.json"
"515320","135490","2025-10-24","49.00","AUD","1759656533","66155/2025-10-24/1759656533.json"
"515320","135490","2025-10-25","49.00","AUD","1759656533","66155/2025-10-25/1759656533.json"
"515320","135490","2025-10-26","49.00","AUD","1759656533","66155/2025-10-26/1759656533.json"
"515320","135490","2025-10-27","49.00","AUD","1759656533","66155/2025-10-27/1759656533.json"
"515320","135490","2025-10-28","49.00","AUD","1759656533","66155/2025-10-28/1759656533.json"
"515320","135490","2025-10-29","49.00","AUD","1759656533","66155/2025-10-29/1759656533.json"
"515320","135490","2025-10-30","49.00","AUD","1759656533","66155/2025-10-30/1759656533.json"
"515320","135490","2025-11-02","49.00","AUD","1759656533","66155/2025-11-02/1759656533.json"
"515320","135490","2025-11-03","49.00","AUD","1759656533","66155/2025-11-03/1759656533.json"
"515320","135490","2025-11-04","49.00","AUD","1759656533","66155/2025-11-04/1759656533.json"
"515320","135490","2025-10-06","49.00","AUD","1759672660","66155/2025-10-06/1759672660.json"
"515320","135490","2025-10-07","49.00","AUD","1759672660","66155/2025-10-07/1759672660.json"
"515320","135490","2025-10-08","49.00","AUD","1759672660","66155/2025-10-08/1759672660.json"
"515320","135490","2025-10-09","49.00","AUD","1759672660","66155/2025-10-09/1759672660.json"
"515320","135490","2025-10-10","49.00","AUD","1759672660","66155/2025-10-10/1759672660.json"
"515320","135490","2025-10-11","49.00","AUD","1759672660","66155/2025-10-11/1759672660.json"
"515320","135490","2025-10-12","49.00","AUD","1759672660","66155/2025-10-12/1759672660.json"
"515320","135490","2025-10-13","49.00","AUD","1759672660","66155/2025-10-13/1759672660.json"
"515320","135490","2025-10-14","49.00","AUD","1759672660","66155/2025-10-14/1759672660.json"
"515320","135490","2025-10-15","49.00","AUD","1759672660","66155/2025-10-15/1759672660.json"
"515320","135490","2025-10-16","49.00","AUD","1759672660","66155/2025-10-16/1759672660.json"
"515320","135490","2025-10-17","49.00","AUD","1759672660","66155/2025-10-17/1759672660.json"
"515320","135490","2025-10-18","49.00","AUD","1759672660","66155/2025-10-18/1759672660.json"
"515320","135490","2025-10-19","49.00","AUD","1759672660","66155/2025-10-19/1759672660.json"
"515320","135490","2025-10-20","49.00","AUD","1759672660","66155/2025-10-20/1759672660.json"
"515320","135490","2025-10-21","49.00","AUD","1759672660","66155/2025-10-21/1759672660.json"
"515320","135490","2025-10-22","49.00","AUD","1759672660","66155/2025-10-22/1759672660.json"
"515320","135490","2025-10-23","49.00","AUD","1759672660","66155/2025-10-23/1759672660.json"
"515320","135490","2025-10-24","49.00","AUD","1759672660","66155/2025-10-24/1759672660.json"
"515320","135490","2025-10-25","49.00","AUD","1759672660","66155/2025-10-25/1759672660.json"
"515320","135490","2025-10-26","49.00","AUD","1759672660","66155/2025-10-26/1759672660.json"
"515320","135490","2025-10-27","49.00","AUD","1759672660","66155/2025-10-27/1759672660.json"
"515320","135490","2025-10-28","49.00","AUD","1759672660","66155/2025-10-28/1759672660.json"
"515320","135490","2025-10-29","49.00","AUD","1759672660","66155/2025-10-29/1759672660.json"
"515320","135490","2025-10-30","49.00","AUD","1759672660","66155/2025-10-30/1759672660.json"
"515320","135490","2025-11-02","49.00","AUD","1759672660","66155/2025-11-02/1759672660.json"
"515320","135490","2025-11-03","49.00","AUD","1759672660","66155/2025-11-03/1759672660.json"
"515320","135490","2025-11-04","49.00","AUD","1759672660","66155/2025-11-04/1759672660.json"
"515320","135490","2025-10-06","49.00","AUD","1759685544","66155/2025-10-06/1759685544.json"
"515320","135490","2025-10-07","49.00","AUD","1759685544","66155/2025-10-07/1759685544.json"
"515320","135490","2025-10-08","49.00","AUD","1759685544","66155/2025-10-08/1759685544.json"
"515320","135490","2025-10-09","49.00","AUD","1759685544","66155/2025-10-09/1759685544.json"
"515320","135490","2025-10-10","49.00","AUD","1759685544","66155/2025-10-10/1759685544.json"
"515320","135490","2025-10-11","49.00","AUD","1759685544","66155/2025-10-11/1759685544.json"
"515320","135490","2025-10-12","49.00","AUD","1759685544","66155/2025-10-12/1759685544.json"
"515320","135490","2025-10-13","49.00","AUD","1759685544","66155/2025-10-13/1759685544.json"
"515320","135490","2025-10-14","49.00","AUD","1759685544","66155/2025-10-14/1759685544.json"
"515320","135490","2025-10-15","49.00","AUD","1759685544","66155/2025-10-15/1759685544.json"
"515320","135490","2025-10-16","49.00","AUD","1759685544","66155/2025-10-16/1759685544.json"
"515320","135490","2025-10-17","49.00","AUD","1759685544","66155/2025-10-17/1759685544.json"
"515320","135490","2025-10-18","49.00","AUD","1759685544","66155/2025-10-18/1759685544.json"
"515320","135490","2025-10-19","49.00","AUD","1759685544","66155/2025-10-19/1759685544.json"
"515320","135490","2025-10-20","49.00","AUD","1759685544","66155/2025-10-20/1759685544.json"
"515320","135490","2025-10-21","49.00","AUD","1759685544","66155/2025-10-21/1759685544.json"
"515320","135490","2025-10-22","49.00","AUD","1759685544","66155/2025-10-22/1759685544.json"
"515320","135490","2025-10-23","49.00","AUD","1759685544","66155/2025-10-23/1759685544.json"
"515320","135490","2025-10-24","49.00","AUD","1759685544","66155/2025-10-24/1759685544.json"
"515320","135490","2025-10-25","49.00","AUD","1759685544","66155/2025-10-25/1759685544.json"
"515320","135490","2025-10-26","49.00","AUD","1759685544","66155/2025-10-26/1759685544.json"
"515320","135490","2025-10-27","49.00","AUD","1759685544","66155/2025-10-27/1759685544.json"
"515320","135490","2025-10-28","49.00","AUD","1759685544","66155/2025-10-28/1759685544.json"
"515320","135490","2025-10-29","49.00","AUD","1759685544","66155/2025-10-29/1759685544.json"
"515320","135490","2025-10-30","49.00","AUD","1759685544","66155/2025-10-30/1759685544.json"
"515320","135490","2025-11-02","49.00","AUD","1759685544","66155/2025-11-02/1759685544.json"
"515320","135490","2025-11-03","49.00","AUD","1759685544","66155/2025-11-03/1759685544.json"
"515320","135490","2025-11-04","49.00","AUD","1759685544","66155/2025-11-04/1759685544.json"
"515320","135490","2025-10-06","49.00","AUD","1759699917","66155/2025-10-06/1759699917.json"
"515320","135490","2025-10-07","49.00","AUD","1759699917","66155/2025-10-07/1759699917.json"
"515320","135490","2025-10-08","49.00","AUD","1759699917","66155/2025-10-08/1759699917.json"
"515320","135490","2025-10-09","49.00","AUD","1759699917","66155/2025-10-09/1759699917.json"
"515320","135490","2025-10-10","49.00","AUD","1759699917","66155/2025-10-10/1759699917.json"
"515320","135490","2025-10-11","49.00","AUD","1759699917","66155/2025-10-11/1759699917.json"
"515320","135490","2025-10-12","49.00","AUD","1759699917","66155/2025-10-12/1759699917.json"
"515320","135490","2025-10-13","49.00","AUD","1759699917","66155/2025-10-13/1759699917.json"
"515320","135490","2025-10-14","49.00","AUD","1759699917","66155/2025-10-14/1759699917.json"
"515320","135490","2025-10-15","49.00","AUD","1759699917","66155/2025-10-15/1759699917.json"
"515320","135490","2025-10-16","49.00","AUD","1759699917","66155/2025-10-16/1759699917.json"
"515320","135490","2025-10-17","49.00","AUD","1759699917","66155/2025-10-17/1759699917.json"
"515320","135490","2025-10-18","49.00","AUD","1759699917","66155/2025-10-18/1759699917.json"
"515320","135490","2025-10-19","49.00","AUD","1759699917","66155/2025-10-19/1759699917.json"
"515320","135490","2025-10-20","49.00","AUD","1759699917","66155/2025-10-20/1759699917.json"
"515320","135490","2025-10-21","49.00","AUD","1759699917","66155/2025-10-21/1759699917.json"
"515320","135490","2025-10-22","49.00","AUD","1759699917","66155/2025-10-22/1759699917.json"
"515320","135490","2025-10-23","49.00","AUD","1759699917","66155/2025-10-23/1759699917.json"
"515320","135490","2025-10-24","49.00","AUD","1759699917","66155/2025-10-24/1759699917.json"
"515320","135490","2025-10-25","49.00","AUD","1759699917","66155/2025-10-25/1759699917.json"
"515320","135490","2025-10-26","49.00","AUD","1759699917","66155/2025-10-26/1759699917.json"
"515320","135490","2025-10-27","49.00","AUD","1759699917","66155/2025-10-27/1759699917.json"
"515320","135490","2025-10-28","49.00","AUD","1759699917","66155/2025-10-28/1759699917.json"
"515320","135490","2025-10-29","49.00","AUD","1759699917","66155/2025-10-29/1759699917.json"
"515320","135490","2025-10-30","49.00","AUD","1759699917","66155/2025-10-30/1759699917.json"
"515320","135490","2025-11-02","49.00","AUD","1759699917","66155/2025-11-02/1759699917.json"
"515320","135490","2025-11-03","49.00","AUD","1759699917","66155/2025-11-03/1759699917.json"
"515320","135490","2025-11-04","49.00","AUD","1759699917","66155/2025-11-04/1759699917.json"
"515320","135490","2025-10-07","49.00","AUD","1759721983","66155/2025-10-07/1759721983.json"
"515320","135490","2025-10-08","49.00","AUD","1759721983","66155/2025-10-08/1759721983.json"
"515320","135490","2025-10-10","49.00","AUD","1759721983","66155/2025-10-10/1759721983.json"
"515320","135490","2025-10-11","49.00","AUD","1759721983","66155/2025-10-11/1759721983.json"
"515320","135490","2025-10-06","49.00","AUD","1759721983","66155/2025-10-06/1759721983.json"
"515320","135490","2025-10-14","49.00","AUD","1759721983","66155/2025-10-14/1759721983.json"
"515320","135490","2025-10-12","49.00","AUD","1759721983","66155/2025-10-12/1759721983.json"
"515320","135490","2025-10-13","49.00","AUD","1759721983","66155/2025-10-13/1759721983.json"
"515320","135490","2025-10-09","49.00","AUD","1759721983","66155/2025-10-09/1759721983.json"
"515320","135490","2025-10-17","49.00","AUD","1759721983","66155/2025-10-17/1759721983.json"
"515320","135490","2025-10-15","49.00","AUD","1759721983","66155/2025-10-15/1759721983.json"
"515320","135490","2025-10-16","49.00","AUD","1759721983","66155/2025-10-16/1759721983.json"
"515320","135490","2025-10-18","49.00","AUD","1759721983","66155/2025-10-18/1759721983.json"
"515320","135490","2025-10-19","49.00","AUD","1759721983","66155/2025-10-19/1759721983.json"
"515320","135490","2025-10-21","49.00","AUD","1759721983","66155/2025-10-21/1759721983.json"
"515320","135490","2025-10-20","49.00","AUD","1759721983","66155/2025-10-20/1759721983.json"
"515320","135490","2025-10-22","49.00","AUD","1759721983","66155/2025-10-22/1759721983.json"
"515320","135490","2025-10-23","49.00","AUD","1759721983","66155/2025-10-23/1759721983.json"
"515320","135490","2025-10-24","49.00","AUD","1759721983","66155/2025-10-24/1759721983.json"
"515320","135490","2025-10-25","49.00","AUD","1759721983","66155/2025-10-25/1759721983.json"
"515320","135490","2025-10-26","49.00","AUD","1759721983","66155/2025-10-26/1759721983.json"
"515320","135490","2025-10-27","49.00","AUD","1759721983","66155/2025-10-27/1759721983.json"
"515320","135490","2025-10-28","49.00","AUD","1759721983","66155/2025-10-28/1759721983.json"
"515320","135490","2025-10-29","49.00","AUD","1759721983","66155/2025-10-29/1759721983.json"
"515320","135490","2025-10-30","49.00","AUD","1759721983","66155/2025-10-30/1759721983.json"
"515320","135490","2025-11-02","49.00","AUD","1759721983","66155/2025-11-02/1759721983.json"
"515320","135490","2025-11-03","49.00","AUD","1759721983","66155/2025-11-03/1759721983.json"
"515320","135490","2025-11-04","49.00","AUD","1759721983","66155/2025-11-04/1759721983.json"
"515320","135490","2025-11-05","49.00","AUD","1759721983","66155/2025-11-05/1759721983.json"
"515320","135490","2025-11-06","49.00","AUD","1759721983","66155/2025-11-06/1759721983.json"
"515320","135490","2025-11-09","49.00","AUD","1759721983","66155/2025-11-09/1759721983.json"
"515320","135490","2025-11-10","49.00","AUD","1759721983","66155/2025-11-10/1759721983.json"
"515320","135490","2025-11-11","49.00","AUD","1759721983","66155/2025-11-11/1759721983.json"
"515320","135490","2025-11-12","49.00","AUD","1759721983","66155/2025-11-12/1759721983.json"
"515320","135490","2025-11-13","49.00","AUD","1759721983","66155/2025-11-13/1759721983.json"
"515320","135490","2025-11-14","49.00","AUD","1759721983","66155/2025-11-14/1759721983.json"
"515320","135490","2025-11-15","49.00","AUD","1759721983","66155/2025-11-15/1759721983.json"
"515320","135490","2025-11-17","49.00","AUD","1759721983","66155/2025-11-17/1759721983.json"
"515320","135490","2025-11-16","49.00","AUD","1759721983","66155/2025-11-16/1759721983.json"
"515320","135490","2025-11-18","49.00","AUD","1759721983","66155/2025-11-18/1759721983.json"
"515320","135490","2025-11-19","49.00","AUD","1759721983","66155/2025-11-19/1759721983.json"
"515320","135490","2025-11-20","49.00","AUD","1759721983","66155/2025-11-20/1759721983.json"
"515320","135490","2025-11-21","49.00","AUD","1759721983","66155/2025-11-21/1759721983.json"
"515320","135490","2025-11-22","49.00","AUD","1759721983","66155/2025-11-22/1759721983.json"
"515320","135490","2025-11-23","49.00","AUD","1759721983","66155/2025-11-23/1759721983.json"
"515320","135490","2025-11-24","49.00","AUD","1759721983","66155/2025-11-24/1759721983.json"
"515320","135490","2025-11-25","49.00","AUD","1759721983","66155/2025-11-25/1759721983.json"
"515320","135490","2025-11-27","49.00","AUD","1759721983","66155/2025-11-27/1759721983.json"
"515320","135490","2025-11-26","49.00","AUD","1759721983","66155/2025-11-26/1759721983.json"
"515320","135490","2025-11-28","49.00","AUD","1759721983","66155/2025-11-28/1759721983.json"
"515320","135490","2025-11-29","49.00","AUD","1759721983","66155/2025-11-29/1759721983.json"
"515320","135490","2025-12-02","49.00","AUD","1759721983","66155/2025-12-02/1759721983.json"
"515320","135490","2025-12-05","49.00","AUD","1759721983","66155/2025-12-05/1759721983.json"
"515320","135490","2025-10-09","49.00","AUD","1759727250","66155/2025-10-09/1759727250.json"
"515320","135490","2025-10-06","49.00","AUD","1759727250","66155/2025-10-06/1759727250.json"
"515320","135490","2025-10-08","49.00","AUD","1759727250","66155/2025-10-08/1759727250.json"
"515320","135490","2025-10-07","49.00","AUD","1759727250","66155/2025-10-07/1759727250.json"
"515320","135490","2025-10-11","49.00","AUD","1759727250","66155/2025-10-11/1759727250.json"
"515320","135490","2025-10-12","49.00","AUD","1759727250","66155/2025-10-12/1759727250.json"
"515320","135490","2025-10-10","49.00","AUD","1759727250","66155/2025-10-10/1759727250.json"
"515320","135490","2025-10-13","49.00","AUD","1759727250","66155/2025-10-13/1759727250.json"
"515320","135490","2025-10-14","49.00","AUD","1759727250","66155/2025-10-14/1759727250.json"
"515320","135490","2025-10-15","49.00","AUD","1759727250","66155/2025-10-15/1759727250.json"
"515320","135490","2025-10-16","49.00","AUD","1759727250","66155/2025-10-16/1759727250.json"
"515320","135490","2025-10-17","49.00","AUD","1759727250","66155/2025-10-17/1759727250.json"
"515320","135490","2025-10-18","49.00","AUD","1759727250","66155/2025-10-18/1759727250.json"
"515320","135490","2025-10-20","49.00","AUD","1759727250","66155/2025-10-20/1759727250.json"
"515320","135490","2025-10-19","49.00","AUD","1759727250","66155/2025-10-19/1759727250.json"
"515320","135490","2025-10-21","49.00","AUD","1759727250","66155/2025-10-21/1759727250.json"
"515320","135490","2025-10-23","49.00","AUD","1759727250","66155/2025-10-23/1759727250.json"
"515320","135490","2025-10-22","49.00","AUD","1759727250","66155/2025-10-22/1759727250.json"
"515320","135490","2025-10-24","49.00","AUD","1759727250","66155/2025-10-24/1759727250.json"
"515320","135490","2025-10-25","49.00","AUD","1759727250","66155/2025-10-25/1759727250.json"
"515320","135490","2025-10-26","49.00","AUD","1759727250","66155/2025-10-26/1759727250.json"
"515320","135490","2025-10-27","49.00","AUD","1759727250","66155/2025-10-27/1759727250.json"
"515320","135490","2025-10-28","49.00","AUD","1759727250","66155/2025-10-28/1759727250.json"
"515320","135490","2025-10-29","49.00","AUD","1759727250","66155/2025-10-29/1759727250.json"
"515320","135490","2025-10-30","49.00","AUD","1759727250","66155/2025-10-30/1759727250.json"
"515320","135490","2025-11-02","49.00","AUD","1759727250","66155/2025-11-02/1759727250.json"
"515320","135490","2025-11-05","49.00","AUD","1759727250","66155/2025-11-05/1759727250.json"
"515320","135490","2025-11-04","49.00","AUD","1759727250","66155/2025-11-04/1759727250.json"
"515320","135490","2025-11-03","49.00","AUD","1759727250","66155/2025-11-03/1759727250.json"
"515320","135490","2025-11-06","49.00","AUD","1759727250","66155/2025-11-06/1759727250.json"
"515320","135490","2025-11-09","49.00","AUD","1759727250","66155/2025-11-09/1759727250.json"
"515320","135490","2025-11-10","49.00","AUD","1759727250","66155/2025-11-10/1759727250.json"
"515320","135490","2025-11-12","49.00","AUD","1759727250","66155/2025-11-12/1759727250.json"
"515320","135490","2025-11-13","49.00","AUD","1759727250","66155/2025-11-13/1759727250.json"
"515320","135490","2025-11-11","49.00","AUD","1759727250","66155/2025-11-11/1759727250.json"
"515320","135490","2025-11-14","49.00","AUD","1759727250","66155/2025-11-14/1759727250.json"
"515320","135490","2025-11-17","49.00","AUD","1759727250","66155/2025-11-17/1759727250.json"
"515320","135490","2025-11-15","49.00","AUD","1759727250","66155/2025-11-15/1759727250.json"
"515320","135490","2025-11-16","49.00","AUD","1759727250","66155/2025-11-16/1759727250.json"
"515320","135490","2025-11-18","49.00","AUD","1759727250","66155/2025-11-18/1759727250.json"
"515320","135490","2025-11-19","49.00","AUD","1759727250","66155/2025-11-19/1759727250.json"
"515320","135490","2025-11-20","49.00","AUD","1759727250","66155/2025-11-20/1759727250.json"
"515320","135490","2025-11-21","49.00","AUD","1759727250","66155/2025-11-21/1759727250.json"
"515320","135490","2025-11-22","49.00","AUD","1759727250","66155/2025-11-22/1759727250.json"
"515320","135490","2025-11-23","49.00","AUD","1759727250","66155/2025-11-23/1759727250.json"
"515320","135490","2025-11-24","49.00","AUD","1759727250","66155/2025-11-24/1759727250.json"
"515320","135490","2025-11-25","49.00","AUD","1759727250","66155/2025-11-25/1759727250.json"
"515320","135490","2025-11-26","49.00","AUD","1759727250","66155/2025-11-26/1759727250.json"
"515320","135490","2025-11-27","49.00","AUD","1759727250","66155/2025-11-27/1759727250.json"
"515320","135490","2025-11-29","49.00","AUD","1759727250","66155/2025-11-29/1759727250.json"
"515320","135490","2025-11-28","49.00","AUD","1759727250","66155/2025-11-28/1759727250.json"
"515320","135490","2025-12-02","49.00","AUD","1759727250","66155/2025-12-02/1759727250.json"
"515320","135490","2025-12-05","49.00","AUD","1759727250","66155/2025-12-05/1759727250.json"
"515320","135490","2025-10-06","49.00","AUD","1759742228","66155/2025-10-06/1759742228.json"
"515320","135490","2025-10-07","49.00","AUD","1759742228","66155/2025-10-07/1759742228.json"
"515320","135490","2025-10-08","49.00","AUD","1759742228","66155/2025-10-08/1759742228.json"
"515320","135490","2025-10-09","49.00","AUD","1759742228","66155/2025-10-09/1759742228.json"
"515320","135490","2025-10-10","49.00","AUD","1759742228","66155/2025-10-10/1759742228.json"
"515320","135490","2025-10-11","49.00","AUD","1759742228","66155/2025-10-11/1759742228.json"
"515320","135490","2025-10-12","49.00","AUD","1759742228","66155/2025-10-12/1759742228.json"
"515320","135490","2025-10-13","49.00","AUD","1759742228","66155/2025-10-13/1759742228.json"
"515320","135490","2025-10-16","49.00","AUD","1759742228","66155/2025-10-16/1759742228.json"
"515320","135490","2025-10-15","49.00","AUD","1759742228","66155/2025-10-15/1759742228.json"
"515320","135490","2025-10-14","49.00","AUD","1759742228","66155/2025-10-14/1759742228.json"
"515320","135490","2025-10-17","49.00","AUD","1759742228","66155/2025-10-17/1759742228.json"
"515320","135490","2025-10-18","49.00","AUD","1759742228","66155/2025-10-18/1759742228.json"
"515320","135490","2025-10-19","49.00","AUD","1759742228","66155/2025-10-19/1759742228.json"
"515320","135490","2025-10-21","49.00","AUD","1759742228","66155/2025-10-21/1759742228.json"
"515320","135490","2025-10-20","49.00","AUD","1759742228","66155/2025-10-20/1759742228.json"
"515320","135490","2025-10-22","49.00","AUD","1759742228","66155/2025-10-22/1759742228.json"
"515320","135490","2025-10-24","49.00","AUD","1759742228","66155/2025-10-24/1759742228.json"
"515320","135490","2025-10-23","49.00","AUD","1759742228","66155/2025-10-23/1759742228.json"
"515320","135490","2025-10-25","49.00","AUD","1759742228","66155/2025-10-25/1759742228.json"
"515320","135490","2025-10-26","49.00","AUD","1759742228","66155/2025-10-26/1759742228.json"
"515320","135490","2025-10-27","49.00","AUD","1759742228","66155/2025-10-27/1759742228.json"
"515320","135490","2025-10-29","49.00","AUD","1759742228","66155/2025-10-29/1759742228.json"
"515320","135490","2025-10-28","49.00","AUD","1759742228","66155/2025-10-28/1759742228.json"
"515320","135490","2025-10-30","49.00","AUD","1759742228","66155/2025-10-30/1759742228.json"
"515320","135490","2025-11-02","49.00","AUD","1759742228","66155/2025-11-02/1759742228.json"
"515320","135490","2025-11-03","49.00","AUD","1759742228","66155/2025-11-03/1759742228.json"
"515320","135490","2025-11-04","49.00","AUD","1759742228","66155/2025-11-04/1759742228.json"
"515320","135490","2025-11-05","49.00","AUD","1759742228","66155/2025-11-05/1759742228.json"
"515320","135490","2025-11-06","49.00","AUD","1759742228","66155/2025-11-06/1759742228.json"
"515320","135490","2025-11-09","49.00","AUD","1759742228","66155/2025-11-09/1759742228.json"
"515320","135490","2025-11-10","49.00","AUD","1759742228","66155/2025-11-10/1759742228.json"
"515320","135490","2025-11-11","49.00","AUD","1759742228","66155/2025-11-11/1759742228.json"
"515320","135490","2025-11-13","49.00","AUD","1759742228","66155/2025-11-13/1759742228.json"
"515320","135490","2025-11-15","49.00","AUD","1759742228","66155/2025-11-15/1759742228.json"
"515320","135490","2025-11-12","49.00","AUD","1759742228","66155/2025-11-12/1759742228.json"
"515320","135490","2025-11-14","49.00","AUD","1759742228","66155/2025-11-14/1759742228.json"
"515320","135490","2025-11-17","49.00","AUD","1759742228","66155/2025-11-17/1759742228.json"
"515320","135490","2025-11-16","49.00","AUD","1759742228","66155/2025-11-16/1759742228.json"
"515320","135490","2025-11-18","49.00","AUD","1759742228","66155/2025-11-18/1759742228.json"
"515320","135490","2025-11-21","49.00","AUD","1759742228","66155/2025-11-21/1759742228.json"
"515320","135490","2025-11-20","49.00","AUD","1759742228","66155/2025-11-20/1759742228.json"
"515320","135490","2025-11-19","49.00","AUD","1759742228","66155/2025-11-19/1759742228.json"
"515320","135490","2025-11-23","49.00","AUD","1759742228","66155/2025-11-23/1759742228.json"
"515320","135490","2025-11-22","49.00","AUD","1759742228","66155/2025-11-22/1759742228.json"
"515320","135490","2025-11-24","49.00","AUD","1759742228","66155/2025-11-24/1759742228.json"
"515320","135490","2025-11-25","49.00","AUD","1759742228","66155/2025-11-25/1759742228.json"
"515320","135490","2025-11-27","49.00","AUD","1759742228","66155/2025-11-27/1759742228.json"
"515320","135490","2025-11-26","49.00","AUD","1759742228","66155/2025-11-26/1759742228.json"
"515320","135490","2025-11-28","49.00","AUD","1759742228","66155/2025-11-28/1759742228.json"
"515320","135490","2025-11-29","49.00","AUD","1759742228","66155/2025-11-29/1759742228.json"
"515320","135490","2025-12-02","49.00","AUD","1759742228","66155/2025-12-02/1759742228.json"
"515320","135490","2025-12-05","49.00","AUD","1759742228","66155/2025-12-05/1759742228.json"
"515320","135490","2025-10-07","49.00","AUD","1759759629","66155/2025-10-07/1759759629.json"
"515320","135490","2025-10-08","49.00","AUD","1759759629","66155/2025-10-08/1759759629.json"
"515320","135490","2025-10-09","49.00","AUD","1759759629","66155/2025-10-09/1759759629.json"
"515320","135490","2025-10-10","49.00","AUD","1759759629","66155/2025-10-10/1759759629.json"
"515320","135490","2025-10-11","49.00","AUD","1759759629","66155/2025-10-11/1759759629.json"
"515320","135490","2025-10-12","49.00","AUD","1759759629","66155/2025-10-12/1759759629.json"
"515320","135490","2025-10-13","49.00","AUD","1759759629","66155/2025-10-13/1759759629.json"
"515320","135490","2025-10-16","49.00","AUD","1759759629","66155/2025-10-16/1759759629.json"
"515320","135490","2025-10-14","49.00","AUD","1759759629","66155/2025-10-14/1759759629.json"
"515320","135490","2025-10-15","49.00","AUD","1759759629","66155/2025-10-15/1759759629.json"
"515320","135490","2025-10-17","49.00","AUD","1759759629","66155/2025-10-17/1759759629.json"
"515320","135490","2025-10-19","49.00","AUD","1759759629","66155/2025-10-19/1759759629.json"
"515320","135490","2025-10-18","49.00","AUD","1759759629","66155/2025-10-18/1759759629.json"
"515320","135490","2025-10-21","49.00","AUD","1759759629","66155/2025-10-21/1759759629.json"
"515320","135490","2025-10-20","49.00","AUD","1759759629","66155/2025-10-20/1759759629.json"
"515320","135490","2025-10-22","49.00","AUD","1759759629","66155/2025-10-22/1759759629.json"
"515320","135490","2025-10-23","49.00","AUD","1759759629","66155/2025-10-23/1759759629.json"
"515320","135490","2025-10-24","49.00","AUD","1759759629","66155/2025-10-24/1759759629.json"
"515320","135490","2025-10-25","49.00","AUD","1759759629","66155/2025-10-25/1759759629.json"
"515320","135490","2025-10-26","49.00","AUD","1759759629","66155/2025-10-26/1759759629.json"
"515320","135490","2025-10-27","49.00","AUD","1759759629","66155/2025-10-27/1759759629.json"
"515320","135490","2025-10-28","49.00","AUD","1759759629","66155/2025-10-28/1759759629.json"
"515320","135490","2025-10-29","49.00","AUD","1759759629","66155/2025-10-29/1759759629.json"
"515320","135490","2025-10-30","49.00","AUD","1759759629","66155/2025-10-30/1759759629.json"
"515320","135490","2025-11-03","49.00","AUD","1759759629","66155/2025-11-03/1759759629.json"
"515320","135490","2025-11-04","49.00","AUD","1759759629","66155/2025-11-04/1759759629.json"
"515320","135490","2025-11-02","49.00","AUD","1759759629","66155/2025-11-02/1759759629.json"
"515320","135490","2025-11-05","49.00","AUD","1759759629","66155/2025-11-05/1759759629.json"
"515320","135490","2025-11-06","49.00","AUD","1759759629","66155/2025-11-06/1759759629.json"
"515320","135490","2025-11-09","49.00","AUD","1759759629","66155/2025-11-09/1759759629.json"
"515320","135490","2025-11-10","49.00","AUD","1759759629","66155/2025-11-10/1759759629.json"
"515320","135490","2025-11-11","49.00","AUD","1759759629","66155/2025-11-11/1759759629.json"
"515320","135490","2025-11-12","49.00","AUD","1759759629","66155/2025-11-12/1759759629.json"
"515320","135490","2025-11-13","49.00","AUD","1759759629","66155/2025-11-13/1759759629.json"
"515320","135490","2025-11-14","49.00","AUD","1759759629","66155/2025-11-14/1759759629.json"
"515320","135490","2025-11-16","49.00","AUD","1759759629","66155/2025-11-16/1759759629.json"
"515320","135490","2025-11-15","49.00","AUD","1759759629","66155/2025-11-15/1759759629.json"
"515320","135490","2025-11-17","49.00","AUD","1759759629","66155/2025-11-17/1759759629.json"
"515320","135490","2025-11-18","49.00","AUD","1759759629","66155/2025-11-18/1759759629.json"
"515320","135490","2025-11-19","49.00","AUD","1759759629","66155/2025-11-19/1759759629.json"
"515320","135490","2025-11-20","49.00","AUD","1759759629","66155/2025-11-20/1759759629.json"
"515320","135490","2025-11-21","49.00","AUD","1759759629","66155/2025-11-21/1759759629.json"
"515320","135490","2025-11-23","49.00","AUD","1759759629","66155/2025-11-23/1759759629.json"
"515320","135490","2025-11-24","49.00","AUD","1759759629","66155/2025-11-24/1759759629.json"
"515320","135490","2025-11-22","49.00","AUD","1759759629","66155/2025-11-22/1759759629.json"
"515320","135490","2025-11-28","49.00","AUD","1759759629","66155/2025-11-28/1759759629.json"
"515320","135490","2025-11-27","49.00","AUD","1759759629","66155/2025-11-27/1759759629.json"
"515320","135490","2025-11-25","49.00","AUD","1759759629","66155/2025-11-25/1759759629.json"
"515320","135490","2025-11-29","49.00","AUD","1759759629","66155/2025-11-29/1759759629.json"
"515320","135490","2025-12-02","49.00","AUD","1759759629","66155/2025-12-02/1759759629.json"
"515320","135490","2025-12-05","49.00","AUD","1759759629","66155/2025-12-05/1759759629.json"
"515320","135490","2025-11-26","49.00","AUD","1759759629","66155/2025-11-26/1759759629.json"
"515320","135490","2025-10-09","49.00","AUD","1759770850","66155/2025-10-09/1759770850.json"
"515320","135490","2025-10-07","49.00","AUD","1759770850","66155/2025-10-07/1759770850.json"
"515320","135490","2025-10-08","49.00","AUD","1759770850","66155/2025-10-08/1759770850.json"
"515320","135490","2025-10-10","49.00","AUD","1759770850","66155/2025-10-10/1759770850.json"
"515320","135490","2025-10-12","49.00","AUD","1759770850","66155/2025-10-12/1759770850.json"
"515320","135490","2025-10-11","49.00","AUD","1759770850","66155/2025-10-11/1759770850.json"
"515320","135490","2025-10-14","49.00","AUD","1759770850","66155/2025-10-14/1759770850.json"
"515320","135490","2025-10-13","49.00","AUD","1759770850","66155/2025-10-13/1759770850.json"
"515320","135490","2025-10-15","49.00","AUD","1759770850","66155/2025-10-15/1759770850.json"
"515320","135490","2025-10-16","49.00","AUD","1759770850","66155/2025-10-16/1759770850.json"
"515320","135490","2025-10-17","49.00","AUD","1759770850","66155/2025-10-17/1759770850.json"
"515320","135490","2025-10-18","49.00","AUD","1759770850","66155/2025-10-18/1759770850.json"
"515320","135490","2025-10-19","49.00","AUD","1759770850","66155/2025-10-19/1759770850.json"
"515320","135490","2025-10-20","49.00","AUD","1759770850","66155/2025-10-20/1759770850.json"
"515320","135490","2025-10-22","49.00","AUD","1759770850","66155/2025-10-22/1759770850.json"
"515320","135490","2025-10-21","49.00","AUD","1759770850","66155/2025-10-21/1759770850.json"
"515320","135490","2025-10-26","49.00","AUD","1759770850","66155/2025-10-26/1759770850.json"
"515320","135490","2025-10-24","49.00","AUD","1759770850","66155/2025-10-24/1759770850.json"
"515320","135490","2025-10-25","49.00","AUD","1759770850","66155/2025-10-25/1759770850.json"
"515320","135490","2025-10-23","49.00","AUD","1759770850","66155/2025-10-23/1759770850.json"
"515320","135490","2025-10-28","49.00","AUD","1759770850","66155/2025-10-28/1759770850.json"
"515320","135490","2025-10-27","49.00","AUD","1759770850","66155/2025-10-27/1759770850.json"
"515320","135490","2025-10-29","49.00","AUD","1759770850","66155/2025-10-29/1759770850.json"
"515320","135490","2025-10-30","49.00","AUD","1759770850","66155/2025-10-30/1759770850.json"
"515320","135490","2025-11-02","49.00","AUD","1759770850","66155/2025-11-02/1759770850.json"
"515320","135490","2025-11-03","49.00","AUD","1759770850","66155/2025-11-03/1759770850.json"
"515320","135490","2025-11-04","49.00","AUD","1759770850","66155/2025-11-04/1759770850.json"
"515320","135490","2025-11-05","49.00","AUD","1759770850","66155/2025-11-05/1759770850.json"
"515320","135490","2025-11-06","49.00","AUD","1759770850","66155/2025-11-06/1759770850.json"
"515320","135490","2025-11-09","49.00","AUD","1759770850","66155/2025-11-09/1759770850.json"
"515320","135490","2025-11-10","49.00","AUD","1759770850","66155/2025-11-10/1759770850.json"
"515320","135490","2025-11-13","49.00","AUD","1759770850","66155/2025-11-13/1759770850.json"
"515320","135490","2025-11-14","49.00","AUD","1759770850","66155/2025-11-14/1759770850.json"
"515320","135490","2025-11-11","49.00","AUD","1759770850","66155/2025-11-11/1759770850.json"
"515320","135490","2025-11-12","49.00","AUD","1759770850","66155/2025-11-12/1759770850.json"
"515320","135490","2025-11-15","49.00","AUD","1759770850","66155/2025-11-15/1759770850.json"
"515320","135490","2025-11-16","49.00","AUD","1759770850","66155/2025-11-16/1759770850.json"
"515320","135490","2025-11-17","49.00","AUD","1759770850","66155/2025-11-17/1759770850.json"
"515320","135490","2025-11-18","49.00","AUD","1759770850","66155/2025-11-18/1759770850.json"
"515320","135490","2025-11-19","49.00","AUD","1759770850","66155/2025-11-19/1759770850.json"
"515320","135490","2025-11-20","49.00","AUD","1759770850","66155/2025-11-20/1759770850.json"
"515320","135490","2025-11-21","49.00","AUD","1759770850","66155/2025-11-21/1759770850.json"
"515320","135490","2025-11-22","49.00","AUD","1759770850","66155/2025-11-22/1759770850.json"
"515320","135490","2025-11-23","49.00","AUD","1759770850","66155/2025-11-23/1759770850.json"
"515320","135490","2025-11-24","49.00","AUD","1759770850","66155/2025-11-24/1759770850.json"
"515320","135490","2025-11-25","49.00","AUD","1759770850","66155/2025-11-25/1759770850.json"
"515320","135490","2025-11-29","49.00","AUD","1759770850","66155/2025-11-29/1759770850.json"
"515320","135490","2025-11-26","49.00","AUD","1759770850","66155/2025-11-26/1759770850.json"
"515320","135490","2025-11-28","49.00","AUD","1759770850","66155/2025-11-28/1759770850.json"
"515320","135490","2025-11-27","49.00","AUD","1759770850","66155/2025-11-27/1759770850.json"
"515320","135490","2025-12-02","49.00","AUD","1759770850","66155/2025-12-02/1759770850.json"
"515320","135490","2025-12-05","49.00","AUD","1759770850","66155/2025-12-05/1759770850.json"
"515320","135490","2025-10-09","49.00","AUD","1759784639","66155/2025-10-09/1759784639.json"
"515320","135490","2025-10-08","49.00","AUD","1759784639","66155/2025-10-08/1759784639.json"
"515320","135490","2025-10-07","49.00","AUD","1759784639","66155/2025-10-07/1759784639.json"
"515320","135490","2025-10-10","49.00","AUD","1759784639","66155/2025-10-10/1759784639.json"
"515320","135490","2025-10-11","49.00","AUD","1759784639","66155/2025-10-11/1759784639.json"
"515320","135490","2025-10-12","49.00","AUD","1759784639","66155/2025-10-12/1759784639.json"
"515320","135490","2025-10-13","49.00","AUD","1759784639","66155/2025-10-13/1759784639.json"
"515320","135490","2025-10-14","49.00","AUD","1759784639","66155/2025-10-14/1759784639.json"
"515320","135490","2025-10-15","49.00","AUD","1759784639","66155/2025-10-15/1759784639.json"
"515320","135490","2025-10-16","49.00","AUD","1759784639","66155/2025-10-16/1759784639.json"
"515320","135490","2025-10-17","49.00","AUD","1759784639","66155/2025-10-17/1759784639.json"
"515320","135490","2025-10-18","49.00","AUD","1759784639","66155/2025-10-18/1759784639.json"
"515320","135490","2025-10-19","49.00","AUD","1759784639","66155/2025-10-19/1759784639.json"
"515320","135490","2025-10-20","49.00","AUD","1759784639","66155/2025-10-20/1759784639.json"
"515320","135490","2025-10-22","49.00","AUD","1759784639","66155/2025-10-22/1759784639.json"
"515320","135490","2025-10-21","49.00","AUD","1759784639","66155/2025-10-21/1759784639.json"
"515320","135490","2025-10-23","49.00","AUD","1759784639","66155/2025-10-23/1759784639.json"
"515320","135490","2025-10-24","49.00","AUD","1759784639","66155/2025-10-24/1759784639.json"
"515320","135490","2025-10-28","49.00","AUD","1759784639","66155/2025-10-28/1759784639.json"
"515320","135490","2025-10-26","49.00","AUD","1759784639","66155/2025-10-26/1759784639.json"
"515320","135490","2025-10-27","49.00","AUD","1759784639","66155/2025-10-27/1759784639.json"
"515320","135490","2025-10-25","49.00","AUD","1759784639","66155/2025-10-25/1759784639.json"
"515320","135490","2025-10-29","49.00","AUD","1759784639","66155/2025-10-29/1759784639.json"
"515320","135490","2025-10-30","49.00","AUD","1759784639","66155/2025-10-30/1759784639.json"
"515320","135490","2025-11-02","49.00","AUD","1759784639","66155/2025-11-02/1759784639.json"
"515320","135490","2025-11-03","49.00","AUD","1759784639","66155/2025-11-03/1759784639.json"
"515320","135490","2025-11-04","49.00","AUD","1759784639","66155/2025-11-04/1759784639.json"
"515320","135490","2025-11-05","49.00","AUD","1759784639","66155/2025-11-05/1759784639.json"
"515320","135490","2025-11-06","49.00","AUD","1759784639","66155/2025-11-06/1759784639.json"
"515320","135490","2025-11-09","49.00","AUD","1759784639","66155/2025-11-09/1759784639.json"
"515320","135490","2025-11-11","49.00","AUD","1759784639","66155/2025-11-11/1759784639.json"
"515320","135490","2025-11-12","49.00","AUD","1759784639","66155/2025-11-12/1759784639.json"
"515320","135490","2025-11-13","49.00","AUD","1759784639","66155/2025-11-13/1759784639.json"
"515320","135490","2025-11-15","49.00","AUD","1759784639","66155/2025-11-15/1759784639.json"
"515320","135490","2025-11-14","49.00","AUD","1759784639","66155/2025-11-14/1759784639.json"
"515320","135490","2025-11-10","49.00","AUD","1759784639","66155/2025-11-10/1759784639.json"
"515320","135490","2025-11-19","49.00","AUD","1759784639","66155/2025-11-19/1759784639.json"
"515320","135490","2025-11-17","49.00","AUD","1759784639","66155/2025-11-17/1759784639.json"
"515320","135490","2025-11-18","49.00","AUD","1759784639","66155/2025-11-18/1759784639.json"
"515320","135490","2025-11-20","49.00","AUD","1759784639","66155/2025-11-20/1759784639.json"
"515320","135490","2025-11-22","49.00","AUD","1759784639","66155/2025-11-22/1759784639.json"
"515320","135490","2025-11-21","49.00","AUD","1759784639","66155/2025-11-21/1759784639.json"
"515320","135490","2025-11-16","49.00","AUD","1759784639","66155/2025-11-16/1759784639.json"
"515320","135490","2025-11-23","49.00","AUD","1759784639","66155/2025-11-23/1759784639.json"
"515320","135490","2025-11-24","49.00","AUD","1759784639","66155/2025-11-24/1759784639.json"
"515320","135490","2025-11-25","49.00","AUD","1759784639","66155/2025-11-25/1759784639.json"
"515320","135490","2025-11-26","49.00","AUD","1759784639","66155/2025-11-26/1759784639.json"
"515320","135490","2025-11-27","49.00","AUD","1759784639","66155/2025-11-27/1759784639.json"
"515320","135490","2025-11-28","49.00","AUD","1759784639","66155/2025-11-28/1759784639.json"
"515320","135490","2025-11-29","49.00","AUD","1759784639","66155/2025-11-29/1759784639.json"
"515320","135490","2025-12-02","49.00","AUD","1759784639","66155/2025-12-02/1759784639.json"
"515320","135490","2025-12-05","49.00","AUD","1759784639","66155/2025-12-05/1759784639.json"
"515320","135490","2025-10-09","49.00","AUD","1759808218","66155/2025-10-09/1759808218.json"
"515320","135490","2025-10-08","49.00","AUD","1759808218","66155/2025-10-08/1759808218.json"
"515320","135490","2025-10-10","49.00","AUD","1759808218","66155/2025-10-10/1759808218.json"
"515320","135490","2025-10-07","49.00","AUD","1759808218","66155/2025-10-07/1759808218.json"
"515320","135490","2025-10-11","49.00","AUD","1759808218","66155/2025-10-11/1759808218.json"
"515320","135490","2025-10-14","49.00","AUD","1759808218","66155/2025-10-14/1759808218.json"
"515320","135490","2025-10-12","49.00","AUD","1759808218","66155/2025-10-12/1759808218.json"
"515320","135490","2025-10-13","49.00","AUD","1759808218","66155/2025-10-13/1759808218.json"
"515320","135490","2025-10-15","49.00","AUD","1759808218","66155/2025-10-15/1759808218.json"
"515320","135490","2025-10-17","49.00","AUD","1759808218","66155/2025-10-17/1759808218.json"
"515320","135490","2025-10-16","49.00","AUD","1759808218","66155/2025-10-16/1759808218.json"
"515320","135490","2025-10-18","49.00","AUD","1759808218","66155/2025-10-18/1759808218.json"
"515320","135490","2025-10-19","49.00","AUD","1759808218","66155/2025-10-19/1759808218.json"
"515320","135490","2025-10-20","49.00","AUD","1759808218","66155/2025-10-20/1759808218.json"
"515320","135490","2025-10-21","49.00","AUD","1759808218","66155/2025-10-21/1759808218.json"
"515320","135490","2025-10-22","49.00","AUD","1759808218","66155/2025-10-22/1759808218.json"
"515320","135490","2025-10-23","49.00","AUD","1759808218","66155/2025-10-23/1759808218.json"
"515320","135490","2025-10-24","49.00","AUD","1759808218","66155/2025-10-24/1759808218.json"
"515320","135490","2025-10-25","49.00","AUD","1759808218","66155/2025-10-25/1759808218.json"
"515320","135490","2025-10-26","49.00","AUD","1759808218","66155/2025-10-26/1759808218.json"
"515320","135490","2025-10-27","49.00","AUD","1759808218","66155/2025-10-27/1759808218.json"
"515320","135490","2025-10-28","49.00","AUD","1759808218","66155/2025-10-28/1759808218.json"
"515320","135490","2025-10-29","49.00","AUD","1759808218","66155/2025-10-29/1759808218.json"
"515320","135490","2025-10-30","49.00","AUD","1759808218","66155/2025-10-30/1759808218.json"
"515320","135490","2025-11-02","49.00","AUD","1759808218","66155/2025-11-02/1759808218.json"
"515320","135490","2025-11-03","49.00","AUD","1759808218","66155/2025-11-03/1759808218.json"
"515320","135490","2025-11-04","49.00","AUD","1759808218","66155/2025-11-04/1759808218.json"
"515320","135490","2025-11-05","49.00","AUD","1759808218","66155/2025-11-05/1759808218.json"
"515320","135490","2025-11-06","49.00","AUD","1759808218","66155/2025-11-06/1759808218.json"
"515320","135490","2025-11-10","49.00","AUD","1759808218","66155/2025-11-10/1759808218.json"
"515320","135490","2025-11-09","49.00","AUD","1759808218","66155/2025-11-09/1759808218.json"
"515320","135490","2025-11-11","49.00","AUD","1759808218","66155/2025-11-11/1759808218.json"
"515320","135490","2025-11-12","49.00","AUD","1759808218","66155/2025-11-12/1759808218.json"
"515320","135490","2025-11-13","49.00","AUD","1759808218","66155/2025-11-13/1759808218.json"
"515320","135490","2025-11-14","49.00","AUD","1759808218","66155/2025-11-14/1759808218.json"
"515320","135490","2025-11-15","49.00","AUD","1759808218","66155/2025-11-15/1759808218.json"
"515320","135490","2025-11-16","49.00","AUD","1759808218","66155/2025-11-16/1759808218.json"
"515320","135490","2025-11-17","49.00","AUD","1759808218","66155/2025-11-17/1759808218.json"
"515320","135490","2025-11-18","49.00","AUD","1759808218","66155/2025-11-18/1759808218.json"
"515320","135490","2025-11-19","49.00","AUD","1759808218","66155/2025-11-19/1759808218.json"
"515320","135490","2025-11-20","49.00","AUD","1759808218","66155/2025-11-20/1759808218.json"
"515320","135490","2025-11-21","49.00","AUD","1759808218","66155/2025-11-21/1759808218.json"
"515320","135490","2025-11-22","49.00","AUD","1759808218","66155/2025-11-22/1759808218.json"
"515320","135490","2025-11-23","49.00","AUD","1759808218","66155/2025-11-23/1759808218.json"
"515320","135490","2025-11-24","49.00","AUD","1759808218","66155/2025-11-24/1759808218.json"
"515320","135490","2025-11-25","49.00","AUD","1759808218","66155/2025-11-25/1759808218.json"
"515320","135490","2025-11-26","49.00","AUD","1759808218","66155/2025-11-26/1759808218.json"
"515320","135490","2025-11-27","49.00","AUD","1759808218","66155/2025-11-27/1759808218.json"
"515320","135490","2025-11-28","49.00","AUD","1759808218","66155/2025-11-28/1759808218.json"
"515320","135490","2025-11-29","49.00","AUD","1759808218","66155/2025-11-29/1759808218.json"
"515320","135490","2025-12-02","49.00","AUD","1759808218","66155/2025-12-02/1759808218.json"
"515320","135490","2025-12-05","49.00","AUD","1759808218","66155/2025-12-05/1759808218.json"
"515320","135490","2025-12-06","49.00","AUD","1759808218","66155/2025-12-06/1759808218.json"
"515320","135490","2025-10-07","49.00","AUD","1759813594","66155/2025-10-07/1759813594.json"
"515320","135490","2025-10-08","49.00","AUD","1759813594","66155/2025-10-08/1759813594.json"
"515320","135490","2025-10-10","49.00","AUD","1759813594","66155/2025-10-10/1759813594.json"
"515320","135490","2025-10-09","49.00","AUD","1759813594","66155/2025-10-09/1759813594.json"
"515320","135490","2025-10-12","49.00","AUD","1759813594","66155/2025-10-12/1759813594.json"
"515320","135490","2025-10-14","49.00","AUD","1759813594","66155/2025-10-14/1759813594.json"
"515320","135490","2025-10-13","49.00","AUD","1759813594","66155/2025-10-13/1759813594.json"
"515320","135490","2025-10-11","49.00","AUD","1759813594","66155/2025-10-11/1759813594.json"
"515320","135490","2025-10-15","49.00","AUD","1759813594","66155/2025-10-15/1759813594.json"
"515320","135490","2025-10-17","49.00","AUD","1759813594","66155/2025-10-17/1759813594.json"
"515320","135490","2025-10-16","49.00","AUD","1759813594","66155/2025-10-16/1759813594.json"
"515320","135490","2025-10-18","49.00","AUD","1759813594","66155/2025-10-18/1759813594.json"
"515320","135490","2025-10-19","49.00","AUD","1759813594","66155/2025-10-19/1759813594.json"
"515320","135490","2025-10-20","49.00","AUD","1759813594","66155/2025-10-20/1759813594.json"
"515320","135490","2025-10-21","49.00","AUD","1759813594","66155/2025-10-21/1759813594.json"
"515320","135490","2025-10-22","49.00","AUD","1759813594","66155/2025-10-22/1759813594.json"
"515320","135490","2025-10-23","49.00","AUD","1759813594","66155/2025-10-23/1759813594.json"
"515320","135490","2025-10-25","49.00","AUD","1759813594","66155/2025-10-25/1759813594.json"
"515320","135490","2025-10-24","49.00","AUD","1759813594","66155/2025-10-24/1759813594.json"
"515320","135490","2025-10-26","49.00","AUD","1759813594","66155/2025-10-26/1759813594.json"
"515320","135490","2025-10-28","49.00","AUD","1759813594","66155/2025-10-28/1759813594.json"
"515320","135490","2025-10-29","49.00","AUD","1759813594","66155/2025-10-29/1759813594.json"
"515320","135490","2025-10-27","49.00","AUD","1759813594","66155/2025-10-27/1759813594.json"
"515320","135490","2025-10-30","49.00","AUD","1759813594","66155/2025-10-30/1759813594.json"
"515320","135490","2025-11-02","49.00","AUD","1759813594","66155/2025-11-02/1759813594.json"
"515320","135490","2025-11-03","49.00","AUD","1759813594","66155/2025-11-03/1759813594.json"
"515320","135490","2025-11-04","49.00","AUD","1759813594","66155/2025-11-04/1759813594.json"
"515320","135490","2025-11-05","49.00","AUD","1759813594","66155/2025-11-05/1759813594.json"
"515320","135490","2025-11-06","49.00","AUD","1759813594","66155/2025-11-06/1759813594.json"
"515320","135490","2025-11-09","49.00","AUD","1759813594","66155/2025-11-09/1759813594.json"
"515320","135490","2025-11-11","49.00","AUD","1759813594","66155/2025-11-11/1759813594.json"
"515320","135490","2025-11-10","49.00","AUD","1759813594","66155/2025-11-10/1759813594.json"
"515320","135490","2025-11-12","49.00","AUD","1759813594","66155/2025-11-12/1759813594.json"
"515320","135490","2025-11-13","49.00","AUD","1759813594","66155/2025-11-13/1759813594.json"
"515320","135490","2025-11-14","49.00","AUD","1759813594","66155/2025-11-14/1759813594.json"
"515320","135490","2025-11-16","49.00","AUD","1759813594","66155/2025-11-16/1759813594.json"
"515320","135490","2025-11-15","49.00","AUD","1759813594","66155/2025-11-15/1759813594.json"
"515320","135490","2025-11-17","49.00","AUD","1759813594","66155/2025-11-17/1759813594.json"
"515320","135490","2025-11-18","49.00","AUD","1759813594","66155/2025-11-18/1759813594.json"
"515320","135490","2025-11-20","49.00","AUD","1759813594","66155/2025-11-20/1759813594.json"
"515320","135490","2025-11-21","49.00","AUD","1759813594","66155/2025-11-21/1759813594.json"
"515320","135490","2025-11-19","49.00","AUD","1759813594","66155/2025-11-19/1759813594.json"
"515320","135490","2025-11-22","49.00","AUD","1759813594","66155/2025-11-22/1759813594.json"
"515320","135490","2025-11-23","49.00","AUD","1759813594","66155/2025-11-23/1759813594.json"
"515320","135490","2025-11-26","49.00","AUD","1759813594","66155/2025-11-26/1759813594.json"
"515320","135490","2025-11-25","49.00","AUD","1759813594","66155/2025-11-25/1759813594.json"
"515320","135490","2025-11-27","49.00","AUD","1759813594","66155/2025-11-27/1759813594.json"
"515320","135490","2025-11-24","49.00","AUD","1759813594","66155/2025-11-24/1759813594.json"
"515320","135490","2025-11-28","49.00","AUD","1759813594","66155/2025-11-28/1759813594.json"
"515320","135490","2025-11-29","49.00","AUD","1759813594","66155/2025-11-29/1759813594.json"
"515320","135490","2025-12-02","49.00","AUD","1759813594","66155/2025-12-02/1759813594.json"
"515320","135490","2025-12-05","49.00","AUD","1759813594","66155/2025-12-05/1759813594.json"
"515320","135490","2025-12-06","49.00","AUD","1759813594","66155/2025-12-06/1759813594.json"
"515320","135490","2025-10-08","49.00","AUD","1759828636","66155/2025-10-08/1759828636.json"
"515320","135490","2025-10-07","49.00","AUD","1759828636","66155/2025-10-07/1759828636.json"
"515320","135490","2025-10-10","49.00","AUD","1759828636","66155/2025-10-10/1759828636.json"
"515320","135490","2025-10-09","49.00","AUD","1759828636","66155/2025-10-09/1759828636.json"
"515320","135490","2025-10-13","49.00","AUD","1759828636","66155/2025-10-13/1759828636.json"
"515320","135490","2025-10-11","49.00","AUD","1759828636","66155/2025-10-11/1759828636.json"
"515320","135490","2025-10-14","49.00","AUD","1759828636","66155/2025-10-14/1759828636.json"
"515320","135490","2025-10-15","49.00","AUD","1759828636","66155/2025-10-15/1759828636.json"
"515320","135490","2025-10-16","49.00","AUD","1759828636","66155/2025-10-16/1759828636.json"
"515320","135490","2025-10-17","49.00","AUD","1759828636","66155/2025-10-17/1759828636.json"
"515320","135490","2025-10-18","49.00","AUD","1759828636","66155/2025-10-18/1759828636.json"
"515320","135490","2025-10-19","49.00","AUD","1759828636","66155/2025-10-19/1759828636.json"
"515320","135490","2025-10-20","49.00","AUD","1759828636","66155/2025-10-20/1759828636.json"
"515320","135490","2025-10-21","49.00","AUD","1759828636","66155/2025-10-21/1759828636.json"
"515320","135490","2025-10-22","49.00","AUD","1759828636","66155/2025-10-22/1759828636.json"
"515320","135490","2025-10-23","49.00","AUD","1759828636","66155/2025-10-23/1759828636.json"
"515320","135490","2025-10-24","49.00","AUD","1759828636","66155/2025-10-24/1759828636.json"
"515320","135490","2025-10-25","49.00","AUD","1759828636","66155/2025-10-25/1759828636.json"
"515320","135490","2025-10-26","49.00","AUD","1759828636","66155/2025-10-26/1759828636.json"
"515320","135490","2025-10-12","49.00","AUD","1759828636","66155/2025-10-12/1759828636.json"
"515320","135490","2025-10-27","49.00","AUD","1759828636","66155/2025-10-27/1759828636.json"
"515320","135490","2025-10-29","49.00","AUD","1759828636","66155/2025-10-29/1759828636.json"
"515320","135490","2025-10-28","49.00","AUD","1759828636","66155/2025-10-28/1759828636.json"
"515320","135490","2025-10-30","49.00","AUD","1759828636","66155/2025-10-30/1759828636.json"
"515320","135490","2025-11-03","49.00","AUD","1759828636","66155/2025-11-03/1759828636.json"
"515320","135490","2025-11-02","49.00","AUD","1759828636","66155/2025-11-02/1759828636.json"
"515320","135490","2025-11-04","49.00","AUD","1759828636","66155/2025-11-04/1759828636.json"
"515320","135490","2025-11-05","49.00","AUD","1759828636","66155/2025-11-05/1759828636.json"
"515320","135490","2025-11-06","49.00","AUD","1759828636","66155/2025-11-06/1759828636.json"
"515320","135490","2025-11-09","49.00","AUD","1759828636","66155/2025-11-09/1759828636.json"
"515320","135490","2025-11-10","49.00","AUD","1759828636","66155/2025-11-10/1759828636.json"
"515320","135490","2025-11-11","49.00","AUD","1759828636","66155/2025-11-11/1759828636.json"
"515320","135490","2025-11-12","49.00","AUD","1759828636","66155/2025-11-12/1759828636.json"
"515320","135490","2025-11-13","49.00","AUD","1759828636","66155/2025-11-13/1759828636.json"
"515320","135490","2025-11-14","49.00","AUD","1759828636","66155/2025-11-14/1759828636.json"
"515320","135490","2025-11-15","49.00","AUD","1759828636","66155/2025-11-15/1759828636.json"
"515320","135490","2025-11-16","49.00","AUD","1759828636","66155/2025-11-16/1759828636.json"
"515320","135490","2025-11-17","49.00","AUD","1759828636","66155/2025-11-17/1759828636.json"
"515320","135490","2025-11-18","49.00","AUD","1759828636","66155/2025-11-18/1759828636.json"
"515320","135490","2025-11-19","49.00","AUD","1759828636","66155/2025-11-19/1759828636.json"
"515320","135490","2025-11-20","49.00","AUD","1759828636","66155/2025-11-20/1759828636.json"
"515320","135490","2025-11-22","49.00","AUD","1759828636","66155/2025-11-22/1759828636.json"
"515320","135490","2025-11-21","49.00","AUD","1759828636","66155/2025-11-21/1759828636.json"
"515320","135490","2025-11-23","49.00","AUD","1759828636","66155/2025-11-23/1759828636.json"
"515320","135490","2025-11-24","49.00","AUD","1759828636","66155/2025-11-24/1759828636.json"
"515320","135490","2025-11-25","49.00","AUD","1759828636","66155/2025-11-25/1759828636.json"
"515320","135490","2025-11-26","49.00","AUD","1759828636","66155/2025-11-26/1759828636.json"
"515320","135490","2025-11-27","49.00","AUD","1759828636","66155/2025-11-27/1759828636.json"
"515320","135490","2025-11-28","49.00","AUD","1759828636","66155/2025-11-28/1759828636.json"
"515320","135490","2025-11-29","49.00","AUD","1759828636","66155/2025-11-29/1759828636.json"
"515320","135490","2025-12-02","49.00","AUD","1759828636","66155/2025-12-02/1759828636.json"
"515320","135490","2025-12-05","49.00","AUD","1759828636","66155/2025-12-05/1759828636.json"
"515320","135490","2025-12-06","49.00","AUD","1759828636","66155/2025-12-06/1759828636.json"
"515320","135490","2025-10-08","49.00","AUD","1759846081","66155/2025-10-08/1759846081.json"
"515320","135490","2025-10-10","49.00","AUD","1759846081","66155/2025-10-10/1759846081.json"
"515320","135490","2025-10-09","49.00","AUD","1759846081","66155/2025-10-09/1759846081.json"
"515320","135490","2025-10-11","49.00","AUD","1759846081","66155/2025-10-11/1759846081.json"
"515320","135490","2025-10-12","49.00","AUD","1759846081","66155/2025-10-12/1759846081.json"
"515320","135490","2025-10-13","49.00","AUD","1759846081","66155/2025-10-13/1759846081.json"
"515320","135490","2025-10-14","49.00","AUD","1759846081","66155/2025-10-14/1759846081.json"
"515320","135490","2025-10-15","49.00","AUD","1759846081","66155/2025-10-15/1759846081.json"
"515320","135490","2025-10-16","49.00","AUD","1759846081","66155/2025-10-16/1759846081.json"
"515320","135490","2025-10-18","49.00","AUD","1759846081","66155/2025-10-18/1759846081.json"
"515320","135490","2025-10-17","49.00","AUD","1759846081","66155/2025-10-17/1759846081.json"
"515320","135490","2025-10-19","49.00","AUD","1759846081","66155/2025-10-19/1759846081.json"
"515320","135490","2025-10-20","49.00","AUD","1759846081","66155/2025-10-20/1759846081.json"
"515320","135490","2025-10-21","49.00","AUD","1759846081","66155/2025-10-21/1759846081.json"
"515320","135490","2025-10-22","49.00","AUD","1759846081","66155/2025-10-22/1759846081.json"
"515320","135490","2025-10-24","49.00","AUD","1759846081","66155/2025-10-24/1759846081.json"
"515320","135490","2025-10-25","49.00","AUD","1759846081","66155/2025-10-25/1759846081.json"
"515320","135490","2025-10-23","49.00","AUD","1759846081","66155/2025-10-23/1759846081.json"
"515320","135490","2025-10-26","49.00","AUD","1759846081","66155/2025-10-26/1759846081.json"
"515320","135490","2025-10-27","49.00","AUD","1759846081","66155/2025-10-27/1759846081.json"
"515320","135490","2025-10-29","49.00","AUD","1759846081","66155/2025-10-29/1759846081.json"
"515320","135490","2025-10-28","49.00","AUD","1759846081","66155/2025-10-28/1759846081.json"
"515320","135490","2025-10-30","49.00","AUD","1759846081","66155/2025-10-30/1759846081.json"
"515320","135490","2025-11-02","49.00","AUD","1759846081","66155/2025-11-02/1759846081.json"
"515320","135490","2025-11-03","49.00","AUD","1759846081","66155/2025-11-03/1759846081.json"
"515320","135490","2025-11-04","49.00","AUD","1759846081","66155/2025-11-04/1759846081.json"
"515320","135490","2025-11-05","49.00","AUD","1759846081","66155/2025-11-05/1759846081.json"
"515320","135490","2025-11-06","49.00","AUD","1759846081","66155/2025-11-06/1759846081.json"
"515320","135490","2025-11-10","49.00","AUD","1759846081","66155/2025-11-10/1759846081.json"
"515320","135490","2025-11-09","49.00","AUD","1759846081","66155/2025-11-09/1759846081.json"
"515320","135490","2025-11-11","49.00","AUD","1759846081","66155/2025-11-11/1759846081.json"
"515320","135490","2025-11-12","49.00","AUD","1759846081","66155/2025-11-12/1759846081.json"
"515320","135490","2025-11-13","49.00","AUD","1759846081","66155/2025-11-13/1759846081.json"
"515320","135490","2025-11-15","49.00","AUD","1759846081","66155/2025-11-15/1759846081.json"
"515320","135490","2025-11-14","49.00","AUD","1759846081","66155/2025-11-14/1759846081.json"
"515320","135490","2025-11-16","49.00","AUD","1759846081","66155/2025-11-16/1759846081.json"
"515320","135490","2025-11-17","49.00","AUD","1759846081","66155/2025-11-17/1759846081.json"
"515320","135490","2025-11-19","49.00","AUD","1759846081","66155/2025-11-19/1759846081.json"
"515320","135490","2025-11-18","49.00","AUD","1759846081","66155/2025-11-18/1759846081.json"
"515320","135490","2025-11-20","49.00","AUD","1759846081","66155/2025-11-20/1759846081.json"
"515320","135490","2025-11-21","49.00","AUD","1759846081","66155/2025-11-21/1759846081.json"
"515320","135490","2025-11-22","49.00","AUD","1759846081","66155/2025-11-22/1759846081.json"
"515320","135490","2025-11-23","49.00","AUD","1759846081","66155/2025-11-23/1759846081.json"
"515320","135490","2025-11-24","49.00","AUD","1759846081","66155/2025-11-24/1759846081.json"
"515320","135490","2025-11-25","49.00","AUD","1759846081","66155/2025-11-25/1759846081.json"
"515320","135490","2025-11-26","49.00","AUD","1759846081","66155/2025-11-26/1759846081.json"
"515320","135490","2025-11-27","49.00","AUD","1759846081","66155/2025-11-27/1759846081.json"
"515320","135490","2025-11-28","49.00","AUD","1759846081","66155/2025-11-28/1759846081.json"
"515320","135490","2025-12-02","49.00","AUD","1759846081","66155/2025-12-02/1759846081.json"
"515320","135490","2025-11-29","49.00","AUD","1759846081","66155/2025-11-29/1759846081.json"
"515320","135490","2025-12-05","49.00","AUD","1759846081","66155/2025-12-05/1759846081.json"
"515320","135490","2025-12-06","49.00","AUD","1759846081","66155/2025-12-06/1759846081.json"
"515320","135490","2025-10-08","49.00","AUD","1759857209","66155/2025-10-08/1759857209.json"
"515320","135490","2025-10-10","49.00","AUD","1759857209","66155/2025-10-10/1759857209.json"
"515320","135490","2025-10-09","49.00","AUD","1759857209","66155/2025-10-09/1759857209.json"
"515320","135490","2025-10-11","49.00","AUD","1759857209","66155/2025-10-11/1759857209.json"
"515320","135490","2025-10-12","49.00","AUD","1759857209","66155/2025-10-12/1759857209.json"
"515320","135490","2025-10-13","49.00","AUD","1759857209","66155/2025-10-13/1759857209.json"
"515320","135490","2025-10-14","49.00","AUD","1759857209","66155/2025-10-14/1759857209.json"
"515320","135490","2025-10-15","49.00","AUD","1759857209","66155/2025-10-15/1759857209.json"
"515320","135490","2025-10-16","49.00","AUD","1759857209","66155/2025-10-16/1759857209.json"
"515320","135490","2025-10-18","49.00","AUD","1759857209","66155/2025-10-18/1759857209.json"
"515320","135490","2025-10-19","49.00","AUD","1759857209","66155/2025-10-19/1759857209.json"
"515320","135490","2025-10-20","49.00","AUD","1759857209","66155/2025-10-20/1759857209.json"
"515320","135490","2025-10-17","49.00","AUD","1759857209","66155/2025-10-17/1759857209.json"
"515320","135490","2025-10-21","49.00","AUD","1759857209","66155/2025-10-21/1759857209.json"
"515320","135490","2025-10-22","49.00","AUD","1759857209","66155/2025-10-22/1759857209.json"
"515320","135490","2025-10-23","49.00","AUD","1759857209","66155/2025-10-23/1759857209.json"
"515320","135490","2025-10-24","49.00","AUD","1759857209","66155/2025-10-24/1759857209.json"
"515320","135490","2025-10-25","49.00","AUD","1759857209","66155/2025-10-25/1759857209.json"
"515320","135490","2025-10-26","49.00","AUD","1759857209","66155/2025-10-26/1759857209.json"
"515320","135490","2025-10-27","49.00","AUD","1759857209","66155/2025-10-27/1759857209.json"
"515320","135490","2025-10-28","49.00","AUD","1759857209","66155/2025-10-28/1759857209.json"
"515320","135490","2025-10-29","49.00","AUD","1759857209","66155/2025-10-29/1759857209.json"
"515320","135490","2025-10-30","49.00","AUD","1759857209","66155/2025-10-30/1759857209.json"
"515320","135490","2025-11-02","49.00","AUD","1759857209","66155/2025-11-02/1759857209.json"
"515320","135490","2025-11-03","49.00","AUD","1759857209","66155/2025-11-03/1759857209.json"
"515320","135490","2025-11-04","49.00","AUD","1759857209","66155/2025-11-04/1759857209.json"
"515320","135490","2025-11-05","49.00","AUD","1759857209","66155/2025-11-05/1759857209.json"
"515320","135490","2025-11-06","49.00","AUD","1759857209","66155/2025-11-06/1759857209.json"
"515320","135490","2025-11-09","49.00","AUD","1759857209","66155/2025-11-09/1759857209.json"
"515320","135490","2025-11-10","49.00","AUD","1759857209","66155/2025-11-10/1759857209.json"
"515320","135490","2025-11-11","49.00","AUD","1759857209","66155/2025-11-11/1759857209.json"
"515320","135490","2025-11-13","49.00","AUD","1759857209","66155/2025-11-13/1759857209.json"
"515320","135490","2025-11-12","49.00","AUD","1759857209","66155/2025-11-12/1759857209.json"
"515320","135490","2025-11-14","49.00","AUD","1759857209","66155/2025-11-14/1759857209.json"
"515320","135490","2025-11-15","49.00","AUD","1759857209","66155/2025-11-15/1759857209.json"
"515320","135490","2025-11-16","49.00","AUD","1759857209","66155/2025-11-16/1759857209.json"
"515320","135490","2025-11-17","49.00","AUD","1759857209","66155/2025-11-17/1759857209.json"
"515320","135490","2025-11-21","49.00","AUD","1759857209","66155/2025-11-21/1759857209.json"
"515320","135490","2025-11-19","49.00","AUD","1759857209","66155/2025-11-19/1759857209.json"
"515320","135490","2025-11-18","49.00","AUD","1759857209","66155/2025-11-18/1759857209.json"
"515320","135490","2025-11-22","49.00","AUD","1759857209","66155/2025-11-22/1759857209.json"
"515320","135490","2025-11-23","49.00","AUD","1759857209","66155/2025-11-23/1759857209.json"
"515320","135490","2025-11-24","49.00","AUD","1759857209","66155/2025-11-24/1759857209.json"
"515320","135490","2025-11-25","49.00","AUD","1759857209","66155/2025-11-25/1759857209.json"
"515320","135490","2025-11-26","49.00","AUD","1759857209","66155/2025-11-26/1759857209.json"
"515320","135490","2025-11-27","49.00","AUD","1759857209","66155/2025-11-27/1759857209.json"
"515320","135490","2025-11-28","49.00","AUD","1759857209","66155/2025-11-28/1759857209.json"
"515320","135490","2025-11-29","49.00","AUD","1759857209","66155/2025-11-29/1759857209.json"
"515320","135490","2025-12-02","49.00","AUD","1759857209","66155/2025-12-02/1759857209.json"
"515320","135490","2025-12-05","49.00","AUD","1759857209","66155/2025-12-05/1759857209.json"
"515320","135490","2025-12-06","49.00","AUD","1759857209","66155/2025-12-06/1759857209.json"
"515320","135490","2025-11-20","49.00","AUD","1759857209","66155/2025-11-20/1759857209.json"
"515320","135490","2025-10-10","49.00","AUD","1759870971","66155/2025-10-10/1759870971.json"
"515320","135490","2025-10-08","49.00","AUD","1759870971","66155/2025-10-08/1759870971.json"
"515320","135490","2025-10-11","49.00","AUD","1759870971","66155/2025-10-11/1759870971.json"
"515320","135490","2025-10-09","49.00","AUD","1759870971","66155/2025-10-09/1759870971.json"
"515320","135490","2025-10-13","49.00","AUD","1759870971","66155/2025-10-13/1759870971.json"
"515320","135490","2025-10-12","49.00","AUD","1759870971","66155/2025-10-12/1759870971.json"
"515320","135490","2025-10-14","49.00","AUD","1759870971","66155/2025-10-14/1759870971.json"
"515320","135490","2025-10-15","49.00","AUD","1759870971","66155/2025-10-15/1759870971.json"
"515320","135490","2025-10-17","49.00","AUD","1759870971","66155/2025-10-17/1759870971.json"
"515320","135490","2025-10-19","49.00","AUD","1759870971","66155/2025-10-19/1759870971.json"
"515320","135490","2025-10-18","49.00","AUD","1759870971","66155/2025-10-18/1759870971.json"
"515320","135490","2025-10-20","49.00","AUD","1759870971","66155/2025-10-20/1759870971.json"
"515320","135490","2025-10-16","49.00","AUD","1759870971","66155/2025-10-16/1759870971.json"
"515320","135490","2025-10-22","49.00","AUD","1759870971","66155/2025-10-22/1759870971.json"
"515320","135490","2025-10-21","49.00","AUD","1759870971","66155/2025-10-21/1759870971.json"
"515320","135490","2025-10-23","49.00","AUD","1759870971","66155/2025-10-23/1759870971.json"
"515320","135490","2025-10-24","49.00","AUD","1759870971","66155/2025-10-24/1759870971.json"
"515320","135490","2025-10-26","49.00","AUD","1759870971","66155/2025-10-26/1759870971.json"
"515320","135490","2025-10-25","49.00","AUD","1759870971","66155/2025-10-25/1759870971.json"
"515320","135490","2025-10-28","49.00","AUD","1759870971","66155/2025-10-28/1759870971.json"
"515320","135490","2025-10-27","49.00","AUD","1759870971","66155/2025-10-27/1759870971.json"
"515320","135490","2025-10-29","49.00","AUD","1759870971","66155/2025-10-29/1759870971.json"
"515320","135490","2025-10-30","49.00","AUD","1759870971","66155/2025-10-30/1759870971.json"
"515320","135490","2025-11-02","49.00","AUD","1759870971","66155/2025-11-02/1759870971.json"
"515320","135490","2025-11-03","49.00","AUD","1759870971","66155/2025-11-03/1759870971.json"
"515320","135490","2025-11-05","49.00","AUD","1759870971","66155/2025-11-05/1759870971.json"
"515320","135490","2025-11-04","49.00","AUD","1759870971","66155/2025-11-04/1759870971.json"
"515320","135490","2025-11-06","49.00","AUD","1759870971","66155/2025-11-06/1759870971.json"
"515320","135490","2025-11-09","49.00","AUD","1759870971","66155/2025-11-09/1759870971.json"
"515320","135490","2025-11-11","49.00","AUD","1759870971","66155/2025-11-11/1759870971.json"
"515320","135490","2025-11-10","49.00","AUD","1759870971","66155/2025-11-10/1759870971.json"
"515320","135490","2025-11-12","49.00","AUD","1759870971","66155/2025-11-12/1759870971.json"
"515320","135490","2025-11-14","49.00","AUD","1759870971","66155/2025-11-14/1759870971.json"
"515320","135490","2025-11-13","49.00","AUD","1759870971","66155/2025-11-13/1759870971.json"
"515320","135490","2025-11-15","49.00","AUD","1759870971","66155/2025-11-15/1759870971.json"
"515320","135490","2025-11-16","49.00","AUD","1759870971","66155/2025-11-16/1759870971.json"
"515320","135490","2025-11-17","49.00","AUD","1759870971","66155/2025-11-17/1759870971.json"
"515320","135490","2025-11-19","49.00","AUD","1759870971","66155/2025-11-19/1759870971.json"
"515320","135490","2025-11-18","49.00","AUD","1759870971","66155/2025-11-18/1759870971.json"
"515320","135490","2025-11-20","49.00","AUD","1759870971","66155/2025-11-20/1759870971.json"
"515320","135490","2025-11-21","49.00","AUD","1759870971","66155/2025-11-21/1759870971.json"
"515320","135490","2025-11-22","49.00","AUD","1759870971","66155/2025-11-22/1759870971.json"
"515320","135490","2025-11-23","49.00","AUD","1759870971","66155/2025-11-23/1759870971.json"
"515320","135490","2025-11-24","49.00","AUD","1759870971","66155/2025-11-24/1759870971.json"
"515320","135490","2025-11-25","49.00","AUD","1759870971","66155/2025-11-25/1759870971.json"
"515320","135490","2025-11-26","49.00","AUD","1759870971","66155/2025-11-26/1759870971.json"
"515320","135490","2025-11-27","49.00","AUD","1759870971","66155/2025-11-27/1759870971.json"
"515320","135490","2025-11-28","49.00","AUD","1759870971","66155/2025-11-28/1759870971.json"
"515320","135490","2025-11-29","49.00","AUD","1759870971","66155/2025-11-29/1759870971.json"
"515320","135490","2025-12-02","49.00","AUD","1759870971","66155/2025-12-02/1759870971.json"
"515320","135490","2025-12-05","49.00","AUD","1759870971","66155/2025-12-05/1759870971.json"
"515320","135490","2025-12-06","49.00","AUD","1759870971","66155/2025-12-06/1759870971.json"
"515320","135490","2025-10-10","49.00","AUD","1759894329","66155/2025-10-10/1759894329.json"
"515320","135490","2025-10-09","49.00","AUD","1759894329","66155/2025-10-09/1759894329.json"
"515320","135490","2025-10-08","49.00","AUD","1759894329","66155/2025-10-08/1759894329.json"
"515320","135490","2025-10-11","49.00","AUD","1759894329","66155/2025-10-11/1759894329.json"
"515320","135490","2025-10-13","49.00","AUD","1759894329","66155/2025-10-13/1759894329.json"
"515320","135490","2025-10-12","49.00","AUD","1759894329","66155/2025-10-12/1759894329.json"
"515320","135490","2025-10-14","49.00","AUD","1759894329","66155/2025-10-14/1759894329.json"
"515320","135490","2025-10-15","49.00","AUD","1759894329","66155/2025-10-15/1759894329.json"
"515320","135490","2025-10-17","49.00","AUD","1759894329","66155/2025-10-17/1759894329.json"
"515320","135490","2025-10-16","49.00","AUD","1759894329","66155/2025-10-16/1759894329.json"
"515320","135490","2025-10-18","49.00","AUD","1759894329","66155/2025-10-18/1759894329.json"
"515320","135490","2025-10-19","49.00","AUD","1759894329","66155/2025-10-19/1759894329.json"
"515320","135490","2025-10-20","49.00","AUD","1759894329","66155/2025-10-20/1759894329.json"
"515320","135490","2025-10-22","49.00","AUD","1759894329","66155/2025-10-22/1759894329.json"
"515320","135490","2025-10-21","49.00","AUD","1759894329","66155/2025-10-21/1759894329.json"
"515320","135490","2025-10-23","49.00","AUD","1759894329","66155/2025-10-23/1759894329.json"
"515320","135490","2025-10-24","49.00","AUD","1759894329","66155/2025-10-24/1759894329.json"
"515320","135490","2025-10-25","49.00","AUD","1759894329","66155/2025-10-25/1759894329.json"
"515320","135490","2025-10-26","49.00","AUD","1759894329","66155/2025-10-26/1759894329.json"
"515320","135490","2025-10-27","49.00","AUD","1759894329","66155/2025-10-27/1759894329.json"
"515320","135490","2025-10-28","49.00","AUD","1759894329","66155/2025-10-28/1759894329.json"
"515320","135490","2025-10-29","49.00","AUD","1759894329","66155/2025-10-29/1759894329.json"
"515320","135490","2025-10-30","49.00","AUD","1759894329","66155/2025-10-30/1759894329.json"
"515320","135490","2025-11-02","49.00","AUD","1759894329","66155/2025-11-02/1759894329.json"
"515320","135490","2025-11-04","49.00","AUD","1759894329","66155/2025-11-04/1759894329.json"
"515320","135490","2025-11-05","49.00","AUD","1759894329","66155/2025-11-05/1759894329.json"
"515320","135490","2025-11-06","49.00","AUD","1759894329","66155/2025-11-06/1759894329.json"
"515320","135490","2025-11-03","49.00","AUD","1759894329","66155/2025-11-03/1759894329.json"
"515320","135490","2025-11-09","49.00","AUD","1759894329","66155/2025-11-09/1759894329.json"
"515320","135490","2025-11-10","49.00","AUD","1759894329","66155/2025-11-10/1759894329.json"
"515320","135490","2025-11-11","49.00","AUD","1759894329","66155/2025-11-11/1759894329.json"
"515320","135490","2025-11-12","49.00","AUD","1759894329","66155/2025-11-12/1759894329.json"
"515320","135490","2025-11-13","49.00","AUD","1759894329","66155/2025-11-13/1759894329.json"
"515320","135490","2025-11-15","49.00","AUD","1759894329","66155/2025-11-15/1759894329.json"
"515320","135490","2025-11-14","49.00","AUD","1759894329","66155/2025-11-14/1759894329.json"
"515320","135490","2025-11-16","49.00","AUD","1759894329","66155/2025-11-16/1759894329.json"
"515320","135490","2025-11-19","49.00","AUD","1759894329","66155/2025-11-19/1759894329.json"
"515320","135490","2025-11-17","49.00","AUD","1759894329","66155/2025-11-17/1759894329.json"
"515320","135490","2025-11-18","49.00","AUD","1759894329","66155/2025-11-18/1759894329.json"
"515320","135490","2025-11-20","49.00","AUD","1759894329","66155/2025-11-20/1759894329.json"
"515320","135490","2025-11-21","49.00","AUD","1759894329","66155/2025-11-21/1759894329.json"
"515320","135490","2025-11-23","49.00","AUD","1759894329","66155/2025-11-23/1759894329.json"
"515320","135490","2025-11-22","49.00","AUD","1759894329","66155/2025-11-22/1759894329.json"
"515320","135490","2025-11-24","49.00","AUD","1759894329","66155/2025-11-24/1759894329.json"
"515320","135490","2025-11-26","49.00","AUD","1759894329","66155/2025-11-26/1759894329.json"
"515320","135490","2025-11-25","49.00","AUD","1759894329","66155/2025-11-25/1759894329.json"
"515320","135490","2025-11-27","49.00","AUD","1759894329","66155/2025-11-27/1759894329.json"
"515320","135490","2025-11-28","49.00","AUD","1759894329","66155/2025-11-28/1759894329.json"
"515320","135490","2025-11-29","49.00","AUD","1759894329","66155/2025-11-29/1759894329.json"
"515320","135490","2025-12-02","49.00","AUD","1759894329","66155/2025-12-02/1759894329.json"
"515320","135490","2025-12-05","49.00","AUD","1759894329","66155/2025-12-05/1759894329.json"
"515320","135490","2025-12-06","49.00","AUD","1759894329","66155/2025-12-06/1759894329.json"
"515320","135490","2025-10-11","49.00","AUD","1759900323","66155/2025-10-11/1759900323.json"
"515320","135490","2025-10-10","49.00","AUD","1759900323","66155/2025-10-10/1759900323.json"
"515320","135490","2025-10-09","49.00","AUD","1759900323","66155/2025-10-09/1759900323.json"
"515320","135490","2025-10-08","49.00","AUD","1759900323","66155/2025-10-08/1759900323.json"
"515320","135490","2025-10-13","49.00","AUD","1759900323","66155/2025-10-13/1759900323.json"
"515320","135490","2025-10-15","49.00","AUD","1759900323","66155/2025-10-15/1759900323.json"
"515320","135490","2025-10-14","49.00","AUD","1759900323","66155/2025-10-14/1759900323.json"
"515320","135490","2025-10-12","49.00","AUD","1759900323","66155/2025-10-12/1759900323.json"
"515320","135490","2025-10-17","49.00","AUD","1759900323","66155/2025-10-17/1759900323.json"
"515320","135490","2025-10-18","49.00","AUD","1759900323","66155/2025-10-18/1759900323.json"
"515320","135490","2025-10-16","49.00","AUD","1759900323","66155/2025-10-16/1759900323.json"
"515320","135490","2025-10-19","49.00","AUD","1759900323","66155/2025-10-19/1759900323.json"
"515320","135490","2025-10-22","49.00","AUD","1759900323","66155/2025-10-22/1759900323.json"
"515320","135490","2025-10-21","49.00","AUD","1759900323","66155/2025-10-21/1759900323.json"
"515320","135490","2025-10-20","49.00","AUD","1759900323","66155/2025-10-20/1759900323.json"
"515320","135490","2025-10-23","49.00","AUD","1759900323","66155/2025-10-23/1759900323.json"
"515320","135490","2025-10-24","49.00","AUD","1759900323","66155/2025-10-24/1759900323.json"
"515320","135490","2025-10-25","49.00","AUD","1759900323","66155/2025-10-25/1759900323.json"
"515320","135490","2025-10-26","49.00","AUD","1759900323","66155/2025-10-26/1759900323.json"
"515320","135490","2025-10-27","49.00","AUD","1759900323","66155/2025-10-27/1759900323.json"
"515320","135490","2025-10-28","49.00","AUD","1759900323","66155/2025-10-28/1759900323.json"
"515320","135490","2025-10-29","49.00","AUD","1759900323","66155/2025-10-29/1759900323.json"
"515320","135490","2025-10-30","49.00","AUD","1759900323","66155/2025-10-30/1759900323.json"
"515320","135490","2025-11-02","49.00","AUD","1759900323","66155/2025-11-02/1759900323.json"
"515320","135490","2025-11-03","49.00","AUD","1759900323","66155/2025-11-03/1759900323.json"
"515320","135490","2025-11-04","49.00","AUD","1759900323","66155/2025-11-04/1759900323.json"
"515320","135490","2025-11-05","49.00","AUD","1759900323","66155/2025-11-05/1759900323.json"
"515320","135490","2025-11-06","49.00","AUD","1759900323","66155/2025-11-06/1759900323.json"
"515320","135490","2025-11-09","49.00","AUD","1759900323","66155/2025-11-09/1759900323.json"
"515320","135490","2025-11-10","49.00","AUD","1759900323","66155/2025-11-10/1759900323.json"
"515320","135490","2025-11-12","49.00","AUD","1759900323","66155/2025-11-12/1759900323.json"
"515320","135490","2025-11-11","49.00","AUD","1759900323","66155/2025-11-11/1759900323.json"
"515320","135490","2025-11-13","49.00","AUD","1759900323","66155/2025-11-13/1759900323.json"
"515320","135490","2025-11-14","49.00","AUD","1759900323","66155/2025-11-14/1759900323.json"
"515320","135490","2025-11-15","49.00","AUD","1759900323","66155/2025-11-15/1759900323.json"
"515320","135490","2025-11-16","49.00","AUD","1759900323","66155/2025-11-16/1759900323.json"
"515320","135490","2025-11-17","49.00","AUD","1759900323","66155/2025-11-17/1759900323.json"
"515320","135490","2025-11-18","49.00","AUD","1759900323","66155/2025-11-18/1759900323.json"
"515320","135490","2025-11-19","49.00","AUD","1759900323","66155/2025-11-19/1759900323.json"
"515320","135490","2025-11-20","49.00","AUD","1759900323","66155/2025-11-20/1759900323.json"
"515320","135490","2025-11-21","49.00","AUD","1759900323","66155/2025-11-21/1759900323.json"
"515320","135490","2025-11-22","49.00","AUD","1759900323","66155/2025-11-22/1759900323.json"
"515320","135490","2025-11-23","49.00","AUD","1759900323","66155/2025-11-23/1759900323.json"
"515320","135490","2025-11-24","49.00","AUD","1759900323","66155/2025-11-24/1759900323.json"
"515320","135490","2025-11-25","49.00","AUD","1759900323","66155/2025-11-25/1759900323.json"
"515320","135490","2025-11-27","49.00","AUD","1759900323","66155/2025-11-27/1759900323.json"
"515320","135490","2025-11-28","49.00","AUD","1759900323","66155/2025-11-28/1759900323.json"
"515320","135490","2025-11-29","49.00","AUD","1759900323","66155/2025-11-29/1759900323.json"
"515320","135490","2025-12-02","49.00","AUD","1759900323","66155/2025-12-02/1759900323.json"
"515320","135490","2025-12-05","49.00","AUD","1759900323","66155/2025-12-05/1759900323.json"
"515320","135490","2025-12-06","49.00","AUD","1759900323","66155/2025-12-06/1759900323.json"
"515320","135490","2025-11-26","49.00","AUD","1759900323","66155/2025-11-26/1759900323.json"
"515320","135490","2025-10-09","49.00","AUD","1759915189","66155/2025-10-09/1759915189.json"
"515320","135490","2025-10-11","49.00","AUD","1759915189","66155/2025-10-11/1759915189.json"
"515320","135490","2025-10-08","49.00","AUD","1759915189","66155/2025-10-08/1759915189.json"
"515320","135490","2025-10-10","49.00","AUD","1759915189","66155/2025-10-10/1759915189.json"
"515320","135490","2025-10-15","49.00","AUD","1759915189","66155/2025-10-15/1759915189.json"
"515320","135490","2025-10-14","49.00","AUD","1759915189","66155/2025-10-14/1759915189.json"
"515320","135490","2025-10-12","49.00","AUD","1759915189","66155/2025-10-12/1759915189.json"
"515320","135490","2025-10-13","49.00","AUD","1759915189","66155/2025-10-13/1759915189.json"
"515320","135490","2025-10-16","49.00","AUD","1759915189","66155/2025-10-16/1759915189.json"
"515320","135490","2025-10-17","49.00","AUD","1759915189","66155/2025-10-17/1759915189.json"
"515320","135490","2025-10-19","49.00","AUD","1759915189","66155/2025-10-19/1759915189.json"
"515320","135490","2025-10-18","49.00","AUD","1759915189","66155/2025-10-18/1759915189.json"
"515320","135490","2025-10-21","49.00","AUD","1759915189","66155/2025-10-21/1759915189.json"
"515320","135490","2025-10-20","49.00","AUD","1759915189","66155/2025-10-20/1759915189.json"
"515320","135490","2025-10-22","49.00","AUD","1759915189","66155/2025-10-22/1759915189.json"
"515320","135490","2025-10-23","49.00","AUD","1759915189","66155/2025-10-23/1759915189.json"
"515320","135490","2025-10-24","49.00","AUD","1759915189","66155/2025-10-24/1759915189.json"
"515320","135490","2025-10-25","49.00","AUD","1759915189","66155/2025-10-25/1759915189.json"
"515320","135490","2025-10-26","49.00","AUD","1759915189","66155/2025-10-26/1759915189.json"
"515320","135490","2025-10-27","49.00","AUD","1759915189","66155/2025-10-27/1759915189.json"
"515320","135490","2025-10-29","49.00","AUD","1759915189","66155/2025-10-29/1759915189.json"
"515320","135490","2025-10-28","49.00","AUD","1759915189","66155/2025-10-28/1759915189.json"
"515320","135490","2025-10-30","49.00","AUD","1759915189","66155/2025-10-30/1759915189.json"
"515320","135490","2025-11-02","49.00","AUD","1759915189","66155/2025-11-02/1759915189.json"
"515320","135490","2025-11-04","49.00","AUD","1759915189","66155/2025-11-04/1759915189.json"
"515320","135490","2025-11-03","49.00","AUD","1759915189","66155/2025-11-03/1759915189.json"
"515320","135490","2025-11-06","49.00","AUD","1759915189","66155/2025-11-06/1759915189.json"
"515320","135490","2025-11-05","49.00","AUD","1759915189","66155/2025-11-05/1759915189.json"
"515320","135490","2025-11-10","49.00","AUD","1759915189","66155/2025-11-10/1759915189.json"
"515320","135490","2025-11-12","49.00","AUD","1759915189","66155/2025-11-12/1759915189.json"
"515320","135490","2025-11-09","49.00","AUD","1759915189","66155/2025-11-09/1759915189.json"
"515320","135490","2025-11-11","49.00","AUD","1759915189","66155/2025-11-11/1759915189.json"
"515320","135490","2025-11-14","49.00","AUD","1759915189","66155/2025-11-14/1759915189.json"
"515320","135490","2025-11-13","49.00","AUD","1759915189","66155/2025-11-13/1759915189.json"
"515320","135490","2025-11-15","49.00","AUD","1759915189","66155/2025-11-15/1759915189.json"
"515320","135490","2025-11-16","49.00","AUD","1759915189","66155/2025-11-16/1759915189.json"
"515320","135490","2025-11-17","49.00","AUD","1759915189","66155/2025-11-17/1759915189.json"
"515320","135490","2025-11-18","49.00","AUD","1759915189","66155/2025-11-18/1759915189.json"
"515320","135490","2025-11-19","49.00","AUD","1759915189","66155/2025-11-19/1759915189.json"
"515320","135490","2025-11-20","49.00","AUD","1759915189","66155/2025-11-20/1759915189.json"
"515320","135490","2025-11-22","49.00","AUD","1759915189","66155/2025-11-22/1759915189.json"
"515320","135490","2025-11-24","49.00","AUD","1759915189","66155/2025-11-24/1759915189.json"
"515320","135490","2025-11-23","49.00","AUD","1759915189","66155/2025-11-23/1759915189.json"
"515320","135490","2025-11-21","49.00","AUD","1759915189","66155/2025-11-21/1759915189.json"
"515320","135490","2025-11-27","49.00","AUD","1759915189","66155/2025-11-27/1759915189.json"
"515320","135490","2025-11-26","49.00","AUD","1759915189","66155/2025-11-26/1759915189.json"
"515320","135490","2025-11-25","49.00","AUD","1759915189","66155/2025-11-25/1759915189.json"
"515320","135490","2025-11-28","49.00","AUD","1759915189","66155/2025-11-28/1759915189.json"
"515320","135490","2025-11-29","49.00","AUD","1759915189","66155/2025-11-29/1759915189.json"
"515320","135490","2025-12-02","49.00","AUD","1759915189","66155/2025-12-02/1759915189.json"
"515320","135490","2025-12-05","49.00","AUD","1759915189","66155/2025-12-05/1759915189.json"
"515320","135490","2025-12-06","49.00","AUD","1759915189","66155/2025-12-06/1759915189.json"
"515320","135490","2025-10-11","49.00","AUD","1759932643","66155/2025-10-11/1759932643.json"
"515320","135490","2025-10-10","49.00","AUD","1759932643","66155/2025-10-10/1759932643.json"
"515320","135490","2025-10-09","49.00","AUD","1759932643","66155/2025-10-09/1759932643.json"
"515320","135490","2025-10-12","49.00","AUD","1759932643","66155/2025-10-12/1759932643.json"
"515320","135490","2025-10-14","49.00","AUD","1759932643","66155/2025-10-14/1759932643.json"
"515320","135490","2025-10-13","49.00","AUD","1759932643","66155/2025-10-13/1759932643.json"
"515320","135490","2025-10-16","49.00","AUD","1759932643","66155/2025-10-16/1759932643.json"
"515320","135490","2025-10-15","49.00","AUD","1759932643","66155/2025-10-15/1759932643.json"
"515320","135490","2025-10-17","49.00","AUD","1759932643","66155/2025-10-17/1759932643.json"
"515320","135490","2025-10-18","49.00","AUD","1759932643","66155/2025-10-18/1759932643.json"
"515320","135490","2025-10-19","49.00","AUD","1759932643","66155/2025-10-19/1759932643.json"
"515320","135490","2025-10-20","49.00","AUD","1759932643","66155/2025-10-20/1759932643.json"
"515320","135490","2025-10-21","49.00","AUD","1759932643","66155/2025-10-21/1759932643.json"
"515320","135490","2025-10-22","49.00","AUD","1759932643","66155/2025-10-22/1759932643.json"
"515320","135490","2025-10-23","49.00","AUD","1759932643","66155/2025-10-23/1759932643.json"
"515320","135490","2025-10-24","49.00","AUD","1759932643","66155/2025-10-24/1759932643.json"
"515320","135490","2025-10-25","49.00","AUD","1759932643","66155/2025-10-25/1759932643.json"
"515320","135490","2025-10-26","49.00","AUD","1759932643","66155/2025-10-26/1759932643.json"
"515320","135490","2025-10-27","49.00","AUD","1759932643","66155/2025-10-27/1759932643.json"
"515320","135490","2025-10-28","49.00","AUD","1759932643","66155/2025-10-28/1759932643.json"
"515320","135490","2025-10-29","49.00","AUD","1759932643","66155/2025-10-29/1759932643.json"
"515320","135490","2025-10-30","49.00","AUD","1759932643","66155/2025-10-30/1759932643.json"
"515320","135490","2025-11-02","49.00","AUD","1759932643","66155/2025-11-02/1759932643.json"
"515320","135490","2025-11-04","49.00","AUD","1759932643","66155/2025-11-04/1759932643.json"
"515320","135490","2025-11-03","49.00","AUD","1759932643","66155/2025-11-03/1759932643.json"
"515320","135490","2025-11-05","49.00","AUD","1759932643","66155/2025-11-05/1759932643.json"
"515320","135490","2025-11-06","49.00","AUD","1759932643","66155/2025-11-06/1759932643.json"
"515320","135490","2025-11-09","49.00","AUD","1759932643","66155/2025-11-09/1759932643.json"
"515320","135490","2025-11-10","49.00","AUD","1759932643","66155/2025-11-10/1759932643.json"
"515320","135490","2025-11-11","49.00","AUD","1759932643","66155/2025-11-11/1759932643.json"
"515320","135490","2025-11-12","49.00","AUD","1759932643","66155/2025-11-12/1759932643.json"
"515320","135490","2025-11-13","49.00","AUD","1759932643","66155/2025-11-13/1759932643.json"
"515320","135490","2025-11-14","49.00","AUD","1759932643","66155/2025-11-14/1759932643.json"
"515320","135490","2025-11-15","49.00","AUD","1759932643","66155/2025-11-15/1759932643.json"
"515320","135490","2025-11-16","49.00","AUD","1759932643","66155/2025-11-16/1759932643.json"
"515320","135490","2025-11-17","49.00","AUD","1759932643","66155/2025-11-17/1759932643.json"
"515320","135490","2025-11-18","49.00","AUD","1759932643","66155/2025-11-18/1759932643.json"
"515320","135490","2025-11-20","49.00","AUD","1759932643","66155/2025-11-20/1759932643.json"
"515320","135490","2025-11-19","49.00","AUD","1759932643","66155/2025-11-19/1759932643.json"
"515320","135490","2025-11-21","49.00","AUD","1759932643","66155/2025-11-21/1759932643.json"
"515320","135490","2025-11-22","49.00","AUD","1759932643","66155/2025-11-22/1759932643.json"
"515320","135490","2025-11-23","49.00","AUD","1759932643","66155/2025-11-23/1759932643.json"
"515320","135490","2025-11-24","49.00","AUD","1759932643","66155/2025-11-24/1759932643.json"
"515320","135490","2025-11-25","49.00","AUD","1759932643","66155/2025-11-25/1759932643.json"
"515320","135490","2025-11-27","49.00","AUD","1759932643","66155/2025-11-27/1759932643.json"
"515320","135490","2025-11-26","49.00","AUD","1759932643","66155/2025-11-26/1759932643.json"
"515320","135490","2025-11-28","49.00","AUD","1759932643","66155/2025-11-28/1759932643.json"
"515320","135490","2025-12-02","49.00","AUD","1759932643","66155/2025-12-02/1759932643.json"
"515320","135490","2025-11-29","49.00","AUD","1759932643","66155/2025-11-29/1759932643.json"
"515320","135490","2025-12-05","49.00","AUD","1759932643","66155/2025-12-05/1759932643.json"
"515320","135490","2025-12-06","49.00","AUD","1759932643","66155/2025-12-06/1759932643.json"
"515320","135490","2025-10-10","49.00","AUD","1759943736","66155/2025-10-10/1759943736.json"
"515320","135490","2025-10-11","49.00","AUD","1759943736","66155/2025-10-11/1759943736.json"
"515320","135490","2025-10-09","49.00","AUD","1759943736","66155/2025-10-09/1759943736.json"
"515320","135490","2025-10-12","49.00","AUD","1759943736","66155/2025-10-12/1759943736.json"
"515320","135490","2025-10-15","49.00","AUD","1759943736","66155/2025-10-15/1759943736.json"
"515320","135490","2025-10-14","49.00","AUD","1759943736","66155/2025-10-14/1759943736.json"
"515320","135490","2025-10-16","49.00","AUD","1759943736","66155/2025-10-16/1759943736.json"
"515320","135490","2025-10-13","49.00","AUD","1759943736","66155/2025-10-13/1759943736.json"
"515320","135490","2025-10-17","49.00","AUD","1759943736","66155/2025-10-17/1759943736.json"
"515320","135490","2025-10-18","49.00","AUD","1759943736","66155/2025-10-18/1759943736.json"
"515320","135490","2025-10-19","49.00","AUD","1759943736","66155/2025-10-19/1759943736.json"
"515320","135490","2025-10-22","49.00","AUD","1759943736","66155/2025-10-22/1759943736.json"
"515320","135490","2025-10-20","49.00","AUD","1759943736","66155/2025-10-20/1759943736.json"
"515320","135490","2025-10-21","49.00","AUD","1759943736","66155/2025-10-21/1759943736.json"
"515320","135490","2025-10-23","49.00","AUD","1759943736","66155/2025-10-23/1759943736.json"
"515320","135490","2025-10-24","49.00","AUD","1759943736","66155/2025-10-24/1759943736.json"
"515320","135490","2025-10-25","49.00","AUD","1759943736","66155/2025-10-25/1759943736.json"
"515320","135490","2025-10-26","49.00","AUD","1759943736","66155/2025-10-26/1759943736.json"
"515320","135490","2025-10-27","49.00","AUD","1759943736","66155/2025-10-27/1759943736.json"
"515320","135490","2025-10-28","49.00","AUD","1759943736","66155/2025-10-28/1759943736.json"
"515320","135490","2025-10-29","49.00","AUD","1759943736","66155/2025-10-29/1759943736.json"
"515320","135490","2025-10-30","49.00","AUD","1759943736","66155/2025-10-30/1759943736.json"
"515320","135490","2025-11-02","49.00","AUD","1759943736","66155/2025-11-02/1759943736.json"
"515320","135490","2025-11-04","49.00","AUD","1759943736","66155/2025-11-04/1759943736.json"
"515320","135490","2025-11-03","49.00","AUD","1759943736","66155/2025-11-03/1759943736.json"
"515320","135490","2025-11-06","49.00","AUD","1759943736","66155/2025-11-06/1759943736.json"
"515320","135490","2025-11-09","49.00","AUD","1759943736","66155/2025-11-09/1759943736.json"
"515320","135490","2025-11-10","49.00","AUD","1759943736","66155/2025-11-10/1759943736.json"
"515320","135490","2025-11-05","49.00","AUD","1759943736","66155/2025-11-05/1759943736.json"
"515320","135490","2025-11-11","49.00","AUD","1759943736","66155/2025-11-11/1759943736.json"
"515320","135490","2025-11-12","49.00","AUD","1759943736","66155/2025-11-12/1759943736.json"
"515320","135490","2025-11-13","49.00","AUD","1759943736","66155/2025-11-13/1759943736.json"
"515320","135490","2025-11-14","49.00","AUD","1759943736","66155/2025-11-14/1759943736.json"
"515320","135490","2025-11-15","49.00","AUD","1759943736","66155/2025-11-15/1759943736.json"
"515320","135490","2025-11-16","49.00","AUD","1759943736","66155/2025-11-16/1759943736.json"
"515320","135490","2025-11-17","49.00","AUD","1759943736","66155/2025-11-17/1759943736.json"
"515320","135490","2025-11-18","49.00","AUD","1759943736","66155/2025-11-18/1759943736.json"
"515320","135490","2025-11-19","49.00","AUD","1759943736","66155/2025-11-19/1759943736.json"
"515320","135490","2025-11-20","49.00","AUD","1759943736","66155/2025-11-20/1759943736.json"
"515320","135490","2025-11-21","49.00","AUD","1759943736","66155/2025-11-21/1759943736.json"
"515320","135490","2025-11-23","49.00","AUD","1759943736","66155/2025-11-23/1759943736.json"
"515320","135490","2025-11-22","49.00","AUD","1759943736","66155/2025-11-22/1759943736.json"
"515320","135490","2025-11-24","49.00","AUD","1759943736","66155/2025-11-24/1759943736.json"
"515320","135490","2025-11-25","49.00","AUD","1759943736","66155/2025-11-25/1759943736.json"
"515320","135490","2025-11-26","49.00","AUD","1759943736","66155/2025-11-26/1759943736.json"
"515320","135490","2025-11-27","49.00","AUD","1759943736","66155/2025-11-27/1759943736.json"
"515320","135490","2025-11-28","49.00","AUD","1759943736","66155/2025-11-28/1759943736.json"
"515320","135490","2025-11-29","49.00","AUD","1759943736","66155/2025-11-29/1759943736.json"
"515320","135490","2025-12-02","49.00","AUD","1759943736","66155/2025-12-02/1759943736.json"
"515320","135490","2025-12-05","49.00","AUD","1759943736","66155/2025-12-05/1759943736.json"
"515320","135490","2025-12-06","49.00","AUD","1759943736","66155/2025-12-06/1759943736.json"
"515320","135490","2025-10-10","49.00","AUD","1759957413","66155/2025-10-10/1759957413.json"
"515320","135490","2025-10-09","49.00","AUD","1759957413","66155/2025-10-09/1759957413.json"
"515320","135490","2025-10-11","49.00","AUD","1759957413","66155/2025-10-11/1759957413.json"
"515320","135490","2025-10-12","49.00","AUD","1759957413","66155/2025-10-12/1759957413.json"
"515320","135490","2025-10-14","49.00","AUD","1759957413","66155/2025-10-14/1759957413.json"
"515320","135490","2025-10-13","49.00","AUD","1759957413","66155/2025-10-13/1759957413.json"
"515320","135490","2025-10-15","49.00","AUD","1759957413","66155/2025-10-15/1759957413.json"
"515320","135490","2025-10-16","49.00","AUD","1759957413","66155/2025-10-16/1759957413.json"
"515320","135490","2025-10-17","49.00","AUD","1759957413","66155/2025-10-17/1759957413.json"
"515320","135490","2025-10-18","49.00","AUD","1759957413","66155/2025-10-18/1759957413.json"
"515320","135490","2025-10-19","49.00","AUD","1759957413","66155/2025-10-19/1759957413.json"
"515320","135490","2025-10-20","49.00","AUD","1759957413","66155/2025-10-20/1759957413.json"
"515320","135490","2025-10-22","49.00","AUD","1759957413","66155/2025-10-22/1759957413.json"
"515320","135490","2025-10-23","49.00","AUD","1759957413","66155/2025-10-23/1759957413.json"
"515320","135490","2025-10-21","49.00","AUD","1759957413","66155/2025-10-21/1759957413.json"
"515320","135490","2025-10-24","49.00","AUD","1759957413","66155/2025-10-24/1759957413.json"
"515320","135490","2025-10-25","49.00","AUD","1759957413","66155/2025-10-25/1759957413.json"
"515320","135490","2025-10-27","49.00","AUD","1759957413","66155/2025-10-27/1759957413.json"
"515320","135490","2025-10-26","49.00","AUD","1759957413","66155/2025-10-26/1759957413.json"
"515320","135490","2025-10-28","49.00","AUD","1759957413","66155/2025-10-28/1759957413.json"
"515320","135490","2025-10-30","49.00","AUD","1759957413","66155/2025-10-30/1759957413.json"
"515320","135490","2025-10-29","49.00","AUD","1759957413","66155/2025-10-29/1759957413.json"
"515320","135490","2025-11-02","49.00","AUD","1759957413","66155/2025-11-02/1759957413.json"
"515320","135490","2025-11-03","49.00","AUD","1759957413","66155/2025-11-03/1759957413.json"
"515320","135490","2025-11-04","49.00","AUD","1759957413","66155/2025-11-04/1759957413.json"
"515320","135490","2025-11-05","49.00","AUD","1759957413","66155/2025-11-05/1759957413.json"
"515320","135490","2025-11-06","49.00","AUD","1759957413","66155/2025-11-06/1759957413.json"
"515320","135490","2025-11-09","49.00","AUD","1759957413","66155/2025-11-09/1759957413.json"
"515320","135490","2025-11-10","49.00","AUD","1759957413","66155/2025-11-10/1759957413.json"
"515320","135490","2025-11-11","49.00","AUD","1759957413","66155/2025-11-11/1759957413.json"
"515320","135490","2025-11-13","49.00","AUD","1759957413","66155/2025-11-13/1759957413.json"
"515320","135490","2025-11-12","49.00","AUD","1759957413","66155/2025-11-12/1759957413.json"
"515320","135490","2025-11-14","49.00","AUD","1759957413","66155/2025-11-14/1759957413.json"
"515320","135490","2025-11-15","49.00","AUD","1759957413","66155/2025-11-15/1759957413.json"
"515320","135490","2025-11-16","49.00","AUD","1759957413","66155/2025-11-16/1759957413.json"
"515320","135490","2025-11-19","49.00","AUD","1759957413","66155/2025-11-19/1759957413.json"
"515320","135490","2025-11-17","49.00","AUD","1759957413","66155/2025-11-17/1759957413.json"
"515320","135490","2025-11-20","49.00","AUD","1759957413","66155/2025-11-20/1759957413.json"
"515320","135490","2025-11-18","49.00","AUD","1759957413","66155/2025-11-18/1759957413.json"
"515320","135490","2025-11-21","49.00","AUD","1759957413","66155/2025-11-21/1759957413.json"
"515320","135490","2025-11-22","49.00","AUD","1759957413","66155/2025-11-22/1759957413.json"
"515320","135490","2025-11-24","49.00","AUD","1759957413","66155/2025-11-24/1759957413.json"
"515320","135490","2025-11-25","49.00","AUD","1759957413","66155/2025-11-25/1759957413.json"
"515320","135490","2025-11-26","49.00","AUD","1759957413","66155/2025-11-26/1759957413.json"
"515320","135490","2025-11-23","49.00","AUD","1759957413","66155/2025-11-23/1759957413.json"
"515320","135490","2025-11-27","49.00","AUD","1759957413","66155/2025-11-27/1759957413.json"
"515320","135490","2025-11-28","49.00","AUD","1759957413","66155/2025-11-28/1759957413.json"
"515320","135490","2025-11-29","49.00","AUD","1759957413","66155/2025-11-29/1759957413.json"
"515320","135490","2025-12-02","49.00","AUD","1759957413","66155/2025-12-02/1759957413.json"
"515320","135490","2025-12-05","49.00","AUD","1759957413","66155/2025-12-05/1759957413.json"
"515320","135490","2025-12-06","49.00","AUD","1759957413","66155/2025-12-06/1759957413.json"
"515320","135490","2025-10-11","49.00","AUD","1759981008","66155/2025-10-11/1759981008.json"
"515320","135490","2025-10-09","49.00","AUD","1759981008","66155/2025-10-09/1759981008.json"
"515320","135490","2025-10-12","49.00","AUD","1759981008","66155/2025-10-12/1759981008.json"
"515320","135490","2025-10-10","49.00","AUD","1759981008","66155/2025-10-10/1759981008.json"
"515320","135490","2025-10-13","49.00","AUD","1759981008","66155/2025-10-13/1759981008.json"
"515320","135490","2025-10-15","49.00","AUD","1759981008","66155/2025-10-15/1759981008.json"
"515320","135490","2025-10-14","49.00","AUD","1759981008","66155/2025-10-14/1759981008.json"
"515320","135490","2025-10-16","49.00","AUD","1759981008","66155/2025-10-16/1759981008.json"
"515320","135490","2025-10-20","49.00","AUD","1759981008","66155/2025-10-20/1759981008.json"
"515320","135490","2025-10-19","49.00","AUD","1759981008","66155/2025-10-19/1759981008.json"
"515320","135490","2025-10-18","49.00","AUD","1759981008","66155/2025-10-18/1759981008.json"
"515320","135490","2025-10-17","49.00","AUD","1759981008","66155/2025-10-17/1759981008.json"
"515320","135490","2025-10-21","49.00","AUD","1759981008","66155/2025-10-21/1759981008.json"
"515320","135490","2025-10-23","49.00","AUD","1759981008","66155/2025-10-23/1759981008.json"
"515320","135490","2025-10-22","49.00","AUD","1759981008","66155/2025-10-22/1759981008.json"
"515320","135490","2025-10-24","49.00","AUD","1759981008","66155/2025-10-24/1759981008.json"
"515320","135490","2025-10-27","49.00","AUD","1759981008","66155/2025-10-27/1759981008.json"
"515320","135490","2025-10-25","49.00","AUD","1759981008","66155/2025-10-25/1759981008.json"
"515320","135490","2025-10-28","49.00","AUD","1759981008","66155/2025-10-28/1759981008.json"
"515320","135490","2025-10-26","49.00","AUD","1759981008","66155/2025-10-26/1759981008.json"
"515320","135490","2025-10-29","49.00","AUD","1759981008","66155/2025-10-29/1759981008.json"
"515320","135490","2025-11-02","49.00","AUD","1759981008","66155/2025-11-02/1759981008.json"
"515320","135490","2025-10-30","49.00","AUD","1759981008","66155/2025-10-30/1759981008.json"
"515320","135490","2025-11-03","49.00","AUD","1759981008","66155/2025-11-03/1759981008.json"
"515320","135490","2025-11-04","49.00","AUD","1759981008","66155/2025-11-04/1759981008.json"
"515320","135490","2025-11-05","49.00","AUD","1759981008","66155/2025-11-05/1759981008.json"
"515320","135490","2025-11-06","49.00","AUD","1759981008","66155/2025-11-06/1759981008.json"
"515320","135490","2025-11-10","49.00","AUD","1759981008","66155/2025-11-10/1759981008.json"
"515320","135490","2025-11-11","49.00","AUD","1759981008","66155/2025-11-11/1759981008.json"
"515320","135490","2025-11-09","49.00","AUD","1759981008","66155/2025-11-09/1759981008.json"
"515320","135490","2025-11-12","49.00","AUD","1759981008","66155/2025-11-12/1759981008.json"
"515320","135490","2025-11-14","49.00","AUD","1759981008","66155/2025-11-14/1759981008.json"
"515320","135490","2025-11-15","49.00","AUD","1759981008","66155/2025-11-15/1759981008.json"
"515320","135490","2025-11-13","49.00","AUD","1759981008","66155/2025-11-13/1759981008.json"
"515320","135490","2025-11-16","49.00","AUD","1759981008","66155/2025-11-16/1759981008.json"
"515320","135490","2025-11-17","49.00","AUD","1759981008","66155/2025-11-17/1759981008.json"
"515320","135490","2025-11-18","49.00","AUD","1759981008","66155/2025-11-18/1759981008.json"
"515320","135490","2025-11-20","49.00","AUD","1759981008","66155/2025-11-20/1759981008.json"
"515320","135490","2025-11-19","49.00","AUD","1759981008","66155/2025-11-19/1759981008.json"
"515320","135490","2025-11-21","49.00","AUD","1759981008","66155/2025-11-21/1759981008.json"
"515320","135490","2025-11-24","49.00","AUD","1759981008","66155/2025-11-24/1759981008.json"
"515320","135490","2025-11-23","49.00","AUD","1759981008","66155/2025-11-23/1759981008.json"
"515320","135490","2025-11-22","49.00","AUD","1759981008","66155/2025-11-22/1759981008.json"
"515320","135490","2025-11-25","49.00","AUD","1759981008","66155/2025-11-25/1759981008.json"
"515320","135490","2025-11-28","49.00","AUD","1759981008","66155/2025-11-28/1759981008.json"
"515320","135490","2025-11-27","49.00","AUD","1759981008","66155/2025-11-27/1759981008.json"
"515320","135490","2025-11-26","49.00","AUD","1759981008","66155/2025-11-26/1759981008.json"
"515320","135490","2025-11-29","49.00","AUD","1759981008","66155/2025-11-29/1759981008.json"
"515320","135490","2025-12-02","49.00","AUD","1759981008","66155/2025-12-02/1759981008.json"
"515320","135490","2025-12-06","49.00","AUD","1759981008","66155/2025-12-06/1759981008.json"
"515320","135490","2025-12-05","49.00","AUD","1759981008","66155/2025-12-05/1759981008.json"
"515320","135490","2025-10-11","49.00","AUD","1759986652","66155/2025-10-11/1759986652.json"
"515320","135490","2025-10-12","49.00","AUD","1759986652","66155/2025-10-12/1759986652.json"
"515320","135490","2025-10-10","49.00","AUD","1759986652","66155/2025-10-10/1759986652.json"
"515320","135490","2025-10-09","49.00","AUD","1759986652","66155/2025-10-09/1759986652.json"
"515320","135490","2025-10-13","49.00","AUD","1759986652","66155/2025-10-13/1759986652.json"
"515320","135490","2025-10-14","49.00","AUD","1759986652","66155/2025-10-14/1759986652.json"
"515320","135490","2025-10-15","49.00","AUD","1759986652","66155/2025-10-15/1759986652.json"
"515320","135490","2025-10-16","49.00","AUD","1759986652","66155/2025-10-16/1759986652.json"
"515320","135490","2025-10-17","49.00","AUD","1759986652","66155/2025-10-17/1759986652.json"
"515320","135490","2025-10-18","49.00","AUD","1759986652","66155/2025-10-18/1759986652.json"
"515320","135490","2025-10-19","49.00","AUD","1759986652","66155/2025-10-19/1759986652.json"
"515320","135490","2025-10-20","49.00","AUD","1759986652","66155/2025-10-20/1759986652.json"
"515320","135490","2025-10-22","49.00","AUD","1759986652","66155/2025-10-22/1759986652.json"
"515320","135490","2025-10-23","49.00","AUD","1759986652","66155/2025-10-23/1759986652.json"
"515320","135490","2025-10-24","49.00","AUD","1759986652","66155/2025-10-24/1759986652.json"
"515320","135490","2025-10-25","49.00","AUD","1759986652","66155/2025-10-25/1759986652.json"
"515320","135490","2025-10-26","49.00","AUD","1759986652","66155/2025-10-26/1759986652.json"
"515320","135490","2025-10-27","49.00","AUD","1759986652","66155/2025-10-27/1759986652.json"
"515320","135490","2025-10-28","49.00","AUD","1759986652","66155/2025-10-28/1759986652.json"
"515320","135490","2025-10-30","49.00","AUD","1759986652","66155/2025-10-30/1759986652.json"
"515320","135490","2025-10-29","49.00","AUD","1759986652","66155/2025-10-29/1759986652.json"
"515320","135490","2025-11-03","49.00","AUD","1759986652","66155/2025-11-03/1759986652.json"
"515320","135490","2025-11-02","49.00","AUD","1759986652","66155/2025-11-02/1759986652.json"
"515320","135490","2025-10-21","49.00","AUD","1759986652","66155/2025-10-21/1759986652.json"
"515320","135490","2025-11-05","49.00","AUD","1759986652","66155/2025-11-05/1759986652.json"
"515320","135490","2025-11-06","49.00","AUD","1759986652","66155/2025-11-06/1759986652.json"
"515320","135490","2025-11-04","49.00","AUD","1759986652","66155/2025-11-04/1759986652.json"
"515320","135490","2025-11-09","49.00","AUD","1759986652","66155/2025-11-09/1759986652.json"
"515320","135490","2025-11-11","49.00","AUD","1759986652","66155/2025-11-11/1759986652.json"
"515320","135490","2025-11-10","49.00","AUD","1759986652","66155/2025-11-10/1759986652.json"
"515320","135490","2025-11-12","49.00","AUD","1759986652","66155/2025-11-12/1759986652.json"
"515320","135490","2025-11-13","49.00","AUD","1759986652","66155/2025-11-13/1759986652.json"
"515320","135490","2025-11-15","49.00","AUD","1759986652","66155/2025-11-15/1759986652.json"
"515320","135490","2025-11-14","49.00","AUD","1759986652","66155/2025-11-14/1759986652.json"
"515320","135490","2025-11-16","49.00","AUD","1759986652","66155/2025-11-16/1759986652.json"
"515320","135490","2025-11-17","49.00","AUD","1759986652","66155/2025-11-17/1759986652.json"
"515320","135490","2025-11-18","49.00","AUD","1759986652","66155/2025-11-18/1759986652.json"
"515320","135490","2025-11-19","49.00","AUD","1759986652","66155/2025-11-19/1759986652.json"
"515320","135490","2025-11-20","49.00","AUD","1759986652","66155/2025-11-20/1759986652.json"
"515320","135490","2025-11-22","49.00","AUD","1759986652","66155/2025-11-22/1759986652.json"
"515320","135490","2025-11-21","49.00","AUD","1759986652","66155/2025-11-21/1759986652.json"
"515320","135490","2025-11-23","49.00","AUD","1759986652","66155/2025-11-23/1759986652.json"
"515320","135490","2025-11-24","49.00","AUD","1759986652","66155/2025-11-24/1759986652.json"
"515320","135490","2025-11-25","49.00","AUD","1759986652","66155/2025-11-25/1759986652.json"
"515320","135490","2025-11-27","49.00","AUD","1759986652","66155/2025-11-27/1759986652.json"
"515320","135490","2025-11-28","49.00","AUD","1759986652","66155/2025-11-28/1759986652.json"
"515320","135490","2025-11-26","49.00","AUD","1759986652","66155/2025-11-26/1759986652.json"
"515320","135490","2025-11-29","49.00","AUD","1759986652","66155/2025-11-29/1759986652.json"
"515320","135490","2025-12-02","49.00","AUD","1759986652","66155/2025-12-02/1759986652.json"
"515320","135490","2025-12-05","49.00","AUD","1759986652","66155/2025-12-05/1759986652.json"
"515320","135490","2025-12-06","49.00","AUD","1759986652","66155/2025-12-06/1759986652.json"
"515320","135490","2025-10-09","49.00","AUD","1760001342","66155/2025-10-09/1760001342.json"
"515320","135490","2025-10-11","49.00","AUD","1760001342","66155/2025-10-11/1760001342.json"
"515320","135490","2025-10-12","49.00","AUD","1760001342","66155/2025-10-12/1760001342.json"
"515320","135490","2025-10-10","49.00","AUD","1760001342","66155/2025-10-10/1760001342.json"
"515320","135490","2025-10-13","49.00","AUD","1760001342","66155/2025-10-13/1760001342.json"
"515320","135490","2025-10-15","49.00","AUD","1760001342","66155/2025-10-15/1760001342.json"
"515320","135490","2025-10-16","49.00","AUD","1760001342","66155/2025-10-16/1760001342.json"
"515320","135490","2025-10-17","49.00","AUD","1760001342","66155/2025-10-17/1760001342.json"
"515320","135490","2025-10-14","49.00","AUD","1760001342","66155/2025-10-14/1760001342.json"
"515320","135490","2025-10-18","49.00","AUD","1760001342","66155/2025-10-18/1760001342.json"
"515320","135490","2025-10-19","49.00","AUD","1760001342","66155/2025-10-19/1760001342.json"
"515320","135490","2025-10-20","49.00","AUD","1760001342","66155/2025-10-20/1760001342.json"
"515320","135490","2025-10-22","49.00","AUD","1760001342","66155/2025-10-22/1760001342.json"
"515320","135490","2025-10-21","49.00","AUD","1760001342","66155/2025-10-21/1760001342.json"
"515320","135490","2025-10-23","49.00","AUD","1760001342","66155/2025-10-23/1760001342.json"
"515320","135490","2025-10-24","49.00","AUD","1760001342","66155/2025-10-24/1760001342.json"
"515320","135490","2025-10-26","49.00","AUD","1760001342","66155/2025-10-26/1760001342.json"
"515320","135490","2025-10-25","49.00","AUD","1760001342","66155/2025-10-25/1760001342.json"
"515320","135490","2025-10-28","49.00","AUD","1760001342","66155/2025-10-28/1760001342.json"
"515320","135490","2025-10-29","49.00","AUD","1760001342","66155/2025-10-29/1760001342.json"
"515320","135490","2025-10-27","49.00","AUD","1760001342","66155/2025-10-27/1760001342.json"
"515320","135490","2025-10-30","49.00","AUD","1760001342","66155/2025-10-30/1760001342.json"
"515320","135490","2025-11-02","49.00","AUD","1760001342","66155/2025-11-02/1760001342.json"
"515320","135490","2025-11-03","49.00","AUD","1760001342","66155/2025-11-03/1760001342.json"
"515320","135490","2025-11-04","49.00","AUD","1760001342","66155/2025-11-04/1760001342.json"
"515320","135490","2025-11-05","49.00","AUD","1760001342","66155/2025-11-05/1760001342.json"
"515320","135490","2025-11-06","49.00","AUD","1760001342","66155/2025-11-06/1760001342.json"
"515320","135490","2025-11-09","49.00","AUD","1760001342","66155/2025-11-09/1760001342.json"
"515320","135490","2025-11-10","49.00","AUD","1760001342","66155/2025-11-10/1760001342.json"
"515320","135490","2025-11-12","49.00","AUD","1760001342","66155/2025-11-12/1760001342.json"
"515320","135490","2025-11-13","49.00","AUD","1760001342","66155/2025-11-13/1760001342.json"
"515320","135490","2025-11-11","49.00","AUD","1760001342","66155/2025-11-11/1760001342.json"
"515320","135490","2025-11-14","49.00","AUD","1760001342","66155/2025-11-14/1760001342.json"
"515320","135490","2025-11-15","49.00","AUD","1760001342","66155/2025-11-15/1760001342.json"
"515320","135490","2025-11-17","49.00","AUD","1760001342","66155/2025-11-17/1760001342.json"
"515320","135490","2025-11-18","49.00","AUD","1760001342","66155/2025-11-18/1760001342.json"
"515320","135490","2025-11-19","49.00","AUD","1760001342","66155/2025-11-19/1760001342.json"
"515320","135490","2025-11-16","49.00","AUD","1760001342","66155/2025-11-16/1760001342.json"
"515320","135490","2025-11-20","49.00","AUD","1760001342","66155/2025-11-20/1760001342.json"
"515320","135490","2025-11-21","49.00","AUD","1760001342","66155/2025-11-21/1760001342.json"
"515320","135490","2025-11-22","49.00","AUD","1760001342","66155/2025-11-22/1760001342.json"
"515320","135490","2025-11-23","49.00","AUD","1760001342","66155/2025-11-23/1760001342.json"
"515320","135490","2025-11-24","49.00","AUD","1760001342","66155/2025-11-24/1760001342.json"
"515320","135490","2025-11-25","49.00","AUD","1760001342","66155/2025-11-25/1760001342.json"
"515320","135490","2025-11-26","49.00","AUD","1760001342","66155/2025-11-26/1760001342.json"
"515320","135490","2025-11-27","49.00","AUD","1760001342","66155/2025-11-27/1760001342.json"
"515320","135490","2025-11-28","49.00","AUD","1760001342","66155/2025-11-28/1760001342.json"
"515320","135490","2025-11-30","49.00","AUD","1760001342","66155/2025-11-30/1760001342.json"
"515320","135490","2025-11-29","49.00","AUD","1760001342","66155/2025-11-29/1760001342.json"
"515320","135490","2025-12-02","49.00","AUD","1760001342","66155/2025-12-02/1760001342.json"
"515320","135490","2025-12-05","49.00","AUD","1760001342","66155/2025-12-05/1760001342.json"
"515320","135490","2025-12-06","49.00","AUD","1760001342","66155/2025-12-06/1760001342.json"
"515320","135490","2025-10-10","49.00","AUD","1760018854","66155/2025-10-10/1760018854.json"
"515320","135490","2025-10-11","49.00","AUD","1760018854","66155/2025-10-11/1760018854.json"
"515320","135490","2025-10-12","49.00","AUD","1760018854","66155/2025-10-12/1760018854.json"
"515320","135490","2025-10-13","49.00","AUD","1760018854","66155/2025-10-13/1760018854.json"
"515320","135490","2025-10-14","49.00","AUD","1760018854","66155/2025-10-14/1760018854.json"
"515320","135490","2025-10-15","49.00","AUD","1760018854","66155/2025-10-15/1760018854.json"
"515320","135490","2025-10-16","49.00","AUD","1760018854","66155/2025-10-16/1760018854.json"
"515320","135490","2025-10-17","49.00","AUD","1760018854","66155/2025-10-17/1760018854.json"
"515320","135490","2025-10-18","49.00","AUD","1760018854","66155/2025-10-18/1760018854.json"
"515320","135490","2025-10-19","49.00","AUD","1760018854","66155/2025-10-19/1760018854.json"
"515320","135490","2025-10-20","49.00","AUD","1760018854","66155/2025-10-20/1760018854.json"
"515320","135490","2025-10-22","49.00","AUD","1760018854","66155/2025-10-22/1760018854.json"
"515320","135490","2025-10-21","49.00","AUD","1760018854","66155/2025-10-21/1760018854.json"
"515320","135490","2025-10-23","49.00","AUD","1760018854","66155/2025-10-23/1760018854.json"
"515320","135490","2025-10-24","49.00","AUD","1760018854","66155/2025-10-24/1760018854.json"
"515320","135490","2025-10-25","49.00","AUD","1760018854","66155/2025-10-25/1760018854.json"
"515320","135490","2025-10-26","49.00","AUD","1760018854","66155/2025-10-26/1760018854.json"
"515320","135490","2025-10-27","49.00","AUD","1760018854","66155/2025-10-27/1760018854.json"
"515320","135490","2025-10-28","49.00","AUD","1760018854","66155/2025-10-28/1760018854.json"
"515320","135490","2025-10-29","49.00","AUD","1760018854","66155/2025-10-29/1760018854.json"
"515320","135490","2025-10-30","49.00","AUD","1760018854","66155/2025-10-30/1760018854.json"
"515320","135490","2025-11-02","49.00","AUD","1760018854","66155/2025-11-02/1760018854.json"
"515320","135490","2025-11-03","49.00","AUD","1760018854","66155/2025-11-03/1760018854.json"
"515320","135490","2025-11-04","49.00","AUD","1760018854","66155/2025-11-04/1760018854.json"
"515320","135490","2025-11-05","49.00","AUD","1760018854","66155/2025-11-05/1760018854.json"
"515320","135490","2025-11-06","49.00","AUD","1760018854","66155/2025-11-06/1760018854.json"
"515320","135490","2025-11-09","49.00","AUD","1760018854","66155/2025-11-09/1760018854.json"
"515320","135490","2025-11-11","49.00","AUD","1760018854","66155/2025-11-11/1760018854.json"
"515320","135490","2025-11-12","49.00","AUD","1760018854","66155/2025-11-12/1760018854.json"
"515320","135490","2025-11-13","49.00","AUD","1760018854","66155/2025-11-13/1760018854.json"
"515320","135490","2025-11-10","49.00","AUD","1760018854","66155/2025-11-10/1760018854.json"
"515320","135490","2025-11-14","49.00","AUD","1760018854","66155/2025-11-14/1760018854.json"
"515320","135490","2025-11-15","49.00","AUD","1760018854","66155/2025-11-15/1760018854.json"
"515320","135490","2025-11-16","49.00","AUD","1760018854","66155/2025-11-16/1760018854.json"
"515320","135490","2025-11-17","49.00","AUD","1760018854","66155/2025-11-17/1760018854.json"
"515320","135490","2025-11-18","49.00","AUD","1760018854","66155/2025-11-18/1760018854.json"
"515320","135490","2025-11-19","49.00","AUD","1760018854","66155/2025-11-19/1760018854.json"
"515320","135490","2025-11-20","49.00","AUD","1760018854","66155/2025-11-20/1760018854.json"
"515320","135490","2025-11-21","49.00","AUD","1760018854","66155/2025-11-21/1760018854.json"
"515320","135490","2025-11-22","49.00","AUD","1760018854","66155/2025-11-22/1760018854.json"
"515320","135490","2025-11-23","49.00","AUD","1760018854","66155/2025-11-23/1760018854.json"
"515320","135490","2025-11-24","49.00","AUD","1760018854","66155/2025-11-24/1760018854.json"
"515320","135490","2025-11-26","49.00","AUD","1760018854","66155/2025-11-26/1760018854.json"
"515320","135490","2025-11-27","49.00","AUD","1760018854","66155/2025-11-27/1760018854.json"
"515320","135490","2025-11-25","49.00","AUD","1760018854","66155/2025-11-25/1760018854.json"
"515320","135490","2025-11-28","49.00","AUD","1760018854","66155/2025-11-28/1760018854.json"
"515320","135490","2025-11-29","49.00","AUD","1760018854","66155/2025-11-29/1760018854.json"
"515320","135490","2025-11-30","49.00","AUD","1760018854","66155/2025-11-30/1760018854.json"
"515320","135490","2025-12-02","49.00","AUD","1760018854","66155/2025-12-02/1760018854.json"
"515320","135490","2025-12-05","49.00","AUD","1760018854","66155/2025-12-05/1760018854.json"
"515320","135490","2025-12-06","49.00","AUD","1760018854","66155/2025-12-06/1760018854.json"
"515320","135490","2025-10-10","49.00","AUD","1760030594","66155/2025-10-10/1760030594.json"
"515320","135490","2025-10-11","49.00","AUD","1760030594","66155/2025-10-11/1760030594.json"
"515320","135490","2025-10-12","49.00","AUD","1760030594","66155/2025-10-12/1760030594.json"
"515320","135490","2025-10-13","49.00","AUD","1760030594","66155/2025-10-13/1760030594.json"
"515320","135490","2025-10-14","49.00","AUD","1760030594","66155/2025-10-14/1760030594.json"
"515320","135490","2025-10-16","49.00","AUD","1760030594","66155/2025-10-16/1760030594.json"
"515320","135490","2025-10-15","49.00","AUD","1760030594","66155/2025-10-15/1760030594.json"
"515320","135490","2025-10-17","49.00","AUD","1760030594","66155/2025-10-17/1760030594.json"
"515320","135490","2025-10-19","49.00","AUD","1760030594","66155/2025-10-19/1760030594.json"
"515320","135490","2025-10-18","49.00","AUD","1760030594","66155/2025-10-18/1760030594.json"
"515320","135490","2025-10-21","49.00","AUD","1760030594","66155/2025-10-21/1760030594.json"
"515320","135490","2025-10-20","49.00","AUD","1760030594","66155/2025-10-20/1760030594.json"
"515320","135490","2025-10-22","49.00","AUD","1760030594","66155/2025-10-22/1760030594.json"
"515320","135490","2025-10-24","49.00","AUD","1760030594","66155/2025-10-24/1760030594.json"
"515320","135490","2025-10-25","49.00","AUD","1760030594","66155/2025-10-25/1760030594.json"
"515320","135490","2025-10-23","49.00","AUD","1760030594","66155/2025-10-23/1760030594.json"
"515320","135490","2025-10-26","49.00","AUD","1760030594","66155/2025-10-26/1760030594.json"
"515320","135490","2025-10-27","49.00","AUD","1760030594","66155/2025-10-27/1760030594.json"
"515320","135490","2025-10-28","49.00","AUD","1760030594","66155/2025-10-28/1760030594.json"
"515320","135490","2025-10-30","49.00","AUD","1760030594","66155/2025-10-30/1760030594.json"
"515320","135490","2025-10-29","49.00","AUD","1760030594","66155/2025-10-29/1760030594.json"
"515320","135490","2025-11-02","49.00","AUD","1760030594","66155/2025-11-02/1760030594.json"
"515320","135490","2025-11-03","49.00","AUD","1760030594","66155/2025-11-03/1760030594.json"
"515320","135490","2025-11-04","49.00","AUD","1760030594","66155/2025-11-04/1760030594.json"
"515320","135490","2025-11-05","49.00","AUD","1760030594","66155/2025-11-05/1760030594.json"
"515320","135490","2025-11-06","49.00","AUD","1760030594","66155/2025-11-06/1760030594.json"
"515320","135490","2025-11-09","49.00","AUD","1760030594","66155/2025-11-09/1760030594.json"
"515320","135490","2025-11-10","49.00","AUD","1760030594","66155/2025-11-10/1760030594.json"
"515320","135490","2025-11-11","49.00","AUD","1760030594","66155/2025-11-11/1760030594.json"
"515320","135490","2025-11-12","49.00","AUD","1760030594","66155/2025-11-12/1760030594.json"
"515320","135490","2025-11-13","49.00","AUD","1760030594","66155/2025-11-13/1760030594.json"
"515320","135490","2025-11-16","49.00","AUD","1760030594","66155/2025-11-16/1760030594.json"
"515320","135490","2025-11-15","49.00","AUD","1760030594","66155/2025-11-15/1760030594.json"
"515320","135490","2025-11-17","49.00","AUD","1760030594","66155/2025-11-17/1760030594.json"
"515320","135490","2025-11-14","49.00","AUD","1760030594","66155/2025-11-14/1760030594.json"
"515320","135490","2025-11-18","49.00","AUD","1760030594","66155/2025-11-18/1760030594.json"
"515320","135490","2025-11-19","49.00","AUD","1760030594","66155/2025-11-19/1760030594.json"
"515320","135490","2025-11-20","49.00","AUD","1760030594","66155/2025-11-20/1760030594.json"
"515320","135490","2025-11-21","49.00","AUD","1760030594","66155/2025-11-21/1760030594.json"
"515320","135490","2025-11-22","49.00","AUD","1760030594","66155/2025-11-22/1760030594.json"
"515320","135490","2025-11-24","49.00","AUD","1760030594","66155/2025-11-24/1760030594.json"
"515320","135490","2025-11-25","49.00","AUD","1760030594","66155/2025-11-25/1760030594.json"
"515320","135490","2025-11-26","49.00","AUD","1760030594","66155/2025-11-26/1760030594.json"
"515320","135490","2025-11-27","49.00","AUD","1760030594","66155/2025-11-27/1760030594.json"
"515320","135490","2025-11-28","49.00","AUD","1760030594","66155/2025-11-28/1760030594.json"
"515320","135490","2025-11-29","49.00","AUD","1760030594","66155/2025-11-29/1760030594.json"
"515320","135490","2025-11-30","49.00","AUD","1760030594","66155/2025-11-30/1760030594.json"
"515320","135490","2025-12-02","49.00","AUD","1760030594","66155/2025-12-02/1760030594.json"
"515320","135490","2025-12-05","49.00","AUD","1760030594","66155/2025-12-05/1760030594.json"
"515320","135490","2025-11-23","49.00","AUD","1760030594","66155/2025-11-23/1760030594.json"
"515320","135490","2025-12-06","49.00","AUD","1760030594","66155/2025-12-06/1760030594.json"
"515320","135490","2025-10-10","49.00","AUD","1760044056","66155/2025-10-10/1760044056.json"
"515320","135490","2025-10-12","49.00","AUD","1760044056","66155/2025-10-12/1760044056.json"
"515320","135490","2025-10-11","49.00","AUD","1760044056","66155/2025-10-11/1760044056.json"
"515320","135490","2025-10-13","49.00","AUD","1760044056","66155/2025-10-13/1760044056.json"
"515320","135490","2025-10-14","49.00","AUD","1760044056","66155/2025-10-14/1760044056.json"
"515320","135490","2025-10-15","49.00","AUD","1760044056","66155/2025-10-15/1760044056.json"
"515320","135490","2025-10-17","49.00","AUD","1760044056","66155/2025-10-17/1760044056.json"
"515320","135490","2025-10-18","49.00","AUD","1760044056","66155/2025-10-18/1760044056.json"
"515320","135490","2025-10-16","49.00","AUD","1760044056","66155/2025-10-16/1760044056.json"
"515320","135490","2025-10-19","49.00","AUD","1760044056","66155/2025-10-19/1760044056.json"
"515320","135490","2025-10-20","49.00","AUD","1760044056","66155/2025-10-20/1760044056.json"
"515320","135490","2025-10-21","49.00","AUD","1760044056","66155/2025-10-21/1760044056.json"
"515320","135490","2025-10-22","49.00","AUD","1760044056","66155/2025-10-22/1760044056.json"
"515320","135490","2025-10-23","49.00","AUD","1760044056","66155/2025-10-23/1760044056.json"
"515320","135490","2025-10-24","49.00","AUD","1760044056","66155/2025-10-24/1760044056.json"
"515320","135490","2025-10-25","49.00","AUD","1760044056","66155/2025-10-25/1760044056.json"
"515320","135490","2025-10-27","49.00","AUD","1760044056","66155/2025-10-27/1760044056.json"
"515320","135490","2025-10-26","49.00","AUD","1760044056","66155/2025-10-26/1760044056.json"
"515320","135490","2025-10-28","49.00","AUD","1760044056","66155/2025-10-28/1760044056.json"
"515320","135490","2025-10-29","49.00","AUD","1760044056","66155/2025-10-29/1760044056.json"
"515320","135490","2025-10-30","49.00","AUD","1760044056","66155/2025-10-30/1760044056.json"
"515320","135490","2025-11-02","49.00","AUD","1760044056","66155/2025-11-02/1760044056.json"
"515320","135490","2025-11-03","49.00","AUD","1760044056","66155/2025-11-03/1760044056.json"
"515320","135490","2025-11-04","49.00","AUD","1760044056","66155/2025-11-04/1760044056.json"
"515320","135490","2025-11-05","49.00","AUD","1760044056","66155/2025-11-05/1760044056.json"
"515320","135490","2025-11-06","49.00","AUD","1760044056","66155/2025-11-06/1760044056.json"
"515320","135490","2025-11-09","49.00","AUD","1760044056","66155/2025-11-09/1760044056.json"
"515320","135490","2025-11-10","49.00","AUD","1760044056","66155/2025-11-10/1760044056.json"
"515320","135490","2025-11-11","49.00","AUD","1760044056","66155/2025-11-11/1760044056.json"
"515320","135490","2025-11-12","49.00","AUD","1760044056","66155/2025-11-12/1760044056.json"
"515320","135490","2025-11-13","49.00","AUD","1760044056","66155/2025-11-13/1760044056.json"
"515320","135490","2025-11-17","49.00","AUD","1760044056","66155/2025-11-17/1760044056.json"
"515320","135490","2025-11-15","49.00","AUD","1760044056","66155/2025-11-15/1760044056.json"
"515320","135490","2025-11-16","49.00","AUD","1760044056","66155/2025-11-16/1760044056.json"
"515320","135490","2025-11-18","49.00","AUD","1760044056","66155/2025-11-18/1760044056.json"
"515320","135490","2025-11-19","49.00","AUD","1760044056","66155/2025-11-19/1760044056.json"
"515320","135490","2025-11-20","49.00","AUD","1760044056","66155/2025-11-20/1760044056.json"
"515320","135490","2025-11-14","49.00","AUD","1760044056","66155/2025-11-14/1760044056.json"
"515320","135490","2025-11-22","49.00","AUD","1760044056","66155/2025-11-22/1760044056.json"
"515320","135490","2025-11-23","49.00","AUD","1760044056","66155/2025-11-23/1760044056.json"
"515320","135490","2025-11-21","49.00","AUD","1760044056","66155/2025-11-21/1760044056.json"
"515320","135490","2025-11-24","49.00","AUD","1760044056","66155/2025-11-24/1760044056.json"
"515320","135490","2025-11-27","49.00","AUD","1760044056","66155/2025-11-27/1760044056.json"
"515320","135490","2025-11-26","49.00","AUD","1760044056","66155/2025-11-26/1760044056.json"
"515320","135490","2025-11-25","49.00","AUD","1760044056","66155/2025-11-25/1760044056.json"
"515320","135490","2025-11-28","49.00","AUD","1760044056","66155/2025-11-28/1760044056.json"
"515320","135490","2025-11-29","49.00","AUD","1760044056","66155/2025-11-29/1760044056.json"
"515320","135490","2025-11-30","49.00","AUD","1760044056","66155/2025-11-30/1760044056.json"
"515320","135490","2025-12-02","49.00","AUD","1760044056","66155/2025-12-02/1760044056.json"
"515320","135490","2025-12-06","49.00","AUD","1760044056","66155/2025-12-06/1760044056.json"
"515320","135490","2025-12-05","49.00","AUD","1760044056","66155/2025-12-05/1760044056.json"
"515320","135490","2025-10-10","49.00","AUD","1760067373","66155/2025-10-10/1760067373.json"
"515320","135490","2025-10-13","49.00","AUD","1760067373","66155/2025-10-13/1760067373.json"
"515320","135490","2025-10-12","49.00","AUD","1760067373","66155/2025-10-12/1760067373.json"
"515320","135490","2025-10-11","49.00","AUD","1760067373","66155/2025-10-11/1760067373.json"
"515320","135490","2025-10-16","49.00","AUD","1760067373","66155/2025-10-16/1760067373.json"
"515320","135490","2025-10-15","49.00","AUD","1760067373","66155/2025-10-15/1760067373.json"
"515320","135490","2025-10-14","49.00","AUD","1760067373","66155/2025-10-14/1760067373.json"
"515320","135490","2025-10-17","49.00","AUD","1760067373","66155/2025-10-17/1760067373.json"
"515320","135490","2025-10-19","49.00","AUD","1760067373","66155/2025-10-19/1760067373.json"
"515320","135490","2025-10-18","49.00","AUD","1760067373","66155/2025-10-18/1760067373.json"
"515320","135490","2025-10-21","49.00","AUD","1760067373","66155/2025-10-21/1760067373.json"
"515320","135490","2025-10-22","49.00","AUD","1760067373","66155/2025-10-22/1760067373.json"
"515320","135490","2025-10-24","49.00","AUD","1760067373","66155/2025-10-24/1760067373.json"
"515320","135490","2025-10-25","49.00","AUD","1760067373","66155/2025-10-25/1760067373.json"
"515320","135490","2025-10-26","49.00","AUD","1760067373","66155/2025-10-26/1760067373.json"
"515320","135490","2025-10-27","49.00","AUD","1760067373","66155/2025-10-27/1760067373.json"
"515320","135490","2025-10-28","49.00","AUD","1760067373","66155/2025-10-28/1760067373.json"
"515320","135490","2025-10-29","49.00","AUD","1760067373","66155/2025-10-29/1760067373.json"
"515320","135490","2025-10-23","49.00","AUD","1760067373","66155/2025-10-23/1760067373.json"
"515320","135490","2025-10-20","49.00","AUD","1760067373","66155/2025-10-20/1760067373.json"
"515320","135490","2025-10-30","49.00","AUD","1760067373","66155/2025-10-30/1760067373.json"
"515320","135490","2025-11-02","49.00","AUD","1760067373","66155/2025-11-02/1760067373.json"
"515320","135490","2025-11-03","49.00","AUD","1760067373","66155/2025-11-03/1760067373.json"
"515320","135490","2025-11-04","49.00","AUD","1760067373","66155/2025-11-04/1760067373.json"
"515320","135490","2025-11-05","49.00","AUD","1760067373","66155/2025-11-05/1760067373.json"
"515320","135490","2025-11-06","49.00","AUD","1760067373","66155/2025-11-06/1760067373.json"
"515320","135490","2025-11-09","49.00","AUD","1760067373","66155/2025-11-09/1760067373.json"
"515320","135490","2025-11-10","49.00","AUD","1760067373","66155/2025-11-10/1760067373.json"
"515320","135490","2025-11-12","49.00","AUD","1760067373","66155/2025-11-12/1760067373.json"
"515320","135490","2025-11-11","49.00","AUD","1760067373","66155/2025-11-11/1760067373.json"
"515320","135490","2025-11-13","49.00","AUD","1760067373","66155/2025-11-13/1760067373.json"
"515320","135490","2025-11-14","49.00","AUD","1760067373","66155/2025-11-14/1760067373.json"
"515320","135490","2025-11-15","49.00","AUD","1760067373","66155/2025-11-15/1760067373.json"
"515320","135490","2025-11-16","49.00","AUD","1760067373","66155/2025-11-16/1760067373.json"
"515320","135490","2025-11-17","49.00","AUD","1760067373","66155/2025-11-17/1760067373.json"
"515320","135490","2025-11-18","49.00","AUD","1760067373","66155/2025-11-18/1760067373.json"
"515320","135490","2025-11-19","49.00","AUD","1760067373","66155/2025-11-19/1760067373.json"
"515320","135490","2025-11-21","49.00","AUD","1760067373","66155/2025-11-21/1760067373.json"
"515320","135490","2025-11-20","49.00","AUD","1760067373","66155/2025-11-20/1760067373.json"
"515320","135490","2025-11-22","49.00","AUD","1760067373","66155/2025-11-22/1760067373.json"
"515320","135490","2025-11-23","49.00","AUD","1760067373","66155/2025-11-23/1760067373.json"
"515320","135490","2025-11-25","49.00","AUD","1760067373","66155/2025-11-25/1760067373.json"
"515320","135490","2025-11-24","49.00","AUD","1760067373","66155/2025-11-24/1760067373.json"
"515320","135490","2025-11-26","49.00","AUD","1760067373","66155/2025-11-26/1760067373.json"
"515320","135490","2025-11-27","49.00","AUD","1760067373","66155/2025-11-27/1760067373.json"
"515320","135490","2025-11-29","49.00","AUD","1760067373","66155/2025-11-29/1760067373.json"
"515320","135490","2025-11-28","49.00","AUD","1760067373","66155/2025-11-28/1760067373.json"
"515320","135490","2025-11-30","49.00","AUD","1760067373","66155/2025-11-30/1760067373.json"
"515320","135490","2025-12-02","49.00","AUD","1760067373","66155/2025-12-02/1760067373.json"
"515320","135490","2025-12-05","49.00","AUD","1760067373","66155/2025-12-05/1760067373.json"
"515320","135490","2025-12-06","49.00","AUD","1760067373","66155/2025-12-06/1760067373.json"
"515320","135490","2025-12-09","49.00","AUD","1760067373","66155/2025-12-09/1760067373.json"
"515320","135490","2025-10-13","49.00","AUD","1760072855","66155/2025-10-13/1760072855.json"
"515320","135490","2025-10-10","49.00","AUD","1760072855","66155/2025-10-10/1760072855.json"
"515320","135490","2025-10-11","49.00","AUD","1760072855","66155/2025-10-11/1760072855.json"
"515320","135490","2025-10-12","49.00","AUD","1760072855","66155/2025-10-12/1760072855.json"
"515320","135490","2025-10-15","49.00","AUD","1760072855","66155/2025-10-15/1760072855.json"
"515320","135490","2025-10-14","49.00","AUD","1760072855","66155/2025-10-14/1760072855.json"
"515320","135490","2025-10-16","49.00","AUD","1760072855","66155/2025-10-16/1760072855.json"
"515320","135490","2025-10-17","49.00","AUD","1760072855","66155/2025-10-17/1760072855.json"
"515320","135490","2025-10-19","49.00","AUD","1760072855","66155/2025-10-19/1760072855.json"
"515320","135490","2025-10-18","49.00","AUD","1760072855","66155/2025-10-18/1760072855.json"
"515320","135490","2025-10-20","49.00","AUD","1760072855","66155/2025-10-20/1760072855.json"
"515320","135490","2025-10-21","49.00","AUD","1760072855","66155/2025-10-21/1760072855.json"
"515320","135490","2025-10-22","49.00","AUD","1760072855","66155/2025-10-22/1760072855.json"
"515320","135490","2025-10-24","49.00","AUD","1760072855","66155/2025-10-24/1760072855.json"
"515320","135490","2025-10-25","49.00","AUD","1760072855","66155/2025-10-25/1760072855.json"
"515320","135490","2025-10-23","49.00","AUD","1760072855","66155/2025-10-23/1760072855.json"
"515320","135490","2025-10-26","49.00","AUD","1760072855","66155/2025-10-26/1760072855.json"
"515320","135490","2025-10-28","49.00","AUD","1760072855","66155/2025-10-28/1760072855.json"
"515320","135490","2025-10-29","49.00","AUD","1760072855","66155/2025-10-29/1760072855.json"
"515320","135490","2025-10-27","49.00","AUD","1760072855","66155/2025-10-27/1760072855.json"
"515320","135490","2025-10-30","49.00","AUD","1760072855","66155/2025-10-30/1760072855.json"
"515320","135490","2025-11-02","49.00","AUD","1760072855","66155/2025-11-02/1760072855.json"
"515320","135490","2025-11-05","49.00","AUD","1760072855","66155/2025-11-05/1760072855.json"
"515320","135490","2025-11-03","49.00","AUD","1760072855","66155/2025-11-03/1760072855.json"
"515320","135490","2025-11-04","49.00","AUD","1760072855","66155/2025-11-04/1760072855.json"
"515320","135490","2025-11-06","49.00","AUD","1760072855","66155/2025-11-06/1760072855.json"
"515320","135490","2025-11-10","49.00","AUD","1760072855","66155/2025-11-10/1760072855.json"
"515320","135490","2025-11-09","49.00","AUD","1760072855","66155/2025-11-09/1760072855.json"
"515320","135490","2025-11-11","49.00","AUD","1760072855","66155/2025-11-11/1760072855.json"
"515320","135490","2025-11-12","49.00","AUD","1760072855","66155/2025-11-12/1760072855.json"
"515320","135490","2025-11-13","49.00","AUD","1760072855","66155/2025-11-13/1760072855.json"
"515320","135490","2025-11-14","49.00","AUD","1760072855","66155/2025-11-14/1760072855.json"
"515320","135490","2025-11-15","49.00","AUD","1760072855","66155/2025-11-15/1760072855.json"
"515320","135490","2025-11-16","49.00","AUD","1760072855","66155/2025-11-16/1760072855.json"
"515320","135490","2025-11-17","49.00","AUD","1760072855","66155/2025-11-17/1760072855.json"
"515320","135490","2025-11-19","49.00","AUD","1760072855","66155/2025-11-19/1760072855.json"
"515320","135490","2025-11-18","49.00","AUD","1760072855","66155/2025-11-18/1760072855.json"
"515320","135490","2025-11-20","49.00","AUD","1760072855","66155/2025-11-20/1760072855.json"
"515320","135490","2025-11-21","49.00","AUD","1760072855","66155/2025-11-21/1760072855.json"
"515320","135490","2025-11-22","49.00","AUD","1760072855","66155/2025-11-22/1760072855.json"
"515320","135490","2025-11-23","49.00","AUD","1760072855","66155/2025-11-23/1760072855.json"
"515320","135490","2025-11-24","49.00","AUD","1760072855","66155/2025-11-24/1760072855.json"
"515320","135490","2025-11-26","49.00","AUD","1760072855","66155/2025-11-26/1760072855.json"
"515320","135490","2025-11-27","49.00","AUD","1760072855","66155/2025-11-27/1760072855.json"
"515320","135490","2025-11-25","49.00","AUD","1760072855","66155/2025-11-25/1760072855.json"
"515320","135490","2025-11-28","49.00","AUD","1760072855","66155/2025-11-28/1760072855.json"
"515320","135490","2025-11-29","49.00","AUD","1760072855","66155/2025-11-29/1760072855.json"
"515320","135490","2025-11-30","49.00","AUD","1760072855","66155/2025-11-30/1760072855.json"
"515320","135490","2025-12-02","49.00","AUD","1760072855","66155/2025-12-02/1760072855.json"
"515320","135490","2025-12-06","49.00","AUD","1760072855","66155/2025-12-06/1760072855.json"
"515320","135490","2025-12-05","49.00","AUD","1760072855","66155/2025-12-05/1760072855.json"
"515320","135490","2025-12-09","49.00","AUD","1760072855","66155/2025-12-09/1760072855.json"
"515320","135490","2025-10-10","49.00","AUD","1760087969","66155/2025-10-10/1760087969.json"
"515320","135490","2025-10-13","49.00","AUD","1760087969","66155/2025-10-13/1760087969.json"
"515320","135490","2025-10-11","49.00","AUD","1760087969","66155/2025-10-11/1760087969.json"
"515320","135490","2025-10-12","49.00","AUD","1760087969","66155/2025-10-12/1760087969.json"
"515320","135490","2025-10-15","49.00","AUD","1760087969","66155/2025-10-15/1760087969.json"
"515320","135490","2025-10-14","49.00","AUD","1760087969","66155/2025-10-14/1760087969.json"
"515320","135490","2025-10-16","49.00","AUD","1760087969","66155/2025-10-16/1760087969.json"
"515320","135490","2025-10-17","49.00","AUD","1760087969","66155/2025-10-17/1760087969.json"
"515320","135490","2025-10-18","49.00","AUD","1760087969","66155/2025-10-18/1760087969.json"
"515320","135490","2025-10-20","49.00","AUD","1760087969","66155/2025-10-20/1760087969.json"
"515320","135490","2025-10-19","49.00","AUD","1760087969","66155/2025-10-19/1760087969.json"
"515320","135490","2025-10-21","49.00","AUD","1760087969","66155/2025-10-21/1760087969.json"
"515320","135490","2025-10-22","49.00","AUD","1760087969","66155/2025-10-22/1760087969.json"
"515320","135490","2025-10-24","49.00","AUD","1760087969","66155/2025-10-24/1760087969.json"
"515320","135490","2025-10-26","49.00","AUD","1760087969","66155/2025-10-26/1760087969.json"
"515320","135490","2025-10-27","49.00","AUD","1760087969","66155/2025-10-27/1760087969.json"
"515320","135490","2025-10-28","49.00","AUD","1760087969","66155/2025-10-28/1760087969.json"
"515320","135490","2025-10-25","49.00","AUD","1760087969","66155/2025-10-25/1760087969.json"
"515320","135490","2025-10-29","49.00","AUD","1760087969","66155/2025-10-29/1760087969.json"
"515320","135490","2025-10-23","49.00","AUD","1760087969","66155/2025-10-23/1760087969.json"
"515320","135490","2025-10-30","49.00","AUD","1760087969","66155/2025-10-30/1760087969.json"
"515320","135490","2025-11-02","49.00","AUD","1760087969","66155/2025-11-02/1760087969.json"
"515320","135490","2025-11-03","49.00","AUD","1760087969","66155/2025-11-03/1760087969.json"
"515320","135490","2025-11-04","49.00","AUD","1760087969","66155/2025-11-04/1760087969.json"
"515320","135490","2025-11-05","49.00","AUD","1760087969","66155/2025-11-05/1760087969.json"
"515320","135490","2025-11-06","49.00","AUD","1760087969","66155/2025-11-06/1760087969.json"
"515320","135490","2025-11-09","49.00","AUD","1760087969","66155/2025-11-09/1760087969.json"
"515320","135490","2025-11-10","49.00","AUD","1760087969","66155/2025-11-10/1760087969.json"
"515320","135490","2025-11-12","49.00","AUD","1760087969","66155/2025-11-12/1760087969.json"
"515320","135490","2025-11-13","49.00","AUD","1760087969","66155/2025-11-13/1760087969.json"
"515320","135490","2025-11-11","49.00","AUD","1760087969","66155/2025-11-11/1760087969.json"
"515320","135490","2025-11-14","49.00","AUD","1760087969","66155/2025-11-14/1760087969.json"
"515320","135490","2025-11-15","49.00","AUD","1760087969","66155/2025-11-15/1760087969.json"
"515320","135490","2025-11-16","49.00","AUD","1760087969","66155/2025-11-16/1760087969.json"
"515320","135490","2025-11-17","49.00","AUD","1760087969","66155/2025-11-17/1760087969.json"
"515320","135490","2025-11-18","49.00","AUD","1760087969","66155/2025-11-18/1760087969.json"
"515320","135490","2025-11-21","49.00","AUD","1760087969","66155/2025-11-21/1760087969.json"
"515320","135490","2025-11-19","49.00","AUD","1760087969","66155/2025-11-19/1760087969.json"
"515320","135490","2025-11-20","49.00","AUD","1760087969","66155/2025-11-20/1760087969.json"
"515320","135490","2025-11-22","49.00","AUD","1760087969","66155/2025-11-22/1760087969.json"
"515320","135490","2025-11-23","49.00","AUD","1760087969","66155/2025-11-23/1760087969.json"
"515320","135490","2025-11-24","49.00","AUD","1760087969","66155/2025-11-24/1760087969.json"
"515320","135490","2025-11-25","49.00","AUD","1760087969","66155/2025-11-25/1760087969.json"
"515320","135490","2025-11-26","49.00","AUD","1760087969","66155/2025-11-26/1760087969.json"
"515320","135490","2025-11-27","49.00","AUD","1760087969","66155/2025-11-27/1760087969.json"
"515320","135490","2025-11-28","49.00","AUD","1760087969","66155/2025-11-28/1760087969.json"
"515320","135490","2025-11-29","49.00","AUD","1760087969","66155/2025-11-29/1760087969.json"
"515320","135490","2025-11-30","49.00","AUD","1760087969","66155/2025-11-30/1760087969.json"
"515320","135490","2025-12-02","49.00","AUD","1760087969","66155/2025-12-02/1760087969.json"
"515320","135490","2025-12-05","49.00","AUD","1760087969","66155/2025-12-05/1760087969.json"
"515320","135490","2025-12-06","49.00","AUD","1760087969","66155/2025-12-06/1760087969.json"
"515320","135490","2025-12-09","49.00","AUD","1760087969","66155/2025-12-09/1760087969.json"
"515320","135490","2025-10-13","49.00","AUD","1760104349","66155/2025-10-13/1760104349.json"
"515320","135490","2025-10-11","49.00","AUD","1760104349","66155/2025-10-11/1760104349.json"
"515320","135490","2025-10-12","49.00","AUD","1760104349","66155/2025-10-12/1760104349.json"
"515320","135490","2025-10-14","49.00","AUD","1760104349","66155/2025-10-14/1760104349.json"
"515320","135490","2025-10-16","49.00","AUD","1760104349","66155/2025-10-16/1760104349.json"
"515320","135490","2025-10-15","49.00","AUD","1760104349","66155/2025-10-15/1760104349.json"
"515320","135490","2025-10-17","49.00","AUD","1760104349","66155/2025-10-17/1760104349.json"
"515320","135490","2025-10-18","49.00","AUD","1760104349","66155/2025-10-18/1760104349.json"
"515320","135490","2025-10-19","49.00","AUD","1760104349","66155/2025-10-19/1760104349.json"
"515320","135490","2025-10-21","49.00","AUD","1760104349","66155/2025-10-21/1760104349.json"
"515320","135490","2025-10-22","49.00","AUD","1760104349","66155/2025-10-22/1760104349.json"
"515320","135490","2025-10-20","49.00","AUD","1760104349","66155/2025-10-20/1760104349.json"
"515320","135490","2025-10-23","49.00","AUD","1760104349","66155/2025-10-23/1760104349.json"
"515320","135490","2025-10-24","49.00","AUD","1760104349","66155/2025-10-24/1760104349.json"
"515320","135490","2025-10-25","49.00","AUD","1760104349","66155/2025-10-25/1760104349.json"
"515320","135490","2025-10-26","49.00","AUD","1760104349","66155/2025-10-26/1760104349.json"
"515320","135490","2025-10-27","49.00","AUD","1760104349","66155/2025-10-27/1760104349.json"
"515320","135490","2025-10-28","49.00","AUD","1760104349","66155/2025-10-28/1760104349.json"
"515320","135490","2025-10-30","49.00","AUD","1760104349","66155/2025-10-30/1760104349.json"
"515320","135490","2025-10-29","49.00","AUD","1760104349","66155/2025-10-29/1760104349.json"
"515320","135490","2025-11-02","49.00","AUD","1760104349","66155/2025-11-02/1760104349.json"
"515320","135490","2025-11-03","49.00","AUD","1760104349","66155/2025-11-03/1760104349.json"
"515320","135490","2025-11-05","49.00","AUD","1760104349","66155/2025-11-05/1760104349.json"
"515320","135490","2025-11-04","49.00","AUD","1760104349","66155/2025-11-04/1760104349.json"
"515320","135490","2025-11-06","49.00","AUD","1760104349","66155/2025-11-06/1760104349.json"
"515320","135490","2025-11-09","49.00","AUD","1760104349","66155/2025-11-09/1760104349.json"
"515320","135490","2025-11-10","49.00","AUD","1760104349","66155/2025-11-10/1760104349.json"
"515320","135490","2025-11-11","49.00","AUD","1760104349","66155/2025-11-11/1760104349.json"
"515320","135490","2025-11-12","49.00","AUD","1760104349","66155/2025-11-12/1760104349.json"
"515320","135490","2025-11-13","49.00","AUD","1760104349","66155/2025-11-13/1760104349.json"
"515320","135490","2025-11-16","49.00","AUD","1760104349","66155/2025-11-16/1760104349.json"
"515320","135490","2025-11-14","49.00","AUD","1760104349","66155/2025-11-14/1760104349.json"
"515320","135490","2025-11-17","49.00","AUD","1760104349","66155/2025-11-17/1760104349.json"
"515320","135490","2025-11-15","49.00","AUD","1760104349","66155/2025-11-15/1760104349.json"
"515320","135490","2025-11-18","49.00","AUD","1760104349","66155/2025-11-18/1760104349.json"
"515320","135490","2025-11-19","49.00","AUD","1760104349","66155/2025-11-19/1760104349.json"
"515320","135490","2025-11-21","49.00","AUD","1760104349","66155/2025-11-21/1760104349.json"
"515320","135490","2025-11-20","49.00","AUD","1760104349","66155/2025-11-20/1760104349.json"
"515320","135490","2025-11-22","49.00","AUD","1760104349","66155/2025-11-22/1760104349.json"
"515320","135490","2025-11-24","49.00","AUD","1760104349","66155/2025-11-24/1760104349.json"
"515320","135490","2025-11-25","49.00","AUD","1760104349","66155/2025-11-25/1760104349.json"
"515320","135490","2025-11-23","49.00","AUD","1760104349","66155/2025-11-23/1760104349.json"
"515320","135490","2025-11-26","49.00","AUD","1760104349","66155/2025-11-26/1760104349.json"
"515320","135490","2025-11-27","49.00","AUD","1760104349","66155/2025-11-27/1760104349.json"
"515320","135490","2025-11-28","49.00","AUD","1760104349","66155/2025-11-28/1760104349.json"
"515320","135490","2025-11-29","49.00","AUD","1760104349","66155/2025-11-29/1760104349.json"
"515320","135490","2025-11-30","49.00","AUD","1760104349","66155/2025-11-30/1760104349.json"
"515320","135490","2025-12-02","49.00","AUD","1760104349","66155/2025-12-02/1760104349.json"
"515320","135490","2025-12-06","49.00","AUD","1760104349","66155/2025-12-06/1760104349.json"
"515320","135490","2025-12-05","49.00","AUD","1760104349","66155/2025-12-05/1760104349.json"
"515320","135490","2025-12-09","49.00","AUD","1760104349","66155/2025-12-09/1760104349.json"
"515320","135490","2025-10-13","49.00","AUD","1760116556","66155/2025-10-13/1760116556.json"
"515320","135490","2025-10-11","49.00","AUD","1760116556","66155/2025-10-11/1760116556.json"
"515320","135490","2025-10-12","49.00","AUD","1760116556","66155/2025-10-12/1760116556.json"
"515320","135490","2025-10-14","49.00","AUD","1760116556","66155/2025-10-14/1760116556.json"
"515320","135490","2025-10-15","49.00","AUD","1760116556","66155/2025-10-15/1760116556.json"
"515320","135490","2025-10-17","49.00","AUD","1760116556","66155/2025-10-17/1760116556.json"
"515320","135490","2025-10-16","49.00","AUD","1760116556","66155/2025-10-16/1760116556.json"
"515320","135490","2025-10-18","49.00","AUD","1760116556","66155/2025-10-18/1760116556.json"
"515320","135490","2025-10-19","49.00","AUD","1760116556","66155/2025-10-19/1760116556.json"
"515320","135490","2025-10-20","49.00","AUD","1760116556","66155/2025-10-20/1760116556.json"
"515320","135490","2025-10-21","49.00","AUD","1760116556","66155/2025-10-21/1760116556.json"
"515320","135490","2025-10-22","49.00","AUD","1760116556","66155/2025-10-22/1760116556.json"
"515320","135490","2025-10-25","49.00","AUD","1760116556","66155/2025-10-25/1760116556.json"
"515320","135490","2025-10-26","49.00","AUD","1760116556","66155/2025-10-26/1760116556.json"
"515320","135490","2025-10-24","49.00","AUD","1760116556","66155/2025-10-24/1760116556.json"
"515320","135490","2025-10-28","49.00","AUD","1760116556","66155/2025-10-28/1760116556.json"
"515320","135490","2025-10-27","49.00","AUD","1760116556","66155/2025-10-27/1760116556.json"
"515320","135490","2025-10-29","49.00","AUD","1760116556","66155/2025-10-29/1760116556.json"
"515320","135490","2025-10-23","49.00","AUD","1760116556","66155/2025-10-23/1760116556.json"
"515320","135490","2025-10-30","49.00","AUD","1760116556","66155/2025-10-30/1760116556.json"
"515320","135490","2025-11-04","49.00","AUD","1760116556","66155/2025-11-04/1760116556.json"
"515320","135490","2025-11-02","49.00","AUD","1760116556","66155/2025-11-02/1760116556.json"
"515320","135490","2025-11-03","49.00","AUD","1760116556","66155/2025-11-03/1760116556.json"
"515320","135490","2025-11-05","49.00","AUD","1760116556","66155/2025-11-05/1760116556.json"
"515320","135490","2025-11-06","49.00","AUD","1760116556","66155/2025-11-06/1760116556.json"
"515320","135490","2025-11-09","49.00","AUD","1760116556","66155/2025-11-09/1760116556.json"
"515320","135490","2025-11-12","49.00","AUD","1760116556","66155/2025-11-12/1760116556.json"
"515320","135490","2025-11-10","49.00","AUD","1760116556","66155/2025-11-10/1760116556.json"
"515320","135490","2025-11-11","49.00","AUD","1760116556","66155/2025-11-11/1760116556.json"
"515320","135490","2025-11-13","49.00","AUD","1760116556","66155/2025-11-13/1760116556.json"
"515320","135490","2025-11-14","49.00","AUD","1760116556","66155/2025-11-14/1760116556.json"
"515320","135490","2025-11-16","49.00","AUD","1760116556","66155/2025-11-16/1760116556.json"
"515320","135490","2025-11-17","49.00","AUD","1760116556","66155/2025-11-17/1760116556.json"
"515320","135490","2025-11-15","49.00","AUD","1760116556","66155/2025-11-15/1760116556.json"
"515320","135490","2025-11-20","49.00","AUD","1760116556","66155/2025-11-20/1760116556.json"
"515320","135490","2025-11-18","49.00","AUD","1760116556","66155/2025-11-18/1760116556.json"
"515320","135490","2025-11-19","49.00","AUD","1760116556","66155/2025-11-19/1760116556.json"
"515320","135490","2025-11-21","49.00","AUD","1760116556","66155/2025-11-21/1760116556.json"
"515320","135490","2025-11-22","49.00","AUD","1760116556","66155/2025-11-22/1760116556.json"
"515320","135490","2025-11-24","49.00","AUD","1760116556","66155/2025-11-24/1760116556.json"
"515320","135490","2025-11-23","49.00","AUD","1760116556","66155/2025-11-23/1760116556.json"
"515320","135490","2025-11-25","49.00","AUD","1760116556","66155/2025-11-25/1760116556.json"
"515320","135490","2025-11-26","49.00","AUD","1760116556","66155/2025-11-26/1760116556.json"
"515320","135490","2025-11-27","49.00","AUD","1760116556","66155/2025-11-27/1760116556.json"
"515320","135490","2025-11-29","49.00","AUD","1760116556","66155/2025-11-29/1760116556.json"
"515320","135490","2025-11-28","49.00","AUD","1760116556","66155/2025-11-28/1760116556.json"
"515320","135490","2025-11-30","49.00","AUD","1760116556","66155/2025-11-30/1760116556.json"
"515320","135490","2025-12-02","49.00","AUD","1760116556","66155/2025-12-02/1760116556.json"
"515320","135490","2025-12-05","49.00","AUD","1760116556","66155/2025-12-05/1760116556.json"
"515320","135490","2025-12-06","49.00","AUD","1760116556","66155/2025-12-06/1760116556.json"
"515320","135490","2025-12-09","49.00","AUD","1760116556","66155/2025-12-09/1760116556.json"
"515320","135490","2025-10-12","49.00","AUD","1760130068","66155/2025-10-12/1760130068.json"
"515320","135490","2025-10-11","49.00","AUD","1760130068","66155/2025-10-11/1760130068.json"
"515320","135490","2025-10-13","49.00","AUD","1760130068","66155/2025-10-13/1760130068.json"
"515320","135490","2025-10-14","49.00","AUD","1760130068","66155/2025-10-14/1760130068.json"
"515320","135490","2025-10-16","49.00","AUD","1760130068","66155/2025-10-16/1760130068.json"
"515320","135490","2025-10-18","49.00","AUD","1760130068","66155/2025-10-18/1760130068.json"
"515320","135490","2025-10-15","49.00","AUD","1760130068","66155/2025-10-15/1760130068.json"
"515320","135490","2025-10-19","49.00","AUD","1760130068","66155/2025-10-19/1760130068.json"
"515320","135490","2025-10-20","49.00","AUD","1760130068","66155/2025-10-20/1760130068.json"
"515320","135490","2025-10-17","49.00","AUD","1760130068","66155/2025-10-17/1760130068.json"
"515320","135490","2025-10-21","49.00","AUD","1760130068","66155/2025-10-21/1760130068.json"
"515320","135490","2025-10-22","49.00","AUD","1760130068","66155/2025-10-22/1760130068.json"
"515320","135490","2025-10-24","49.00","AUD","1760130068","66155/2025-10-24/1760130068.json"
"515320","135490","2025-10-23","49.00","AUD","1760130068","66155/2025-10-23/1760130068.json"
"515320","135490","2025-10-25","49.00","AUD","1760130068","66155/2025-10-25/1760130068.json"
"515320","135490","2025-10-27","49.00","AUD","1760130068","66155/2025-10-27/1760130068.json"
"515320","135490","2025-10-26","49.00","AUD","1760130068","66155/2025-10-26/1760130068.json"
"515320","135490","2025-10-28","49.00","AUD","1760130068","66155/2025-10-28/1760130068.json"
"515320","135490","2025-10-29","49.00","AUD","1760130068","66155/2025-10-29/1760130068.json"
"515320","135490","2025-10-30","49.00","AUD","1760130068","66155/2025-10-30/1760130068.json"
"515320","135490","2025-11-03","49.00","AUD","1760130068","66155/2025-11-03/1760130068.json"
"515320","135490","2025-11-04","49.00","AUD","1760130068","66155/2025-11-04/1760130068.json"
"515320","135490","2025-11-02","49.00","AUD","1760130068","66155/2025-11-02/1760130068.json"
"515320","135490","2025-11-05","49.00","AUD","1760130068","66155/2025-11-05/1760130068.json"
"515320","135490","2025-11-06","49.00","AUD","1760130068","66155/2025-11-06/1760130068.json"
"515320","135490","2025-11-10","49.00","AUD","1760130068","66155/2025-11-10/1760130068.json"
"515320","135490","2025-11-09","49.00","AUD","1760130068","66155/2025-11-09/1760130068.json"
"515320","135490","2025-11-12","49.00","AUD","1760130068","66155/2025-11-12/1760130068.json"
"515320","135490","2025-11-11","49.00","AUD","1760130068","66155/2025-11-11/1760130068.json"
"515320","135490","2025-11-13","49.00","AUD","1760130068","66155/2025-11-13/1760130068.json"
"515320","135490","2025-11-15","49.00","AUD","1760130068","66155/2025-11-15/1760130068.json"
"515320","135490","2025-11-16","49.00","AUD","1760130068","66155/2025-11-16/1760130068.json"
"515320","135490","2025-11-14","49.00","AUD","1760130068","66155/2025-11-14/1760130068.json"
"515320","135490","2025-11-18","49.00","AUD","1760130068","66155/2025-11-18/1760130068.json"
"515320","135490","2025-11-17","49.00","AUD","1760130068","66155/2025-11-17/1760130068.json"
"515320","135490","2025-11-19","49.00","AUD","1760130068","66155/2025-11-19/1760130068.json"
"515320","135490","2025-11-20","49.00","AUD","1760130068","66155/2025-11-20/1760130068.json"
"515320","135490","2025-11-21","49.00","AUD","1760130068","66155/2025-11-21/1760130068.json"
"515320","135490","2025-11-23","49.00","AUD","1760130068","66155/2025-11-23/1760130068.json"
"515320","135490","2025-11-24","49.00","AUD","1760130068","66155/2025-11-24/1760130068.json"
"515320","135490","2025-11-25","49.00","AUD","1760130068","66155/2025-11-25/1760130068.json"
"515320","135490","2025-11-22","49.00","AUD","1760130068","66155/2025-11-22/1760130068.json"
"515320","135490","2025-11-26","49.00","AUD","1760130068","66155/2025-11-26/1760130068.json"
"515320","135490","2025-11-29","49.00","AUD","1760130068","66155/2025-11-29/1760130068.json"
"515320","135490","2025-11-28","49.00","AUD","1760130068","66155/2025-11-28/1760130068.json"
"515320","135490","2025-11-27","49.00","AUD","1760130068","66155/2025-11-27/1760130068.json"
"515320","135490","2025-11-30","49.00","AUD","1760130068","66155/2025-11-30/1760130068.json"
"515320","135490","2025-12-02","49.00","AUD","1760130068","66155/2025-12-02/1760130068.json"
"515320","135490","2025-12-05","49.00","AUD","1760130068","66155/2025-12-05/1760130068.json"
"515320","135490","2025-12-06","49.00","AUD","1760130068","66155/2025-12-06/1760130068.json"
"515320","135490","2025-12-09","49.00","AUD","1760130068","66155/2025-12-09/1760130068.json"
"515320","135490","2025-10-14","49.00","AUD","1760153284","66155/2025-10-14/1760153284.json"
"515320","135490","2025-10-12","49.00","AUD","1760153284","66155/2025-10-12/1760153284.json"
"515320","135490","2025-10-11","49.00","AUD","1760153284","66155/2025-10-11/1760153284.json"
"515320","135490","2025-10-13","49.00","AUD","1760153284","66155/2025-10-13/1760153284.json"
"515320","135490","2025-10-15","49.00","AUD","1760153284","66155/2025-10-15/1760153284.json"
"515320","135490","2025-10-16","49.00","AUD","1760153284","66155/2025-10-16/1760153284.json"
"515320","135490","2025-10-17","49.00","AUD","1760153284","66155/2025-10-17/1760153284.json"
"515320","135490","2025-10-18","49.00","AUD","1760153284","66155/2025-10-18/1760153284.json"
"515320","135490","2025-10-19","49.00","AUD","1760153284","66155/2025-10-19/1760153284.json"
"515320","135490","2025-10-21","49.00","AUD","1760153284","66155/2025-10-21/1760153284.json"
"515320","135490","2025-10-22","49.00","AUD","1760153284","66155/2025-10-22/1760153284.json"
"515320","135490","2025-10-20","49.00","AUD","1760153284","66155/2025-10-20/1760153284.json"
"515320","135490","2025-10-23","49.00","AUD","1760153284","66155/2025-10-23/1760153284.json"
"515320","135490","2025-10-24","49.00","AUD","1760153284","66155/2025-10-24/1760153284.json"
"515320","135490","2025-10-25","49.00","AUD","1760153284","66155/2025-10-25/1760153284.json"
"515320","135490","2025-10-26","49.00","AUD","1760153284","66155/2025-10-26/1760153284.json"
"515320","135490","2025-10-28","49.00","AUD","1760153284","66155/2025-10-28/1760153284.json"
"515320","135490","2025-10-27","49.00","AUD","1760153284","66155/2025-10-27/1760153284.json"
"515320","135490","2025-10-29","49.00","AUD","1760153284","66155/2025-10-29/1760153284.json"
"515320","135490","2025-10-30","49.00","AUD","1760153284","66155/2025-10-30/1760153284.json"
"515320","135490","2025-11-02","49.00","AUD","1760153284","66155/2025-11-02/1760153284.json"
"515320","135490","2025-11-03","49.00","AUD","1760153284","66155/2025-11-03/1760153284.json"
"515320","135490","2025-11-04","49.00","AUD","1760153284","66155/2025-11-04/1760153284.json"
"515320","135490","2025-11-06","49.00","AUD","1760153284","66155/2025-11-06/1760153284.json"
"515320","135490","2025-11-05","49.00","AUD","1760153284","66155/2025-11-05/1760153284.json"
"515320","135490","2025-11-10","49.00","AUD","1760153284","66155/2025-11-10/1760153284.json"
"515320","135490","2025-11-09","49.00","AUD","1760153284","66155/2025-11-09/1760153284.json"
"515320","135490","2025-11-11","49.00","AUD","1760153284","66155/2025-11-11/1760153284.json"
"515320","135490","2025-11-12","49.00","AUD","1760153284","66155/2025-11-12/1760153284.json"
"515320","135490","2025-11-14","49.00","AUD","1760153284","66155/2025-11-14/1760153284.json"
"515320","135490","2025-11-13","49.00","AUD","1760153284","66155/2025-11-13/1760153284.json"
"515320","135490","2025-11-15","49.00","AUD","1760153284","66155/2025-11-15/1760153284.json"
"515320","135490","2025-11-16","49.00","AUD","1760153284","66155/2025-11-16/1760153284.json"
"515320","135490","2025-11-17","49.00","AUD","1760153284","66155/2025-11-17/1760153284.json"
"515320","135490","2025-11-19","49.00","AUD","1760153284","66155/2025-11-19/1760153284.json"
"515320","135490","2025-11-18","49.00","AUD","1760153284","66155/2025-11-18/1760153284.json"
"515320","135490","2025-11-20","49.00","AUD","1760153284","66155/2025-11-20/1760153284.json"
"515320","135490","2025-11-21","49.00","AUD","1760153284","66155/2025-11-21/1760153284.json"
"515320","135490","2025-11-22","49.00","AUD","1760153284","66155/2025-11-22/1760153284.json"
"515320","135490","2025-11-23","49.00","AUD","1760153284","66155/2025-11-23/1760153284.json"
"515320","135490","2025-11-24","49.00","AUD","1760153284","66155/2025-11-24/1760153284.json"
"515320","135490","2025-11-26","49.00","AUD","1760153284","66155/2025-11-26/1760153284.json"
"515320","135490","2025-11-27","49.00","AUD","1760153284","66155/2025-11-27/1760153284.json"
"515320","135490","2025-11-28","49.00","AUD","1760153284","66155/2025-11-28/1760153284.json"
"515320","135490","2025-11-25","49.00","AUD","1760153284","66155/2025-11-25/1760153284.json"
"515320","135490","2025-11-30","49.00","AUD","1760153284","66155/2025-11-30/1760153284.json"
"515320","135490","2025-11-29","49.00","AUD","1760153284","66155/2025-11-29/1760153284.json"
"515320","135490","2025-12-02","49.00","AUD","1760153284","66155/2025-12-02/1760153284.json"
"515320","135490","2025-12-05","49.00","AUD","1760153284","66155/2025-12-05/1760153284.json"
"515320","135490","2025-12-06","49.00","AUD","1760153284","66155/2025-12-06/1760153284.json"
"515320","135490","2025-12-09","49.00","AUD","1760153284","66155/2025-12-09/1760153284.json"
"515320","135490","2025-10-14","49.00","AUD","1760159187","66155/2025-10-14/1760159187.json"
"515320","135490","2025-10-13","49.00","AUD","1760159187","66155/2025-10-13/1760159187.json"
"515320","135490","2025-10-12","49.00","AUD","1760159187","66155/2025-10-12/1760159187.json"
"515320","135490","2025-10-11","49.00","AUD","1760159187","66155/2025-10-11/1760159187.json"
"515320","135490","2025-10-17","49.00","AUD","1760159187","66155/2025-10-17/1760159187.json"
"515320","135490","2025-10-18","49.00","AUD","1760159187","66155/2025-10-18/1760159187.json"
"515320","135490","2025-10-16","49.00","AUD","1760159187","66155/2025-10-16/1760159187.json"
"515320","135490","2025-10-15","49.00","AUD","1760159187","66155/2025-10-15/1760159187.json"
"515320","135490","2025-10-21","49.00","AUD","1760159187","66155/2025-10-21/1760159187.json"
"515320","135490","2025-10-19","49.00","AUD","1760159187","66155/2025-10-19/1760159187.json"
"515320","135490","2025-10-20","49.00","AUD","1760159187","66155/2025-10-20/1760159187.json"
"515320","135490","2025-10-22","49.00","AUD","1760159187","66155/2025-10-22/1760159187.json"
"515320","135490","2025-10-24","49.00","AUD","1760159187","66155/2025-10-24/1760159187.json"
"515320","135490","2025-10-23","49.00","AUD","1760159187","66155/2025-10-23/1760159187.json"
"515320","135490","2025-10-26","49.00","AUD","1760159187","66155/2025-10-26/1760159187.json"
"515320","135490","2025-10-25","49.00","AUD","1760159187","66155/2025-10-25/1760159187.json"
"515320","135490","2025-10-28","49.00","AUD","1760159187","66155/2025-10-28/1760159187.json"
"515320","135490","2025-10-29","49.00","AUD","1760159187","66155/2025-10-29/1760159187.json"
"515320","135490","2025-10-27","49.00","AUD","1760159187","66155/2025-10-27/1760159187.json"
"515320","135490","2025-10-30","49.00","AUD","1760159187","66155/2025-10-30/1760159187.json"
"515320","135490","2025-11-02","49.00","AUD","1760159187","66155/2025-11-02/1760159187.json"
"515320","135490","2025-11-03","49.00","AUD","1760159187","66155/2025-11-03/1760159187.json"
"515320","135490","2025-11-04","49.00","AUD","1760159187","66155/2025-11-04/1760159187.json"
"515320","135490","2025-11-05","49.00","AUD","1760159187","66155/2025-11-05/1760159187.json"
"515320","135490","2025-11-06","49.00","AUD","1760159187","66155/2025-11-06/1760159187.json"
"515320","135490","2025-11-09","49.00","AUD","1760159187","66155/2025-11-09/1760159187.json"
"515320","135490","2025-11-10","49.00","AUD","1760159187","66155/2025-11-10/1760159187.json"
"515320","135490","2025-11-11","49.00","AUD","1760159187","66155/2025-11-11/1760159187.json"
"515320","135490","2025-11-12","49.00","AUD","1760159187","66155/2025-11-12/1760159187.json"
"515320","135490","2025-11-13","49.00","AUD","1760159187","66155/2025-11-13/1760159187.json"
"515320","135490","2025-11-14","49.00","AUD","1760159187","66155/2025-11-14/1760159187.json"
"515320","135490","2025-11-15","49.00","AUD","1760159187","66155/2025-11-15/1760159187.json"
"515320","135490","2025-11-16","49.00","AUD","1760159187","66155/2025-11-16/1760159187.json"
"515320","135490","2025-11-17","49.00","AUD","1760159187","66155/2025-11-17/1760159187.json"
"515320","135490","2025-11-18","49.00","AUD","1760159187","66155/2025-11-18/1760159187.json"
"515320","135490","2025-11-19","49.00","AUD","1760159187","66155/2025-11-19/1760159187.json"
"515320","135490","2025-11-21","49.00","AUD","1760159187","66155/2025-11-21/1760159187.json"
"515320","135490","2025-11-20","49.00","AUD","1760159187","66155/2025-11-20/1760159187.json"
"515320","135490","2025-11-22","49.00","AUD","1760159187","66155/2025-11-22/1760159187.json"
"515320","135490","2025-11-23","49.00","AUD","1760159187","66155/2025-11-23/1760159187.json"
"515320","135490","2025-11-25","49.00","AUD","1760159187","66155/2025-11-25/1760159187.json"
"515320","135490","2025-11-24","49.00","AUD","1760159187","66155/2025-11-24/1760159187.json"
"515320","135490","2025-11-26","49.00","AUD","1760159187","66155/2025-11-26/1760159187.json"
"515320","135490","2025-11-27","49.00","AUD","1760159187","66155/2025-11-27/1760159187.json"
"515320","135490","2025-11-28","49.00","AUD","1760159187","66155/2025-11-28/1760159187.json"
"515320","135490","2025-11-29","49.00","AUD","1760159187","66155/2025-11-29/1760159187.json"
"515320","135490","2025-11-30","49.00","AUD","1760159187","66155/2025-11-30/1760159187.json"
"515320","135490","2025-12-02","49.00","AUD","1760159187","66155/2025-12-02/1760159187.json"
"515320","135490","2025-12-05","49.00","AUD","1760159187","66155/2025-12-05/1760159187.json"
"515320","135490","2025-12-06","49.00","AUD","1760159187","66155/2025-12-06/1760159187.json"
"515320","135490","2025-12-09","49.00","AUD","1760159187","66155/2025-12-09/1760159187.json"
"515320","135490","2025-10-12","49.00","AUD","1760173875","66155/2025-10-12/1760173875.json"
"515320","135490","2025-10-13","49.00","AUD","1760173875","66155/2025-10-13/1760173875.json"
"515320","135490","2025-10-14","49.00","AUD","1760173875","66155/2025-10-14/1760173875.json"
"515320","135490","2025-10-11","49.00","AUD","1760173875","66155/2025-10-11/1760173875.json"
"515320","135490","2025-10-15","49.00","AUD","1760173875","66155/2025-10-15/1760173875.json"
"515320","135490","2025-10-17","49.00","AUD","1760173875","66155/2025-10-17/1760173875.json"
"515320","135490","2025-10-18","49.00","AUD","1760173875","66155/2025-10-18/1760173875.json"
"515320","135490","2025-10-16","49.00","AUD","1760173875","66155/2025-10-16/1760173875.json"
"515320","135490","2025-10-20","49.00","AUD","1760173875","66155/2025-10-20/1760173875.json"
"515320","135490","2025-10-21","49.00","AUD","1760173875","66155/2025-10-21/1760173875.json"
"515320","135490","2025-10-19","49.00","AUD","1760173875","66155/2025-10-19/1760173875.json"
"515320","135490","2025-10-22","49.00","AUD","1760173875","66155/2025-10-22/1760173875.json"
"515320","135490","2025-10-24","49.00","AUD","1760173875","66155/2025-10-24/1760173875.json"
"515320","135490","2025-10-25","49.00","AUD","1760173875","66155/2025-10-25/1760173875.json"
"515320","135490","2025-10-23","49.00","AUD","1760173875","66155/2025-10-23/1760173875.json"
"515320","135490","2025-10-26","49.00","AUD","1760173875","66155/2025-10-26/1760173875.json"
"515320","135490","2025-10-29","49.00","AUD","1760173875","66155/2025-10-29/1760173875.json"
"515320","135490","2025-10-27","49.00","AUD","1760173875","66155/2025-10-27/1760173875.json"
"515320","135490","2025-10-30","49.00","AUD","1760173875","66155/2025-10-30/1760173875.json"
"515320","135490","2025-10-28","49.00","AUD","1760173875","66155/2025-10-28/1760173875.json"
"515320","135490","2025-11-03","49.00","AUD","1760173875","66155/2025-11-03/1760173875.json"
"515320","135490","2025-11-02","49.00","AUD","1760173875","66155/2025-11-02/1760173875.json"
"515320","135490","2025-11-04","49.00","AUD","1760173875","66155/2025-11-04/1760173875.json"
"515320","135490","2025-11-05","49.00","AUD","1760173875","66155/2025-11-05/1760173875.json"
"515320","135490","2025-11-06","49.00","AUD","1760173875","66155/2025-11-06/1760173875.json"
"515320","135490","2025-11-09","49.00","AUD","1760173875","66155/2025-11-09/1760173875.json"
"515320","135490","2025-11-11","49.00","AUD","1760173875","66155/2025-11-11/1760173875.json"
"515320","135490","2025-11-12","49.00","AUD","1760173875","66155/2025-11-12/1760173875.json"
"515320","135490","2025-11-10","49.00","AUD","1760173875","66155/2025-11-10/1760173875.json"
"515320","135490","2025-11-13","49.00","AUD","1760173875","66155/2025-11-13/1760173875.json"
"515320","135490","2025-11-15","49.00","AUD","1760173875","66155/2025-11-15/1760173875.json"
"515320","135490","2025-11-14","49.00","AUD","1760173875","66155/2025-11-14/1760173875.json"
"515320","135490","2025-11-17","49.00","AUD","1760173875","66155/2025-11-17/1760173875.json"
"515320","135490","2025-11-18","49.00","AUD","1760173875","66155/2025-11-18/1760173875.json"
"515320","135490","2025-11-19","49.00","AUD","1760173875","66155/2025-11-19/1760173875.json"
"515320","135490","2025-11-20","49.00","AUD","1760173875","66155/2025-11-20/1760173875.json"
"515320","135490","2025-11-22","49.00","AUD","1760173875","66155/2025-11-22/1760173875.json"
"515320","135490","2025-11-21","49.00","AUD","1760173875","66155/2025-11-21/1760173875.json"
"515320","135490","2025-11-23","49.00","AUD","1760173875","66155/2025-11-23/1760173875.json"
"515320","135490","2025-11-26","49.00","AUD","1760173875","66155/2025-11-26/1760173875.json"
"515320","135490","2025-11-24","49.00","AUD","1760173875","66155/2025-11-24/1760173875.json"
"515320","135490","2025-11-25","49.00","AUD","1760173875","66155/2025-11-25/1760173875.json"
"515320","135490","2025-11-27","49.00","AUD","1760173875","66155/2025-11-27/1760173875.json"
"515320","135490","2025-11-28","49.00","AUD","1760173875","66155/2025-11-28/1760173875.json"
"515320","135490","2025-11-29","49.00","AUD","1760173875","66155/2025-11-29/1760173875.json"
"515320","135490","2025-12-02","49.00","AUD","1760173875","66155/2025-12-02/1760173875.json"
"515320","135490","2025-11-30","49.00","AUD","1760173875","66155/2025-11-30/1760173875.json"
"515320","135490","2025-12-05","49.00","AUD","1760173875","66155/2025-12-05/1760173875.json"
"515320","135490","2025-12-06","49.00","AUD","1760173875","66155/2025-12-06/1760173875.json"
"515320","135490","2025-12-09","49.00","AUD","1760173875","66155/2025-12-09/1760173875.json"
"515320","135490","2025-11-16","49.00","AUD","1760173875","66155/2025-11-16/1760173875.json"
"515320","135490","2025-10-12","49.00","AUD","1760189530","66155/2025-10-12/1760189530.json"
"515320","135490","2025-10-14","49.00","AUD","1760189530","66155/2025-10-14/1760189530.json"
"515320","135490","2025-10-13","49.00","AUD","1760189530","66155/2025-10-13/1760189530.json"
"515320","135490","2025-10-15","49.00","AUD","1760189530","66155/2025-10-15/1760189530.json"
"515320","135490","2025-10-16","49.00","AUD","1760189530","66155/2025-10-16/1760189530.json"
"515320","135490","2025-10-18","49.00","AUD","1760189530","66155/2025-10-18/1760189530.json"
"515320","135490","2025-10-17","49.00","AUD","1760189530","66155/2025-10-17/1760189530.json"
"515320","135490","2025-10-19","49.00","AUD","1760189530","66155/2025-10-19/1760189530.json"
"515320","135490","2025-10-20","49.00","AUD","1760189530","66155/2025-10-20/1760189530.json"
"515320","135490","2025-10-21","49.00","AUD","1760189530","66155/2025-10-21/1760189530.json"
"515320","135490","2025-10-22","49.00","AUD","1760189530","66155/2025-10-22/1760189530.json"
"515320","135490","2025-10-23","49.00","AUD","1760189530","66155/2025-10-23/1760189530.json"
"515320","135490","2025-10-24","49.00","AUD","1760189530","66155/2025-10-24/1760189530.json"
"515320","135490","2025-10-26","49.00","AUD","1760189530","66155/2025-10-26/1760189530.json"
"515320","135490","2025-10-25","49.00","AUD","1760189530","66155/2025-10-25/1760189530.json"
"515320","135490","2025-10-27","49.00","AUD","1760189530","66155/2025-10-27/1760189530.json"
"515320","135490","2025-10-29","49.00","AUD","1760189530","66155/2025-10-29/1760189530.json"
"515320","135490","2025-10-28","49.00","AUD","1760189530","66155/2025-10-28/1760189530.json"
"515320","135490","2025-10-30","49.00","AUD","1760189530","66155/2025-10-30/1760189530.json"
"515320","135490","2025-11-02","49.00","AUD","1760189530","66155/2025-11-02/1760189530.json"
"515320","135490","2025-11-03","49.00","AUD","1760189530","66155/2025-11-03/1760189530.json"
"515320","135490","2025-11-04","49.00","AUD","1760189530","66155/2025-11-04/1760189530.json"
"515320","135490","2025-11-05","49.00","AUD","1760189530","66155/2025-11-05/1760189530.json"
"515320","135490","2025-11-06","49.00","AUD","1760189530","66155/2025-11-06/1760189530.json"
"515320","135490","2025-11-09","49.00","AUD","1760189530","66155/2025-11-09/1760189530.json"
"515320","135490","2025-11-10","49.00","AUD","1760189530","66155/2025-11-10/1760189530.json"
"515320","135490","2025-11-11","49.00","AUD","1760189530","66155/2025-11-11/1760189530.json"
"515320","135490","2025-11-12","49.00","AUD","1760189530","66155/2025-11-12/1760189530.json"
"515320","135490","2025-11-13","49.00","AUD","1760189530","66155/2025-11-13/1760189530.json"
"515320","135490","2025-11-14","49.00","AUD","1760189530","66155/2025-11-14/1760189530.json"
"515320","135490","2025-11-15","49.00","AUD","1760189530","66155/2025-11-15/1760189530.json"
"515320","135490","2025-11-16","49.00","AUD","1760189530","66155/2025-11-16/1760189530.json"
"515320","135490","2025-11-17","49.00","AUD","1760189530","66155/2025-11-17/1760189530.json"
"515320","135490","2025-11-18","49.00","AUD","1760189530","66155/2025-11-18/1760189530.json"
"515320","135490","2025-11-19","49.00","AUD","1760189530","66155/2025-11-19/1760189530.json"
"515320","135490","2025-11-20","49.00","AUD","1760189530","66155/2025-11-20/1760189530.json"
"515320","135490","2025-11-21","49.00","AUD","1760189530","66155/2025-11-21/1760189530.json"
"515320","135490","2025-11-22","49.00","AUD","1760189530","66155/2025-11-22/1760189530.json"
"515320","135490","2025-11-24","49.00","AUD","1760189530","66155/2025-11-24/1760189530.json"
"515320","135490","2025-11-25","49.00","AUD","1760189530","66155/2025-11-25/1760189530.json"
"515320","135490","2025-11-23","49.00","AUD","1760189530","66155/2025-11-23/1760189530.json"
"515320","135490","2025-11-26","49.00","AUD","1760189530","66155/2025-11-26/1760189530.json"
"515320","135490","2025-11-28","49.00","AUD","1760189530","66155/2025-11-28/1760189530.json"
"515320","135490","2025-11-27","49.00","AUD","1760189530","66155/2025-11-27/1760189530.json"
"515320","135490","2025-11-29","49.00","AUD","1760189530","66155/2025-11-29/1760189530.json"
"515320","135490","2025-11-30","49.00","AUD","1760189530","66155/2025-11-30/1760189530.json"
"515320","135490","2025-12-02","49.00","AUD","1760189530","66155/2025-12-02/1760189530.json"
"515320","135490","2025-12-05","49.00","AUD","1760189530","66155/2025-12-05/1760189530.json"
"515320","135490","2025-12-06","49.00","AUD","1760189530","66155/2025-12-06/1760189530.json"
"515320","135490","2025-12-09","49.00","AUD","1760189530","66155/2025-12-09/1760189530.json"
"515320","135490","2025-10-12","49.00","AUD","1760202298","66155/2025-10-12/1760202298.json"
"515320","135490","2025-10-13","49.00","AUD","1760202298","66155/2025-10-13/1760202298.json"
"515320","135490","2025-10-14","49.00","AUD","1760202298","66155/2025-10-14/1760202298.json"
"515320","135490","2025-10-15","49.00","AUD","1760202298","66155/2025-10-15/1760202298.json"
"515320","135490","2025-10-17","49.00","AUD","1760202298","66155/2025-10-17/1760202298.json"
"515320","135490","2025-10-18","49.00","AUD","1760202298","66155/2025-10-18/1760202298.json"
"515320","135490","2025-10-16","49.00","AUD","1760202298","66155/2025-10-16/1760202298.json"
"515320","135490","2025-10-19","49.00","AUD","1760202298","66155/2025-10-19/1760202298.json"
"515320","135490","2025-10-21","49.00","AUD","1760202298","66155/2025-10-21/1760202298.json"
"515320","135490","2025-10-20","49.00","AUD","1760202298","66155/2025-10-20/1760202298.json"
"515320","135490","2025-10-22","49.00","AUD","1760202298","66155/2025-10-22/1760202298.json"
"515320","135490","2025-10-23","49.00","AUD","1760202298","66155/2025-10-23/1760202298.json"
"515320","135490","2025-10-25","49.00","AUD","1760202298","66155/2025-10-25/1760202298.json"
"515320","135490","2025-10-24","49.00","AUD","1760202298","66155/2025-10-24/1760202298.json"
"515320","135490","2025-10-26","49.00","AUD","1760202298","66155/2025-10-26/1760202298.json"
"515320","135490","2025-10-27","49.00","AUD","1760202298","66155/2025-10-27/1760202298.json"
"515320","135490","2025-10-29","49.00","AUD","1760202298","66155/2025-10-29/1760202298.json"
"515320","135490","2025-10-28","49.00","AUD","1760202298","66155/2025-10-28/1760202298.json"
"515320","135490","2025-10-30","49.00","AUD","1760202298","66155/2025-10-30/1760202298.json"
"515320","135490","2025-11-02","49.00","AUD","1760202298","66155/2025-11-02/1760202298.json"
"515320","135490","2025-11-03","49.00","AUD","1760202298","66155/2025-11-03/1760202298.json"
"515320","135490","2025-11-04","49.00","AUD","1760202298","66155/2025-11-04/1760202298.json"
"515320","135490","2025-11-05","49.00","AUD","1760202298","66155/2025-11-05/1760202298.json"
"515320","135490","2025-11-06","49.00","AUD","1760202298","66155/2025-11-06/1760202298.json"
"515320","135490","2025-11-09","49.00","AUD","1760202298","66155/2025-11-09/1760202298.json"
"515320","135490","2025-11-10","49.00","AUD","1760202298","66155/2025-11-10/1760202298.json"
"515320","135490","2025-11-12","49.00","AUD","1760202298","66155/2025-11-12/1760202298.json"
"515320","135490","2025-11-13","49.00","AUD","1760202298","66155/2025-11-13/1760202298.json"
"515320","135490","2025-11-11","49.00","AUD","1760202298","66155/2025-11-11/1760202298.json"
"515320","135490","2025-11-14","49.00","AUD","1760202298","66155/2025-11-14/1760202298.json"
"515320","135490","2025-11-16","49.00","AUD","1760202298","66155/2025-11-16/1760202298.json"
"515320","135490","2025-11-15","49.00","AUD","1760202298","66155/2025-11-15/1760202298.json"
"515320","135490","2025-11-18","49.00","AUD","1760202298","66155/2025-11-18/1760202298.json"
"515320","135490","2025-11-17","49.00","AUD","1760202298","66155/2025-11-17/1760202298.json"
"515320","135490","2025-11-19","49.00","AUD","1760202298","66155/2025-11-19/1760202298.json"
"515320","135490","2025-11-21","49.00","AUD","1760202298","66155/2025-11-21/1760202298.json"
"515320","135490","2025-11-20","49.00","AUD","1760202298","66155/2025-11-20/1760202298.json"
"515320","135490","2025-11-22","49.00","AUD","1760202298","66155/2025-11-22/1760202298.json"
"515320","135490","2025-11-23","49.00","AUD","1760202298","66155/2025-11-23/1760202298.json"
"515320","135490","2025-11-24","49.00","AUD","1760202298","66155/2025-11-24/1760202298.json"
"515320","135490","2025-11-25","49.00","AUD","1760202298","66155/2025-11-25/1760202298.json"
"515320","135490","2025-11-26","49.00","AUD","1760202298","66155/2025-11-26/1760202298.json"
"515320","135490","2025-11-27","49.00","AUD","1760202298","66155/2025-11-27/1760202298.json"
"515320","135490","2025-11-28","49.00","AUD","1760202298","66155/2025-11-28/1760202298.json"
"515320","135490","2025-11-30","49.00","AUD","1760202298","66155/2025-11-30/1760202298.json"
"515320","135490","2025-11-29","49.00","AUD","1760202298","66155/2025-11-29/1760202298.json"
"515320","135490","2025-12-02","49.00","AUD","1760202298","66155/2025-12-02/1760202298.json"
"515320","135490","2025-12-05","49.00","AUD","1760202298","66155/2025-12-05/1760202298.json"
"515320","135490","2025-12-06","49.00","AUD","1760202298","66155/2025-12-06/1760202298.json"
"515320","135490","2025-12-09","49.00","AUD","1760202298","66155/2025-12-09/1760202298.json"
"515320","135490","2025-10-13","49.00","AUD","1760216290","66155/2025-10-13/1760216290.json"
"515320","135490","2025-10-12","49.00","AUD","1760216290","66155/2025-10-12/1760216290.json"
"515320","135490","2025-10-14","49.00","AUD","1760216290","66155/2025-10-14/1760216290.json"
"515320","135490","2025-10-15","49.00","AUD","1760216290","66155/2025-10-15/1760216290.json"
"515320","135490","2025-10-16","49.00","AUD","1760216290","66155/2025-10-16/1760216290.json"
"515320","135490","2025-10-19","49.00","AUD","1760216290","66155/2025-10-19/1760216290.json"
"515320","135490","2025-10-18","49.00","AUD","1760216290","66155/2025-10-18/1760216290.json"
"515320","135490","2025-10-17","49.00","AUD","1760216290","66155/2025-10-17/1760216290.json"
"515320","135490","2025-10-20","49.00","AUD","1760216290","66155/2025-10-20/1760216290.json"
"515320","135490","2025-10-21","49.00","AUD","1760216290","66155/2025-10-21/1760216290.json"
"515320","135490","2025-10-22","49.00","AUD","1760216290","66155/2025-10-22/1760216290.json"
"515320","135490","2025-10-23","49.00","AUD","1760216290","66155/2025-10-23/1760216290.json"
"515320","135490","2025-10-24","49.00","AUD","1760216290","66155/2025-10-24/1760216290.json"
"515320","135490","2025-10-25","49.00","AUD","1760216290","66155/2025-10-25/1760216290.json"
"515320","135490","2025-10-26","49.00","AUD","1760216290","66155/2025-10-26/1760216290.json"
"515320","135490","2025-10-27","49.00","AUD","1760216290","66155/2025-10-27/1760216290.json"
"515320","135490","2025-10-28","49.00","AUD","1760216290","66155/2025-10-28/1760216290.json"
"515320","135490","2025-10-29","49.00","AUD","1760216290","66155/2025-10-29/1760216290.json"
"515320","135490","2025-10-30","49.00","AUD","1760216290","66155/2025-10-30/1760216290.json"
"515320","135490","2025-11-03","49.00","AUD","1760216290","66155/2025-11-03/1760216290.json"
"515320","135490","2025-11-04","49.00","AUD","1760216290","66155/2025-11-04/1760216290.json"
"515320","135490","2025-11-05","49.00","AUD","1760216290","66155/2025-11-05/1760216290.json"
"515320","135490","2025-11-02","49.00","AUD","1760216290","66155/2025-11-02/1760216290.json"
"515320","135490","2025-11-06","49.00","AUD","1760216290","66155/2025-11-06/1760216290.json"
"515320","135490","2025-11-09","49.00","AUD","1760216290","66155/2025-11-09/1760216290.json"
"515320","135490","2025-11-11","49.00","AUD","1760216290","66155/2025-11-11/1760216290.json"
"515320","135490","2025-11-12","49.00","AUD","1760216290","66155/2025-11-12/1760216290.json"
"515320","135490","2025-11-13","49.00","AUD","1760216290","66155/2025-11-13/1760216290.json"
"515320","135490","2025-11-10","49.00","AUD","1760216290","66155/2025-11-10/1760216290.json"
"515320","135490","2025-11-14","49.00","AUD","1760216290","66155/2025-11-14/1760216290.json"
"515320","135490","2025-11-15","49.00","AUD","1760216290","66155/2025-11-15/1760216290.json"
"515320","135490","2025-11-18","49.00","AUD","1760216290","66155/2025-11-18/1760216290.json"
"515320","135490","2025-11-16","49.00","AUD","1760216290","66155/2025-11-16/1760216290.json"
"515320","135490","2025-11-17","49.00","AUD","1760216290","66155/2025-11-17/1760216290.json"
"515320","135490","2025-11-19","49.00","AUD","1760216290","66155/2025-11-19/1760216290.json"
"515320","135490","2025-11-20","49.00","AUD","1760216290","66155/2025-11-20/1760216290.json"
"515320","135490","2025-11-21","49.00","AUD","1760216290","66155/2025-11-21/1760216290.json"
"515320","135490","2025-11-22","49.00","AUD","1760216290","66155/2025-11-22/1760216290.json"
"515320","135490","2025-11-23","49.00","AUD","1760216290","66155/2025-11-23/1760216290.json"
"515320","135490","2025-11-24","49.00","AUD","1760216290","66155/2025-11-24/1760216290.json"
"515320","135490","2025-11-25","49.00","AUD","1760216290","66155/2025-11-25/1760216290.json"
"515320","135490","2025-11-26","49.00","AUD","1760216290","66155/2025-11-26/1760216290.json"
"515320","135490","2025-11-28","49.00","AUD","1760216290","66155/2025-11-28/1760216290.json"
"515320","135490","2025-11-29","49.00","AUD","1760216290","66155/2025-11-29/1760216290.json"
"515320","135490","2025-11-30","49.00","AUD","1760216290","66155/2025-11-30/1760216290.json"
"515320","135490","2025-11-27","49.00","AUD","1760216290","66155/2025-11-27/1760216290.json"
"515320","135490","2025-12-02","49.00","AUD","1760216290","66155/2025-12-02/1760216290.json"
"515320","135490","2025-12-05","49.00","AUD","1760216290","66155/2025-12-05/1760216290.json"
"515320","135490","2025-12-06","49.00","AUD","1760216290","66155/2025-12-06/1760216290.json"
"515320","135490","2025-12-09","49.00","AUD","1760216290","66155/2025-12-09/1760216290.json"
"515320","135490","2025-10-13","49.00","AUD","1760240313","66155/2025-10-13/1760240313.json"
"515320","135490","2025-10-12","49.00","AUD","1760240313","66155/2025-10-12/1760240313.json"
"515320","135490","2025-10-15","49.00","AUD","1760240313","66155/2025-10-15/1760240313.json"
"515320","135490","2025-10-14","49.00","AUD","1760240313","66155/2025-10-14/1760240313.json"
"515320","135490","2025-10-17","49.00","AUD","1760240313","66155/2025-10-17/1760240313.json"
"515320","135490","2025-10-16","49.00","AUD","1760240313","66155/2025-10-16/1760240313.json"
"515320","135490","2025-10-19","49.00","AUD","1760240313","66155/2025-10-19/1760240313.json"
"515320","135490","2025-10-18","49.00","AUD","1760240313","66155/2025-10-18/1760240313.json"
"515320","135490","2025-10-20","49.00","AUD","1760240313","66155/2025-10-20/1760240313.json"
"515320","135490","2025-10-21","49.00","AUD","1760240313","66155/2025-10-21/1760240313.json"
"515320","135490","2025-10-22","49.00","AUD","1760240313","66155/2025-10-22/1760240313.json"
"515320","135490","2025-10-23","49.00","AUD","1760240313","66155/2025-10-23/1760240313.json"
"515320","135490","2025-10-24","49.00","AUD","1760240313","66155/2025-10-24/1760240313.json"
"515320","135490","2025-10-25","49.00","AUD","1760240313","66155/2025-10-25/1760240313.json"
"515320","135490","2025-10-26","49.00","AUD","1760240313","66155/2025-10-26/1760240313.json"
"515320","135490","2025-10-27","49.00","AUD","1760240313","66155/2025-10-27/1760240313.json"
"515320","135490","2025-10-28","49.00","AUD","1760240313","66155/2025-10-28/1760240313.json"
"515320","135490","2025-10-30","49.00","AUD","1760240313","66155/2025-10-30/1760240313.json"
"515320","135490","2025-10-29","49.00","AUD","1760240313","66155/2025-10-29/1760240313.json"
"515320","135490","2025-11-02","49.00","AUD","1760240313","66155/2025-11-02/1760240313.json"
"515320","135490","2025-11-03","49.00","AUD","1760240313","66155/2025-11-03/1760240313.json"
"515320","135490","2025-11-04","49.00","AUD","1760240313","66155/2025-11-04/1760240313.json"
"515320","135490","2025-11-05","49.00","AUD","1760240313","66155/2025-11-05/1760240313.json"
"515320","135490","2025-11-06","49.00","AUD","1760240313","66155/2025-11-06/1760240313.json"
"515320","135490","2025-11-09","49.00","AUD","1760240313","66155/2025-11-09/1760240313.json"
"515320","135490","2025-11-10","49.00","AUD","1760240313","66155/2025-11-10/1760240313.json"
"515320","135490","2025-11-12","49.00","AUD","1760240313","66155/2025-11-12/1760240313.json"
"515320","135490","2025-11-11","49.00","AUD","1760240313","66155/2025-11-11/1760240313.json"
"515320","135490","2025-11-14","49.00","AUD","1760240313","66155/2025-11-14/1760240313.json"
"515320","135490","2025-11-15","49.00","AUD","1760240313","66155/2025-11-15/1760240313.json"
"515320","135490","2025-11-16","49.00","AUD","1760240313","66155/2025-11-16/1760240313.json"
"515320","135490","2025-11-18","49.00","AUD","1760240313","66155/2025-11-18/1760240313.json"
"515320","135490","2025-11-19","49.00","AUD","1760240313","66155/2025-11-19/1760240313.json"
"515320","135490","2025-11-17","49.00","AUD","1760240313","66155/2025-11-17/1760240313.json"
"515320","135490","2025-11-13","49.00","AUD","1760240313","66155/2025-11-13/1760240313.json"
"515320","135490","2025-11-20","49.00","AUD","1760240313","66155/2025-11-20/1760240313.json"
"515320","135490","2025-11-21","49.00","AUD","1760240313","66155/2025-11-21/1760240313.json"
"515320","135490","2025-11-22","49.00","AUD","1760240313","66155/2025-11-22/1760240313.json"
"515320","135490","2025-11-23","49.00","AUD","1760240313","66155/2025-11-23/1760240313.json"
"515320","135490","2025-11-24","49.00","AUD","1760240313","66155/2025-11-24/1760240313.json"
"515320","135490","2025-11-27","49.00","AUD","1760240313","66155/2025-11-27/1760240313.json"
"515320","135490","2025-11-25","49.00","AUD","1760240313","66155/2025-11-25/1760240313.json"
"515320","135490","2025-11-26","49.00","AUD","1760240313","66155/2025-11-26/1760240313.json"
"515320","135490","2025-11-28","49.00","AUD","1760240313","66155/2025-11-28/1760240313.json"
"515320","135490","2025-11-29","49.00","AUD","1760240313","66155/2025-11-29/1760240313.json"
"515320","135490","2025-11-30","49.00","AUD","1760240313","66155/2025-11-30/1760240313.json"
"515320","135490","2025-12-02","49.00","AUD","1760240313","66155/2025-12-02/1760240313.json"
"515320","135490","2025-12-06","49.00","AUD","1760240313","66155/2025-12-06/1760240313.json"
"515320","135490","2025-12-05","49.00","AUD","1760240313","66155/2025-12-05/1760240313.json"
"515320","135490","2025-12-09","49.00","AUD","1760240313","66155/2025-12-09/1760240313.json"
"515320","135490","2025-10-15","49.00","AUD","1760245353","66155/2025-10-15/1760245353.json"
"515320","135490","2025-10-14","49.00","AUD","1760245353","66155/2025-10-14/1760245353.json"
"515320","135490","2025-10-12","49.00","AUD","1760245353","66155/2025-10-12/1760245353.json"
"515320","135490","2025-10-13","49.00","AUD","1760245353","66155/2025-10-13/1760245353.json"
"515320","135490","2025-10-16","49.00","AUD","1760245353","66155/2025-10-16/1760245353.json"
"515320","135490","2025-10-17","49.00","AUD","1760245353","66155/2025-10-17/1760245353.json"
"515320","135490","2025-10-19","49.00","AUD","1760245353","66155/2025-10-19/1760245353.json"
"515320","135490","2025-10-18","49.00","AUD","1760245353","66155/2025-10-18/1760245353.json"
"515320","135490","2025-10-22","49.00","AUD","1760245353","66155/2025-10-22/1760245353.json"
"515320","135490","2025-10-21","49.00","AUD","1760245353","66155/2025-10-21/1760245353.json"
"515320","135490","2025-10-23","49.00","AUD","1760245353","66155/2025-10-23/1760245353.json"
"515320","135490","2025-10-20","49.00","AUD","1760245353","66155/2025-10-20/1760245353.json"
"515320","135490","2025-10-24","49.00","AUD","1760245353","66155/2025-10-24/1760245353.json"
"515320","135490","2025-10-25","49.00","AUD","1760245353","66155/2025-10-25/1760245353.json"
"515320","135490","2025-10-26","49.00","AUD","1760245353","66155/2025-10-26/1760245353.json"
"515320","135490","2025-10-27","49.00","AUD","1760245353","66155/2025-10-27/1760245353.json"
"515320","135490","2025-10-29","49.00","AUD","1760245353","66155/2025-10-29/1760245353.json"
"515320","135490","2025-10-30","49.00","AUD","1760245353","66155/2025-10-30/1760245353.json"
"515320","135490","2025-11-02","49.00","AUD","1760245353","66155/2025-11-02/1760245353.json"
"515320","135490","2025-10-28","49.00","AUD","1760245353","66155/2025-10-28/1760245353.json"
"515320","135490","2025-11-03","49.00","AUD","1760245353","66155/2025-11-03/1760245353.json"
"515320","135490","2025-11-04","49.00","AUD","1760245353","66155/2025-11-04/1760245353.json"
"515320","135490","2025-11-05","49.00","AUD","1760245353","66155/2025-11-05/1760245353.json"
"515320","135490","2025-11-06","49.00","AUD","1760245353","66155/2025-11-06/1760245353.json"
"515320","135490","2025-11-10","49.00","AUD","1760245353","66155/2025-11-10/1760245353.json"
"515320","135490","2025-11-09","49.00","AUD","1760245353","66155/2025-11-09/1760245353.json"
"515320","135490","2025-11-11","49.00","AUD","1760245353","66155/2025-11-11/1760245353.json"
"515320","135490","2025-11-12","49.00","AUD","1760245353","66155/2025-11-12/1760245353.json"
"515320","135490","2025-11-13","49.00","AUD","1760245353","66155/2025-11-13/1760245353.json"
"515320","135490","2025-11-14","49.00","AUD","1760245353","66155/2025-11-14/1760245353.json"
"515320","135490","2025-11-15","49.00","AUD","1760245353","66155/2025-11-15/1760245353.json"
"515320","135490","2025-11-16","49.00","AUD","1760245353","66155/2025-11-16/1760245353.json"
"515320","135490","2025-11-17","49.00","AUD","1760245353","66155/2025-11-17/1760245353.json"
"515320","135490","2025-11-18","49.00","AUD","1760245353","66155/2025-11-18/1760245353.json"
"515320","135490","2025-11-20","49.00","AUD","1760245353","66155/2025-11-20/1760245353.json"
"515320","135490","2025-11-19","49.00","AUD","1760245353","66155/2025-11-19/1760245353.json"
"515320","135490","2025-11-21","49.00","AUD","1760245353","66155/2025-11-21/1760245353.json"
"515320","135490","2025-11-22","49.00","AUD","1760245353","66155/2025-11-22/1760245353.json"
"515320","135490","2025-11-24","49.00","AUD","1760245353","66155/2025-11-24/1760245353.json"
"515320","135490","2025-11-25","49.00","AUD","1760245353","66155/2025-11-25/1760245353.json"
"515320","135490","2025-11-26","49.00","AUD","1760245353","66155/2025-11-26/1760245353.json"
"515320","135490","2025-11-23","49.00","AUD","1760245353","66155/2025-11-23/1760245353.json"
"515320","135490","2025-11-28","49.00","AUD","1760245353","66155/2025-11-28/1760245353.json"
"515320","135490","2025-11-27","49.00","AUD","1760245353","66155/2025-11-27/1760245353.json"
"515320","135490","2025-11-29","49.00","AUD","1760245353","66155/2025-11-29/1760245353.json"
"515320","135490","2025-11-30","49.00","AUD","1760245353","66155/2025-11-30/1760245353.json"
"515320","135490","2025-12-02","49.00","AUD","1760245353","66155/2025-12-02/1760245353.json"
"515320","135490","2025-12-05","49.00","AUD","1760245353","66155/2025-12-05/1760245353.json"
"515320","135490","2025-12-06","49.00","AUD","1760245353","66155/2025-12-06/1760245353.json"
"515320","135490","2025-12-09","49.00","AUD","1760245353","66155/2025-12-09/1760245353.json"
"515320","135490","2025-10-13","49.00","AUD","1760260068","66155/2025-10-13/1760260068.json"
"515320","135490","2025-10-14","49.00","AUD","1760260068","66155/2025-10-14/1760260068.json"
"515320","135490","2025-10-15","49.00","AUD","1760260068","66155/2025-10-15/1760260068.json"
"515320","135490","2025-10-12","49.00","AUD","1760260068","66155/2025-10-12/1760260068.json"
"515320","135490","2025-10-18","49.00","AUD","1760260068","66155/2025-10-18/1760260068.json"
"515320","135490","2025-10-16","49.00","AUD","1760260068","66155/2025-10-16/1760260068.json"
"515320","135490","2025-10-19","49.00","AUD","1760260068","66155/2025-10-19/1760260068.json"
"515320","135490","2025-10-17","49.00","AUD","1760260068","66155/2025-10-17/1760260068.json"
"515320","135490","2025-10-21","49.00","AUD","1760260068","66155/2025-10-21/1760260068.json"
"515320","135490","2025-10-20","49.00","AUD","1760260068","66155/2025-10-20/1760260068.json"
"515320","135490","2025-10-22","49.00","AUD","1760260068","66155/2025-10-22/1760260068.json"
"515320","135490","2025-10-23","49.00","AUD","1760260068","66155/2025-10-23/1760260068.json"
"515320","135490","2025-10-24","49.00","AUD","1760260068","66155/2025-10-24/1760260068.json"
"515320","135490","2025-10-25","49.00","AUD","1760260068","66155/2025-10-25/1760260068.json"
"515320","135490","2025-10-27","49.00","AUD","1760260068","66155/2025-10-27/1760260068.json"
"515320","135490","2025-10-26","49.00","AUD","1760260068","66155/2025-10-26/1760260068.json"
"515320","135490","2025-10-28","49.00","AUD","1760260068","66155/2025-10-28/1760260068.json"
"515320","135490","2025-10-29","49.00","AUD","1760260068","66155/2025-10-29/1760260068.json"
"515320","135490","2025-10-30","49.00","AUD","1760260068","66155/2025-10-30/1760260068.json"
"515320","135490","2025-11-02","49.00","AUD","1760260068","66155/2025-11-02/1760260068.json"
"515320","135490","2025-11-04","49.00","AUD","1760260068","66155/2025-11-04/1760260068.json"
"515320","135490","2025-11-03","49.00","AUD","1760260068","66155/2025-11-03/1760260068.json"
"515320","135490","2025-11-05","49.00","AUD","1760260068","66155/2025-11-05/1760260068.json"
"515320","135490","2025-11-06","49.00","AUD","1760260068","66155/2025-11-06/1760260068.json"
"515320","135490","2025-11-10","49.00","AUD","1760260068","66155/2025-11-10/1760260068.json"
"515320","135490","2025-11-09","49.00","AUD","1760260068","66155/2025-11-09/1760260068.json"
"515320","135490","2025-11-11","49.00","AUD","1760260068","66155/2025-11-11/1760260068.json"
"515320","135490","2025-11-14","49.00","AUD","1760260068","66155/2025-11-14/1760260068.json"
"515320","135490","2025-11-13","49.00","AUD","1760260068","66155/2025-11-13/1760260068.json"
"515320","135490","2025-11-12","49.00","AUD","1760260068","66155/2025-11-12/1760260068.json"
"515320","135490","2025-11-15","49.00","AUD","1760260068","66155/2025-11-15/1760260068.json"
"515320","135490","2025-11-17","49.00","AUD","1760260068","66155/2025-11-17/1760260068.json"
"515320","135490","2025-11-16","49.00","AUD","1760260068","66155/2025-11-16/1760260068.json"
"515320","135490","2025-11-18","49.00","AUD","1760260068","66155/2025-11-18/1760260068.json"
"515320","135490","2025-11-19","49.00","AUD","1760260068","66155/2025-11-19/1760260068.json"
"515320","135490","2025-11-21","49.00","AUD","1760260068","66155/2025-11-21/1760260068.json"
"515320","135490","2025-11-20","49.00","AUD","1760260068","66155/2025-11-20/1760260068.json"
"515320","135490","2025-11-22","49.00","AUD","1760260068","66155/2025-11-22/1760260068.json"
"515320","135490","2025-11-23","49.00","AUD","1760260068","66155/2025-11-23/1760260068.json"
"515320","135490","2025-11-24","49.00","AUD","1760260068","66155/2025-11-24/1760260068.json"
"515320","135490","2025-11-25","49.00","AUD","1760260068","66155/2025-11-25/1760260068.json"
"515320","135490","2025-11-26","49.00","AUD","1760260068","66155/2025-11-26/1760260068.json"
"515320","135490","2025-11-27","49.00","AUD","1760260068","66155/2025-11-27/1760260068.json"
"515320","135490","2025-11-28","49.00","AUD","1760260068","66155/2025-11-28/1760260068.json"
"515320","135490","2025-11-29","49.00","AUD","1760260068","66155/2025-11-29/1760260068.json"
"515320","135490","2025-11-30","49.00","AUD","1760260068","66155/2025-11-30/1760260068.json"
"515320","135490","2025-12-02","49.00","AUD","1760260068","66155/2025-12-02/1760260068.json"
"515320","135490","2025-12-05","49.00","AUD","1760260068","66155/2025-12-05/1760260068.json"
"515320","135490","2025-12-06","49.00","AUD","1760260068","66155/2025-12-06/1760260068.json"
"515320","135490","2025-12-09","49.00","AUD","1760260068","66155/2025-12-09/1760260068.json"
"515320","135490","2025-10-15","49.00","AUD","1760276105","66155/2025-10-15/1760276105.json"
"515320","135490","2025-10-14","49.00","AUD","1760276105","66155/2025-10-14/1760276105.json"
"515320","135490","2025-10-13","49.00","AUD","1760276105","66155/2025-10-13/1760276105.json"
"515320","135490","2025-10-16","49.00","AUD","1760276105","66155/2025-10-16/1760276105.json"
"515320","135490","2025-10-18","49.00","AUD","1760276105","66155/2025-10-18/1760276105.json"
"515320","135490","2025-10-17","49.00","AUD","1760276105","66155/2025-10-17/1760276105.json"
"515320","135490","2025-10-19","49.00","AUD","1760276105","66155/2025-10-19/1760276105.json"
"515320","135490","2025-10-22","49.00","AUD","1760276105","66155/2025-10-22/1760276105.json"
"515320","135490","2025-10-23","49.00","AUD","1760276105","66155/2025-10-23/1760276105.json"
"515320","135490","2025-10-20","49.00","AUD","1760276105","66155/2025-10-20/1760276105.json"
"515320","135490","2025-10-21","49.00","AUD","1760276105","66155/2025-10-21/1760276105.json"
"515320","135490","2025-10-25","49.00","AUD","1760276105","66155/2025-10-25/1760276105.json"
"515320","135490","2025-10-26","49.00","AUD","1760276105","66155/2025-10-26/1760276105.json"
"515320","135490","2025-10-27","49.00","AUD","1760276105","66155/2025-10-27/1760276105.json"
"515320","135490","2025-10-24","49.00","AUD","1760276105","66155/2025-10-24/1760276105.json"
"515320","135490","2025-10-28","49.00","AUD","1760276105","66155/2025-10-28/1760276105.json"
"515320","135490","2025-10-30","49.00","AUD","1760276105","66155/2025-10-30/1760276105.json"
"515320","135490","2025-10-29","49.00","AUD","1760276105","66155/2025-10-29/1760276105.json"
"515320","135490","2025-11-03","49.00","AUD","1760276105","66155/2025-11-03/1760276105.json"
"515320","135490","2025-11-02","49.00","AUD","1760276105","66155/2025-11-02/1760276105.json"
"515320","135490","2025-11-04","49.00","AUD","1760276105","66155/2025-11-04/1760276105.json"
"515320","135490","2025-11-05","49.00","AUD","1760276105","66155/2025-11-05/1760276105.json"
"515320","135490","2025-11-06","49.00","AUD","1760276105","66155/2025-11-06/1760276105.json"
"515320","135490","2025-11-09","49.00","AUD","1760276105","66155/2025-11-09/1760276105.json"
"515320","135490","2025-11-10","49.00","AUD","1760276105","66155/2025-11-10/1760276105.json"
"515320","135490","2025-11-11","49.00","AUD","1760276105","66155/2025-11-11/1760276105.json"
"515320","135490","2025-11-14","49.00","AUD","1760276105","66155/2025-11-14/1760276105.json"
"515320","135490","2025-11-15","49.00","AUD","1760276105","66155/2025-11-15/1760276105.json"
"515320","135490","2025-11-13","49.00","AUD","1760276105","66155/2025-11-13/1760276105.json"
"515320","135490","2025-11-12","49.00","AUD","1760276105","66155/2025-11-12/1760276105.json"
"515320","135490","2025-11-16","49.00","AUD","1760276105","66155/2025-11-16/1760276105.json"
"515320","135490","2025-11-18","49.00","AUD","1760276105","66155/2025-11-18/1760276105.json"
"515320","135490","2025-11-17","49.00","AUD","1760276105","66155/2025-11-17/1760276105.json"
"515320","135490","2025-11-19","49.00","AUD","1760276105","66155/2025-11-19/1760276105.json"
"515320","135490","2025-11-20","49.00","AUD","1760276105","66155/2025-11-20/1760276105.json"
"515320","135490","2025-11-21","49.00","AUD","1760276105","66155/2025-11-21/1760276105.json"
"515320","135490","2025-11-23","49.00","AUD","1760276105","66155/2025-11-23/1760276105.json"
"515320","135490","2025-11-22","49.00","AUD","1760276105","66155/2025-11-22/1760276105.json"
"515320","135490","2025-11-24","49.00","AUD","1760276105","66155/2025-11-24/1760276105.json"
"515320","135490","2025-11-25","49.00","AUD","1760276105","66155/2025-11-25/1760276105.json"
"515320","135490","2025-11-27","49.00","AUD","1760276105","66155/2025-11-27/1760276105.json"
"515320","135490","2025-11-26","49.00","AUD","1760276105","66155/2025-11-26/1760276105.json"
"515320","135490","2025-11-29","49.00","AUD","1760276105","66155/2025-11-29/1760276105.json"
"515320","135490","2025-11-28","49.00","AUD","1760276105","66155/2025-11-28/1760276105.json"
"515320","135490","2025-11-30","49.00","AUD","1760276105","66155/2025-11-30/1760276105.json"
"515320","135490","2025-12-02","49.00","AUD","1760276105","66155/2025-12-02/1760276105.json"
"515320","135490","2025-12-05","49.00","AUD","1760276105","66155/2025-12-05/1760276105.json"
"515320","135490","2025-12-09","49.00","AUD","1760276105","66155/2025-12-09/1760276105.json"
"515320","135490","2025-12-06","49.00","AUD","1760276105","66155/2025-12-06/1760276105.json"
"515320","135490","2025-10-14","49.00","AUD","1760289028","66155/2025-10-14/1760289028.json"
"515320","135490","2025-10-15","49.00","AUD","1760289028","66155/2025-10-15/1760289028.json"
"515320","135490","2025-10-13","49.00","AUD","1760289028","66155/2025-10-13/1760289028.json"
"515320","135490","2025-10-17","49.00","AUD","1760289028","66155/2025-10-17/1760289028.json"
"515320","135490","2025-10-16","49.00","AUD","1760289028","66155/2025-10-16/1760289028.json"
"515320","135490","2025-10-19","49.00","AUD","1760289028","66155/2025-10-19/1760289028.json"
"515320","135490","2025-10-18","49.00","AUD","1760289028","66155/2025-10-18/1760289028.json"
"515320","135490","2025-10-22","49.00","AUD","1760289028","66155/2025-10-22/1760289028.json"
"515320","135490","2025-10-21","49.00","AUD","1760289028","66155/2025-10-21/1760289028.json"
"515320","135490","2025-10-23","49.00","AUD","1760289028","66155/2025-10-23/1760289028.json"
"515320","135490","2025-10-20","49.00","AUD","1760289028","66155/2025-10-20/1760289028.json"
"515320","135490","2025-10-24","49.00","AUD","1760289028","66155/2025-10-24/1760289028.json"
"515320","135490","2025-10-27","49.00","AUD","1760289028","66155/2025-10-27/1760289028.json"
"515320","135490","2025-10-25","49.00","AUD","1760289028","66155/2025-10-25/1760289028.json"
"515320","135490","2025-10-26","49.00","AUD","1760289028","66155/2025-10-26/1760289028.json"
"515320","135490","2025-10-28","49.00","AUD","1760289028","66155/2025-10-28/1760289028.json"
"515320","135490","2025-10-30","49.00","AUD","1760289028","66155/2025-10-30/1760289028.json"
"515320","135490","2025-10-29","49.00","AUD","1760289028","66155/2025-10-29/1760289028.json"
"515320","135490","2025-11-02","49.00","AUD","1760289028","66155/2025-11-02/1760289028.json"
"515320","135490","2025-11-03","49.00","AUD","1760289028","66155/2025-11-03/1760289028.json"
"515320","135490","2025-11-04","49.00","AUD","1760289028","66155/2025-11-04/1760289028.json"
"515320","135490","2025-11-05","49.00","AUD","1760289028","66155/2025-11-05/1760289028.json"
"515320","135490","2025-11-06","49.00","AUD","1760289028","66155/2025-11-06/1760289028.json"
"515320","135490","2025-11-09","49.00","AUD","1760289028","66155/2025-11-09/1760289028.json"
"515320","135490","2025-11-11","49.00","AUD","1760289028","66155/2025-11-11/1760289028.json"
"515320","135490","2025-11-10","49.00","AUD","1760289028","66155/2025-11-10/1760289028.json"
"515320","135490","2025-11-12","49.00","AUD","1760289028","66155/2025-11-12/1760289028.json"
"515320","135490","2025-11-13","49.00","AUD","1760289028","66155/2025-11-13/1760289028.json"
"515320","135490","2025-11-15","49.00","AUD","1760289028","66155/2025-11-15/1760289028.json"
"515320","135490","2025-11-14","49.00","AUD","1760289028","66155/2025-11-14/1760289028.json"
"515320","135490","2025-11-16","49.00","AUD","1760289028","66155/2025-11-16/1760289028.json"
"515320","135490","2025-11-17","49.00","AUD","1760289028","66155/2025-11-17/1760289028.json"
"515320","135490","2025-11-18","49.00","AUD","1760289028","66155/2025-11-18/1760289028.json"
"515320","135490","2025-11-19","49.00","AUD","1760289028","66155/2025-11-19/1760289028.json"
"515320","135490","2025-11-20","49.00","AUD","1760289028","66155/2025-11-20/1760289028.json"
"515320","135490","2025-11-21","49.00","AUD","1760289028","66155/2025-11-21/1760289028.json"
"515320","135490","2025-11-23","49.00","AUD","1760289028","66155/2025-11-23/1760289028.json"
"515320","135490","2025-11-24","49.00","AUD","1760289028","66155/2025-11-24/1760289028.json"
"515320","135490","2025-11-22","49.00","AUD","1760289028","66155/2025-11-22/1760289028.json"
"515320","135490","2025-11-25","49.00","AUD","1760289028","66155/2025-11-25/1760289028.json"
"515320","135490","2025-11-26","49.00","AUD","1760289028","66155/2025-11-26/1760289028.json"
"515320","135490","2025-11-27","49.00","AUD","1760289028","66155/2025-11-27/1760289028.json"
"515320","135490","2025-11-28","49.00","AUD","1760289028","66155/2025-11-28/1760289028.json"
"515320","135490","2025-11-29","49.00","AUD","1760289028","66155/2025-11-29/1760289028.json"
"515320","135490","2025-11-30","49.00","AUD","1760289028","66155/2025-11-30/1760289028.json"
"515320","135490","2025-12-02","49.00","AUD","1760289028","66155/2025-12-02/1760289028.json"
"515320","135490","2025-12-06","49.00","AUD","1760289028","66155/2025-12-06/1760289028.json"
"515320","135490","2025-12-05","49.00","AUD","1760289028","66155/2025-12-05/1760289028.json"
"515320","135490","2025-12-09","49.00","AUD","1760289028","66155/2025-12-09/1760289028.json"
"515320","135490","2025-10-13","49.00","AUD","1760302774","66155/2025-10-13/1760302774.json"
"515320","135490","2025-10-14","49.00","AUD","1760302774","66155/2025-10-14/1760302774.json"
"515320","135490","2025-10-15","49.00","AUD","1760302774","66155/2025-10-15/1760302774.json"
"515320","135490","2025-10-16","49.00","AUD","1760302774","66155/2025-10-16/1760302774.json"
"515320","135490","2025-10-19","49.00","AUD","1760302774","66155/2025-10-19/1760302774.json"
"515320","135490","2025-10-17","49.00","AUD","1760302774","66155/2025-10-17/1760302774.json"
"515320","135490","2025-10-18","49.00","AUD","1760302774","66155/2025-10-18/1760302774.json"
"515320","135490","2025-10-20","49.00","AUD","1760302774","66155/2025-10-20/1760302774.json"
"515320","135490","2025-10-22","49.00","AUD","1760302774","66155/2025-10-22/1760302774.json"
"515320","135490","2025-10-23","49.00","AUD","1760302774","66155/2025-10-23/1760302774.json"
"515320","135490","2025-10-21","49.00","AUD","1760302774","66155/2025-10-21/1760302774.json"
"515320","135490","2025-10-24","49.00","AUD","1760302774","66155/2025-10-24/1760302774.json"
"515320","135490","2025-10-25","49.00","AUD","1760302774","66155/2025-10-25/1760302774.json"
"515320","135490","2025-10-27","49.00","AUD","1760302774","66155/2025-10-27/1760302774.json"
"515320","135490","2025-10-26","49.00","AUD","1760302774","66155/2025-10-26/1760302774.json"
"515320","135490","2025-10-28","49.00","AUD","1760302774","66155/2025-10-28/1760302774.json"
"515320","135490","2025-10-29","49.00","AUD","1760302774","66155/2025-10-29/1760302774.json"
"515320","135490","2025-10-30","49.00","AUD","1760302774","66155/2025-10-30/1760302774.json"
"515320","135490","2025-11-02","49.00","AUD","1760302774","66155/2025-11-02/1760302774.json"
"515320","135490","2025-11-03","49.00","AUD","1760302774","66155/2025-11-03/1760302774.json"
"515320","135490","2025-11-04","49.00","AUD","1760302774","66155/2025-11-04/1760302774.json"
"515320","135490","2025-11-05","49.00","AUD","1760302774","66155/2025-11-05/1760302774.json"
"515320","135490","2025-11-06","49.00","AUD","1760302774","66155/2025-11-06/1760302774.json"
"515320","135490","2025-11-09","49.00","AUD","1760302774","66155/2025-11-09/1760302774.json"
"515320","135490","2025-11-10","49.00","AUD","1760302774","66155/2025-11-10/1760302774.json"
"515320","135490","2025-11-12","49.00","AUD","1760302774","66155/2025-11-12/1760302774.json"
"515320","135490","2025-11-11","49.00","AUD","1760302774","66155/2025-11-11/1760302774.json"
"515320","135490","2025-11-14","49.00","AUD","1760302774","66155/2025-11-14/1760302774.json"
"515320","135490","2025-11-15","49.00","AUD","1760302774","66155/2025-11-15/1760302774.json"
"515320","135490","2025-11-16","49.00","AUD","1760302774","66155/2025-11-16/1760302774.json"
"515320","135490","2025-11-13","49.00","AUD","1760302774","66155/2025-11-13/1760302774.json"
"515320","135490","2025-11-17","49.00","AUD","1760302774","66155/2025-11-17/1760302774.json"
"515320","135490","2025-11-20","49.00","AUD","1760302774","66155/2025-11-20/1760302774.json"
"515320","135490","2025-11-19","49.00","AUD","1760302774","66155/2025-11-19/1760302774.json"
"515320","135490","2025-11-18","49.00","AUD","1760302774","66155/2025-11-18/1760302774.json"
"515320","135490","2025-11-21","49.00","AUD","1760302774","66155/2025-11-21/1760302774.json"
"515320","135490","2025-11-22","49.00","AUD","1760302774","66155/2025-11-22/1760302774.json"
"515320","135490","2025-11-24","49.00","AUD","1760302774","66155/2025-11-24/1760302774.json"
"515320","135490","2025-11-23","49.00","AUD","1760302774","66155/2025-11-23/1760302774.json"
"515320","135490","2025-11-25","49.00","AUD","1760302774","66155/2025-11-25/1760302774.json"
"515320","135490","2025-11-26","49.00","AUD","1760302774","66155/2025-11-26/1760302774.json"
"515320","135490","2025-11-28","49.00","AUD","1760302774","66155/2025-11-28/1760302774.json"
"515320","135490","2025-11-27","49.00","AUD","1760302774","66155/2025-11-27/1760302774.json"
"515320","135490","2025-11-29","49.00","AUD","1760302774","66155/2025-11-29/1760302774.json"
"515320","135490","2025-11-30","49.00","AUD","1760302774","66155/2025-11-30/1760302774.json"
"515320","135490","2025-12-02","49.00","AUD","1760302774","66155/2025-12-02/1760302774.json"
"515320","135490","2025-12-05","49.00","AUD","1760302774","66155/2025-12-05/1760302774.json"
"515320","135490","2025-12-06","49.00","AUD","1760302774","66155/2025-12-06/1760302774.json"
"515320","135490","2025-12-09","49.00","AUD","1760302774","66155/2025-12-09/1760302774.json"
"515320","135490","2025-10-16","49.00","AUD","1760327878","66155/2025-10-16/1760327878.json"
"515320","135490","2025-10-15","49.00","AUD","1760327878","66155/2025-10-15/1760327878.json"
"515320","135490","2025-10-13","49.00","AUD","1760327878","66155/2025-10-13/1760327878.json"
"515320","135490","2025-10-14","49.00","AUD","1760327878","66155/2025-10-14/1760327878.json"
"515320","135490","2025-10-17","49.00","AUD","1760327878","66155/2025-10-17/1760327878.json"
"515320","135490","2025-10-18","49.00","AUD","1760327878","66155/2025-10-18/1760327878.json"
"515320","135490","2025-10-20","49.00","AUD","1760327878","66155/2025-10-20/1760327878.json"
"515320","135490","2025-10-21","49.00","AUD","1760327878","66155/2025-10-21/1760327878.json"
"515320","135490","2025-10-19","49.00","AUD","1760327878","66155/2025-10-19/1760327878.json"
"515320","135490","2025-10-23","49.00","AUD","1760327878","66155/2025-10-23/1760327878.json"
"515320","135490","2025-10-22","49.00","AUD","1760327878","66155/2025-10-22/1760327878.json"
"515320","135490","2025-10-25","49.00","AUD","1760327878","66155/2025-10-25/1760327878.json"
"515320","135490","2025-10-24","49.00","AUD","1760327878","66155/2025-10-24/1760327878.json"
"515320","135490","2025-10-27","49.00","AUD","1760327878","66155/2025-10-27/1760327878.json"
"515320","135490","2025-10-26","49.00","AUD","1760327878","66155/2025-10-26/1760327878.json"
"515320","135490","2025-10-29","49.00","AUD","1760327878","66155/2025-10-29/1760327878.json"
"515320","135490","2025-10-28","49.00","AUD","1760327878","66155/2025-10-28/1760327878.json"
"515320","135490","2025-10-30","49.00","AUD","1760327878","66155/2025-10-30/1760327878.json"
"515320","135490","2025-11-02","49.00","AUD","1760327878","66155/2025-11-02/1760327878.json"
"515320","135490","2025-11-03","49.00","AUD","1760327878","66155/2025-11-03/1760327878.json"
"515320","135490","2025-11-04","49.00","AUD","1760327878","66155/2025-11-04/1760327878.json"
"515320","135490","2025-11-05","49.00","AUD","1760327878","66155/2025-11-05/1760327878.json"
"515320","135490","2025-11-06","49.00","AUD","1760327878","66155/2025-11-06/1760327878.json"
"515320","135490","2025-11-09","49.00","AUD","1760327878","66155/2025-11-09/1760327878.json"
"515320","135490","2025-11-11","49.00","AUD","1760327878","66155/2025-11-11/1760327878.json"
"515320","135490","2025-11-10","49.00","AUD","1760327878","66155/2025-11-10/1760327878.json"
"515320","135490","2025-11-12","49.00","AUD","1760327878","66155/2025-11-12/1760327878.json"
"515320","135490","2025-11-13","49.00","AUD","1760327878","66155/2025-11-13/1760327878.json"
"515320","135490","2025-11-14","49.00","AUD","1760327878","66155/2025-11-14/1760327878.json"
"515320","135490","2025-11-16","49.00","AUD","1760327878","66155/2025-11-16/1760327878.json"
"515320","135490","2025-11-15","49.00","AUD","1760327878","66155/2025-11-15/1760327878.json"
"515320","135490","2025-11-17","49.00","AUD","1760327878","66155/2025-11-17/1760327878.json"
"515320","135490","2025-11-18","49.00","AUD","1760327878","66155/2025-11-18/1760327878.json"
"515320","135490","2025-11-20","49.00","AUD","1760327878","66155/2025-11-20/1760327878.json"
"515320","135490","2025-11-19","49.00","AUD","1760327878","66155/2025-11-19/1760327878.json"
"515320","135490","2025-11-22","49.00","AUD","1760327878","66155/2025-11-22/1760327878.json"
"515320","135490","2025-11-21","49.00","AUD","1760327878","66155/2025-11-21/1760327878.json"
"515320","135490","2025-11-23","49.00","AUD","1760327878","66155/2025-11-23/1760327878.json"
"515320","135490","2025-11-24","49.00","AUD","1760327878","66155/2025-11-24/1760327878.json"
"515320","135490","2025-11-25","49.00","AUD","1760327878","66155/2025-11-25/1760327878.json"
"515320","135490","2025-11-28","49.00","AUD","1760327878","66155/2025-11-28/1760327878.json"
"515320","135490","2025-11-26","49.00","AUD","1760327878","66155/2025-11-26/1760327878.json"
"515320","135490","2025-11-27","49.00","AUD","1760327878","66155/2025-11-27/1760327878.json"
"515320","135490","2025-11-29","49.00","AUD","1760327878","66155/2025-11-29/1760327878.json"
"515320","135490","2025-11-30","49.00","AUD","1760327878","66155/2025-11-30/1760327878.json"
"515320","135490","2025-12-02","49.00","AUD","1760327878","66155/2025-12-02/1760327878.json"
"515320","135490","2025-12-05","49.00","AUD","1760327878","66155/2025-12-05/1760327878.json"
"515320","135490","2025-12-06","49.00","AUD","1760327878","66155/2025-12-06/1760327878.json"
"515320","135490","2025-12-09","49.00","AUD","1760327878","66155/2025-12-09/1760327878.json"
"515320","135490","2025-12-12","49.00","AUD","1760327878","66155/2025-12-12/1760327878.json"
"515320","135490","2025-10-16","49.00","AUD","1760332138","66155/2025-10-16/1760332138.json"
"515320","135490","2025-10-14","49.00","AUD","1760332138","66155/2025-10-14/1760332138.json"
"515320","135490","2025-10-13","49.00","AUD","1760332138","66155/2025-10-13/1760332138.json"
"515320","135490","2025-10-15","49.00","AUD","1760332138","66155/2025-10-15/1760332138.json"
"515320","135490","2025-10-17","49.00","AUD","1760332138","66155/2025-10-17/1760332138.json"
"515320","135490","2025-10-18","49.00","AUD","1760332138","66155/2025-10-18/1760332138.json"
"515320","135490","2025-10-20","49.00","AUD","1760332138","66155/2025-10-20/1760332138.json"
"515320","135490","2025-10-19","49.00","AUD","1760332138","66155/2025-10-19/1760332138.json"
"515320","135490","2025-10-21","49.00","AUD","1760332138","66155/2025-10-21/1760332138.json"
"515320","135490","2025-10-24","49.00","AUD","1760332138","66155/2025-10-24/1760332138.json"
"515320","135490","2025-10-22","49.00","AUD","1760332138","66155/2025-10-22/1760332138.json"
"515320","135490","2025-10-23","49.00","AUD","1760332138","66155/2025-10-23/1760332138.json"
"515320","135490","2025-10-26","49.00","AUD","1760332138","66155/2025-10-26/1760332138.json"
"515320","135490","2025-10-25","49.00","AUD","1760332138","66155/2025-10-25/1760332138.json"
"515320","135490","2025-10-27","49.00","AUD","1760332138","66155/2025-10-27/1760332138.json"
"515320","135490","2025-10-28","49.00","AUD","1760332138","66155/2025-10-28/1760332138.json"
"515320","135490","2025-10-30","49.00","AUD","1760332138","66155/2025-10-30/1760332138.json"
"515320","135490","2025-10-29","49.00","AUD","1760332138","66155/2025-10-29/1760332138.json"
"515320","135490","2025-11-04","49.00","AUD","1760332138","66155/2025-11-04/1760332138.json"
"515320","135490","2025-11-03","49.00","AUD","1760332138","66155/2025-11-03/1760332138.json"
"515320","135490","2025-11-02","49.00","AUD","1760332138","66155/2025-11-02/1760332138.json"
"515320","135490","2025-11-05","49.00","AUD","1760332138","66155/2025-11-05/1760332138.json"
"515320","135490","2025-11-06","49.00","AUD","1760332138","66155/2025-11-06/1760332138.json"
"515320","135490","2025-11-09","49.00","AUD","1760332138","66155/2025-11-09/1760332138.json"
"515320","135490","2025-11-10","49.00","AUD","1760332138","66155/2025-11-10/1760332138.json"
"515320","135490","2025-11-11","49.00","AUD","1760332138","66155/2025-11-11/1760332138.json"
"515320","135490","2025-11-13","49.00","AUD","1760332138","66155/2025-11-13/1760332138.json"
"515320","135490","2025-11-12","49.00","AUD","1760332138","66155/2025-11-12/1760332138.json"
"515320","135490","2025-11-14","49.00","AUD","1760332138","66155/2025-11-14/1760332138.json"
"515320","135490","2025-11-15","49.00","AUD","1760332138","66155/2025-11-15/1760332138.json"
"515320","135490","2025-11-16","49.00","AUD","1760332138","66155/2025-11-16/1760332138.json"
"515320","135490","2025-11-17","49.00","AUD","1760332138","66155/2025-11-17/1760332138.json"
"515320","135490","2025-11-18","49.00","AUD","1760332138","66155/2025-11-18/1760332138.json"
"515320","135490","2025-11-19","49.00","AUD","1760332138","66155/2025-11-19/1760332138.json"
"515320","135490","2025-11-20","49.00","AUD","1760332138","66155/2025-11-20/1760332138.json"
"515320","135490","2025-11-21","49.00","AUD","1760332138","66155/2025-11-21/1760332138.json"
"515320","135490","2025-11-22","49.00","AUD","1760332138","66155/2025-11-22/1760332138.json"
"515320","135490","2025-11-23","49.00","AUD","1760332138","66155/2025-11-23/1760332138.json"
"515320","135490","2025-11-24","49.00","AUD","1760332138","66155/2025-11-24/1760332138.json"
"515320","135490","2025-11-25","49.00","AUD","1760332138","66155/2025-11-25/1760332138.json"
"515320","135490","2025-11-28","49.00","AUD","1760332138","66155/2025-11-28/1760332138.json"
"515320","135490","2025-11-26","49.00","AUD","1760332138","66155/2025-11-26/1760332138.json"
"515320","135490","2025-11-27","49.00","AUD","1760332138","66155/2025-11-27/1760332138.json"
"515320","135490","2025-11-29","49.00","AUD","1760332138","66155/2025-11-29/1760332138.json"
"515320","135490","2025-11-30","49.00","AUD","1760332138","66155/2025-11-30/1760332138.json"
"515320","135490","2025-12-02","49.00","AUD","1760332138","66155/2025-12-02/1760332138.json"
"515320","135490","2025-12-05","49.00","AUD","1760332138","66155/2025-12-05/1760332138.json"
"515320","135490","2025-12-06","49.00","AUD","1760332138","66155/2025-12-06/1760332138.json"
"515320","135490","2025-12-09","49.00","AUD","1760332138","66155/2025-12-09/1760332138.json"
"515320","135490","2025-12-12","49.00","AUD","1760332138","66155/2025-12-12/1760332138.json"
"515320","135490","2025-10-16","49.00","AUD","1760347279","66155/2025-10-16/1760347279.json"
"515320","135490","2025-10-14","49.00","AUD","1760347279","66155/2025-10-14/1760347279.json"
"515320","135490","2025-10-13","49.00","AUD","1760347279","66155/2025-10-13/1760347279.json"
"515320","135490","2025-10-15","49.00","AUD","1760347279","66155/2025-10-15/1760347279.json"
"515320","135490","2025-10-17","49.00","AUD","1760347279","66155/2025-10-17/1760347279.json"
"515320","135490","2025-10-18","49.00","AUD","1760347279","66155/2025-10-18/1760347279.json"
"515320","135490","2025-10-19","49.00","AUD","1760347279","66155/2025-10-19/1760347279.json"
"515320","135490","2025-10-20","49.00","AUD","1760347279","66155/2025-10-20/1760347279.json"
"515320","135490","2025-10-21","49.00","AUD","1760347279","66155/2025-10-21/1760347279.json"
"515320","135490","2025-10-23","49.00","AUD","1760347279","66155/2025-10-23/1760347279.json"
"515320","135490","2025-10-22","49.00","AUD","1760347279","66155/2025-10-22/1760347279.json"
"515320","135490","2025-10-24","49.00","AUD","1760347279","66155/2025-10-24/1760347279.json"
"515320","135490","2025-10-25","49.00","AUD","1760347279","66155/2025-10-25/1760347279.json"
"515320","135490","2025-10-26","49.00","AUD","1760347279","66155/2025-10-26/1760347279.json"
"515320","135490","2025-10-28","49.00","AUD","1760347279","66155/2025-10-28/1760347279.json"
"515320","135490","2025-10-27","49.00","AUD","1760347279","66155/2025-10-27/1760347279.json"
"515320","135490","2025-10-30","49.00","AUD","1760347279","66155/2025-10-30/1760347279.json"
"515320","135490","2025-10-29","49.00","AUD","1760347279","66155/2025-10-29/1760347279.json"
"515320","135490","2025-11-03","49.00","AUD","1760347279","66155/2025-11-03/1760347279.json"
"515320","135490","2025-11-04","49.00","AUD","1760347279","66155/2025-11-04/1760347279.json"
"515320","135490","2025-11-05","49.00","AUD","1760347279","66155/2025-11-05/1760347279.json"
"515320","135490","2025-11-02","49.00","AUD","1760347279","66155/2025-11-02/1760347279.json"
"515320","135490","2025-11-06","49.00","AUD","1760347279","66155/2025-11-06/1760347279.json"
"515320","135490","2025-11-09","49.00","AUD","1760347279","66155/2025-11-09/1760347279.json"
"515320","135490","2025-11-10","49.00","AUD","1760347279","66155/2025-11-10/1760347279.json"
"515320","135490","2025-11-11","49.00","AUD","1760347279","66155/2025-11-11/1760347279.json"
"515320","135490","2025-11-12","49.00","AUD","1760347279","66155/2025-11-12/1760347279.json"
"515320","135490","2025-11-13","49.00","AUD","1760347279","66155/2025-11-13/1760347279.json"
"515320","135490","2025-11-14","49.00","AUD","1760347279","66155/2025-11-14/1760347279.json"
"515320","135490","2025-11-15","49.00","AUD","1760347279","66155/2025-11-15/1760347279.json"
"515320","135490","2025-11-16","49.00","AUD","1760347279","66155/2025-11-16/1760347279.json"
"515320","135490","2025-11-17","49.00","AUD","1760347279","66155/2025-11-17/1760347279.json"
"515320","135490","2025-11-18","49.00","AUD","1760347279","66155/2025-11-18/1760347279.json"
"515320","135490","2025-11-19","49.00","AUD","1760347279","66155/2025-11-19/1760347279.json"
"515320","135490","2025-11-21","49.00","AUD","1760347279","66155/2025-11-21/1760347279.json"
"515320","135490","2025-11-22","49.00","AUD","1760347279","66155/2025-11-22/1760347279.json"
"515320","135490","2025-11-20","49.00","AUD","1760347279","66155/2025-11-20/1760347279.json"
"515320","135490","2025-11-23","49.00","AUD","1760347279","66155/2025-11-23/1760347279.json"
"515320","135490","2025-11-24","49.00","AUD","1760347279","66155/2025-11-24/1760347279.json"
"515320","135490","2025-11-25","49.00","AUD","1760347279","66155/2025-11-25/1760347279.json"
"515320","135490","2025-11-26","49.00","AUD","1760347279","66155/2025-11-26/1760347279.json"
"515320","135490","2025-11-28","49.00","AUD","1760347279","66155/2025-11-28/1760347279.json"
"515320","135490","2025-11-27","49.00","AUD","1760347279","66155/2025-11-27/1760347279.json"
"515320","135490","2025-11-29","49.00","AUD","1760347279","66155/2025-11-29/1760347279.json"
"515320","135490","2025-11-30","49.00","AUD","1760347279","66155/2025-11-30/1760347279.json"
"515320","135490","2025-12-02","49.00","AUD","1760347279","66155/2025-12-02/1760347279.json"
"515320","135490","2025-12-05","49.00","AUD","1760347279","66155/2025-12-05/1760347279.json"
"515320","135490","2025-12-06","49.00","AUD","1760347279","66155/2025-12-06/1760347279.json"
"515320","135490","2025-12-09","49.00","AUD","1760347279","66155/2025-12-09/1760347279.json"
"515320","135490","2025-12-12","49.00","AUD","1760347279","66155/2025-12-12/1760347279.json"
"515320","135490","2025-10-15","49.00","AUD","1760364590","66155/2025-10-15/1760364590.json"
"515320","135490","2025-10-14","49.00","AUD","1760364590","66155/2025-10-14/1760364590.json"
"515320","135490","2025-10-16","49.00","AUD","1760364590","66155/2025-10-16/1760364590.json"
"515320","135490","2025-10-17","49.00","AUD","1760364590","66155/2025-10-17/1760364590.json"
"515320","135490","2025-10-19","49.00","AUD","1760364590","66155/2025-10-19/1760364590.json"
"515320","135490","2025-10-21","49.00","AUD","1760364590","66155/2025-10-21/1760364590.json"
"515320","135490","2025-10-18","49.00","AUD","1760364590","66155/2025-10-18/1760364590.json"
"515320","135490","2025-10-22","49.00","AUD","1760364590","66155/2025-10-22/1760364590.json"
"515320","135490","2025-10-20","49.00","AUD","1760364590","66155/2025-10-20/1760364590.json"
"515320","135490","2025-10-23","49.00","AUD","1760364590","66155/2025-10-23/1760364590.json"
"515320","135490","2025-10-24","49.00","AUD","1760364590","66155/2025-10-24/1760364590.json"
"515320","135490","2025-10-26","49.00","AUD","1760364590","66155/2025-10-26/1760364590.json"
"515320","135490","2025-10-27","49.00","AUD","1760364590","66155/2025-10-27/1760364590.json"
"515320","135490","2025-10-25","49.00","AUD","1760364590","66155/2025-10-25/1760364590.json"
"515320","135490","2025-10-28","49.00","AUD","1760364590","66155/2025-10-28/1760364590.json"
"515320","135490","2025-10-29","49.00","AUD","1760364590","66155/2025-10-29/1760364590.json"
"515320","135490","2025-10-30","49.00","AUD","1760364590","66155/2025-10-30/1760364590.json"
"515320","135490","2025-11-02","49.00","AUD","1760364590","66155/2025-11-02/1760364590.json"
"515320","135490","2025-11-03","49.00","AUD","1760364590","66155/2025-11-03/1760364590.json"
"515320","135490","2025-11-04","49.00","AUD","1760364590","66155/2025-11-04/1760364590.json"
"515320","135490","2025-11-05","49.00","AUD","1760364590","66155/2025-11-05/1760364590.json"
"515320","135490","2025-11-06","49.00","AUD","1760364590","66155/2025-11-06/1760364590.json"
"515320","135490","2025-11-09","49.00","AUD","1760364590","66155/2025-11-09/1760364590.json"
"515320","135490","2025-11-10","49.00","AUD","1760364590","66155/2025-11-10/1760364590.json"
"515320","135490","2025-11-11","49.00","AUD","1760364590","66155/2025-11-11/1760364590.json"
"515320","135490","2025-11-12","49.00","AUD","1760364590","66155/2025-11-12/1760364590.json"
"515320","135490","2025-11-13","49.00","AUD","1760364590","66155/2025-11-13/1760364590.json"
"515320","135490","2025-11-15","49.00","AUD","1760364590","66155/2025-11-15/1760364590.json"
"515320","135490","2025-11-17","49.00","AUD","1760364590","66155/2025-11-17/1760364590.json"
"515320","135490","2025-11-18","49.00","AUD","1760364590","66155/2025-11-18/1760364590.json"
"515320","135490","2025-11-16","49.00","AUD","1760364590","66155/2025-11-16/1760364590.json"
"515320","135490","2025-11-19","49.00","AUD","1760364590","66155/2025-11-19/1760364590.json"
"515320","135490","2025-11-20","49.00","AUD","1760364590","66155/2025-11-20/1760364590.json"
"515320","135490","2025-11-21","49.00","AUD","1760364590","66155/2025-11-21/1760364590.json"
"515320","135490","2025-11-22","49.00","AUD","1760364590","66155/2025-11-22/1760364590.json"
"515320","135490","2025-11-14","49.00","AUD","1760364590","66155/2025-11-14/1760364590.json"
"515320","135490","2025-11-23","49.00","AUD","1760364590","66155/2025-11-23/1760364590.json"
"515320","135490","2025-11-24","49.00","AUD","1760364590","66155/2025-11-24/1760364590.json"
"515320","135490","2025-11-25","49.00","AUD","1760364590","66155/2025-11-25/1760364590.json"
"515320","135490","2025-11-27","49.00","AUD","1760364590","66155/2025-11-27/1760364590.json"
"515320","135490","2025-11-28","49.00","AUD","1760364590","66155/2025-11-28/1760364590.json"
"515320","135490","2025-11-26","49.00","AUD","1760364590","66155/2025-11-26/1760364590.json"
"515320","135490","2025-11-29","49.00","AUD","1760364590","66155/2025-11-29/1760364590.json"
"515320","135490","2025-12-02","49.00","AUD","1760364590","66155/2025-12-02/1760364590.json"
"515320","135490","2025-11-30","49.00","AUD","1760364590","66155/2025-11-30/1760364590.json"
"515320","135490","2025-12-06","49.00","AUD","1760364590","66155/2025-12-06/1760364590.json"
"515320","135490","2025-12-05","49.00","AUD","1760364590","66155/2025-12-05/1760364590.json"
"515320","135490","2025-12-09","49.00","AUD","1760364590","66155/2025-12-09/1760364590.json"
"515320","135490","2025-12-12","49.00","AUD","1760364590","66155/2025-12-12/1760364590.json"
"515320","135490","2025-10-14","49.00","AUD","1760375897","66155/2025-10-14/1760375897.json"
"515320","135490","2025-10-16","49.00","AUD","1760375897","66155/2025-10-16/1760375897.json"
"515320","135490","2025-10-15","49.00","AUD","1760375897","66155/2025-10-15/1760375897.json"
"515320","135490","2025-10-17","49.00","AUD","1760375897","66155/2025-10-17/1760375897.json"
"515320","135490","2025-10-19","49.00","AUD","1760375897","66155/2025-10-19/1760375897.json"
"515320","135490","2025-10-20","49.00","AUD","1760375897","66155/2025-10-20/1760375897.json"
"515320","135490","2025-10-18","49.00","AUD","1760375897","66155/2025-10-18/1760375897.json"
"515320","135490","2025-10-21","49.00","AUD","1760375897","66155/2025-10-21/1760375897.json"
"515320","135490","2025-10-22","49.00","AUD","1760375897","66155/2025-10-22/1760375897.json"
"515320","135490","2025-10-23","49.00","AUD","1760375897","66155/2025-10-23/1760375897.json"
"515320","135490","2025-10-24","49.00","AUD","1760375897","66155/2025-10-24/1760375897.json"
"515320","135490","2025-10-25","49.00","AUD","1760375897","66155/2025-10-25/1760375897.json"
"515320","135490","2025-10-26","49.00","AUD","1760375897","66155/2025-10-26/1760375897.json"
"515320","135490","2025-10-27","49.00","AUD","1760375897","66155/2025-10-27/1760375897.json"
"515320","135490","2025-10-29","49.00","AUD","1760375897","66155/2025-10-29/1760375897.json"
"515320","135490","2025-10-30","49.00","AUD","1760375897","66155/2025-10-30/1760375897.json"
"515320","135490","2025-11-03","49.00","AUD","1760375897","66155/2025-11-03/1760375897.json"
"515320","135490","2025-11-02","49.00","AUD","1760375897","66155/2025-11-02/1760375897.json"
"515320","135490","2025-10-28","49.00","AUD","1760375897","66155/2025-10-28/1760375897.json"
"515320","135490","2025-11-04","49.00","AUD","1760375897","66155/2025-11-04/1760375897.json"
"515320","135490","2025-11-05","49.00","AUD","1760375897","66155/2025-11-05/1760375897.json"
"515320","135490","2025-11-06","49.00","AUD","1760375897","66155/2025-11-06/1760375897.json"
"515320","135490","2025-11-09","49.00","AUD","1760375897","66155/2025-11-09/1760375897.json"
"515320","135490","2025-11-10","49.00","AUD","1760375897","66155/2025-11-10/1760375897.json"
"515320","135490","2025-11-11","49.00","AUD","1760375897","66155/2025-11-11/1760375897.json"
"515320","135490","2025-11-12","49.00","AUD","1760375897","66155/2025-11-12/1760375897.json"
"515320","135490","2025-11-13","49.00","AUD","1760375897","66155/2025-11-13/1760375897.json"
"515320","135490","2025-11-15","49.00","AUD","1760375897","66155/2025-11-15/1760375897.json"
"515320","135490","2025-11-14","49.00","AUD","1760375897","66155/2025-11-14/1760375897.json"
"515320","135490","2025-11-16","49.00","AUD","1760375897","66155/2025-11-16/1760375897.json"
"515320","135490","2025-11-17","49.00","AUD","1760375897","66155/2025-11-17/1760375897.json"
"515320","135490","2025-11-19","49.00","AUD","1760375897","66155/2025-11-19/1760375897.json"
"515320","135490","2025-11-18","49.00","AUD","1760375897","66155/2025-11-18/1760375897.json"
"515320","135490","2025-11-20","49.00","AUD","1760375897","66155/2025-11-20/1760375897.json"
"515320","135490","2025-11-21","49.00","AUD","1760375897","66155/2025-11-21/1760375897.json"
"515320","135490","2025-11-23","49.00","AUD","1760375897","66155/2025-11-23/1760375897.json"
"515320","135490","2025-11-22","49.00","AUD","1760375897","66155/2025-11-22/1760375897.json"
"515320","135490","2025-11-24","49.00","AUD","1760375897","66155/2025-11-24/1760375897.json"
"515320","135490","2025-11-26","49.00","AUD","1760375897","66155/2025-11-26/1760375897.json"
"515320","135490","2025-11-28","49.00","AUD","1760375897","66155/2025-11-28/1760375897.json"
"515320","135490","2025-11-27","49.00","AUD","1760375897","66155/2025-11-27/1760375897.json"
"515320","135490","2025-11-29","49.00","AUD","1760375897","66155/2025-11-29/1760375897.json"
"515320","135490","2025-11-30","49.00","AUD","1760375897","66155/2025-11-30/1760375897.json"
"515320","135490","2025-11-25","49.00","AUD","1760375897","66155/2025-11-25/1760375897.json"
"515320","135490","2025-12-02","49.00","AUD","1760375897","66155/2025-12-02/1760375897.json"
"515320","135490","2025-12-05","49.00","AUD","1760375897","66155/2025-12-05/1760375897.json"
"515320","135490","2025-12-06","49.00","AUD","1760375897","66155/2025-12-06/1760375897.json"
"515320","135490","2025-12-09","49.00","AUD","1760375897","66155/2025-12-09/1760375897.json"
"515320","135490","2025-12-12","49.00","AUD","1760375897","66155/2025-12-12/1760375897.json"
"515320","135490","2025-10-15","49.00","AUD","1760389613","66155/2025-10-15/1760389613.json"
"515320","135490","2025-10-14","49.00","AUD","1760389613","66155/2025-10-14/1760389613.json"
"515320","135490","2025-10-16","49.00","AUD","1760389613","66155/2025-10-16/1760389613.json"
"515320","135490","2025-10-17","49.00","AUD","1760389613","66155/2025-10-17/1760389613.json"
"515320","135490","2025-10-18","49.00","AUD","1760389613","66155/2025-10-18/1760389613.json"
"515320","135490","2025-10-19","49.00","AUD","1760389613","66155/2025-10-19/1760389613.json"
"515320","135490","2025-10-20","49.00","AUD","1760389613","66155/2025-10-20/1760389613.json"
"515320","135490","2025-10-21","49.00","AUD","1760389613","66155/2025-10-21/1760389613.json"
"515320","135490","2025-10-23","49.00","AUD","1760389613","66155/2025-10-23/1760389613.json"
"515320","135490","2025-10-22","49.00","AUD","1760389613","66155/2025-10-22/1760389613.json"
"515320","135490","2025-10-24","49.00","AUD","1760389613","66155/2025-10-24/1760389613.json"
"515320","135490","2025-10-25","49.00","AUD","1760389613","66155/2025-10-25/1760389613.json"
"515320","135490","2025-10-26","49.00","AUD","1760389613","66155/2025-10-26/1760389613.json"
"515320","135490","2025-10-29","49.00","AUD","1760389613","66155/2025-10-29/1760389613.json"
"515320","135490","2025-10-27","49.00","AUD","1760389613","66155/2025-10-27/1760389613.json"
"515320","135490","2025-10-30","49.00","AUD","1760389613","66155/2025-10-30/1760389613.json"
"515320","135490","2025-10-28","49.00","AUD","1760389613","66155/2025-10-28/1760389613.json"
"515320","135490","2025-11-02","49.00","AUD","1760389613","66155/2025-11-02/1760389613.json"
"515320","135490","2025-11-03","49.00","AUD","1760389613","66155/2025-11-03/1760389613.json"
"515320","135490","2025-11-04","49.00","AUD","1760389613","66155/2025-11-04/1760389613.json"
"515320","135490","2025-11-05","49.00","AUD","1760389613","66155/2025-11-05/1760389613.json"
"515320","135490","2025-11-06","49.00","AUD","1760389613","66155/2025-11-06/1760389613.json"
"515320","135490","2025-11-09","49.00","AUD","1760389613","66155/2025-11-09/1760389613.json"
"515320","135490","2025-11-10","49.00","AUD","1760389613","66155/2025-11-10/1760389613.json"
"515320","135490","2025-11-11","49.00","AUD","1760389613","66155/2025-11-11/1760389613.json"
"515320","135490","2025-11-12","49.00","AUD","1760389613","66155/2025-11-12/1760389613.json"
"515320","135490","2025-11-13","49.00","AUD","1760389613","66155/2025-11-13/1760389613.json"
"515320","135490","2025-11-14","49.00","AUD","1760389613","66155/2025-11-14/1760389613.json"
"515320","135490","2025-11-16","49.00","AUD","1760389613","66155/2025-11-16/1760389613.json"
"515320","135490","2025-11-17","49.00","AUD","1760389613","66155/2025-11-17/1760389613.json"
"515320","135490","2025-11-15","49.00","AUD","1760389613","66155/2025-11-15/1760389613.json"
"515320","135490","2025-11-18","49.00","AUD","1760389613","66155/2025-11-18/1760389613.json"
"515320","135490","2025-11-19","49.00","AUD","1760389613","66155/2025-11-19/1760389613.json"
"515320","135490","2025-11-21","49.00","AUD","1760389613","66155/2025-11-21/1760389613.json"
"515320","135490","2025-11-20","49.00","AUD","1760389613","66155/2025-11-20/1760389613.json"
"515320","135490","2025-11-23","49.00","AUD","1760389613","66155/2025-11-23/1760389613.json"
"515320","135490","2025-11-22","49.00","AUD","1760389613","66155/2025-11-22/1760389613.json"
"515320","135490","2025-11-25","49.00","AUD","1760389613","66155/2025-11-25/1760389613.json"
"515320","135490","2025-11-24","49.00","AUD","1760389613","66155/2025-11-24/1760389613.json"
"515320","135490","2025-11-26","49.00","AUD","1760389613","66155/2025-11-26/1760389613.json"
"515320","135490","2025-11-29","49.00","AUD","1760389613","66155/2025-11-29/1760389613.json"
"515320","135490","2025-11-27","49.00","AUD","1760389613","66155/2025-11-27/1760389613.json"
"515320","135490","2025-11-28","49.00","AUD","1760389613","66155/2025-11-28/1760389613.json"
"515320","135490","2025-11-30","49.00","AUD","1760389613","66155/2025-11-30/1760389613.json"
"515320","135490","2025-12-02","49.00","AUD","1760389613","66155/2025-12-02/1760389613.json"
"515320","135490","2025-12-05","49.00","AUD","1760389613","66155/2025-12-05/1760389613.json"
"515320","135490","2025-12-06","49.00","AUD","1760389613","66155/2025-12-06/1760389613.json"
"515320","135490","2025-12-09","49.00","AUD","1760389613","66155/2025-12-09/1760389613.json"
"515320","135490","2025-12-12","49.00","AUD","1760389613","66155/2025-12-12/1760389613.json"
"515320","135490","2025-10-17","49.00","AUD","1760412996","66155/2025-10-17/1760412996.json"
"515320","135490","2025-10-16","49.00","AUD","1760412996","66155/2025-10-16/1760412996.json"
"515320","135490","2025-10-14","49.00","AUD","1760412996","66155/2025-10-14/1760412996.json"
"515320","135490","2025-10-15","49.00","AUD","1760412996","66155/2025-10-15/1760412996.json"
"515320","135490","2025-10-18","49.00","AUD","1760412996","66155/2025-10-18/1760412996.json"
"515320","135490","2025-10-20","49.00","AUD","1760412996","66155/2025-10-20/1760412996.json"
"515320","135490","2025-10-21","49.00","AUD","1760412996","66155/2025-10-21/1760412996.json"
"515320","135490","2025-10-19","49.00","AUD","1760412996","66155/2025-10-19/1760412996.json"
"515320","135490","2025-10-22","49.00","AUD","1760412996","66155/2025-10-22/1760412996.json"
"515320","135490","2025-10-24","49.00","AUD","1760412996","66155/2025-10-24/1760412996.json"
"515320","135490","2025-10-25","49.00","AUD","1760412996","66155/2025-10-25/1760412996.json"
"515320","135490","2025-10-23","49.00","AUD","1760412996","66155/2025-10-23/1760412996.json"
"515320","135490","2025-10-27","49.00","AUD","1760412996","66155/2025-10-27/1760412996.json"
"515320","135490","2025-10-26","49.00","AUD","1760412996","66155/2025-10-26/1760412996.json"
"515320","135490","2025-10-29","49.00","AUD","1760412996","66155/2025-10-29/1760412996.json"
"515320","135490","2025-10-28","49.00","AUD","1760412996","66155/2025-10-28/1760412996.json"
"515320","135490","2025-10-30","49.00","AUD","1760412996","66155/2025-10-30/1760412996.json"
"515320","135490","2025-11-02","49.00","AUD","1760412996","66155/2025-11-02/1760412996.json"
"515320","135490","2025-11-04","49.00","AUD","1760412996","66155/2025-11-04/1760412996.json"
"515320","135490","2025-11-06","49.00","AUD","1760412996","66155/2025-11-06/1760412996.json"
"515320","135490","2025-11-03","49.00","AUD","1760412996","66155/2025-11-03/1760412996.json"
"515320","135490","2025-11-05","49.00","AUD","1760412996","66155/2025-11-05/1760412996.json"
"515320","135490","2025-11-10","49.00","AUD","1760412996","66155/2025-11-10/1760412996.json"
"515320","135490","2025-11-09","49.00","AUD","1760412996","66155/2025-11-09/1760412996.json"
"515320","135490","2025-11-11","49.00","AUD","1760412996","66155/2025-11-11/1760412996.json"
"515320","135490","2025-11-12","49.00","AUD","1760412996","66155/2025-11-12/1760412996.json"
"515320","135490","2025-11-13","49.00","AUD","1760412996","66155/2025-11-13/1760412996.json"
"515320","135490","2025-11-14","49.00","AUD","1760412996","66155/2025-11-14/1760412996.json"
"515320","135490","2025-11-15","49.00","AUD","1760412996","66155/2025-11-15/1760412996.json"
"515320","135490","2025-11-17","49.00","AUD","1760412996","66155/2025-11-17/1760412996.json"
"515320","135490","2025-11-16","49.00","AUD","1760412996","66155/2025-11-16/1760412996.json"
"515320","135490","2025-11-18","49.00","AUD","1760412996","66155/2025-11-18/1760412996.json"
"515320","135490","2025-11-19","49.00","AUD","1760412996","66155/2025-11-19/1760412996.json"
"515320","135490","2025-11-20","49.00","AUD","1760412996","66155/2025-11-20/1760412996.json"
"515320","135490","2025-11-22","49.00","AUD","1760412996","66155/2025-11-22/1760412996.json"
"515320","135490","2025-11-21","49.00","AUD","1760412996","66155/2025-11-21/1760412996.json"
"515320","135490","2025-11-23","49.00","AUD","1760412996","66155/2025-11-23/1760412996.json"
"515320","135490","2025-11-24","49.00","AUD","1760412996","66155/2025-11-24/1760412996.json"
"515320","135490","2025-11-26","49.00","AUD","1760412996","66155/2025-11-26/1760412996.json"
"515320","135490","2025-11-25","49.00","AUD","1760412996","66155/2025-11-25/1760412996.json"
"515320","135490","2025-11-27","49.00","AUD","1760412996","66155/2025-11-27/1760412996.json"
"515320","135490","2025-11-29","49.00","AUD","1760412996","66155/2025-11-29/1760412996.json"
"515320","135490","2025-11-28","49.00","AUD","1760412996","66155/2025-11-28/1760412996.json"
"515320","135490","2025-11-30","49.00","AUD","1760412996","66155/2025-11-30/1760412996.json"
"515320","135490","2025-12-05","49.00","AUD","1760412996","66155/2025-12-05/1760412996.json"
"515320","135490","2025-12-02","49.00","AUD","1760412996","66155/2025-12-02/1760412996.json"
"515320","135490","2025-12-06","49.00","AUD","1760412996","66155/2025-12-06/1760412996.json"
"515320","135490","2025-12-09","49.00","AUD","1760412996","66155/2025-12-09/1760412996.json"
"515320","135490","2025-12-13","49.00","AUD","1760412996","66155/2025-12-13/1760412996.json"
"515320","135490","2025-12-12","49.00","AUD","1760412996","66155/2025-12-12/1760412996.json"
"515320","135490","2025-10-14","49.00","AUD","1760418530","66155/2025-10-14/1760418530.json"
"515320","135490","2025-10-15","49.00","AUD","1760418530","66155/2025-10-15/1760418530.json"
"515320","135490","2025-10-16","49.00","AUD","1760418530","66155/2025-10-16/1760418530.json"
"515320","135490","2025-10-17","49.00","AUD","1760418530","66155/2025-10-17/1760418530.json"
"515320","135490","2025-10-19","49.00","AUD","1760418530","66155/2025-10-19/1760418530.json"
"515320","135490","2025-10-20","49.00","AUD","1760418530","66155/2025-10-20/1760418530.json"
"515320","135490","2025-10-21","49.00","AUD","1760418530","66155/2025-10-21/1760418530.json"
"515320","135490","2025-10-22","49.00","AUD","1760418530","66155/2025-10-22/1760418530.json"
"515320","135490","2025-10-24","49.00","AUD","1760418530","66155/2025-10-24/1760418530.json"
"515320","135490","2025-10-23","49.00","AUD","1760418530","66155/2025-10-23/1760418530.json"
"515320","135490","2025-10-18","49.00","AUD","1760418530","66155/2025-10-18/1760418530.json"
"515320","135490","2025-10-25","49.00","AUD","1760418530","66155/2025-10-25/1760418530.json"
"515320","135490","2025-10-27","49.00","AUD","1760418530","66155/2025-10-27/1760418530.json"
"515320","135490","2025-10-26","49.00","AUD","1760418530","66155/2025-10-26/1760418530.json"
"515320","135490","2025-10-28","49.00","AUD","1760418530","66155/2025-10-28/1760418530.json"
"515320","135490","2025-10-29","49.00","AUD","1760418530","66155/2025-10-29/1760418530.json"
"515320","135490","2025-10-30","49.00","AUD","1760418530","66155/2025-10-30/1760418530.json"
"515320","135490","2025-11-02","49.00","AUD","1760418530","66155/2025-11-02/1760418530.json"
"515320","135490","2025-11-03","49.00","AUD","1760418530","66155/2025-11-03/1760418530.json"
"515320","135490","2025-11-04","49.00","AUD","1760418530","66155/2025-11-04/1760418530.json"
"515320","135490","2025-11-05","49.00","AUD","1760418530","66155/2025-11-05/1760418530.json"
"515320","135490","2025-11-06","49.00","AUD","1760418530","66155/2025-11-06/1760418530.json"
"515320","135490","2025-11-10","49.00","AUD","1760418530","66155/2025-11-10/1760418530.json"
"515320","135490","2025-11-11","49.00","AUD","1760418530","66155/2025-11-11/1760418530.json"
"515320","135490","2025-11-09","49.00","AUD","1760418530","66155/2025-11-09/1760418530.json"
"515320","135490","2025-11-12","49.00","AUD","1760418530","66155/2025-11-12/1760418530.json"
"515320","135490","2025-11-13","49.00","AUD","1760418530","66155/2025-11-13/1760418530.json"
"515320","135490","2025-11-15","49.00","AUD","1760418530","66155/2025-11-15/1760418530.json"
"515320","135490","2025-11-14","49.00","AUD","1760418530","66155/2025-11-14/1760418530.json"
"515320","135490","2025-11-16","49.00","AUD","1760418530","66155/2025-11-16/1760418530.json"
"515320","135490","2025-11-19","49.00","AUD","1760418530","66155/2025-11-19/1760418530.json"
"515320","135490","2025-11-18","49.00","AUD","1760418530","66155/2025-11-18/1760418530.json"
"515320","135490","2025-11-17","49.00","AUD","1760418530","66155/2025-11-17/1760418530.json"
"515320","135490","2025-11-20","49.00","AUD","1760418530","66155/2025-11-20/1760418530.json"
"515320","135490","2025-11-22","49.00","AUD","1760418530","66155/2025-11-22/1760418530.json"
"515320","135490","2025-11-23","49.00","AUD","1760418530","66155/2025-11-23/1760418530.json"
"515320","135490","2025-11-21","49.00","AUD","1760418530","66155/2025-11-21/1760418530.json"
"515320","135490","2025-11-24","49.00","AUD","1760418530","66155/2025-11-24/1760418530.json"
"515320","135490","2025-11-26","49.00","AUD","1760418530","66155/2025-11-26/1760418530.json"
"515320","135490","2025-11-25","49.00","AUD","1760418530","66155/2025-11-25/1760418530.json"
"515320","135490","2025-11-27","49.00","AUD","1760418530","66155/2025-11-27/1760418530.json"
"515320","135490","2025-11-28","49.00","AUD","1760418530","66155/2025-11-28/1760418530.json"
"515320","135490","2025-11-30","49.00","AUD","1760418530","66155/2025-11-30/1760418530.json"
"515320","135490","2025-11-29","49.00","AUD","1760418530","66155/2025-11-29/1760418530.json"
"515320","135490","2025-12-02","49.00","AUD","1760418530","66155/2025-12-02/1760418530.json"
"515320","135490","2025-12-05","49.00","AUD","1760418530","66155/2025-12-05/1760418530.json"
"515320","135490","2025-12-06","49.00","AUD","1760418530","66155/2025-12-06/1760418530.json"
"515320","135490","2025-12-09","49.00","AUD","1760418530","66155/2025-12-09/1760418530.json"
"515320","135490","2025-12-12","49.00","AUD","1760418530","66155/2025-12-12/1760418530.json"
"515320","135490","2025-12-13","49.00","AUD","1760418530","66155/2025-12-13/1760418530.json"
"515320","135490","2025-10-14","49.00","AUD","1760433190","66155/2025-10-14/1760433190.json"
"515320","135490","2025-10-16","49.00","AUD","1760433190","66155/2025-10-16/1760433190.json"
"515320","135490","2025-10-15","49.00","AUD","1760433190","66155/2025-10-15/1760433190.json"
"515320","135490","2025-10-17","49.00","AUD","1760433190","66155/2025-10-17/1760433190.json"
"515320","135490","2025-10-18","49.00","AUD","1760433190","66155/2025-10-18/1760433190.json"
"515320","135490","2025-10-21","49.00","AUD","1760433190","66155/2025-10-21/1760433190.json"
"515320","135490","2025-10-20","49.00","AUD","1760433190","66155/2025-10-20/1760433190.json"
"515320","135490","2025-10-19","49.00","AUD","1760433190","66155/2025-10-19/1760433190.json"
"515320","135490","2025-10-22","49.00","AUD","1760433190","66155/2025-10-22/1760433190.json"
"515320","135490","2025-10-23","49.00","AUD","1760433190","66155/2025-10-23/1760433190.json"
"515320","135490","2025-10-24","49.00","AUD","1760433190","66155/2025-10-24/1760433190.json"
"515320","135490","2025-10-25","49.00","AUD","1760433190","66155/2025-10-25/1760433190.json"
"515320","135490","2025-10-26","49.00","AUD","1760433190","66155/2025-10-26/1760433190.json"
"515320","135490","2025-10-27","49.00","AUD","1760433190","66155/2025-10-27/1760433190.json"
"515320","135490","2025-10-28","49.00","AUD","1760433190","66155/2025-10-28/1760433190.json"
"515320","135490","2025-10-29","49.00","AUD","1760433190","66155/2025-10-29/1760433190.json"
"515320","135490","2025-10-30","49.00","AUD","1760433190","66155/2025-10-30/1760433190.json"
"515320","135490","2025-11-02","49.00","AUD","1760433190","66155/2025-11-02/1760433190.json"
"515320","135490","2025-11-03","49.00","AUD","1760433190","66155/2025-11-03/1760433190.json"
"515320","135490","2025-11-04","49.00","AUD","1760433190","66155/2025-11-04/1760433190.json"
"515320","135490","2025-11-05","49.00","AUD","1760433190","66155/2025-11-05/1760433190.json"
"515320","135490","2025-11-09","49.00","AUD","1760433190","66155/2025-11-09/1760433190.json"
"515320","135490","2025-11-06","49.00","AUD","1760433190","66155/2025-11-06/1760433190.json"
"515320","135490","2025-11-10","49.00","AUD","1760433190","66155/2025-11-10/1760433190.json"
"515320","135490","2025-11-12","49.00","AUD","1760433190","66155/2025-11-12/1760433190.json"
"515320","135490","2025-11-11","49.00","AUD","1760433190","66155/2025-11-11/1760433190.json"
"515320","135490","2025-11-13","49.00","AUD","1760433190","66155/2025-11-13/1760433190.json"
"515320","135490","2025-11-14","49.00","AUD","1760433190","66155/2025-11-14/1760433190.json"
"515320","135490","2025-11-15","49.00","AUD","1760433190","66155/2025-11-15/1760433190.json"
"515320","135490","2025-11-16","49.00","AUD","1760433190","66155/2025-11-16/1760433190.json"
"515320","135490","2025-11-17","49.00","AUD","1760433190","66155/2025-11-17/1760433190.json"
"515320","135490","2025-11-19","49.00","AUD","1760433190","66155/2025-11-19/1760433190.json"
"515320","135490","2025-11-20","49.00","AUD","1760433190","66155/2025-11-20/1760433190.json"
"515320","135490","2025-11-21","49.00","AUD","1760433190","66155/2025-11-21/1760433190.json"
"515320","135490","2025-11-22","49.00","AUD","1760433190","66155/2025-11-22/1760433190.json"
"515320","135490","2025-11-24","49.00","AUD","1760433190","66155/2025-11-24/1760433190.json"
"515320","135490","2025-11-23","49.00","AUD","1760433190","66155/2025-11-23/1760433190.json"
"515320","135490","2025-11-25","49.00","AUD","1760433190","66155/2025-11-25/1760433190.json"
"515320","135490","2025-11-26","49.00","AUD","1760433190","66155/2025-11-26/1760433190.json"
"515320","135490","2025-11-27","49.00","AUD","1760433190","66155/2025-11-27/1760433190.json"
"515320","135490","2025-11-28","49.00","AUD","1760433190","66155/2025-11-28/1760433190.json"
"515320","135490","2025-11-29","49.00","AUD","1760433190","66155/2025-11-29/1760433190.json"
"515320","135490","2025-11-30","49.00","AUD","1760433190","66155/2025-11-30/1760433190.json"
"515320","135490","2025-12-02","49.00","AUD","1760433190","66155/2025-12-02/1760433190.json"
"515320","135490","2025-12-05","49.00","AUD","1760433190","66155/2025-12-05/1760433190.json"
"515320","135490","2025-12-06","49.00","AUD","1760433190","66155/2025-12-06/1760433190.json"
"515320","135490","2025-12-09","49.00","AUD","1760433190","66155/2025-12-09/1760433190.json"
"515320","135490","2025-12-12","49.00","AUD","1760433190","66155/2025-12-12/1760433190.json"
"515320","135490","2025-12-13","49.00","AUD","1760433190","66155/2025-12-13/1760433190.json"
"515320","135490","2025-11-18","49.00","AUD","1760433190","66155/2025-11-18/1760433190.json"
"515320","135490","2025-10-17","49.00","AUD","1760450897","66155/2025-10-17/1760450897.json"
"515320","135490","2025-10-16","49.00","AUD","1760450897","66155/2025-10-16/1760450897.json"
"515320","135490","2025-10-15","49.00","AUD","1760450897","66155/2025-10-15/1760450897.json"
"515320","135490","2025-10-18","49.00","AUD","1760450897","66155/2025-10-18/1760450897.json"
"515320","135490","2025-10-19","49.00","AUD","1760450897","66155/2025-10-19/1760450897.json"
"515320","135490","2025-10-20","49.00","AUD","1760450897","66155/2025-10-20/1760450897.json"
"515320","135490","2025-10-22","49.00","AUD","1760450897","66155/2025-10-22/1760450897.json"
"515320","135490","2025-10-21","49.00","AUD","1760450897","66155/2025-10-21/1760450897.json"
"515320","135490","2025-10-23","49.00","AUD","1760450897","66155/2025-10-23/1760450897.json"
"515320","135490","2025-10-25","49.00","AUD","1760450897","66155/2025-10-25/1760450897.json"
"515320","135490","2025-10-26","49.00","AUD","1760450897","66155/2025-10-26/1760450897.json"
"515320","135490","2025-10-24","49.00","AUD","1760450897","66155/2025-10-24/1760450897.json"
"515320","135490","2025-10-27","49.00","AUD","1760450897","66155/2025-10-27/1760450897.json"
"515320","135490","2025-10-29","49.00","AUD","1760450897","66155/2025-10-29/1760450897.json"
"515320","135490","2025-10-30","49.00","AUD","1760450897","66155/2025-10-30/1760450897.json"
"515320","135490","2025-10-28","49.00","AUD","1760450897","66155/2025-10-28/1760450897.json"
"515320","135490","2025-11-03","49.00","AUD","1760450897","66155/2025-11-03/1760450897.json"
"515320","135490","2025-11-02","49.00","AUD","1760450897","66155/2025-11-02/1760450897.json"
"515320","135490","2025-11-04","49.00","AUD","1760450897","66155/2025-11-04/1760450897.json"
"515320","135490","2025-11-06","49.00","AUD","1760450897","66155/2025-11-06/1760450897.json"
"515320","135490","2025-11-05","49.00","AUD","1760450897","66155/2025-11-05/1760450897.json"
"515320","135490","2025-11-10","49.00","AUD","1760450897","66155/2025-11-10/1760450897.json"
"515320","135490","2025-11-09","49.00","AUD","1760450897","66155/2025-11-09/1760450897.json"
"515320","135490","2025-11-11","49.00","AUD","1760450897","66155/2025-11-11/1760450897.json"
"515320","135490","2025-11-12","49.00","AUD","1760450897","66155/2025-11-12/1760450897.json"
"515320","135490","2025-11-14","49.00","AUD","1760450897","66155/2025-11-14/1760450897.json"
"515320","135490","2025-11-15","49.00","AUD","1760450897","66155/2025-11-15/1760450897.json"
"515320","135490","2025-11-16","49.00","AUD","1760450897","66155/2025-11-16/1760450897.json"
"515320","135490","2025-11-13","49.00","AUD","1760450897","66155/2025-11-13/1760450897.json"
"515320","135490","2025-11-17","49.00","AUD","1760450897","66155/2025-11-17/1760450897.json"
"515320","135490","2025-11-18","49.00","AUD","1760450897","66155/2025-11-18/1760450897.json"
"515320","135490","2025-11-19","49.00","AUD","1760450897","66155/2025-11-19/1760450897.json"
"515320","135490","2025-11-20","49.00","AUD","1760450897","66155/2025-11-20/1760450897.json"
"515320","135490","2025-11-21","49.00","AUD","1760450897","66155/2025-11-21/1760450897.json"
"515320","135490","2025-11-22","49.00","AUD","1760450897","66155/2025-11-22/1760450897.json"
"515320","135490","2025-11-24","49.00","AUD","1760450897","66155/2025-11-24/1760450897.json"
"515320","135490","2025-11-25","49.00","AUD","1760450897","66155/2025-11-25/1760450897.json"
"515320","135490","2025-11-26","49.00","AUD","1760450897","66155/2025-11-26/1760450897.json"
"515320","135490","2025-11-23","49.00","AUD","1760450897","66155/2025-11-23/1760450897.json"
"515320","135490","2025-11-27","49.00","AUD","1760450897","66155/2025-11-27/1760450897.json"
"515320","135490","2025-11-28","49.00","AUD","1760450897","66155/2025-11-28/1760450897.json"
"515320","135490","2025-11-29","49.00","AUD","1760450897","66155/2025-11-29/1760450897.json"
"515320","135490","2025-11-30","49.00","AUD","1760450897","66155/2025-11-30/1760450897.json"
"515320","135490","2025-12-02","49.00","AUD","1760450897","66155/2025-12-02/1760450897.json"
"515320","135490","2025-12-05","49.00","AUD","1760450897","66155/2025-12-05/1760450897.json"
"515320","135490","2025-12-06","49.00","AUD","1760450897","66155/2025-12-06/1760450897.json"
"515320","135490","2025-12-09","49.00","AUD","1760450897","66155/2025-12-09/1760450897.json"
"515320","135490","2025-12-12","49.00","AUD","1760450897","66155/2025-12-12/1760450897.json"
"515320","135490","2025-12-13","49.00","AUD","1760450897","66155/2025-12-13/1760450897.json"
"515320","135490","2025-10-15","49.00","AUD","1760462313","66155/2025-10-15/1760462313.json"
"515320","135490","2025-10-17","49.00","AUD","1760462313","66155/2025-10-17/1760462313.json"
"515320","135490","2025-10-16","49.00","AUD","1760462313","66155/2025-10-16/1760462313.json"
"515320","135490","2025-10-18","49.00","AUD","1760462313","66155/2025-10-18/1760462313.json"
"515320","135490","2025-10-19","49.00","AUD","1760462313","66155/2025-10-19/1760462313.json"
"515320","135490","2025-10-20","49.00","AUD","1760462313","66155/2025-10-20/1760462313.json"
"515320","135490","2025-10-21","49.00","AUD","1760462313","66155/2025-10-21/1760462313.json"
"515320","135490","2025-10-22","49.00","AUD","1760462313","66155/2025-10-22/1760462313.json"
"515320","135490","2025-10-23","49.00","AUD","1760462313","66155/2025-10-23/1760462313.json"
"515320","135490","2025-10-24","49.00","AUD","1760462313","66155/2025-10-24/1760462313.json"
"515320","135490","2025-10-25","49.00","AUD","1760462313","66155/2025-10-25/1760462313.json"
"515320","135490","2025-10-26","49.00","AUD","1760462313","66155/2025-10-26/1760462313.json"
"515320","135490","2025-10-28","49.00","AUD","1760462313","66155/2025-10-28/1760462313.json"
"515320","135490","2025-10-30","49.00","AUD","1760462313","66155/2025-10-30/1760462313.json"
"515320","135490","2025-10-29","49.00","AUD","1760462313","66155/2025-10-29/1760462313.json"
"515320","135490","2025-10-27","49.00","AUD","1760462313","66155/2025-10-27/1760462313.json"
"515320","135490","2025-11-02","49.00","AUD","1760462313","66155/2025-11-02/1760462313.json"
"515320","135490","2025-11-03","49.00","AUD","1760462313","66155/2025-11-03/1760462313.json"
"515320","135490","2025-11-04","49.00","AUD","1760462313","66155/2025-11-04/1760462313.json"
"515320","135490","2025-11-05","49.00","AUD","1760462313","66155/2025-11-05/1760462313.json"
"515320","135490","2025-11-06","49.00","AUD","1760462313","66155/2025-11-06/1760462313.json"
"515320","135490","2025-11-09","49.00","AUD","1760462313","66155/2025-11-09/1760462313.json"
"515320","135490","2025-11-11","49.00","AUD","1760462313","66155/2025-11-11/1760462313.json"
"515320","135490","2025-11-12","49.00","AUD","1760462313","66155/2025-11-12/1760462313.json"
"515320","135490","2025-11-10","49.00","AUD","1760462313","66155/2025-11-10/1760462313.json"
"515320","135490","2025-11-13","49.00","AUD","1760462313","66155/2025-11-13/1760462313.json"
"515320","135490","2025-11-14","49.00","AUD","1760462313","66155/2025-11-14/1760462313.json"
"515320","135490","2025-11-15","49.00","AUD","1760462313","66155/2025-11-15/1760462313.json"
"515320","135490","2025-11-16","49.00","AUD","1760462313","66155/2025-11-16/1760462313.json"
"515320","135490","2025-11-17","49.00","AUD","1760462313","66155/2025-11-17/1760462313.json"
"515320","135490","2025-11-18","49.00","AUD","1760462313","66155/2025-11-18/1760462313.json"
"515320","135490","2025-11-19","49.00","AUD","1760462313","66155/2025-11-19/1760462313.json"
"515320","135490","2025-11-20","49.00","AUD","1760462313","66155/2025-11-20/1760462313.json"
"515320","135490","2025-11-21","49.00","AUD","1760462313","66155/2025-11-21/1760462313.json"
"515320","135490","2025-11-22","49.00","AUD","1760462313","66155/2025-11-22/1760462313.json"
"515320","135490","2025-11-23","49.00","AUD","1760462313","66155/2025-11-23/1760462313.json"
"515320","135490","2025-11-24","49.00","AUD","1760462313","66155/2025-11-24/1760462313.json"
"515320","135490","2025-11-25","49.00","AUD","1760462313","66155/2025-11-25/1760462313.json"
"515320","135490","2025-11-26","49.00","AUD","1760462313","66155/2025-11-26/1760462313.json"
"515320","135490","2025-11-27","49.00","AUD","1760462313","66155/2025-11-27/1760462313.json"
"515320","135490","2025-11-28","49.00","AUD","1760462313","66155/2025-11-28/1760462313.json"
"515320","135490","2025-11-29","49.00","AUD","1760462313","66155/2025-11-29/1760462313.json"
"515320","135490","2025-11-30","49.00","AUD","1760462313","66155/2025-11-30/1760462313.json"
"515320","135490","2025-12-02","49.00","AUD","1760462313","66155/2025-12-02/1760462313.json"
"515320","135490","2025-12-06","49.00","AUD","1760462313","66155/2025-12-06/1760462313.json"
"515320","135490","2025-12-05","49.00","AUD","1760462313","66155/2025-12-05/1760462313.json"
"515320","135490","2025-12-09","49.00","AUD","1760462313","66155/2025-12-09/1760462313.json"
"515320","135490","2025-12-12","49.00","AUD","1760462313","66155/2025-12-12/1760462313.json"
"515320","135490","2025-12-13","49.00","AUD","1760462313","66155/2025-12-13/1760462313.json"
"515320","135490","2025-10-17","49.00","AUD","1760476014","66155/2025-10-17/1760476014.json"
"515320","135490","2025-10-15","49.00","AUD","1760476014","66155/2025-10-15/1760476014.json"
"515320","135490","2025-10-16","49.00","AUD","1760476014","66155/2025-10-16/1760476014.json"
"515320","135490","2025-10-18","49.00","AUD","1760476014","66155/2025-10-18/1760476014.json"
"515320","135490","2025-10-19","49.00","AUD","1760476014","66155/2025-10-19/1760476014.json"
"515320","135490","2025-10-20","49.00","AUD","1760476014","66155/2025-10-20/1760476014.json"
"515320","135490","2025-10-21","49.00","AUD","1760476014","66155/2025-10-21/1760476014.json"
"515320","135490","2025-10-22","49.00","AUD","1760476014","66155/2025-10-22/1760476014.json"
"515320","135490","2025-10-23","49.00","AUD","1760476014","66155/2025-10-23/1760476014.json"
"515320","135490","2025-10-24","49.00","AUD","1760476014","66155/2025-10-24/1760476014.json"
"515320","135490","2025-10-25","49.00","AUD","1760476014","66155/2025-10-25/1760476014.json"
"515320","135490","2025-10-27","49.00","AUD","1760476014","66155/2025-10-27/1760476014.json"
"515320","135490","2025-10-28","49.00","AUD","1760476014","66155/2025-10-28/1760476014.json"
"515320","135490","2025-10-26","49.00","AUD","1760476014","66155/2025-10-26/1760476014.json"
"515320","135490","2025-10-30","49.00","AUD","1760476014","66155/2025-10-30/1760476014.json"
"515320","135490","2025-10-29","49.00","AUD","1760476014","66155/2025-10-29/1760476014.json"
"515320","135490","2025-11-03","49.00","AUD","1760476014","66155/2025-11-03/1760476014.json"
"515320","135490","2025-11-02","49.00","AUD","1760476014","66155/2025-11-02/1760476014.json"
"515320","135490","2025-11-04","49.00","AUD","1760476014","66155/2025-11-04/1760476014.json"
"515320","135490","2025-11-05","49.00","AUD","1760476014","66155/2025-11-05/1760476014.json"
"515320","135490","2025-11-06","49.00","AUD","1760476014","66155/2025-11-06/1760476014.json"
"515320","135490","2025-11-09","49.00","AUD","1760476014","66155/2025-11-09/1760476014.json"
"515320","135490","2025-11-10","49.00","AUD","1760476014","66155/2025-11-10/1760476014.json"
"515320","135490","2025-11-11","49.00","AUD","1760476014","66155/2025-11-11/1760476014.json"
"515320","135490","2025-11-12","49.00","AUD","1760476014","66155/2025-11-12/1760476014.json"
"515320","135490","2025-11-13","49.00","AUD","1760476014","66155/2025-11-13/1760476014.json"
"515320","135490","2025-11-15","49.00","AUD","1760476014","66155/2025-11-15/1760476014.json"
"515320","135490","2025-11-16","49.00","AUD","1760476014","66155/2025-11-16/1760476014.json"
"515320","135490","2025-11-14","49.00","AUD","1760476014","66155/2025-11-14/1760476014.json"
"515320","135490","2025-11-17","49.00","AUD","1760476014","66155/2025-11-17/1760476014.json"
"515320","135490","2025-11-18","49.00","AUD","1760476014","66155/2025-11-18/1760476014.json"
"515320","135490","2025-11-19","49.00","AUD","1760476014","66155/2025-11-19/1760476014.json"
"515320","135490","2025-11-20","49.00","AUD","1760476014","66155/2025-11-20/1760476014.json"
"515320","135490","2025-11-21","49.00","AUD","1760476014","66155/2025-11-21/1760476014.json"
"515320","135490","2025-11-22","49.00","AUD","1760476014","66155/2025-11-22/1760476014.json"
"515320","135490","2025-11-25","49.00","AUD","1760476014","66155/2025-11-25/1760476014.json"
"515320","135490","2025-11-24","49.00","AUD","1760476014","66155/2025-11-24/1760476014.json"
"515320","135490","2025-11-23","49.00","AUD","1760476014","66155/2025-11-23/1760476014.json"
"515320","135490","2025-11-29","49.00","AUD","1760476014","66155/2025-11-29/1760476014.json"
"515320","135490","2025-11-27","49.00","AUD","1760476014","66155/2025-11-27/1760476014.json"
"515320","135490","2025-11-28","49.00","AUD","1760476014","66155/2025-11-28/1760476014.json"
"515320","135490","2025-11-26","49.00","AUD","1760476014","66155/2025-11-26/1760476014.json"
"515320","135490","2025-11-30","49.00","AUD","1760476014","66155/2025-11-30/1760476014.json"
"515320","135490","2025-12-02","49.00","AUD","1760476014","66155/2025-12-02/1760476014.json"
"515320","135490","2025-12-05","49.00","AUD","1760476014","66155/2025-12-05/1760476014.json"
"515320","135490","2025-12-06","49.00","AUD","1760476014","66155/2025-12-06/1760476014.json"
"515320","135490","2025-12-09","49.00","AUD","1760476014","66155/2025-12-09/1760476014.json"
"515320","135490","2025-12-13","49.00","AUD","1760476014","66155/2025-12-13/1760476014.json"
"515320","135490","2025-12-12","49.00","AUD","1760476014","66155/2025-12-12/1760476014.json"
"515320","135490","2025-10-17","49.00","AUD","1760499743","66155/2025-10-17/1760499743.json"
"515320","135490","2025-10-16","49.00","AUD","1760499743","66155/2025-10-16/1760499743.json"
"515320","135490","2025-10-18","49.00","AUD","1760499743","66155/2025-10-18/1760499743.json"
"515320","135490","2025-10-15","49.00","AUD","1760499743","66155/2025-10-15/1760499743.json"
"515320","135490","2025-10-19","49.00","AUD","1760499743","66155/2025-10-19/1760499743.json"
"515320","135490","2025-10-21","49.00","AUD","1760499743","66155/2025-10-21/1760499743.json"
"515320","135490","2025-10-22","49.00","AUD","1760499743","66155/2025-10-22/1760499743.json"
"515320","135490","2025-10-20","49.00","AUD","1760499743","66155/2025-10-20/1760499743.json"
"515320","135490","2025-10-23","49.00","AUD","1760499743","66155/2025-10-23/1760499743.json"
"515320","135490","2025-10-25","49.00","AUD","1760499743","66155/2025-10-25/1760499743.json"
"515320","135490","2025-10-26","49.00","AUD","1760499743","66155/2025-10-26/1760499743.json"
"515320","135490","2025-10-24","49.00","AUD","1760499743","66155/2025-10-24/1760499743.json"
"515320","135490","2025-10-27","49.00","AUD","1760499743","66155/2025-10-27/1760499743.json"
"515320","135490","2025-10-28","49.00","AUD","1760499743","66155/2025-10-28/1760499743.json"
"515320","135490","2025-10-30","49.00","AUD","1760499743","66155/2025-10-30/1760499743.json"
"515320","135490","2025-10-29","49.00","AUD","1760499743","66155/2025-10-29/1760499743.json"
"515320","135490","2025-11-02","49.00","AUD","1760499743","66155/2025-11-02/1760499743.json"
"515320","135490","2025-11-03","49.00","AUD","1760499743","66155/2025-11-03/1760499743.json"
"515320","135490","2025-11-04","49.00","AUD","1760499743","66155/2025-11-04/1760499743.json"
"515320","135490","2025-11-05","49.00","AUD","1760499743","66155/2025-11-05/1760499743.json"
"515320","135490","2025-11-06","49.00","AUD","1760499743","66155/2025-11-06/1760499743.json"
"515320","135490","2025-11-09","49.00","AUD","1760499743","66155/2025-11-09/1760499743.json"
"515320","135490","2025-11-10","49.00","AUD","1760499743","66155/2025-11-10/1760499743.json"
"515320","135490","2025-11-12","49.00","AUD","1760499743","66155/2025-11-12/1760499743.json"
"515320","135490","2025-11-11","49.00","AUD","1760499743","66155/2025-11-11/1760499743.json"
"515320","135490","2025-11-13","49.00","AUD","1760499743","66155/2025-11-13/1760499743.json"
"515320","135490","2025-11-14","49.00","AUD","1760499743","66155/2025-11-14/1760499743.json"
"515320","135490","2025-11-16","49.00","AUD","1760499743","66155/2025-11-16/1760499743.json"
"515320","135490","2025-11-15","49.00","AUD","1760499743","66155/2025-11-15/1760499743.json"
"515320","135490","2025-11-17","49.00","AUD","1760499743","66155/2025-11-17/1760499743.json"
"515320","135490","2025-11-18","49.00","AUD","1760499743","66155/2025-11-18/1760499743.json"
"515320","135490","2025-11-19","49.00","AUD","1760499743","66155/2025-11-19/1760499743.json"
"515320","135490","2025-11-21","49.00","AUD","1760499743","66155/2025-11-21/1760499743.json"
"515320","135490","2025-11-20","49.00","AUD","1760499743","66155/2025-11-20/1760499743.json"
"515320","135490","2025-11-22","49.00","AUD","1760499743","66155/2025-11-22/1760499743.json"
"515320","135490","2025-11-23","49.00","AUD","1760499743","66155/2025-11-23/1760499743.json"
"515320","135490","2025-11-24","49.00","AUD","1760499743","66155/2025-11-24/1760499743.json"
"515320","135490","2025-11-25","49.00","AUD","1760499743","66155/2025-11-25/1760499743.json"
"515320","135490","2025-11-26","49.00","AUD","1760499743","66155/2025-11-26/1760499743.json"
"515320","135490","2025-11-27","49.00","AUD","1760499743","66155/2025-11-27/1760499743.json"
"515320","135490","2025-11-28","49.00","AUD","1760499743","66155/2025-11-28/1760499743.json"
"515320","135490","2025-11-29","49.00","AUD","1760499743","66155/2025-11-29/1760499743.json"
"515320","135490","2025-11-30","49.00","AUD","1760499743","66155/2025-11-30/1760499743.json"
"515320","135490","2025-12-02","49.00","AUD","1760499743","66155/2025-12-02/1760499743.json"
"515320","135490","2025-12-05","49.00","AUD","1760499743","66155/2025-12-05/1760499743.json"
"515320","135490","2025-12-06","49.00","AUD","1760499743","66155/2025-12-06/1760499743.json"
"515320","135490","2025-12-09","49.00","AUD","1760499743","66155/2025-12-09/1760499743.json"
"515320","135490","2025-12-12","49.00","AUD","1760499743","66155/2025-12-12/1760499743.json"
"515320","135490","2025-12-13","49.00","AUD","1760499743","66155/2025-12-13/1760499743.json"
"515320","135490","2025-10-16","49.00","AUD","1760505059","66155/2025-10-16/1760505059.json"
"515320","135490","2025-10-18","49.00","AUD","1760505059","66155/2025-10-18/1760505059.json"
"515320","135490","2025-10-17","49.00","AUD","1760505059","66155/2025-10-17/1760505059.json"
"515320","135490","2025-10-15","49.00","AUD","1760505059","66155/2025-10-15/1760505059.json"
"515320","135490","2025-10-20","49.00","AUD","1760505059","66155/2025-10-20/1760505059.json"
"515320","135490","2025-10-19","49.00","AUD","1760505059","66155/2025-10-19/1760505059.json"
"515320","135490","2025-10-22","49.00","AUD","1760505059","66155/2025-10-22/1760505059.json"
"515320","135490","2025-10-21","49.00","AUD","1760505059","66155/2025-10-21/1760505059.json"
"515320","135490","2025-10-25","49.00","AUD","1760505059","66155/2025-10-25/1760505059.json"
"515320","135490","2025-10-24","49.00","AUD","1760505059","66155/2025-10-24/1760505059.json"
"515320","135490","2025-10-23","49.00","AUD","1760505059","66155/2025-10-23/1760505059.json"
"515320","135490","2025-10-26","49.00","AUD","1760505059","66155/2025-10-26/1760505059.json"
"515320","135490","2025-10-27","49.00","AUD","1760505059","66155/2025-10-27/1760505059.json"
"515320","135490","2025-10-29","49.00","AUD","1760505059","66155/2025-10-29/1760505059.json"
"515320","135490","2025-10-30","49.00","AUD","1760505059","66155/2025-10-30/1760505059.json"
"515320","135490","2025-10-28","49.00","AUD","1760505059","66155/2025-10-28/1760505059.json"
"515320","135490","2025-11-02","49.00","AUD","1760505059","66155/2025-11-02/1760505059.json"
"515320","135490","2025-11-03","49.00","AUD","1760505059","66155/2025-11-03/1760505059.json"
"515320","135490","2025-11-04","49.00","AUD","1760505059","66155/2025-11-04/1760505059.json"
"515320","135490","2025-11-05","49.00","AUD","1760505059","66155/2025-11-05/1760505059.json"
"515320","135490","2025-11-06","49.00","AUD","1760505059","66155/2025-11-06/1760505059.json"
"515320","135490","2025-11-10","49.00","AUD","1760505059","66155/2025-11-10/1760505059.json"
"515320","135490","2025-11-09","49.00","AUD","1760505059","66155/2025-11-09/1760505059.json"
"515320","135490","2025-11-12","49.00","AUD","1760505059","66155/2025-11-12/1760505059.json"
"515320","135490","2025-11-11","49.00","AUD","1760505059","66155/2025-11-11/1760505059.json"
"515320","135490","2025-11-13","49.00","AUD","1760505059","66155/2025-11-13/1760505059.json"
"515320","135490","2025-11-14","49.00","AUD","1760505059","66155/2025-11-14/1760505059.json"
"515320","135490","2025-11-16","49.00","AUD","1760505059","66155/2025-11-16/1760505059.json"
"515320","135490","2025-11-15","49.00","AUD","1760505059","66155/2025-11-15/1760505059.json"
"515320","135490","2025-11-17","49.00","AUD","1760505059","66155/2025-11-17/1760505059.json"
"515320","135490","2025-11-18","49.00","AUD","1760505059","66155/2025-11-18/1760505059.json"
"515320","135490","2025-11-19","49.00","AUD","1760505059","66155/2025-11-19/1760505059.json"
"515320","135490","2025-11-20","49.00","AUD","1760505059","66155/2025-11-20/1760505059.json"
"515320","135490","2025-11-21","49.00","AUD","1760505059","66155/2025-11-21/1760505059.json"
"515320","135490","2025-11-22","49.00","AUD","1760505059","66155/2025-11-22/1760505059.json"
"515320","135490","2025-11-23","49.00","AUD","1760505059","66155/2025-11-23/1760505059.json"
"515320","135490","2025-11-24","49.00","AUD","1760505059","66155/2025-11-24/1760505059.json"
"515320","135490","2025-11-25","49.00","AUD","1760505059","66155/2025-11-25/1760505059.json"
"515320","135490","2025-11-26","49.00","AUD","1760505059","66155/2025-11-26/1760505059.json"
"515320","135490","2025-11-27","49.00","AUD","1760505059","66155/2025-11-27/1760505059.json"
"515320","135490","2025-11-28","49.00","AUD","1760505059","66155/2025-11-28/1760505059.json"
"515320","135490","2025-11-29","49.00","AUD","1760505059","66155/2025-11-29/1760505059.json"
"515320","135490","2025-11-30","49.00","AUD","1760505059","66155/2025-11-30/1760505059.json"
"515320","135490","2025-12-02","49.00","AUD","1760505059","66155/2025-12-02/1760505059.json"
"515320","135490","2025-12-05","49.00","AUD","1760505059","66155/2025-12-05/1760505059.json"
"515320","135490","2025-12-06","49.00","AUD","1760505059","66155/2025-12-06/1760505059.json"
"515320","135490","2025-12-09","49.00","AUD","1760505059","66155/2025-12-09/1760505059.json"
"515320","135490","2025-12-13","49.00","AUD","1760505059","66155/2025-12-13/1760505059.json"
"515320","135490","2025-12-12","49.00","AUD","1760505059","66155/2025-12-12/1760505059.json"
"515320","135490","2025-10-17","49.00","AUD","1760520155","66155/2025-10-17/1760520155.json"
"515320","135490","2025-10-18","49.00","AUD","1760520155","66155/2025-10-18/1760520155.json"
"515320","135490","2025-10-16","49.00","AUD","1760520155","66155/2025-10-16/1760520155.json"
"515320","135490","2025-10-15","49.00","AUD","1760520155","66155/2025-10-15/1760520155.json"
"515320","135490","2025-10-20","49.00","AUD","1760520155","66155/2025-10-20/1760520155.json"
"515320","135490","2025-10-22","49.00","AUD","1760520155","66155/2025-10-22/1760520155.json"
"515320","135490","2025-10-21","49.00","AUD","1760520155","66155/2025-10-21/1760520155.json"
"515320","135490","2025-10-19","49.00","AUD","1760520155","66155/2025-10-19/1760520155.json"
"515320","135490","2025-10-24","49.00","AUD","1760520155","66155/2025-10-24/1760520155.json"
"515320","135490","2025-10-23","49.00","AUD","1760520155","66155/2025-10-23/1760520155.json"
"515320","135490","2025-10-26","49.00","AUD","1760520155","66155/2025-10-26/1760520155.json"
"515320","135490","2025-10-25","49.00","AUD","1760520155","66155/2025-10-25/1760520155.json"
"515320","135490","2025-10-28","49.00","AUD","1760520155","66155/2025-10-28/1760520155.json"
"515320","135490","2025-10-27","49.00","AUD","1760520155","66155/2025-10-27/1760520155.json"
"515320","135490","2025-10-30","49.00","AUD","1760520155","66155/2025-10-30/1760520155.json"
"515320","135490","2025-10-29","49.00","AUD","1760520155","66155/2025-10-29/1760520155.json"
"515320","135490","2025-11-03","49.00","AUD","1760520155","66155/2025-11-03/1760520155.json"
"515320","135490","2025-11-02","49.00","AUD","1760520155","66155/2025-11-02/1760520155.json"
"515320","135490","2025-11-04","49.00","AUD","1760520155","66155/2025-11-04/1760520155.json"
"515320","135490","2025-11-05","49.00","AUD","1760520155","66155/2025-11-05/1760520155.json"
"515320","135490","2025-11-06","49.00","AUD","1760520155","66155/2025-11-06/1760520155.json"
"515320","135490","2025-11-09","49.00","AUD","1760520155","66155/2025-11-09/1760520155.json"
"515320","135490","2025-11-10","49.00","AUD","1760520155","66155/2025-11-10/1760520155.json"
"515320","135490","2025-11-11","49.00","AUD","1760520155","66155/2025-11-11/1760520155.json"
"515320","135490","2025-11-12","49.00","AUD","1760520155","66155/2025-11-12/1760520155.json"
"515320","135490","2025-11-13","49.00","AUD","1760520155","66155/2025-11-13/1760520155.json"
"515320","135490","2025-11-14","49.00","AUD","1760520155","66155/2025-11-14/1760520155.json"
"515320","135490","2025-11-15","49.00","AUD","1760520155","66155/2025-11-15/1760520155.json"
"515320","135490","2025-11-17","49.00","AUD","1760520155","66155/2025-11-17/1760520155.json"
"515320","135490","2025-11-16","49.00","AUD","1760520155","66155/2025-11-16/1760520155.json"
"515320","135490","2025-11-19","49.00","AUD","1760520155","66155/2025-11-19/1760520155.json"
"515320","135490","2025-11-20","49.00","AUD","1760520155","66155/2025-11-20/1760520155.json"
"515320","135490","2025-11-21","49.00","AUD","1760520155","66155/2025-11-21/1760520155.json"
"515320","135490","2025-11-18","49.00","AUD","1760520155","66155/2025-11-18/1760520155.json"
"515320","135490","2025-11-22","49.00","AUD","1760520155","66155/2025-11-22/1760520155.json"
"515320","135490","2025-11-23","49.00","AUD","1760520155","66155/2025-11-23/1760520155.json"
"515320","135490","2025-11-24","49.00","AUD","1760520155","66155/2025-11-24/1760520155.json"
"515320","135490","2025-11-26","49.00","AUD","1760520155","66155/2025-11-26/1760520155.json"
"515320","135490","2025-11-25","49.00","AUD","1760520155","66155/2025-11-25/1760520155.json"
"515320","135490","2025-11-27","49.00","AUD","1760520155","66155/2025-11-27/1760520155.json"
"515320","135490","2025-11-28","49.00","AUD","1760520155","66155/2025-11-28/1760520155.json"
"515320","135490","2025-11-29","49.00","AUD","1760520155","66155/2025-11-29/1760520155.json"
"515320","135490","2025-11-30","49.00","AUD","1760520155","66155/2025-11-30/1760520155.json"
"515320","135490","2025-12-02","49.00","AUD","1760520155","66155/2025-12-02/1760520155.json"
"515320","135490","2025-12-05","49.00","AUD","1760520155","66155/2025-12-05/1760520155.json"
"515320","135490","2025-12-06","49.00","AUD","1760520155","66155/2025-12-06/1760520155.json"
"515320","135490","2025-12-09","49.00","AUD","1760520155","66155/2025-12-09/1760520155.json"
"515320","135490","2025-12-13","49.00","AUD","1760520155","66155/2025-12-13/1760520155.json"
"515320","135490","2025-12-12","49.00","AUD","1760520155","66155/2025-12-12/1760520155.json"
"515320","135490","2025-10-17","49.00","AUD","1760537752","66155/2025-10-17/1760537752.json"
"515320","135490","2025-10-18","49.00","AUD","1760537752","66155/2025-10-18/1760537752.json"
"515320","135490","2025-10-19","49.00","AUD","1760537752","66155/2025-10-19/1760537752.json"
"515320","135490","2025-10-16","49.00","AUD","1760537752","66155/2025-10-16/1760537752.json"
"515320","135490","2025-10-22","49.00","AUD","1760537752","66155/2025-10-22/1760537752.json"
"515320","135490","2025-10-21","49.00","AUD","1760537752","66155/2025-10-21/1760537752.json"
"515320","135490","2025-10-20","49.00","AUD","1760537752","66155/2025-10-20/1760537752.json"
"515320","135490","2025-10-23","49.00","AUD","1760537752","66155/2025-10-23/1760537752.json"
"515320","135490","2025-10-24","49.00","AUD","1760537752","66155/2025-10-24/1760537752.json"
"515320","135490","2025-10-26","49.00","AUD","1760537752","66155/2025-10-26/1760537752.json"
"515320","135490","2025-10-25","49.00","AUD","1760537752","66155/2025-10-25/1760537752.json"
"515320","135490","2025-10-27","49.00","AUD","1760537752","66155/2025-10-27/1760537752.json"
"515320","135490","2025-10-28","49.00","AUD","1760537752","66155/2025-10-28/1760537752.json"
"515320","135490","2025-10-29","49.00","AUD","1760537752","66155/2025-10-29/1760537752.json"
"515320","135490","2025-10-30","49.00","AUD","1760537752","66155/2025-10-30/1760537752.json"
"515320","135490","2025-11-02","49.00","AUD","1760537752","66155/2025-11-02/1760537752.json"
"515320","135490","2025-11-03","49.00","AUD","1760537752","66155/2025-11-03/1760537752.json"
"515320","135490","2025-11-04","49.00","AUD","1760537752","66155/2025-11-04/1760537752.json"
"515320","135490","2025-11-06","49.00","AUD","1760537752","66155/2025-11-06/1760537752.json"
"515320","135490","2025-11-05","49.00","AUD","1760537752","66155/2025-11-05/1760537752.json"
"515320","135490","2025-11-09","49.00","AUD","1760537752","66155/2025-11-09/1760537752.json"
"515320","135490","2025-11-10","49.00","AUD","1760537752","66155/2025-11-10/1760537752.json"
"515320","135490","2025-11-12","49.00","AUD","1760537752","66155/2025-11-12/1760537752.json"
"515320","135490","2025-11-11","49.00","AUD","1760537752","66155/2025-11-11/1760537752.json"
"515320","135490","2025-11-14","49.00","AUD","1760537752","66155/2025-11-14/1760537752.json"
"515320","135490","2025-11-13","49.00","AUD","1760537752","66155/2025-11-13/1760537752.json"
"515320","135490","2025-11-15","49.00","AUD","1760537752","66155/2025-11-15/1760537752.json"
"515320","135490","2025-11-16","49.00","AUD","1760537752","66155/2025-11-16/1760537752.json"
"515320","135490","2025-11-17","49.00","AUD","1760537752","66155/2025-11-17/1760537752.json"
"515320","135490","2025-11-18","49.00","AUD","1760537752","66155/2025-11-18/1760537752.json"
"515320","135490","2025-11-19","49.00","AUD","1760537752","66155/2025-11-19/1760537752.json"
"515320","135490","2025-11-21","49.00","AUD","1760537752","66155/2025-11-21/1760537752.json"
"515320","135490","2025-11-20","49.00","AUD","1760537752","66155/2025-11-20/1760537752.json"
"515320","135490","2025-11-22","49.00","AUD","1760537752","66155/2025-11-22/1760537752.json"
"515320","135490","2025-11-23","49.00","AUD","1760537752","66155/2025-11-23/1760537752.json"
"515320","135490","2025-11-25","49.00","AUD","1760537752","66155/2025-11-25/1760537752.json"
"515320","135490","2025-11-26","49.00","AUD","1760537752","66155/2025-11-26/1760537752.json"
"515320","135490","2025-11-24","49.00","AUD","1760537752","66155/2025-11-24/1760537752.json"
"515320","135490","2025-11-28","49.00","AUD","1760537752","66155/2025-11-28/1760537752.json"
"515320","135490","2025-11-29","49.00","AUD","1760537752","66155/2025-11-29/1760537752.json"
"515320","135490","2025-11-27","49.00","AUD","1760537752","66155/2025-11-27/1760537752.json"
"515320","135490","2025-11-30","49.00","AUD","1760537752","66155/2025-11-30/1760537752.json"
"515320","135490","2025-12-02","49.00","AUD","1760537752","66155/2025-12-02/1760537752.json"
"515320","135490","2025-12-06","49.00","AUD","1760537752","66155/2025-12-06/1760537752.json"
"515320","135490","2025-12-05","49.00","AUD","1760537752","66155/2025-12-05/1760537752.json"
"515320","135490","2025-12-09","49.00","AUD","1760537752","66155/2025-12-09/1760537752.json"
"515320","135490","2025-12-13","49.00","AUD","1760537752","66155/2025-12-13/1760537752.json"
"515320","135490","2025-12-12","49.00","AUD","1760537752","66155/2025-12-12/1760537752.json"
"515320","135490","2025-10-16","49.00","AUD","1760548678","66155/2025-10-16/1760548678.json"
"515320","135490","2025-10-17","49.00","AUD","1760548678","66155/2025-10-17/1760548678.json"
"515320","135490","2025-10-18","49.00","AUD","1760548678","66155/2025-10-18/1760548678.json"
"515320","135490","2025-10-19","49.00","AUD","1760548678","66155/2025-10-19/1760548678.json"
"515320","135490","2025-10-22","49.00","AUD","1760548678","66155/2025-10-22/1760548678.json"
"515320","135490","2025-10-21","49.00","AUD","1760548678","66155/2025-10-21/1760548678.json"
"515320","135490","2025-10-20","49.00","AUD","1760548678","66155/2025-10-20/1760548678.json"
"515320","135490","2025-10-23","49.00","AUD","1760548678","66155/2025-10-23/1760548678.json"
"515320","135490","2025-10-24","49.00","AUD","1760548678","66155/2025-10-24/1760548678.json"
"515320","135490","2025-10-25","49.00","AUD","1760548678","66155/2025-10-25/1760548678.json"
"515320","135490","2025-10-26","49.00","AUD","1760548678","66155/2025-10-26/1760548678.json"
"515320","135490","2025-10-27","49.00","AUD","1760548678","66155/2025-10-27/1760548678.json"
"515320","135490","2025-10-28","49.00","AUD","1760548678","66155/2025-10-28/1760548678.json"
"515320","135490","2025-10-29","49.00","AUD","1760548678","66155/2025-10-29/1760548678.json"
"515320","135490","2025-10-30","49.00","AUD","1760548678","66155/2025-10-30/1760548678.json"
"515320","135490","2025-11-02","49.00","AUD","1760548678","66155/2025-11-02/1760548678.json"
"515320","135490","2025-11-03","49.00","AUD","1760548678","66155/2025-11-03/1760548678.json"
"515320","135490","2025-11-04","49.00","AUD","1760548678","66155/2025-11-04/1760548678.json"
"515320","135490","2025-11-05","49.00","AUD","1760548678","66155/2025-11-05/1760548678.json"
"515320","135490","2025-11-06","49.00","AUD","1760548678","66155/2025-11-06/1760548678.json"
"515320","135490","2025-11-09","49.00","AUD","1760548678","66155/2025-11-09/1760548678.json"
"515320","135490","2025-11-10","49.00","AUD","1760548678","66155/2025-11-10/1760548678.json"
"515320","135490","2025-11-11","49.00","AUD","1760548678","66155/2025-11-11/1760548678.json"
"515320","135490","2025-11-13","49.00","AUD","1760548678","66155/2025-11-13/1760548678.json"
"515320","135490","2025-11-12","49.00","AUD","1760548678","66155/2025-11-12/1760548678.json"
"515320","135490","2025-11-15","49.00","AUD","1760548678","66155/2025-11-15/1760548678.json"
"515320","135490","2025-11-14","49.00","AUD","1760548678","66155/2025-11-14/1760548678.json"
"515320","135490","2025-11-19","49.00","AUD","1760548678","66155/2025-11-19/1760548678.json"
"515320","135490","2025-11-16","49.00","AUD","1760548678","66155/2025-11-16/1760548678.json"
"515320","135490","2025-11-18","49.00","AUD","1760548678","66155/2025-11-18/1760548678.json"
"515320","135490","2025-11-17","49.00","AUD","1760548678","66155/2025-11-17/1760548678.json"
"515320","135490","2025-11-20","49.00","AUD","1760548678","66155/2025-11-20/1760548678.json"
"515320","135490","2025-11-21","49.00","AUD","1760548678","66155/2025-11-21/1760548678.json"
"515320","135490","2025-11-22","49.00","AUD","1760548678","66155/2025-11-22/1760548678.json"
"515320","135490","2025-11-23","49.00","AUD","1760548678","66155/2025-11-23/1760548678.json"
"515320","135490","2025-11-27","49.00","AUD","1760548678","66155/2025-11-27/1760548678.json"
"515320","135490","2025-11-25","49.00","AUD","1760548678","66155/2025-11-25/1760548678.json"
"515320","135490","2025-11-26","49.00","AUD","1760548678","66155/2025-11-26/1760548678.json"
"515320","135490","2025-11-24","49.00","AUD","1760548678","66155/2025-11-24/1760548678.json"
"515320","135490","2025-11-30","49.00","AUD","1760548678","66155/2025-11-30/1760548678.json"
"515320","135490","2025-11-28","49.00","AUD","1760548678","66155/2025-11-28/1760548678.json"
"515320","135490","2025-11-29","49.00","AUD","1760548678","66155/2025-11-29/1760548678.json"
"515320","135490","2025-12-02","49.00","AUD","1760548678","66155/2025-12-02/1760548678.json"
"515320","135490","2025-12-05","49.00","AUD","1760548678","66155/2025-12-05/1760548678.json"
"515320","135490","2025-12-06","49.00","AUD","1760548678","66155/2025-12-06/1760548678.json"
"515320","135490","2025-12-09","49.00","AUD","1760548678","66155/2025-12-09/1760548678.json"
"515320","135490","2025-12-12","49.00","AUD","1760548678","66155/2025-12-12/1760548678.json"
"515320","135490","2025-12-13","49.00","AUD","1760548678","66155/2025-12-13/1760548678.json"
"515320","135490","2025-10-18","49.00","AUD","1760562504","66155/2025-10-18/1760562504.json"
"515320","135490","2025-10-16","49.00","AUD","1760562504","66155/2025-10-16/1760562504.json"
"515320","135490","2025-10-17","49.00","AUD","1760562504","66155/2025-10-17/1760562504.json"
"515320","135490","2025-10-19","49.00","AUD","1760562504","66155/2025-10-19/1760562504.json"
"515320","135490","2025-10-21","49.00","AUD","1760562504","66155/2025-10-21/1760562504.json"
"515320","135490","2025-10-23","49.00","AUD","1760562504","66155/2025-10-23/1760562504.json"
"515320","135490","2025-10-20","49.00","AUD","1760562504","66155/2025-10-20/1760562504.json"
"515320","135490","2025-10-22","49.00","AUD","1760562504","66155/2025-10-22/1760562504.json"
"515320","135490","2025-10-24","49.00","AUD","1760562504","66155/2025-10-24/1760562504.json"
"515320","135490","2025-10-26","49.00","AUD","1760562504","66155/2025-10-26/1760562504.json"
"515320","135490","2025-10-27","49.00","AUD","1760562504","66155/2025-10-27/1760562504.json"
"515320","135490","2025-10-25","49.00","AUD","1760562504","66155/2025-10-25/1760562504.json"
"515320","135490","2025-10-29","49.00","AUD","1760562504","66155/2025-10-29/1760562504.json"
"515320","135490","2025-10-28","49.00","AUD","1760562504","66155/2025-10-28/1760562504.json"
"515320","135490","2025-10-30","49.00","AUD","1760562504","66155/2025-10-30/1760562504.json"
"515320","135490","2025-11-02","49.00","AUD","1760562504","66155/2025-11-02/1760562504.json"
"515320","135490","2025-11-03","49.00","AUD","1760562504","66155/2025-11-03/1760562504.json"
"515320","135490","2025-11-04","49.00","AUD","1760562504","66155/2025-11-04/1760562504.json"
"515320","135490","2025-11-05","49.00","AUD","1760562504","66155/2025-11-05/1760562504.json"
"515320","135490","2025-11-06","49.00","AUD","1760562504","66155/2025-11-06/1760562504.json"
"515320","135490","2025-11-09","49.00","AUD","1760562504","66155/2025-11-09/1760562504.json"
"515320","135490","2025-11-10","49.00","AUD","1760562504","66155/2025-11-10/1760562504.json"
"515320","135490","2025-11-11","49.00","AUD","1760562504","66155/2025-11-11/1760562504.json"
"515320","135490","2025-11-12","49.00","AUD","1760562504","66155/2025-11-12/1760562504.json"
"515320","135490","2025-11-14","49.00","AUD","1760562504","66155/2025-11-14/1760562504.json"
"515320","135490","2025-11-13","49.00","AUD","1760562504","66155/2025-11-13/1760562504.json"
"515320","135490","2025-11-15","49.00","AUD","1760562504","66155/2025-11-15/1760562504.json"
"515320","135490","2025-11-19","49.00","AUD","1760562504","66155/2025-11-19/1760562504.json"
"515320","135490","2025-11-16","49.00","AUD","1760562504","66155/2025-11-16/1760562504.json"
"515320","135490","2025-11-17","49.00","AUD","1760562504","66155/2025-11-17/1760562504.json"
"515320","135490","2025-11-18","49.00","AUD","1760562504","66155/2025-11-18/1760562504.json"
"515320","135490","2025-11-20","49.00","AUD","1760562504","66155/2025-11-20/1760562504.json"
"515320","135490","2025-11-21","49.00","AUD","1760562504","66155/2025-11-21/1760562504.json"
"515320","135490","2025-11-22","49.00","AUD","1760562504","66155/2025-11-22/1760562504.json"
"515320","135490","2025-11-23","49.00","AUD","1760562504","66155/2025-11-23/1760562504.json"
"515320","135490","2025-11-24","49.00","AUD","1760562504","66155/2025-11-24/1760562504.json"
"515320","135490","2025-11-25","49.00","AUD","1760562504","66155/2025-11-25/1760562504.json"
"515320","135490","2025-11-26","49.00","AUD","1760562504","66155/2025-11-26/1760562504.json"
"515320","135490","2025-11-27","49.00","AUD","1760562504","66155/2025-11-27/1760562504.json"
"515320","135490","2025-11-28","49.00","AUD","1760562504","66155/2025-11-28/1760562504.json"
"515320","135490","2025-11-29","49.00","AUD","1760562504","66155/2025-11-29/1760562504.json"
"515320","135490","2025-11-30","49.00","AUD","1760562504","66155/2025-11-30/1760562504.json"
"515320","135490","2025-12-02","49.00","AUD","1760562504","66155/2025-12-02/1760562504.json"
"515320","135490","2025-12-05","49.00","AUD","1760562504","66155/2025-12-05/1760562504.json"
"515320","135490","2025-12-06","49.00","AUD","1760562504","66155/2025-12-06/1760562504.json"
"515320","135490","2025-12-09","49.00","AUD","1760562504","66155/2025-12-09/1760562504.json"
"515320","135490","2025-12-12","49.00","AUD","1760562504","66155/2025-12-12/1760562504.json"
"515320","135490","2025-12-13","49.00","AUD","1760562504","66155/2025-12-13/1760562504.json"
"515320","135490","2025-10-19","49.00","AUD","1760586070","66155/2025-10-19/1760586070.json"
"515320","135490","2025-10-18","49.00","AUD","1760586070","66155/2025-10-18/1760586070.json"
"515320","135490","2025-10-16","49.00","AUD","1760586070","66155/2025-10-16/1760586070.json"
"515320","135490","2025-10-17","49.00","AUD","1760586070","66155/2025-10-17/1760586070.json"
"515320","135490","2025-10-20","49.00","AUD","1760586070","66155/2025-10-20/1760586070.json"
"515320","135490","2025-10-22","49.00","AUD","1760586070","66155/2025-10-22/1760586070.json"
"515320","135490","2025-10-21","49.00","AUD","1760586070","66155/2025-10-21/1760586070.json"
"515320","135490","2025-10-23","49.00","AUD","1760586070","66155/2025-10-23/1760586070.json"
"515320","135490","2025-10-24","49.00","AUD","1760586070","66155/2025-10-24/1760586070.json"
"515320","135490","2025-10-25","49.00","AUD","1760586070","66155/2025-10-25/1760586070.json"
"515320","135490","2025-10-26","49.00","AUD","1760586070","66155/2025-10-26/1760586070.json"
"515320","135490","2025-10-27","49.00","AUD","1760586070","66155/2025-10-27/1760586070.json"
"515320","135490","2025-10-28","49.00","AUD","1760586070","66155/2025-10-28/1760586070.json"
"515320","135490","2025-10-29","49.00","AUD","1760586070","66155/2025-10-29/1760586070.json"
"515320","135490","2025-10-30","49.00","AUD","1760586070","66155/2025-10-30/1760586070.json"
"515320","135490","2025-11-02","49.00","AUD","1760586070","66155/2025-11-02/1760586070.json"
"515320","135490","2025-11-03","49.00","AUD","1760586070","66155/2025-11-03/1760586070.json"
"515320","135490","2025-11-04","49.00","AUD","1760586070","66155/2025-11-04/1760586070.json"
"515320","135490","2025-11-05","49.00","AUD","1760586070","66155/2025-11-05/1760586070.json"
"515320","135490","2025-11-06","49.00","AUD","1760586070","66155/2025-11-06/1760586070.json"
"515320","135490","2025-11-09","49.00","AUD","1760586070","66155/2025-11-09/1760586070.json"
"515320","135490","2025-11-10","49.00","AUD","1760586070","66155/2025-11-10/1760586070.json"
"515320","135490","2025-11-11","49.00","AUD","1760586070","66155/2025-11-11/1760586070.json"
"515320","135490","2025-11-12","49.00","AUD","1760586070","66155/2025-11-12/1760586070.json"
"515320","135490","2025-11-13","49.00","AUD","1760586070","66155/2025-11-13/1760586070.json"
"515320","135490","2025-11-15","49.00","AUD","1760586070","66155/2025-11-15/1760586070.json"
"515320","135490","2025-11-16","49.00","AUD","1760586070","66155/2025-11-16/1760586070.json"
"515320","135490","2025-11-14","49.00","AUD","1760586070","66155/2025-11-14/1760586070.json"
"515320","135490","2025-11-17","49.00","AUD","1760586070","66155/2025-11-17/1760586070.json"
"515320","135490","2025-11-18","49.00","AUD","1760586070","66155/2025-11-18/1760586070.json"
"515320","135490","2025-11-19","49.00","AUD","1760586070","66155/2025-11-19/1760586070.json"
"515320","135490","2025-11-20","49.00","AUD","1760586070","66155/2025-11-20/1760586070.json"
"515320","135490","2025-11-21","49.00","AUD","1760586070","66155/2025-11-21/1760586070.json"
"515320","135490","2025-11-24","49.00","AUD","1760586070","66155/2025-11-24/1760586070.json"
"515320","135490","2025-11-23","49.00","AUD","1760586070","66155/2025-11-23/1760586070.json"
"515320","135490","2025-11-22","49.00","AUD","1760586070","66155/2025-11-22/1760586070.json"
"515320","135490","2025-11-25","49.00","AUD","1760586070","66155/2025-11-25/1760586070.json"
"515320","135490","2025-11-27","49.00","AUD","1760586070","66155/2025-11-27/1760586070.json"
"515320","135490","2025-11-26","49.00","AUD","1760586070","66155/2025-11-26/1760586070.json"
"515320","135490","2025-11-28","49.00","AUD","1760586070","66155/2025-11-28/1760586070.json"
"515320","135490","2025-11-29","49.00","AUD","1760586070","66155/2025-11-29/1760586070.json"
"515320","135490","2025-11-30","49.00","AUD","1760586070","66155/2025-11-30/1760586070.json"
"515320","135490","2025-12-02","49.00","AUD","1760586070","66155/2025-12-02/1760586070.json"
"515320","135490","2025-12-05","49.00","AUD","1760586070","66155/2025-12-05/1760586070.json"
"515320","135490","2025-12-06","49.00","AUD","1760586070","66155/2025-12-06/1760586070.json"
"515320","135490","2025-12-09","49.00","AUD","1760586070","66155/2025-12-09/1760586070.json"
"515320","135490","2025-12-12","49.00","AUD","1760586070","66155/2025-12-12/1760586070.json"
"515320","135490","2025-12-13","49.00","AUD","1760586070","66155/2025-12-13/1760586070.json"
"515320","135490","2025-10-16","49.00","AUD","1760591337","66155/2025-10-16/1760591337.json"
"515320","135490","2025-10-18","49.00","AUD","1760591337","66155/2025-10-18/1760591337.json"
"515320","135490","2025-10-19","49.00","AUD","1760591337","66155/2025-10-19/1760591337.json"
"515320","135490","2025-10-17","49.00","AUD","1760591337","66155/2025-10-17/1760591337.json"
"515320","135490","2025-10-22","49.00","AUD","1760591337","66155/2025-10-22/1760591337.json"
"515320","135490","2025-10-20","49.00","AUD","1760591337","66155/2025-10-20/1760591337.json"
"515320","135490","2025-10-21","49.00","AUD","1760591337","66155/2025-10-21/1760591337.json"
"515320","135490","2025-10-23","49.00","AUD","1760591337","66155/2025-10-23/1760591337.json"
"515320","135490","2025-10-24","49.00","AUD","1760591337","66155/2025-10-24/1760591337.json"
"515320","135490","2025-10-25","49.00","AUD","1760591337","66155/2025-10-25/1760591337.json"
"515320","135490","2025-10-26","49.00","AUD","1760591337","66155/2025-10-26/1760591337.json"
"515320","135490","2025-10-27","49.00","AUD","1760591337","66155/2025-10-27/1760591337.json"
"515320","135490","2025-10-28","49.00","AUD","1760591337","66155/2025-10-28/1760591337.json"
"515320","135490","2025-10-29","49.00","AUD","1760591337","66155/2025-10-29/1760591337.json"
"515320","135490","2025-10-30","49.00","AUD","1760591337","66155/2025-10-30/1760591337.json"
"515320","135490","2025-11-02","49.00","AUD","1760591337","66155/2025-11-02/1760591337.json"
"515320","135490","2025-11-03","49.00","AUD","1760591337","66155/2025-11-03/1760591337.json"
"515320","135490","2025-11-05","49.00","AUD","1760591337","66155/2025-11-05/1760591337.json"
"515320","135490","2025-11-04","49.00","AUD","1760591337","66155/2025-11-04/1760591337.json"
"515320","135490","2025-11-06","49.00","AUD","1760591337","66155/2025-11-06/1760591337.json"
"515320","135490","2025-11-09","49.00","AUD","1760591337","66155/2025-11-09/1760591337.json"
"515320","135490","2025-11-10","49.00","AUD","1760591337","66155/2025-11-10/1760591337.json"
"515320","135490","2025-11-11","49.00","AUD","1760591337","66155/2025-11-11/1760591337.json"
"515320","135490","2025-11-12","49.00","AUD","1760591337","66155/2025-11-12/1760591337.json"
"515320","135490","2025-11-13","49.00","AUD","1760591337","66155/2025-11-13/1760591337.json"
"515320","135490","2025-11-14","49.00","AUD","1760591337","66155/2025-11-14/1760591337.json"
"515320","135490","2025-11-17","49.00","AUD","1760591337","66155/2025-11-17/1760591337.json"
"515320","135490","2025-11-15","49.00","AUD","1760591337","66155/2025-11-15/1760591337.json"
"515320","135490","2025-11-18","49.00","AUD","1760591337","66155/2025-11-18/1760591337.json"
"515320","135490","2025-11-16","49.00","AUD","1760591337","66155/2025-11-16/1760591337.json"
"515320","135490","2025-11-19","49.00","AUD","1760591337","66155/2025-11-19/1760591337.json"
"515320","135490","2025-11-21","49.00","AUD","1760591337","66155/2025-11-21/1760591337.json"
"515320","135490","2025-11-22","49.00","AUD","1760591337","66155/2025-11-22/1760591337.json"
"515320","135490","2025-11-20","49.00","AUD","1760591337","66155/2025-11-20/1760591337.json"
"515320","135490","2025-11-23","49.00","AUD","1760591337","66155/2025-11-23/1760591337.json"
"515320","135490","2025-11-24","49.00","AUD","1760591337","66155/2025-11-24/1760591337.json"
"515320","135490","2025-11-25","49.00","AUD","1760591337","66155/2025-11-25/1760591337.json"
"515320","135490","2025-11-26","49.00","AUD","1760591337","66155/2025-11-26/1760591337.json"
"515320","135490","2025-11-27","49.00","AUD","1760591337","66155/2025-11-27/1760591337.json"
"515320","135490","2025-11-28","49.00","AUD","1760591337","66155/2025-11-28/1760591337.json"
"515320","135490","2025-11-30","49.00","AUD","1760591337","66155/2025-11-30/1760591337.json"
"515320","135490","2025-11-29","49.00","AUD","1760591337","66155/2025-11-29/1760591337.json"
"515320","135490","2025-12-02","49.00","AUD","1760591337","66155/2025-12-02/1760591337.json"
"515320","135490","2025-12-05","49.00","AUD","1760591337","66155/2025-12-05/1760591337.json"
"515320","135490","2025-12-06","49.00","AUD","1760591337","66155/2025-12-06/1760591337.json"
"515320","135490","2025-12-09","49.00","AUD","1760591337","66155/2025-12-09/1760591337.json"
"515320","135490","2025-12-12","49.00","AUD","1760591337","66155/2025-12-12/1760591337.json"
"515320","135490","2025-12-13","49.00","AUD","1760591337","66155/2025-12-13/1760591337.json"
"515320","135490","2025-10-17","49.00","AUD","1760606536","66155/2025-10-17/1760606536.json"
"515320","135490","2025-10-16","49.00","AUD","1760606536","66155/2025-10-16/1760606536.json"
"515320","135490","2025-10-19","49.00","AUD","1760606536","66155/2025-10-19/1760606536.json"
"515320","135490","2025-10-18","49.00","AUD","1760606536","66155/2025-10-18/1760606536.json"
"515320","135490","2025-10-20","49.00","AUD","1760606536","66155/2025-10-20/1760606536.json"
"515320","135490","2025-10-21","49.00","AUD","1760606536","66155/2025-10-21/1760606536.json"
"515320","135490","2025-10-23","49.00","AUD","1760606536","66155/2025-10-23/1760606536.json"
"515320","135490","2025-10-22","49.00","AUD","1760606536","66155/2025-10-22/1760606536.json"
"515320","135490","2025-10-24","49.00","AUD","1760606536","66155/2025-10-24/1760606536.json"
"515320","135490","2025-10-25","49.00","AUD","1760606536","66155/2025-10-25/1760606536.json"
"515320","135490","2025-10-26","49.00","AUD","1760606536","66155/2025-10-26/1760606536.json"
"515320","135490","2025-10-28","49.00","AUD","1760606536","66155/2025-10-28/1760606536.json"
"515320","135490","2025-10-27","49.00","AUD","1760606536","66155/2025-10-27/1760606536.json"
"515320","135490","2025-10-29","49.00","AUD","1760606536","66155/2025-10-29/1760606536.json"
"515320","135490","2025-10-30","49.00","AUD","1760606536","66155/2025-10-30/1760606536.json"
"515320","135490","2025-11-02","49.00","AUD","1760606536","66155/2025-11-02/1760606536.json"
"515320","135490","2025-11-03","49.00","AUD","1760606536","66155/2025-11-03/1760606536.json"
"515320","135490","2025-11-04","49.00","AUD","1760606536","66155/2025-11-04/1760606536.json"
"515320","135490","2025-11-05","49.00","AUD","1760606536","66155/2025-11-05/1760606536.json"
"515320","135490","2025-11-06","49.00","AUD","1760606536","66155/2025-11-06/1760606536.json"
"515320","135490","2025-11-10","49.00","AUD","1760606536","66155/2025-11-10/1760606536.json"
"515320","135490","2025-11-09","49.00","AUD","1760606536","66155/2025-11-09/1760606536.json"
"515320","135490","2025-11-13","49.00","AUD","1760606536","66155/2025-11-13/1760606536.json"
"515320","135490","2025-11-12","49.00","AUD","1760606536","66155/2025-11-12/1760606536.json"
"515320","135490","2025-11-11","49.00","AUD","1760606536","66155/2025-11-11/1760606536.json"
"515320","135490","2025-11-14","49.00","AUD","1760606536","66155/2025-11-14/1760606536.json"
"515320","135490","2025-11-16","49.00","AUD","1760606536","66155/2025-11-16/1760606536.json"
"515320","135490","2025-11-15","49.00","AUD","1760606536","66155/2025-11-15/1760606536.json"
"515320","135490","2025-11-18","49.00","AUD","1760606536","66155/2025-11-18/1760606536.json"
"515320","135490","2025-11-17","49.00","AUD","1760606536","66155/2025-11-17/1760606536.json"
"515320","135490","2025-11-19","49.00","AUD","1760606536","66155/2025-11-19/1760606536.json"
"515320","135490","2025-11-20","49.00","AUD","1760606536","66155/2025-11-20/1760606536.json"
"515320","135490","2025-11-21","49.00","AUD","1760606536","66155/2025-11-21/1760606536.json"
"515320","135490","2025-11-22","49.00","AUD","1760606536","66155/2025-11-22/1760606536.json"
"515320","135490","2025-11-23","49.00","AUD","1760606536","66155/2025-11-23/1760606536.json"
"515320","135490","2025-11-24","49.00","AUD","1760606536","66155/2025-11-24/1760606536.json"
"515320","135490","2025-11-25","49.00","AUD","1760606536","66155/2025-11-25/1760606536.json"
"515320","135490","2025-11-26","49.00","AUD","1760606536","66155/2025-11-26/1760606536.json"
"515320","135490","2025-11-27","49.00","AUD","1760606536","66155/2025-11-27/1760606536.json"
"515320","135490","2025-11-28","49.00","AUD","1760606536","66155/2025-11-28/1760606536.json"
"515320","135490","2025-11-29","49.00","AUD","1760606536","66155/2025-11-29/1760606536.json"
"515320","135490","2025-11-30","49.00","AUD","1760606536","66155/2025-11-30/1760606536.json"
"515320","135490","2025-12-02","49.00","AUD","1760606536","66155/2025-12-02/1760606536.json"
"515320","135490","2025-12-05","49.00","AUD","1760606536","66155/2025-12-05/1760606536.json"
"515320","135490","2025-12-06","49.00","AUD","1760606536","66155/2025-12-06/1760606536.json"
"515320","135490","2025-12-09","49.00","AUD","1760606536","66155/2025-12-09/1760606536.json"
"515320","135490","2025-12-12","49.00","AUD","1760606536","66155/2025-12-12/1760606536.json"
"515320","135490","2025-12-13","49.00","AUD","1760606536","66155/2025-12-13/1760606536.json"
"515320","135490","2025-10-18","49.00","AUD","1760623947","66155/2025-10-18/1760623947.json"
"515320","135490","2025-10-17","49.00","AUD","1760623947","66155/2025-10-17/1760623947.json"
"515320","135490","2025-10-19","49.00","AUD","1760623947","66155/2025-10-19/1760623947.json"
"515320","135490","2025-10-20","49.00","AUD","1760623947","66155/2025-10-20/1760623947.json"
"515320","135490","2025-10-21","49.00","AUD","1760623947","66155/2025-10-21/1760623947.json"
"515320","135490","2025-10-22","49.00","AUD","1760623947","66155/2025-10-22/1760623947.json"
"515320","135490","2025-10-24","49.00","AUD","1760623947","66155/2025-10-24/1760623947.json"
"515320","135490","2025-10-23","49.00","AUD","1760623947","66155/2025-10-23/1760623947.json"
"515320","135490","2025-10-25","49.00","AUD","1760623947","66155/2025-10-25/1760623947.json"
"515320","135490","2025-10-26","49.00","AUD","1760623947","66155/2025-10-26/1760623947.json"
"515320","135490","2025-10-28","49.00","AUD","1760623947","66155/2025-10-28/1760623947.json"
"515320","135490","2025-10-27","49.00","AUD","1760623947","66155/2025-10-27/1760623947.json"
"515320","135490","2025-10-29","49.00","AUD","1760623947","66155/2025-10-29/1760623947.json"
"515320","135490","2025-10-30","49.00","AUD","1760623947","66155/2025-10-30/1760623947.json"
"515320","135490","2025-11-02","49.00","AUD","1760623947","66155/2025-11-02/1760623947.json"
"515320","135490","2025-11-03","49.00","AUD","1760623947","66155/2025-11-03/1760623947.json"
"515320","135490","2025-11-05","49.00","AUD","1760623947","66155/2025-11-05/1760623947.json"
"515320","135490","2025-11-04","49.00","AUD","1760623947","66155/2025-11-04/1760623947.json"
"515320","135490","2025-11-06","49.00","AUD","1760623947","66155/2025-11-06/1760623947.json"
"515320","135490","2025-11-10","49.00","AUD","1760623947","66155/2025-11-10/1760623947.json"
"515320","135490","2025-11-09","49.00","AUD","1760623947","66155/2025-11-09/1760623947.json"
"515320","135490","2025-11-11","49.00","AUD","1760623947","66155/2025-11-11/1760623947.json"
"515320","135490","2025-11-13","49.00","AUD","1760623947","66155/2025-11-13/1760623947.json"
"515320","135490","2025-11-14","49.00","AUD","1760623947","66155/2025-11-14/1760623947.json"
"515320","135490","2025-11-12","49.00","AUD","1760623947","66155/2025-11-12/1760623947.json"
"515320","135490","2025-11-16","49.00","AUD","1760623947","66155/2025-11-16/1760623947.json"
"515320","135490","2025-11-17","49.00","AUD","1760623947","66155/2025-11-17/1760623947.json"
"515320","135490","2025-11-18","49.00","AUD","1760623947","66155/2025-11-18/1760623947.json"
"515320","135490","2025-11-15","49.00","AUD","1760623947","66155/2025-11-15/1760623947.json"
"515320","135490","2025-11-19","49.00","AUD","1760623947","66155/2025-11-19/1760623947.json"
"515320","135490","2025-11-20","49.00","AUD","1760623947","66155/2025-11-20/1760623947.json"
"515320","135490","2025-11-21","49.00","AUD","1760623947","66155/2025-11-21/1760623947.json"
"515320","135490","2025-11-22","49.00","AUD","1760623947","66155/2025-11-22/1760623947.json"
"515320","135490","2025-11-24","49.00","AUD","1760623947","66155/2025-11-24/1760623947.json"
"515320","135490","2025-11-23","49.00","AUD","1760623947","66155/2025-11-23/1760623947.json"
"515320","135490","2025-11-26","49.00","AUD","1760623947","66155/2025-11-26/1760623947.json"
"515320","135490","2025-11-28","49.00","AUD","1760623947","66155/2025-11-28/1760623947.json"
"515320","135490","2025-11-29","49.00","AUD","1760623947","66155/2025-11-29/1760623947.json"
"515320","135490","2025-11-27","49.00","AUD","1760623947","66155/2025-11-27/1760623947.json"
"515320","135490","2025-11-25","49.00","AUD","1760623947","66155/2025-11-25/1760623947.json"
"515320","135490","2025-11-30","49.00","AUD","1760623947","66155/2025-11-30/1760623947.json"
"515320","135490","2025-12-02","49.00","AUD","1760623947","66155/2025-12-02/1760623947.json"
"515320","135490","2025-12-05","49.00","AUD","1760623947","66155/2025-12-05/1760623947.json"
"515320","135490","2025-12-06","49.00","AUD","1760623947","66155/2025-12-06/1760623947.json"
"515320","135490","2025-12-09","49.00","AUD","1760623947","66155/2025-12-09/1760623947.json"
"515320","135490","2025-12-12","49.00","AUD","1760623947","66155/2025-12-12/1760623947.json"
"515320","135490","2025-12-13","49.00","AUD","1760623947","66155/2025-12-13/1760623947.json"
"515320","135490","2025-10-18","49.00","AUD","1760635291","66155/2025-10-18/1760635291.json"
"515320","135490","2025-10-17","49.00","AUD","1760635291","66155/2025-10-17/1760635291.json"
"515320","135490","2025-10-19","49.00","AUD","1760635291","66155/2025-10-19/1760635291.json"
"515320","135490","2025-10-20","49.00","AUD","1760635291","66155/2025-10-20/1760635291.json"
"515320","135490","2025-10-22","49.00","AUD","1760635291","66155/2025-10-22/1760635291.json"
"515320","135490","2025-10-21","49.00","AUD","1760635291","66155/2025-10-21/1760635291.json"
"515320","135490","2025-10-23","49.00","AUD","1760635291","66155/2025-10-23/1760635291.json"
"515320","135490","2025-10-24","49.00","AUD","1760635291","66155/2025-10-24/1760635291.json"
"515320","135490","2025-10-25","49.00","AUD","1760635291","66155/2025-10-25/1760635291.json"
"515320","135490","2025-10-26","49.00","AUD","1760635291","66155/2025-10-26/1760635291.json"
"515320","135490","2025-10-27","49.00","AUD","1760635291","66155/2025-10-27/1760635291.json"
"515320","135490","2025-10-28","49.00","AUD","1760635291","66155/2025-10-28/1760635291.json"
"515320","135490","2025-10-29","49.00","AUD","1760635291","66155/2025-10-29/1760635291.json"
"515320","135490","2025-10-30","49.00","AUD","1760635291","66155/2025-10-30/1760635291.json"
"515320","135490","2025-11-02","49.00","AUD","1760635291","66155/2025-11-02/1760635291.json"
"515320","135490","2025-11-03","49.00","AUD","1760635291","66155/2025-11-03/1760635291.json"
"515320","135490","2025-11-04","49.00","AUD","1760635291","66155/2025-11-04/1760635291.json"
"515320","135490","2025-11-05","49.00","AUD","1760635291","66155/2025-11-05/1760635291.json"
"515320","135490","2025-11-06","49.00","AUD","1760635291","66155/2025-11-06/1760635291.json"
"515320","135490","2025-11-09","49.00","AUD","1760635291","66155/2025-11-09/1760635291.json"
"515320","135490","2025-11-11","49.00","AUD","1760635291","66155/2025-11-11/1760635291.json"
"515320","135490","2025-11-10","49.00","AUD","1760635291","66155/2025-11-10/1760635291.json"
"515320","135490","2025-11-13","49.00","AUD","1760635291","66155/2025-11-13/1760635291.json"
"515320","135490","2025-11-12","49.00","AUD","1760635291","66155/2025-11-12/1760635291.json"
"515320","135490","2025-11-15","49.00","AUD","1760635291","66155/2025-11-15/1760635291.json"
"515320","135490","2025-11-16","49.00","AUD","1760635291","66155/2025-11-16/1760635291.json"
"515320","135490","2025-11-18","49.00","AUD","1760635291","66155/2025-11-18/1760635291.json"
"515320","135490","2025-11-14","49.00","AUD","1760635291","66155/2025-11-14/1760635291.json"
"515320","135490","2025-11-19","49.00","AUD","1760635291","66155/2025-11-19/1760635291.json"
"515320","135490","2025-11-17","49.00","AUD","1760635291","66155/2025-11-17/1760635291.json"
"515320","135490","2025-11-21","49.00","AUD","1760635291","66155/2025-11-21/1760635291.json"
"515320","135490","2025-11-20","49.00","AUD","1760635291","66155/2025-11-20/1760635291.json"
"515320","135490","2025-11-22","49.00","AUD","1760635291","66155/2025-11-22/1760635291.json"
"515320","135490","2025-11-24","49.00","AUD","1760635291","66155/2025-11-24/1760635291.json"
"515320","135490","2025-11-23","49.00","AUD","1760635291","66155/2025-11-23/1760635291.json"
"515320","135490","2025-11-26","49.00","AUD","1760635291","66155/2025-11-26/1760635291.json"
"515320","135490","2025-11-25","49.00","AUD","1760635291","66155/2025-11-25/1760635291.json"
"515320","135490","2025-11-27","49.00","AUD","1760635291","66155/2025-11-27/1760635291.json"
"515320","135490","2025-11-29","49.00","AUD","1760635291","66155/2025-11-29/1760635291.json"
"515320","135490","2025-11-28","49.00","AUD","1760635291","66155/2025-11-28/1760635291.json"
"515320","135490","2025-11-30","49.00","AUD","1760635291","66155/2025-11-30/1760635291.json"
"515320","135490","2025-12-02","49.00","AUD","1760635291","66155/2025-12-02/1760635291.json"
"515320","135490","2025-12-05","49.00","AUD","1760635291","66155/2025-12-05/1760635291.json"
"515320","135490","2025-12-06","49.00","AUD","1760635291","66155/2025-12-06/1760635291.json"
"515320","135490","2025-12-09","49.00","AUD","1760635291","66155/2025-12-09/1760635291.json"
"515320","135490","2025-12-12","49.00","AUD","1760635291","66155/2025-12-12/1760635291.json"
"515320","135490","2025-12-13","49.00","AUD","1760635291","66155/2025-12-13/1760635291.json"
"515320","135490","2025-10-18","49.00","AUD","1760648800","66155/2025-10-18/1760648800.json"
"515320","135490","2025-10-19","49.00","AUD","1760648800","66155/2025-10-19/1760648800.json"
"515320","135490","2025-10-17","49.00","AUD","1760648800","66155/2025-10-17/1760648800.json"
"515320","135490","2025-10-20","49.00","AUD","1760648800","66155/2025-10-20/1760648800.json"
"515320","135490","2025-10-21","49.00","AUD","1760648800","66155/2025-10-21/1760648800.json"
"515320","135490","2025-10-23","49.00","AUD","1760648800","66155/2025-10-23/1760648800.json"
"515320","135490","2025-10-22","49.00","AUD","1760648800","66155/2025-10-22/1760648800.json"
"515320","135490","2025-10-24","49.00","AUD","1760648800","66155/2025-10-24/1760648800.json"
"515320","135490","2025-10-25","49.00","AUD","1760648800","66155/2025-10-25/1760648800.json"
"515320","135490","2025-10-26","49.00","AUD","1760648800","66155/2025-10-26/1760648800.json"
"515320","135490","2025-10-27","49.00","AUD","1760648800","66155/2025-10-27/1760648800.json"
"515320","135490","2025-10-28","49.00","AUD","1760648800","66155/2025-10-28/1760648800.json"
"515320","135490","2025-10-29","49.00","AUD","1760648800","66155/2025-10-29/1760648800.json"
"515320","135490","2025-10-30","49.00","AUD","1760648800","66155/2025-10-30/1760648800.json"
"515320","135490","2025-11-02","49.00","AUD","1760648800","66155/2025-11-02/1760648800.json"
"515320","135490","2025-11-03","49.00","AUD","1760648800","66155/2025-11-03/1760648800.json"
"515320","135490","2025-11-04","49.00","AUD","1760648800","66155/2025-11-04/1760648800.json"
"515320","135490","2025-11-05","49.00","AUD","1760648800","66155/2025-11-05/1760648800.json"
"515320","135490","2025-11-06","49.00","AUD","1760648800","66155/2025-11-06/1760648800.json"
"515320","135490","2025-11-09","49.00","AUD","1760648800","66155/2025-11-09/1760648800.json"
"515320","135490","2025-11-10","49.00","AUD","1760648800","66155/2025-11-10/1760648800.json"
"515320","135490","2025-11-11","49.00","AUD","1760648800","66155/2025-11-11/1760648800.json"
"515320","135490","2025-11-12","49.00","AUD","1760648800","66155/2025-11-12/1760648800.json"
"515320","135490","2025-11-13","49.00","AUD","1760648800","66155/2025-11-13/1760648800.json"
"515320","135490","2025-11-14","49.00","AUD","1760648800","66155/2025-11-14/1760648800.json"
"515320","135490","2025-11-16","49.00","AUD","1760648800","66155/2025-11-16/1760648800.json"
"515320","135490","2025-11-17","49.00","AUD","1760648800","66155/2025-11-17/1760648800.json"
"515320","135490","2025-11-18","49.00","AUD","1760648800","66155/2025-11-18/1760648800.json"
"515320","135490","2025-11-15","49.00","AUD","1760648800","66155/2025-11-15/1760648800.json"
"515320","135490","2025-11-19","49.00","AUD","1760648800","66155/2025-11-19/1760648800.json"
"515320","135490","2025-11-20","49.00","AUD","1760648800","66155/2025-11-20/1760648800.json"
"515320","135490","2025-11-22","49.00","AUD","1760648800","66155/2025-11-22/1760648800.json"
"515320","135490","2025-11-21","49.00","AUD","1760648800","66155/2025-11-21/1760648800.json"
"515320","135490","2025-11-23","49.00","AUD","1760648800","66155/2025-11-23/1760648800.json"
"515320","135490","2025-11-24","49.00","AUD","1760648800","66155/2025-11-24/1760648800.json"
"515320","135490","2025-11-25","49.00","AUD","1760648800","66155/2025-11-25/1760648800.json"
"515320","135490","2025-11-26","49.00","AUD","1760648800","66155/2025-11-26/1760648800.json"
"515320","135490","2025-11-27","49.00","AUD","1760648800","66155/2025-11-27/1760648800.json"
"515320","135490","2025-11-28","49.00","AUD","1760648800","66155/2025-11-28/1760648800.json"
"515320","135490","2025-11-29","49.00","AUD","1760648800","66155/2025-11-29/1760648800.json"
"515320","135490","2025-11-30","49.00","AUD","1760648800","66155/2025-11-30/1760648800.json"
"515320","135490","2025-12-02","49.00","AUD","1760648800","66155/2025-12-02/1760648800.json"
"515320","135490","2025-12-05","49.00","AUD","1760648800","66155/2025-12-05/1760648800.json"
"515320","135490","2025-12-06","49.00","AUD","1760648800","66155/2025-12-06/1760648800.json"
"515320","135490","2025-12-09","49.00","AUD","1760648800","66155/2025-12-09/1760648800.json"
"515320","135490","2025-12-12","49.00","AUD","1760648800","66155/2025-12-12/1760648800.json"
"515320","135490","2025-12-13","49.00","AUD","1760648800","66155/2025-12-13/1760648800.json"
"515320","135490","2025-10-19","49.00","AUD","1760672361","66155/2025-10-19/1760672361.json"
"515320","135490","2025-10-20","49.00","AUD","1760672361","66155/2025-10-20/1760672361.json"
"515320","135490","2025-10-17","49.00","AUD","1760672361","66155/2025-10-17/1760672361.json"
"515320","135490","2025-10-18","49.00","AUD","1760672361","66155/2025-10-18/1760672361.json"
"515320","135490","2025-10-24","49.00","AUD","1760672361","66155/2025-10-24/1760672361.json"
"515320","135490","2025-10-21","49.00","AUD","1760672361","66155/2025-10-21/1760672361.json"
"515320","135490","2025-10-22","49.00","AUD","1760672361","66155/2025-10-22/1760672361.json"
"515320","135490","2025-10-23","49.00","AUD","1760672361","66155/2025-10-23/1760672361.json"
"515320","135490","2025-10-28","49.00","AUD","1760672361","66155/2025-10-28/1760672361.json"
"515320","135490","2025-10-25","49.00","AUD","1760672361","66155/2025-10-25/1760672361.json"
"515320","135490","2025-10-26","49.00","AUD","1760672361","66155/2025-10-26/1760672361.json"
"515320","135490","2025-10-27","49.00","AUD","1760672361","66155/2025-10-27/1760672361.json"
"515320","135490","2025-10-29","49.00","AUD","1760672361","66155/2025-10-29/1760672361.json"
"515320","135490","2025-10-30","49.00","AUD","1760672361","66155/2025-10-30/1760672361.json"
"515320","135490","2025-11-04","49.00","AUD","1760672361","66155/2025-11-04/1760672361.json"
"515320","135490","2025-11-03","49.00","AUD","1760672361","66155/2025-11-03/1760672361.json"
"515320","135490","2025-11-02","49.00","AUD","1760672361","66155/2025-11-02/1760672361.json"
"515320","135490","2025-11-05","49.00","AUD","1760672361","66155/2025-11-05/1760672361.json"
"515320","135490","2025-11-09","49.00","AUD","1760672361","66155/2025-11-09/1760672361.json"
"515320","135490","2025-11-06","49.00","AUD","1760672361","66155/2025-11-06/1760672361.json"
"515320","135490","2025-11-10","49.00","AUD","1760672361","66155/2025-11-10/1760672361.json"
"515320","135490","2025-11-11","49.00","AUD","1760672361","66155/2025-11-11/1760672361.json"
"515320","135490","2025-11-12","49.00","AUD","1760672361","66155/2025-11-12/1760672361.json"
"515320","135490","2025-11-13","49.00","AUD","1760672361","66155/2025-11-13/1760672361.json"
"515320","135490","2025-11-14","49.00","AUD","1760672361","66155/2025-11-14/1760672361.json"
"515320","135490","2025-11-15","49.00","AUD","1760672361","66155/2025-11-15/1760672361.json"
"515320","135490","2025-11-16","49.00","AUD","1760672361","66155/2025-11-16/1760672361.json"
"515320","135490","2025-11-18","49.00","AUD","1760672361","66155/2025-11-18/1760672361.json"
"515320","135490","2025-11-17","49.00","AUD","1760672361","66155/2025-11-17/1760672361.json"
"515320","135490","2025-11-19","49.00","AUD","1760672361","66155/2025-11-19/1760672361.json"
"515320","135490","2025-11-20","49.00","AUD","1760672361","66155/2025-11-20/1760672361.json"
"515320","135490","2025-11-21","49.00","AUD","1760672361","66155/2025-11-21/1760672361.json"
"515320","135490","2025-11-22","49.00","AUD","1760672361","66155/2025-11-22/1760672361.json"
"515320","135490","2025-11-24","49.00","AUD","1760672361","66155/2025-11-24/1760672361.json"
"515320","135490","2025-11-23","49.00","AUD","1760672361","66155/2025-11-23/1760672361.json"
"515320","135490","2025-11-25","49.00","AUD","1760672361","66155/2025-11-25/1760672361.json"
"515320","135490","2025-11-26","49.00","AUD","1760672361","66155/2025-11-26/1760672361.json"
"515320","135490","2025-11-27","49.00","AUD","1760672361","66155/2025-11-27/1760672361.json"
"515320","135490","2025-11-28","49.00","AUD","1760672361","66155/2025-11-28/1760672361.json"
"515320","135490","2025-11-29","49.00","AUD","1760672361","66155/2025-11-29/1760672361.json"
"515320","135490","2025-11-30","49.00","AUD","1760672361","66155/2025-11-30/1760672361.json"
"515320","135490","2025-12-02","49.00","AUD","1760672361","66155/2025-12-02/1760672361.json"
"515320","135490","2025-12-05","49.00","AUD","1760672361","66155/2025-12-05/1760672361.json"
"515320","135490","2025-12-06","49.00","AUD","1760672361","66155/2025-12-06/1760672361.json"
"515320","135490","2025-12-09","49.00","AUD","1760672361","66155/2025-12-09/1760672361.json"
"515320","135490","2025-12-12","49.00","AUD","1760672361","66155/2025-12-12/1760672361.json"
"515320","135490","2025-12-13","49.00","AUD","1760672361","66155/2025-12-13/1760672361.json"
"515320","135490","2025-12-16","49.00","AUD","1760672361","66155/2025-12-16/1760672361.json"
"515320","135490","2025-10-17","49.00","AUD","1760677781","66155/2025-10-17/1760677781.json"
"515320","135490","2025-10-20","49.00","AUD","1760677781","66155/2025-10-20/1760677781.json"
"515320","135490","2025-10-18","49.00","AUD","1760677781","66155/2025-10-18/1760677781.json"
"515320","135490","2025-10-21","49.00","AUD","1760677781","66155/2025-10-21/1760677781.json"
"515320","135490","2025-10-23","49.00","AUD","1760677781","66155/2025-10-23/1760677781.json"
"515320","135490","2025-10-22","49.00","AUD","1760677781","66155/2025-10-22/1760677781.json"
"515320","135490","2025-10-24","49.00","AUD","1760677781","66155/2025-10-24/1760677781.json"
"515320","135490","2025-10-25","49.00","AUD","1760677781","66155/2025-10-25/1760677781.json"
"515320","135490","2025-10-26","49.00","AUD","1760677781","66155/2025-10-26/1760677781.json"
"515320","135490","2025-10-27","49.00","AUD","1760677781","66155/2025-10-27/1760677781.json"
"515320","135490","2025-10-28","49.00","AUD","1760677781","66155/2025-10-28/1760677781.json"
"515320","135490","2025-10-29","49.00","AUD","1760677781","66155/2025-10-29/1760677781.json"
"515320","135490","2025-10-19","49.00","AUD","1760677781","66155/2025-10-19/1760677781.json"
"515320","135490","2025-10-30","49.00","AUD","1760677781","66155/2025-10-30/1760677781.json"
"515320","135490","2025-11-02","49.00","AUD","1760677781","66155/2025-11-02/1760677781.json"
"515320","135490","2025-11-04","49.00","AUD","1760677781","66155/2025-11-04/1760677781.json"
"515320","135490","2025-11-03","49.00","AUD","1760677781","66155/2025-11-03/1760677781.json"
"515320","135490","2025-11-05","49.00","AUD","1760677781","66155/2025-11-05/1760677781.json"
"515320","135490","2025-11-06","49.00","AUD","1760677781","66155/2025-11-06/1760677781.json"
"515320","135490","2025-11-09","49.00","AUD","1760677781","66155/2025-11-09/1760677781.json"
"515320","135490","2025-11-11","49.00","AUD","1760677781","66155/2025-11-11/1760677781.json"
"515320","135490","2025-11-12","49.00","AUD","1760677781","66155/2025-11-12/1760677781.json"
"515320","135490","2025-11-13","49.00","AUD","1760677781","66155/2025-11-13/1760677781.json"
"515320","135490","2025-11-10","49.00","AUD","1760677781","66155/2025-11-10/1760677781.json"
"515320","135490","2025-11-14","49.00","AUD","1760677781","66155/2025-11-14/1760677781.json"
"515320","135490","2025-11-15","49.00","AUD","1760677781","66155/2025-11-15/1760677781.json"
"515320","135490","2025-11-16","49.00","AUD","1760677781","66155/2025-11-16/1760677781.json"
"515320","135490","2025-11-17","49.00","AUD","1760677781","66155/2025-11-17/1760677781.json"
"515320","135490","2025-11-18","49.00","AUD","1760677781","66155/2025-11-18/1760677781.json"
"515320","135490","2025-11-19","49.00","AUD","1760677781","66155/2025-11-19/1760677781.json"
"515320","135490","2025-11-20","49.00","AUD","1760677781","66155/2025-11-20/1760677781.json"
"515320","135490","2025-11-21","49.00","AUD","1760677781","66155/2025-11-21/1760677781.json"
"515320","135490","2025-11-22","49.00","AUD","1760677781","66155/2025-11-22/1760677781.json"
"515320","135490","2025-11-23","49.00","AUD","1760677781","66155/2025-11-23/1760677781.json"
"515320","135490","2025-11-26","49.00","AUD","1760677781","66155/2025-11-26/1760677781.json"
"515320","135490","2025-11-24","49.00","AUD","1760677781","66155/2025-11-24/1760677781.json"
"515320","135490","2025-11-25","49.00","AUD","1760677781","66155/2025-11-25/1760677781.json"
"515320","135490","2025-11-27","49.00","AUD","1760677781","66155/2025-11-27/1760677781.json"
"515320","135490","2025-11-28","49.00","AUD","1760677781","66155/2025-11-28/1760677781.json"
"515320","135490","2025-11-29","49.00","AUD","1760677781","66155/2025-11-29/1760677781.json"
"515320","135490","2025-11-30","49.00","AUD","1760677781","66155/2025-11-30/1760677781.json"
"515320","135490","2025-12-02","49.00","AUD","1760677781","66155/2025-12-02/1760677781.json"
"515320","135490","2025-12-05","49.00","AUD","1760677781","66155/2025-12-05/1760677781.json"
"515320","135490","2025-12-06","49.00","AUD","1760677781","66155/2025-12-06/1760677781.json"
"515320","135490","2025-12-09","49.00","AUD","1760677781","66155/2025-12-09/1760677781.json"
"515320","135490","2025-12-12","49.00","AUD","1760677781","66155/2025-12-12/1760677781.json"
"515320","135490","2025-12-13","49.00","AUD","1760677781","66155/2025-12-13/1760677781.json"
"515320","135490","2025-12-16","49.00","AUD","1760677781","66155/2025-12-16/1760677781.json"
"515320","135490","2025-10-19","49.00","AUD","1760692621","66155/2025-10-19/1760692621.json"
"515320","135490","2025-10-17","49.00","AUD","1760692621","66155/2025-10-17/1760692621.json"
"515320","135490","2025-10-18","49.00","AUD","1760692621","66155/2025-10-18/1760692621.json"
"515320","135490","2025-10-20","49.00","AUD","1760692621","66155/2025-10-20/1760692621.json"
"515320","135490","2025-10-22","49.00","AUD","1760692621","66155/2025-10-22/1760692621.json"
"515320","135490","2025-10-21","49.00","AUD","1760692621","66155/2025-10-21/1760692621.json"
"515320","135490","2025-10-24","49.00","AUD","1760692621","66155/2025-10-24/1760692621.json"
"515320","135490","2025-10-23","49.00","AUD","1760692621","66155/2025-10-23/1760692621.json"
"515320","135490","2025-10-25","49.00","AUD","1760692621","66155/2025-10-25/1760692621.json"
"515320","135490","2025-10-26","49.00","AUD","1760692621","66155/2025-10-26/1760692621.json"
"515320","135490","2025-10-28","49.00","AUD","1760692621","66155/2025-10-28/1760692621.json"
"515320","135490","2025-10-27","49.00","AUD","1760692621","66155/2025-10-27/1760692621.json"
"515320","135490","2025-10-29","49.00","AUD","1760692621","66155/2025-10-29/1760692621.json"
"515320","135490","2025-10-30","49.00","AUD","1760692621","66155/2025-10-30/1760692621.json"
"515320","135490","2025-11-02","49.00","AUD","1760692621","66155/2025-11-02/1760692621.json"
"515320","135490","2025-11-03","49.00","AUD","1760692621","66155/2025-11-03/1760692621.json"
"515320","135490","2025-11-04","49.00","AUD","1760692621","66155/2025-11-04/1760692621.json"
"515320","135490","2025-11-05","49.00","AUD","1760692621","66155/2025-11-05/1760692621.json"
"515320","135490","2025-11-06","49.00","AUD","1760692621","66155/2025-11-06/1760692621.json"
"515320","135490","2025-11-09","49.00","AUD","1760692621","66155/2025-11-09/1760692621.json"
"515320","135490","2025-11-10","49.00","AUD","1760692621","66155/2025-11-10/1760692621.json"
"515320","135490","2025-11-12","49.00","AUD","1760692621","66155/2025-11-12/1760692621.json"
"515320","135490","2025-11-11","49.00","AUD","1760692621","66155/2025-11-11/1760692621.json"
"515320","135490","2025-11-13","49.00","AUD","1760692621","66155/2025-11-13/1760692621.json"
"515320","135490","2025-11-14","49.00","AUD","1760692621","66155/2025-11-14/1760692621.json"
"515320","135490","2025-11-15","49.00","AUD","1760692621","66155/2025-11-15/1760692621.json"
"515320","135490","2025-11-16","49.00","AUD","1760692621","66155/2025-11-16/1760692621.json"
"515320","135490","2025-11-17","49.00","AUD","1760692621","66155/2025-11-17/1760692621.json"
"515320","135490","2025-11-19","49.00","AUD","1760692621","66155/2025-11-19/1760692621.json"
"515320","135490","2025-11-18","49.00","AUD","1760692621","66155/2025-11-18/1760692621.json"
"515320","135490","2025-11-20","49.00","AUD","1760692621","66155/2025-11-20/1760692621.json"
"515320","135490","2025-11-21","49.00","AUD","1760692621","66155/2025-11-21/1760692621.json"
"515320","135490","2025-11-22","49.00","AUD","1760692621","66155/2025-11-22/1760692621.json"
"515320","135490","2025-11-23","49.00","AUD","1760692621","66155/2025-11-23/1760692621.json"
"515320","135490","2025-11-25","49.00","AUD","1760692621","66155/2025-11-25/1760692621.json"
"515320","135490","2025-11-24","49.00","AUD","1760692621","66155/2025-11-24/1760692621.json"
"515320","135490","2025-11-26","49.00","AUD","1760692621","66155/2025-11-26/1760692621.json"
"515320","135490","2025-11-27","49.00","AUD","1760692621","66155/2025-11-27/1760692621.json"
"515320","135490","2025-11-28","49.00","AUD","1760692621","66155/2025-11-28/1760692621.json"
"515320","135490","2025-11-29","49.00","AUD","1760692621","66155/2025-11-29/1760692621.json"
"515320","135490","2025-11-30","49.00","AUD","1760692621","66155/2025-11-30/1760692621.json"
"515320","135490","2025-12-02","49.00","AUD","1760692621","66155/2025-12-02/1760692621.json"
"515320","135490","2025-12-05","49.00","AUD","1760692621","66155/2025-12-05/1760692621.json"
"515320","135490","2025-12-06","49.00","AUD","1760692621","66155/2025-12-06/1760692621.json"
"515320","135490","2025-12-09","49.00","AUD","1760692621","66155/2025-12-09/1760692621.json"
"515320","135490","2025-12-12","49.00","AUD","1760692621","66155/2025-12-12/1760692621.json"
"515320","135490","2025-12-13","49.00","AUD","1760692621","66155/2025-12-13/1760692621.json"
"515320","135490","2025-12-16","49.00","AUD","1760692621","66155/2025-12-16/1760692621.json"
"515320","135490","2025-10-19","49.00","AUD","1760709002","66155/2025-10-19/1760709002.json"
"515320","135490","2025-10-18","49.00","AUD","1760709002","66155/2025-10-18/1760709002.json"
"515320","135490","2025-10-20","49.00","AUD","1760709002","66155/2025-10-20/1760709002.json"
"515320","135490","2025-10-22","49.00","AUD","1760709002","66155/2025-10-22/1760709002.json"
"515320","135490","2025-10-21","49.00","AUD","1760709002","66155/2025-10-21/1760709002.json"
"515320","135490","2025-10-23","49.00","AUD","1760709002","66155/2025-10-23/1760709002.json"
"515320","135490","2025-10-24","49.00","AUD","1760709002","66155/2025-10-24/1760709002.json"
"515320","135490","2025-10-25","49.00","AUD","1760709002","66155/2025-10-25/1760709002.json"
"515320","135490","2025-10-26","49.00","AUD","1760709002","66155/2025-10-26/1760709002.json"
"515320","135490","2025-10-28","49.00","AUD","1760709002","66155/2025-10-28/1760709002.json"
"515320","135490","2025-10-27","49.00","AUD","1760709002","66155/2025-10-27/1760709002.json"
"515320","135490","2025-10-29","49.00","AUD","1760709002","66155/2025-10-29/1760709002.json"
"515320","135490","2025-10-30","49.00","AUD","1760709002","66155/2025-10-30/1760709002.json"
"515320","135490","2025-11-03","49.00","AUD","1760709002","66155/2025-11-03/1760709002.json"
"515320","135490","2025-11-04","49.00","AUD","1760709002","66155/2025-11-04/1760709002.json"
"515320","135490","2025-11-02","49.00","AUD","1760709002","66155/2025-11-02/1760709002.json"
"515320","135490","2025-11-05","49.00","AUD","1760709002","66155/2025-11-05/1760709002.json"
"515320","135490","2025-11-06","49.00","AUD","1760709002","66155/2025-11-06/1760709002.json"
"515320","135490","2025-11-09","49.00","AUD","1760709002","66155/2025-11-09/1760709002.json"
"515320","135490","2025-11-10","49.00","AUD","1760709002","66155/2025-11-10/1760709002.json"
"515320","135490","2025-11-12","49.00","AUD","1760709002","66155/2025-11-12/1760709002.json"
"515320","135490","2025-11-11","49.00","AUD","1760709002","66155/2025-11-11/1760709002.json"
"515320","135490","2025-11-13","49.00","AUD","1760709002","66155/2025-11-13/1760709002.json"
"515320","135490","2025-11-15","49.00","AUD","1760709002","66155/2025-11-15/1760709002.json"
"515320","135490","2025-11-14","49.00","AUD","1760709002","66155/2025-11-14/1760709002.json"
"515320","135490","2025-11-17","49.00","AUD","1760709002","66155/2025-11-17/1760709002.json"
"515320","135490","2025-11-19","49.00","AUD","1760709002","66155/2025-11-19/1760709002.json"
"515320","135490","2025-11-16","49.00","AUD","1760709002","66155/2025-11-16/1760709002.json"
"515320","135490","2025-11-18","49.00","AUD","1760709002","66155/2025-11-18/1760709002.json"
"515320","135490","2025-11-21","49.00","AUD","1760709002","66155/2025-11-21/1760709002.json"
"515320","135490","2025-11-22","49.00","AUD","1760709002","66155/2025-11-22/1760709002.json"
"515320","135490","2025-11-23","49.00","AUD","1760709002","66155/2025-11-23/1760709002.json"
"515320","135490","2025-11-20","49.00","AUD","1760709002","66155/2025-11-20/1760709002.json"
"515320","135490","2025-11-24","49.00","AUD","1760709002","66155/2025-11-24/1760709002.json"
"515320","135490","2025-11-25","49.00","AUD","1760709002","66155/2025-11-25/1760709002.json"
"515320","135490","2025-11-26","49.00","AUD","1760709002","66155/2025-11-26/1760709002.json"
"515320","135490","2025-11-27","49.00","AUD","1760709002","66155/2025-11-27/1760709002.json"
"515320","135490","2025-11-30","49.00","AUD","1760709002","66155/2025-11-30/1760709002.json"
"515320","135490","2025-11-29","49.00","AUD","1760709002","66155/2025-11-29/1760709002.json"
"515320","135490","2025-11-28","49.00","AUD","1760709002","66155/2025-11-28/1760709002.json"
"515320","135490","2025-12-02","49.00","AUD","1760709002","66155/2025-12-02/1760709002.json"
"515320","135490","2025-12-05","49.00","AUD","1760709002","66155/2025-12-05/1760709002.json"
"515320","135490","2025-12-06","49.00","AUD","1760709002","66155/2025-12-06/1760709002.json"
"515320","135490","2025-12-12","49.00","AUD","1760709002","66155/2025-12-12/1760709002.json"
"515320","135490","2025-12-09","49.00","AUD","1760709002","66155/2025-12-09/1760709002.json"
"515320","135490","2025-12-13","49.00","AUD","1760709002","66155/2025-12-13/1760709002.json"
"515320","135490","2025-12-16","49.00","AUD","1760709002","66155/2025-12-16/1760709002.json"
"515320","135490","2025-10-18","49.00","AUD","1760721210","66155/2025-10-18/1760721210.json"
"515320","135490","2025-10-20","49.00","AUD","1760721210","66155/2025-10-20/1760721210.json"
"515320","135490","2025-10-19","49.00","AUD","1760721210","66155/2025-10-19/1760721210.json"
"515320","135490","2025-10-21","49.00","AUD","1760721210","66155/2025-10-21/1760721210.json"
"515320","135490","2025-10-22","49.00","AUD","1760721210","66155/2025-10-22/1760721210.json"
"515320","135490","2025-10-24","49.00","AUD","1760721210","66155/2025-10-24/1760721210.json"
"515320","135490","2025-10-23","49.00","AUD","1760721210","66155/2025-10-23/1760721210.json"
"515320","135490","2025-10-27","49.00","AUD","1760721210","66155/2025-10-27/1760721210.json"
"515320","135490","2025-10-25","49.00","AUD","1760721210","66155/2025-10-25/1760721210.json"
"515320","135490","2025-10-28","49.00","AUD","1760721210","66155/2025-10-28/1760721210.json"
"515320","135490","2025-10-26","49.00","AUD","1760721210","66155/2025-10-26/1760721210.json"
"515320","135490","2025-10-29","49.00","AUD","1760721210","66155/2025-10-29/1760721210.json"
"515320","135490","2025-10-30","49.00","AUD","1760721210","66155/2025-10-30/1760721210.json"
"515320","135490","2025-11-02","49.00","AUD","1760721210","66155/2025-11-02/1760721210.json"
"515320","135490","2025-11-03","49.00","AUD","1760721210","66155/2025-11-03/1760721210.json"
"515320","135490","2025-11-04","49.00","AUD","1760721210","66155/2025-11-04/1760721210.json"
"515320","135490","2025-11-05","49.00","AUD","1760721210","66155/2025-11-05/1760721210.json"
"515320","135490","2025-11-06","49.00","AUD","1760721210","66155/2025-11-06/1760721210.json"
"515320","135490","2025-11-09","49.00","AUD","1760721210","66155/2025-11-09/1760721210.json"
"515320","135490","2025-11-10","49.00","AUD","1760721210","66155/2025-11-10/1760721210.json"
"515320","135490","2025-11-11","49.00","AUD","1760721210","66155/2025-11-11/1760721210.json"
"515320","135490","2025-11-12","49.00","AUD","1760721210","66155/2025-11-12/1760721210.json"
"515320","135490","2025-11-14","49.00","AUD","1760721210","66155/2025-11-14/1760721210.json"
"515320","135490","2025-11-13","49.00","AUD","1760721210","66155/2025-11-13/1760721210.json"
"515320","135490","2025-11-15","49.00","AUD","1760721210","66155/2025-11-15/1760721210.json"
"515320","135490","2025-11-16","49.00","AUD","1760721210","66155/2025-11-16/1760721210.json"
"515320","135490","2025-11-18","49.00","AUD","1760721210","66155/2025-11-18/1760721210.json"
"515320","135490","2025-11-17","49.00","AUD","1760721210","66155/2025-11-17/1760721210.json"
"515320","135490","2025-11-20","49.00","AUD","1760721210","66155/2025-11-20/1760721210.json"
"515320","135490","2025-11-19","49.00","AUD","1760721210","66155/2025-11-19/1760721210.json"
"515320","135490","2025-11-21","49.00","AUD","1760721210","66155/2025-11-21/1760721210.json"
"515320","135490","2025-11-22","49.00","AUD","1760721210","66155/2025-11-22/1760721210.json"
"515320","135490","2025-11-23","49.00","AUD","1760721210","66155/2025-11-23/1760721210.json"
"515320","135490","2025-11-24","49.00","AUD","1760721210","66155/2025-11-24/1760721210.json"
"515320","135490","2025-11-25","49.00","AUD","1760721210","66155/2025-11-25/1760721210.json"
"515320","135490","2025-11-26","49.00","AUD","1760721210","66155/2025-11-26/1760721210.json"
"515320","135490","2025-11-28","49.00","AUD","1760721210","66155/2025-11-28/1760721210.json"
"515320","135490","2025-11-27","49.00","AUD","1760721210","66155/2025-11-27/1760721210.json"
"515320","135490","2025-11-29","49.00","AUD","1760721210","66155/2025-11-29/1760721210.json"
"515320","135490","2025-12-02","49.00","AUD","1760721210","66155/2025-12-02/1760721210.json"
"515320","135490","2025-11-30","49.00","AUD","1760721210","66155/2025-11-30/1760721210.json"
"515320","135490","2025-12-05","49.00","AUD","1760721210","66155/2025-12-05/1760721210.json"
"515320","135490","2025-12-06","49.00","AUD","1760721210","66155/2025-12-06/1760721210.json"
"515320","135490","2025-12-09","49.00","AUD","1760721210","66155/2025-12-09/1760721210.json"
"515320","135490","2025-12-12","49.00","AUD","1760721210","66155/2025-12-12/1760721210.json"
"515320","135490","2025-12-13","49.00","AUD","1760721210","66155/2025-12-13/1760721210.json"
"515320","135490","2025-12-16","49.00","AUD","1760721210","66155/2025-12-16/1760721210.json"
"515320","135490","2025-10-18","49.00","AUD","1760734899","66155/2025-10-18/1760734899.json"
"515320","135490","2025-10-20","49.00","AUD","1760734899","66155/2025-10-20/1760734899.json"
"515320","135490","2025-10-19","49.00","AUD","1760734899","66155/2025-10-19/1760734899.json"
"515320","135490","2025-10-21","49.00","AUD","1760734899","66155/2025-10-21/1760734899.json"
"515320","135490","2025-10-23","49.00","AUD","1760734899","66155/2025-10-23/1760734899.json"
"515320","135490","2025-10-22","49.00","AUD","1760734899","66155/2025-10-22/1760734899.json"
"515320","135490","2025-10-24","49.00","AUD","1760734899","66155/2025-10-24/1760734899.json"
"515320","135490","2025-10-26","49.00","AUD","1760734899","66155/2025-10-26/1760734899.json"
"515320","135490","2025-10-27","49.00","AUD","1760734899","66155/2025-10-27/1760734899.json"
"515320","135490","2025-10-25","49.00","AUD","1760734899","66155/2025-10-25/1760734899.json"
"515320","135490","2025-10-28","49.00","AUD","1760734899","66155/2025-10-28/1760734899.json"
"515320","135490","2025-10-29","49.00","AUD","1760734899","66155/2025-10-29/1760734899.json"
"515320","135490","2025-10-30","49.00","AUD","1760734899","66155/2025-10-30/1760734899.json"
"515320","135490","2025-11-03","49.00","AUD","1760734899","66155/2025-11-03/1760734899.json"
"515320","135490","2025-11-02","49.00","AUD","1760734899","66155/2025-11-02/1760734899.json"
"515320","135490","2025-11-04","49.00","AUD","1760734899","66155/2025-11-04/1760734899.json"
"515320","135490","2025-11-05","49.00","AUD","1760734899","66155/2025-11-05/1760734899.json"
"515320","135490","2025-11-06","49.00","AUD","1760734899","66155/2025-11-06/1760734899.json"
"515320","135490","2025-11-09","49.00","AUD","1760734899","66155/2025-11-09/1760734899.json"
"515320","135490","2025-11-11","49.00","AUD","1760734899","66155/2025-11-11/1760734899.json"
"515320","135490","2025-11-10","49.00","AUD","1760734899","66155/2025-11-10/1760734899.json"
"515320","135490","2025-11-12","49.00","AUD","1760734899","66155/2025-11-12/1760734899.json"
"515320","135490","2025-11-13","49.00","AUD","1760734899","66155/2025-11-13/1760734899.json"
"515320","135490","2025-11-14","49.00","AUD","1760734899","66155/2025-11-14/1760734899.json"
"515320","135490","2025-11-16","49.00","AUD","1760734899","66155/2025-11-16/1760734899.json"
"515320","135490","2025-11-18","49.00","AUD","1760734899","66155/2025-11-18/1760734899.json"
"515320","135490","2025-11-17","49.00","AUD","1760734899","66155/2025-11-17/1760734899.json"
"515320","135490","2025-11-15","49.00","AUD","1760734899","66155/2025-11-15/1760734899.json"
"515320","135490","2025-11-20","49.00","AUD","1760734899","66155/2025-11-20/1760734899.json"
"515320","135490","2025-11-21","49.00","AUD","1760734899","66155/2025-11-21/1760734899.json"
"515320","135490","2025-11-19","49.00","AUD","1760734899","66155/2025-11-19/1760734899.json"
"515320","135490","2025-11-22","49.00","AUD","1760734899","66155/2025-11-22/1760734899.json"
"515320","135490","2025-11-23","49.00","AUD","1760734899","66155/2025-11-23/1760734899.json"
"515320","135490","2025-11-24","49.00","AUD","1760734899","66155/2025-11-24/1760734899.json"
"515320","135490","2025-11-26","49.00","AUD","1760734899","66155/2025-11-26/1760734899.json"
"515320","135490","2025-11-25","49.00","AUD","1760734899","66155/2025-11-25/1760734899.json"
"515320","135490","2025-11-27","49.00","AUD","1760734899","66155/2025-11-27/1760734899.json"
"515320","135490","2025-11-28","49.00","AUD","1760734899","66155/2025-11-28/1760734899.json"
"515320","135490","2025-11-30","49.00","AUD","1760734899","66155/2025-11-30/1760734899.json"
"515320","135490","2025-11-29","49.00","AUD","1760734899","66155/2025-11-29/1760734899.json"
"515320","135490","2025-12-02","49.00","AUD","1760734899","66155/2025-12-02/1760734899.json"
"515320","135490","2025-12-05","49.00","AUD","1760734899","66155/2025-12-05/1760734899.json"
"515320","135490","2025-12-06","49.00","AUD","1760734899","66155/2025-12-06/1760734899.json"
"515320","135490","2025-12-09","49.00","AUD","1760734899","66155/2025-12-09/1760734899.json"
"515320","135490","2025-12-12","49.00","AUD","1760734899","66155/2025-12-12/1760734899.json"
"515320","135490","2025-12-13","49.00","AUD","1760734899","66155/2025-12-13/1760734899.json"
"515320","135490","2025-12-16","49.00","AUD","1760734899","66155/2025-12-16/1760734899.json"
"515320","135490","2025-10-18","49.00","AUD","1760758471","66155/2025-10-18/1760758471.json"
"515320","135490","2025-10-21","49.00","AUD","1760758471","66155/2025-10-21/1760758471.json"
"515320","135490","2025-10-19","49.00","AUD","1760758471","66155/2025-10-19/1760758471.json"
"515320","135490","2025-10-20","49.00","AUD","1760758471","66155/2025-10-20/1760758471.json"
"515320","135490","2025-10-23","49.00","AUD","1760758471","66155/2025-10-23/1760758471.json"
"515320","135490","2025-10-24","49.00","AUD","1760758471","66155/2025-10-24/1760758471.json"
"515320","135490","2025-10-22","49.00","AUD","1760758471","66155/2025-10-22/1760758471.json"
"515320","135490","2025-10-25","49.00","AUD","1760758471","66155/2025-10-25/1760758471.json"
"515320","135490","2025-10-28","49.00","AUD","1760758471","66155/2025-10-28/1760758471.json"
"515320","135490","2025-10-26","49.00","AUD","1760758471","66155/2025-10-26/1760758471.json"
"515320","135490","2025-10-27","49.00","AUD","1760758471","66155/2025-10-27/1760758471.json"
"515320","135490","2025-10-29","49.00","AUD","1760758471","66155/2025-10-29/1760758471.json"
"515320","135490","2025-10-30","49.00","AUD","1760758471","66155/2025-10-30/1760758471.json"
"515320","135490","2025-11-02","49.00","AUD","1760758471","66155/2025-11-02/1760758471.json"
"515320","135490","2025-11-04","49.00","AUD","1760758471","66155/2025-11-04/1760758471.json"
"515320","135490","2025-11-03","49.00","AUD","1760758471","66155/2025-11-03/1760758471.json"
"515320","135490","2025-11-05","49.00","AUD","1760758471","66155/2025-11-05/1760758471.json"
"515320","135490","2025-11-06","49.00","AUD","1760758471","66155/2025-11-06/1760758471.json"
"515320","135490","2025-11-09","49.00","AUD","1760758471","66155/2025-11-09/1760758471.json"
"515320","135490","2025-11-10","49.00","AUD","1760758471","66155/2025-11-10/1760758471.json"
"515320","135490","2025-11-11","49.00","AUD","1760758471","66155/2025-11-11/1760758471.json"
"515320","135490","2025-11-12","49.00","AUD","1760758471","66155/2025-11-12/1760758471.json"
"515320","135490","2025-11-13","49.00","AUD","1760758471","66155/2025-11-13/1760758471.json"
"515320","135490","2025-11-14","49.00","AUD","1760758471","66155/2025-11-14/1760758471.json"
"515320","135490","2025-11-15","49.00","AUD","1760758471","66155/2025-11-15/1760758471.json"
"515320","135490","2025-11-17","49.00","AUD","1760758471","66155/2025-11-17/1760758471.json"
"515320","135490","2025-11-16","49.00","AUD","1760758471","66155/2025-11-16/1760758471.json"
"515320","135490","2025-11-18","49.00","AUD","1760758471","66155/2025-11-18/1760758471.json"
"515320","135490","2025-11-19","49.00","AUD","1760758471","66155/2025-11-19/1760758471.json"
"515320","135490","2025-11-20","49.00","AUD","1760758471","66155/2025-11-20/1760758471.json"
"515320","135490","2025-11-22","49.00","AUD","1760758471","66155/2025-11-22/1760758471.json"
"515320","135490","2025-11-21","49.00","AUD","1760758471","66155/2025-11-21/1760758471.json"
"515320","135490","2025-11-23","49.00","AUD","1760758471","66155/2025-11-23/1760758471.json"
"515320","135490","2025-11-24","49.00","AUD","1760758471","66155/2025-11-24/1760758471.json"
"515320","135490","2025-11-25","49.00","AUD","1760758471","66155/2025-11-25/1760758471.json"
"515320","135490","2025-11-26","49.00","AUD","1760758471","66155/2025-11-26/1760758471.json"
"515320","135490","2025-11-29","49.00","AUD","1760758471","66155/2025-11-29/1760758471.json"
"515320","135490","2025-11-28","49.00","AUD","1760758471","66155/2025-11-28/1760758471.json"
"515320","135490","2025-11-27","49.00","AUD","1760758471","66155/2025-11-27/1760758471.json"
"515320","135490","2025-11-30","49.00","AUD","1760758471","66155/2025-11-30/1760758471.json"
"515320","135490","2025-12-02","49.00","AUD","1760758471","66155/2025-12-02/1760758471.json"
"515320","135490","2025-12-05","49.00","AUD","1760758471","66155/2025-12-05/1760758471.json"
"515320","135490","2025-12-06","49.00","AUD","1760758471","66155/2025-12-06/1760758471.json"
"515320","135490","2025-12-09","49.00","AUD","1760758471","66155/2025-12-09/1760758471.json"
"515320","135490","2025-12-12","49.00","AUD","1760758471","66155/2025-12-12/1760758471.json"
"515320","135490","2025-12-13","49.00","AUD","1760758471","66155/2025-12-13/1760758471.json"
"515320","135490","2025-12-16","49.00","AUD","1760758471","66155/2025-12-16/1760758471.json"
"515320","135490","2025-10-18","49.00","AUD","1760764209","66155/2025-10-18/1760764209.json"
"515320","135490","2025-10-19","49.00","AUD","1760764209","66155/2025-10-19/1760764209.json"
"515320","135490","2025-10-21","49.00","AUD","1760764209","66155/2025-10-21/1760764209.json"
"515320","135490","2025-10-20","49.00","AUD","1760764209","66155/2025-10-20/1760764209.json"
"515320","135490","2025-10-22","49.00","AUD","1760764209","66155/2025-10-22/1760764209.json"
"515320","135490","2025-10-25","49.00","AUD","1760764209","66155/2025-10-25/1760764209.json"
"515320","135490","2025-10-23","49.00","AUD","1760764209","66155/2025-10-23/1760764209.json"
"515320","135490","2025-10-24","49.00","AUD","1760764209","66155/2025-10-24/1760764209.json"
"515320","135490","2025-10-26","49.00","AUD","1760764209","66155/2025-10-26/1760764209.json"
"515320","135490","2025-10-28","49.00","AUD","1760764209","66155/2025-10-28/1760764209.json"
"515320","135490","2025-10-29","49.00","AUD","1760764209","66155/2025-10-29/1760764209.json"
"515320","135490","2025-10-27","49.00","AUD","1760764209","66155/2025-10-27/1760764209.json"
"515320","135490","2025-10-30","49.00","AUD","1760764209","66155/2025-10-30/1760764209.json"
"515320","135490","2025-11-02","49.00","AUD","1760764209","66155/2025-11-02/1760764209.json"
"515320","135490","2025-11-04","49.00","AUD","1760764209","66155/2025-11-04/1760764209.json"
"515320","135490","2025-11-03","49.00","AUD","1760764209","66155/2025-11-03/1760764209.json"
"515320","135490","2025-11-06","49.00","AUD","1760764209","66155/2025-11-06/1760764209.json"
"515320","135490","2025-11-05","49.00","AUD","1760764209","66155/2025-11-05/1760764209.json"
"515320","135490","2025-11-09","49.00","AUD","1760764209","66155/2025-11-09/1760764209.json"
"515320","135490","2025-11-10","49.00","AUD","1760764209","66155/2025-11-10/1760764209.json"
"515320","135490","2025-11-11","49.00","AUD","1760764209","66155/2025-11-11/1760764209.json"
"515320","135490","2025-11-12","49.00","AUD","1760764209","66155/2025-11-12/1760764209.json"
"515320","135490","2025-11-13","49.00","AUD","1760764209","66155/2025-11-13/1760764209.json"
"515320","135490","2025-11-15","49.00","AUD","1760764209","66155/2025-11-15/1760764209.json"
"515320","135490","2025-11-14","49.00","AUD","1760764209","66155/2025-11-14/1760764209.json"
"515320","135490","2025-11-16","49.00","AUD","1760764209","66155/2025-11-16/1760764209.json"
"515320","135490","2025-11-17","49.00","AUD","1760764209","66155/2025-11-17/1760764209.json"
"515320","135490","2025-11-18","49.00","AUD","1760764209","66155/2025-11-18/1760764209.json"
"515320","135490","2025-11-19","49.00","AUD","1760764209","66155/2025-11-19/1760764209.json"
"515320","135490","2025-11-20","49.00","AUD","1760764209","66155/2025-11-20/1760764209.json"
"515320","135490","2025-11-22","49.00","AUD","1760764209","66155/2025-11-22/1760764209.json"
"515320","135490","2025-11-23","49.00","AUD","1760764209","66155/2025-11-23/1760764209.json"
"515320","135490","2025-11-24","49.00","AUD","1760764209","66155/2025-11-24/1760764209.json"
"515320","135490","2025-11-25","49.00","AUD","1760764209","66155/2025-11-25/1760764209.json"
"515320","135490","2025-11-26","49.00","AUD","1760764209","66155/2025-11-26/1760764209.json"
"515320","135490","2025-11-27","49.00","AUD","1760764209","66155/2025-11-27/1760764209.json"
"515320","135490","2025-11-29","49.00","AUD","1760764209","66155/2025-11-29/1760764209.json"
"515320","135490","2025-11-28","49.00","AUD","1760764209","66155/2025-11-28/1760764209.json"
"515320","135490","2025-11-30","49.00","AUD","1760764209","66155/2025-11-30/1760764209.json"
"515320","135490","2025-12-02","49.00","AUD","1760764209","66155/2025-12-02/1760764209.json"
"515320","135490","2025-11-21","49.00","AUD","1760764209","66155/2025-11-21/1760764209.json"
"515320","135490","2025-12-05","49.00","AUD","1760764209","66155/2025-12-05/1760764209.json"
"515320","135490","2025-12-06","49.00","AUD","1760764209","66155/2025-12-06/1760764209.json"
"515320","135490","2025-12-09","49.00","AUD","1760764209","66155/2025-12-09/1760764209.json"
"515320","135490","2025-12-12","49.00","AUD","1760764209","66155/2025-12-12/1760764209.json"
"515320","135490","2025-12-13","49.00","AUD","1760764209","66155/2025-12-13/1760764209.json"
"515320","135490","2025-12-16","49.00","AUD","1760764209","66155/2025-12-16/1760764209.json"
"515320","135490","2025-10-20","49.00","AUD","1760778557","66155/2025-10-20/1760778557.json"
"515320","135490","2025-10-18","49.00","AUD","1760778557","66155/2025-10-18/1760778557.json"
"515320","135490","2025-10-19","49.00","AUD","1760778557","66155/2025-10-19/1760778557.json"
"515320","135490","2025-10-21","49.00","AUD","1760778557","66155/2025-10-21/1760778557.json"
"515320","135490","2025-10-24","49.00","AUD","1760778557","66155/2025-10-24/1760778557.json"
"515320","135490","2025-10-23","49.00","AUD","1760778557","66155/2025-10-23/1760778557.json"
"515320","135490","2025-10-25","49.00","AUD","1760778557","66155/2025-10-25/1760778557.json"
"515320","135490","2025-10-22","49.00","AUD","1760778557","66155/2025-10-22/1760778557.json"
"515320","135490","2025-10-28","49.00","AUD","1760778557","66155/2025-10-28/1760778557.json"
"515320","135490","2025-10-27","49.00","AUD","1760778557","66155/2025-10-27/1760778557.json"
"515320","135490","2025-10-29","49.00","AUD","1760778557","66155/2025-10-29/1760778557.json"
"515320","135490","2025-10-26","49.00","AUD","1760778557","66155/2025-10-26/1760778557.json"
"515320","135490","2025-10-30","49.00","AUD","1760778557","66155/2025-10-30/1760778557.json"
"515320","135490","2025-11-02","49.00","AUD","1760778557","66155/2025-11-02/1760778557.json"
"515320","135490","2025-11-05","49.00","AUD","1760778557","66155/2025-11-05/1760778557.json"
"515320","135490","2025-11-04","49.00","AUD","1760778557","66155/2025-11-04/1760778557.json"
"515320","135490","2025-11-03","49.00","AUD","1760778557","66155/2025-11-03/1760778557.json"
"515320","135490","2025-11-06","49.00","AUD","1760778557","66155/2025-11-06/1760778557.json"
"515320","135490","2025-11-09","49.00","AUD","1760778557","66155/2025-11-09/1760778557.json"
"515320","135490","2025-11-10","49.00","AUD","1760778557","66155/2025-11-10/1760778557.json"
"515320","135490","2025-11-11","49.00","AUD","1760778557","66155/2025-11-11/1760778557.json"
"515320","135490","2025-11-12","49.00","AUD","1760778557","66155/2025-11-12/1760778557.json"
"515320","135490","2025-11-13","49.00","AUD","1760778557","66155/2025-11-13/1760778557.json"
"515320","135490","2025-11-14","49.00","AUD","1760778557","66155/2025-11-14/1760778557.json"
"515320","135490","2025-11-15","49.00","AUD","1760778557","66155/2025-11-15/1760778557.json"
"515320","135490","2025-11-16","49.00","AUD","1760778557","66155/2025-11-16/1760778557.json"
"515320","135490","2025-11-17","49.00","AUD","1760778557","66155/2025-11-17/1760778557.json"
"515320","135490","2025-11-18","49.00","AUD","1760778557","66155/2025-11-18/1760778557.json"
"515320","135490","2025-11-19","49.00","AUD","1760778557","66155/2025-11-19/1760778557.json"
"515320","135490","2025-11-20","49.00","AUD","1760778557","66155/2025-11-20/1760778557.json"
"515320","135490","2025-11-21","49.00","AUD","1760778557","66155/2025-11-21/1760778557.json"
"515320","135490","2025-11-22","49.00","AUD","1760778557","66155/2025-11-22/1760778557.json"
"515320","135490","2025-11-23","49.00","AUD","1760778557","66155/2025-11-23/1760778557.json"
"515320","135490","2025-11-24","49.00","AUD","1760778557","66155/2025-11-24/1760778557.json"
"515320","135490","2025-11-25","49.00","AUD","1760778557","66155/2025-11-25/1760778557.json"
"515320","135490","2025-11-26","49.00","AUD","1760778557","66155/2025-11-26/1760778557.json"
"515320","135490","2025-11-27","49.00","AUD","1760778557","66155/2025-11-27/1760778557.json"
"515320","135490","2025-11-28","49.00","AUD","1760778557","66155/2025-11-28/1760778557.json"
"515320","135490","2025-11-29","49.00","AUD","1760778557","66155/2025-11-29/1760778557.json"
"515320","135490","2025-11-30","49.00","AUD","1760778557","66155/2025-11-30/1760778557.json"
"515320","135490","2025-12-02","49.00","AUD","1760778557","66155/2025-12-02/1760778557.json"
"515320","135490","2025-12-06","49.00","AUD","1760778557","66155/2025-12-06/1760778557.json"
"515320","135490","2025-12-05","49.00","AUD","1760778557","66155/2025-12-05/1760778557.json"
"515320","135490","2025-12-09","49.00","AUD","1760778557","66155/2025-12-09/1760778557.json"
"515320","135490","2025-12-12","49.00","AUD","1760778557","66155/2025-12-12/1760778557.json"
"515320","135490","2025-12-13","49.00","AUD","1760778557","66155/2025-12-13/1760778557.json"
"515320","135490","2025-12-16","49.00","AUD","1760778557","66155/2025-12-16/1760778557.json"
"515320","135490","2025-10-20","49.00","AUD","1760794510","66155/2025-10-20/1760794510.json"
"515320","135490","2025-10-19","49.00","AUD","1760794510","66155/2025-10-19/1760794510.json"
"515320","135490","2025-10-22","49.00","AUD","1760794510","66155/2025-10-22/1760794510.json"
"515320","135490","2025-10-25","49.00","AUD","1760794510","66155/2025-10-25/1760794510.json"
"515320","135490","2025-10-23","49.00","AUD","1760794510","66155/2025-10-23/1760794510.json"
"515320","135490","2025-10-26","49.00","AUD","1760794510","66155/2025-10-26/1760794510.json"
"515320","135490","2025-10-21","49.00","AUD","1760794510","66155/2025-10-21/1760794510.json"
"515320","135490","2025-10-24","49.00","AUD","1760794510","66155/2025-10-24/1760794510.json"
"515320","135490","2025-10-27","49.00","AUD","1760794510","66155/2025-10-27/1760794510.json"
"515320","135490","2025-10-28","49.00","AUD","1760794510","66155/2025-10-28/1760794510.json"
"515320","135490","2025-10-29","49.00","AUD","1760794510","66155/2025-10-29/1760794510.json"
"515320","135490","2025-10-30","49.00","AUD","1760794510","66155/2025-10-30/1760794510.json"
"515320","135490","2025-11-02","49.00","AUD","1760794510","66155/2025-11-02/1760794510.json"
"515320","135490","2025-11-03","49.00","AUD","1760794510","66155/2025-11-03/1760794510.json"
"515320","135490","2025-11-04","49.00","AUD","1760794510","66155/2025-11-04/1760794510.json"
"515320","135490","2025-11-05","49.00","AUD","1760794510","66155/2025-11-05/1760794510.json"
"515320","135490","2025-11-06","49.00","AUD","1760794510","66155/2025-11-06/1760794510.json"
"515320","135490","2025-11-09","49.00","AUD","1760794510","66155/2025-11-09/1760794510.json"
"515320","135490","2025-11-10","49.00","AUD","1760794510","66155/2025-11-10/1760794510.json"
"515320","135490","2025-11-12","49.00","AUD","1760794510","66155/2025-11-12/1760794510.json"
"515320","135490","2025-11-13","49.00","AUD","1760794510","66155/2025-11-13/1760794510.json"
"515320","135490","2025-11-14","49.00","AUD","1760794510","66155/2025-11-14/1760794510.json"
"515320","135490","2025-11-11","49.00","AUD","1760794510","66155/2025-11-11/1760794510.json"
"515320","135490","2025-11-15","49.00","AUD","1760794510","66155/2025-11-15/1760794510.json"
"515320","135490","2025-11-18","49.00","AUD","1760794510","66155/2025-11-18/1760794510.json"
"515320","135490","2025-11-17","49.00","AUD","1760794510","66155/2025-11-17/1760794510.json"
"515320","135490","2025-11-16","49.00","AUD","1760794510","66155/2025-11-16/1760794510.json"
"515320","135490","2025-11-22","49.00","AUD","1760794510","66155/2025-11-22/1760794510.json"
"515320","135490","2025-11-21","49.00","AUD","1760794510","66155/2025-11-21/1760794510.json"
"515320","135490","2025-11-20","49.00","AUD","1760794510","66155/2025-11-20/1760794510.json"
"515320","135490","2025-11-19","49.00","AUD","1760794510","66155/2025-11-19/1760794510.json"
"515320","135490","2025-11-24","49.00","AUD","1760794510","66155/2025-11-24/1760794510.json"
"515320","135490","2025-11-23","49.00","AUD","1760794510","66155/2025-11-23/1760794510.json"
"515320","135490","2025-11-25","49.00","AUD","1760794510","66155/2025-11-25/1760794510.json"
"515320","135490","2025-11-26","49.00","AUD","1760794510","66155/2025-11-26/1760794510.json"
"515320","135490","2025-11-27","49.00","AUD","1760794510","66155/2025-11-27/1760794510.json"
"515320","135490","2025-11-29","49.00","AUD","1760794510","66155/2025-11-29/1760794510.json"
"515320","135490","2025-11-28","49.00","AUD","1760794510","66155/2025-11-28/1760794510.json"
"515320","135490","2025-11-30","49.00","AUD","1760794510","66155/2025-11-30/1760794510.json"
"515320","135490","2025-12-02","49.00","AUD","1760794510","66155/2025-12-02/1760794510.json"
"515320","135490","2025-12-05","49.00","AUD","1760794510","66155/2025-12-05/1760794510.json"
"515320","135490","2025-12-06","49.00","AUD","1760794510","66155/2025-12-06/1760794510.json"
"515320","135490","2025-12-09","49.00","AUD","1760794510","66155/2025-12-09/1760794510.json"
"515320","135490","2025-12-12","49.00","AUD","1760794510","66155/2025-12-12/1760794510.json"
"515320","135490","2025-12-13","49.00","AUD","1760794510","66155/2025-12-13/1760794510.json"
"515320","135490","2025-12-16","49.00","AUD","1760794510","66155/2025-12-16/1760794510.json"
"515320","135490","2025-10-20","49.00","AUD","1760807640","66155/2025-10-20/1760807640.json"
"515320","135490","2025-10-21","49.00","AUD","1760807640","66155/2025-10-21/1760807640.json"
"515320","135490","2025-10-19","49.00","AUD","1760807640","66155/2025-10-19/1760807640.json"
"515320","135490","2025-10-22","49.00","AUD","1760807640","66155/2025-10-22/1760807640.json"
"515320","135490","2025-10-23","49.00","AUD","1760807640","66155/2025-10-23/1760807640.json"
"515320","135490","2025-10-24","49.00","AUD","1760807640","66155/2025-10-24/1760807640.json"
"515320","135490","2025-10-25","49.00","AUD","1760807640","66155/2025-10-25/1760807640.json"
"515320","135490","2025-10-26","49.00","AUD","1760807640","66155/2025-10-26/1760807640.json"
"515320","135490","2025-10-28","49.00","AUD","1760807640","66155/2025-10-28/1760807640.json"
"515320","135490","2025-10-30","49.00","AUD","1760807640","66155/2025-10-30/1760807640.json"
"515320","135490","2025-10-27","49.00","AUD","1760807640","66155/2025-10-27/1760807640.json"
"515320","135490","2025-10-29","49.00","AUD","1760807640","66155/2025-10-29/1760807640.json"
"515320","135490","2025-11-02","49.00","AUD","1760807640","66155/2025-11-02/1760807640.json"
"515320","135490","2025-11-03","49.00","AUD","1760807640","66155/2025-11-03/1760807640.json"
"515320","135490","2025-11-04","49.00","AUD","1760807640","66155/2025-11-04/1760807640.json"
"515320","135490","2025-11-05","49.00","AUD","1760807640","66155/2025-11-05/1760807640.json"
"515320","135490","2025-11-06","49.00","AUD","1760807640","66155/2025-11-06/1760807640.json"
"515320","135490","2025-11-09","49.00","AUD","1760807640","66155/2025-11-09/1760807640.json"
"515320","135490","2025-11-10","49.00","AUD","1760807640","66155/2025-11-10/1760807640.json"
"515320","135490","2025-11-11","49.00","AUD","1760807640","66155/2025-11-11/1760807640.json"
"515320","135490","2025-11-12","49.00","AUD","1760807640","66155/2025-11-12/1760807640.json"
"515320","135490","2025-11-13","49.00","AUD","1760807640","66155/2025-11-13/1760807640.json"
"515320","135490","2025-11-15","49.00","AUD","1760807640","66155/2025-11-15/1760807640.json"
"515320","135490","2025-11-14","49.00","AUD","1760807640","66155/2025-11-14/1760807640.json"
"515320","135490","2025-11-16","49.00","AUD","1760807640","66155/2025-11-16/1760807640.json"
"515320","135490","2025-11-17","49.00","AUD","1760807640","66155/2025-11-17/1760807640.json"
"515320","135490","2025-11-19","49.00","AUD","1760807640","66155/2025-11-19/1760807640.json"
"515320","135490","2025-11-18","49.00","AUD","1760807640","66155/2025-11-18/1760807640.json"
"515320","135490","2025-11-20","49.00","AUD","1760807640","66155/2025-11-20/1760807640.json"
"515320","135490","2025-11-21","49.00","AUD","1760807640","66155/2025-11-21/1760807640.json"
"515320","135490","2025-11-23","49.00","AUD","1760807640","66155/2025-11-23/1760807640.json"
"515320","135490","2025-11-22","49.00","AUD","1760807640","66155/2025-11-22/1760807640.json"
"515320","135490","2025-11-24","49.00","AUD","1760807640","66155/2025-11-24/1760807640.json"
"515320","135490","2025-11-26","49.00","AUD","1760807640","66155/2025-11-26/1760807640.json"
"515320","135490","2025-11-25","49.00","AUD","1760807640","66155/2025-11-25/1760807640.json"
"515320","135490","2025-11-27","49.00","AUD","1760807640","66155/2025-11-27/1760807640.json"
"515320","135490","2025-11-30","49.00","AUD","1760807640","66155/2025-11-30/1760807640.json"
"515320","135490","2025-11-29","49.00","AUD","1760807640","66155/2025-11-29/1760807640.json"
"515320","135490","2025-11-28","49.00","AUD","1760807640","66155/2025-11-28/1760807640.json"
"515320","135490","2025-12-02","49.00","AUD","1760807640","66155/2025-12-02/1760807640.json"
"515320","135490","2025-12-06","49.00","AUD","1760807640","66155/2025-12-06/1760807640.json"
"515320","135490","2025-12-09","49.00","AUD","1760807640","66155/2025-12-09/1760807640.json"
"515320","135490","2025-12-13","49.00","AUD","1760807640","66155/2025-12-13/1760807640.json"
"515320","135490","2025-12-12","49.00","AUD","1760807640","66155/2025-12-12/1760807640.json"
"515320","135490","2025-12-16","49.00","AUD","1760807640","66155/2025-12-16/1760807640.json"
"515320","135490","2025-12-05","49.00","AUD","1760807640","66155/2025-12-05/1760807640.json"
"515320","135490","2025-10-21","49.00","AUD","1760821586","66155/2025-10-21/1760821586.json"
"515320","135490","2025-10-20","49.00","AUD","1760821586","66155/2025-10-20/1760821586.json"
"515320","135490","2025-10-19","49.00","AUD","1760821586","66155/2025-10-19/1760821586.json"
"515320","135490","2025-10-22","49.00","AUD","1760821586","66155/2025-10-22/1760821586.json"
"515320","135490","2025-10-23","49.00","AUD","1760821586","66155/2025-10-23/1760821586.json"
"515320","135490","2025-10-24","49.00","AUD","1760821586","66155/2025-10-24/1760821586.json"
"515320","135490","2025-10-25","49.00","AUD","1760821586","66155/2025-10-25/1760821586.json"
"515320","135490","2025-10-26","49.00","AUD","1760821586","66155/2025-10-26/1760821586.json"
"515320","135490","2025-10-27","49.00","AUD","1760821586","66155/2025-10-27/1760821586.json"
"515320","135490","2025-10-28","49.00","AUD","1760821586","66155/2025-10-28/1760821586.json"
"515320","135490","2025-10-29","49.00","AUD","1760821586","66155/2025-10-29/1760821586.json"
"515320","135490","2025-10-30","49.00","AUD","1760821586","66155/2025-10-30/1760821586.json"
"515320","135490","2025-11-02","49.00","AUD","1760821586","66155/2025-11-02/1760821586.json"
"515320","135490","2025-11-03","49.00","AUD","1760821586","66155/2025-11-03/1760821586.json"
"515320","135490","2025-11-04","49.00","AUD","1760821586","66155/2025-11-04/1760821586.json"
"515320","135490","2025-11-05","49.00","AUD","1760821586","66155/2025-11-05/1760821586.json"
"515320","135490","2025-11-06","49.00","AUD","1760821586","66155/2025-11-06/1760821586.json"
"515320","135490","2025-11-09","49.00","AUD","1760821586","66155/2025-11-09/1760821586.json"
"515320","135490","2025-11-10","49.00","AUD","1760821586","66155/2025-11-10/1760821586.json"
"515320","135490","2025-11-11","49.00","AUD","1760821586","66155/2025-11-11/1760821586.json"
"515320","135490","2025-11-12","49.00","AUD","1760821586","66155/2025-11-12/1760821586.json"
"515320","135490","2025-11-13","49.00","AUD","1760821586","66155/2025-11-13/1760821586.json"
"515320","135490","2025-11-15","49.00","AUD","1760821586","66155/2025-11-15/1760821586.json"
"515320","135490","2025-11-16","49.00","AUD","1760821586","66155/2025-11-16/1760821586.json"
"515320","135490","2025-11-14","49.00","AUD","1760821586","66155/2025-11-14/1760821586.json"
"515320","135490","2025-11-17","49.00","AUD","1760821586","66155/2025-11-17/1760821586.json"
"515320","135490","2025-11-19","49.00","AUD","1760821586","66155/2025-11-19/1760821586.json"
"515320","135490","2025-11-20","49.00","AUD","1760821586","66155/2025-11-20/1760821586.json"
"515320","135490","2025-11-18","49.00","AUD","1760821586","66155/2025-11-18/1760821586.json"
"515320","135490","2025-11-21","49.00","AUD","1760821586","66155/2025-11-21/1760821586.json"
"515320","135490","2025-11-22","49.00","AUD","1760821586","66155/2025-11-22/1760821586.json"
"515320","135490","2025-11-23","49.00","AUD","1760821586","66155/2025-11-23/1760821586.json"
"515320","135490","2025-11-24","49.00","AUD","1760821586","66155/2025-11-24/1760821586.json"
"515320","135490","2025-11-26","49.00","AUD","1760821586","66155/2025-11-26/1760821586.json"
"515320","135490","2025-11-27","49.00","AUD","1760821586","66155/2025-11-27/1760821586.json"
"515320","135490","2025-11-28","49.00","AUD","1760821586","66155/2025-11-28/1760821586.json"
"515320","135490","2025-11-25","49.00","AUD","1760821586","66155/2025-11-25/1760821586.json"
"515320","135490","2025-11-29","49.00","AUD","1760821586","66155/2025-11-29/1760821586.json"
"515320","135490","2025-11-30","49.00","AUD","1760821586","66155/2025-11-30/1760821586.json"
"515320","135490","2025-12-02","49.00","AUD","1760821586","66155/2025-12-02/1760821586.json"
"515320","135490","2025-12-06","49.00","AUD","1760821586","66155/2025-12-06/1760821586.json"
"515320","135490","2025-12-05","49.00","AUD","1760821586","66155/2025-12-05/1760821586.json"
"515320","135490","2025-12-09","49.00","AUD","1760821586","66155/2025-12-09/1760821586.json"
"515320","135490","2025-12-12","49.00","AUD","1760821586","66155/2025-12-12/1760821586.json"
"515320","135490","2025-12-13","49.00","AUD","1760821586","66155/2025-12-13/1760821586.json"
"515320","135490","2025-12-16","49.00","AUD","1760821586","66155/2025-12-16/1760821586.json"
"515320","135490","2025-10-20","49.00","AUD","1760846568","66155/2025-10-20/1760846568.json"
"515320","135490","2025-10-22","49.00","AUD","1760846568","66155/2025-10-22/1760846568.json"
"515320","135490","2025-10-19","49.00","AUD","1760846568","66155/2025-10-19/1760846568.json"
"515320","135490","2025-10-21","49.00","AUD","1760846568","66155/2025-10-21/1760846568.json"
"515320","135490","2025-10-23","49.00","AUD","1760846568","66155/2025-10-23/1760846568.json"
"515320","135490","2025-10-25","49.00","AUD","1760846568","66155/2025-10-25/1760846568.json"
"515320","135490","2025-10-24","49.00","AUD","1760846568","66155/2025-10-24/1760846568.json"
"515320","135490","2025-10-26","49.00","AUD","1760846568","66155/2025-10-26/1760846568.json"
"515320","135490","2025-10-27","49.00","AUD","1760846568","66155/2025-10-27/1760846568.json"
"515320","135490","2025-10-28","49.00","AUD","1760846568","66155/2025-10-28/1760846568.json"
"515320","135490","2025-10-29","49.00","AUD","1760846568","66155/2025-10-29/1760846568.json"
"515320","135490","2025-10-30","49.00","AUD","1760846568","66155/2025-10-30/1760846568.json"
"515320","135490","2025-11-02","49.00","AUD","1760846568","66155/2025-11-02/1760846568.json"
"515320","135490","2025-11-03","49.00","AUD","1760846568","66155/2025-11-03/1760846568.json"
"515320","135490","2025-11-05","49.00","AUD","1760846568","66155/2025-11-05/1760846568.json"
"515320","135490","2025-11-04","49.00","AUD","1760846568","66155/2025-11-04/1760846568.json"
"515320","135490","2025-11-06","49.00","AUD","1760846568","66155/2025-11-06/1760846568.json"
"515320","135490","2025-11-09","49.00","AUD","1760846568","66155/2025-11-09/1760846568.json"
"515320","135490","2025-11-10","49.00","AUD","1760846568","66155/2025-11-10/1760846568.json"
"515320","135490","2025-11-11","49.00","AUD","1760846568","66155/2025-11-11/1760846568.json"
"515320","135490","2025-11-12","49.00","AUD","1760846568","66155/2025-11-12/1760846568.json"
"515320","135490","2025-11-14","49.00","AUD","1760846568","66155/2025-11-14/1760846568.json"
"515320","135490","2025-11-15","49.00","AUD","1760846568","66155/2025-11-15/1760846568.json"
"515320","135490","2025-11-13","49.00","AUD","1760846568","66155/2025-11-13/1760846568.json"
"515320","135490","2025-11-16","49.00","AUD","1760846568","66155/2025-11-16/1760846568.json"
"515320","135490","2025-11-17","49.00","AUD","1760846568","66155/2025-11-17/1760846568.json"
"515320","135490","2025-11-18","49.00","AUD","1760846568","66155/2025-11-18/1760846568.json"
"515320","135490","2025-11-19","49.00","AUD","1760846568","66155/2025-11-19/1760846568.json"
"515320","135490","2025-11-20","49.00","AUD","1760846568","66155/2025-11-20/1760846568.json"
"515320","135490","2025-11-21","49.00","AUD","1760846568","66155/2025-11-21/1760846568.json"
"515320","135490","2025-11-22","49.00","AUD","1760846568","66155/2025-11-22/1760846568.json"
"515320","135490","2025-11-23","49.00","AUD","1760846568","66155/2025-11-23/1760846568.json"
"515320","135490","2025-11-24","49.00","AUD","1760846568","66155/2025-11-24/1760846568.json"
"515320","135490","2025-11-25","49.00","AUD","1760846568","66155/2025-11-25/1760846568.json"
"515320","135490","2025-11-26","49.00","AUD","1760846568","66155/2025-11-26/1760846568.json"
"515320","135490","2025-11-27","49.00","AUD","1760846568","66155/2025-11-27/1760846568.json"
"515320","135490","2025-11-28","49.00","AUD","1760846568","66155/2025-11-28/1760846568.json"
"515320","135490","2025-11-29","49.00","AUD","1760846568","66155/2025-11-29/1760846568.json"
"515320","135490","2025-11-30","49.00","AUD","1760846568","66155/2025-11-30/1760846568.json"
"515320","135490","2025-12-02","49.00","AUD","1760846568","66155/2025-12-02/1760846568.json"
"515320","135490","2025-12-06","49.00","AUD","1760846568","66155/2025-12-06/1760846568.json"
"515320","135490","2025-12-05","49.00","AUD","1760846568","66155/2025-12-05/1760846568.json"
"515320","135490","2025-12-09","49.00","AUD","1760846568","66155/2025-12-09/1760846568.json"
"515320","135490","2025-12-12","49.00","AUD","1760846568","66155/2025-12-12/1760846568.json"
"515320","135490","2025-12-13","49.00","AUD","1760846568","66155/2025-12-13/1760846568.json"
"515320","135490","2025-12-16","49.00","AUD","1760846568","66155/2025-12-16/1760846568.json"
"515320","135490","2025-10-22","49.00","AUD","1760850558","66155/2025-10-22/1760850558.json"
"515320","135490","2025-10-20","49.00","AUD","1760850558","66155/2025-10-20/1760850558.json"
"515320","135490","2025-10-19","49.00","AUD","1760850558","66155/2025-10-19/1760850558.json"
"515320","135490","2025-10-21","49.00","AUD","1760850558","66155/2025-10-21/1760850558.json"
"515320","135490","2025-10-23","49.00","AUD","1760850558","66155/2025-10-23/1760850558.json"
"515320","135490","2025-10-25","49.00","AUD","1760850558","66155/2025-10-25/1760850558.json"
"515320","135490","2025-10-24","49.00","AUD","1760850558","66155/2025-10-24/1760850558.json"
"515320","135490","2025-10-26","49.00","AUD","1760850558","66155/2025-10-26/1760850558.json"
"515320","135490","2025-10-27","49.00","AUD","1760850558","66155/2025-10-27/1760850558.json"
"515320","135490","2025-10-28","49.00","AUD","1760850558","66155/2025-10-28/1760850558.json"
"515320","135490","2025-10-30","49.00","AUD","1760850558","66155/2025-10-30/1760850558.json"
"515320","135490","2025-10-29","49.00","AUD","1760850558","66155/2025-10-29/1760850558.json"
"515320","135490","2025-11-03","49.00","AUD","1760850558","66155/2025-11-03/1760850558.json"
"515320","135490","2025-11-05","49.00","AUD","1760850558","66155/2025-11-05/1760850558.json"
"515320","135490","2025-11-04","49.00","AUD","1760850558","66155/2025-11-04/1760850558.json"
"515320","135490","2025-11-06","49.00","AUD","1760850558","66155/2025-11-06/1760850558.json"
"515320","135490","2025-11-02","49.00","AUD","1760850558","66155/2025-11-02/1760850558.json"
"515320","135490","2025-11-09","49.00","AUD","1760850558","66155/2025-11-09/1760850558.json"
"515320","135490","2025-11-10","49.00","AUD","1760850558","66155/2025-11-10/1760850558.json"
"515320","135490","2025-11-11","49.00","AUD","1760850558","66155/2025-11-11/1760850558.json"
"515320","135490","2025-11-13","49.00","AUD","1760850558","66155/2025-11-13/1760850558.json"
"515320","135490","2025-11-14","49.00","AUD","1760850558","66155/2025-11-14/1760850558.json"
"515320","135490","2025-11-12","49.00","AUD","1760850558","66155/2025-11-12/1760850558.json"
"515320","135490","2025-11-15","49.00","AUD","1760850558","66155/2025-11-15/1760850558.json"
"515320","135490","2025-11-16","49.00","AUD","1760850558","66155/2025-11-16/1760850558.json"
"515320","135490","2025-11-17","49.00","AUD","1760850558","66155/2025-11-17/1760850558.json"
"515320","135490","2025-11-18","49.00","AUD","1760850558","66155/2025-11-18/1760850558.json"
"515320","135490","2025-11-19","49.00","AUD","1760850558","66155/2025-11-19/1760850558.json"
"515320","135490","2025-11-20","49.00","AUD","1760850558","66155/2025-11-20/1760850558.json"
"515320","135490","2025-11-21","49.00","AUD","1760850558","66155/2025-11-21/1760850558.json"
"515320","135490","2025-11-23","49.00","AUD","1760850558","66155/2025-11-23/1760850558.json"
"515320","135490","2025-11-22","49.00","AUD","1760850558","66155/2025-11-22/1760850558.json"
"515320","135490","2025-11-24","49.00","AUD","1760850558","66155/2025-11-24/1760850558.json"
"515320","135490","2025-11-25","49.00","AUD","1760850558","66155/2025-11-25/1760850558.json"
"515320","135490","2025-11-26","49.00","AUD","1760850558","66155/2025-11-26/1760850558.json"
"515320","135490","2025-11-27","49.00","AUD","1760850558","66155/2025-11-27/1760850558.json"
"515320","135490","2025-11-29","49.00","AUD","1760850558","66155/2025-11-29/1760850558.json"
"515320","135490","2025-11-28","49.00","AUD","1760850558","66155/2025-11-28/1760850558.json"
"515320","135490","2025-11-30","49.00","AUD","1760850558","66155/2025-11-30/1760850558.json"
"515320","135490","2025-12-02","49.00","AUD","1760850558","66155/2025-12-02/1760850558.json"
"515320","135490","2025-12-05","49.00","AUD","1760850558","66155/2025-12-05/1760850558.json"
"515320","135490","2025-12-06","49.00","AUD","1760850558","66155/2025-12-06/1760850558.json"
"515320","135490","2025-12-09","49.00","AUD","1760850558","66155/2025-12-09/1760850558.json"
"515320","135490","2025-12-12","49.00","AUD","1760850558","66155/2025-12-12/1760850558.json"
"515320","135490","2025-12-13","49.00","AUD","1760850558","66155/2025-12-13/1760850558.json"
"515320","135490","2025-12-16","49.00","AUD","1760850558","66155/2025-12-16/1760850558.json"
"515320","135490","2025-10-19","49.00","AUD","1760864827","66155/2025-10-19/1760864827.json"
"515320","135490","2025-10-22","49.00","AUD","1760864827","66155/2025-10-22/1760864827.json"
"515320","135490","2025-10-20","49.00","AUD","1760864827","66155/2025-10-20/1760864827.json"
"515320","135490","2025-10-21","49.00","AUD","1760864827","66155/2025-10-21/1760864827.json"
"515320","135490","2025-10-23","49.00","AUD","1760864827","66155/2025-10-23/1760864827.json"
"515320","135490","2025-10-25","49.00","AUD","1760864827","66155/2025-10-25/1760864827.json"
"515320","135490","2025-10-24","49.00","AUD","1760864827","66155/2025-10-24/1760864827.json"
"515320","135490","2025-10-26","49.00","AUD","1760864827","66155/2025-10-26/1760864827.json"
"515320","135490","2025-10-27","49.00","AUD","1760864827","66155/2025-10-27/1760864827.json"
"515320","135490","2025-10-28","49.00","AUD","1760864827","66155/2025-10-28/1760864827.json"
"515320","135490","2025-10-30","49.00","AUD","1760864827","66155/2025-10-30/1760864827.json"
"515320","135490","2025-10-29","49.00","AUD","1760864827","66155/2025-10-29/1760864827.json"
"515320","135490","2025-11-02","49.00","AUD","1760864827","66155/2025-11-02/1760864827.json"
"515320","135490","2025-11-04","49.00","AUD","1760864827","66155/2025-11-04/1760864827.json"
"515320","135490","2025-11-03","49.00","AUD","1760864827","66155/2025-11-03/1760864827.json"
"515320","135490","2025-11-06","49.00","AUD","1760864827","66155/2025-11-06/1760864827.json"
"515320","135490","2025-11-05","49.00","AUD","1760864827","66155/2025-11-05/1760864827.json"
"515320","135490","2025-11-09","49.00","AUD","1760864827","66155/2025-11-09/1760864827.json"
"515320","135490","2025-11-10","49.00","AUD","1760864827","66155/2025-11-10/1760864827.json"
"515320","135490","2025-11-11","49.00","AUD","1760864827","66155/2025-11-11/1760864827.json"
"515320","135490","2025-11-12","49.00","AUD","1760864827","66155/2025-11-12/1760864827.json"
"515320","135490","2025-11-14","49.00","AUD","1760864827","66155/2025-11-14/1760864827.json"
"515320","135490","2025-11-15","49.00","AUD","1760864827","66155/2025-11-15/1760864827.json"
"515320","135490","2025-11-13","49.00","AUD","1760864827","66155/2025-11-13/1760864827.json"
"515320","135490","2025-11-16","49.00","AUD","1760864827","66155/2025-11-16/1760864827.json"
"515320","135490","2025-11-17","49.00","AUD","1760864827","66155/2025-11-17/1760864827.json"
"515320","135490","2025-11-18","49.00","AUD","1760864827","66155/2025-11-18/1760864827.json"
"515320","135490","2025-11-19","49.00","AUD","1760864827","66155/2025-11-19/1760864827.json"
"515320","135490","2025-11-20","49.00","AUD","1760864827","66155/2025-11-20/1760864827.json"
"515320","135490","2025-11-21","49.00","AUD","1760864827","66155/2025-11-21/1760864827.json"
"515320","135490","2025-11-22","49.00","AUD","1760864827","66155/2025-11-22/1760864827.json"
"515320","135490","2025-11-23","49.00","AUD","1760864827","66155/2025-11-23/1760864827.json"
"515320","135490","2025-11-24","49.00","AUD","1760864827","66155/2025-11-24/1760864827.json"
"515320","135490","2025-11-27","49.00","AUD","1760864827","66155/2025-11-27/1760864827.json"
"515320","135490","2025-11-26","49.00","AUD","1760864827","66155/2025-11-26/1760864827.json"
"515320","135490","2025-11-25","49.00","AUD","1760864827","66155/2025-11-25/1760864827.json"
"515320","135490","2025-11-28","49.00","AUD","1760864827","66155/2025-11-28/1760864827.json"
"515320","135490","2025-11-29","49.00","AUD","1760864827","66155/2025-11-29/1760864827.json"
"515320","135490","2025-11-30","49.00","AUD","1760864827","66155/2025-11-30/1760864827.json"
"515320","135490","2025-12-02","49.00","AUD","1760864827","66155/2025-12-02/1760864827.json"
"515320","135490","2025-12-05","49.00","AUD","1760864827","66155/2025-12-05/1760864827.json"
"515320","135490","2025-12-06","49.00","AUD","1760864827","66155/2025-12-06/1760864827.json"
"515320","135490","2025-12-09","49.00","AUD","1760864827","66155/2025-12-09/1760864827.json"
"515320","135490","2025-12-13","49.00","AUD","1760864827","66155/2025-12-13/1760864827.json"
"515320","135490","2025-12-12","49.00","AUD","1760864827","66155/2025-12-12/1760864827.json"
"515320","135490","2025-12-16","49.00","AUD","1760864827","66155/2025-12-16/1760864827.json"
"515320","135490","2025-10-22","49.00","AUD","1760881025","66155/2025-10-22/1760881025.json"
"515320","135490","2025-10-21","49.00","AUD","1760881025","66155/2025-10-21/1760881025.json"
"515320","135490","2025-10-20","49.00","AUD","1760881025","66155/2025-10-20/1760881025.json"
"515320","135490","2025-10-23","49.00","AUD","1760881025","66155/2025-10-23/1760881025.json"
"515320","135490","2025-10-24","49.00","AUD","1760881025","66155/2025-10-24/1760881025.json"
"515320","135490","2025-10-25","49.00","AUD","1760881025","66155/2025-10-25/1760881025.json"
"515320","135490","2025-10-26","49.00","AUD","1760881025","66155/2025-10-26/1760881025.json"
"515320","135490","2025-10-27","49.00","AUD","1760881025","66155/2025-10-27/1760881025.json"
"515320","135490","2025-10-28","49.00","AUD","1760881025","66155/2025-10-28/1760881025.json"
"515320","135490","2025-10-29","49.00","AUD","1760881025","66155/2025-10-29/1760881025.json"
"515320","135490","2025-10-30","49.00","AUD","1760881025","66155/2025-10-30/1760881025.json"
"515320","135490","2025-11-02","49.00","AUD","1760881025","66155/2025-11-02/1760881025.json"
"515320","135490","2025-11-03","49.00","AUD","1760881025","66155/2025-11-03/1760881025.json"
"515320","135490","2025-11-04","49.00","AUD","1760881025","66155/2025-11-04/1760881025.json"
"515320","135490","2025-11-06","49.00","AUD","1760881025","66155/2025-11-06/1760881025.json"
"515320","135490","2025-11-05","49.00","AUD","1760881025","66155/2025-11-05/1760881025.json"
"515320","135490","2025-11-10","49.00","AUD","1760881025","66155/2025-11-10/1760881025.json"
"515320","135490","2025-11-11","49.00","AUD","1760881025","66155/2025-11-11/1760881025.json"
"515320","135490","2025-11-09","49.00","AUD","1760881025","66155/2025-11-09/1760881025.json"
"515320","135490","2025-11-14","49.00","AUD","1760881025","66155/2025-11-14/1760881025.json"
"515320","135490","2025-11-15","49.00","AUD","1760881025","66155/2025-11-15/1760881025.json"
"515320","135490","2025-11-13","49.00","AUD","1760881025","66155/2025-11-13/1760881025.json"
"515320","135490","2025-11-12","49.00","AUD","1760881025","66155/2025-11-12/1760881025.json"
"515320","135490","2025-11-16","49.00","AUD","1760881025","66155/2025-11-16/1760881025.json"
"515320","135490","2025-11-18","49.00","AUD","1760881025","66155/2025-11-18/1760881025.json"
"515320","135490","2025-11-19","49.00","AUD","1760881025","66155/2025-11-19/1760881025.json"
"515320","135490","2025-11-17","49.00","AUD","1760881025","66155/2025-11-17/1760881025.json"
"515320","135490","2025-11-20","49.00","AUD","1760881025","66155/2025-11-20/1760881025.json"
"515320","135490","2025-11-21","49.00","AUD","1760881025","66155/2025-11-21/1760881025.json"
"515320","135490","2025-11-22","49.00","AUD","1760881025","66155/2025-11-22/1760881025.json"
"515320","135490","2025-11-23","49.00","AUD","1760881025","66155/2025-11-23/1760881025.json"
"515320","135490","2025-11-24","49.00","AUD","1760881025","66155/2025-11-24/1760881025.json"
"515320","135490","2025-11-25","49.00","AUD","1760881025","66155/2025-11-25/1760881025.json"
"515320","135490","2025-11-27","49.00","AUD","1760881025","66155/2025-11-27/1760881025.json"
"515320","135490","2025-11-26","49.00","AUD","1760881025","66155/2025-11-26/1760881025.json"
"515320","135490","2025-11-28","49.00","AUD","1760881025","66155/2025-11-28/1760881025.json"
"515320","135490","2025-11-29","49.00","AUD","1760881025","66155/2025-11-29/1760881025.json"
"515320","135490","2025-11-30","49.00","AUD","1760881025","66155/2025-11-30/1760881025.json"
"515320","135490","2025-12-02","49.00","AUD","1760881025","66155/2025-12-02/1760881025.json"
"515320","135490","2025-12-05","49.00","AUD","1760881025","66155/2025-12-05/1760881025.json"
"515320","135490","2025-12-06","49.00","AUD","1760881025","66155/2025-12-06/1760881025.json"
"515320","135490","2025-12-09","49.00","AUD","1760881025","66155/2025-12-09/1760881025.json"
"515320","135490","2025-12-13","49.00","AUD","1760881025","66155/2025-12-13/1760881025.json"
"515320","135490","2025-12-12","49.00","AUD","1760881025","66155/2025-12-12/1760881025.json"
"515320","135490","2025-12-16","49.00","AUD","1760881025","66155/2025-12-16/1760881025.json"
"515320","135490","2025-10-20","49.00","AUD","1760893716","66155/2025-10-20/1760893716.json"
"515320","135490","2025-10-21","49.00","AUD","1760893716","66155/2025-10-21/1760893716.json"
"515320","135490","2025-10-23","49.00","AUD","1760893716","66155/2025-10-23/1760893716.json"
"515320","135490","2025-10-22","49.00","AUD","1760893716","66155/2025-10-22/1760893716.json"
"515320","135490","2025-10-24","49.00","AUD","1760893716","66155/2025-10-24/1760893716.json"
"515320","135490","2025-10-25","49.00","AUD","1760893716","66155/2025-10-25/1760893716.json"
"515320","135490","2025-10-26","49.00","AUD","1760893716","66155/2025-10-26/1760893716.json"
"515320","135490","2025-10-27","49.00","AUD","1760893716","66155/2025-10-27/1760893716.json"
"515320","135490","2025-10-29","49.00","AUD","1760893716","66155/2025-10-29/1760893716.json"
"515320","135490","2025-10-28","49.00","AUD","1760893716","66155/2025-10-28/1760893716.json"
"515320","135490","2025-10-30","49.00","AUD","1760893716","66155/2025-10-30/1760893716.json"
"515320","135490","2025-11-02","49.00","AUD","1760893716","66155/2025-11-02/1760893716.json"
"515320","135490","2025-11-03","49.00","AUD","1760893716","66155/2025-11-03/1760893716.json"
"515320","135490","2025-11-04","49.00","AUD","1760893716","66155/2025-11-04/1760893716.json"
"515320","135490","2025-11-06","49.00","AUD","1760893716","66155/2025-11-06/1760893716.json"
"515320","135490","2025-11-05","49.00","AUD","1760893716","66155/2025-11-05/1760893716.json"
"515320","135490","2025-11-09","49.00","AUD","1760893716","66155/2025-11-09/1760893716.json"
"515320","135490","2025-11-10","49.00","AUD","1760893716","66155/2025-11-10/1760893716.json"
"515320","135490","2025-11-11","49.00","AUD","1760893716","66155/2025-11-11/1760893716.json"
"515320","135490","2025-11-12","49.00","AUD","1760893716","66155/2025-11-12/1760893716.json"
"515320","135490","2025-11-14","49.00","AUD","1760893716","66155/2025-11-14/1760893716.json"
"515320","135490","2025-11-13","49.00","AUD","1760893716","66155/2025-11-13/1760893716.json"
"515320","135490","2025-11-15","49.00","AUD","1760893716","66155/2025-11-15/1760893716.json"
"515320","135490","2025-11-16","49.00","AUD","1760893716","66155/2025-11-16/1760893716.json"
"515320","135490","2025-11-17","49.00","AUD","1760893716","66155/2025-11-17/1760893716.json"
"515320","135490","2025-11-18","49.00","AUD","1760893716","66155/2025-11-18/1760893716.json"
"515320","135490","2025-11-19","49.00","AUD","1760893716","66155/2025-11-19/1760893716.json"
"515320","135490","2025-11-21","49.00","AUD","1760893716","66155/2025-11-21/1760893716.json"
"515320","135490","2025-11-20","49.00","AUD","1760893716","66155/2025-11-20/1760893716.json"
"515320","135490","2025-11-22","49.00","AUD","1760893716","66155/2025-11-22/1760893716.json"
"515320","135490","2025-11-23","49.00","AUD","1760893716","66155/2025-11-23/1760893716.json"
"515320","135490","2025-11-26","49.00","AUD","1760893716","66155/2025-11-26/1760893716.json"
"515320","135490","2025-11-25","49.00","AUD","1760893716","66155/2025-11-25/1760893716.json"
"515320","135490","2025-11-24","49.00","AUD","1760893716","66155/2025-11-24/1760893716.json"
"515320","135490","2025-11-27","49.00","AUD","1760893716","66155/2025-11-27/1760893716.json"
"515320","135490","2025-11-28","49.00","AUD","1760893716","66155/2025-11-28/1760893716.json"
"515320","135490","2025-11-30","49.00","AUD","1760893716","66155/2025-11-30/1760893716.json"
"515320","135490","2025-11-29","49.00","AUD","1760893716","66155/2025-11-29/1760893716.json"
"515320","135490","2025-12-02","49.00","AUD","1760893716","66155/2025-12-02/1760893716.json"
"515320","135490","2025-12-05","49.00","AUD","1760893716","66155/2025-12-05/1760893716.json"
"515320","135490","2025-12-06","49.00","AUD","1760893716","66155/2025-12-06/1760893716.json"
"515320","135490","2025-12-09","49.00","AUD","1760893716","66155/2025-12-09/1760893716.json"
"515320","135490","2025-12-12","49.00","AUD","1760893716","66155/2025-12-12/1760893716.json"
"515320","135490","2025-12-13","49.00","AUD","1760893716","66155/2025-12-13/1760893716.json"
"515320","135490","2025-12-16","49.00","AUD","1760893716","66155/2025-12-16/1760893716.json"
"515320","135490","2025-10-20","49.00","AUD","1760907817","66155/2025-10-20/1760907817.json"
"515320","135490","2025-10-22","49.00","AUD","1760907817","66155/2025-10-22/1760907817.json"
"515320","135490","2025-10-23","49.00","AUD","1760907817","66155/2025-10-23/1760907817.json"
"515320","135490","2025-10-24","49.00","AUD","1760907817","66155/2025-10-24/1760907817.json"
"515320","135490","2025-10-21","49.00","AUD","1760907817","66155/2025-10-21/1760907817.json"
"515320","135490","2025-10-25","49.00","AUD","1760907817","66155/2025-10-25/1760907817.json"
"515320","135490","2025-10-27","49.00","AUD","1760907817","66155/2025-10-27/1760907817.json"
"515320","135490","2025-10-28","49.00","AUD","1760907817","66155/2025-10-28/1760907817.json"
"515320","135490","2025-10-26","49.00","AUD","1760907817","66155/2025-10-26/1760907817.json"
"515320","135490","2025-10-29","49.00","AUD","1760907817","66155/2025-10-29/1760907817.json"
"515320","135490","2025-10-30","49.00","AUD","1760907817","66155/2025-10-30/1760907817.json"
"515320","135490","2025-11-02","49.00","AUD","1760907817","66155/2025-11-02/1760907817.json"
"515320","135490","2025-11-04","49.00","AUD","1760907817","66155/2025-11-04/1760907817.json"
"515320","135490","2025-11-05","49.00","AUD","1760907817","66155/2025-11-05/1760907817.json"
"515320","135490","2025-11-03","49.00","AUD","1760907817","66155/2025-11-03/1760907817.json"
"515320","135490","2025-11-06","49.00","AUD","1760907817","66155/2025-11-06/1760907817.json"
"515320","135490","2025-11-09","49.00","AUD","1760907817","66155/2025-11-09/1760907817.json"
"515320","135490","2025-11-10","49.00","AUD","1760907817","66155/2025-11-10/1760907817.json"
"515320","135490","2025-11-11","49.00","AUD","1760907817","66155/2025-11-11/1760907817.json"
"515320","135490","2025-11-13","49.00","AUD","1760907817","66155/2025-11-13/1760907817.json"
"515320","135490","2025-11-14","49.00","AUD","1760907817","66155/2025-11-14/1760907817.json"
"515320","135490","2025-11-12","49.00","AUD","1760907817","66155/2025-11-12/1760907817.json"
"515320","135490","2025-11-15","49.00","AUD","1760907817","66155/2025-11-15/1760907817.json"
"515320","135490","2025-11-16","49.00","AUD","1760907817","66155/2025-11-16/1760907817.json"
"515320","135490","2025-11-19","49.00","AUD","1760907817","66155/2025-11-19/1760907817.json"
"515320","135490","2025-11-18","49.00","AUD","1760907817","66155/2025-11-18/1760907817.json"
"515320","135490","2025-11-17","49.00","AUD","1760907817","66155/2025-11-17/1760907817.json"
"515320","135490","2025-11-20","49.00","AUD","1760907817","66155/2025-11-20/1760907817.json"
"515320","135490","2025-11-22","49.00","AUD","1760907817","66155/2025-11-22/1760907817.json"
"515320","135490","2025-11-21","49.00","AUD","1760907817","66155/2025-11-21/1760907817.json"
"515320","135490","2025-11-24","49.00","AUD","1760907817","66155/2025-11-24/1760907817.json"
"515320","135490","2025-11-23","49.00","AUD","1760907817","66155/2025-11-23/1760907817.json"
"515320","135490","2025-11-25","49.00","AUD","1760907817","66155/2025-11-25/1760907817.json"
"515320","135490","2025-11-26","49.00","AUD","1760907817","66155/2025-11-26/1760907817.json"
"515320","135490","2025-11-27","49.00","AUD","1760907817","66155/2025-11-27/1760907817.json"
"515320","135490","2025-11-30","49.00","AUD","1760907817","66155/2025-11-30/1760907817.json"
"515320","135490","2025-11-29","49.00","AUD","1760907817","66155/2025-11-29/1760907817.json"
"515320","135490","2025-11-28","49.00","AUD","1760907817","66155/2025-11-28/1760907817.json"
"515320","135490","2025-12-02","49.00","AUD","1760907817","66155/2025-12-02/1760907817.json"
"515320","135490","2025-12-05","49.00","AUD","1760907817","66155/2025-12-05/1760907817.json"
"515320","135490","2025-12-06","49.00","AUD","1760907817","66155/2025-12-06/1760907817.json"
"515320","135490","2025-12-09","49.00","AUD","1760907817","66155/2025-12-09/1760907817.json"
"515320","135490","2025-12-12","49.00","AUD","1760907817","66155/2025-12-12/1760907817.json"
"515320","135490","2025-12-13","49.00","AUD","1760907817","66155/2025-12-13/1760907817.json"
"515320","135490","2025-12-16","49.00","AUD","1760907817","66155/2025-12-16/1760907817.json"
"515320","135490","2025-10-23","49.00","AUD","1760933365","66155/2025-10-23/1760933365.json"
"515320","135490","2025-10-21","49.00","AUD","1760933365","66155/2025-10-21/1760933365.json"
"515320","135490","2025-10-20","49.00","AUD","1760933365","66155/2025-10-20/1760933365.json"
"515320","135490","2025-10-22","49.00","AUD","1760933365","66155/2025-10-22/1760933365.json"
"515320","135490","2025-10-24","49.00","AUD","1760933365","66155/2025-10-24/1760933365.json"
"515320","135490","2025-10-26","49.00","AUD","1760933365","66155/2025-10-26/1760933365.json"
"515320","135490","2025-10-25","49.00","AUD","1760933365","66155/2025-10-25/1760933365.json"
"515320","135490","2025-10-28","49.00","AUD","1760933365","66155/2025-10-28/1760933365.json"
"515320","135490","2025-10-29","49.00","AUD","1760933365","66155/2025-10-29/1760933365.json"
"515320","135490","2025-10-27","49.00","AUD","1760933365","66155/2025-10-27/1760933365.json"
"515320","135490","2025-10-30","49.00","AUD","1760933365","66155/2025-10-30/1760933365.json"
"515320","135490","2025-11-02","49.00","AUD","1760933365","66155/2025-11-02/1760933365.json"
"515320","135490","2025-11-03","49.00","AUD","1760933365","66155/2025-11-03/1760933365.json"
"515320","135490","2025-11-04","49.00","AUD","1760933365","66155/2025-11-04/1760933365.json"
"515320","135490","2025-11-06","49.00","AUD","1760933365","66155/2025-11-06/1760933365.json"
"515320","135490","2025-11-05","49.00","AUD","1760933365","66155/2025-11-05/1760933365.json"
"515320","135490","2025-11-10","49.00","AUD","1760933365","66155/2025-11-10/1760933365.json"
"515320","135490","2025-11-11","49.00","AUD","1760933365","66155/2025-11-11/1760933365.json"
"515320","135490","2025-11-09","49.00","AUD","1760933365","66155/2025-11-09/1760933365.json"
"515320","135490","2025-11-12","49.00","AUD","1760933365","66155/2025-11-12/1760933365.json"
"515320","135490","2025-11-13","49.00","AUD","1760933365","66155/2025-11-13/1760933365.json"
"515320","135490","2025-11-14","49.00","AUD","1760933365","66155/2025-11-14/1760933365.json"
"515320","135490","2025-11-15","49.00","AUD","1760933365","66155/2025-11-15/1760933365.json"
"515320","135490","2025-11-16","49.00","AUD","1760933365","66155/2025-11-16/1760933365.json"
"515320","135490","2025-11-17","49.00","AUD","1760933365","66155/2025-11-17/1760933365.json"
"515320","135490","2025-11-18","49.00","AUD","1760933365","66155/2025-11-18/1760933365.json"
"515320","135490","2025-11-20","49.00","AUD","1760933365","66155/2025-11-20/1760933365.json"
"515320","135490","2025-11-19","49.00","AUD","1760933365","66155/2025-11-19/1760933365.json"
"515320","135490","2025-11-21","49.00","AUD","1760933365","66155/2025-11-21/1760933365.json"
"515320","135490","2025-11-22","49.00","AUD","1760933365","66155/2025-11-22/1760933365.json"
"515320","135490","2025-11-23","49.00","AUD","1760933365","66155/2025-11-23/1760933365.json"
"515320","135490","2025-11-24","49.00","AUD","1760933365","66155/2025-11-24/1760933365.json"
"515320","135490","2025-11-26","49.00","AUD","1760933365","66155/2025-11-26/1760933365.json"
"515320","135490","2025-11-25","49.00","AUD","1760933365","66155/2025-11-25/1760933365.json"
"515320","135490","2025-11-27","49.00","AUD","1760933365","66155/2025-11-27/1760933365.json"
"515320","135490","2025-11-28","49.00","AUD","1760933365","66155/2025-11-28/1760933365.json"
"515320","135490","2025-11-29","49.00","AUD","1760933365","66155/2025-11-29/1760933365.json"
"515320","135490","2025-11-30","49.00","AUD","1760933365","66155/2025-11-30/1760933365.json"
"515320","135490","2025-12-02","49.00","AUD","1760933365","66155/2025-12-02/1760933365.json"
"515320","135490","2025-12-05","49.00","AUD","1760933365","66155/2025-12-05/1760933365.json"
"515320","135490","2025-12-06","49.00","AUD","1760933365","66155/2025-12-06/1760933365.json"
"515320","135490","2025-12-09","49.00","AUD","1760933365","66155/2025-12-09/1760933365.json"
"515320","135490","2025-12-12","49.00","AUD","1760933365","66155/2025-12-12/1760933365.json"
"515320","135490","2025-12-13","49.00","AUD","1760933365","66155/2025-12-13/1760933365.json"
"515320","135490","2025-12-16","49.00","AUD","1760933365","66155/2025-12-16/1760933365.json"
"515320","135490","2025-12-19","49.00","AUD","1760933365","66155/2025-12-19/1760933365.json"
"515320","135490","2025-10-21","49.00","AUD","1760937441","66155/2025-10-21/1760937441.json"
"515320","135490","2025-10-23","49.00","AUD","1760937441","66155/2025-10-23/1760937441.json"
"515320","135490","2025-10-20","49.00","AUD","1760937441","66155/2025-10-20/1760937441.json"
"515320","135490","2025-10-22","49.00","AUD","1760937441","66155/2025-10-22/1760937441.json"
"515320","135490","2025-10-25","49.00","AUD","1760937441","66155/2025-10-25/1760937441.json"
"515320","135490","2025-10-24","49.00","AUD","1760937441","66155/2025-10-24/1760937441.json"
"515320","135490","2025-10-27","49.00","AUD","1760937441","66155/2025-10-27/1760937441.json"
"515320","135490","2025-10-26","49.00","AUD","1760937441","66155/2025-10-26/1760937441.json"
"515320","135490","2025-10-28","49.00","AUD","1760937441","66155/2025-10-28/1760937441.json"
"515320","135490","2025-10-29","49.00","AUD","1760937441","66155/2025-10-29/1760937441.json"
"515320","135490","2025-10-30","49.00","AUD","1760937441","66155/2025-10-30/1760937441.json"
"515320","135490","2025-11-04","49.00","AUD","1760937441","66155/2025-11-04/1760937441.json"
"515320","135490","2025-11-03","49.00","AUD","1760937441","66155/2025-11-03/1760937441.json"
"515320","135490","2025-11-02","49.00","AUD","1760937441","66155/2025-11-02/1760937441.json"
"515320","135490","2025-11-05","49.00","AUD","1760937441","66155/2025-11-05/1760937441.json"
"515320","135490","2025-11-11","49.00","AUD","1760937441","66155/2025-11-11/1760937441.json"
"515320","135490","2025-11-10","49.00","AUD","1760937441","66155/2025-11-10/1760937441.json"
"515320","135490","2025-11-09","49.00","AUD","1760937441","66155/2025-11-09/1760937441.json"
"515320","135490","2025-11-06","49.00","AUD","1760937441","66155/2025-11-06/1760937441.json"
"515320","135490","2025-11-13","49.00","AUD","1760937441","66155/2025-11-13/1760937441.json"
"515320","135490","2025-11-14","49.00","AUD","1760937441","66155/2025-11-14/1760937441.json"
"515320","135490","2025-11-15","49.00","AUD","1760937441","66155/2025-11-15/1760937441.json"
"515320","135490","2025-11-12","49.00","AUD","1760937441","66155/2025-11-12/1760937441.json"
"515320","135490","2025-11-16","49.00","AUD","1760937441","66155/2025-11-16/1760937441.json"
"515320","135490","2025-11-17","49.00","AUD","1760937441","66155/2025-11-17/1760937441.json"
"515320","135490","2025-11-19","49.00","AUD","1760937441","66155/2025-11-19/1760937441.json"
"515320","135490","2025-11-18","49.00","AUD","1760937441","66155/2025-11-18/1760937441.json"
"515320","135490","2025-11-20","49.00","AUD","1760937441","66155/2025-11-20/1760937441.json"
"515320","135490","2025-11-21","49.00","AUD","1760937441","66155/2025-11-21/1760937441.json"
"515320","135490","2025-11-24","49.00","AUD","1760937441","66155/2025-11-24/1760937441.json"
"515320","135490","2025-11-22","49.00","AUD","1760937441","66155/2025-11-22/1760937441.json"
"515320","135490","2025-11-23","49.00","AUD","1760937441","66155/2025-11-23/1760937441.json"
"515320","135490","2025-11-27","49.00","AUD","1760937441","66155/2025-11-27/1760937441.json"
"515320","135490","2025-11-26","49.00","AUD","1760937441","66155/2025-11-26/1760937441.json"
"515320","135490","2025-11-25","49.00","AUD","1760937441","66155/2025-11-25/1760937441.json"
"515320","135490","2025-11-28","49.00","AUD","1760937441","66155/2025-11-28/1760937441.json"
"515320","135490","2025-11-29","49.00","AUD","1760937441","66155/2025-11-29/1760937441.json"
"515320","135490","2025-11-30","49.00","AUD","1760937441","66155/2025-11-30/1760937441.json"
"515320","135490","2025-12-02","49.00","AUD","1760937441","66155/2025-12-02/1760937441.json"
"515320","135490","2025-12-05","49.00","AUD","1760937441","66155/2025-12-05/1760937441.json"
"515320","135490","2025-12-06","49.00","AUD","1760937441","66155/2025-12-06/1760937441.json"
"515320","135490","2025-12-09","49.00","AUD","1760937441","66155/2025-12-09/1760937441.json"
"515320","135490","2025-12-13","49.00","AUD","1760937441","66155/2025-12-13/1760937441.json"
"515320","135490","2025-12-12","49.00","AUD","1760937441","66155/2025-12-12/1760937441.json"
"515320","135490","2025-12-16","49.00","AUD","1760937441","66155/2025-12-16/1760937441.json"
"515320","135490","2025-12-19","49.00","AUD","1760937441","66155/2025-12-19/1760937441.json"
"515320","135490","2025-10-21","49.00","AUD","1760951897","66155/2025-10-21/1760951897.json"
"515320","135490","2025-10-23","49.00","AUD","1760951897","66155/2025-10-23/1760951897.json"
"515320","135490","2025-10-22","49.00","AUD","1760951897","66155/2025-10-22/1760951897.json"
"515320","135490","2025-10-20","49.00","AUD","1760951897","66155/2025-10-20/1760951897.json"
"515320","135490","2025-10-24","49.00","AUD","1760951897","66155/2025-10-24/1760951897.json"
"515320","135490","2025-10-27","49.00","AUD","1760951897","66155/2025-10-27/1760951897.json"
"515320","135490","2025-10-26","49.00","AUD","1760951897","66155/2025-10-26/1760951897.json"
"515320","135490","2025-10-25","49.00","AUD","1760951897","66155/2025-10-25/1760951897.json"
"515320","135490","2025-10-29","49.00","AUD","1760951897","66155/2025-10-29/1760951897.json"
"515320","135490","2025-10-30","49.00","AUD","1760951897","66155/2025-10-30/1760951897.json"
"515320","135490","2025-10-28","49.00","AUD","1760951897","66155/2025-10-28/1760951897.json"
"515320","135490","2025-11-03","49.00","AUD","1760951897","66155/2025-11-03/1760951897.json"
"515320","135490","2025-11-02","49.00","AUD","1760951897","66155/2025-11-02/1760951897.json"
"515320","135490","2025-11-04","49.00","AUD","1760951897","66155/2025-11-04/1760951897.json"
"515320","135490","2025-11-05","49.00","AUD","1760951897","66155/2025-11-05/1760951897.json"
"515320","135490","2025-11-06","49.00","AUD","1760951897","66155/2025-11-06/1760951897.json"
"515320","135490","2025-11-09","49.00","AUD","1760951897","66155/2025-11-09/1760951897.json"
"515320","135490","2025-11-11","49.00","AUD","1760951897","66155/2025-11-11/1760951897.json"
"515320","135490","2025-11-12","49.00","AUD","1760951897","66155/2025-11-12/1760951897.json"
"515320","135490","2025-11-10","49.00","AUD","1760951897","66155/2025-11-10/1760951897.json"
"515320","135490","2025-11-13","49.00","AUD","1760951897","66155/2025-11-13/1760951897.json"
"515320","135490","2025-11-15","49.00","AUD","1760951897","66155/2025-11-15/1760951897.json"
"515320","135490","2025-11-14","49.00","AUD","1760951897","66155/2025-11-14/1760951897.json"
"515320","135490","2025-11-16","49.00","AUD","1760951897","66155/2025-11-16/1760951897.json"
"515320","135490","2025-11-17","49.00","AUD","1760951897","66155/2025-11-17/1760951897.json"
"515320","135490","2025-11-19","49.00","AUD","1760951897","66155/2025-11-19/1760951897.json"
"515320","135490","2025-11-20","49.00","AUD","1760951897","66155/2025-11-20/1760951897.json"
"515320","135490","2025-11-18","49.00","AUD","1760951897","66155/2025-11-18/1760951897.json"
"515320","135490","2025-11-22","49.00","AUD","1760951897","66155/2025-11-22/1760951897.json"
"515320","135490","2025-11-24","49.00","AUD","1760951897","66155/2025-11-24/1760951897.json"
"515320","135490","2025-11-23","49.00","AUD","1760951897","66155/2025-11-23/1760951897.json"
"515320","135490","2025-11-21","49.00","AUD","1760951897","66155/2025-11-21/1760951897.json"
"515320","135490","2025-11-25","49.00","AUD","1760951897","66155/2025-11-25/1760951897.json"
"515320","135490","2025-11-27","49.00","AUD","1760951897","66155/2025-11-27/1760951897.json"
"515320","135490","2025-11-26","49.00","AUD","1760951897","66155/2025-11-26/1760951897.json"
"515320","135490","2025-11-28","49.00","AUD","1760951897","66155/2025-11-28/1760951897.json"
"515320","135490","2025-11-29","49.00","AUD","1760951897","66155/2025-11-29/1760951897.json"
"515320","135490","2025-11-30","49.00","AUD","1760951897","66155/2025-11-30/1760951897.json"
"515320","135490","2025-12-02","49.00","AUD","1760951897","66155/2025-12-02/1760951897.json"
"515320","135490","2025-12-06","49.00","AUD","1760951897","66155/2025-12-06/1760951897.json"
"515320","135490","2025-12-05","49.00","AUD","1760951897","66155/2025-12-05/1760951897.json"
"515320","135490","2025-12-09","49.00","AUD","1760951897","66155/2025-12-09/1760951897.json"
"515320","135490","2025-12-12","49.00","AUD","1760951897","66155/2025-12-12/1760951897.json"
"515320","135490","2025-12-13","49.00","AUD","1760951897","66155/2025-12-13/1760951897.json"
"515320","135490","2025-12-16","49.00","AUD","1760951897","66155/2025-12-16/1760951897.json"
"515320","135490","2025-12-19","49.00","AUD","1760951897","66155/2025-12-19/1760951897.json"
"515320","135490","2025-10-21","49.00","AUD","1760969319","66155/2025-10-21/1760969319.json"
"515320","135490","2025-10-22","49.00","AUD","1760969319","66155/2025-10-22/1760969319.json"
"515320","135490","2025-10-23","49.00","AUD","1760969319","66155/2025-10-23/1760969319.json"
"515320","135490","2025-10-26","49.00","AUD","1760969319","66155/2025-10-26/1760969319.json"
"515320","135490","2025-10-27","49.00","AUD","1760969319","66155/2025-10-27/1760969319.json"
"515320","135490","2025-10-25","49.00","AUD","1760969319","66155/2025-10-25/1760969319.json"
"515320","135490","2025-10-28","49.00","AUD","1760969319","66155/2025-10-28/1760969319.json"
"515320","135490","2025-10-30","49.00","AUD","1760969319","66155/2025-10-30/1760969319.json"
"515320","135490","2025-10-29","49.00","AUD","1760969319","66155/2025-10-29/1760969319.json"
"515320","135490","2025-10-24","49.00","AUD","1760969319","66155/2025-10-24/1760969319.json"
"515320","135490","2025-11-02","49.00","AUD","1760969319","66155/2025-11-02/1760969319.json"
"515320","135490","2025-11-03","49.00","AUD","1760969319","66155/2025-11-03/1760969319.json"
"515320","135490","2025-11-04","49.00","AUD","1760969319","66155/2025-11-04/1760969319.json"
"515320","135490","2025-11-06","49.00","AUD","1760969319","66155/2025-11-06/1760969319.json"
"515320","135490","2025-11-05","49.00","AUD","1760969319","66155/2025-11-05/1760969319.json"
"515320","135490","2025-11-10","49.00","AUD","1760969319","66155/2025-11-10/1760969319.json"
"515320","135490","2025-11-12","49.00","AUD","1760969319","66155/2025-11-12/1760969319.json"
"515320","135490","2025-11-09","49.00","AUD","1760969319","66155/2025-11-09/1760969319.json"
"515320","135490","2025-11-11","49.00","AUD","1760969319","66155/2025-11-11/1760969319.json"
"515320","135490","2025-11-13","49.00","AUD","1760969319","66155/2025-11-13/1760969319.json"
"515320","135490","2025-11-14","49.00","AUD","1760969319","66155/2025-11-14/1760969319.json"
"515320","135490","2025-11-16","49.00","AUD","1760969319","66155/2025-11-16/1760969319.json"
"515320","135490","2025-11-15","49.00","AUD","1760969319","66155/2025-11-15/1760969319.json"
"515320","135490","2025-11-18","49.00","AUD","1760969319","66155/2025-11-18/1760969319.json"
"515320","135490","2025-11-17","49.00","AUD","1760969319","66155/2025-11-17/1760969319.json"
"515320","135490","2025-11-19","49.00","AUD","1760969319","66155/2025-11-19/1760969319.json"
"515320","135490","2025-11-20","49.00","AUD","1760969319","66155/2025-11-20/1760969319.json"
"515320","135490","2025-11-22","49.00","AUD","1760969319","66155/2025-11-22/1760969319.json"
"515320","135490","2025-11-21","49.00","AUD","1760969319","66155/2025-11-21/1760969319.json"
"515320","135490","2025-11-24","49.00","AUD","1760969319","66155/2025-11-24/1760969319.json"
"515320","135490","2025-11-25","49.00","AUD","1760969319","66155/2025-11-25/1760969319.json"
"515320","135490","2025-11-26","49.00","AUD","1760969319","66155/2025-11-26/1760969319.json"
"515320","135490","2025-11-28","49.00","AUD","1760969319","66155/2025-11-28/1760969319.json"
"515320","135490","2025-11-29","49.00","AUD","1760969319","66155/2025-11-29/1760969319.json"
"515320","135490","2025-11-27","49.00","AUD","1760969319","66155/2025-11-27/1760969319.json"
"515320","135490","2025-11-30","49.00","AUD","1760969319","66155/2025-11-30/1760969319.json"
"515320","135490","2025-12-02","49.00","AUD","1760969319","66155/2025-12-02/1760969319.json"
"515320","135490","2025-12-06","49.00","AUD","1760969319","66155/2025-12-06/1760969319.json"
"515320","135490","2025-12-05","49.00","AUD","1760969319","66155/2025-12-05/1760969319.json"
"515320","135490","2025-12-09","49.00","AUD","1760969319","66155/2025-12-09/1760969319.json"
"515320","135490","2025-12-12","49.00","AUD","1760969319","66155/2025-12-12/1760969319.json"
"515320","135490","2025-12-13","49.00","AUD","1760969319","66155/2025-12-13/1760969319.json"
"515320","135490","2025-11-23","49.00","AUD","1760969319","66155/2025-11-23/1760969319.json"
"515320","135490","2025-12-16","49.00","AUD","1760969319","66155/2025-12-16/1760969319.json"
"515320","135490","2025-12-19","49.00","AUD","1760969319","66155/2025-12-19/1760969319.json"
"515320","135490","2025-10-22","49.00","AUD","1760980538","66155/2025-10-22/1760980538.json"
"515320","135490","2025-10-23","49.00","AUD","1760980538","66155/2025-10-23/1760980538.json"
"515320","135490","2025-10-21","49.00","AUD","1760980538","66155/2025-10-21/1760980538.json"
"515320","135490","2025-10-24","49.00","AUD","1760980538","66155/2025-10-24/1760980538.json"
"515320","135490","2025-10-25","49.00","AUD","1760980538","66155/2025-10-25/1760980538.json"
"515320","135490","2025-10-27","49.00","AUD","1760980538","66155/2025-10-27/1760980538.json"
"515320","135490","2025-10-26","49.00","AUD","1760980538","66155/2025-10-26/1760980538.json"
"515320","135490","2025-10-28","49.00","AUD","1760980538","66155/2025-10-28/1760980538.json"
"515320","135490","2025-10-30","49.00","AUD","1760980538","66155/2025-10-30/1760980538.json"
"515320","135490","2025-10-29","49.00","AUD","1760980538","66155/2025-10-29/1760980538.json"
"515320","135490","2025-11-03","49.00","AUD","1760980538","66155/2025-11-03/1760980538.json"
"515320","135490","2025-11-04","49.00","AUD","1760980538","66155/2025-11-04/1760980538.json"
"515320","135490","2025-11-02","49.00","AUD","1760980538","66155/2025-11-02/1760980538.json"
"515320","135490","2025-11-05","49.00","AUD","1760980538","66155/2025-11-05/1760980538.json"
"515320","135490","2025-11-06","49.00","AUD","1760980538","66155/2025-11-06/1760980538.json"
"515320","135490","2025-11-09","49.00","AUD","1760980538","66155/2025-11-09/1760980538.json"
"515320","135490","2025-11-10","49.00","AUD","1760980538","66155/2025-11-10/1760980538.json"
"515320","135490","2025-11-12","49.00","AUD","1760980538","66155/2025-11-12/1760980538.json"
"515320","135490","2025-11-13","49.00","AUD","1760980538","66155/2025-11-13/1760980538.json"
"515320","135490","2025-11-14","49.00","AUD","1760980538","66155/2025-11-14/1760980538.json"
"515320","135490","2025-11-11","49.00","AUD","1760980538","66155/2025-11-11/1760980538.json"
"515320","135490","2025-11-15","49.00","AUD","1760980538","66155/2025-11-15/1760980538.json"
"515320","135490","2025-11-16","49.00","AUD","1760980538","66155/2025-11-16/1760980538.json"
"515320","135490","2025-11-17","49.00","AUD","1760980538","66155/2025-11-17/1760980538.json"
"515320","135490","2025-11-18","49.00","AUD","1760980538","66155/2025-11-18/1760980538.json"
"515320","135490","2025-11-19","49.00","AUD","1760980538","66155/2025-11-19/1760980538.json"
"515320","135490","2025-11-20","49.00","AUD","1760980538","66155/2025-11-20/1760980538.json"
"515320","135490","2025-11-21","49.00","AUD","1760980538","66155/2025-11-21/1760980538.json"
"515320","135490","2025-11-22","49.00","AUD","1760980538","66155/2025-11-22/1760980538.json"
"515320","135490","2025-11-24","49.00","AUD","1760980538","66155/2025-11-24/1760980538.json"
"515320","135490","2025-11-23","49.00","AUD","1760980538","66155/2025-11-23/1760980538.json"
"515320","135490","2025-11-26","49.00","AUD","1760980538","66155/2025-11-26/1760980538.json"
"515320","135490","2025-11-25","49.00","AUD","1760980538","66155/2025-11-25/1760980538.json"
"515320","135490","2025-11-27","49.00","AUD","1760980538","66155/2025-11-27/1760980538.json"
"515320","135490","2025-11-28","49.00","AUD","1760980538","66155/2025-11-28/1760980538.json"
"515320","135490","2025-11-30","49.00","AUD","1760980538","66155/2025-11-30/1760980538.json"
"515320","135490","2025-11-29","49.00","AUD","1760980538","66155/2025-11-29/1760980538.json"
"515320","135490","2025-12-02","49.00","AUD","1760980538","66155/2025-12-02/1760980538.json"
"515320","135490","2025-12-05","49.00","AUD","1760980538","66155/2025-12-05/1760980538.json"
"515320","135490","2025-12-06","49.00","AUD","1760980538","66155/2025-12-06/1760980538.json"
"515320","135490","2025-12-09","49.00","AUD","1760980538","66155/2025-12-09/1760980538.json"
"515320","135490","2025-12-12","49.00","AUD","1760980538","66155/2025-12-12/1760980538.json"
"515320","135490","2025-12-13","49.00","AUD","1760980538","66155/2025-12-13/1760980538.json"
"515320","135490","2025-12-16","49.00","AUD","1760980538","66155/2025-12-16/1760980538.json"
"515320","135490","2025-12-19","49.00","AUD","1760980538","66155/2025-12-19/1760980538.json"
"515320","135490","2025-10-22","49.00","AUD","1760994661","66155/2025-10-22/1760994661.json"
"515320","135490","2025-10-23","49.00","AUD","1760994661","66155/2025-10-23/1760994661.json"
"515320","135490","2025-10-21","49.00","AUD","1760994661","66155/2025-10-21/1760994661.json"
"515320","135490","2025-10-24","49.00","AUD","1760994661","66155/2025-10-24/1760994661.json"
"515320","135490","2025-10-25","49.00","AUD","1760994661","66155/2025-10-25/1760994661.json"
"515320","135490","2025-10-26","49.00","AUD","1760994661","66155/2025-10-26/1760994661.json"
"515320","135490","2025-10-27","49.00","AUD","1760994661","66155/2025-10-27/1760994661.json"
"515320","135490","2025-10-28","49.00","AUD","1760994661","66155/2025-10-28/1760994661.json"
"515320","135490","2025-10-29","49.00","AUD","1760994661","66155/2025-10-29/1760994661.json"
"515320","135490","2025-10-30","49.00","AUD","1760994661","66155/2025-10-30/1760994661.json"
"515320","135490","2025-11-03","49.00","AUD","1760994661","66155/2025-11-03/1760994661.json"
"515320","135490","2025-11-02","49.00","AUD","1760994661","66155/2025-11-02/1760994661.json"
"515320","135490","2025-11-05","49.00","AUD","1760994661","66155/2025-11-05/1760994661.json"
"515320","135490","2025-11-06","49.00","AUD","1760994661","66155/2025-11-06/1760994661.json"
"515320","135490","2025-11-04","49.00","AUD","1760994661","66155/2025-11-04/1760994661.json"
"515320","135490","2025-11-09","49.00","AUD","1760994661","66155/2025-11-09/1760994661.json"
"515320","135490","2025-11-10","49.00","AUD","1760994661","66155/2025-11-10/1760994661.json"
"515320","135490","2025-11-11","49.00","AUD","1760994661","66155/2025-11-11/1760994661.json"
"515320","135490","2025-11-12","49.00","AUD","1760994661","66155/2025-11-12/1760994661.json"
"515320","135490","2025-11-13","49.00","AUD","1760994661","66155/2025-11-13/1760994661.json"
"515320","135490","2025-11-15","49.00","AUD","1760994661","66155/2025-11-15/1760994661.json"
"515320","135490","2025-11-14","49.00","AUD","1760994661","66155/2025-11-14/1760994661.json"
"515320","135490","2025-11-17","49.00","AUD","1760994661","66155/2025-11-17/1760994661.json"
"515320","135490","2025-11-16","49.00","AUD","1760994661","66155/2025-11-16/1760994661.json"
"515320","135490","2025-11-19","49.00","AUD","1760994661","66155/2025-11-19/1760994661.json"
"515320","135490","2025-11-18","49.00","AUD","1760994661","66155/2025-11-18/1760994661.json"
"515320","135490","2025-11-20","49.00","AUD","1760994661","66155/2025-11-20/1760994661.json"
"515320","135490","2025-11-21","49.00","AUD","1760994661","66155/2025-11-21/1760994661.json"
"515320","135490","2025-11-23","49.00","AUD","1760994661","66155/2025-11-23/1760994661.json"
"515320","135490","2025-11-22","49.00","AUD","1760994661","66155/2025-11-22/1760994661.json"
"515320","135490","2025-11-24","49.00","AUD","1760994661","66155/2025-11-24/1760994661.json"
"515320","135490","2025-11-27","49.00","AUD","1760994661","66155/2025-11-27/1760994661.json"
"515320","135490","2025-11-26","49.00","AUD","1760994661","66155/2025-11-26/1760994661.json"
"515320","135490","2025-11-25","49.00","AUD","1760994661","66155/2025-11-25/1760994661.json"
"515320","135490","2025-11-28","49.00","AUD","1760994661","66155/2025-11-28/1760994661.json"
"515320","135490","2025-11-29","49.00","AUD","1760994661","66155/2025-11-29/1760994661.json"
"515320","135490","2025-11-30","49.00","AUD","1760994661","66155/2025-11-30/1760994661.json"
"515320","135490","2025-12-02","49.00","AUD","1760994661","66155/2025-12-02/1760994661.json"
"515320","135490","2025-12-05","49.00","AUD","1760994661","66155/2025-12-05/1760994661.json"
"515320","135490","2025-12-06","49.00","AUD","1760994661","66155/2025-12-06/1760994661.json"
"515320","135490","2025-12-09","49.00","AUD","1760994661","66155/2025-12-09/1760994661.json"
"515320","135490","2025-12-12","49.00","AUD","1760994661","66155/2025-12-12/1760994661.json"
"515320","135490","2025-12-13","49.00","AUD","1760994661","66155/2025-12-13/1760994661.json"
"515320","135490","2025-12-16","49.00","AUD","1760994661","66155/2025-12-16/1760994661.json"
"515320","135490","2025-12-19","49.00","AUD","1760994661","66155/2025-12-19/1760994661.json"
"515320","135490","2025-10-21","49.00","AUD","1761018249","66155/2025-10-21/1761018249.json"
"515320","135490","2025-10-23","49.00","AUD","1761018249","66155/2025-10-23/1761018249.json"
"515320","135490","2025-10-24","49.00","AUD","1761018249","66155/2025-10-24/1761018249.json"
"515320","135490","2025-10-22","49.00","AUD","1761018249","66155/2025-10-22/1761018249.json"
"515320","135490","2025-10-25","49.00","AUD","1761018249","66155/2025-10-25/1761018249.json"
"515320","135490","2025-10-26","49.00","AUD","1761018249","66155/2025-10-26/1761018249.json"
"515320","135490","2025-10-28","49.00","AUD","1761018249","66155/2025-10-28/1761018249.json"
"515320","135490","2025-10-27","49.00","AUD","1761018249","66155/2025-10-27/1761018249.json"
"515320","135490","2025-10-29","49.00","AUD","1761018249","66155/2025-10-29/1761018249.json"
"515320","135490","2025-10-30","49.00","AUD","1761018249","66155/2025-10-30/1761018249.json"
"515320","135490","2025-11-03","49.00","AUD","1761018249","66155/2025-11-03/1761018249.json"
"515320","135490","2025-11-04","49.00","AUD","1761018249","66155/2025-11-04/1761018249.json"
"515320","135490","2025-11-05","49.00","AUD","1761018249","66155/2025-11-05/1761018249.json"
"515320","135490","2025-11-02","49.00","AUD","1761018249","66155/2025-11-02/1761018249.json"
"515320","135490","2025-11-09","49.00","AUD","1761018249","66155/2025-11-09/1761018249.json"
"515320","135490","2025-11-06","49.00","AUD","1761018249","66155/2025-11-06/1761018249.json"
"515320","135490","2025-11-12","49.00","AUD","1761018249","66155/2025-11-12/1761018249.json"
"515320","135490","2025-11-11","49.00","AUD","1761018249","66155/2025-11-11/1761018249.json"
"515320","135490","2025-11-10","49.00","AUD","1761018249","66155/2025-11-10/1761018249.json"
"515320","135490","2025-11-13","49.00","AUD","1761018249","66155/2025-11-13/1761018249.json"
"515320","135490","2025-11-14","49.00","AUD","1761018249","66155/2025-11-14/1761018249.json"
"515320","135490","2025-11-16","49.00","AUD","1761018249","66155/2025-11-16/1761018249.json"
"515320","135490","2025-11-17","49.00","AUD","1761018249","66155/2025-11-17/1761018249.json"
"515320","135490","2025-11-15","49.00","AUD","1761018249","66155/2025-11-15/1761018249.json"
"515320","135490","2025-11-18","49.00","AUD","1761018249","66155/2025-11-18/1761018249.json"
"515320","135490","2025-11-19","49.00","AUD","1761018249","66155/2025-11-19/1761018249.json"
"515320","135490","2025-11-20","49.00","AUD","1761018249","66155/2025-11-20/1761018249.json"
"515320","135490","2025-11-21","49.00","AUD","1761018249","66155/2025-11-21/1761018249.json"
"515320","135490","2025-11-22","49.00","AUD","1761018249","66155/2025-11-22/1761018249.json"
"515320","135490","2025-11-23","49.00","AUD","1761018249","66155/2025-11-23/1761018249.json"
"515320","135490","2025-11-24","49.00","AUD","1761018249","66155/2025-11-24/1761018249.json"
"515320","135490","2025-11-25","49.00","AUD","1761018249","66155/2025-11-25/1761018249.json"
"515320","135490","2025-11-26","49.00","AUD","1761018249","66155/2025-11-26/1761018249.json"
"515320","135490","2025-11-27","49.00","AUD","1761018249","66155/2025-11-27/1761018249.json"
"515320","135490","2025-11-29","49.00","AUD","1761018249","66155/2025-11-29/1761018249.json"
"515320","135490","2025-11-28","49.00","AUD","1761018249","66155/2025-11-28/1761018249.json"
"515320","135490","2025-11-30","49.00","AUD","1761018249","66155/2025-11-30/1761018249.json"
"515320","135490","2025-12-02","49.00","AUD","1761018249","66155/2025-12-02/1761018249.json"
"515320","135490","2025-12-05","49.00","AUD","1761018249","66155/2025-12-05/1761018249.json"
"515320","135490","2025-12-06","49.00","AUD","1761018249","66155/2025-12-06/1761018249.json"
"515320","135490","2025-12-09","49.00","AUD","1761018249","66155/2025-12-09/1761018249.json"
"515320","135490","2025-12-12","49.00","AUD","1761018249","66155/2025-12-12/1761018249.json"
"515320","135490","2025-12-13","49.00","AUD","1761018249","66155/2025-12-13/1761018249.json"
"515320","135490","2025-12-16","49.00","AUD","1761018249","66155/2025-12-16/1761018249.json"
"515320","135490","2025-12-19","49.00","AUD","1761018249","66155/2025-12-19/1761018249.json"
"515320","135490","2025-12-20","49.00","AUD","1761018249","66155/2025-12-20/1761018249.json"
"515320","135490","2025-10-24","49.00","AUD","1761023394","66155/2025-10-24/1761023394.json"
"515320","135490","2025-10-21","49.00","AUD","1761023394","66155/2025-10-21/1761023394.json"
"515320","135490","2025-10-22","49.00","AUD","1761023394","66155/2025-10-22/1761023394.json"
"515320","135490","2025-10-23","49.00","AUD","1761023394","66155/2025-10-23/1761023394.json"
"515320","135490","2025-10-28","49.00","AUD","1761023394","66155/2025-10-28/1761023394.json"
"515320","135490","2025-10-26","49.00","AUD","1761023394","66155/2025-10-26/1761023394.json"
"515320","135490","2025-10-27","49.00","AUD","1761023394","66155/2025-10-27/1761023394.json"
"515320","135490","2025-10-25","49.00","AUD","1761023394","66155/2025-10-25/1761023394.json"
"515320","135490","2025-10-29","49.00","AUD","1761023394","66155/2025-10-29/1761023394.json"
"515320","135490","2025-10-30","49.00","AUD","1761023394","66155/2025-10-30/1761023394.json"
"515320","135490","2025-11-02","49.00","AUD","1761023394","66155/2025-11-02/1761023394.json"
"515320","135490","2025-11-03","49.00","AUD","1761023394","66155/2025-11-03/1761023394.json"
"515320","135490","2025-11-05","49.00","AUD","1761023394","66155/2025-11-05/1761023394.json"
"515320","135490","2025-11-04","49.00","AUD","1761023394","66155/2025-11-04/1761023394.json"
"515320","135490","2025-11-06","49.00","AUD","1761023394","66155/2025-11-06/1761023394.json"
"515320","135490","2025-11-10","49.00","AUD","1761023394","66155/2025-11-10/1761023394.json"
"515320","135490","2025-11-11","49.00","AUD","1761023394","66155/2025-11-11/1761023394.json"
"515320","135490","2025-11-09","49.00","AUD","1761023394","66155/2025-11-09/1761023394.json"
"515320","135490","2025-11-12","49.00","AUD","1761023394","66155/2025-11-12/1761023394.json"
"515320","135490","2025-11-13","49.00","AUD","1761023394","66155/2025-11-13/1761023394.json"
"515320","135490","2025-11-15","49.00","AUD","1761023394","66155/2025-11-15/1761023394.json"
"515320","135490","2025-11-14","49.00","AUD","1761023394","66155/2025-11-14/1761023394.json"
"515320","135490","2025-11-16","49.00","AUD","1761023394","66155/2025-11-16/1761023394.json"
"515320","135490","2025-11-17","49.00","AUD","1761023394","66155/2025-11-17/1761023394.json"
"515320","135490","2025-11-18","49.00","AUD","1761023394","66155/2025-11-18/1761023394.json"
"515320","135490","2025-11-19","49.00","AUD","1761023394","66155/2025-11-19/1761023394.json"
"515320","135490","2025-11-21","49.00","AUD","1761023394","66155/2025-11-21/1761023394.json"
"515320","135490","2025-11-20","49.00","AUD","1761023394","66155/2025-11-20/1761023394.json"
"515320","135490","2025-11-22","49.00","AUD","1761023394","66155/2025-11-22/1761023394.json"
"515320","135490","2025-11-23","49.00","AUD","1761023394","66155/2025-11-23/1761023394.json"
"515320","135490","2025-11-24","49.00","AUD","1761023394","66155/2025-11-24/1761023394.json"
"515320","135490","2025-11-25","49.00","AUD","1761023394","66155/2025-11-25/1761023394.json"
"515320","135490","2025-11-26","49.00","AUD","1761023394","66155/2025-11-26/1761023394.json"
"515320","135490","2025-11-27","49.00","AUD","1761023394","66155/2025-11-27/1761023394.json"
"515320","135490","2025-11-28","49.00","AUD","1761023394","66155/2025-11-28/1761023394.json"
"515320","135490","2025-11-29","49.00","AUD","1761023394","66155/2025-11-29/1761023394.json"
"515320","135490","2025-11-30","49.00","AUD","1761023394","66155/2025-11-30/1761023394.json"
"515320","135490","2025-12-02","49.00","AUD","1761023394","66155/2025-12-02/1761023394.json"
"515320","135490","2025-12-05","49.00","AUD","1761023394","66155/2025-12-05/1761023394.json"
"515320","135490","2025-12-06","49.00","AUD","1761023394","66155/2025-12-06/1761023394.json"
"515320","135490","2025-12-09","49.00","AUD","1761023394","66155/2025-12-09/1761023394.json"
"515320","135490","2025-12-12","49.00","AUD","1761023394","66155/2025-12-12/1761023394.json"
"515320","135490","2025-12-13","49.00","AUD","1761023394","66155/2025-12-13/1761023394.json"
"515320","135490","2025-12-16","49.00","AUD","1761023394","66155/2025-12-16/1761023394.json"
"515320","135490","2025-12-20","49.00","AUD","1761023394","66155/2025-12-20/1761023394.json"
"515320","135490","2025-12-19","49.00","AUD","1761023394","66155/2025-12-19/1761023394.json"
"515320","135490","2025-10-21","49.00","AUD","1761038745","66155/2025-10-21/1761038745.json"
"515320","135490","2025-10-24","49.00","AUD","1761038745","66155/2025-10-24/1761038745.json"
"515320","135490","2025-10-22","49.00","AUD","1761038745","66155/2025-10-22/1761038745.json"
"515320","135490","2025-10-23","49.00","AUD","1761038745","66155/2025-10-23/1761038745.json"
"515320","135490","2025-10-26","49.00","AUD","1761038745","66155/2025-10-26/1761038745.json"
"515320","135490","2025-10-27","49.00","AUD","1761038745","66155/2025-10-27/1761038745.json"
"515320","135490","2025-10-28","49.00","AUD","1761038745","66155/2025-10-28/1761038745.json"
"515320","135490","2025-10-25","49.00","AUD","1761038745","66155/2025-10-25/1761038745.json"
"515320","135490","2025-10-30","49.00","AUD","1761038745","66155/2025-10-30/1761038745.json"
"515320","135490","2025-10-29","49.00","AUD","1761038745","66155/2025-10-29/1761038745.json"
"515320","135490","2025-11-02","49.00","AUD","1761038745","66155/2025-11-02/1761038745.json"
"515320","135490","2025-11-03","49.00","AUD","1761038745","66155/2025-11-03/1761038745.json"
"515320","135490","2025-11-04","49.00","AUD","1761038745","66155/2025-11-04/1761038745.json"
"515320","135490","2025-11-05","49.00","AUD","1761038745","66155/2025-11-05/1761038745.json"
"515320","135490","2025-11-06","49.00","AUD","1761038745","66155/2025-11-06/1761038745.json"
"515320","135490","2025-11-09","49.00","AUD","1761038745","66155/2025-11-09/1761038745.json"
"515320","135490","2025-11-10","49.00","AUD","1761038745","66155/2025-11-10/1761038745.json"
"515320","135490","2025-11-11","49.00","AUD","1761038745","66155/2025-11-11/1761038745.json"
"515320","135490","2025-11-12","49.00","AUD","1761038745","66155/2025-11-12/1761038745.json"
"515320","135490","2025-11-13","49.00","AUD","1761038745","66155/2025-11-13/1761038745.json"
"515320","135490","2025-11-14","49.00","AUD","1761038745","66155/2025-11-14/1761038745.json"
"515320","135490","2025-11-15","49.00","AUD","1761038745","66155/2025-11-15/1761038745.json"
"515320","135490","2025-11-17","49.00","AUD","1761038745","66155/2025-11-17/1761038745.json"
"515320","135490","2025-11-16","49.00","AUD","1761038745","66155/2025-11-16/1761038745.json"
"515320","135490","2025-11-18","49.00","AUD","1761038745","66155/2025-11-18/1761038745.json"
"515320","135490","2025-11-19","49.00","AUD","1761038745","66155/2025-11-19/1761038745.json"
"515320","135490","2025-11-21","49.00","AUD","1761038745","66155/2025-11-21/1761038745.json"
"515320","135490","2025-11-20","49.00","AUD","1761038745","66155/2025-11-20/1761038745.json"
"515320","135490","2025-11-22","49.00","AUD","1761038745","66155/2025-11-22/1761038745.json"
"515320","135490","2025-11-23","49.00","AUD","1761038745","66155/2025-11-23/1761038745.json"
"515320","135490","2025-11-25","49.00","AUD","1761038745","66155/2025-11-25/1761038745.json"
"515320","135490","2025-11-24","49.00","AUD","1761038745","66155/2025-11-24/1761038745.json"
"515320","135490","2025-11-26","49.00","AUD","1761038745","66155/2025-11-26/1761038745.json"
"515320","135490","2025-11-27","49.00","AUD","1761038745","66155/2025-11-27/1761038745.json"
"515320","135490","2025-11-28","49.00","AUD","1761038745","66155/2025-11-28/1761038745.json"
"515320","135490","2025-11-29","49.00","AUD","1761038745","66155/2025-11-29/1761038745.json"
"515320","135490","2025-11-30","49.00","AUD","1761038745","66155/2025-11-30/1761038745.json"
"515320","135490","2025-12-02","49.00","AUD","1761038745","66155/2025-12-02/1761038745.json"
"515320","135490","2025-12-05","49.00","AUD","1761038745","66155/2025-12-05/1761038745.json"
"515320","135490","2025-12-06","49.00","AUD","1761038745","66155/2025-12-06/1761038745.json"
"515320","135490","2025-12-09","49.00","AUD","1761038745","66155/2025-12-09/1761038745.json"
"515320","135490","2025-12-12","49.00","AUD","1761038745","66155/2025-12-12/1761038745.json"
"515320","135490","2025-12-13","49.00","AUD","1761038745","66155/2025-12-13/1761038745.json"
"515320","135490","2025-12-16","49.00","AUD","1761038745","66155/2025-12-16/1761038745.json"
"515320","135490","2025-12-19","49.00","AUD","1761038745","66155/2025-12-19/1761038745.json"
"515320","135490","2025-12-20","49.00","AUD","1761038745","66155/2025-12-20/1761038745.json"
"515320","135490","2025-10-22","49.00","AUD","1761056182","66155/2025-10-22/1761056182.json"
"515320","135490","2025-10-24","49.00","AUD","1761056182","66155/2025-10-24/1761056182.json"
"515320","135490","2025-10-23","49.00","AUD","1761056182","66155/2025-10-23/1761056182.json"
"515320","135490","2025-10-25","49.00","AUD","1761056182","66155/2025-10-25/1761056182.json"
"515320","135490","2025-10-26","49.00","AUD","1761056182","66155/2025-10-26/1761056182.json"
"515320","135490","2025-10-28","49.00","AUD","1761056182","66155/2025-10-28/1761056182.json"
"515320","135490","2025-10-27","49.00","AUD","1761056182","66155/2025-10-27/1761056182.json"
"515320","135490","2025-10-29","49.00","AUD","1761056182","66155/2025-10-29/1761056182.json"
"515320","135490","2025-10-30","49.00","AUD","1761056182","66155/2025-10-30/1761056182.json"
"515320","135490","2025-11-02","49.00","AUD","1761056182","66155/2025-11-02/1761056182.json"
"515320","135490","2025-11-03","49.00","AUD","1761056182","66155/2025-11-03/1761056182.json"
"515320","135490","2025-11-05","49.00","AUD","1761056182","66155/2025-11-05/1761056182.json"
"515320","135490","2025-11-04","49.00","AUD","1761056182","66155/2025-11-04/1761056182.json"
"515320","135490","2025-11-06","49.00","AUD","1761056182","66155/2025-11-06/1761056182.json"
"515320","135490","2025-11-09","49.00","AUD","1761056182","66155/2025-11-09/1761056182.json"
"515320","135490","2025-11-10","49.00","AUD","1761056182","66155/2025-11-10/1761056182.json"
"515320","135490","2025-11-11","49.00","AUD","1761056182","66155/2025-11-11/1761056182.json"
"515320","135490","2025-11-13","49.00","AUD","1761056182","66155/2025-11-13/1761056182.json"
"515320","135490","2025-11-14","49.00","AUD","1761056182","66155/2025-11-14/1761056182.json"
"515320","135490","2025-11-12","49.00","AUD","1761056182","66155/2025-11-12/1761056182.json"
"515320","135490","2025-11-15","49.00","AUD","1761056182","66155/2025-11-15/1761056182.json"
"515320","135490","2025-11-19","49.00","AUD","1761056182","66155/2025-11-19/1761056182.json"
"515320","135490","2025-11-17","49.00","AUD","1761056182","66155/2025-11-17/1761056182.json"
"515320","135490","2025-11-16","49.00","AUD","1761056182","66155/2025-11-16/1761056182.json"
"515320","135490","2025-11-18","49.00","AUD","1761056182","66155/2025-11-18/1761056182.json"
"515320","135490","2025-11-21","49.00","AUD","1761056182","66155/2025-11-21/1761056182.json"
"515320","135490","2025-11-20","49.00","AUD","1761056182","66155/2025-11-20/1761056182.json"
"515320","135490","2025-11-22","49.00","AUD","1761056182","66155/2025-11-22/1761056182.json"
"515320","135490","2025-11-23","49.00","AUD","1761056182","66155/2025-11-23/1761056182.json"
"515320","135490","2025-11-24","49.00","AUD","1761056182","66155/2025-11-24/1761056182.json"
"515320","135490","2025-11-27","49.00","AUD","1761056182","66155/2025-11-27/1761056182.json"
"515320","135490","2025-11-26","49.00","AUD","1761056182","66155/2025-11-26/1761056182.json"
"515320","135490","2025-11-25","49.00","AUD","1761056182","66155/2025-11-25/1761056182.json"
"515320","135490","2025-11-28","49.00","AUD","1761056182","66155/2025-11-28/1761056182.json"
"515320","135490","2025-11-29","49.00","AUD","1761056182","66155/2025-11-29/1761056182.json"
"515320","135490","2025-11-30","49.00","AUD","1761056182","66155/2025-11-30/1761056182.json"
"515320","135490","2025-12-02","49.00","AUD","1761056182","66155/2025-12-02/1761056182.json"
"515320","135490","2025-12-05","49.00","AUD","1761056182","66155/2025-12-05/1761056182.json"
"515320","135490","2025-12-06","49.00","AUD","1761056182","66155/2025-12-06/1761056182.json"
"515320","135490","2025-12-09","49.00","AUD","1761056182","66155/2025-12-09/1761056182.json"
"515320","135490","2025-12-12","49.00","AUD","1761056182","66155/2025-12-12/1761056182.json"
"515320","135490","2025-12-13","49.00","AUD","1761056182","66155/2025-12-13/1761056182.json"
"515320","135490","2025-12-16","49.00","AUD","1761056182","66155/2025-12-16/1761056182.json"
"515320","135490","2025-12-20","49.00","AUD","1761056182","66155/2025-12-20/1761056182.json"
"515320","135490","2025-12-19","49.00","AUD","1761056182","66155/2025-12-19/1761056182.json"
"515320","135490","2025-10-23","49.00","AUD","1761066950","66155/2025-10-23/1761066950.json"
"515320","135490","2025-10-22","49.00","AUD","1761066950","66155/2025-10-22/1761066950.json"
"515320","135490","2025-10-24","49.00","AUD","1761066950","66155/2025-10-24/1761066950.json"
"515320","135490","2025-10-25","49.00","AUD","1761066950","66155/2025-10-25/1761066950.json"
"515320","135490","2025-10-28","49.00","AUD","1761066950","66155/2025-10-28/1761066950.json"
"515320","135490","2025-10-26","49.00","AUD","1761066950","66155/2025-10-26/1761066950.json"
"515320","135490","2025-10-29","49.00","AUD","1761066950","66155/2025-10-29/1761066950.json"
"515320","135490","2025-10-30","49.00","AUD","1761066950","66155/2025-10-30/1761066950.json"
"515320","135490","2025-10-27","49.00","AUD","1761066950","66155/2025-10-27/1761066950.json"
"515320","135490","2025-11-03","49.00","AUD","1761066950","66155/2025-11-03/1761066950.json"
"515320","135490","2025-11-04","49.00","AUD","1761066950","66155/2025-11-04/1761066950.json"
"515320","135490","2025-11-02","49.00","AUD","1761066950","66155/2025-11-02/1761066950.json"
"515320","135490","2025-11-06","49.00","AUD","1761066950","66155/2025-11-06/1761066950.json"
"515320","135490","2025-11-05","49.00","AUD","1761066950","66155/2025-11-05/1761066950.json"
"515320","135490","2025-11-10","49.00","AUD","1761066950","66155/2025-11-10/1761066950.json"
"515320","135490","2025-11-11","49.00","AUD","1761066950","66155/2025-11-11/1761066950.json"
"515320","135490","2025-11-12","49.00","AUD","1761066950","66155/2025-11-12/1761066950.json"
"515320","135490","2025-11-13","49.00","AUD","1761066950","66155/2025-11-13/1761066950.json"
"515320","135490","2025-11-09","49.00","AUD","1761066950","66155/2025-11-09/1761066950.json"
"515320","135490","2025-11-14","49.00","AUD","1761066950","66155/2025-11-14/1761066950.json"
"515320","135490","2025-11-15","49.00","AUD","1761066950","66155/2025-11-15/1761066950.json"
"515320","135490","2025-11-16","49.00","AUD","1761066950","66155/2025-11-16/1761066950.json"
"515320","135490","2025-11-17","49.00","AUD","1761066950","66155/2025-11-17/1761066950.json"
"515320","135490","2025-11-18","49.00","AUD","1761066950","66155/2025-11-18/1761066950.json"
"515320","135490","2025-11-19","49.00","AUD","1761066950","66155/2025-11-19/1761066950.json"
"515320","135490","2025-11-20","49.00","AUD","1761066950","66155/2025-11-20/1761066950.json"
"515320","135490","2025-11-21","49.00","AUD","1761066950","66155/2025-11-21/1761066950.json"
"515320","135490","2025-11-22","49.00","AUD","1761066950","66155/2025-11-22/1761066950.json"
"515320","135490","2025-11-23","49.00","AUD","1761066950","66155/2025-11-23/1761066950.json"
"515320","135490","2025-11-26","49.00","AUD","1761066950","66155/2025-11-26/1761066950.json"
"515320","135490","2025-11-25","49.00","AUD","1761066950","66155/2025-11-25/1761066950.json"
"515320","135490","2025-11-24","49.00","AUD","1761066950","66155/2025-11-24/1761066950.json"
"515320","135490","2025-11-27","49.00","AUD","1761066950","66155/2025-11-27/1761066950.json"
"515320","135490","2025-11-28","49.00","AUD","1761066950","66155/2025-11-28/1761066950.json"
"515320","135490","2025-11-29","49.00","AUD","1761066950","66155/2025-11-29/1761066950.json"
"515320","135490","2025-12-02","49.00","AUD","1761066950","66155/2025-12-02/1761066950.json"
"515320","135490","2025-12-05","49.00","AUD","1761066950","66155/2025-12-05/1761066950.json"
"515320","135490","2025-11-30","49.00","AUD","1761066950","66155/2025-11-30/1761066950.json"
"515320","135490","2025-12-06","49.00","AUD","1761066950","66155/2025-12-06/1761066950.json"
"515320","135490","2025-12-09","49.00","AUD","1761066950","66155/2025-12-09/1761066950.json"
"515320","135490","2025-12-12","49.00","AUD","1761066950","66155/2025-12-12/1761066950.json"
"515320","135490","2025-12-16","49.00","AUD","1761066950","66155/2025-12-16/1761066950.json"
"515320","135490","2025-12-13","49.00","AUD","1761066950","66155/2025-12-13/1761066950.json"
"515320","135490","2025-12-19","49.00","AUD","1761066950","66155/2025-12-19/1761066950.json"
"515320","135490","2025-12-20","49.00","AUD","1761066950","66155/2025-12-20/1761066950.json"
"515320","135490","2025-10-22","49.00","AUD","1761081037","66155/2025-10-22/1761081037.json"
"515320","135490","2025-10-24","49.00","AUD","1761081037","66155/2025-10-24/1761081037.json"
"515320","135490","2025-10-23","49.00","AUD","1761081037","66155/2025-10-23/1761081037.json"
"515320","135490","2025-10-25","49.00","AUD","1761081037","66155/2025-10-25/1761081037.json"
"515320","135490","2025-10-27","49.00","AUD","1761081037","66155/2025-10-27/1761081037.json"
"515320","135490","2025-10-26","49.00","AUD","1761081037","66155/2025-10-26/1761081037.json"
"515320","135490","2025-10-28","49.00","AUD","1761081037","66155/2025-10-28/1761081037.json"
"515320","135490","2025-10-29","49.00","AUD","1761081037","66155/2025-10-29/1761081037.json"
"515320","135490","2025-10-30","49.00","AUD","1761081037","66155/2025-10-30/1761081037.json"
"515320","135490","2025-11-02","49.00","AUD","1761081037","66155/2025-11-02/1761081037.json"
"515320","135490","2025-11-03","49.00","AUD","1761081037","66155/2025-11-03/1761081037.json"
"515320","135490","2025-11-04","49.00","AUD","1761081037","66155/2025-11-04/1761081037.json"
"515320","135490","2025-11-05","49.00","AUD","1761081037","66155/2025-11-05/1761081037.json"
"515320","135490","2025-11-06","49.00","AUD","1761081037","66155/2025-11-06/1761081037.json"
"515320","135490","2025-11-10","49.00","AUD","1761081037","66155/2025-11-10/1761081037.json"
"515320","135490","2025-11-09","49.00","AUD","1761081037","66155/2025-11-09/1761081037.json"
"515320","135490","2025-11-11","49.00","AUD","1761081037","66155/2025-11-11/1761081037.json"
"515320","135490","2025-11-12","49.00","AUD","1761081037","66155/2025-11-12/1761081037.json"
"515320","135490","2025-11-13","49.00","AUD","1761081037","66155/2025-11-13/1761081037.json"
"515320","135490","2025-11-14","49.00","AUD","1761081037","66155/2025-11-14/1761081037.json"
"515320","135490","2025-11-16","49.00","AUD","1761081037","66155/2025-11-16/1761081037.json"
"515320","135490","2025-11-15","49.00","AUD","1761081037","66155/2025-11-15/1761081037.json"
"515320","135490","2025-11-17","49.00","AUD","1761081037","66155/2025-11-17/1761081037.json"
"515320","135490","2025-11-19","49.00","AUD","1761081037","66155/2025-11-19/1761081037.json"
"515320","135490","2025-11-18","49.00","AUD","1761081037","66155/2025-11-18/1761081037.json"
"515320","135490","2025-11-21","49.00","AUD","1761081037","66155/2025-11-21/1761081037.json"
"515320","135490","2025-11-22","49.00","AUD","1761081037","66155/2025-11-22/1761081037.json"
"515320","135490","2025-11-20","49.00","AUD","1761081037","66155/2025-11-20/1761081037.json"
"515320","135490","2025-11-24","49.00","AUD","1761081037","66155/2025-11-24/1761081037.json"
"515320","135490","2025-11-25","49.00","AUD","1761081037","66155/2025-11-25/1761081037.json"
"515320","135490","2025-11-23","49.00","AUD","1761081037","66155/2025-11-23/1761081037.json"
"515320","135490","2025-11-26","49.00","AUD","1761081037","66155/2025-11-26/1761081037.json"
"515320","135490","2025-11-28","49.00","AUD","1761081037","66155/2025-11-28/1761081037.json"
"515320","135490","2025-11-29","49.00","AUD","1761081037","66155/2025-11-29/1761081037.json"
"515320","135490","2025-11-27","49.00","AUD","1761081037","66155/2025-11-27/1761081037.json"
"515320","135490","2025-11-30","49.00","AUD","1761081037","66155/2025-11-30/1761081037.json"
"515320","135490","2025-12-02","49.00","AUD","1761081037","66155/2025-12-02/1761081037.json"
"515320","135490","2025-12-06","49.00","AUD","1761081037","66155/2025-12-06/1761081037.json"
"515320","135490","2025-12-05","49.00","AUD","1761081037","66155/2025-12-05/1761081037.json"
"515320","135490","2025-12-09","49.00","AUD","1761081037","66155/2025-12-09/1761081037.json"
"515320","135490","2025-12-12","49.00","AUD","1761081037","66155/2025-12-12/1761081037.json"
"515320","135490","2025-12-13","49.00","AUD","1761081037","66155/2025-12-13/1761081037.json"
"515320","135490","2025-12-16","49.00","AUD","1761081037","66155/2025-12-16/1761081037.json"
"515320","135490","2025-12-19","49.00","AUD","1761081037","66155/2025-12-19/1761081037.json"
"515320","135490","2025-12-20","49.00","AUD","1761081037","66155/2025-12-20/1761081037.json"
"515320","135490","2025-10-24","49.00","AUD","1761105692","66155/2025-10-24/1761105692.json"
"515320","135490","2025-10-22","49.00","AUD","1761105692","66155/2025-10-22/1761105692.json"
"515320","135490","2025-10-23","49.00","AUD","1761105692","66155/2025-10-23/1761105692.json"
"515320","135490","2025-10-25","49.00","AUD","1761105692","66155/2025-10-25/1761105692.json"
"515320","135490","2025-10-26","49.00","AUD","1761105692","66155/2025-10-26/1761105692.json"
"515320","135490","2025-10-27","49.00","AUD","1761105692","66155/2025-10-27/1761105692.json"
"515320","135490","2025-10-29","49.00","AUD","1761105692","66155/2025-10-29/1761105692.json"
"515320","135490","2025-10-28","49.00","AUD","1761105692","66155/2025-10-28/1761105692.json"
"515320","135490","2025-11-02","49.00","AUD","1761105692","66155/2025-11-02/1761105692.json"
"515320","135490","2025-10-30","49.00","AUD","1761105692","66155/2025-10-30/1761105692.json"
"515320","135490","2025-11-03","49.00","AUD","1761105692","66155/2025-11-03/1761105692.json"
"515320","135490","2025-11-04","49.00","AUD","1761105692","66155/2025-11-04/1761105692.json"
"515320","135490","2025-11-05","49.00","AUD","1761105692","66155/2025-11-05/1761105692.json"
"515320","135490","2025-11-06","49.00","AUD","1761105692","66155/2025-11-06/1761105692.json"
"515320","135490","2025-11-09","49.00","AUD","1761105692","66155/2025-11-09/1761105692.json"
"515320","135490","2025-11-10","49.00","AUD","1761105692","66155/2025-11-10/1761105692.json"
"515320","135490","2025-11-11","49.00","AUD","1761105692","66155/2025-11-11/1761105692.json"
"515320","135490","2025-11-14","49.00","AUD","1761105692","66155/2025-11-14/1761105692.json"
"515320","135490","2025-11-13","49.00","AUD","1761105692","66155/2025-11-13/1761105692.json"
"515320","135490","2025-11-12","49.00","AUD","1761105692","66155/2025-11-12/1761105692.json"
"515320","135490","2025-11-15","49.00","AUD","1761105692","66155/2025-11-15/1761105692.json"
"515320","135490","2025-11-16","49.00","AUD","1761105692","66155/2025-11-16/1761105692.json"
"515320","135490","2025-11-17","49.00","AUD","1761105692","66155/2025-11-17/1761105692.json"
"515320","135490","2025-11-18","49.00","AUD","1761105692","66155/2025-11-18/1761105692.json"
"515320","135490","2025-11-19","49.00","AUD","1761105692","66155/2025-11-19/1761105692.json"
"515320","135490","2025-11-21","49.00","AUD","1761105692","66155/2025-11-21/1761105692.json"
"515320","135490","2025-11-20","49.00","AUD","1761105692","66155/2025-11-20/1761105692.json"
"515320","135490","2025-11-22","49.00","AUD","1761105692","66155/2025-11-22/1761105692.json"
"515320","135490","2025-11-23","49.00","AUD","1761105692","66155/2025-11-23/1761105692.json"
"515320","135490","2025-11-25","49.00","AUD","1761105692","66155/2025-11-25/1761105692.json"
"515320","135490","2025-11-24","49.00","AUD","1761105692","66155/2025-11-24/1761105692.json"
"515320","135490","2025-11-27","49.00","AUD","1761105692","66155/2025-11-27/1761105692.json"
"515320","135490","2025-11-26","49.00","AUD","1761105692","66155/2025-11-26/1761105692.json"
"515320","135490","2025-11-28","49.00","AUD","1761105692","66155/2025-11-28/1761105692.json"
"515320","135490","2025-11-30","49.00","AUD","1761105692","66155/2025-11-30/1761105692.json"
"515320","135490","2025-11-29","49.00","AUD","1761105692","66155/2025-11-29/1761105692.json"
"515320","135490","2025-12-02","49.00","AUD","1761105692","66155/2025-12-02/1761105692.json"
"515320","135490","2025-12-05","49.00","AUD","1761105692","66155/2025-12-05/1761105692.json"
"515320","135490","2025-12-06","49.00","AUD","1761105692","66155/2025-12-06/1761105692.json"
"515320","135490","2025-12-09","49.00","AUD","1761105692","66155/2025-12-09/1761105692.json"
"515320","135490","2025-12-12","49.00","AUD","1761105692","66155/2025-12-12/1761105692.json"
"515320","135490","2025-12-13","49.00","AUD","1761105692","66155/2025-12-13/1761105692.json"
"515320","135490","2025-12-16","49.00","AUD","1761105692","66155/2025-12-16/1761105692.json"
"515320","135490","2025-12-21","49.00","AUD","1761105692","66155/2025-12-21/1761105692.json"
"515320","135490","2025-12-19","49.00","AUD","1761105692","66155/2025-12-19/1761105692.json"
"515320","135490","2025-12-20","49.00","AUD","1761105692","66155/2025-12-20/1761105692.json"
"515320","135490","2025-10-24","49.00","AUD","1761109873","66155/2025-10-24/1761109873.json"
"515320","135490","2025-10-25","49.00","AUD","1761109873","66155/2025-10-25/1761109873.json"
"515320","135490","2025-10-22","49.00","AUD","1761109873","66155/2025-10-22/1761109873.json"
"515320","135490","2025-10-23","49.00","AUD","1761109873","66155/2025-10-23/1761109873.json"
"515320","135490","2025-10-29","49.00","AUD","1761109873","66155/2025-10-29/1761109873.json"
"515320","135490","2025-10-26","49.00","AUD","1761109873","66155/2025-10-26/1761109873.json"
"515320","135490","2025-10-28","49.00","AUD","1761109873","66155/2025-10-28/1761109873.json"
"515320","135490","2025-10-27","49.00","AUD","1761109873","66155/2025-10-27/1761109873.json"
"515320","135490","2025-10-30","49.00","AUD","1761109873","66155/2025-10-30/1761109873.json"
"515320","135490","2025-11-02","49.00","AUD","1761109873","66155/2025-11-02/1761109873.json"
"515320","135490","2025-11-05","49.00","AUD","1761109873","66155/2025-11-05/1761109873.json"
"515320","135490","2025-11-04","49.00","AUD","1761109873","66155/2025-11-04/1761109873.json"
"515320","135490","2025-11-03","49.00","AUD","1761109873","66155/2025-11-03/1761109873.json"
"515320","135490","2025-11-06","49.00","AUD","1761109873","66155/2025-11-06/1761109873.json"
"515320","135490","2025-11-09","49.00","AUD","1761109873","66155/2025-11-09/1761109873.json"
"515320","135490","2025-11-10","49.00","AUD","1761109873","66155/2025-11-10/1761109873.json"
"515320","135490","2025-11-14","49.00","AUD","1761109873","66155/2025-11-14/1761109873.json"
"515320","135490","2025-11-12","49.00","AUD","1761109873","66155/2025-11-12/1761109873.json"
"515320","135490","2025-11-11","49.00","AUD","1761109873","66155/2025-11-11/1761109873.json"
"515320","135490","2025-11-13","49.00","AUD","1761109873","66155/2025-11-13/1761109873.json"
"515320","135490","2025-11-16","49.00","AUD","1761109873","66155/2025-11-16/1761109873.json"
"515320","135490","2025-11-18","49.00","AUD","1761109873","66155/2025-11-18/1761109873.json"
"515320","135490","2025-11-15","49.00","AUD","1761109873","66155/2025-11-15/1761109873.json"
"515320","135490","2025-11-17","49.00","AUD","1761109873","66155/2025-11-17/1761109873.json"
"515320","135490","2025-11-19","49.00","AUD","1761109873","66155/2025-11-19/1761109873.json"
"515320","135490","2025-11-21","49.00","AUD","1761109873","66155/2025-11-21/1761109873.json"
"515320","135490","2025-11-20","49.00","AUD","1761109873","66155/2025-11-20/1761109873.json"
"515320","135490","2025-11-22","49.00","AUD","1761109873","66155/2025-11-22/1761109873.json"
"515320","135490","2025-11-23","49.00","AUD","1761109873","66155/2025-11-23/1761109873.json"
"515320","135490","2025-11-24","49.00","AUD","1761109873","66155/2025-11-24/1761109873.json"
"515320","135490","2025-11-25","49.00","AUD","1761109873","66155/2025-11-25/1761109873.json"
"515320","135490","2025-11-26","49.00","AUD","1761109873","66155/2025-11-26/1761109873.json"
"515320","135490","2025-11-27","49.00","AUD","1761109873","66155/2025-11-27/1761109873.json"
"515320","135490","2025-11-28","49.00","AUD","1761109873","66155/2025-11-28/1761109873.json"
"515320","135490","2025-11-29","49.00","AUD","1761109873","66155/2025-11-29/1761109873.json"
"515320","135490","2025-11-30","49.00","AUD","1761109873","66155/2025-11-30/1761109873.json"
"515320","135490","2025-12-02","49.00","AUD","1761109873","66155/2025-12-02/1761109873.json"
"515320","135490","2025-12-05","49.00","AUD","1761109873","66155/2025-12-05/1761109873.json"
"515320","135490","2025-12-06","49.00","AUD","1761109873","66155/2025-12-06/1761109873.json"
"515320","135490","2025-12-09","49.00","AUD","1761109873","66155/2025-12-09/1761109873.json"
"515320","135490","2025-12-12","49.00","AUD","1761109873","66155/2025-12-12/1761109873.json"
"515320","135490","2025-12-13","49.00","AUD","1761109873","66155/2025-12-13/1761109873.json"
"515320","135490","2025-12-16","49.00","AUD","1761109873","66155/2025-12-16/1761109873.json"
"515320","135490","2025-12-19","49.00","AUD","1761109873","66155/2025-12-19/1761109873.json"
"515320","135490","2025-12-20","49.00","AUD","1761109873","66155/2025-12-20/1761109873.json"
"515320","135490","2025-12-21","49.00","AUD","1761109873","66155/2025-12-21/1761109873.json"
"515320","135490","2025-10-25","49.00","AUD","1761125104","66155/2025-10-25/1761125104.json"
"515320","135490","2025-10-22","49.00","AUD","1761125104","66155/2025-10-22/1761125104.json"
"515320","135490","2025-10-23","49.00","AUD","1761125104","66155/2025-10-23/1761125104.json"
"515320","135490","2025-10-26","49.00","AUD","1761125104","66155/2025-10-26/1761125104.json"
"515320","135490","2025-10-24","49.00","AUD","1761125104","66155/2025-10-24/1761125104.json"
"515320","135490","2025-10-28","49.00","AUD","1761125104","66155/2025-10-28/1761125104.json"
"515320","135490","2025-10-27","49.00","AUD","1761125104","66155/2025-10-27/1761125104.json"
"515320","135490","2025-10-29","49.00","AUD","1761125104","66155/2025-10-29/1761125104.json"
"515320","135490","2025-10-30","49.00","AUD","1761125104","66155/2025-10-30/1761125104.json"
"515320","135490","2025-11-02","49.00","AUD","1761125104","66155/2025-11-02/1761125104.json"
"515320","135490","2025-11-03","49.00","AUD","1761125104","66155/2025-11-03/1761125104.json"
"515320","135490","2025-11-04","49.00","AUD","1761125104","66155/2025-11-04/1761125104.json"
"515320","135490","2025-11-05","49.00","AUD","1761125104","66155/2025-11-05/1761125104.json"
"515320","135490","2025-11-06","49.00","AUD","1761125104","66155/2025-11-06/1761125104.json"
"515320","135490","2025-11-09","49.00","AUD","1761125104","66155/2025-11-09/1761125104.json"
"515320","135490","2025-11-10","49.00","AUD","1761125104","66155/2025-11-10/1761125104.json"
"515320","135490","2025-11-12","49.00","AUD","1761125104","66155/2025-11-12/1761125104.json"
"515320","135490","2025-11-13","49.00","AUD","1761125104","66155/2025-11-13/1761125104.json"
"515320","135490","2025-11-11","49.00","AUD","1761125104","66155/2025-11-11/1761125104.json"
"515320","135490","2025-11-15","49.00","AUD","1761125104","66155/2025-11-15/1761125104.json"
"515320","135490","2025-11-14","49.00","AUD","1761125104","66155/2025-11-14/1761125104.json"
"515320","135490","2025-11-16","49.00","AUD","1761125104","66155/2025-11-16/1761125104.json"
"515320","135490","2025-11-17","49.00","AUD","1761125104","66155/2025-11-17/1761125104.json"
"515320","135490","2025-11-19","49.00","AUD","1761125104","66155/2025-11-19/1761125104.json"
"515320","135490","2025-11-18","49.00","AUD","1761125104","66155/2025-11-18/1761125104.json"
"515320","135490","2025-11-20","49.00","AUD","1761125104","66155/2025-11-20/1761125104.json"
"515320","135490","2025-11-21","49.00","AUD","1761125104","66155/2025-11-21/1761125104.json"
"515320","135490","2025-11-23","49.00","AUD","1761125104","66155/2025-11-23/1761125104.json"
"515320","135490","2025-11-22","49.00","AUD","1761125104","66155/2025-11-22/1761125104.json"
"515320","135490","2025-11-24","49.00","AUD","1761125104","66155/2025-11-24/1761125104.json"
"515320","135490","2025-11-25","49.00","AUD","1761125104","66155/2025-11-25/1761125104.json"
"515320","135490","2025-11-26","49.00","AUD","1761125104","66155/2025-11-26/1761125104.json"
"515320","135490","2025-11-27","49.00","AUD","1761125104","66155/2025-11-27/1761125104.json"
"515320","135490","2025-11-28","49.00","AUD","1761125104","66155/2025-11-28/1761125104.json"
"515320","135490","2025-11-29","49.00","AUD","1761125104","66155/2025-11-29/1761125104.json"
"515320","135490","2025-12-02","49.00","AUD","1761125104","66155/2025-12-02/1761125104.json"
"515320","135490","2025-11-30","49.00","AUD","1761125104","66155/2025-11-30/1761125104.json"
"515320","135490","2025-12-05","49.00","AUD","1761125104","66155/2025-12-05/1761125104.json"
"515320","135490","2025-12-06","49.00","AUD","1761125104","66155/2025-12-06/1761125104.json"
"515320","135490","2025-12-09","49.00","AUD","1761125104","66155/2025-12-09/1761125104.json"
"515320","135490","2025-12-13","49.00","AUD","1761125104","66155/2025-12-13/1761125104.json"
"515320","135490","2025-12-12","49.00","AUD","1761125104","66155/2025-12-12/1761125104.json"
"515320","135490","2025-12-16","49.00","AUD","1761125104","66155/2025-12-16/1761125104.json"
"515320","135490","2025-12-19","49.00","AUD","1761125104","66155/2025-12-19/1761125104.json"
"515320","135490","2025-12-20","49.00","AUD","1761125104","66155/2025-12-20/1761125104.json"
"515320","135490","2025-12-21","49.00","AUD","1761125104","66155/2025-12-21/1761125104.json"
"515320","135490","2025-10-26","49.00","AUD","1761142542","66155/2025-10-26/1761142542.json"
"515320","135490","2025-10-25","49.00","AUD","1761142542","66155/2025-10-25/1761142542.json"
"515320","135490","2025-10-23","49.00","AUD","1761142542","66155/2025-10-23/1761142542.json"
"515320","135490","2025-10-24","49.00","AUD","1761142542","66155/2025-10-24/1761142542.json"
"515320","135490","2025-10-27","49.00","AUD","1761142542","66155/2025-10-27/1761142542.json"
"515320","135490","2025-10-30","49.00","AUD","1761142542","66155/2025-10-30/1761142542.json"
"515320","135490","2025-10-28","49.00","AUD","1761142542","66155/2025-10-28/1761142542.json"
"515320","135490","2025-10-29","49.00","AUD","1761142542","66155/2025-10-29/1761142542.json"
"515320","135490","2025-11-02","49.00","AUD","1761142542","66155/2025-11-02/1761142542.json"
"515320","135490","2025-11-03","49.00","AUD","1761142542","66155/2025-11-03/1761142542.json"
"515320","135490","2025-11-04","49.00","AUD","1761142542","66155/2025-11-04/1761142542.json"
"515320","135490","2025-11-05","49.00","AUD","1761142542","66155/2025-11-05/1761142542.json"
"515320","135490","2025-11-06","49.00","AUD","1761142542","66155/2025-11-06/1761142542.json"
"515320","135490","2025-11-10","49.00","AUD","1761142542","66155/2025-11-10/1761142542.json"
"515320","135490","2025-11-09","49.00","AUD","1761142542","66155/2025-11-09/1761142542.json"
"515320","135490","2025-11-12","49.00","AUD","1761142542","66155/2025-11-12/1761142542.json"
"515320","135490","2025-11-11","49.00","AUD","1761142542","66155/2025-11-11/1761142542.json"
"515320","135490","2025-11-14","49.00","AUD","1761142542","66155/2025-11-14/1761142542.json"
"515320","135490","2025-11-13","49.00","AUD","1761142542","66155/2025-11-13/1761142542.json"
"515320","135490","2025-11-15","49.00","AUD","1761142542","66155/2025-11-15/1761142542.json"
"515320","135490","2025-11-17","49.00","AUD","1761142542","66155/2025-11-17/1761142542.json"
"515320","135490","2025-11-18","49.00","AUD","1761142542","66155/2025-11-18/1761142542.json"
"515320","135490","2025-11-16","49.00","AUD","1761142542","66155/2025-11-16/1761142542.json"
"515320","135490","2025-11-19","49.00","AUD","1761142542","66155/2025-11-19/1761142542.json"
"515320","135490","2025-11-20","49.00","AUD","1761142542","66155/2025-11-20/1761142542.json"
"515320","135490","2025-11-21","49.00","AUD","1761142542","66155/2025-11-21/1761142542.json"
"515320","135490","2025-11-22","49.00","AUD","1761142542","66155/2025-11-22/1761142542.json"
"515320","135490","2025-11-24","49.00","AUD","1761142542","66155/2025-11-24/1761142542.json"
"515320","135490","2025-11-25","49.00","AUD","1761142542","66155/2025-11-25/1761142542.json"
"515320","135490","2025-11-23","49.00","AUD","1761142542","66155/2025-11-23/1761142542.json"
"515320","135490","2025-11-26","49.00","AUD","1761142542","66155/2025-11-26/1761142542.json"
"515320","135490","2025-11-27","49.00","AUD","1761142542","66155/2025-11-27/1761142542.json"
"515320","135490","2025-11-28","49.00","AUD","1761142542","66155/2025-11-28/1761142542.json"
"515320","135490","2025-11-29","49.00","AUD","1761142542","66155/2025-11-29/1761142542.json"
"515320","135490","2025-11-30","49.00","AUD","1761142542","66155/2025-11-30/1761142542.json"
"515320","135490","2025-12-02","49.00","AUD","1761142542","66155/2025-12-02/1761142542.json"
"515320","135490","2025-12-06","49.00","AUD","1761142542","66155/2025-12-06/1761142542.json"
"515320","135490","2025-12-05","49.00","AUD","1761142542","66155/2025-12-05/1761142542.json"
"515320","135490","2025-12-09","49.00","AUD","1761142542","66155/2025-12-09/1761142542.json"
"515320","135490","2025-12-13","49.00","AUD","1761142542","66155/2025-12-13/1761142542.json"
"515320","135490","2025-12-12","49.00","AUD","1761142542","66155/2025-12-12/1761142542.json"
"515320","135490","2025-12-16","49.00","AUD","1761142542","66155/2025-12-16/1761142542.json"
"515320","135490","2025-12-19","49.00","AUD","1761142542","66155/2025-12-19/1761142542.json"
"515320","135490","2025-12-20","49.00","AUD","1761142542","66155/2025-12-20/1761142542.json"
"515320","135490","2025-12-21","49.00","AUD","1761142542","66155/2025-12-21/1761142542.json"
"515320","135490","2025-10-24","49.00","AUD","1761153775","66155/2025-10-24/1761153775.json"
"515320","135490","2025-10-23","49.00","AUD","1761153775","66155/2025-10-23/1761153775.json"
"515320","135490","2025-10-26","49.00","AUD","1761153775","66155/2025-10-26/1761153775.json"
"515320","135490","2025-10-25","49.00","AUD","1761153775","66155/2025-10-25/1761153775.json"
"515320","135490","2025-10-28","49.00","AUD","1761153775","66155/2025-10-28/1761153775.json"
"515320","135490","2025-10-27","49.00","AUD","1761153775","66155/2025-10-27/1761153775.json"
"515320","135490","2025-10-29","49.00","AUD","1761153775","66155/2025-10-29/1761153775.json"
"515320","135490","2025-10-30","49.00","AUD","1761153775","66155/2025-10-30/1761153775.json"
"515320","135490","2025-11-02","49.00","AUD","1761153775","66155/2025-11-02/1761153775.json"
"515320","135490","2025-11-03","49.00","AUD","1761153775","66155/2025-11-03/1761153775.json"
"515320","135490","2025-11-04","49.00","AUD","1761153775","66155/2025-11-04/1761153775.json"
"515320","135490","2025-11-05","49.00","AUD","1761153775","66155/2025-11-05/1761153775.json"
"515320","135490","2025-11-06","49.00","AUD","1761153775","66155/2025-11-06/1761153775.json"
"515320","135490","2025-11-09","49.00","AUD","1761153775","66155/2025-11-09/1761153775.json"
"515320","135490","2025-11-11","49.00","AUD","1761153775","66155/2025-11-11/1761153775.json"
"515320","135490","2025-11-10","49.00","AUD","1761153775","66155/2025-11-10/1761153775.json"
"515320","135490","2025-11-13","49.00","AUD","1761153775","66155/2025-11-13/1761153775.json"
"515320","135490","2025-11-12","49.00","AUD","1761153775","66155/2025-11-12/1761153775.json"
"515320","135490","2025-11-14","49.00","AUD","1761153775","66155/2025-11-14/1761153775.json"
"515320","135490","2025-11-16","49.00","AUD","1761153775","66155/2025-11-16/1761153775.json"
"515320","135490","2025-11-15","49.00","AUD","1761153775","66155/2025-11-15/1761153775.json"
"515320","135490","2025-11-17","49.00","AUD","1761153775","66155/2025-11-17/1761153775.json"
"515320","135490","2025-11-20","49.00","AUD","1761153775","66155/2025-11-20/1761153775.json"
"515320","135490","2025-11-19","49.00","AUD","1761153775","66155/2025-11-19/1761153775.json"
"515320","135490","2025-11-21","49.00","AUD","1761153775","66155/2025-11-21/1761153775.json"
"515320","135490","2025-11-18","49.00","AUD","1761153775","66155/2025-11-18/1761153775.json"
"515320","135490","2025-11-25","49.00","AUD","1761153775","66155/2025-11-25/1761153775.json"
"515320","135490","2025-11-22","49.00","AUD","1761153775","66155/2025-11-22/1761153775.json"
"515320","135490","2025-11-24","49.00","AUD","1761153775","66155/2025-11-24/1761153775.json"
"515320","135490","2025-11-23","49.00","AUD","1761153775","66155/2025-11-23/1761153775.json"
"515320","135490","2025-11-26","49.00","AUD","1761153775","66155/2025-11-26/1761153775.json"
"515320","135490","2025-11-27","49.00","AUD","1761153775","66155/2025-11-27/1761153775.json"
"515320","135490","2025-11-28","49.00","AUD","1761153775","66155/2025-11-28/1761153775.json"
"515320","135490","2025-11-29","49.00","AUD","1761153775","66155/2025-11-29/1761153775.json"
"515320","135490","2025-11-30","49.00","AUD","1761153775","66155/2025-11-30/1761153775.json"
"515320","135490","2025-12-02","49.00","AUD","1761153775","66155/2025-12-02/1761153775.json"
"515320","135490","2025-12-05","49.00","AUD","1761153775","66155/2025-12-05/1761153775.json"
"515320","135490","2025-12-06","49.00","AUD","1761153775","66155/2025-12-06/1761153775.json"
"515320","135490","2025-12-09","49.00","AUD","1761153775","66155/2025-12-09/1761153775.json"
"515320","135490","2025-12-12","49.00","AUD","1761153775","66155/2025-12-12/1761153775.json"
"515320","135490","2025-12-13","49.00","AUD","1761153775","66155/2025-12-13/1761153775.json"
"515320","135490","2025-12-16","49.00","AUD","1761153775","66155/2025-12-16/1761153775.json"
"515320","135490","2025-12-19","49.00","AUD","1761153775","66155/2025-12-19/1761153775.json"
"515320","135490","2025-12-21","49.00","AUD","1761153775","66155/2025-12-21/1761153775.json"
"515320","135490","2025-12-20","49.00","AUD","1761153775","66155/2025-12-20/1761153775.json"
"515320","135490","2025-10-24","49.00","AUD","1761167131","66155/2025-10-24/1761167131.json"
"515320","135490","2025-10-23","49.00","AUD","1761167131","66155/2025-10-23/1761167131.json"
"515320","135490","2025-10-25","49.00","AUD","1761167131","66155/2025-10-25/1761167131.json"
"515320","135490","2025-10-26","49.00","AUD","1761167131","66155/2025-10-26/1761167131.json"
"515320","135490","2025-10-27","49.00","AUD","1761167131","66155/2025-10-27/1761167131.json"
"515320","135490","2025-10-29","49.00","AUD","1761167131","66155/2025-10-29/1761167131.json"
"515320","135490","2025-10-28","49.00","AUD","1761167131","66155/2025-10-28/1761167131.json"
"515320","135490","2025-10-30","49.00","AUD","1761167131","66155/2025-10-30/1761167131.json"
"515320","135490","2025-11-02","49.00","AUD","1761167131","66155/2025-11-02/1761167131.json"
"515320","135490","2025-11-03","49.00","AUD","1761167131","66155/2025-11-03/1761167131.json"
"515320","135490","2025-11-06","49.00","AUD","1761167131","66155/2025-11-06/1761167131.json"
"515320","135490","2025-11-04","49.00","AUD","1761167131","66155/2025-11-04/1761167131.json"
"515320","135490","2025-11-05","49.00","AUD","1761167131","66155/2025-11-05/1761167131.json"
"515320","135490","2025-11-09","49.00","AUD","1761167131","66155/2025-11-09/1761167131.json"
"515320","135490","2025-11-10","49.00","AUD","1761167131","66155/2025-11-10/1761167131.json"
"515320","135490","2025-11-11","49.00","AUD","1761167131","66155/2025-11-11/1761167131.json"
"515320","135490","2025-11-12","49.00","AUD","1761167131","66155/2025-11-12/1761167131.json"
"515320","135490","2025-11-13","49.00","AUD","1761167131","66155/2025-11-13/1761167131.json"
"515320","135490","2025-11-14","49.00","AUD","1761167131","66155/2025-11-14/1761167131.json"
"515320","135490","2025-11-16","49.00","AUD","1761167131","66155/2025-11-16/1761167131.json"
"515320","135490","2025-11-18","49.00","AUD","1761167131","66155/2025-11-18/1761167131.json"
"515320","135490","2025-11-15","49.00","AUD","1761167131","66155/2025-11-15/1761167131.json"
"515320","135490","2025-11-17","49.00","AUD","1761167131","66155/2025-11-17/1761167131.json"
"515320","135490","2025-11-19","49.00","AUD","1761167131","66155/2025-11-19/1761167131.json"
"515320","135490","2025-11-22","49.00","AUD","1761167131","66155/2025-11-22/1761167131.json"
"515320","135490","2025-11-21","49.00","AUD","1761167131","66155/2025-11-21/1761167131.json"
"515320","135490","2025-11-20","49.00","AUD","1761167131","66155/2025-11-20/1761167131.json"
"515320","135490","2025-11-23","49.00","AUD","1761167131","66155/2025-11-23/1761167131.json"
"515320","135490","2025-11-24","49.00","AUD","1761167131","66155/2025-11-24/1761167131.json"
"515320","135490","2025-11-26","49.00","AUD","1761167131","66155/2025-11-26/1761167131.json"
"515320","135490","2025-11-25","49.00","AUD","1761167131","66155/2025-11-25/1761167131.json"
"515320","135490","2025-11-28","49.00","AUD","1761167131","66155/2025-11-28/1761167131.json"
"515320","135490","2025-11-27","49.00","AUD","1761167131","66155/2025-11-27/1761167131.json"
"515320","135490","2025-11-29","49.00","AUD","1761167131","66155/2025-11-29/1761167131.json"
"515320","135490","2025-11-30","49.00","AUD","1761167131","66155/2025-11-30/1761167131.json"
"515320","135490","2025-12-02","49.00","AUD","1761167131","66155/2025-12-02/1761167131.json"
"515320","135490","2025-12-05","49.00","AUD","1761167131","66155/2025-12-05/1761167131.json"
"515320","135490","2025-12-06","49.00","AUD","1761167131","66155/2025-12-06/1761167131.json"
"515320","135490","2025-12-09","49.00","AUD","1761167131","66155/2025-12-09/1761167131.json"
"515320","135490","2025-12-12","49.00","AUD","1761167131","66155/2025-12-12/1761167131.json"
"515320","135490","2025-12-13","49.00","AUD","1761167131","66155/2025-12-13/1761167131.json"
"515320","135490","2025-12-16","49.00","AUD","1761167131","66155/2025-12-16/1761167131.json"
"515320","135490","2025-12-19","49.00","AUD","1761167131","66155/2025-12-19/1761167131.json"
"515320","135490","2025-12-20","49.00","AUD","1761167131","66155/2025-12-20/1761167131.json"
"515320","135490","2025-12-21","49.00","AUD","1761167131","66155/2025-12-21/1761167131.json"
"515320","135490","2025-10-26","49.00","AUD","1761190909","66155/2025-10-26/1761190909.json"
"515320","135490","2025-10-23","49.00","AUD","1761190909","66155/2025-10-23/1761190909.json"
"515320","135490","2025-10-25","49.00","AUD","1761190909","66155/2025-10-25/1761190909.json"
"515320","135490","2025-10-24","49.00","AUD","1761190909","66155/2025-10-24/1761190909.json"
"515320","135490","2025-10-30","49.00","AUD","1761190909","66155/2025-10-30/1761190909.json"
"515320","135490","2025-10-29","49.00","AUD","1761190909","66155/2025-10-29/1761190909.json"
"515320","135490","2025-10-28","49.00","AUD","1761190909","66155/2025-10-28/1761190909.json"
"515320","135490","2025-10-27","49.00","AUD","1761190909","66155/2025-10-27/1761190909.json"
"515320","135490","2025-11-02","49.00","AUD","1761190909","66155/2025-11-02/1761190909.json"
"515320","135490","2025-11-03","49.00","AUD","1761190909","66155/2025-11-03/1761190909.json"
"515320","135490","2025-11-04","49.00","AUD","1761190909","66155/2025-11-04/1761190909.json"
"515320","135490","2025-11-05","49.00","AUD","1761190909","66155/2025-11-05/1761190909.json"
"515320","135490","2025-11-06","49.00","AUD","1761190909","66155/2025-11-06/1761190909.json"
"515320","135490","2025-11-09","49.00","AUD","1761190909","66155/2025-11-09/1761190909.json"
"515320","135490","2025-11-11","49.00","AUD","1761190909","66155/2025-11-11/1761190909.json"
"515320","135490","2025-11-10","49.00","AUD","1761190909","66155/2025-11-10/1761190909.json"
"515320","135490","2025-11-13","49.00","AUD","1761190909","66155/2025-11-13/1761190909.json"
"515320","135490","2025-11-15","49.00","AUD","1761190909","66155/2025-11-15/1761190909.json"
"515320","135490","2025-11-14","49.00","AUD","1761190909","66155/2025-11-14/1761190909.json"
"515320","135490","2025-11-16","49.00","AUD","1761190909","66155/2025-11-16/1761190909.json"
"515320","135490","2025-11-17","49.00","AUD","1761190909","66155/2025-11-17/1761190909.json"
"515320","135490","2025-11-18","49.00","AUD","1761190909","66155/2025-11-18/1761190909.json"
"515320","135490","2025-11-19","49.00","AUD","1761190909","66155/2025-11-19/1761190909.json"
"515320","135490","2025-11-20","49.00","AUD","1761190909","66155/2025-11-20/1761190909.json"
"515320","135490","2025-11-21","49.00","AUD","1761190909","66155/2025-11-21/1761190909.json"
"515320","135490","2025-11-23","49.00","AUD","1761190909","66155/2025-11-23/1761190909.json"
"515320","135490","2025-11-22","49.00","AUD","1761190909","66155/2025-11-22/1761190909.json"
"515320","135490","2025-11-24","49.00","AUD","1761190909","66155/2025-11-24/1761190909.json"
"515320","135490","2025-11-12","49.00","AUD","1761190909","66155/2025-11-12/1761190909.json"
"515320","135490","2025-11-26","49.00","AUD","1761190909","66155/2025-11-26/1761190909.json"
"515320","135490","2025-11-25","49.00","AUD","1761190909","66155/2025-11-25/1761190909.json"
"515320","135490","2025-11-27","49.00","AUD","1761190909","66155/2025-11-27/1761190909.json"
"515320","135490","2025-11-28","49.00","AUD","1761190909","66155/2025-11-28/1761190909.json"
"515320","135490","2025-11-29","49.00","AUD","1761190909","66155/2025-11-29/1761190909.json"
"515320","135490","2025-11-30","49.00","AUD","1761190909","66155/2025-11-30/1761190909.json"
"515320","135490","2025-12-05","49.00","AUD","1761190909","66155/2025-12-05/1761190909.json"
"515320","135490","2025-12-02","49.00","AUD","1761190909","66155/2025-12-02/1761190909.json"
"515320","135490","2025-12-06","49.00","AUD","1761190909","66155/2025-12-06/1761190909.json"
"515320","135490","2025-12-09","49.00","AUD","1761190909","66155/2025-12-09/1761190909.json"
"515320","135490","2025-12-12","49.00","AUD","1761190909","66155/2025-12-12/1761190909.json"
"515320","135490","2025-12-13","49.00","AUD","1761190909","66155/2025-12-13/1761190909.json"
"515320","135490","2025-12-16","49.00","AUD","1761190909","66155/2025-12-16/1761190909.json"
"515320","135490","2025-12-19","49.00","AUD","1761190909","66155/2025-12-19/1761190909.json"
"515320","135490","2025-12-20","49.00","AUD","1761190909","66155/2025-12-20/1761190909.json"
"515320","135490","2025-12-22","49.00","AUD","1761190909","66155/2025-12-22/1761190909.json"
"515320","135490","2025-12-21","49.00","AUD","1761190909","66155/2025-12-21/1761190909.json"
"515320","135490","2025-10-25","49.00","AUD","1761196347","66155/2025-10-25/1761196347.json"
"515320","135490","2025-10-26","49.00","AUD","1761196347","66155/2025-10-26/1761196347.json"
"515320","135490","2025-10-23","49.00","AUD","1761196347","66155/2025-10-23/1761196347.json"
"515320","135490","2025-10-24","49.00","AUD","1761196347","66155/2025-10-24/1761196347.json"
"515320","135490","2025-10-29","49.00","AUD","1761196347","66155/2025-10-29/1761196347.json"
"515320","135490","2025-10-27","49.00","AUD","1761196347","66155/2025-10-27/1761196347.json"
"515320","135490","2025-10-28","49.00","AUD","1761196347","66155/2025-10-28/1761196347.json"
"515320","135490","2025-10-30","49.00","AUD","1761196347","66155/2025-10-30/1761196347.json"
"515320","135490","2025-11-02","49.00","AUD","1761196347","66155/2025-11-02/1761196347.json"
"515320","135490","2025-11-03","49.00","AUD","1761196347","66155/2025-11-03/1761196347.json"
"515320","135490","2025-11-04","49.00","AUD","1761196347","66155/2025-11-04/1761196347.json"
"515320","135490","2025-11-06","49.00","AUD","1761196347","66155/2025-11-06/1761196347.json"
"515320","135490","2025-11-05","49.00","AUD","1761196347","66155/2025-11-05/1761196347.json"
"515320","135490","2025-11-10","49.00","AUD","1761196347","66155/2025-11-10/1761196347.json"
"515320","135490","2025-11-12","49.00","AUD","1761196347","66155/2025-11-12/1761196347.json"
"515320","135490","2025-11-11","49.00","AUD","1761196347","66155/2025-11-11/1761196347.json"
"515320","135490","2025-11-09","49.00","AUD","1761196347","66155/2025-11-09/1761196347.json"
"515320","135490","2025-11-13","49.00","AUD","1761196347","66155/2025-11-13/1761196347.json"
"515320","135490","2025-11-14","49.00","AUD","1761196347","66155/2025-11-14/1761196347.json"
"515320","135490","2025-11-15","49.00","AUD","1761196347","66155/2025-11-15/1761196347.json"
"515320","135490","2025-11-16","49.00","AUD","1761196347","66155/2025-11-16/1761196347.json"
"515320","135490","2025-11-17","49.00","AUD","1761196347","66155/2025-11-17/1761196347.json"
"515320","135490","2025-11-19","49.00","AUD","1761196347","66155/2025-11-19/1761196347.json"
"515320","135490","2025-11-20","49.00","AUD","1761196347","66155/2025-11-20/1761196347.json"
"515320","135490","2025-11-18","49.00","AUD","1761196347","66155/2025-11-18/1761196347.json"
"515320","135490","2025-11-22","49.00","AUD","1761196347","66155/2025-11-22/1761196347.json"
"515320","135490","2025-11-24","49.00","AUD","1761196347","66155/2025-11-24/1761196347.json"
"515320","135490","2025-11-23","49.00","AUD","1761196347","66155/2025-11-23/1761196347.json"
"515320","135490","2025-11-21","49.00","AUD","1761196347","66155/2025-11-21/1761196347.json"
"515320","135490","2025-11-25","49.00","AUD","1761196347","66155/2025-11-25/1761196347.json"
"515320","135490","2025-11-27","49.00","AUD","1761196347","66155/2025-11-27/1761196347.json"
"515320","135490","2025-11-28","49.00","AUD","1761196347","66155/2025-11-28/1761196347.json"
"515320","135490","2025-11-26","49.00","AUD","1761196347","66155/2025-11-26/1761196347.json"
"515320","135490","2025-11-29","49.00","AUD","1761196347","66155/2025-11-29/1761196347.json"
"515320","135490","2025-11-30","49.00","AUD","1761196347","66155/2025-11-30/1761196347.json"
"515320","135490","2025-12-02","49.00","AUD","1761196347","66155/2025-12-02/1761196347.json"
"515320","135490","2025-12-05","49.00","AUD","1761196347","66155/2025-12-05/1761196347.json"
"515320","135490","2025-12-06","49.00","AUD","1761196347","66155/2025-12-06/1761196347.json"
"515320","135490","2025-12-09","49.00","AUD","1761196347","66155/2025-12-09/1761196347.json"
"515320","135490","2025-12-13","49.00","AUD","1761196347","66155/2025-12-13/1761196347.json"
"515320","135490","2025-12-12","49.00","AUD","1761196347","66155/2025-12-12/1761196347.json"
"515320","135490","2025-12-16","49.00","AUD","1761196347","66155/2025-12-16/1761196347.json"
"515320","135490","2025-12-19","49.00","AUD","1761196347","66155/2025-12-19/1761196347.json"
"515320","135490","2025-12-20","49.00","AUD","1761196347","66155/2025-12-20/1761196347.json"
"515320","135490","2025-12-21","49.00","AUD","1761196347","66155/2025-12-21/1761196347.json"
"515320","135490","2025-12-22","49.00","AUD","1761196347","66155/2025-12-22/1761196347.json"
"515320","135490","2025-10-25","49.00","AUD","1761211424","66155/2025-10-25/1761211424.json"
"515320","135490","2025-10-24","49.00","AUD","1761211424","66155/2025-10-24/1761211424.json"
"515320","135490","2025-10-26","49.00","AUD","1761211424","66155/2025-10-26/1761211424.json"
"515320","135490","2025-10-23","49.00","AUD","1761211424","66155/2025-10-23/1761211424.json"
"515320","135490","2025-10-30","49.00","AUD","1761211424","66155/2025-10-30/1761211424.json"
"515320","135490","2025-10-28","49.00","AUD","1761211424","66155/2025-10-28/1761211424.json"
"515320","135490","2025-10-29","49.00","AUD","1761211424","66155/2025-10-29/1761211424.json"
"515320","135490","2025-10-27","49.00","AUD","1761211424","66155/2025-10-27/1761211424.json"
"515320","135490","2025-11-02","49.00","AUD","1761211424","66155/2025-11-02/1761211424.json"
"515320","135490","2025-11-03","49.00","AUD","1761211424","66155/2025-11-03/1761211424.json"
"515320","135490","2025-11-05","49.00","AUD","1761211424","66155/2025-11-05/1761211424.json"
"515320","135490","2025-11-04","49.00","AUD","1761211424","66155/2025-11-04/1761211424.json"
"515320","135490","2025-11-06","49.00","AUD","1761211424","66155/2025-11-06/1761211424.json"
"515320","135490","2025-11-09","49.00","AUD","1761211424","66155/2025-11-09/1761211424.json"
"515320","135490","2025-11-11","49.00","AUD","1761211424","66155/2025-11-11/1761211424.json"
"515320","135490","2025-11-10","49.00","AUD","1761211424","66155/2025-11-10/1761211424.json"
"515320","135490","2025-11-12","49.00","AUD","1761211424","66155/2025-11-12/1761211424.json"
"515320","135490","2025-11-13","49.00","AUD","1761211424","66155/2025-11-13/1761211424.json"
"515320","135490","2025-11-14","49.00","AUD","1761211424","66155/2025-11-14/1761211424.json"
"515320","135490","2025-11-15","49.00","AUD","1761211424","66155/2025-11-15/1761211424.json"
"515320","135490","2025-11-16","49.00","AUD","1761211424","66155/2025-11-16/1761211424.json"
"515320","135490","2025-11-17","49.00","AUD","1761211424","66155/2025-11-17/1761211424.json"
"515320","135490","2025-11-18","49.00","AUD","1761211424","66155/2025-11-18/1761211424.json"
"515320","135490","2025-11-19","49.00","AUD","1761211424","66155/2025-11-19/1761211424.json"
"515320","135490","2025-11-20","49.00","AUD","1761211424","66155/2025-11-20/1761211424.json"
"515320","135490","2025-11-22","49.00","AUD","1761211424","66155/2025-11-22/1761211424.json"
"515320","135490","2025-11-21","49.00","AUD","1761211424","66155/2025-11-21/1761211424.json"
"515320","135490","2025-11-23","49.00","AUD","1761211424","66155/2025-11-23/1761211424.json"
"515320","135490","2025-11-24","49.00","AUD","1761211424","66155/2025-11-24/1761211424.json"
"515320","135490","2025-11-25","49.00","AUD","1761211424","66155/2025-11-25/1761211424.json"
"515320","135490","2025-11-26","49.00","AUD","1761211424","66155/2025-11-26/1761211424.json"
"515320","135490","2025-11-29","49.00","AUD","1761211424","66155/2025-11-29/1761211424.json"
"515320","135490","2025-11-27","49.00","AUD","1761211424","66155/2025-11-27/1761211424.json"
"515320","135490","2025-11-28","49.00","AUD","1761211424","66155/2025-11-28/1761211424.json"
"515320","135490","2025-12-02","49.00","AUD","1761211424","66155/2025-12-02/1761211424.json"
"515320","135490","2025-12-05","49.00","AUD","1761211424","66155/2025-12-05/1761211424.json"
"515320","135490","2025-12-06","49.00","AUD","1761211424","66155/2025-12-06/1761211424.json"
"515320","135490","2025-12-09","49.00","AUD","1761211424","66155/2025-12-09/1761211424.json"
"515320","135490","2025-12-12","49.00","AUD","1761211424","66155/2025-12-12/1761211424.json"
"515320","135490","2025-12-13","49.00","AUD","1761211424","66155/2025-12-13/1761211424.json"
"515320","135490","2025-12-16","49.00","AUD","1761211424","66155/2025-12-16/1761211424.json"
"515320","135490","2025-12-19","49.00","AUD","1761211424","66155/2025-12-19/1761211424.json"
"515320","135490","2025-12-20","49.00","AUD","1761211424","66155/2025-12-20/1761211424.json"
"515320","135490","2025-12-21","49.00","AUD","1761211424","66155/2025-12-21/1761211424.json"
"515320","135490","2025-12-22","49.00","AUD","1761211424","66155/2025-12-22/1761211424.json"
"515320","135490","2025-10-25","49.00","AUD","1761228640","66155/2025-10-25/1761228640.json"
"515320","135490","2025-10-24","49.00","AUD","1761228640","66155/2025-10-24/1761228640.json"
"515320","135490","2025-10-27","49.00","AUD","1761228640","66155/2025-10-27/1761228640.json"
"515320","135490","2025-10-26","49.00","AUD","1761228640","66155/2025-10-26/1761228640.json"
"515320","135490","2025-10-29","49.00","AUD","1761228640","66155/2025-10-29/1761228640.json"
"515320","135490","2025-10-28","49.00","AUD","1761228640","66155/2025-10-28/1761228640.json"
"515320","135490","2025-10-30","49.00","AUD","1761228640","66155/2025-10-30/1761228640.json"
"515320","135490","2025-11-02","49.00","AUD","1761228640","66155/2025-11-02/1761228640.json"
"515320","135490","2025-11-03","49.00","AUD","1761228640","66155/2025-11-03/1761228640.json"
"515320","135490","2025-11-05","49.00","AUD","1761228640","66155/2025-11-05/1761228640.json"
"515320","135490","2025-11-06","49.00","AUD","1761228640","66155/2025-11-06/1761228640.json"
"515320","135490","2025-11-04","49.00","AUD","1761228640","66155/2025-11-04/1761228640.json"
"515320","135490","2025-11-09","49.00","AUD","1761228640","66155/2025-11-09/1761228640.json"
"515320","135490","2025-11-10","49.00","AUD","1761228640","66155/2025-11-10/1761228640.json"
"515320","135490","2025-11-11","49.00","AUD","1761228640","66155/2025-11-11/1761228640.json"
"515320","135490","2025-11-12","49.00","AUD","1761228640","66155/2025-11-12/1761228640.json"
"515320","135490","2025-11-13","49.00","AUD","1761228640","66155/2025-11-13/1761228640.json"
"515320","135490","2025-11-14","49.00","AUD","1761228640","66155/2025-11-14/1761228640.json"
"515320","135490","2025-11-15","49.00","AUD","1761228640","66155/2025-11-15/1761228640.json"
"515320","135490","2025-11-16","49.00","AUD","1761228640","66155/2025-11-16/1761228640.json"
"515320","135490","2025-11-17","49.00","AUD","1761228640","66155/2025-11-17/1761228640.json"
"515320","135490","2025-11-18","49.00","AUD","1761228640","66155/2025-11-18/1761228640.json"
"515320","135490","2025-11-19","49.00","AUD","1761228640","66155/2025-11-19/1761228640.json"
"515320","135490","2025-11-20","49.00","AUD","1761228640","66155/2025-11-20/1761228640.json"
"515320","135490","2025-11-21","49.00","AUD","1761228640","66155/2025-11-21/1761228640.json"
"515320","135490","2025-11-22","49.00","AUD","1761228640","66155/2025-11-22/1761228640.json"
"515320","135490","2025-11-24","49.00","AUD","1761228640","66155/2025-11-24/1761228640.json"
"515320","135490","2025-11-23","49.00","AUD","1761228640","66155/2025-11-23/1761228640.json"
"515320","135490","2025-11-25","49.00","AUD","1761228640","66155/2025-11-25/1761228640.json"
"515320","135490","2025-11-26","49.00","AUD","1761228640","66155/2025-11-26/1761228640.json"
"515320","135490","2025-11-27","49.00","AUD","1761228640","66155/2025-11-27/1761228640.json"
"515320","135490","2025-11-28","49.00","AUD","1761228640","66155/2025-11-28/1761228640.json"
"515320","135490","2025-11-29","49.00","AUD","1761228640","66155/2025-11-29/1761228640.json"
"515320","135490","2025-12-02","49.00","AUD","1761228640","66155/2025-12-02/1761228640.json"
"515320","135490","2025-12-05","49.00","AUD","1761228640","66155/2025-12-05/1761228640.json"
"515320","135490","2025-12-06","49.00","AUD","1761228640","66155/2025-12-06/1761228640.json"
"515320","135490","2025-12-09","49.00","AUD","1761228640","66155/2025-12-09/1761228640.json"
"515320","135490","2025-12-13","49.00","AUD","1761228640","66155/2025-12-13/1761228640.json"
"515320","135490","2025-12-12","49.00","AUD","1761228640","66155/2025-12-12/1761228640.json"
"515320","135490","2025-12-16","49.00","AUD","1761228640","66155/2025-12-16/1761228640.json"
"515320","135490","2025-12-19","49.00","AUD","1761228640","66155/2025-12-19/1761228640.json"
"515320","135490","2025-12-20","49.00","AUD","1761228640","66155/2025-12-20/1761228640.json"
"515320","135490","2025-12-22","49.00","AUD","1761228640","66155/2025-12-22/1761228640.json"
"515320","135490","2025-12-21","49.00","AUD","1761228640","66155/2025-12-21/1761228640.json"
"515320","135490","2025-10-24","49.00","AUD","1761240181","66155/2025-10-24/1761240181.json"
"515320","135490","2025-10-26","49.00","AUD","1761240181","66155/2025-10-26/1761240181.json"
"515320","135490","2025-10-25","49.00","AUD","1761240181","66155/2025-10-25/1761240181.json"
"515320","135490","2025-10-27","49.00","AUD","1761240181","66155/2025-10-27/1761240181.json"
"515320","135490","2025-10-28","49.00","AUD","1761240181","66155/2025-10-28/1761240181.json"
"515320","135490","2025-10-30","49.00","AUD","1761240181","66155/2025-10-30/1761240181.json"
"515320","135490","2025-10-29","49.00","AUD","1761240181","66155/2025-10-29/1761240181.json"
"515320","135490","2025-11-02","49.00","AUD","1761240181","66155/2025-11-02/1761240181.json"
"515320","135490","2025-11-04","49.00","AUD","1761240181","66155/2025-11-04/1761240181.json"
"515320","135490","2025-11-05","49.00","AUD","1761240181","66155/2025-11-05/1761240181.json"
"515320","135490","2025-11-03","49.00","AUD","1761240181","66155/2025-11-03/1761240181.json"
"515320","135490","2025-11-09","49.00","AUD","1761240181","66155/2025-11-09/1761240181.json"
"515320","135490","2025-11-06","49.00","AUD","1761240181","66155/2025-11-06/1761240181.json"
"515320","135490","2025-11-10","49.00","AUD","1761240181","66155/2025-11-10/1761240181.json"
"515320","135490","2025-11-11","49.00","AUD","1761240181","66155/2025-11-11/1761240181.json"
"515320","135490","2025-11-13","49.00","AUD","1761240181","66155/2025-11-13/1761240181.json"
"515320","135490","2025-11-12","49.00","AUD","1761240181","66155/2025-11-12/1761240181.json"
"515320","135490","2025-11-14","49.00","AUD","1761240181","66155/2025-11-14/1761240181.json"
"515320","135490","2025-11-15","49.00","AUD","1761240181","66155/2025-11-15/1761240181.json"
"515320","135490","2025-11-16","49.00","AUD","1761240181","66155/2025-11-16/1761240181.json"
"515320","135490","2025-11-17","49.00","AUD","1761240181","66155/2025-11-17/1761240181.json"
"515320","135490","2025-11-18","49.00","AUD","1761240181","66155/2025-11-18/1761240181.json"
"515320","135490","2025-11-19","49.00","AUD","1761240181","66155/2025-11-19/1761240181.json"
"515320","135490","2025-11-20","49.00","AUD","1761240181","66155/2025-11-20/1761240181.json"
"515320","135490","2025-11-21","49.00","AUD","1761240181","66155/2025-11-21/1761240181.json"
"515320","135490","2025-11-23","49.00","AUD","1761240181","66155/2025-11-23/1761240181.json"
"515320","135490","2025-11-22","49.00","AUD","1761240181","66155/2025-11-22/1761240181.json"
"515320","135490","2025-11-24","49.00","AUD","1761240181","66155/2025-11-24/1761240181.json"
"515320","135490","2025-11-25","49.00","AUD","1761240181","66155/2025-11-25/1761240181.json"
"515320","135490","2025-11-27","49.00","AUD","1761240181","66155/2025-11-27/1761240181.json"
"515320","135490","2025-11-26","49.00","AUD","1761240181","66155/2025-11-26/1761240181.json"
"515320","135490","2025-11-28","49.00","AUD","1761240181","66155/2025-11-28/1761240181.json"
"515320","135490","2025-11-29","49.00","AUD","1761240181","66155/2025-11-29/1761240181.json"
"515320","135490","2025-12-02","49.00","AUD","1761240181","66155/2025-12-02/1761240181.json"
"515320","135490","2025-12-06","49.00","AUD","1761240181","66155/2025-12-06/1761240181.json"
"515320","135490","2025-12-05","49.00","AUD","1761240181","66155/2025-12-05/1761240181.json"
"515320","135490","2025-12-09","49.00","AUD","1761240181","66155/2025-12-09/1761240181.json"
"515320","135490","2025-12-12","49.00","AUD","1761240181","66155/2025-12-12/1761240181.json"
"515320","135490","2025-12-13","49.00","AUD","1761240181","66155/2025-12-13/1761240181.json"
"515320","135490","2025-12-16","49.00","AUD","1761240181","66155/2025-12-16/1761240181.json"
"515320","135490","2025-12-19","49.00","AUD","1761240181","66155/2025-12-19/1761240181.json"
"515320","135490","2025-12-20","49.00","AUD","1761240181","66155/2025-12-20/1761240181.json"
"515320","135490","2025-12-21","49.00","AUD","1761240181","66155/2025-12-21/1761240181.json"
"515320","135490","2025-12-22","49.00","AUD","1761240181","66155/2025-12-22/1761240181.json"
"515320","135490","2025-10-24","49.00","AUD","1761253713","66155/2025-10-24/1761253713.json"
"515320","135490","2025-10-25","49.00","AUD","1761253713","66155/2025-10-25/1761253713.json"
"515320","135490","2025-10-27","49.00","AUD","1761253713","66155/2025-10-27/1761253713.json"
"515320","135490","2025-10-28","49.00","AUD","1761253713","66155/2025-10-28/1761253713.json"
"515320","135490","2025-10-26","49.00","AUD","1761253713","66155/2025-10-26/1761253713.json"
"515320","135490","2025-10-29","49.00","AUD","1761253713","66155/2025-10-29/1761253713.json"
"515320","135490","2025-10-30","49.00","AUD","1761253713","66155/2025-10-30/1761253713.json"
"515320","135490","2025-11-02","49.00","AUD","1761253713","66155/2025-11-02/1761253713.json"
"515320","135490","2025-11-03","49.00","AUD","1761253713","66155/2025-11-03/1761253713.json"
"515320","135490","2025-11-05","49.00","AUD","1761253713","66155/2025-11-05/1761253713.json"
"515320","135490","2025-11-04","49.00","AUD","1761253713","66155/2025-11-04/1761253713.json"
"515320","135490","2025-11-06","49.00","AUD","1761253713","66155/2025-11-06/1761253713.json"
"515320","135490","2025-11-09","49.00","AUD","1761253713","66155/2025-11-09/1761253713.json"
"515320","135490","2025-11-10","49.00","AUD","1761253713","66155/2025-11-10/1761253713.json"
"515320","135490","2025-11-11","49.00","AUD","1761253713","66155/2025-11-11/1761253713.json"
"515320","135490","2025-11-12","49.00","AUD","1761253713","66155/2025-11-12/1761253713.json"
"515320","135490","2025-11-13","49.00","AUD","1761253713","66155/2025-11-13/1761253713.json"
"515320","135490","2025-11-14","49.00","AUD","1761253713","66155/2025-11-14/1761253713.json"
"515320","135490","2025-11-15","49.00","AUD","1761253713","66155/2025-11-15/1761253713.json"
"515320","135490","2025-11-17","49.00","AUD","1761253713","66155/2025-11-17/1761253713.json"
"515320","135490","2025-11-18","49.00","AUD","1761253713","66155/2025-11-18/1761253713.json"
"515320","135490","2025-11-16","49.00","AUD","1761253713","66155/2025-11-16/1761253713.json"
"515320","135490","2025-11-19","49.00","AUD","1761253713","66155/2025-11-19/1761253713.json"
"515320","135490","2025-11-20","49.00","AUD","1761253713","66155/2025-11-20/1761253713.json"
"515320","135490","2025-11-21","49.00","AUD","1761253713","66155/2025-11-21/1761253713.json"
"515320","135490","2025-11-22","49.00","AUD","1761253713","66155/2025-11-22/1761253713.json"
"515320","135490","2025-11-25","49.00","AUD","1761253713","66155/2025-11-25/1761253713.json"
"515320","135490","2025-11-24","49.00","AUD","1761253713","66155/2025-11-24/1761253713.json"
"515320","135490","2025-11-23","49.00","AUD","1761253713","66155/2025-11-23/1761253713.json"
"515320","135490","2025-11-26","49.00","AUD","1761253713","66155/2025-11-26/1761253713.json"
"515320","135490","2025-11-27","49.00","AUD","1761253713","66155/2025-11-27/1761253713.json"
"515320","135490","2025-11-28","49.00","AUD","1761253713","66155/2025-11-28/1761253713.json"
"515320","135490","2025-11-29","49.00","AUD","1761253713","66155/2025-11-29/1761253713.json"
"515320","135490","2025-12-02","49.00","AUD","1761253713","66155/2025-12-02/1761253713.json"
"515320","135490","2025-12-05","49.00","AUD","1761253713","66155/2025-12-05/1761253713.json"
"515320","135490","2025-12-06","49.00","AUD","1761253713","66155/2025-12-06/1761253713.json"
"515320","135490","2025-12-09","49.00","AUD","1761253713","66155/2025-12-09/1761253713.json"
"515320","135490","2025-12-12","49.00","AUD","1761253713","66155/2025-12-12/1761253713.json"
"515320","135490","2025-12-13","49.00","AUD","1761253713","66155/2025-12-13/1761253713.json"
"515320","135490","2025-12-16","49.00","AUD","1761253713","66155/2025-12-16/1761253713.json"
"515320","135490","2025-12-19","49.00","AUD","1761253713","66155/2025-12-19/1761253713.json"
"515320","135490","2025-12-20","49.00","AUD","1761253713","66155/2025-12-20/1761253713.json"
"515320","135490","2025-12-22","49.00","AUD","1761253713","66155/2025-12-22/1761253713.json"
"515320","135490","2025-12-21","49.00","AUD","1761253713","66155/2025-12-21/1761253713.json"
"515320","135490","2025-10-24","49.00","AUD","1761277318","66155/2025-10-24/1761277318.json"
"515320","135490","2025-10-25","49.00","AUD","1761277318","66155/2025-10-25/1761277318.json"
"515320","135490","2025-10-26","49.00","AUD","1761277318","66155/2025-10-26/1761277318.json"
"515320","135490","2025-10-27","49.00","AUD","1761277318","66155/2025-10-27/1761277318.json"
"515320","135490","2025-10-30","49.00","AUD","1761277318","66155/2025-10-30/1761277318.json"
"515320","135490","2025-10-28","49.00","AUD","1761277318","66155/2025-10-28/1761277318.json"
"515320","135490","2025-10-29","49.00","AUD","1761277318","66155/2025-10-29/1761277318.json"
"515320","135490","2025-11-04","49.00","AUD","1761277318","66155/2025-11-04/1761277318.json"
"515320","135490","2025-11-02","49.00","AUD","1761277318","66155/2025-11-02/1761277318.json"
"515320","135490","2025-11-03","49.00","AUD","1761277318","66155/2025-11-03/1761277318.json"
"515320","135490","2025-11-05","49.00","AUD","1761277318","66155/2025-11-05/1761277318.json"
"515320","135490","2025-11-06","49.00","AUD","1761277318","66155/2025-11-06/1761277318.json"
"515320","135490","2025-11-10","49.00","AUD","1761277318","66155/2025-11-10/1761277318.json"
"515320","135490","2025-11-09","49.00","AUD","1761277318","66155/2025-11-09/1761277318.json"
"515320","135490","2025-11-11","49.00","AUD","1761277318","66155/2025-11-11/1761277318.json"
"515320","135490","2025-11-12","49.00","AUD","1761277318","66155/2025-11-12/1761277318.json"
"515320","135490","2025-11-13","49.00","AUD","1761277318","66155/2025-11-13/1761277318.json"
"515320","135490","2025-11-14","49.00","AUD","1761277318","66155/2025-11-14/1761277318.json"
"515320","135490","2025-11-16","49.00","AUD","1761277318","66155/2025-11-16/1761277318.json"
"515320","135490","2025-11-15","49.00","AUD","1761277318","66155/2025-11-15/1761277318.json"
"515320","135490","2025-11-17","49.00","AUD","1761277318","66155/2025-11-17/1761277318.json"
"515320","135490","2025-11-18","49.00","AUD","1761277318","66155/2025-11-18/1761277318.json"
"515320","135490","2025-11-20","49.00","AUD","1761277318","66155/2025-11-20/1761277318.json"
"515320","135490","2025-11-19","49.00","AUD","1761277318","66155/2025-11-19/1761277318.json"
"515320","135490","2025-11-21","49.00","AUD","1761277318","66155/2025-11-21/1761277318.json"
"515320","135490","2025-11-22","49.00","AUD","1761277318","66155/2025-11-22/1761277318.json"
"515320","135490","2025-11-23","49.00","AUD","1761277318","66155/2025-11-23/1761277318.json"
"515320","135490","2025-11-24","49.00","AUD","1761277318","66155/2025-11-24/1761277318.json"
"515320","135490","2025-11-25","49.00","AUD","1761277318","66155/2025-11-25/1761277318.json"
"515320","135490","2025-11-27","49.00","AUD","1761277318","66155/2025-11-27/1761277318.json"
"515320","135490","2025-11-26","49.00","AUD","1761277318","66155/2025-11-26/1761277318.json"
"515320","135490","2025-11-28","49.00","AUD","1761277318","66155/2025-11-28/1761277318.json"
"515320","135490","2025-11-29","49.00","AUD","1761277318","66155/2025-11-29/1761277318.json"
"515320","135490","2025-12-02","49.00","AUD","1761277318","66155/2025-12-02/1761277318.json"
"515320","135490","2025-12-05","49.00","AUD","1761277318","66155/2025-12-05/1761277318.json"
"515320","135490","2025-12-06","49.00","AUD","1761277318","66155/2025-12-06/1761277318.json"
"515320","135490","2025-12-09","49.00","AUD","1761277318","66155/2025-12-09/1761277318.json"
"515320","135490","2025-12-12","49.00","AUD","1761277318","66155/2025-12-12/1761277318.json"
"515320","135490","2025-12-13","49.00","AUD","1761277318","66155/2025-12-13/1761277318.json"
"515320","135490","2025-12-16","49.00","AUD","1761277318","66155/2025-12-16/1761277318.json"
"515320","135490","2025-12-19","49.00","AUD","1761277318","66155/2025-12-19/1761277318.json"
"515320","135490","2025-12-20","49.00","AUD","1761277318","66155/2025-12-20/1761277318.json"
"515320","135490","2025-12-23","49.00","AUD","1761277318","66155/2025-12-23/1761277318.json"
"515320","135490","2025-10-24","49.00","AUD","1761282607","66155/2025-10-24/1761282607.json"
"515320","135490","2025-10-26","49.00","AUD","1761282607","66155/2025-10-26/1761282607.json"
"515320","135490","2025-10-27","49.00","AUD","1761282607","66155/2025-10-27/1761282607.json"
"515320","135490","2025-10-25","49.00","AUD","1761282607","66155/2025-10-25/1761282607.json"
"515320","135490","2025-10-30","49.00","AUD","1761282607","66155/2025-10-30/1761282607.json"
"515320","135490","2025-10-28","49.00","AUD","1761282607","66155/2025-10-28/1761282607.json"
"515320","135490","2025-10-29","49.00","AUD","1761282607","66155/2025-10-29/1761282607.json"
"515320","135490","2025-11-03","49.00","AUD","1761282607","66155/2025-11-03/1761282607.json"
"515320","135490","2025-11-02","49.00","AUD","1761282607","66155/2025-11-02/1761282607.json"
"515320","135490","2025-11-04","49.00","AUD","1761282607","66155/2025-11-04/1761282607.json"
"515320","135490","2025-11-05","49.00","AUD","1761282607","66155/2025-11-05/1761282607.json"
"515320","135490","2025-11-06","49.00","AUD","1761282607","66155/2025-11-06/1761282607.json"
"515320","135490","2025-11-09","49.00","AUD","1761282607","66155/2025-11-09/1761282607.json"
"515320","135490","2025-11-11","49.00","AUD","1761282607","66155/2025-11-11/1761282607.json"
"515320","135490","2025-11-10","49.00","AUD","1761282607","66155/2025-11-10/1761282607.json"
"515320","135490","2025-11-12","49.00","AUD","1761282607","66155/2025-11-12/1761282607.json"
"515320","135490","2025-11-13","49.00","AUD","1761282607","66155/2025-11-13/1761282607.json"
"515320","135490","2025-11-15","49.00","AUD","1761282607","66155/2025-11-15/1761282607.json"
"515320","135490","2025-11-14","49.00","AUD","1761282607","66155/2025-11-14/1761282607.json"
"515320","135490","2025-11-16","49.00","AUD","1761282607","66155/2025-11-16/1761282607.json"
"515320","135490","2025-11-17","49.00","AUD","1761282607","66155/2025-11-17/1761282607.json"
"515320","135490","2025-11-19","49.00","AUD","1761282607","66155/2025-11-19/1761282607.json"
"515320","135490","2025-11-20","49.00","AUD","1761282607","66155/2025-11-20/1761282607.json"
"515320","135490","2025-11-18","49.00","AUD","1761282607","66155/2025-11-18/1761282607.json"
"515320","135490","2025-11-21","49.00","AUD","1761282607","66155/2025-11-21/1761282607.json"
"515320","135490","2025-11-24","49.00","AUD","1761282607","66155/2025-11-24/1761282607.json"
"515320","135490","2025-11-22","49.00","AUD","1761282607","66155/2025-11-22/1761282607.json"
"515320","135490","2025-11-23","49.00","AUD","1761282607","66155/2025-11-23/1761282607.json"
"515320","135490","2025-11-25","49.00","AUD","1761282607","66155/2025-11-25/1761282607.json"
"515320","135490","2025-11-26","49.00","AUD","1761282607","66155/2025-11-26/1761282607.json"
"515320","135490","2025-11-27","49.00","AUD","1761282607","66155/2025-11-27/1761282607.json"
"515320","135490","2025-11-28","49.00","AUD","1761282607","66155/2025-11-28/1761282607.json"
"515320","135490","2025-11-29","49.00","AUD","1761282607","66155/2025-11-29/1761282607.json"
"515320","135490","2025-12-02","49.00","AUD","1761282607","66155/2025-12-02/1761282607.json"
"515320","135490","2025-12-05","49.00","AUD","1761282607","66155/2025-12-05/1761282607.json"
"515320","135490","2025-12-06","49.00","AUD","1761282607","66155/2025-12-06/1761282607.json"
"515320","135490","2025-12-09","49.00","AUD","1761282607","66155/2025-12-09/1761282607.json"
"515320","135490","2025-12-12","49.00","AUD","1761282607","66155/2025-12-12/1761282607.json"
"515320","135490","2025-12-13","49.00","AUD","1761282607","66155/2025-12-13/1761282607.json"
"515320","135490","2025-12-16","49.00","AUD","1761282607","66155/2025-12-16/1761282607.json"
"515320","135490","2025-12-19","49.00","AUD","1761282607","66155/2025-12-19/1761282607.json"
"515320","135490","2025-12-20","49.00","AUD","1761282607","66155/2025-12-20/1761282607.json"
"515320","135490","2025-12-23","49.00","AUD","1761282607","66155/2025-12-23/1761282607.json"
"515320","135490","2025-10-24","49.00","AUD","1761297951","66155/2025-10-24/1761297951.json"
"515320","135490","2025-10-26","49.00","AUD","1761297951","66155/2025-10-26/1761297951.json"
"515320","135490","2025-10-27","49.00","AUD","1761297951","66155/2025-10-27/1761297951.json"
"515320","135490","2025-10-25","49.00","AUD","1761297951","66155/2025-10-25/1761297951.json"
"515320","135490","2025-10-30","49.00","AUD","1761297951","66155/2025-10-30/1761297951.json"
"515320","135490","2025-10-29","49.00","AUD","1761297951","66155/2025-10-29/1761297951.json"
"515320","135490","2025-10-28","49.00","AUD","1761297951","66155/2025-10-28/1761297951.json"
"515320","135490","2025-11-02","49.00","AUD","1761297951","66155/2025-11-02/1761297951.json"
"515320","135490","2025-11-04","49.00","AUD","1761297951","66155/2025-11-04/1761297951.json"
"515320","135490","2025-11-03","49.00","AUD","1761297951","66155/2025-11-03/1761297951.json"
"515320","135490","2025-11-06","49.00","AUD","1761297951","66155/2025-11-06/1761297951.json"
"515320","135490","2025-11-05","49.00","AUD","1761297951","66155/2025-11-05/1761297951.json"
"515320","135490","2025-11-09","49.00","AUD","1761297951","66155/2025-11-09/1761297951.json"
"515320","135490","2025-11-10","49.00","AUD","1761297951","66155/2025-11-10/1761297951.json"
"515320","135490","2025-11-12","49.00","AUD","1761297951","66155/2025-11-12/1761297951.json"
"515320","135490","2025-11-11","49.00","AUD","1761297951","66155/2025-11-11/1761297951.json"
"515320","135490","2025-11-13","49.00","AUD","1761297951","66155/2025-11-13/1761297951.json"
"515320","135490","2025-11-14","49.00","AUD","1761297951","66155/2025-11-14/1761297951.json"
"515320","135490","2025-11-15","49.00","AUD","1761297951","66155/2025-11-15/1761297951.json"
"515320","135490","2025-11-16","49.00","AUD","1761297951","66155/2025-11-16/1761297951.json"
"515320","135490","2025-11-18","49.00","AUD","1761297951","66155/2025-11-18/1761297951.json"
"515320","135490","2025-11-17","49.00","AUD","1761297951","66155/2025-11-17/1761297951.json"
"515320","135490","2025-11-19","49.00","AUD","1761297951","66155/2025-11-19/1761297951.json"
"515320","135490","2025-11-20","49.00","AUD","1761297951","66155/2025-11-20/1761297951.json"
"515320","135490","2025-11-21","49.00","AUD","1761297951","66155/2025-11-21/1761297951.json"
"515320","135490","2025-11-24","49.00","AUD","1761297951","66155/2025-11-24/1761297951.json"
"515320","135490","2025-11-22","49.00","AUD","1761297951","66155/2025-11-22/1761297951.json"
"515320","135490","2025-11-23","49.00","AUD","1761297951","66155/2025-11-23/1761297951.json"
"515320","135490","2025-11-25","49.00","AUD","1761297951","66155/2025-11-25/1761297951.json"
"515320","135490","2025-11-28","49.00","AUD","1761297951","66155/2025-11-28/1761297951.json"
"515320","135490","2025-11-26","49.00","AUD","1761297951","66155/2025-11-26/1761297951.json"
"515320","135490","2025-11-29","49.00","AUD","1761297951","66155/2025-11-29/1761297951.json"
"515320","135490","2025-11-27","49.00","AUD","1761297951","66155/2025-11-27/1761297951.json"
"515320","135490","2025-12-02","49.00","AUD","1761297951","66155/2025-12-02/1761297951.json"
"515320","135490","2025-12-05","49.00","AUD","1761297951","66155/2025-12-05/1761297951.json"
"515320","135490","2025-12-06","49.00","AUD","1761297951","66155/2025-12-06/1761297951.json"
"515320","135490","2025-12-09","49.00","AUD","1761297951","66155/2025-12-09/1761297951.json"
"515320","135490","2025-12-12","49.00","AUD","1761297951","66155/2025-12-12/1761297951.json"
"515320","135490","2025-12-13","49.00","AUD","1761297951","66155/2025-12-13/1761297951.json"
"515320","135490","2025-12-16","49.00","AUD","1761297951","66155/2025-12-16/1761297951.json"
"515320","135490","2025-12-20","49.00","AUD","1761297951","66155/2025-12-20/1761297951.json"
"515320","135490","2025-12-19","49.00","AUD","1761297951","66155/2025-12-19/1761297951.json"
"515320","135490","2025-12-23","49.00","AUD","1761297951","66155/2025-12-23/1761297951.json"
"515320","135490","2025-10-25","49.00","AUD","1761315181","66155/2025-10-25/1761315181.json"
"515320","135490","2025-10-27","49.00","AUD","1761315181","66155/2025-10-27/1761315181.json"
"515320","135490","2025-10-28","49.00","AUD","1761315181","66155/2025-10-28/1761315181.json"
"515320","135490","2025-10-26","49.00","AUD","1761315181","66155/2025-10-26/1761315181.json"
"515320","135490","2025-10-29","49.00","AUD","1761315181","66155/2025-10-29/1761315181.json"
"515320","135490","2025-10-30","49.00","AUD","1761315181","66155/2025-10-30/1761315181.json"
"515320","135490","2025-11-02","49.00","AUD","1761315181","66155/2025-11-02/1761315181.json"
"515320","135490","2025-11-03","49.00","AUD","1761315181","66155/2025-11-03/1761315181.json"
"515320","135490","2025-11-04","49.00","AUD","1761315181","66155/2025-11-04/1761315181.json"
"515320","135490","2025-11-06","49.00","AUD","1761315181","66155/2025-11-06/1761315181.json"
"515320","135490","2025-11-05","49.00","AUD","1761315181","66155/2025-11-05/1761315181.json"
"515320","135490","2025-11-09","49.00","AUD","1761315181","66155/2025-11-09/1761315181.json"
"515320","135490","2025-11-10","49.00","AUD","1761315181","66155/2025-11-10/1761315181.json"
"515320","135490","2025-11-12","49.00","AUD","1761315181","66155/2025-11-12/1761315181.json"
"515320","135490","2025-11-11","49.00","AUD","1761315181","66155/2025-11-11/1761315181.json"
"515320","135490","2025-11-13","49.00","AUD","1761315181","66155/2025-11-13/1761315181.json"
"515320","135490","2025-11-14","49.00","AUD","1761315181","66155/2025-11-14/1761315181.json"
"515320","135490","2025-11-15","49.00","AUD","1761315181","66155/2025-11-15/1761315181.json"
"515320","135490","2025-11-16","49.00","AUD","1761315181","66155/2025-11-16/1761315181.json"
"515320","135490","2025-11-17","49.00","AUD","1761315181","66155/2025-11-17/1761315181.json"
"515320","135490","2025-11-18","49.00","AUD","1761315181","66155/2025-11-18/1761315181.json"
"515320","135490","2025-11-19","49.00","AUD","1761315181","66155/2025-11-19/1761315181.json"
"515320","135490","2025-11-20","49.00","AUD","1761315181","66155/2025-11-20/1761315181.json"
"515320","135490","2025-11-21","49.00","AUD","1761315181","66155/2025-11-21/1761315181.json"
"515320","135490","2025-11-22","49.00","AUD","1761315181","66155/2025-11-22/1761315181.json"
"515320","135490","2025-11-23","49.00","AUD","1761315181","66155/2025-11-23/1761315181.json"
"515320","135490","2025-11-24","49.00","AUD","1761315181","66155/2025-11-24/1761315181.json"
"515320","135490","2025-11-25","49.00","AUD","1761315181","66155/2025-11-25/1761315181.json"
"515320","135490","2025-11-26","49.00","AUD","1761315181","66155/2025-11-26/1761315181.json"
"515320","135490","2025-11-27","49.00","AUD","1761315181","66155/2025-11-27/1761315181.json"
"515320","135490","2025-11-28","49.00","AUD","1761315181","66155/2025-11-28/1761315181.json"
"515320","135490","2025-11-29","49.00","AUD","1761315181","66155/2025-11-29/1761315181.json"
"515320","135490","2025-12-02","49.00","AUD","1761315181","66155/2025-12-02/1761315181.json"
"515320","135490","2025-12-05","49.00","AUD","1761315181","66155/2025-12-05/1761315181.json"
"515320","135490","2025-12-09","49.00","AUD","1761315181","66155/2025-12-09/1761315181.json"
"515320","135490","2025-12-06","49.00","AUD","1761315181","66155/2025-12-06/1761315181.json"
"515320","135490","2025-12-13","49.00","AUD","1761315181","66155/2025-12-13/1761315181.json"
"515320","135490","2025-12-12","49.00","AUD","1761315181","66155/2025-12-12/1761315181.json"
"515320","135490","2025-12-16","49.00","AUD","1761315181","66155/2025-12-16/1761315181.json"
"515320","135490","2025-12-19","49.00","AUD","1761315181","66155/2025-12-19/1761315181.json"
"515320","135490","2025-12-20","49.00","AUD","1761315181","66155/2025-12-20/1761315181.json"
"515320","135490","2025-12-23","49.00","AUD","1761315181","66155/2025-12-23/1761315181.json"
"515320","135490","2025-10-25","49.00","AUD","1761326259","66155/2025-10-25/1761326259.json"
"515320","135490","2025-10-27","49.00","AUD","1761326259","66155/2025-10-27/1761326259.json"
"515320","135490","2025-10-28","49.00","AUD","1761326259","66155/2025-10-28/1761326259.json"
"515320","135490","2025-10-29","49.00","AUD","1761326259","66155/2025-10-29/1761326259.json"
"515320","135490","2025-10-30","49.00","AUD","1761326259","66155/2025-10-30/1761326259.json"
"515320","135490","2025-11-02","49.00","AUD","1761326259","66155/2025-11-02/1761326259.json"
"515320","135490","2025-11-03","49.00","AUD","1761326259","66155/2025-11-03/1761326259.json"
"515320","135490","2025-11-04","49.00","AUD","1761326259","66155/2025-11-04/1761326259.json"
"515320","135490","2025-11-05","49.00","AUD","1761326259","66155/2025-11-05/1761326259.json"
"515320","135490","2025-11-06","49.00","AUD","1761326259","66155/2025-11-06/1761326259.json"
"515320","135490","2025-10-26","49.00","AUD","1761326259","66155/2025-10-26/1761326259.json"
"515320","135490","2025-11-09","49.00","AUD","1761326259","66155/2025-11-09/1761326259.json"
"515320","135490","2025-11-10","49.00","AUD","1761326259","66155/2025-11-10/1761326259.json"
"515320","135490","2025-11-11","49.00","AUD","1761326259","66155/2025-11-11/1761326259.json"
"515320","135490","2025-11-12","49.00","AUD","1761326259","66155/2025-11-12/1761326259.json"
"515320","135490","2025-11-13","49.00","AUD","1761326259","66155/2025-11-13/1761326259.json"
"515320","135490","2025-11-14","49.00","AUD","1761326259","66155/2025-11-14/1761326259.json"
"515320","135490","2025-11-16","49.00","AUD","1761326259","66155/2025-11-16/1761326259.json"
"515320","135490","2025-11-15","49.00","AUD","1761326259","66155/2025-11-15/1761326259.json"
"515320","135490","2025-11-17","49.00","AUD","1761326259","66155/2025-11-17/1761326259.json"
"515320","135490","2025-11-18","49.00","AUD","1761326259","66155/2025-11-18/1761326259.json"
"515320","135490","2025-11-19","49.00","AUD","1761326259","66155/2025-11-19/1761326259.json"
"515320","135490","2025-11-20","49.00","AUD","1761326259","66155/2025-11-20/1761326259.json"
"515320","135490","2025-11-21","49.00","AUD","1761326259","66155/2025-11-21/1761326259.json"
"515320","135490","2025-11-22","49.00","AUD","1761326259","66155/2025-11-22/1761326259.json"
"515320","135490","2025-11-23","49.00","AUD","1761326259","66155/2025-11-23/1761326259.json"
"515320","135490","2025-11-24","49.00","AUD","1761326259","66155/2025-11-24/1761326259.json"
"515320","135490","2025-11-25","49.00","AUD","1761326259","66155/2025-11-25/1761326259.json"
"515320","135490","2025-11-26","49.00","AUD","1761326259","66155/2025-11-26/1761326259.json"
"515320","135490","2025-11-27","49.00","AUD","1761326259","66155/2025-11-27/1761326259.json"
"515320","135490","2025-11-28","49.00","AUD","1761326259","66155/2025-11-28/1761326259.json"
"515320","135490","2025-11-29","49.00","AUD","1761326259","66155/2025-11-29/1761326259.json"
"515320","135490","2025-12-02","49.00","AUD","1761326259","66155/2025-12-02/1761326259.json"
"515320","135490","2025-12-06","49.00","AUD","1761326259","66155/2025-12-06/1761326259.json"
"515320","135490","2025-12-05","49.00","AUD","1761326259","66155/2025-12-05/1761326259.json"
"515320","135490","2025-12-09","49.00","AUD","1761326259","66155/2025-12-09/1761326259.json"
"515320","135490","2025-12-13","49.00","AUD","1761326259","66155/2025-12-13/1761326259.json"
"515320","135490","2025-12-12","49.00","AUD","1761326259","66155/2025-12-12/1761326259.json"
"515320","135490","2025-12-16","49.00","AUD","1761326259","66155/2025-12-16/1761326259.json"
"515320","135490","2025-12-20","49.00","AUD","1761326259","66155/2025-12-20/1761326259.json"
"515320","135490","2025-12-19","49.00","AUD","1761326259","66155/2025-12-19/1761326259.json"
"515320","135490","2025-12-23","49.00","AUD","1761326259","66155/2025-12-23/1761326259.json"
"515320","135490","2025-10-27","49.00","AUD","1761339924","66155/2025-10-27/1761339924.json"
"515320","135490","2025-10-25","49.00","AUD","1761339924","66155/2025-10-25/1761339924.json"
"515320","135490","2025-10-26","49.00","AUD","1761339924","66155/2025-10-26/1761339924.json"
"515320","135490","2025-10-28","49.00","AUD","1761339924","66155/2025-10-28/1761339924.json"
"515320","135490","2025-10-29","49.00","AUD","1761339924","66155/2025-10-29/1761339924.json"
"515320","135490","2025-10-30","49.00","AUD","1761339924","66155/2025-10-30/1761339924.json"
"515320","135490","2025-11-02","49.00","AUD","1761339924","66155/2025-11-02/1761339924.json"
"515320","135490","2025-11-03","49.00","AUD","1761339924","66155/2025-11-03/1761339924.json"
"515320","135490","2025-11-04","49.00","AUD","1761339924","66155/2025-11-04/1761339924.json"
"515320","135490","2025-11-05","49.00","AUD","1761339924","66155/2025-11-05/1761339924.json"
"515320","135490","2025-11-06","49.00","AUD","1761339924","66155/2025-11-06/1761339924.json"
"515320","135490","2025-11-09","49.00","AUD","1761339924","66155/2025-11-09/1761339924.json"
"515320","135490","2025-11-10","49.00","AUD","1761339924","66155/2025-11-10/1761339924.json"
"515320","135490","2025-11-11","49.00","AUD","1761339924","66155/2025-11-11/1761339924.json"
"515320","135490","2025-11-12","49.00","AUD","1761339924","66155/2025-11-12/1761339924.json"
"515320","135490","2025-11-13","49.00","AUD","1761339924","66155/2025-11-13/1761339924.json"
"515320","135490","2025-11-15","49.00","AUD","1761339924","66155/2025-11-15/1761339924.json"
"515320","135490","2025-11-14","49.00","AUD","1761339924","66155/2025-11-14/1761339924.json"
"515320","135490","2025-11-16","49.00","AUD","1761339924","66155/2025-11-16/1761339924.json"
"515320","135490","2025-11-18","49.00","AUD","1761339924","66155/2025-11-18/1761339924.json"
"515320","135490","2025-11-19","49.00","AUD","1761339924","66155/2025-11-19/1761339924.json"
"515320","135490","2025-11-20","49.00","AUD","1761339924","66155/2025-11-20/1761339924.json"
"515320","135490","2025-11-21","49.00","AUD","1761339924","66155/2025-11-21/1761339924.json"
"515320","135490","2025-11-22","49.00","AUD","1761339924","66155/2025-11-22/1761339924.json"
"515320","135490","2025-11-23","49.00","AUD","1761339924","66155/2025-11-23/1761339924.json"
"515320","135490","2025-11-17","49.00","AUD","1761339924","66155/2025-11-17/1761339924.json"
"515320","135490","2025-11-25","49.00","AUD","1761339924","66155/2025-11-25/1761339924.json"
"515320","135490","2025-11-26","49.00","AUD","1761339924","66155/2025-11-26/1761339924.json"
"515320","135490","2025-11-27","49.00","AUD","1761339924","66155/2025-11-27/1761339924.json"
"515320","135490","2025-11-28","49.00","AUD","1761339924","66155/2025-11-28/1761339924.json"
"515320","135490","2025-11-29","49.00","AUD","1761339924","66155/2025-11-29/1761339924.json"
"515320","135490","2025-11-24","49.00","AUD","1761339924","66155/2025-11-24/1761339924.json"
"515320","135490","2025-12-02","49.00","AUD","1761339924","66155/2025-12-02/1761339924.json"
"515320","135490","2025-12-05","49.00","AUD","1761339924","66155/2025-12-05/1761339924.json"
"515320","135490","2025-12-06","49.00","AUD","1761339924","66155/2025-12-06/1761339924.json"
"515320","135490","2025-12-09","49.00","AUD","1761339924","66155/2025-12-09/1761339924.json"
"515320","135490","2025-12-12","49.00","AUD","1761339924","66155/2025-12-12/1761339924.json"
"515320","135490","2025-12-13","49.00","AUD","1761339924","66155/2025-12-13/1761339924.json"
"515320","135490","2025-12-16","49.00","AUD","1761339924","66155/2025-12-16/1761339924.json"
"515320","135490","2025-12-19","49.00","AUD","1761339924","66155/2025-12-19/1761339924.json"
"515320","135490","2025-12-20","49.00","AUD","1761339924","66155/2025-12-20/1761339924.json"
"515320","135490","2025-12-23","49.00","AUD","1761339924","66155/2025-12-23/1761339924.json"
"515320","135490","2025-10-25","49.00","AUD","1761364092","66155/2025-10-25/1761364092.json"
"515320","135490","2025-10-28","49.00","AUD","1761364092","66155/2025-10-28/1761364092.json"
"515320","135490","2025-10-26","49.00","AUD","1761364092","66155/2025-10-26/1761364092.json"
"515320","135490","2025-10-27","49.00","AUD","1761364092","66155/2025-10-27/1761364092.json"
"515320","135490","2025-10-29","49.00","AUD","1761364092","66155/2025-10-29/1761364092.json"
"515320","135490","2025-10-30","49.00","AUD","1761364092","66155/2025-10-30/1761364092.json"
"515320","135490","2025-11-02","49.00","AUD","1761364092","66155/2025-11-02/1761364092.json"
"515320","135490","2025-11-04","49.00","AUD","1761364092","66155/2025-11-04/1761364092.json"
"515320","135490","2025-11-03","49.00","AUD","1761364092","66155/2025-11-03/1761364092.json"
"515320","135490","2025-11-06","49.00","AUD","1761364092","66155/2025-11-06/1761364092.json"
"515320","135490","2025-11-05","49.00","AUD","1761364092","66155/2025-11-05/1761364092.json"
"515320","135490","2025-11-10","49.00","AUD","1761364092","66155/2025-11-10/1761364092.json"
"515320","135490","2025-11-09","49.00","AUD","1761364092","66155/2025-11-09/1761364092.json"
"515320","135490","2025-11-11","49.00","AUD","1761364092","66155/2025-11-11/1761364092.json"
"515320","135490","2025-11-12","49.00","AUD","1761364092","66155/2025-11-12/1761364092.json"
"515320","135490","2025-11-13","49.00","AUD","1761364092","66155/2025-11-13/1761364092.json"
"515320","135490","2025-11-15","49.00","AUD","1761364092","66155/2025-11-15/1761364092.json"
"515320","135490","2025-11-16","49.00","AUD","1761364092","66155/2025-11-16/1761364092.json"
"515320","135490","2025-11-17","49.00","AUD","1761364092","66155/2025-11-17/1761364092.json"
"515320","135490","2025-11-14","49.00","AUD","1761364092","66155/2025-11-14/1761364092.json"
"515320","135490","2025-11-19","49.00","AUD","1761364092","66155/2025-11-19/1761364092.json"
"515320","135490","2025-11-18","49.00","AUD","1761364092","66155/2025-11-18/1761364092.json"
"515320","135490","2025-11-20","49.00","AUD","1761364092","66155/2025-11-20/1761364092.json"
"515320","135490","2025-11-21","49.00","AUD","1761364092","66155/2025-11-21/1761364092.json"
"515320","135490","2025-11-22","49.00","AUD","1761364092","66155/2025-11-22/1761364092.json"
"515320","135490","2025-11-23","49.00","AUD","1761364092","66155/2025-11-23/1761364092.json"
"515320","135490","2025-11-25","49.00","AUD","1761364092","66155/2025-11-25/1761364092.json"
"515320","135490","2025-11-24","49.00","AUD","1761364092","66155/2025-11-24/1761364092.json"
"515320","135490","2025-11-26","49.00","AUD","1761364092","66155/2025-11-26/1761364092.json"
"515320","135490","2025-11-28","49.00","AUD","1761364092","66155/2025-11-28/1761364092.json"
"515320","135490","2025-11-29","49.00","AUD","1761364092","66155/2025-11-29/1761364092.json"
"515320","135490","2025-12-02","49.00","AUD","1761364092","66155/2025-12-02/1761364092.json"
"515320","135490","2025-12-05","49.00","AUD","1761364092","66155/2025-12-05/1761364092.json"
"515320","135490","2025-12-07","49.00","AUD","1761364092","66155/2025-12-07/1761364092.json"
"515320","135490","2025-12-08","49.00","AUD","1761364092","66155/2025-12-08/1761364092.json"
"515320","135490","2025-12-06","49.00","AUD","1761364092","66155/2025-12-06/1761364092.json"
"515320","135490","2025-11-27","49.00","AUD","1761364092","66155/2025-11-27/1761364092.json"
"515320","135490","2025-12-09","49.00","AUD","1761364092","66155/2025-12-09/1761364092.json"
"515320","135490","2025-12-12","49.00","AUD","1761364092","66155/2025-12-12/1761364092.json"
"515320","135490","2025-12-13","49.00","AUD","1761364092","66155/2025-12-13/1761364092.json"
"515320","135490","2025-12-16","49.00","AUD","1761364092","66155/2025-12-16/1761364092.json"
"515320","135490","2025-12-19","49.00","AUD","1761364092","66155/2025-12-19/1761364092.json"
"515320","135490","2025-12-20","49.00","AUD","1761364092","66155/2025-12-20/1761364092.json"
"515320","135490","2025-12-23","49.00","AUD","1761364092","66155/2025-12-23/1761364092.json"
"515320","135490","2025-12-24","49.00","AUD","1761364092","66155/2025-12-24/1761364092.json"
"515320","135490","2025-10-26","49.00","AUD","1761368831","66155/2025-10-26/1761368831.json"
"515320","135490","2025-10-27","49.00","AUD","1761368831","66155/2025-10-27/1761368831.json"
"515320","135490","2025-10-25","49.00","AUD","1761368831","66155/2025-10-25/1761368831.json"
"515320","135490","2025-10-28","49.00","AUD","1761368831","66155/2025-10-28/1761368831.json"
"515320","135490","2025-10-30","49.00","AUD","1761368831","66155/2025-10-30/1761368831.json"
"515320","135490","2025-10-29","49.00","AUD","1761368831","66155/2025-10-29/1761368831.json"
"515320","135490","2025-11-03","49.00","AUD","1761368831","66155/2025-11-03/1761368831.json"
"515320","135490","2025-11-02","49.00","AUD","1761368831","66155/2025-11-02/1761368831.json"
"515320","135490","2025-11-04","49.00","AUD","1761368831","66155/2025-11-04/1761368831.json"
"515320","135490","2025-11-05","49.00","AUD","1761368831","66155/2025-11-05/1761368831.json"
"515320","135490","2025-11-06","49.00","AUD","1761368831","66155/2025-11-06/1761368831.json"
"515320","135490","2025-11-09","49.00","AUD","1761368831","66155/2025-11-09/1761368831.json"
"515320","135490","2025-11-10","49.00","AUD","1761368831","66155/2025-11-10/1761368831.json"
"515320","135490","2025-11-11","49.00","AUD","1761368831","66155/2025-11-11/1761368831.json"
"515320","135490","2025-11-12","49.00","AUD","1761368831","66155/2025-11-12/1761368831.json"
"515320","135490","2025-11-15","49.00","AUD","1761368831","66155/2025-11-15/1761368831.json"
"515320","135490","2025-11-13","49.00","AUD","1761368831","66155/2025-11-13/1761368831.json"
"515320","135490","2025-11-14","49.00","AUD","1761368831","66155/2025-11-14/1761368831.json"
"515320","135490","2025-11-16","49.00","AUD","1761368831","66155/2025-11-16/1761368831.json"
"515320","135490","2025-11-18","49.00","AUD","1761368831","66155/2025-11-18/1761368831.json"
"515320","135490","2025-11-19","49.00","AUD","1761368831","66155/2025-11-19/1761368831.json"
"515320","135490","2025-11-20","49.00","AUD","1761368831","66155/2025-11-20/1761368831.json"
"515320","135490","2025-11-17","49.00","AUD","1761368831","66155/2025-11-17/1761368831.json"
"515320","135490","2025-11-22","49.00","AUD","1761368831","66155/2025-11-22/1761368831.json"
"515320","135490","2025-11-23","49.00","AUD","1761368831","66155/2025-11-23/1761368831.json"
"515320","135490","2025-11-21","49.00","AUD","1761368831","66155/2025-11-21/1761368831.json"
"515320","135490","2025-11-24","49.00","AUD","1761368831","66155/2025-11-24/1761368831.json"
"515320","135490","2025-11-27","49.00","AUD","1761368831","66155/2025-11-27/1761368831.json"
"515320","135490","2025-11-25","49.00","AUD","1761368831","66155/2025-11-25/1761368831.json"
"515320","135490","2025-11-28","49.00","AUD","1761368831","66155/2025-11-28/1761368831.json"
"515320","135490","2025-11-26","49.00","AUD","1761368831","66155/2025-11-26/1761368831.json"
"515320","135490","2025-11-29","49.00","AUD","1761368831","66155/2025-11-29/1761368831.json"
"515320","135490","2025-12-02","49.00","AUD","1761368831","66155/2025-12-02/1761368831.json"
"515320","135490","2025-12-05","49.00","AUD","1761368831","66155/2025-12-05/1761368831.json"
"515320","135490","2025-12-08","49.00","AUD","1761368831","66155/2025-12-08/1761368831.json"
"515320","135490","2025-12-09","49.00","AUD","1761368831","66155/2025-12-09/1761368831.json"
"515320","135490","2025-12-07","49.00","AUD","1761368831","66155/2025-12-07/1761368831.json"
"515320","135490","2025-12-06","49.00","AUD","1761368831","66155/2025-12-06/1761368831.json"
"515320","135490","2025-12-12","49.00","AUD","1761368831","66155/2025-12-12/1761368831.json"
"515320","135490","2025-12-13","49.00","AUD","1761368831","66155/2025-12-13/1761368831.json"
"515320","135490","2025-12-16","49.00","AUD","1761368831","66155/2025-12-16/1761368831.json"
"515320","135490","2025-12-19","49.00","AUD","1761368831","66155/2025-12-19/1761368831.json"
"515320","135490","2025-12-20","49.00","AUD","1761368831","66155/2025-12-20/1761368831.json"
"515320","135490","2025-12-23","49.00","AUD","1761368831","66155/2025-12-23/1761368831.json"
"515320","135490","2025-12-24","49.00","AUD","1761368831","66155/2025-12-24/1761368831.json"
"515320","135490","2025-10-26","49.00","AUD","1761383345","66155/2025-10-26/1761383345.json"
"515320","135490","2025-10-27","49.00","AUD","1761383345","66155/2025-10-27/1761383345.json"
"515320","135490","2025-10-25","49.00","AUD","1761383345","66155/2025-10-25/1761383345.json"
"515320","135490","2025-10-28","49.00","AUD","1761383345","66155/2025-10-28/1761383345.json"
"515320","135490","2025-10-29","49.00","AUD","1761383345","66155/2025-10-29/1761383345.json"
"515320","135490","2025-11-02","49.00","AUD","1761383345","66155/2025-11-02/1761383345.json"
"515320","135490","2025-11-03","49.00","AUD","1761383345","66155/2025-11-03/1761383345.json"
"515320","135490","2025-10-30","49.00","AUD","1761383345","66155/2025-10-30/1761383345.json"
"515320","135490","2025-11-04","49.00","AUD","1761383345","66155/2025-11-04/1761383345.json"
"515320","135490","2025-11-05","49.00","AUD","1761383345","66155/2025-11-05/1761383345.json"
"515320","135490","2025-11-06","49.00","AUD","1761383345","66155/2025-11-06/1761383345.json"
"515320","135490","2025-11-09","49.00","AUD","1761383345","66155/2025-11-09/1761383345.json"
"515320","135490","2025-11-10","49.00","AUD","1761383345","66155/2025-11-10/1761383345.json"
"515320","135490","2025-11-11","49.00","AUD","1761383345","66155/2025-11-11/1761383345.json"
"515320","135490","2025-11-12","49.00","AUD","1761383345","66155/2025-11-12/1761383345.json"
"515320","135490","2025-11-14","49.00","AUD","1761383345","66155/2025-11-14/1761383345.json"
"515320","135490","2025-11-13","49.00","AUD","1761383345","66155/2025-11-13/1761383345.json"
"515320","135490","2025-11-15","49.00","AUD","1761383345","66155/2025-11-15/1761383345.json"
"515320","135490","2025-11-16","49.00","AUD","1761383345","66155/2025-11-16/1761383345.json"
"515320","135490","2025-11-17","49.00","AUD","1761383345","66155/2025-11-17/1761383345.json"
"515320","135490","2025-11-18","49.00","AUD","1761383345","66155/2025-11-18/1761383345.json"
"515320","135490","2025-11-19","49.00","AUD","1761383345","66155/2025-11-19/1761383345.json"
"515320","135490","2025-11-20","49.00","AUD","1761383345","66155/2025-11-20/1761383345.json"
"515320","135490","2025-11-21","49.00","AUD","1761383345","66155/2025-11-21/1761383345.json"
"515320","135490","2025-11-23","49.00","AUD","1761383345","66155/2025-11-23/1761383345.json"
"515320","135490","2025-11-22","49.00","AUD","1761383345","66155/2025-11-22/1761383345.json"
"515320","135490","2025-11-24","49.00","AUD","1761383345","66155/2025-11-24/1761383345.json"
"515320","135490","2025-11-25","49.00","AUD","1761383345","66155/2025-11-25/1761383345.json"
"515320","135490","2025-11-26","49.00","AUD","1761383345","66155/2025-11-26/1761383345.json"
"515320","135490","2025-11-28","49.00","AUD","1761383345","66155/2025-11-28/1761383345.json"
"515320","135490","2025-11-27","49.00","AUD","1761383345","66155/2025-11-27/1761383345.json"
"515320","135490","2025-11-29","49.00","AUD","1761383345","66155/2025-11-29/1761383345.json"
"515320","135490","2025-12-02","49.00","AUD","1761383345","66155/2025-12-02/1761383345.json"
"515320","135490","2025-12-05","49.00","AUD","1761383345","66155/2025-12-05/1761383345.json"
"515320","135490","2025-12-07","49.00","AUD","1761383345","66155/2025-12-07/1761383345.json"
"515320","135490","2025-12-06","49.00","AUD","1761383345","66155/2025-12-06/1761383345.json"
"515320","135490","2025-12-08","49.00","AUD","1761383345","66155/2025-12-08/1761383345.json"
"515320","135490","2025-12-09","49.00","AUD","1761383345","66155/2025-12-09/1761383345.json"
"515320","135490","2025-12-12","49.00","AUD","1761383345","66155/2025-12-12/1761383345.json"
"515320","135490","2025-12-13","49.00","AUD","1761383345","66155/2025-12-13/1761383345.json"
"515320","135490","2025-12-16","49.00","AUD","1761383345","66155/2025-12-16/1761383345.json"
"515320","135490","2025-12-19","49.00","AUD","1761383345","66155/2025-12-19/1761383345.json"
"515320","135490","2025-12-23","49.00","AUD","1761383345","66155/2025-12-23/1761383345.json"
"515320","135490","2025-12-20","49.00","AUD","1761383345","66155/2025-12-20/1761383345.json"
"515320","135490","2025-12-24","49.00","AUD","1761383345","66155/2025-12-24/1761383345.json"
"515320","135490","2025-10-28","49.00","AUD","1761399211","66155/2025-10-28/1761399211.json"
"515320","135490","2025-10-27","49.00","AUD","1761399211","66155/2025-10-27/1761399211.json"
"515320","135490","2025-10-26","49.00","AUD","1761399211","66155/2025-10-26/1761399211.json"
"515320","135490","2025-10-30","49.00","AUD","1761399211","66155/2025-10-30/1761399211.json"
"515320","135490","2025-10-29","49.00","AUD","1761399211","66155/2025-10-29/1761399211.json"
"515320","135490","2025-11-02","49.00","AUD","1761399211","66155/2025-11-02/1761399211.json"
"515320","135490","2025-11-03","49.00","AUD","1761399211","66155/2025-11-03/1761399211.json"
"515320","135490","2025-11-04","49.00","AUD","1761399211","66155/2025-11-04/1761399211.json"
"515320","135490","2025-11-05","49.00","AUD","1761399211","66155/2025-11-05/1761399211.json"
"515320","135490","2025-11-06","49.00","AUD","1761399211","66155/2025-11-06/1761399211.json"
"515320","135490","2025-11-09","49.00","AUD","1761399211","66155/2025-11-09/1761399211.json"
"515320","135490","2025-11-11","49.00","AUD","1761399211","66155/2025-11-11/1761399211.json"
"515320","135490","2025-11-12","49.00","AUD","1761399211","66155/2025-11-12/1761399211.json"
"515320","135490","2025-11-13","49.00","AUD","1761399211","66155/2025-11-13/1761399211.json"
"515320","135490","2025-11-10","49.00","AUD","1761399211","66155/2025-11-10/1761399211.json"
"515320","135490","2025-11-14","49.00","AUD","1761399211","66155/2025-11-14/1761399211.json"
"515320","135490","2025-11-15","49.00","AUD","1761399211","66155/2025-11-15/1761399211.json"
"515320","135490","2025-11-16","49.00","AUD","1761399211","66155/2025-11-16/1761399211.json"
"515320","135490","2025-11-17","49.00","AUD","1761399211","66155/2025-11-17/1761399211.json"
"515320","135490","2025-11-18","49.00","AUD","1761399211","66155/2025-11-18/1761399211.json"
"515320","135490","2025-11-19","49.00","AUD","1761399211","66155/2025-11-19/1761399211.json"
"515320","135490","2025-11-20","49.00","AUD","1761399211","66155/2025-11-20/1761399211.json"
"515320","135490","2025-11-22","49.00","AUD","1761399211","66155/2025-11-22/1761399211.json"
"515320","135490","2025-11-23","49.00","AUD","1761399211","66155/2025-11-23/1761399211.json"
"515320","135490","2025-11-21","49.00","AUD","1761399211","66155/2025-11-21/1761399211.json"
"515320","135490","2025-11-25","49.00","AUD","1761399211","66155/2025-11-25/1761399211.json"
"515320","135490","2025-11-26","49.00","AUD","1761399211","66155/2025-11-26/1761399211.json"
"515320","135490","2025-11-27","49.00","AUD","1761399211","66155/2025-11-27/1761399211.json"
"515320","135490","2025-11-24","49.00","AUD","1761399211","66155/2025-11-24/1761399211.json"
"515320","135490","2025-11-28","49.00","AUD","1761399211","66155/2025-11-28/1761399211.json"
"515320","135490","2025-11-29","49.00","AUD","1761399211","66155/2025-11-29/1761399211.json"
"515320","135490","2025-12-02","49.00","AUD","1761399211","66155/2025-12-02/1761399211.json"
"515320","135490","2025-12-05","49.00","AUD","1761399211","66155/2025-12-05/1761399211.json"
"515320","135490","2025-12-06","49.00","AUD","1761399211","66155/2025-12-06/1761399211.json"
"515320","135490","2025-12-07","49.00","AUD","1761399211","66155/2025-12-07/1761399211.json"
"515320","135490","2025-12-08","49.00","AUD","1761399211","66155/2025-12-08/1761399211.json"
"515320","135490","2025-12-09","49.00","AUD","1761399211","66155/2025-12-09/1761399211.json"
"515320","135490","2025-12-12","49.00","AUD","1761399211","66155/2025-12-12/1761399211.json"
"515320","135490","2025-12-13","49.00","AUD","1761399211","66155/2025-12-13/1761399211.json"
"515320","135490","2025-12-16","49.00","AUD","1761399211","66155/2025-12-16/1761399211.json"
"515320","135490","2025-12-19","49.00","AUD","1761399211","66155/2025-12-19/1761399211.json"
"515320","135490","2025-12-20","49.00","AUD","1761399211","66155/2025-12-20/1761399211.json"
"515320","135490","2025-12-23","49.00","AUD","1761399211","66155/2025-12-23/1761399211.json"
"515320","135490","2025-12-24","49.00","AUD","1761399211","66155/2025-12-24/1761399211.json"
"515320","135490","2025-10-27","49.00","AUD","1761412260","66155/2025-10-27/1761412260.json"
"515320","135490","2025-10-28","49.00","AUD","1761412260","66155/2025-10-28/1761412260.json"
"515320","135490","2025-10-26","49.00","AUD","1761412260","66155/2025-10-26/1761412260.json"
"515320","135490","2025-10-29","49.00","AUD","1761412260","66155/2025-10-29/1761412260.json"
"515320","135490","2025-10-30","49.00","AUD","1761412260","66155/2025-10-30/1761412260.json"
"515320","135490","2025-11-03","49.00","AUD","1761412260","66155/2025-11-03/1761412260.json"
"515320","135490","2025-11-02","49.00","AUD","1761412260","66155/2025-11-02/1761412260.json"
"515320","135490","2025-11-04","49.00","AUD","1761412260","66155/2025-11-04/1761412260.json"
"515320","135490","2025-11-05","49.00","AUD","1761412260","66155/2025-11-05/1761412260.json"
"515320","135490","2025-11-06","49.00","AUD","1761412260","66155/2025-11-06/1761412260.json"
"515320","135490","2025-11-09","49.00","AUD","1761412260","66155/2025-11-09/1761412260.json"
"515320","135490","2025-11-10","49.00","AUD","1761412260","66155/2025-11-10/1761412260.json"
"515320","135490","2025-11-11","49.00","AUD","1761412260","66155/2025-11-11/1761412260.json"
"515320","135490","2025-11-12","49.00","AUD","1761412260","66155/2025-11-12/1761412260.json"
"515320","135490","2025-11-13","49.00","AUD","1761412260","66155/2025-11-13/1761412260.json"
"515320","135490","2025-11-15","49.00","AUD","1761412260","66155/2025-11-15/1761412260.json"
"515320","135490","2025-11-14","49.00","AUD","1761412260","66155/2025-11-14/1761412260.json"
"515320","135490","2025-11-16","49.00","AUD","1761412260","66155/2025-11-16/1761412260.json"
"515320","135490","2025-11-17","49.00","AUD","1761412260","66155/2025-11-17/1761412260.json"
"515320","135490","2025-11-18","49.00","AUD","1761412260","66155/2025-11-18/1761412260.json"
"515320","135490","2025-11-20","49.00","AUD","1761412260","66155/2025-11-20/1761412260.json"
"515320","135490","2025-11-19","49.00","AUD","1761412260","66155/2025-11-19/1761412260.json"
"515320","135490","2025-11-21","49.00","AUD","1761412260","66155/2025-11-21/1761412260.json"
"515320","135490","2025-11-22","49.00","AUD","1761412260","66155/2025-11-22/1761412260.json"
"515320","135490","2025-11-23","49.00","AUD","1761412260","66155/2025-11-23/1761412260.json"
"515320","135490","2025-11-25","49.00","AUD","1761412260","66155/2025-11-25/1761412260.json"
"515320","135490","2025-11-24","49.00","AUD","1761412260","66155/2025-11-24/1761412260.json"
"515320","135490","2025-11-26","49.00","AUD","1761412260","66155/2025-11-26/1761412260.json"
"515320","135490","2025-11-27","49.00","AUD","1761412260","66155/2025-11-27/1761412260.json"
"515320","135490","2025-11-28","49.00","AUD","1761412260","66155/2025-11-28/1761412260.json"
"515320","135490","2025-11-29","49.00","AUD","1761412260","66155/2025-11-29/1761412260.json"
"515320","135490","2025-12-02","49.00","AUD","1761412260","66155/2025-12-02/1761412260.json"
"515320","135490","2025-12-06","49.00","AUD","1761412260","66155/2025-12-06/1761412260.json"
"515320","135490","2025-12-05","49.00","AUD","1761412260","66155/2025-12-05/1761412260.json"
"515320","135490","2025-12-07","49.00","AUD","1761412260","66155/2025-12-07/1761412260.json"
"515320","135490","2025-12-08","49.00","AUD","1761412260","66155/2025-12-08/1761412260.json"
"515320","135490","2025-12-09","49.00","AUD","1761412260","66155/2025-12-09/1761412260.json"
"515320","135490","2025-12-12","49.00","AUD","1761412260","66155/2025-12-12/1761412260.json"
"515320","135490","2025-12-13","49.00","AUD","1761412260","66155/2025-12-13/1761412260.json"
"515320","135490","2025-12-16","49.00","AUD","1761412260","66155/2025-12-16/1761412260.json"
"515320","135490","2025-12-20","49.00","AUD","1761412260","66155/2025-12-20/1761412260.json"
"515320","135490","2025-12-19","49.00","AUD","1761412260","66155/2025-12-19/1761412260.json"
"515320","135490","2025-12-24","49.00","AUD","1761412260","66155/2025-12-24/1761412260.json"
"515320","135490","2025-12-23","49.00","AUD","1761412260","66155/2025-12-23/1761412260.json"
"515320","135490","2025-10-27","49.00","AUD","1761426352","66155/2025-10-27/1761426352.json"
"515320","135490","2025-10-28","49.00","AUD","1761426352","66155/2025-10-28/1761426352.json"
"515320","135490","2025-10-26","49.00","AUD","1761426352","66155/2025-10-26/1761426352.json"
"515320","135490","2025-10-29","49.00","AUD","1761426352","66155/2025-10-29/1761426352.json"
"515320","135490","2025-10-30","49.00","AUD","1761426352","66155/2025-10-30/1761426352.json"
"515320","135490","2025-11-02","49.00","AUD","1761426352","66155/2025-11-02/1761426352.json"
"515320","135490","2025-11-03","49.00","AUD","1761426352","66155/2025-11-03/1761426352.json"
"515320","135490","2025-11-04","49.00","AUD","1761426352","66155/2025-11-04/1761426352.json"
"515320","135490","2025-11-06","49.00","AUD","1761426352","66155/2025-11-06/1761426352.json"
"515320","135490","2025-11-05","49.00","AUD","1761426352","66155/2025-11-05/1761426352.json"
"515320","135490","2025-11-10","49.00","AUD","1761426352","66155/2025-11-10/1761426352.json"
"515320","135490","2025-11-09","49.00","AUD","1761426352","66155/2025-11-09/1761426352.json"
"515320","135490","2025-11-11","49.00","AUD","1761426352","66155/2025-11-11/1761426352.json"
"515320","135490","2025-11-12","49.00","AUD","1761426352","66155/2025-11-12/1761426352.json"
"515320","135490","2025-11-14","49.00","AUD","1761426352","66155/2025-11-14/1761426352.json"
"515320","135490","2025-11-15","49.00","AUD","1761426352","66155/2025-11-15/1761426352.json"
"515320","135490","2025-11-16","49.00","AUD","1761426352","66155/2025-11-16/1761426352.json"
"515320","135490","2025-11-17","49.00","AUD","1761426352","66155/2025-11-17/1761426352.json"
"515320","135490","2025-11-13","49.00","AUD","1761426352","66155/2025-11-13/1761426352.json"
"515320","135490","2025-11-18","49.00","AUD","1761426352","66155/2025-11-18/1761426352.json"
"515320","135490","2025-11-20","49.00","AUD","1761426352","66155/2025-11-20/1761426352.json"
"515320","135490","2025-11-19","49.00","AUD","1761426352","66155/2025-11-19/1761426352.json"
"515320","135490","2025-11-21","49.00","AUD","1761426352","66155/2025-11-21/1761426352.json"
"515320","135490","2025-11-23","49.00","AUD","1761426352","66155/2025-11-23/1761426352.json"
"515320","135490","2025-11-24","49.00","AUD","1761426352","66155/2025-11-24/1761426352.json"
"515320","135490","2025-11-25","49.00","AUD","1761426352","66155/2025-11-25/1761426352.json"
"515320","135490","2025-11-22","49.00","AUD","1761426352","66155/2025-11-22/1761426352.json"
"515320","135490","2025-11-27","49.00","AUD","1761426352","66155/2025-11-27/1761426352.json"
"515320","135490","2025-11-26","49.00","AUD","1761426352","66155/2025-11-26/1761426352.json"
"515320","135490","2025-11-29","49.00","AUD","1761426352","66155/2025-11-29/1761426352.json"
"515320","135490","2025-11-28","49.00","AUD","1761426352","66155/2025-11-28/1761426352.json"
"515320","135490","2025-12-02","49.00","AUD","1761426352","66155/2025-12-02/1761426352.json"
"515320","135490","2025-12-06","49.00","AUD","1761426352","66155/2025-12-06/1761426352.json"
"515320","135490","2025-12-07","49.00","AUD","1761426352","66155/2025-12-07/1761426352.json"
"515320","135490","2025-12-05","49.00","AUD","1761426352","66155/2025-12-05/1761426352.json"
"515320","135490","2025-12-08","49.00","AUD","1761426352","66155/2025-12-08/1761426352.json"
"515320","135490","2025-12-09","49.00","AUD","1761426352","66155/2025-12-09/1761426352.json"
"515320","135490","2025-12-12","49.00","AUD","1761426352","66155/2025-12-12/1761426352.json"
"515320","135490","2025-12-13","49.00","AUD","1761426352","66155/2025-12-13/1761426352.json"
"515320","135490","2025-12-16","49.00","AUD","1761426352","66155/2025-12-16/1761426352.json"
"515320","135490","2025-12-20","49.00","AUD","1761426352","66155/2025-12-20/1761426352.json"
"515320","135490","2025-12-19","49.00","AUD","1761426352","66155/2025-12-19/1761426352.json"
"515320","135490","2025-12-23","49.00","AUD","1761426352","66155/2025-12-23/1761426352.json"
"515320","135490","2025-12-24","49.00","AUD","1761426352","66155/2025-12-24/1761426352.json"
"515320","135490","2025-10-29","49.00","AUD","1761451198","66155/2025-10-29/1761451198.json"
"515320","135490","2025-10-27","49.00","AUD","1761451198","66155/2025-10-27/1761451198.json"
"515320","135490","2025-10-26","49.00","AUD","1761451198","66155/2025-10-26/1761451198.json"
"515320","135490","2025-10-28","49.00","AUD","1761451198","66155/2025-10-28/1761451198.json"
"515320","135490","2025-10-30","49.00","AUD","1761451198","66155/2025-10-30/1761451198.json"
"515320","135490","2025-11-02","49.00","AUD","1761451198","66155/2025-11-02/1761451198.json"
"515320","135490","2025-11-04","49.00","AUD","1761451198","66155/2025-11-04/1761451198.json"
"515320","135490","2025-11-06","49.00","AUD","1761451198","66155/2025-11-06/1761451198.json"
"515320","135490","2025-11-05","49.00","AUD","1761451198","66155/2025-11-05/1761451198.json"
"515320","135490","2025-11-03","49.00","AUD","1761451198","66155/2025-11-03/1761451198.json"
"515320","135490","2025-11-09","49.00","AUD","1761451198","66155/2025-11-09/1761451198.json"
"515320","135490","2025-11-10","49.00","AUD","1761451198","66155/2025-11-10/1761451198.json"
"515320","135490","2025-11-12","49.00","AUD","1761451198","66155/2025-11-12/1761451198.json"
"515320","135490","2025-11-11","49.00","AUD","1761451198","66155/2025-11-11/1761451198.json"
"515320","135490","2025-11-13","49.00","AUD","1761451198","66155/2025-11-13/1761451198.json"
"515320","135490","2025-11-14","49.00","AUD","1761451198","66155/2025-11-14/1761451198.json"
"515320","135490","2025-11-16","49.00","AUD","1761451198","66155/2025-11-16/1761451198.json"
"515320","135490","2025-11-15","49.00","AUD","1761451198","66155/2025-11-15/1761451198.json"
"515320","135490","2025-11-17","49.00","AUD","1761451198","66155/2025-11-17/1761451198.json"
"515320","135490","2025-11-18","49.00","AUD","1761451198","66155/2025-11-18/1761451198.json"
"515320","135490","2025-11-20","49.00","AUD","1761451198","66155/2025-11-20/1761451198.json"
"515320","135490","2025-11-19","49.00","AUD","1761451198","66155/2025-11-19/1761451198.json"
"515320","135490","2025-11-21","49.00","AUD","1761451198","66155/2025-11-21/1761451198.json"
"515320","135490","2025-11-23","49.00","AUD","1761451198","66155/2025-11-23/1761451198.json"
"515320","135490","2025-11-24","49.00","AUD","1761451198","66155/2025-11-24/1761451198.json"
"515320","135490","2025-11-22","49.00","AUD","1761451198","66155/2025-11-22/1761451198.json"
"515320","135490","2025-11-25","49.00","AUD","1761451198","66155/2025-11-25/1761451198.json"
"515320","135490","2025-11-26","49.00","AUD","1761451198","66155/2025-11-26/1761451198.json"
"515320","135490","2025-11-27","49.00","AUD","1761451198","66155/2025-11-27/1761451198.json"
"515320","135490","2025-11-28","49.00","AUD","1761451198","66155/2025-11-28/1761451198.json"
"515320","135490","2025-11-29","49.00","AUD","1761451198","66155/2025-11-29/1761451198.json"
"515320","135490","2025-12-02","49.00","AUD","1761451198","66155/2025-12-02/1761451198.json"
"515320","135490","2025-12-05","49.00","AUD","1761451198","66155/2025-12-05/1761451198.json"
"515320","135490","2025-12-06","49.00","AUD","1761451198","66155/2025-12-06/1761451198.json"
"515320","135490","2025-12-07","49.00","AUD","1761451198","66155/2025-12-07/1761451198.json"
"515320","135490","2025-12-09","49.00","AUD","1761451198","66155/2025-12-09/1761451198.json"
"515320","135490","2025-12-08","49.00","AUD","1761451198","66155/2025-12-08/1761451198.json"
"515320","135490","2025-12-12","49.00","AUD","1761451198","66155/2025-12-12/1761451198.json"
"515320","135490","2025-12-13","49.00","AUD","1761451198","66155/2025-12-13/1761451198.json"
"515320","135490","2025-12-16","49.00","AUD","1761451198","66155/2025-12-16/1761451198.json"
"515320","135490","2025-12-19","49.00","AUD","1761451198","66155/2025-12-19/1761451198.json"
"515320","135490","2025-12-20","49.00","AUD","1761451198","66155/2025-12-20/1761451198.json"
"515320","135490","2025-12-24","49.00","AUD","1761451198","66155/2025-12-24/1761451198.json"
"515320","135490","2025-12-23","49.00","AUD","1761451198","66155/2025-12-23/1761451198.json"
"515320","135490","2025-12-25","49.00","AUD","1761451198","66155/2025-12-25/1761451198.json"
"515320","135490","2025-10-28","49.00","AUD","1761455235","66155/2025-10-28/1761455235.json"
"515320","135490","2025-10-26","49.00","AUD","1761455235","66155/2025-10-26/1761455235.json"
"515320","135490","2025-10-27","49.00","AUD","1761455235","66155/2025-10-27/1761455235.json"
"515320","135490","2025-10-29","49.00","AUD","1761455235","66155/2025-10-29/1761455235.json"
"515320","135490","2025-10-30","49.00","AUD","1761455235","66155/2025-10-30/1761455235.json"
"515320","135490","2025-11-02","49.00","AUD","1761455235","66155/2025-11-02/1761455235.json"
"515320","135490","2025-11-03","49.00","AUD","1761455235","66155/2025-11-03/1761455235.json"
"515320","135490","2025-11-04","49.00","AUD","1761455235","66155/2025-11-04/1761455235.json"
"515320","135490","2025-11-06","49.00","AUD","1761455235","66155/2025-11-06/1761455235.json"
"515320","135490","2025-11-05","49.00","AUD","1761455235","66155/2025-11-05/1761455235.json"
"515320","135490","2025-11-09","49.00","AUD","1761455235","66155/2025-11-09/1761455235.json"
"515320","135490","2025-11-10","49.00","AUD","1761455235","66155/2025-11-10/1761455235.json"
"515320","135490","2025-11-11","49.00","AUD","1761455235","66155/2025-11-11/1761455235.json"
"515320","135490","2025-11-12","49.00","AUD","1761455235","66155/2025-11-12/1761455235.json"
"515320","135490","2025-11-14","49.00","AUD","1761455235","66155/2025-11-14/1761455235.json"
"515320","135490","2025-11-13","49.00","AUD","1761455235","66155/2025-11-13/1761455235.json"
"515320","135490","2025-11-15","49.00","AUD","1761455235","66155/2025-11-15/1761455235.json"
"515320","135490","2025-11-16","49.00","AUD","1761455235","66155/2025-11-16/1761455235.json"
"515320","135490","2025-11-18","49.00","AUD","1761455235","66155/2025-11-18/1761455235.json"
"515320","135490","2025-11-17","49.00","AUD","1761455235","66155/2025-11-17/1761455235.json"
"515320","135490","2025-11-19","49.00","AUD","1761455235","66155/2025-11-19/1761455235.json"
"515320","135490","2025-11-20","49.00","AUD","1761455235","66155/2025-11-20/1761455235.json"
"515320","135490","2025-11-22","49.00","AUD","1761455235","66155/2025-11-22/1761455235.json"
"515320","135490","2025-11-21","49.00","AUD","1761455235","66155/2025-11-21/1761455235.json"
"515320","135490","2025-11-23","49.00","AUD","1761455235","66155/2025-11-23/1761455235.json"
"515320","135490","2025-11-24","49.00","AUD","1761455235","66155/2025-11-24/1761455235.json"
"515320","135490","2025-11-25","49.00","AUD","1761455235","66155/2025-11-25/1761455235.json"
"515320","135490","2025-11-26","49.00","AUD","1761455235","66155/2025-11-26/1761455235.json"
"515320","135490","2025-11-27","49.00","AUD","1761455235","66155/2025-11-27/1761455235.json"
"515320","135490","2025-11-28","49.00","AUD","1761455235","66155/2025-11-28/1761455235.json"
"515320","135490","2025-11-29","49.00","AUD","1761455235","66155/2025-11-29/1761455235.json"
"515320","135490","2025-12-02","49.00","AUD","1761455235","66155/2025-12-02/1761455235.json"
"515320","135490","2025-12-05","49.00","AUD","1761455235","66155/2025-12-05/1761455235.json"
"515320","135490","2025-12-06","49.00","AUD","1761455235","66155/2025-12-06/1761455235.json"
"515320","135490","2025-12-07","49.00","AUD","1761455235","66155/2025-12-07/1761455235.json"
"515320","135490","2025-12-09","49.00","AUD","1761455235","66155/2025-12-09/1761455235.json"
"515320","135490","2025-12-08","49.00","AUD","1761455235","66155/2025-12-08/1761455235.json"
"515320","135490","2025-12-12","49.00","AUD","1761455235","66155/2025-12-12/1761455235.json"
"515320","135490","2025-12-13","49.00","AUD","1761455235","66155/2025-12-13/1761455235.json"
"515320","135490","2025-12-16","49.00","AUD","1761455235","66155/2025-12-16/1761455235.json"
"515320","135490","2025-12-19","49.00","AUD","1761455235","66155/2025-12-19/1761455235.json"
"515320","135490","2025-12-20","49.00","AUD","1761455235","66155/2025-12-20/1761455235.json"
"515320","135490","2025-12-23","49.00","AUD","1761455235","66155/2025-12-23/1761455235.json"
"515320","135490","2025-12-24","49.00","AUD","1761455235","66155/2025-12-24/1761455235.json"
"515320","135490","2025-12-25","49.00","AUD","1761455235","66155/2025-12-25/1761455235.json"
"515320","135490","2025-10-28","49.00","AUD","1761469595","66155/2025-10-28/1761469595.json"
"515320","135490","2025-10-29","49.00","AUD","1761469595","66155/2025-10-29/1761469595.json"
"515320","135490","2025-10-26","49.00","AUD","1761469595","66155/2025-10-26/1761469595.json"
"515320","135490","2025-10-27","49.00","AUD","1761469595","66155/2025-10-27/1761469595.json"
"515320","135490","2025-10-30","49.00","AUD","1761469595","66155/2025-10-30/1761469595.json"
"515320","135490","2025-11-02","49.00","AUD","1761469595","66155/2025-11-02/1761469595.json"
"515320","135490","2025-11-04","49.00","AUD","1761469595","66155/2025-11-04/1761469595.json"
"515320","135490","2025-11-05","49.00","AUD","1761469595","66155/2025-11-05/1761469595.json"
"515320","135490","2025-11-03","49.00","AUD","1761469595","66155/2025-11-03/1761469595.json"
"515320","135490","2025-11-06","49.00","AUD","1761469595","66155/2025-11-06/1761469595.json"
"515320","135490","2025-11-09","49.00","AUD","1761469595","66155/2025-11-09/1761469595.json"
"515320","135490","2025-11-10","49.00","AUD","1761469595","66155/2025-11-10/1761469595.json"
"515320","135490","2025-11-11","49.00","AUD","1761469595","66155/2025-11-11/1761469595.json"
"515320","135490","2025-11-12","49.00","AUD","1761469595","66155/2025-11-12/1761469595.json"
"515320","135490","2025-11-13","49.00","AUD","1761469595","66155/2025-11-13/1761469595.json"
"515320","135490","2025-11-14","49.00","AUD","1761469595","66155/2025-11-14/1761469595.json"
"515320","135490","2025-11-16","49.00","AUD","1761469595","66155/2025-11-16/1761469595.json"
"515320","135490","2025-11-15","49.00","AUD","1761469595","66155/2025-11-15/1761469595.json"
"515320","135490","2025-11-17","49.00","AUD","1761469595","66155/2025-11-17/1761469595.json"
"515320","135490","2025-11-18","49.00","AUD","1761469595","66155/2025-11-18/1761469595.json"
"515320","135490","2025-11-20","49.00","AUD","1761469595","66155/2025-11-20/1761469595.json"
"515320","135490","2025-11-19","49.00","AUD","1761469595","66155/2025-11-19/1761469595.json"
"515320","135490","2025-11-21","49.00","AUD","1761469595","66155/2025-11-21/1761469595.json"
"515320","135490","2025-11-23","49.00","AUD","1761469595","66155/2025-11-23/1761469595.json"
"515320","135490","2025-11-24","49.00","AUD","1761469595","66155/2025-11-24/1761469595.json"
"515320","135490","2025-11-22","49.00","AUD","1761469595","66155/2025-11-22/1761469595.json"
"515320","135490","2025-11-25","49.00","AUD","1761469595","66155/2025-11-25/1761469595.json"
"515320","135490","2025-11-27","49.00","AUD","1761469595","66155/2025-11-27/1761469595.json"
"515320","135490","2025-11-26","49.00","AUD","1761469595","66155/2025-11-26/1761469595.json"
"515320","135490","2025-11-28","49.00","AUD","1761469595","66155/2025-11-28/1761469595.json"
"515320","135490","2025-11-29","49.00","AUD","1761469595","66155/2025-11-29/1761469595.json"
"515320","135490","2025-12-02","49.00","AUD","1761469595","66155/2025-12-02/1761469595.json"
"515320","135490","2025-12-06","49.00","AUD","1761469595","66155/2025-12-06/1761469595.json"
"515320","135490","2025-12-05","49.00","AUD","1761469595","66155/2025-12-05/1761469595.json"
"515320","135490","2025-12-07","49.00","AUD","1761469595","66155/2025-12-07/1761469595.json"
"515320","135490","2025-12-09","49.00","AUD","1761469595","66155/2025-12-09/1761469595.json"
"515320","135490","2025-12-08","49.00","AUD","1761469595","66155/2025-12-08/1761469595.json"
"515320","135490","2025-12-12","49.00","AUD","1761469595","66155/2025-12-12/1761469595.json"
"515320","135490","2025-12-13","49.00","AUD","1761469595","66155/2025-12-13/1761469595.json"
"515320","135490","2025-12-16","49.00","AUD","1761469595","66155/2025-12-16/1761469595.json"
"515320","135490","2025-12-19","49.00","AUD","1761469595","66155/2025-12-19/1761469595.json"
"515320","135490","2025-12-20","49.00","AUD","1761469595","66155/2025-12-20/1761469595.json"
"515320","135490","2025-12-23","49.00","AUD","1761469595","66155/2025-12-23/1761469595.json"
"515320","135490","2025-12-24","49.00","AUD","1761469595","66155/2025-12-24/1761469595.json"
"515320","135490","2025-12-25","49.00","AUD","1761469595","66155/2025-12-25/1761469595.json"
"515320","135490","2025-10-27","49.00","AUD","1761485777","66155/2025-10-27/1761485777.json"
"515320","135490","2025-10-29","49.00","AUD","1761485777","66155/2025-10-29/1761485777.json"
"515320","135490","2025-10-28","49.00","AUD","1761485777","66155/2025-10-28/1761485777.json"
"515320","135490","2025-10-30","49.00","AUD","1761485777","66155/2025-10-30/1761485777.json"
"515320","135490","2025-11-02","49.00","AUD","1761485777","66155/2025-11-02/1761485777.json"
"515320","135490","2025-11-04","49.00","AUD","1761485777","66155/2025-11-04/1761485777.json"
"515320","135490","2025-11-03","49.00","AUD","1761485777","66155/2025-11-03/1761485777.json"
"515320","135490","2025-11-05","49.00","AUD","1761485777","66155/2025-11-05/1761485777.json"
"515320","135490","2025-11-06","49.00","AUD","1761485777","66155/2025-11-06/1761485777.json"
"515320","135490","2025-11-09","49.00","AUD","1761485777","66155/2025-11-09/1761485777.json"
"515320","135490","2025-11-10","49.00","AUD","1761485777","66155/2025-11-10/1761485777.json"
"515320","135490","2025-11-11","49.00","AUD","1761485777","66155/2025-11-11/1761485777.json"
"515320","135490","2025-11-12","49.00","AUD","1761485777","66155/2025-11-12/1761485777.json"
"515320","135490","2025-11-13","49.00","AUD","1761485777","66155/2025-11-13/1761485777.json"
"515320","135490","2025-11-14","49.00","AUD","1761485777","66155/2025-11-14/1761485777.json"
"515320","135490","2025-11-15","49.00","AUD","1761485777","66155/2025-11-15/1761485777.json"
"515320","135490","2025-11-16","49.00","AUD","1761485777","66155/2025-11-16/1761485777.json"
"515320","135490","2025-11-18","49.00","AUD","1761485777","66155/2025-11-18/1761485777.json"
"515320","135490","2025-11-19","49.00","AUD","1761485777","66155/2025-11-19/1761485777.json"
"515320","135490","2025-11-20","49.00","AUD","1761485777","66155/2025-11-20/1761485777.json"
"515320","135490","2025-11-22","49.00","AUD","1761485777","66155/2025-11-22/1761485777.json"
"515320","135490","2025-11-23","49.00","AUD","1761485777","66155/2025-11-23/1761485777.json"
"515320","135490","2025-11-24","49.00","AUD","1761485777","66155/2025-11-24/1761485777.json"
"515320","135490","2025-11-25","49.00","AUD","1761485777","66155/2025-11-25/1761485777.json"
"515320","135490","2025-11-26","49.00","AUD","1761485777","66155/2025-11-26/1761485777.json"
"515320","135490","2025-11-27","49.00","AUD","1761485777","66155/2025-11-27/1761485777.json"
"515320","135490","2025-11-28","49.00","AUD","1761485777","66155/2025-11-28/1761485777.json"
"515320","135490","2025-11-29","49.00","AUD","1761485777","66155/2025-11-29/1761485777.json"
"515320","135490","2025-12-02","49.00","AUD","1761485777","66155/2025-12-02/1761485777.json"
"515320","135490","2025-12-05","49.00","AUD","1761485777","66155/2025-12-05/1761485777.json"
"515320","135490","2025-12-06","49.00","AUD","1761485777","66155/2025-12-06/1761485777.json"
"515320","135490","2025-12-07","49.00","AUD","1761485777","66155/2025-12-07/1761485777.json"
"515320","135490","2025-12-08","49.00","AUD","1761485777","66155/2025-12-08/1761485777.json"
"515320","135490","2025-12-09","49.00","AUD","1761485777","66155/2025-12-09/1761485777.json"
"515320","135490","2025-12-12","49.00","AUD","1761485777","66155/2025-12-12/1761485777.json"
"515320","135490","2025-12-13","49.00","AUD","1761485777","66155/2025-12-13/1761485777.json"
"515320","135490","2025-11-21","49.00","AUD","1761485777","66155/2025-11-21/1761485777.json"
"515320","135490","2025-11-17","49.00","AUD","1761485777","66155/2025-11-17/1761485777.json"
"515320","135490","2025-12-16","49.00","AUD","1761485777","66155/2025-12-16/1761485777.json"
"515320","135490","2025-12-19","49.00","AUD","1761485777","66155/2025-12-19/1761485777.json"
"515320","135490","2025-12-20","49.00","AUD","1761485777","66155/2025-12-20/1761485777.json"
"515320","135490","2025-12-23","49.00","AUD","1761485777","66155/2025-12-23/1761485777.json"
"515320","135490","2025-12-24","49.00","AUD","1761485777","66155/2025-12-24/1761485777.json"
"515320","135490","2025-12-25","49.00","AUD","1761485777","66155/2025-12-25/1761485777.json"
"515320","135490","2025-10-28","49.00","AUD","1761498896","66155/2025-10-28/1761498896.json"
"515320","135490","2025-10-29","49.00","AUD","1761498896","66155/2025-10-29/1761498896.json"
"515320","135490","2025-10-27","49.00","AUD","1761498896","66155/2025-10-27/1761498896.json"
"515320","135490","2025-10-30","49.00","AUD","1761498896","66155/2025-10-30/1761498896.json"
"515320","135490","2025-11-02","49.00","AUD","1761498896","66155/2025-11-02/1761498896.json"
"515320","135490","2025-11-03","49.00","AUD","1761498896","66155/2025-11-03/1761498896.json"
"515320","135490","2025-11-04","49.00","AUD","1761498896","66155/2025-11-04/1761498896.json"
"515320","135490","2025-11-05","49.00","AUD","1761498896","66155/2025-11-05/1761498896.json"
"515320","135490","2025-11-06","49.00","AUD","1761498896","66155/2025-11-06/1761498896.json"
"515320","135490","2025-11-10","49.00","AUD","1761498896","66155/2025-11-10/1761498896.json"
"515320","135490","2025-11-11","49.00","AUD","1761498896","66155/2025-11-11/1761498896.json"
"515320","135490","2025-11-09","49.00","AUD","1761498896","66155/2025-11-09/1761498896.json"
"515320","135490","2025-11-13","49.00","AUD","1761498896","66155/2025-11-13/1761498896.json"
"515320","135490","2025-11-14","49.00","AUD","1761498896","66155/2025-11-14/1761498896.json"
"515320","135490","2025-11-12","49.00","AUD","1761498896","66155/2025-11-12/1761498896.json"
"515320","135490","2025-11-15","49.00","AUD","1761498896","66155/2025-11-15/1761498896.json"
"515320","135490","2025-11-17","49.00","AUD","1761498896","66155/2025-11-17/1761498896.json"
"515320","135490","2025-11-16","49.00","AUD","1761498896","66155/2025-11-16/1761498896.json"
"515320","135490","2025-11-18","49.00","AUD","1761498896","66155/2025-11-18/1761498896.json"
"515320","135490","2025-11-19","49.00","AUD","1761498896","66155/2025-11-19/1761498896.json"
"515320","135490","2025-11-20","49.00","AUD","1761498896","66155/2025-11-20/1761498896.json"
"515320","135490","2025-11-22","49.00","AUD","1761498896","66155/2025-11-22/1761498896.json"
"515320","135490","2025-11-21","49.00","AUD","1761498896","66155/2025-11-21/1761498896.json"
"515320","135490","2025-11-24","49.00","AUD","1761498896","66155/2025-11-24/1761498896.json"
"515320","135490","2025-11-26","49.00","AUD","1761498896","66155/2025-11-26/1761498896.json"
"515320","135490","2025-11-25","49.00","AUD","1761498896","66155/2025-11-25/1761498896.json"
"515320","135490","2025-11-27","49.00","AUD","1761498896","66155/2025-11-27/1761498896.json"
"515320","135490","2025-11-28","49.00","AUD","1761498896","66155/2025-11-28/1761498896.json"
"515320","135490","2025-11-29","49.00","AUD","1761498896","66155/2025-11-29/1761498896.json"
"515320","135490","2025-12-02","49.00","AUD","1761498896","66155/2025-12-02/1761498896.json"
"515320","135490","2025-11-23","49.00","AUD","1761498896","66155/2025-11-23/1761498896.json"
"515320","135490","2025-12-05","49.00","AUD","1761498896","66155/2025-12-05/1761498896.json"
"515320","135490","2025-12-06","49.00","AUD","1761498896","66155/2025-12-06/1761498896.json"
"515320","135490","2025-12-07","49.00","AUD","1761498896","66155/2025-12-07/1761498896.json"
"515320","135490","2025-12-08","49.00","AUD","1761498896","66155/2025-12-08/1761498896.json"
"515320","135490","2025-12-09","49.00","AUD","1761498896","66155/2025-12-09/1761498896.json"
"515320","135490","2025-12-12","49.00","AUD","1761498896","66155/2025-12-12/1761498896.json"
"515320","135490","2025-12-13","49.00","AUD","1761498896","66155/2025-12-13/1761498896.json"
"515320","135490","2025-12-16","49.00","AUD","1761498896","66155/2025-12-16/1761498896.json"
"515320","135490","2025-12-19","49.00","AUD","1761498896","66155/2025-12-19/1761498896.json"
"515320","135490","2025-12-20","49.00","AUD","1761498896","66155/2025-12-20/1761498896.json"
"515320","135490","2025-12-23","49.00","AUD","1761498896","66155/2025-12-23/1761498896.json"
"515320","135490","2025-12-24","49.00","AUD","1761498896","66155/2025-12-24/1761498896.json"
"515320","135490","2025-12-25","49.00","AUD","1761498896","66155/2025-12-25/1761498896.json"
"515320","135490","2025-10-27","49.00","AUD","1761512839","66155/2025-10-27/1761512839.json"
"515320","135490","2025-10-29","49.00","AUD","1761512839","66155/2025-10-29/1761512839.json"
"515320","135490","2025-10-28","49.00","AUD","1761512839","66155/2025-10-28/1761512839.json"
"515320","135490","2025-10-30","49.00","AUD","1761512839","66155/2025-10-30/1761512839.json"
"515320","135490","2025-11-02","49.00","AUD","1761512839","66155/2025-11-02/1761512839.json"
"515320","135490","2025-11-03","49.00","AUD","1761512839","66155/2025-11-03/1761512839.json"
"515320","135490","2025-11-04","49.00","AUD","1761512839","66155/2025-11-04/1761512839.json"
"515320","135490","2025-11-05","49.00","AUD","1761512839","66155/2025-11-05/1761512839.json"
"515320","135490","2025-11-06","49.00","AUD","1761512839","66155/2025-11-06/1761512839.json"
"515320","135490","2025-11-09","49.00","AUD","1761512839","66155/2025-11-09/1761512839.json"
"515320","135490","2025-11-10","49.00","AUD","1761512839","66155/2025-11-10/1761512839.json"
"515320","135490","2025-11-11","49.00","AUD","1761512839","66155/2025-11-11/1761512839.json"
"515320","135490","2025-11-12","49.00","AUD","1761512839","66155/2025-11-12/1761512839.json"
"515320","135490","2025-11-13","49.00","AUD","1761512839","66155/2025-11-13/1761512839.json"
"515320","135490","2025-11-14","49.00","AUD","1761512839","66155/2025-11-14/1761512839.json"
"515320","135490","2025-11-15","49.00","AUD","1761512839","66155/2025-11-15/1761512839.json"
"515320","135490","2025-11-16","49.00","AUD","1761512839","66155/2025-11-16/1761512839.json"
"515320","135490","2025-11-17","49.00","AUD","1761512839","66155/2025-11-17/1761512839.json"
"515320","135490","2025-11-18","49.00","AUD","1761512839","66155/2025-11-18/1761512839.json"
"515320","135490","2025-11-19","49.00","AUD","1761512839","66155/2025-11-19/1761512839.json"
"515320","135490","2025-11-20","49.00","AUD","1761512839","66155/2025-11-20/1761512839.json"
"515320","135490","2025-11-21","49.00","AUD","1761512839","66155/2025-11-21/1761512839.json"
"515320","135490","2025-11-23","49.00","AUD","1761512839","66155/2025-11-23/1761512839.json"
"515320","135490","2025-11-22","49.00","AUD","1761512839","66155/2025-11-22/1761512839.json"
"515320","135490","2025-11-24","49.00","AUD","1761512839","66155/2025-11-24/1761512839.json"
"515320","135490","2025-11-25","49.00","AUD","1761512839","66155/2025-11-25/1761512839.json"
"515320","135490","2025-11-26","49.00","AUD","1761512839","66155/2025-11-26/1761512839.json"
"515320","135490","2025-11-27","49.00","AUD","1761512839","66155/2025-11-27/1761512839.json"
"515320","135490","2025-11-29","49.00","AUD","1761512839","66155/2025-11-29/1761512839.json"
"515320","135490","2025-11-28","49.00","AUD","1761512839","66155/2025-11-28/1761512839.json"
"515320","135490","2025-12-02","49.00","AUD","1761512839","66155/2025-12-02/1761512839.json"
"515320","135490","2025-12-05","49.00","AUD","1761512839","66155/2025-12-05/1761512839.json"
"515320","135490","2025-12-06","49.00","AUD","1761512839","66155/2025-12-06/1761512839.json"
"515320","135490","2025-12-08","49.00","AUD","1761512839","66155/2025-12-08/1761512839.json"
"515320","135490","2025-12-09","49.00","AUD","1761512839","66155/2025-12-09/1761512839.json"
"515320","135490","2025-12-07","49.00","AUD","1761512839","66155/2025-12-07/1761512839.json"
"515320","135490","2025-12-12","49.00","AUD","1761512839","66155/2025-12-12/1761512839.json"
"515320","135490","2025-12-13","49.00","AUD","1761512839","66155/2025-12-13/1761512839.json"
"515320","135490","2025-12-16","49.00","AUD","1761512839","66155/2025-12-16/1761512839.json"
"515320","135490","2025-12-19","49.00","AUD","1761512839","66155/2025-12-19/1761512839.json"
"515320","135490","2025-12-20","49.00","AUD","1761512839","66155/2025-12-20/1761512839.json"
"515320","135490","2025-12-23","49.00","AUD","1761512839","66155/2025-12-23/1761512839.json"
"515320","135490","2025-12-25","49.00","AUD","1761512839","66155/2025-12-25/1761512839.json"
"515320","135490","2025-12-24","49.00","AUD","1761512839","66155/2025-12-24/1761512839.json"
"515320","135490","2025-10-29","49.00","AUD","1761538291","66155/2025-10-29/1761538291.json"
"515320","135490","2025-10-28","49.00","AUD","1761538291","66155/2025-10-28/1761538291.json"
"515320","135490","2025-10-27","49.00","AUD","1761538291","66155/2025-10-27/1761538291.json"
"515320","135490","2025-10-30","49.00","AUD","1761538291","66155/2025-10-30/1761538291.json"
"515320","135490","2025-11-03","49.00","AUD","1761538291","66155/2025-11-03/1761538291.json"
"515320","135490","2025-11-02","49.00","AUD","1761538291","66155/2025-11-02/1761538291.json"
"515320","135490","2025-11-04","49.00","AUD","1761538291","66155/2025-11-04/1761538291.json"
"515320","135490","2025-11-05","49.00","AUD","1761538291","66155/2025-11-05/1761538291.json"
"515320","135490","2025-11-06","49.00","AUD","1761538291","66155/2025-11-06/1761538291.json"
"515320","135490","2025-11-09","49.00","AUD","1761538291","66155/2025-11-09/1761538291.json"
"515320","135490","2025-11-12","49.00","AUD","1761538291","66155/2025-11-12/1761538291.json"
"515320","135490","2025-11-10","49.00","AUD","1761538291","66155/2025-11-10/1761538291.json"
"515320","135490","2025-11-11","49.00","AUD","1761538291","66155/2025-11-11/1761538291.json"
"515320","135490","2025-11-13","49.00","AUD","1761538291","66155/2025-11-13/1761538291.json"
"515320","135490","2025-11-16","49.00","AUD","1761538291","66155/2025-11-16/1761538291.json"
"515320","135490","2025-11-14","49.00","AUD","1761538291","66155/2025-11-14/1761538291.json"
"515320","135490","2025-11-15","49.00","AUD","1761538291","66155/2025-11-15/1761538291.json"
"515320","135490","2025-11-17","49.00","AUD","1761538291","66155/2025-11-17/1761538291.json"
"515320","135490","2025-11-18","49.00","AUD","1761538291","66155/2025-11-18/1761538291.json"
"515320","135490","2025-11-21","49.00","AUD","1761538291","66155/2025-11-21/1761538291.json"
"515320","135490","2025-11-19","49.00","AUD","1761538291","66155/2025-11-19/1761538291.json"
"515320","135490","2025-11-20","49.00","AUD","1761538291","66155/2025-11-20/1761538291.json"
"515320","135490","2025-11-23","49.00","AUD","1761538291","66155/2025-11-23/1761538291.json"
"515320","135490","2025-11-22","49.00","AUD","1761538291","66155/2025-11-22/1761538291.json"
"515320","135490","2025-11-24","49.00","AUD","1761538291","66155/2025-11-24/1761538291.json"
"515320","135490","2025-11-25","49.00","AUD","1761538291","66155/2025-11-25/1761538291.json"
"515320","135490","2025-11-26","49.00","AUD","1761538291","66155/2025-11-26/1761538291.json"
"515320","135490","2025-11-29","49.00","AUD","1761538291","66155/2025-11-29/1761538291.json"
"515320","135490","2025-11-28","49.00","AUD","1761538291","66155/2025-11-28/1761538291.json"
"515320","135490","2025-11-27","49.00","AUD","1761538291","66155/2025-11-27/1761538291.json"
"515320","135490","2025-12-02","49.00","AUD","1761538291","66155/2025-12-02/1761538291.json"
"515320","135490","2025-12-05","49.00","AUD","1761538291","66155/2025-12-05/1761538291.json"
"515320","135490","2025-12-06","49.00","AUD","1761538291","66155/2025-12-06/1761538291.json"
"515320","135490","2025-12-07","49.00","AUD","1761538291","66155/2025-12-07/1761538291.json"
"515320","135490","2025-12-09","49.00","AUD","1761538291","66155/2025-12-09/1761538291.json"
"515320","135490","2025-12-08","49.00","AUD","1761538291","66155/2025-12-08/1761538291.json"
"515320","135490","2025-12-12","49.00","AUD","1761538291","66155/2025-12-12/1761538291.json"
"515320","135490","2025-12-13","49.00","AUD","1761538291","66155/2025-12-13/1761538291.json"
"515320","135490","2025-12-16","49.00","AUD","1761538291","66155/2025-12-16/1761538291.json"
"515320","135490","2025-12-19","49.00","AUD","1761538291","66155/2025-12-19/1761538291.json"
"515320","135490","2025-12-20","49.00","AUD","1761538291","66155/2025-12-20/1761538291.json"
"515320","135490","2025-12-23","49.00","AUD","1761538291","66155/2025-12-23/1761538291.json"
"515320","135490","2025-12-24","49.00","AUD","1761538291","66155/2025-12-24/1761538291.json"
"515320","135490","2025-12-25","49.00","AUD","1761538291","66155/2025-12-25/1761538291.json"
"515320","135490","2025-12-26","49.00","AUD","1761538291","66155/2025-12-26/1761538291.json"
"515320","135490","2025-10-27","49.00","AUD","1761542502","66155/2025-10-27/1761542502.json"
"515320","135490","2025-10-29","49.00","AUD","1761542502","66155/2025-10-29/1761542502.json"
"515320","135490","2025-10-28","49.00","AUD","1761542502","66155/2025-10-28/1761542502.json"
"515320","135490","2025-10-30","49.00","AUD","1761542502","66155/2025-10-30/1761542502.json"
"515320","135490","2025-11-02","49.00","AUD","1761542502","66155/2025-11-02/1761542502.json"
"515320","135490","2025-11-03","49.00","AUD","1761542502","66155/2025-11-03/1761542502.json"
"515320","135490","2025-11-04","49.00","AUD","1761542502","66155/2025-11-04/1761542502.json"
"515320","135490","2025-11-05","49.00","AUD","1761542502","66155/2025-11-05/1761542502.json"
"515320","135490","2025-11-06","49.00","AUD","1761542502","66155/2025-11-06/1761542502.json"
"515320","135490","2025-11-09","49.00","AUD","1761542502","66155/2025-11-09/1761542502.json"
"515320","135490","2025-11-10","49.00","AUD","1761542502","66155/2025-11-10/1761542502.json"
"515320","135490","2025-11-11","49.00","AUD","1761542502","66155/2025-11-11/1761542502.json"
"515320","135490","2025-11-12","49.00","AUD","1761542502","66155/2025-11-12/1761542502.json"
"515320","135490","2025-11-13","49.00","AUD","1761542502","66155/2025-11-13/1761542502.json"
"515320","135490","2025-11-15","49.00","AUD","1761542502","66155/2025-11-15/1761542502.json"
"515320","135490","2025-11-16","49.00","AUD","1761542502","66155/2025-11-16/1761542502.json"
"515320","135490","2025-11-14","49.00","AUD","1761542502","66155/2025-11-14/1761542502.json"
"515320","135490","2025-11-17","49.00","AUD","1761542502","66155/2025-11-17/1761542502.json"
"515320","135490","2025-11-18","49.00","AUD","1761542502","66155/2025-11-18/1761542502.json"
"515320","135490","2025-11-21","49.00","AUD","1761542502","66155/2025-11-21/1761542502.json"
"515320","135490","2025-11-23","49.00","AUD","1761542502","66155/2025-11-23/1761542502.json"
"515320","135490","2025-11-22","49.00","AUD","1761542502","66155/2025-11-22/1761542502.json"
"515320","135490","2025-11-20","49.00","AUD","1761542502","66155/2025-11-20/1761542502.json"
"515320","135490","2025-11-25","49.00","AUD","1761542502","66155/2025-11-25/1761542502.json"
"515320","135490","2025-11-24","49.00","AUD","1761542502","66155/2025-11-24/1761542502.json"
"515320","135490","2025-11-19","49.00","AUD","1761542502","66155/2025-11-19/1761542502.json"
"515320","135490","2025-11-26","49.00","AUD","1761542502","66155/2025-11-26/1761542502.json"
"515320","135490","2025-11-27","49.00","AUD","1761542502","66155/2025-11-27/1761542502.json"
"515320","135490","2025-11-28","49.00","AUD","1761542502","66155/2025-11-28/1761542502.json"
"515320","135490","2025-11-29","49.00","AUD","1761542502","66155/2025-11-29/1761542502.json"
"515320","135490","2025-12-02","49.00","AUD","1761542502","66155/2025-12-02/1761542502.json"
"515320","135490","2025-12-05","49.00","AUD","1761542502","66155/2025-12-05/1761542502.json"
"515320","135490","2025-12-06","49.00","AUD","1761542502","66155/2025-12-06/1761542502.json"
"515320","135490","2025-12-07","49.00","AUD","1761542502","66155/2025-12-07/1761542502.json"
"515320","135490","2025-12-08","49.00","AUD","1761542502","66155/2025-12-08/1761542502.json"
"515320","135490","2025-12-09","49.00","AUD","1761542502","66155/2025-12-09/1761542502.json"
"515320","135490","2025-12-12","49.00","AUD","1761542502","66155/2025-12-12/1761542502.json"
"515320","135490","2025-12-13","49.00","AUD","1761542502","66155/2025-12-13/1761542502.json"
"515320","135490","2025-12-16","49.00","AUD","1761542502","66155/2025-12-16/1761542502.json"
"515320","135490","2025-12-19","49.00","AUD","1761542502","66155/2025-12-19/1761542502.json"
"515320","135490","2025-12-20","49.00","AUD","1761542502","66155/2025-12-20/1761542502.json"
"515320","135490","2025-12-23","49.00","AUD","1761542502","66155/2025-12-23/1761542502.json"
"515320","135490","2025-12-25","49.00","AUD","1761542502","66155/2025-12-25/1761542502.json"
"515320","135490","2025-12-26","49.00","AUD","1761542502","66155/2025-12-26/1761542502.json"
"515320","135490","2025-12-24","49.00","AUD","1761542502","66155/2025-12-24/1761542502.json"
"515320","135490","2025-10-30","49.00","AUD","1761556871","66155/2025-10-30/1761556871.json"
"515320","135490","2025-10-27","49.00","AUD","1761556871","66155/2025-10-27/1761556871.json"
"515320","135490","2025-10-29","49.00","AUD","1761556871","66155/2025-10-29/1761556871.json"
"515320","135490","2025-10-28","49.00","AUD","1761556871","66155/2025-10-28/1761556871.json"
"515320","135490","2025-11-02","49.00","AUD","1761556871","66155/2025-11-02/1761556871.json"
"515320","135490","2025-11-03","49.00","AUD","1761556871","66155/2025-11-03/1761556871.json"
"515320","135490","2025-11-04","49.00","AUD","1761556871","66155/2025-11-04/1761556871.json"
"515320","135490","2025-11-05","49.00","AUD","1761556871","66155/2025-11-05/1761556871.json"
"515320","135490","2025-11-06","49.00","AUD","1761556871","66155/2025-11-06/1761556871.json"
"515320","135490","2025-11-10","49.00","AUD","1761556871","66155/2025-11-10/1761556871.json"
"515320","135490","2025-11-09","49.00","AUD","1761556871","66155/2025-11-09/1761556871.json"
"515320","135490","2025-11-11","49.00","AUD","1761556871","66155/2025-11-11/1761556871.json"
"515320","135490","2025-11-12","49.00","AUD","1761556871","66155/2025-11-12/1761556871.json"
"515320","135490","2025-11-14","49.00","AUD","1761556871","66155/2025-11-14/1761556871.json"
"515320","135490","2025-11-13","49.00","AUD","1761556871","66155/2025-11-13/1761556871.json"
"515320","135490","2025-11-15","49.00","AUD","1761556871","66155/2025-11-15/1761556871.json"
"515320","135490","2025-11-16","49.00","AUD","1761556871","66155/2025-11-16/1761556871.json"
"515320","135490","2025-11-17","49.00","AUD","1761556871","66155/2025-11-17/1761556871.json"
"515320","135490","2025-11-18","49.00","AUD","1761556871","66155/2025-11-18/1761556871.json"
"515320","135490","2025-11-19","49.00","AUD","1761556871","66155/2025-11-19/1761556871.json"
"515320","135490","2025-11-20","49.00","AUD","1761556871","66155/2025-11-20/1761556871.json"
"515320","135490","2025-11-21","49.00","AUD","1761556871","66155/2025-11-21/1761556871.json"
"515320","135490","2025-11-23","49.00","AUD","1761556871","66155/2025-11-23/1761556871.json"
"515320","135490","2025-11-24","49.00","AUD","1761556871","66155/2025-11-24/1761556871.json"
"515320","135490","2025-11-25","49.00","AUD","1761556871","66155/2025-11-25/1761556871.json"
"515320","135490","2025-11-26","49.00","AUD","1761556871","66155/2025-11-26/1761556871.json"
"515320","135490","2025-11-27","49.00","AUD","1761556871","66155/2025-11-27/1761556871.json"
"515320","135490","2025-11-29","49.00","AUD","1761556871","66155/2025-11-29/1761556871.json"
"515320","135490","2025-11-28","49.00","AUD","1761556871","66155/2025-11-28/1761556871.json"
"515320","135490","2025-12-02","49.00","AUD","1761556871","66155/2025-12-02/1761556871.json"
"515320","135490","2025-12-05","49.00","AUD","1761556871","66155/2025-12-05/1761556871.json"
"515320","135490","2025-12-07","49.00","AUD","1761556871","66155/2025-12-07/1761556871.json"
"515320","135490","2025-12-06","49.00","AUD","1761556871","66155/2025-12-06/1761556871.json"
"515320","135490","2025-12-08","49.00","AUD","1761556871","66155/2025-12-08/1761556871.json"
"515320","135490","2025-12-09","49.00","AUD","1761556871","66155/2025-12-09/1761556871.json"
"515320","135490","2025-12-12","49.00","AUD","1761556871","66155/2025-12-12/1761556871.json"
"515320","135490","2025-12-13","49.00","AUD","1761556871","66155/2025-12-13/1761556871.json"
"515320","135490","2025-12-16","49.00","AUD","1761556871","66155/2025-12-16/1761556871.json"
"515320","135490","2025-12-19","49.00","AUD","1761556871","66155/2025-12-19/1761556871.json"
"515320","135490","2025-12-20","49.00","AUD","1761556871","66155/2025-12-20/1761556871.json"
"515320","135490","2025-12-23","49.00","AUD","1761556871","66155/2025-12-23/1761556871.json"
"515320","135490","2025-12-25","49.00","AUD","1761556871","66155/2025-12-25/1761556871.json"
"515320","135490","2025-12-24","49.00","AUD","1761556871","66155/2025-12-24/1761556871.json"
"515320","135490","2025-12-26","49.00","AUD","1761556871","66155/2025-12-26/1761556871.json"
"515320","135490","2025-11-22","49.00","AUD","1761556871","66155/2025-11-22/1761556871.json"
"515320","135490","2025-10-30","49.00","AUD","1761574498","66155/2025-10-30/1761574498.json"
"515320","135490","2025-10-29","49.00","AUD","1761574498","66155/2025-10-29/1761574498.json"
"515320","135490","2025-11-02","49.00","AUD","1761574498","66155/2025-11-02/1761574498.json"
"515320","135490","2025-11-03","49.00","AUD","1761574498","66155/2025-11-03/1761574498.json"
"515320","135490","2025-11-04","49.00","AUD","1761574498","66155/2025-11-04/1761574498.json"
"515320","135490","2025-11-05","49.00","AUD","1761574498","66155/2025-11-05/1761574498.json"
"515320","135490","2025-11-06","49.00","AUD","1761574498","66155/2025-11-06/1761574498.json"
"515320","135490","2025-10-28","49.00","AUD","1761574498","66155/2025-10-28/1761574498.json"
"515320","135490","2025-11-09","49.00","AUD","1761574498","66155/2025-11-09/1761574498.json"
"515320","135490","2025-11-10","49.00","AUD","1761574498","66155/2025-11-10/1761574498.json"
"515320","135490","2025-11-11","49.00","AUD","1761574498","66155/2025-11-11/1761574498.json"
"515320","135490","2025-11-12","49.00","AUD","1761574498","66155/2025-11-12/1761574498.json"
"515320","135490","2025-11-13","49.00","AUD","1761574498","66155/2025-11-13/1761574498.json"
"515320","135490","2025-11-14","49.00","AUD","1761574498","66155/2025-11-14/1761574498.json"
"515320","135490","2025-11-15","49.00","AUD","1761574498","66155/2025-11-15/1761574498.json"
"515320","135490","2025-11-17","49.00","AUD","1761574498","66155/2025-11-17/1761574498.json"
"515320","135490","2025-11-19","49.00","AUD","1761574498","66155/2025-11-19/1761574498.json"
"515320","135490","2025-11-18","49.00","AUD","1761574498","66155/2025-11-18/1761574498.json"
"515320","135490","2025-11-21","49.00","AUD","1761574498","66155/2025-11-21/1761574498.json"
"515320","135490","2025-11-22","49.00","AUD","1761574498","66155/2025-11-22/1761574498.json"
"515320","135490","2025-11-23","49.00","AUD","1761574498","66155/2025-11-23/1761574498.json"
"515320","135490","2025-11-24","49.00","AUD","1761574498","66155/2025-11-24/1761574498.json"
"515320","135490","2025-11-25","49.00","AUD","1761574498","66155/2025-11-25/1761574498.json"
"515320","135490","2025-11-26","49.00","AUD","1761574498","66155/2025-11-26/1761574498.json"
"515320","135490","2025-11-27","49.00","AUD","1761574498","66155/2025-11-27/1761574498.json"
"515320","135490","2025-11-28","49.00","AUD","1761574498","66155/2025-11-28/1761574498.json"
"515320","135490","2025-11-29","49.00","AUD","1761574498","66155/2025-11-29/1761574498.json"
"515320","135490","2025-12-02","49.00","AUD","1761574498","66155/2025-12-02/1761574498.json"
"515320","135490","2025-11-16","49.00","AUD","1761574498","66155/2025-11-16/1761574498.json"
"515320","135490","2025-11-20","49.00","AUD","1761574498","66155/2025-11-20/1761574498.json"
"515320","135490","2025-12-05","49.00","AUD","1761574498","66155/2025-12-05/1761574498.json"
"515320","135490","2025-12-06","49.00","AUD","1761574498","66155/2025-12-06/1761574498.json"
"515320","135490","2025-12-07","49.00","AUD","1761574498","66155/2025-12-07/1761574498.json"
"515320","135490","2025-12-08","49.00","AUD","1761574498","66155/2025-12-08/1761574498.json"
"515320","135490","2025-12-09","49.00","AUD","1761574498","66155/2025-12-09/1761574498.json"
"515320","135490","2025-12-12","49.00","AUD","1761574498","66155/2025-12-12/1761574498.json"
"515320","135490","2025-12-13","49.00","AUD","1761574498","66155/2025-12-13/1761574498.json"
"515320","135490","2025-12-16","49.00","AUD","1761574498","66155/2025-12-16/1761574498.json"
"515320","135490","2025-12-19","49.00","AUD","1761574498","66155/2025-12-19/1761574498.json"
"515320","135490","2025-12-20","49.00","AUD","1761574498","66155/2025-12-20/1761574498.json"
"515320","135490","2025-12-23","49.00","AUD","1761574498","66155/2025-12-23/1761574498.json"
"515320","135490","2025-12-24","49.00","AUD","1761574498","66155/2025-12-24/1761574498.json"
"515320","135490","2025-12-26","49.00","AUD","1761574498","66155/2025-12-26/1761574498.json"
"515320","135490","2025-12-25","49.00","AUD","1761574498","66155/2025-12-25/1761574498.json"
"515320","135490","2025-10-29","49.00","AUD","1761585823","66155/2025-10-29/1761585823.json"
"515320","135490","2025-10-30","49.00","AUD","1761585823","66155/2025-10-30/1761585823.json"
"515320","135490","2025-10-28","49.00","AUD","1761585823","66155/2025-10-28/1761585823.json"
"515320","135490","2025-11-02","49.00","AUD","1761585823","66155/2025-11-02/1761585823.json"
"515320","135490","2025-11-03","49.00","AUD","1761585823","66155/2025-11-03/1761585823.json"
"515320","135490","2025-11-04","49.00","AUD","1761585823","66155/2025-11-04/1761585823.json"
"515320","135490","2025-11-05","49.00","AUD","1761585823","66155/2025-11-05/1761585823.json"
"515320","135490","2025-11-06","49.00","AUD","1761585823","66155/2025-11-06/1761585823.json"
"515320","135490","2025-11-09","49.00","AUD","1761585823","66155/2025-11-09/1761585823.json"
"515320","135490","2025-11-10","49.00","AUD","1761585823","66155/2025-11-10/1761585823.json"
"515320","135490","2025-11-11","49.00","AUD","1761585823","66155/2025-11-11/1761585823.json"
"515320","135490","2025-11-12","49.00","AUD","1761585823","66155/2025-11-12/1761585823.json"
"515320","135490","2025-11-13","49.00","AUD","1761585823","66155/2025-11-13/1761585823.json"
"515320","135490","2025-11-15","49.00","AUD","1761585823","66155/2025-11-15/1761585823.json"
"515320","135490","2025-11-14","49.00","AUD","1761585823","66155/2025-11-14/1761585823.json"
"515320","135490","2025-11-16","49.00","AUD","1761585823","66155/2025-11-16/1761585823.json"
"515320","135490","2025-11-17","49.00","AUD","1761585823","66155/2025-11-17/1761585823.json"
"515320","135490","2025-11-18","49.00","AUD","1761585823","66155/2025-11-18/1761585823.json"
"515320","135490","2025-11-20","49.00","AUD","1761585823","66155/2025-11-20/1761585823.json"
"515320","135490","2025-11-19","49.00","AUD","1761585823","66155/2025-11-19/1761585823.json"
"515320","135490","2025-11-21","49.00","AUD","1761585823","66155/2025-11-21/1761585823.json"
"515320","135490","2025-11-22","49.00","AUD","1761585823","66155/2025-11-22/1761585823.json"
"515320","135490","2025-11-23","49.00","AUD","1761585823","66155/2025-11-23/1761585823.json"
"515320","135490","2025-11-24","49.00","AUD","1761585823","66155/2025-11-24/1761585823.json"
"515320","135490","2025-11-26","49.00","AUD","1761585823","66155/2025-11-26/1761585823.json"
"515320","135490","2025-11-25","49.00","AUD","1761585823","66155/2025-11-25/1761585823.json"
"515320","135490","2025-11-27","49.00","AUD","1761585823","66155/2025-11-27/1761585823.json"
"515320","135490","2025-11-28","49.00","AUD","1761585823","66155/2025-11-28/1761585823.json"
"515320","135490","2025-11-29","49.00","AUD","1761585823","66155/2025-11-29/1761585823.json"
"515320","135490","2025-12-02","49.00","AUD","1761585823","66155/2025-12-02/1761585823.json"
"515320","135490","2025-12-05","49.00","AUD","1761585823","66155/2025-12-05/1761585823.json"
"515320","135490","2025-12-06","49.00","AUD","1761585823","66155/2025-12-06/1761585823.json"
"515320","135490","2025-12-07","49.00","AUD","1761585823","66155/2025-12-07/1761585823.json"
"515320","135490","2025-12-08","49.00","AUD","1761585823","66155/2025-12-08/1761585823.json"
"515320","135490","2025-12-09","49.00","AUD","1761585823","66155/2025-12-09/1761585823.json"
"515320","135490","2025-12-12","49.00","AUD","1761585823","66155/2025-12-12/1761585823.json"
"515320","135490","2025-12-13","49.00","AUD","1761585823","66155/2025-12-13/1761585823.json"
"515320","135490","2025-12-16","49.00","AUD","1761585823","66155/2025-12-16/1761585823.json"
"515320","135490","2025-12-19","49.00","AUD","1761585823","66155/2025-12-19/1761585823.json"
"515320","135490","2025-12-20","49.00","AUD","1761585823","66155/2025-12-20/1761585823.json"
"515320","135490","2025-12-24","49.00","AUD","1761585823","66155/2025-12-24/1761585823.json"
"515320","135490","2025-12-23","49.00","AUD","1761585823","66155/2025-12-23/1761585823.json"
"515320","135490","2025-12-25","49.00","AUD","1761585823","66155/2025-12-25/1761585823.json"
"515320","135490","2025-12-26","49.00","AUD","1761585823","66155/2025-12-26/1761585823.json"
"515320","135490","2025-10-30","49.00","AUD","1761599223","66155/2025-10-30/1761599223.json"
"515320","135490","2025-10-28","49.00","AUD","1761599223","66155/2025-10-28/1761599223.json"
"515320","135490","2025-10-29","49.00","AUD","1761599223","66155/2025-10-29/1761599223.json"
"515320","135490","2025-11-02","49.00","AUD","1761599223","66155/2025-11-02/1761599223.json"
"515320","135490","2025-11-03","49.00","AUD","1761599223","66155/2025-11-03/1761599223.json"
"515320","135490","2025-11-04","49.00","AUD","1761599223","66155/2025-11-04/1761599223.json"
"515320","135490","2025-11-05","49.00","AUD","1761599223","66155/2025-11-05/1761599223.json"
"515320","135490","2025-11-06","49.00","AUD","1761599223","66155/2025-11-06/1761599223.json"
"515320","135490","2025-11-09","49.00","AUD","1761599223","66155/2025-11-09/1761599223.json"
"515320","135490","2025-11-10","49.00","AUD","1761599223","66155/2025-11-10/1761599223.json"
"515320","135490","2025-11-11","49.00","AUD","1761599223","66155/2025-11-11/1761599223.json"
"515320","135490","2025-11-12","49.00","AUD","1761599223","66155/2025-11-12/1761599223.json"
"515320","135490","2025-11-13","49.00","AUD","1761599223","66155/2025-11-13/1761599223.json"
"515320","135490","2025-11-14","49.00","AUD","1761599223","66155/2025-11-14/1761599223.json"
"515320","135490","2025-11-15","49.00","AUD","1761599223","66155/2025-11-15/1761599223.json"
"515320","135490","2025-11-18","49.00","AUD","1761599223","66155/2025-11-18/1761599223.json"
"515320","135490","2025-11-17","49.00","AUD","1761599223","66155/2025-11-17/1761599223.json"
"515320","135490","2025-11-16","49.00","AUD","1761599223","66155/2025-11-16/1761599223.json"
"515320","135490","2025-11-19","49.00","AUD","1761599223","66155/2025-11-19/1761599223.json"
"515320","135490","2025-11-20","49.00","AUD","1761599223","66155/2025-11-20/1761599223.json"
"515320","135490","2025-11-21","49.00","AUD","1761599223","66155/2025-11-21/1761599223.json"
"515320","135490","2025-11-22","49.00","AUD","1761599223","66155/2025-11-22/1761599223.json"
"515320","135490","2025-11-23","49.00","AUD","1761599223","66155/2025-11-23/1761599223.json"
"515320","135490","2025-11-24","49.00","AUD","1761599223","66155/2025-11-24/1761599223.json"
"515320","135490","2025-11-25","49.00","AUD","1761599223","66155/2025-11-25/1761599223.json"
"515320","135490","2025-11-26","49.00","AUD","1761599223","66155/2025-11-26/1761599223.json"
"515320","135490","2025-11-28","49.00","AUD","1761599223","66155/2025-11-28/1761599223.json"
"515320","135490","2025-11-27","49.00","AUD","1761599223","66155/2025-11-27/1761599223.json"
"515320","135490","2025-11-29","49.00","AUD","1761599223","66155/2025-11-29/1761599223.json"
"515320","135490","2025-12-02","49.00","AUD","1761599223","66155/2025-12-02/1761599223.json"
"515320","135490","2025-12-06","49.00","AUD","1761599223","66155/2025-12-06/1761599223.json"
"515320","135490","2025-12-05","49.00","AUD","1761599223","66155/2025-12-05/1761599223.json"
"515320","135490","2025-12-07","49.00","AUD","1761599223","66155/2025-12-07/1761599223.json"
"515320","135490","2025-12-08","49.00","AUD","1761599223","66155/2025-12-08/1761599223.json"
"515320","135490","2025-12-09","49.00","AUD","1761599223","66155/2025-12-09/1761599223.json"
"515320","135490","2025-12-12","49.00","AUD","1761599223","66155/2025-12-12/1761599223.json"
"515320","135490","2025-12-13","49.00","AUD","1761599223","66155/2025-12-13/1761599223.json"
"515320","135490","2025-12-16","49.00","AUD","1761599223","66155/2025-12-16/1761599223.json"
"515320","135490","2025-12-19","49.00","AUD","1761599223","66155/2025-12-19/1761599223.json"
"515320","135490","2025-12-20","49.00","AUD","1761599223","66155/2025-12-20/1761599223.json"
"515320","135490","2025-12-23","49.00","AUD","1761599223","66155/2025-12-23/1761599223.json"
"515320","135490","2025-12-26","49.00","AUD","1761599223","66155/2025-12-26/1761599223.json"
"515320","135490","2025-12-25","49.00","AUD","1761599223","66155/2025-12-25/1761599223.json"
"515320","135490","2025-12-24","49.00","AUD","1761599223","66155/2025-12-24/1761599223.json"
"515320","135490","2025-10-30","49.00","AUD","1761624134","66155/2025-10-30/1761624134.json"
"515320","135490","2025-10-29","49.00","AUD","1761624134","66155/2025-10-29/1761624134.json"
"515320","135490","2025-10-28","49.00","AUD","1761624134","66155/2025-10-28/1761624134.json"
"515320","135490","2025-11-03","49.00","AUD","1761624134","66155/2025-11-03/1761624134.json"
"515320","135490","2025-11-02","49.00","AUD","1761624134","66155/2025-11-02/1761624134.json"
"515320","135490","2025-11-04","49.00","AUD","1761624134","66155/2025-11-04/1761624134.json"
"515320","135490","2025-11-05","49.00","AUD","1761624134","66155/2025-11-05/1761624134.json"
"515320","135490","2025-11-06","49.00","AUD","1761624134","66155/2025-11-06/1761624134.json"
"515320","135490","2025-11-10","49.00","AUD","1761624134","66155/2025-11-10/1761624134.json"
"515320","135490","2025-11-12","49.00","AUD","1761624134","66155/2025-11-12/1761624134.json"
"515320","135490","2025-11-09","49.00","AUD","1761624134","66155/2025-11-09/1761624134.json"
"515320","135490","2025-11-11","49.00","AUD","1761624134","66155/2025-11-11/1761624134.json"
"515320","135490","2025-11-13","49.00","AUD","1761624134","66155/2025-11-13/1761624134.json"
"515320","135490","2025-11-16","49.00","AUD","1761624134","66155/2025-11-16/1761624134.json"
"515320","135490","2025-11-15","49.00","AUD","1761624134","66155/2025-11-15/1761624134.json"
"515320","135490","2025-11-14","49.00","AUD","1761624134","66155/2025-11-14/1761624134.json"
"515320","135490","2025-11-17","49.00","AUD","1761624134","66155/2025-11-17/1761624134.json"
"515320","135490","2025-11-19","49.00","AUD","1761624134","66155/2025-11-19/1761624134.json"
"515320","135490","2025-11-20","49.00","AUD","1761624134","66155/2025-11-20/1761624134.json"
"515320","135490","2025-11-18","49.00","AUD","1761624134","66155/2025-11-18/1761624134.json"
"515320","135490","2025-11-21","49.00","AUD","1761624134","66155/2025-11-21/1761624134.json"
"515320","135490","2025-11-22","49.00","AUD","1761624134","66155/2025-11-22/1761624134.json"
"515320","135490","2025-11-23","49.00","AUD","1761624134","66155/2025-11-23/1761624134.json"
"515320","135490","2025-11-25","49.00","AUD","1761624134","66155/2025-11-25/1761624134.json"
"515320","135490","2025-11-24","49.00","AUD","1761624134","66155/2025-11-24/1761624134.json"
"515320","135490","2025-11-26","49.00","AUD","1761624134","66155/2025-11-26/1761624134.json"
"515320","135490","2025-11-27","49.00","AUD","1761624134","66155/2025-11-27/1761624134.json"
"515320","135490","2025-11-29","49.00","AUD","1761624134","66155/2025-11-29/1761624134.json"
"515320","135490","2025-11-28","49.00","AUD","1761624134","66155/2025-11-28/1761624134.json"
"515320","135490","2025-12-02","49.00","AUD","1761624134","66155/2025-12-02/1761624134.json"
"515320","135490","2025-12-05","49.00","AUD","1761624134","66155/2025-12-05/1761624134.json"
"515320","135490","2025-12-07","49.00","AUD","1761624134","66155/2025-12-07/1761624134.json"
"515320","135490","2025-12-06","49.00","AUD","1761624134","66155/2025-12-06/1761624134.json"
"515320","135490","2025-12-08","49.00","AUD","1761624134","66155/2025-12-08/1761624134.json"
"515320","135490","2025-12-09","49.00","AUD","1761624134","66155/2025-12-09/1761624134.json"
"515320","135490","2025-12-12","49.00","AUD","1761624134","66155/2025-12-12/1761624134.json"
"515320","135490","2025-12-13","49.00","AUD","1761624134","66155/2025-12-13/1761624134.json"
"515320","135490","2025-12-16","49.00","AUD","1761624134","66155/2025-12-16/1761624134.json"
"515320","135490","2025-12-20","49.00","AUD","1761624134","66155/2025-12-20/1761624134.json"
"515320","135490","2025-12-19","49.00","AUD","1761624134","66155/2025-12-19/1761624134.json"
"515320","135490","2025-12-24","49.00","AUD","1761624134","66155/2025-12-24/1761624134.json"
"515320","135490","2025-12-23","49.00","AUD","1761624134","66155/2025-12-23/1761624134.json"
"515320","135490","2025-12-25","49.00","AUD","1761624134","66155/2025-12-25/1761624134.json"
"515320","135490","2025-12-26","49.00","AUD","1761624134","66155/2025-12-26/1761624134.json"
"515320","135490","2025-12-27","49.00","AUD","1761624134","66155/2025-12-27/1761624134.json"
"515320","135490","2025-10-29","49.00","AUD","1761628270","66155/2025-10-29/1761628270.json"
"515320","135490","2025-10-28","49.00","AUD","1761628270","66155/2025-10-28/1761628270.json"
"515320","135490","2025-10-30","49.00","AUD","1761628270","66155/2025-10-30/1761628270.json"
"515320","135490","2025-11-03","49.00","AUD","1761628270","66155/2025-11-03/1761628270.json"
"515320","135490","2025-11-04","49.00","AUD","1761628270","66155/2025-11-04/1761628270.json"
"515320","135490","2025-11-02","49.00","AUD","1761628270","66155/2025-11-02/1761628270.json"
"515320","135490","2025-11-05","49.00","AUD","1761628270","66155/2025-11-05/1761628270.json"
"515320","135490","2025-11-06","49.00","AUD","1761628270","66155/2025-11-06/1761628270.json"
"515320","135490","2025-11-09","49.00","AUD","1761628270","66155/2025-11-09/1761628270.json"
"515320","135490","2025-11-10","49.00","AUD","1761628270","66155/2025-11-10/1761628270.json"
"515320","135490","2025-11-11","49.00","AUD","1761628270","66155/2025-11-11/1761628270.json"
"515320","135490","2025-11-12","49.00","AUD","1761628270","66155/2025-11-12/1761628270.json"
"515320","135490","2025-11-13","49.00","AUD","1761628270","66155/2025-11-13/1761628270.json"
"515320","135490","2025-11-14","49.00","AUD","1761628270","66155/2025-11-14/1761628270.json"
"515320","135490","2025-11-16","49.00","AUD","1761628270","66155/2025-11-16/1761628270.json"
"515320","135490","2025-11-15","49.00","AUD","1761628270","66155/2025-11-15/1761628270.json"
"515320","135490","2025-11-17","49.00","AUD","1761628270","66155/2025-11-17/1761628270.json"
"515320","135490","2025-11-19","49.00","AUD","1761628270","66155/2025-11-19/1761628270.json"
"515320","135490","2025-11-18","49.00","AUD","1761628270","66155/2025-11-18/1761628270.json"
"515320","135490","2025-11-20","49.00","AUD","1761628270","66155/2025-11-20/1761628270.json"
"515320","135490","2025-11-21","49.00","AUD","1761628270","66155/2025-11-21/1761628270.json"
"515320","135490","2025-11-23","49.00","AUD","1761628270","66155/2025-11-23/1761628270.json"
"515320","135490","2025-11-22","49.00","AUD","1761628270","66155/2025-11-22/1761628270.json"
"515320","135490","2025-11-25","49.00","AUD","1761628270","66155/2025-11-25/1761628270.json"
"515320","135490","2025-11-24","49.00","AUD","1761628270","66155/2025-11-24/1761628270.json"
"515320","135490","2025-11-26","49.00","AUD","1761628270","66155/2025-11-26/1761628270.json"
"515320","135490","2025-11-27","49.00","AUD","1761628270","66155/2025-11-27/1761628270.json"
"515320","135490","2025-11-28","49.00","AUD","1761628270","66155/2025-11-28/1761628270.json"
"515320","135490","2025-11-29","49.00","AUD","1761628270","66155/2025-11-29/1761628270.json"
"515320","135490","2025-12-02","49.00","AUD","1761628270","66155/2025-12-02/1761628270.json"
"515320","135490","2025-12-05","49.00","AUD","1761628270","66155/2025-12-05/1761628270.json"
"515320","135490","2025-12-06","49.00","AUD","1761628270","66155/2025-12-06/1761628270.json"
"515320","135490","2025-12-07","49.00","AUD","1761628270","66155/2025-12-07/1761628270.json"
"515320","135490","2025-12-08","49.00","AUD","1761628270","66155/2025-12-08/1761628270.json"
"515320","135490","2025-12-09","49.00","AUD","1761628270","66155/2025-12-09/1761628270.json"
"515320","135490","2025-12-12","49.00","AUD","1761628270","66155/2025-12-12/1761628270.json"
"515320","135490","2025-12-13","49.00","AUD","1761628270","66155/2025-12-13/1761628270.json"
"515320","135490","2025-12-16","49.00","AUD","1761628270","66155/2025-12-16/1761628270.json"
"515320","135490","2025-12-19","49.00","AUD","1761628270","66155/2025-12-19/1761628270.json"
"515320","135490","2025-12-20","49.00","AUD","1761628270","66155/2025-12-20/1761628270.json"
"515320","135490","2025-12-23","49.00","AUD","1761628270","66155/2025-12-23/1761628270.json"
"515320","135490","2025-12-25","49.00","AUD","1761628270","66155/2025-12-25/1761628270.json"
"515320","135490","2025-12-24","49.00","AUD","1761628270","66155/2025-12-24/1761628270.json"
"515320","135490","2025-12-26","49.00","AUD","1761628270","66155/2025-12-26/1761628270.json"
"515320","135490","2025-12-27","49.00","AUD","1761628270","66155/2025-12-27/1761628270.json"
"515320","135490","2025-10-28","49.00","AUD","1761643376","66155/2025-10-28/1761643376.json"
"515320","135490","2025-10-30","49.00","AUD","1761643376","66155/2025-10-30/1761643376.json"
"515320","135490","2025-10-29","49.00","AUD","1761643376","66155/2025-10-29/1761643376.json"
"515320","135490","2025-11-03","49.00","AUD","1761643376","66155/2025-11-03/1761643376.json"
"515320","135490","2025-11-04","49.00","AUD","1761643376","66155/2025-11-04/1761643376.json"
"515320","135490","2025-11-02","49.00","AUD","1761643376","66155/2025-11-02/1761643376.json"
"515320","135490","2025-11-05","49.00","AUD","1761643376","66155/2025-11-05/1761643376.json"
"515320","135490","2025-11-06","49.00","AUD","1761643376","66155/2025-11-06/1761643376.json"
"515320","135490","2025-11-09","49.00","AUD","1761643376","66155/2025-11-09/1761643376.json"
"515320","135490","2025-11-11","49.00","AUD","1761643376","66155/2025-11-11/1761643376.json"
"515320","135490","2025-11-12","49.00","AUD","1761643376","66155/2025-11-12/1761643376.json"
"515320","135490","2025-11-10","49.00","AUD","1761643376","66155/2025-11-10/1761643376.json"
"515320","135490","2025-11-13","49.00","AUD","1761643376","66155/2025-11-13/1761643376.json"
"515320","135490","2025-11-15","49.00","AUD","1761643376","66155/2025-11-15/1761643376.json"
"515320","135490","2025-11-16","49.00","AUD","1761643376","66155/2025-11-16/1761643376.json"
"515320","135490","2025-11-14","49.00","AUD","1761643376","66155/2025-11-14/1761643376.json"
"515320","135490","2025-11-18","49.00","AUD","1761643376","66155/2025-11-18/1761643376.json"
"515320","135490","2025-11-19","49.00","AUD","1761643376","66155/2025-11-19/1761643376.json"
"515320","135490","2025-11-20","49.00","AUD","1761643376","66155/2025-11-20/1761643376.json"
"515320","135490","2025-11-17","49.00","AUD","1761643376","66155/2025-11-17/1761643376.json"
"515320","135490","2025-11-22","49.00","AUD","1761643376","66155/2025-11-22/1761643376.json"
"515320","135490","2025-11-21","49.00","AUD","1761643376","66155/2025-11-21/1761643376.json"
"515320","135490","2025-11-23","49.00","AUD","1761643376","66155/2025-11-23/1761643376.json"
"515320","135490","2025-11-24","49.00","AUD","1761643376","66155/2025-11-24/1761643376.json"
"515320","135490","2025-11-25","49.00","AUD","1761643376","66155/2025-11-25/1761643376.json"
"515320","135490","2025-11-27","49.00","AUD","1761643376","66155/2025-11-27/1761643376.json"
"515320","135490","2025-11-28","49.00","AUD","1761643376","66155/2025-11-28/1761643376.json"
"515320","135490","2025-11-26","49.00","AUD","1761643376","66155/2025-11-26/1761643376.json"
"515320","135490","2025-11-29","49.00","AUD","1761643376","66155/2025-11-29/1761643376.json"
"515320","135490","2025-12-02","49.00","AUD","1761643376","66155/2025-12-02/1761643376.json"
"515320","135490","2025-12-06","49.00","AUD","1761643376","66155/2025-12-06/1761643376.json"
"515320","135490","2025-12-07","49.00","AUD","1761643376","66155/2025-12-07/1761643376.json"
"515320","135490","2025-12-08","49.00","AUD","1761643376","66155/2025-12-08/1761643376.json"
"515320","135490","2025-12-09","49.00","AUD","1761643376","66155/2025-12-09/1761643376.json"
"515320","135490","2025-12-13","49.00","AUD","1761643376","66155/2025-12-13/1761643376.json"
"515320","135490","2025-12-12","49.00","AUD","1761643376","66155/2025-12-12/1761643376.json"
"515320","135490","2025-12-05","49.00","AUD","1761643376","66155/2025-12-05/1761643376.json"
"515320","135490","2025-12-16","49.00","AUD","1761643376","66155/2025-12-16/1761643376.json"
"515320","135490","2025-12-19","49.00","AUD","1761643376","66155/2025-12-19/1761643376.json"
"515320","135490","2025-12-20","49.00","AUD","1761643376","66155/2025-12-20/1761643376.json"
"515320","135490","2025-12-23","49.00","AUD","1761643376","66155/2025-12-23/1761643376.json"
"515320","135490","2025-12-25","49.00","AUD","1761643376","66155/2025-12-25/1761643376.json"
"515320","135490","2025-12-24","49.00","AUD","1761643376","66155/2025-12-24/1761643376.json"
"515320","135490","2025-12-26","49.00","AUD","1761643376","66155/2025-12-26/1761643376.json"
"515320","135490","2025-12-27","49.00","AUD","1761643376","66155/2025-12-27/1761643376.json"
"515320","135490","2025-10-30","49.00","AUD","1761660813","66155/2025-10-30/1761660813.json"
"515320","135490","2025-10-29","49.00","AUD","1761660813","66155/2025-10-29/1761660813.json"
"515320","135490","2025-11-02","49.00","AUD","1761660813","66155/2025-11-02/1761660813.json"
"515320","135490","2025-11-04","49.00","AUD","1761660813","66155/2025-11-04/1761660813.json"
"515320","135490","2025-11-03","49.00","AUD","1761660813","66155/2025-11-03/1761660813.json"
"515320","135490","2025-11-05","49.00","AUD","1761660813","66155/2025-11-05/1761660813.json"
"515320","135490","2025-11-06","49.00","AUD","1761660813","66155/2025-11-06/1761660813.json"
"515320","135490","2025-11-09","49.00","AUD","1761660813","66155/2025-11-09/1761660813.json"
"515320","135490","2025-11-11","49.00","AUD","1761660813","66155/2025-11-11/1761660813.json"
"515320","135490","2025-11-12","49.00","AUD","1761660813","66155/2025-11-12/1761660813.json"
"515320","135490","2025-11-10","49.00","AUD","1761660813","66155/2025-11-10/1761660813.json"
"515320","135490","2025-11-13","49.00","AUD","1761660813","66155/2025-11-13/1761660813.json"
"515320","135490","2025-11-16","49.00","AUD","1761660813","66155/2025-11-16/1761660813.json"
"515320","135490","2025-11-17","49.00","AUD","1761660813","66155/2025-11-17/1761660813.json"
"515320","135490","2025-11-15","49.00","AUD","1761660813","66155/2025-11-15/1761660813.json"
"515320","135490","2025-11-14","49.00","AUD","1761660813","66155/2025-11-14/1761660813.json"
"515320","135490","2025-11-18","49.00","AUD","1761660813","66155/2025-11-18/1761660813.json"
"515320","135490","2025-11-19","49.00","AUD","1761660813","66155/2025-11-19/1761660813.json"
"515320","135490","2025-11-20","49.00","AUD","1761660813","66155/2025-11-20/1761660813.json"
"515320","135490","2025-11-21","49.00","AUD","1761660813","66155/2025-11-21/1761660813.json"
"515320","135490","2025-11-22","49.00","AUD","1761660813","66155/2025-11-22/1761660813.json"
"515320","135490","2025-11-23","49.00","AUD","1761660813","66155/2025-11-23/1761660813.json"
"515320","135490","2025-11-25","49.00","AUD","1761660813","66155/2025-11-25/1761660813.json"
"515320","135490","2025-11-24","49.00","AUD","1761660813","66155/2025-11-24/1761660813.json"
"515320","135490","2025-11-26","49.00","AUD","1761660813","66155/2025-11-26/1761660813.json"
"515320","135490","2025-11-27","49.00","AUD","1761660813","66155/2025-11-27/1761660813.json"
"515320","135490","2025-11-28","49.00","AUD","1761660813","66155/2025-11-28/1761660813.json"
"515320","135490","2025-11-29","49.00","AUD","1761660813","66155/2025-11-29/1761660813.json"
"515320","135490","2025-12-02","49.00","AUD","1761660813","66155/2025-12-02/1761660813.json"
"515320","135490","2025-12-05","49.00","AUD","1761660813","66155/2025-12-05/1761660813.json"
"515320","135490","2025-12-06","49.00","AUD","1761660813","66155/2025-12-06/1761660813.json"
"515320","135490","2025-12-08","49.00","AUD","1761660813","66155/2025-12-08/1761660813.json"
"515320","135490","2025-12-07","49.00","AUD","1761660813","66155/2025-12-07/1761660813.json"
"515320","135490","2025-12-09","49.00","AUD","1761660813","66155/2025-12-09/1761660813.json"
"515320","135490","2025-12-12","49.00","AUD","1761660813","66155/2025-12-12/1761660813.json"
"515320","135490","2025-12-13","49.00","AUD","1761660813","66155/2025-12-13/1761660813.json"
"515320","135490","2025-12-16","49.00","AUD","1761660813","66155/2025-12-16/1761660813.json"
"515320","135490","2025-12-19","49.00","AUD","1761660813","66155/2025-12-19/1761660813.json"
"515320","135490","2025-12-20","49.00","AUD","1761660813","66155/2025-12-20/1761660813.json"
"515320","135490","2025-12-23","49.00","AUD","1761660813","66155/2025-12-23/1761660813.json"
"515320","135490","2025-12-24","49.00","AUD","1761660813","66155/2025-12-24/1761660813.json"
"515320","135490","2025-12-25","49.00","AUD","1761660813","66155/2025-12-25/1761660813.json"
"515320","135490","2025-12-26","49.00","AUD","1761660813","66155/2025-12-26/1761660813.json"
"515320","135490","2025-12-27","49.00","AUD","1761660813","66155/2025-12-27/1761660813.json"
"515320","135490","2025-10-29","49.00","AUD","1761672364","66155/2025-10-29/1761672364.json"
"515320","135490","2025-10-30","49.00","AUD","1761672364","66155/2025-10-30/1761672364.json"
"515320","135490","2025-11-03","49.00","AUD","1761672364","66155/2025-11-03/1761672364.json"
"515320","135490","2025-11-02","49.00","AUD","1761672364","66155/2025-11-02/1761672364.json"
"515320","135490","2025-11-05","49.00","AUD","1761672364","66155/2025-11-05/1761672364.json"
"515320","135490","2025-11-04","49.00","AUD","1761672364","66155/2025-11-04/1761672364.json"
"515320","135490","2025-11-06","49.00","AUD","1761672364","66155/2025-11-06/1761672364.json"
"515320","135490","2025-11-09","49.00","AUD","1761672364","66155/2025-11-09/1761672364.json"
"515320","135490","2025-11-11","49.00","AUD","1761672364","66155/2025-11-11/1761672364.json"
"515320","135490","2025-11-10","49.00","AUD","1761672364","66155/2025-11-10/1761672364.json"
"515320","135490","2025-11-12","49.00","AUD","1761672364","66155/2025-11-12/1761672364.json"
"515320","135490","2025-11-13","49.00","AUD","1761672364","66155/2025-11-13/1761672364.json"
"515320","135490","2025-11-14","49.00","AUD","1761672364","66155/2025-11-14/1761672364.json"
"515320","135490","2025-11-15","49.00","AUD","1761672364","66155/2025-11-15/1761672364.json"
"515320","135490","2025-11-16","49.00","AUD","1761672364","66155/2025-11-16/1761672364.json"
"515320","135490","2025-11-17","49.00","AUD","1761672364","66155/2025-11-17/1761672364.json"
"515320","135490","2025-11-18","49.00","AUD","1761672364","66155/2025-11-18/1761672364.json"
"515320","135490","2025-11-19","49.00","AUD","1761672364","66155/2025-11-19/1761672364.json"
"515320","135490","2025-11-20","49.00","AUD","1761672364","66155/2025-11-20/1761672364.json"
"515320","135490","2025-11-21","49.00","AUD","1761672364","66155/2025-11-21/1761672364.json"
"515320","135490","2025-11-23","49.00","AUD","1761672364","66155/2025-11-23/1761672364.json"
"515320","135490","2025-11-22","49.00","AUD","1761672364","66155/2025-11-22/1761672364.json"
"515320","135490","2025-11-24","49.00","AUD","1761672364","66155/2025-11-24/1761672364.json"
"515320","135490","2025-11-25","49.00","AUD","1761672364","66155/2025-11-25/1761672364.json"
"515320","135490","2025-11-26","49.00","AUD","1761672364","66155/2025-11-26/1761672364.json"
"515320","135490","2025-11-27","49.00","AUD","1761672364","66155/2025-11-27/1761672364.json"
"515320","135490","2025-11-28","49.00","AUD","1761672364","66155/2025-11-28/1761672364.json"
"515320","135490","2025-11-29","49.00","AUD","1761672364","66155/2025-11-29/1761672364.json"
"515320","135490","2025-12-02","49.00","AUD","1761672364","66155/2025-12-02/1761672364.json"
"515320","135490","2025-12-05","49.00","AUD","1761672364","66155/2025-12-05/1761672364.json"
"515320","135490","2025-12-07","49.00","AUD","1761672364","66155/2025-12-07/1761672364.json"
"515320","135490","2025-12-08","49.00","AUD","1761672364","66155/2025-12-08/1761672364.json"
"515320","135490","2025-12-09","49.00","AUD","1761672364","66155/2025-12-09/1761672364.json"
"515320","135490","2025-12-06","49.00","AUD","1761672364","66155/2025-12-06/1761672364.json"
"515320","135490","2025-12-13","49.00","AUD","1761672364","66155/2025-12-13/1761672364.json"
"515320","135490","2025-12-12","49.00","AUD","1761672364","66155/2025-12-12/1761672364.json"
"515320","135490","2025-12-16","49.00","AUD","1761672364","66155/2025-12-16/1761672364.json"
"515320","135490","2025-12-19","49.00","AUD","1761672364","66155/2025-12-19/1761672364.json"
"515320","135490","2025-12-20","49.00","AUD","1761672364","66155/2025-12-20/1761672364.json"
"515320","135490","2025-12-23","49.00","AUD","1761672364","66155/2025-12-23/1761672364.json"
"515320","135490","2025-12-26","49.00","AUD","1761672364","66155/2025-12-26/1761672364.json"
"515320","135490","2025-12-25","49.00","AUD","1761672364","66155/2025-12-25/1761672364.json"
"515320","135490","2025-12-24","49.00","AUD","1761672364","66155/2025-12-24/1761672364.json"
"515320","135490","2025-12-27","49.00","AUD","1761672364","66155/2025-12-27/1761672364.json"
"515320","135490","2025-10-30","49.00","AUD","1761685940","66155/2025-10-30/1761685940.json"
"515320","135490","2025-10-29","49.00","AUD","1761685940","66155/2025-10-29/1761685940.json"
"515320","135490","2025-11-02","49.00","AUD","1761685940","66155/2025-11-02/1761685940.json"
"515320","135490","2025-11-03","49.00","AUD","1761685940","66155/2025-11-03/1761685940.json"
"515320","135490","2025-11-04","49.00","AUD","1761685940","66155/2025-11-04/1761685940.json"
"515320","135490","2025-11-05","49.00","AUD","1761685940","66155/2025-11-05/1761685940.json"
"515320","135490","2025-11-06","49.00","AUD","1761685940","66155/2025-11-06/1761685940.json"
"515320","135490","2025-11-09","49.00","AUD","1761685940","66155/2025-11-09/1761685940.json"
"515320","135490","2025-11-10","49.00","AUD","1761685940","66155/2025-11-10/1761685940.json"
"515320","135490","2025-11-12","49.00","AUD","1761685940","66155/2025-11-12/1761685940.json"
"515320","135490","2025-11-11","49.00","AUD","1761685940","66155/2025-11-11/1761685940.json"
"515320","135490","2025-11-14","49.00","AUD","1761685940","66155/2025-11-14/1761685940.json"
"515320","135490","2025-11-13","49.00","AUD","1761685940","66155/2025-11-13/1761685940.json"
"515320","135490","2025-11-16","49.00","AUD","1761685940","66155/2025-11-16/1761685940.json"
"515320","135490","2025-11-15","49.00","AUD","1761685940","66155/2025-11-15/1761685940.json"
"515320","135490","2025-11-17","49.00","AUD","1761685940","66155/2025-11-17/1761685940.json"
"515320","135490","2025-11-20","49.00","AUD","1761685940","66155/2025-11-20/1761685940.json"
"515320","135490","2025-11-19","49.00","AUD","1761685940","66155/2025-11-19/1761685940.json"
"515320","135490","2025-11-18","49.00","AUD","1761685940","66155/2025-11-18/1761685940.json"
"515320","135490","2025-11-21","49.00","AUD","1761685940","66155/2025-11-21/1761685940.json"
"515320","135490","2025-11-22","49.00","AUD","1761685940","66155/2025-11-22/1761685940.json"
"515320","135490","2025-11-23","49.00","AUD","1761685940","66155/2025-11-23/1761685940.json"
"515320","135490","2025-11-24","49.00","AUD","1761685940","66155/2025-11-24/1761685940.json"
"515320","135490","2025-11-25","49.00","AUD","1761685940","66155/2025-11-25/1761685940.json"
"515320","135490","2025-11-26","49.00","AUD","1761685940","66155/2025-11-26/1761685940.json"
"515320","135490","2025-11-27","49.00","AUD","1761685940","66155/2025-11-27/1761685940.json"
"515320","135490","2025-11-28","49.00","AUD","1761685940","66155/2025-11-28/1761685940.json"
"515320","135490","2025-11-29","49.00","AUD","1761685940","66155/2025-11-29/1761685940.json"
"515320","135490","2025-12-02","49.00","AUD","1761685940","66155/2025-12-02/1761685940.json"
"515320","135490","2025-12-05","49.00","AUD","1761685940","66155/2025-12-05/1761685940.json"
"515320","135490","2025-12-06","49.00","AUD","1761685940","66155/2025-12-06/1761685940.json"
"515320","135490","2025-12-07","49.00","AUD","1761685940","66155/2025-12-07/1761685940.json"
"515320","135490","2025-12-08","49.00","AUD","1761685940","66155/2025-12-08/1761685940.json"
"515320","135490","2025-12-09","49.00","AUD","1761685940","66155/2025-12-09/1761685940.json"
"515320","135490","2025-12-12","49.00","AUD","1761685940","66155/2025-12-12/1761685940.json"
"515320","135490","2025-12-13","49.00","AUD","1761685940","66155/2025-12-13/1761685940.json"
"515320","135490","2025-12-16","49.00","AUD","1761685940","66155/2025-12-16/1761685940.json"
"515320","135490","2025-12-19","49.00","AUD","1761685940","66155/2025-12-19/1761685940.json"
"515320","135490","2025-12-23","49.00","AUD","1761685940","66155/2025-12-23/1761685940.json"
"515320","135490","2025-12-20","49.00","AUD","1761685940","66155/2025-12-20/1761685940.json"
"515320","135490","2025-12-24","49.00","AUD","1761685940","66155/2025-12-24/1761685940.json"
"515320","135490","2025-12-25","49.00","AUD","1761685940","66155/2025-12-25/1761685940.json"
"515320","135490","2025-12-26","49.00","AUD","1761685940","66155/2025-12-26/1761685940.json"
"515320","135490","2025-12-27","49.00","AUD","1761685940","66155/2025-12-27/1761685940.json"
"515320","135490","2025-10-30","49.00","AUD","1761710823","66155/2025-10-30/1761710823.json"
"515320","135490","2025-10-29","49.00","AUD","1761710823","66155/2025-10-29/1761710823.json"
"515320","135490","2025-11-02","49.00","AUD","1761710823","66155/2025-11-02/1761710823.json"
"515320","135490","2025-11-04","49.00","AUD","1761710823","66155/2025-11-04/1761710823.json"
"515320","135490","2025-11-03","49.00","AUD","1761710823","66155/2025-11-03/1761710823.json"
"515320","135490","2025-11-05","49.00","AUD","1761710823","66155/2025-11-05/1761710823.json"
"515320","135490","2025-11-09","49.00","AUD","1761710823","66155/2025-11-09/1761710823.json"
"515320","135490","2025-11-06","49.00","AUD","1761710823","66155/2025-11-06/1761710823.json"
"515320","135490","2025-11-10","49.00","AUD","1761710823","66155/2025-11-10/1761710823.json"
"515320","135490","2025-11-12","49.00","AUD","1761710823","66155/2025-11-12/1761710823.json"
"515320","135490","2025-11-11","49.00","AUD","1761710823","66155/2025-11-11/1761710823.json"
"515320","135490","2025-11-13","49.00","AUD","1761710823","66155/2025-11-13/1761710823.json"
"515320","135490","2025-11-15","49.00","AUD","1761710823","66155/2025-11-15/1761710823.json"
"515320","135490","2025-11-16","49.00","AUD","1761710823","66155/2025-11-16/1761710823.json"
"515320","135490","2025-11-14","49.00","AUD","1761710823","66155/2025-11-14/1761710823.json"
"515320","135490","2025-11-17","49.00","AUD","1761710823","66155/2025-11-17/1761710823.json"
"515320","135490","2025-11-19","49.00","AUD","1761710823","66155/2025-11-19/1761710823.json"
"515320","135490","2025-11-20","49.00","AUD","1761710823","66155/2025-11-20/1761710823.json"
"515320","135490","2025-11-18","49.00","AUD","1761710823","66155/2025-11-18/1761710823.json"
"515320","135490","2025-11-21","49.00","AUD","1761710823","66155/2025-11-21/1761710823.json"
"515320","135490","2025-11-25","49.00","AUD","1761710823","66155/2025-11-25/1761710823.json"
"515320","135490","2025-11-24","49.00","AUD","1761710823","66155/2025-11-24/1761710823.json"
"515320","135490","2025-11-23","49.00","AUD","1761710823","66155/2025-11-23/1761710823.json"
"515320","135490","2025-11-22","49.00","AUD","1761710823","66155/2025-11-22/1761710823.json"
"515320","135490","2025-11-26","49.00","AUD","1761710823","66155/2025-11-26/1761710823.json"
"515320","135490","2025-11-27","49.00","AUD","1761710823","66155/2025-11-27/1761710823.json"
"515320","135490","2025-11-29","49.00","AUD","1761710823","66155/2025-11-29/1761710823.json"
"515320","135490","2025-11-28","49.00","AUD","1761710823","66155/2025-11-28/1761710823.json"
"515320","135490","2025-12-02","49.00","AUD","1761710823","66155/2025-12-02/1761710823.json"
"515320","135490","2025-12-05","49.00","AUD","1761710823","66155/2025-12-05/1761710823.json"
"515320","135490","2025-12-06","49.00","AUD","1761710823","66155/2025-12-06/1761710823.json"
"515320","135490","2025-12-08","49.00","AUD","1761710823","66155/2025-12-08/1761710823.json"
"515320","135490","2025-12-07","49.00","AUD","1761710823","66155/2025-12-07/1761710823.json"
"515320","135490","2025-12-09","49.00","AUD","1761710823","66155/2025-12-09/1761710823.json"
"515320","135490","2025-12-12","49.00","AUD","1761710823","66155/2025-12-12/1761710823.json"
"515320","135490","2025-12-13","49.00","AUD","1761710823","66155/2025-12-13/1761710823.json"
"515320","135490","2025-12-16","49.00","AUD","1761710823","66155/2025-12-16/1761710823.json"
"515320","135490","2025-12-19","49.00","AUD","1761710823","66155/2025-12-19/1761710823.json"
"515320","135490","2025-12-20","49.00","AUD","1761710823","66155/2025-12-20/1761710823.json"
"515320","135490","2025-12-25","49.00","AUD","1761710823","66155/2025-12-25/1761710823.json"
"515320","135490","2025-12-23","49.00","AUD","1761710823","66155/2025-12-23/1761710823.json"
"515320","135490","2025-12-24","49.00","AUD","1761710823","66155/2025-12-24/1761710823.json"
"515320","135490","2025-12-26","49.00","AUD","1761710823","66155/2025-12-26/1761710823.json"
"515320","135490","2025-12-28","49.00","AUD","1761710823","66155/2025-12-28/1761710823.json"
"515320","135490","2025-12-27","49.00","AUD","1761710823","66155/2025-12-27/1761710823.json"
"515320","135490","2025-10-30","49.00","AUD","1761715026","66155/2025-10-30/1761715026.json"
"515320","135490","2025-10-29","49.00","AUD","1761715026","66155/2025-10-29/1761715026.json"
"515320","135490","2025-11-02","49.00","AUD","1761715026","66155/2025-11-02/1761715026.json"
"515320","135490","2025-11-05","49.00","AUD","1761715026","66155/2025-11-05/1761715026.json"
"515320","135490","2025-11-03","49.00","AUD","1761715026","66155/2025-11-03/1761715026.json"
"515320","135490","2025-11-04","49.00","AUD","1761715026","66155/2025-11-04/1761715026.json"
"515320","135490","2025-11-06","49.00","AUD","1761715026","66155/2025-11-06/1761715026.json"
"515320","135490","2025-11-09","49.00","AUD","1761715026","66155/2025-11-09/1761715026.json"
"515320","135490","2025-11-12","49.00","AUD","1761715026","66155/2025-11-12/1761715026.json"
"515320","135490","2025-11-11","49.00","AUD","1761715026","66155/2025-11-11/1761715026.json"
"515320","135490","2025-11-10","49.00","AUD","1761715026","66155/2025-11-10/1761715026.json"
"515320","135490","2025-11-13","49.00","AUD","1761715026","66155/2025-11-13/1761715026.json"
"515320","135490","2025-11-16","49.00","AUD","1761715026","66155/2025-11-16/1761715026.json"
"515320","135490","2025-11-15","49.00","AUD","1761715026","66155/2025-11-15/1761715026.json"
"515320","135490","2025-11-17","49.00","AUD","1761715026","66155/2025-11-17/1761715026.json"
"515320","135490","2025-11-14","49.00","AUD","1761715026","66155/2025-11-14/1761715026.json"
"515320","135490","2025-11-20","49.00","AUD","1761715026","66155/2025-11-20/1761715026.json"
"515320","135490","2025-11-19","49.00","AUD","1761715026","66155/2025-11-19/1761715026.json"
"515320","135490","2025-11-21","49.00","AUD","1761715026","66155/2025-11-21/1761715026.json"
"515320","135490","2025-11-18","49.00","AUD","1761715026","66155/2025-11-18/1761715026.json"
"515320","135490","2025-11-22","49.00","AUD","1761715026","66155/2025-11-22/1761715026.json"
"515320","135490","2025-11-25","49.00","AUD","1761715026","66155/2025-11-25/1761715026.json"
"515320","135490","2025-11-24","49.00","AUD","1761715026","66155/2025-11-24/1761715026.json"
"515320","135490","2025-11-23","49.00","AUD","1761715026","66155/2025-11-23/1761715026.json"
"515320","135490","2025-11-26","49.00","AUD","1761715026","66155/2025-11-26/1761715026.json"
"515320","135490","2025-11-27","49.00","AUD","1761715026","66155/2025-11-27/1761715026.json"
"515320","135490","2025-11-28","49.00","AUD","1761715026","66155/2025-11-28/1761715026.json"
"515320","135490","2025-11-29","49.00","AUD","1761715026","66155/2025-11-29/1761715026.json"
"515320","135490","2025-12-02","49.00","AUD","1761715026","66155/2025-12-02/1761715026.json"
"515320","135490","2025-12-05","49.00","AUD","1761715026","66155/2025-12-05/1761715026.json"
"515320","135490","2025-12-06","49.00","AUD","1761715026","66155/2025-12-06/1761715026.json"
"515320","135490","2025-12-08","49.00","AUD","1761715026","66155/2025-12-08/1761715026.json"
"515320","135490","2025-12-07","49.00","AUD","1761715026","66155/2025-12-07/1761715026.json"
"515320","135490","2025-12-09","49.00","AUD","1761715026","66155/2025-12-09/1761715026.json"
"515320","135490","2025-12-12","49.00","AUD","1761715026","66155/2025-12-12/1761715026.json"
"515320","135490","2025-12-13","49.00","AUD","1761715026","66155/2025-12-13/1761715026.json"
"515320","135490","2025-12-16","49.00","AUD","1761715026","66155/2025-12-16/1761715026.json"
"515320","135490","2025-12-20","49.00","AUD","1761715026","66155/2025-12-20/1761715026.json"
"515320","135490","2025-12-19","49.00","AUD","1761715026","66155/2025-12-19/1761715026.json"
"515320","135490","2025-12-25","49.00","AUD","1761715026","66155/2025-12-25/1761715026.json"
"515320","135490","2025-12-24","49.00","AUD","1761715026","66155/2025-12-24/1761715026.json"
"515320","135490","2025-12-23","49.00","AUD","1761715026","66155/2025-12-23/1761715026.json"
"515320","135490","2025-12-26","49.00","AUD","1761715026","66155/2025-12-26/1761715026.json"
"515320","135490","2025-12-27","49.00","AUD","1761715026","66155/2025-12-27/1761715026.json"
"515320","135490","2025-12-28","49.00","AUD","1761715026","66155/2025-12-28/1761715026.json"
"515320","135490","2025-10-29","49.00","AUD","1761729957","66155/2025-10-29/1761729957.json"
"515320","135490","2025-10-30","49.00","AUD","1761729957","66155/2025-10-30/1761729957.json"
"515320","135490","2025-11-05","49.00","AUD","1761729957","66155/2025-11-05/1761729957.json"
"515320","135490","2025-11-02","49.00","AUD","1761729957","66155/2025-11-02/1761729957.json"
"515320","135490","2025-11-03","49.00","AUD","1761729957","66155/2025-11-03/1761729957.json"
"515320","135490","2025-11-04","49.00","AUD","1761729957","66155/2025-11-04/1761729957.json"
"515320","135490","2025-11-06","49.00","AUD","1761729957","66155/2025-11-06/1761729957.json"
"515320","135490","2025-11-09","49.00","AUD","1761729957","66155/2025-11-09/1761729957.json"
"515320","135490","2025-11-10","49.00","AUD","1761729957","66155/2025-11-10/1761729957.json"
"515320","135490","2025-11-11","49.00","AUD","1761729957","66155/2025-11-11/1761729957.json"
"515320","135490","2025-11-12","49.00","AUD","1761729957","66155/2025-11-12/1761729957.json"
"515320","135490","2025-11-13","49.00","AUD","1761729957","66155/2025-11-13/1761729957.json"
"515320","135490","2025-11-15","49.00","AUD","1761729957","66155/2025-11-15/1761729957.json"
"515320","135490","2025-11-14","49.00","AUD","1761729957","66155/2025-11-14/1761729957.json"
"515320","135490","2025-11-16","49.00","AUD","1761729957","66155/2025-11-16/1761729957.json"
"515320","135490","2025-11-17","49.00","AUD","1761729957","66155/2025-11-17/1761729957.json"
"515320","135490","2025-11-19","49.00","AUD","1761729957","66155/2025-11-19/1761729957.json"
"515320","135490","2025-11-20","49.00","AUD","1761729957","66155/2025-11-20/1761729957.json"
"515320","135490","2025-11-21","49.00","AUD","1761729957","66155/2025-11-21/1761729957.json"
"515320","135490","2025-11-18","49.00","AUD","1761729957","66155/2025-11-18/1761729957.json"
"515320","135490","2025-11-22","49.00","AUD","1761729957","66155/2025-11-22/1761729957.json"
"515320","135490","2025-11-23","49.00","AUD","1761729957","66155/2025-11-23/1761729957.json"
"515320","135490","2025-11-24","49.00","AUD","1761729957","66155/2025-11-24/1761729957.json"
"515320","135490","2025-11-25","49.00","AUD","1761729957","66155/2025-11-25/1761729957.json"
"515320","135490","2025-11-26","49.00","AUD","1761729957","66155/2025-11-26/1761729957.json"
"515320","135490","2025-11-29","49.00","AUD","1761729957","66155/2025-11-29/1761729957.json"
"515320","135490","2025-11-27","49.00","AUD","1761729957","66155/2025-11-27/1761729957.json"
"515320","135490","2025-11-28","49.00","AUD","1761729957","66155/2025-11-28/1761729957.json"
"515320","135490","2025-12-02","49.00","AUD","1761729957","66155/2025-12-02/1761729957.json"
"515320","135490","2025-12-05","49.00","AUD","1761729957","66155/2025-12-05/1761729957.json"
"515320","135490","2025-12-07","49.00","AUD","1761729957","66155/2025-12-07/1761729957.json"
"515320","135490","2025-12-06","49.00","AUD","1761729957","66155/2025-12-06/1761729957.json"
"515320","135490","2025-12-08","49.00","AUD","1761729957","66155/2025-12-08/1761729957.json"
"515320","135490","2025-12-09","49.00","AUD","1761729957","66155/2025-12-09/1761729957.json"
"515320","135490","2025-12-12","49.00","AUD","1761729957","66155/2025-12-12/1761729957.json"
"515320","135490","2025-12-13","49.00","AUD","1761729957","66155/2025-12-13/1761729957.json"
"515320","135490","2025-12-16","49.00","AUD","1761729957","66155/2025-12-16/1761729957.json"
"515320","135490","2025-12-19","49.00","AUD","1761729957","66155/2025-12-19/1761729957.json"
"515320","135490","2025-12-20","49.00","AUD","1761729957","66155/2025-12-20/1761729957.json"
"515320","135490","2025-12-23","49.00","AUD","1761729957","66155/2025-12-23/1761729957.json"
"515320","135490","2025-12-25","49.00","AUD","1761729957","66155/2025-12-25/1761729957.json"
"515320","135490","2025-12-26","49.00","AUD","1761729957","66155/2025-12-26/1761729957.json"
"515320","135490","2025-12-27","49.00","AUD","1761729957","66155/2025-12-27/1761729957.json"
"515320","135490","2025-12-24","49.00","AUD","1761729957","66155/2025-12-24/1761729957.json"
"515320","135490","2025-12-28","49.00","AUD","1761729957","66155/2025-12-28/1761729957.json"
"515320","135490","2025-10-30","49.00","AUD","1761747334","66155/2025-10-30/1761747334.json"
"515320","135490","2025-11-05","49.00","AUD","1761747334","66155/2025-11-05/1761747334.json"
"515320","135490","2025-11-04","49.00","AUD","1761747334","66155/2025-11-04/1761747334.json"
"515320","135490","2025-11-06","49.00","AUD","1761747334","66155/2025-11-06/1761747334.json"
"515320","135490","2025-11-03","49.00","AUD","1761747334","66155/2025-11-03/1761747334.json"
"515320","135490","2025-11-02","49.00","AUD","1761747334","66155/2025-11-02/1761747334.json"
"515320","135490","2025-11-09","49.00","AUD","1761747334","66155/2025-11-09/1761747334.json"
"515320","135490","2025-11-10","49.00","AUD","1761747334","66155/2025-11-10/1761747334.json"
"515320","135490","2025-11-12","49.00","AUD","1761747334","66155/2025-11-12/1761747334.json"
"515320","135490","2025-11-14","49.00","AUD","1761747334","66155/2025-11-14/1761747334.json"
"515320","135490","2025-11-11","49.00","AUD","1761747334","66155/2025-11-11/1761747334.json"
"515320","135490","2025-11-15","49.00","AUD","1761747334","66155/2025-11-15/1761747334.json"
"515320","135490","2025-11-16","49.00","AUD","1761747334","66155/2025-11-16/1761747334.json"
"515320","135490","2025-11-13","49.00","AUD","1761747334","66155/2025-11-13/1761747334.json"
"515320","135490","2025-11-17","49.00","AUD","1761747334","66155/2025-11-17/1761747334.json"
"515320","135490","2025-11-18","49.00","AUD","1761747334","66155/2025-11-18/1761747334.json"
"515320","135490","2025-11-21","49.00","AUD","1761747334","66155/2025-11-21/1761747334.json"
"515320","135490","2025-11-20","49.00","AUD","1761747334","66155/2025-11-20/1761747334.json"
"515320","135490","2025-11-19","49.00","AUD","1761747334","66155/2025-11-19/1761747334.json"
"515320","135490","2025-11-22","49.00","AUD","1761747334","66155/2025-11-22/1761747334.json"
"515320","135490","2025-11-23","49.00","AUD","1761747334","66155/2025-11-23/1761747334.json"
"515320","135490","2025-11-24","49.00","AUD","1761747334","66155/2025-11-24/1761747334.json"
"515320","135490","2025-11-25","49.00","AUD","1761747334","66155/2025-11-25/1761747334.json"
"515320","135490","2025-11-26","49.00","AUD","1761747334","66155/2025-11-26/1761747334.json"
"515320","135490","2025-11-27","49.00","AUD","1761747334","66155/2025-11-27/1761747334.json"
"515320","135490","2025-11-28","49.00","AUD","1761747334","66155/2025-11-28/1761747334.json"
"515320","135490","2025-11-29","49.00","AUD","1761747334","66155/2025-11-29/1761747334.json"
"515320","135490","2025-12-02","49.00","AUD","1761747334","66155/2025-12-02/1761747334.json"
"515320","135490","2025-12-05","49.00","AUD","1761747334","66155/2025-12-05/1761747334.json"
"515320","135490","2025-12-07","49.00","AUD","1761747334","66155/2025-12-07/1761747334.json"
"515320","135490","2025-12-08","49.00","AUD","1761747334","66155/2025-12-08/1761747334.json"
"515320","135490","2025-12-09","49.00","AUD","1761747334","66155/2025-12-09/1761747334.json"
"515320","135490","2025-12-12","49.00","AUD","1761747334","66155/2025-12-12/1761747334.json"
"515320","135490","2025-12-13","49.00","AUD","1761747334","66155/2025-12-13/1761747334.json"
"515320","135490","2025-12-16","49.00","AUD","1761747334","66155/2025-12-16/1761747334.json"
"515320","135490","2025-12-19","49.00","AUD","1761747334","66155/2025-12-19/1761747334.json"
"515320","135490","2025-12-20","49.00","AUD","1761747334","66155/2025-12-20/1761747334.json"
"515320","135490","2025-12-24","49.00","AUD","1761747334","66155/2025-12-24/1761747334.json"
"515320","135490","2025-12-25","49.00","AUD","1761747334","66155/2025-12-25/1761747334.json"
"515320","135490","2025-12-23","49.00","AUD","1761747334","66155/2025-12-23/1761747334.json"
"515320","135490","2025-12-26","49.00","AUD","1761747334","66155/2025-12-26/1761747334.json"
"515320","135490","2025-12-27","49.00","AUD","1761747334","66155/2025-12-27/1761747334.json"
"515320","135490","2025-12-28","49.00","AUD","1761747334","66155/2025-12-28/1761747334.json"
"515320","135490","2025-12-06","49.00","AUD","1761747334","66155/2025-12-06/1761747334.json"
"515320","135490","2025-10-30","49.00","AUD","1761758908","66155/2025-10-30/1761758908.json"
"515320","135490","2025-11-02","49.00","AUD","1761758908","66155/2025-11-02/1761758908.json"
"515320","135490","2025-11-05","49.00","AUD","1761758908","66155/2025-11-05/1761758908.json"
"515320","135490","2025-11-04","49.00","AUD","1761758908","66155/2025-11-04/1761758908.json"
"515320","135490","2025-11-03","49.00","AUD","1761758908","66155/2025-11-03/1761758908.json"
"515320","135490","2025-11-06","49.00","AUD","1761758908","66155/2025-11-06/1761758908.json"
"515320","135490","2025-11-10","49.00","AUD","1761758908","66155/2025-11-10/1761758908.json"
"515320","135490","2025-11-09","49.00","AUD","1761758908","66155/2025-11-09/1761758908.json"
"515320","135490","2025-11-11","49.00","AUD","1761758908","66155/2025-11-11/1761758908.json"
"515320","135490","2025-11-12","49.00","AUD","1761758908","66155/2025-11-12/1761758908.json"
"515320","135490","2025-11-13","49.00","AUD","1761758908","66155/2025-11-13/1761758908.json"
"515320","135490","2025-11-14","49.00","AUD","1761758908","66155/2025-11-14/1761758908.json"
"515320","135490","2025-11-16","49.00","AUD","1761758908","66155/2025-11-16/1761758908.json"
"515320","135490","2025-11-15","49.00","AUD","1761758908","66155/2025-11-15/1761758908.json"
"515320","135490","2025-11-18","49.00","AUD","1761758908","66155/2025-11-18/1761758908.json"
"515320","135490","2025-11-17","49.00","AUD","1761758908","66155/2025-11-17/1761758908.json"
"515320","135490","2025-11-19","49.00","AUD","1761758908","66155/2025-11-19/1761758908.json"
"515320","135490","2025-11-20","49.00","AUD","1761758908","66155/2025-11-20/1761758908.json"
"515320","135490","2025-11-21","49.00","AUD","1761758908","66155/2025-11-21/1761758908.json"
"515320","135490","2025-11-22","49.00","AUD","1761758908","66155/2025-11-22/1761758908.json"
"515320","135490","2025-11-23","49.00","AUD","1761758908","66155/2025-11-23/1761758908.json"
"515320","135490","2025-11-26","49.00","AUD","1761758908","66155/2025-11-26/1761758908.json"
"515320","135490","2025-11-24","49.00","AUD","1761758908","66155/2025-11-24/1761758908.json"
"515320","135490","2025-11-25","49.00","AUD","1761758908","66155/2025-11-25/1761758908.json"
"515320","135490","2025-11-29","49.00","AUD","1761758908","66155/2025-11-29/1761758908.json"
"515320","135490","2025-11-27","49.00","AUD","1761758908","66155/2025-11-27/1761758908.json"
"515320","135490","2025-11-28","49.00","AUD","1761758908","66155/2025-11-28/1761758908.json"
"515320","135490","2025-12-02","49.00","AUD","1761758908","66155/2025-12-02/1761758908.json"
"515320","135490","2025-12-05","49.00","AUD","1761758908","66155/2025-12-05/1761758908.json"
"515320","135490","2025-12-07","49.00","AUD","1761758908","66155/2025-12-07/1761758908.json"
"515320","135490","2025-12-08","49.00","AUD","1761758908","66155/2025-12-08/1761758908.json"
"515320","135490","2025-12-06","49.00","AUD","1761758908","66155/2025-12-06/1761758908.json"
"515320","135490","2025-12-09","49.00","AUD","1761758908","66155/2025-12-09/1761758908.json"
"515320","135490","2025-12-12","49.00","AUD","1761758908","66155/2025-12-12/1761758908.json"
"515320","135490","2025-12-13","49.00","AUD","1761758908","66155/2025-12-13/1761758908.json"
"515320","135490","2025-12-16","49.00","AUD","1761758908","66155/2025-12-16/1761758908.json"
"515320","135490","2025-12-19","49.00","AUD","1761758908","66155/2025-12-19/1761758908.json"
"515320","135490","2025-12-20","49.00","AUD","1761758908","66155/2025-12-20/1761758908.json"
"515320","135490","2025-12-23","49.00","AUD","1761758908","66155/2025-12-23/1761758908.json"
"515320","135490","2025-12-26","49.00","AUD","1761758908","66155/2025-12-26/1761758908.json"
"515320","135490","2025-12-24","49.00","AUD","1761758908","66155/2025-12-24/1761758908.json"
"515320","135490","2025-12-25","49.00","AUD","1761758908","66155/2025-12-25/1761758908.json"
"515320","135490","2025-12-27","49.00","AUD","1761758908","66155/2025-12-27/1761758908.json"
"515320","135490","2025-12-28","49.00","AUD","1761758908","66155/2025-12-28/1761758908.json"
"515320","135490","2025-10-30","49.00","AUD","1761772191","66155/2025-10-30/1761772191.json"
"515320","135490","2025-11-02","49.00","AUD","1761772191","66155/2025-11-02/1761772191.json"
"515320","135490","2025-11-04","49.00","AUD","1761772191","66155/2025-11-04/1761772191.json"
"515320","135490","2025-11-03","49.00","AUD","1761772191","66155/2025-11-03/1761772191.json"
"515320","135490","2025-11-05","49.00","AUD","1761772191","66155/2025-11-05/1761772191.json"
"515320","135490","2025-11-06","49.00","AUD","1761772191","66155/2025-11-06/1761772191.json"
"515320","135490","2025-11-10","49.00","AUD","1761772191","66155/2025-11-10/1761772191.json"
"515320","135490","2025-11-09","49.00","AUD","1761772191","66155/2025-11-09/1761772191.json"
"515320","135490","2025-11-12","49.00","AUD","1761772191","66155/2025-11-12/1761772191.json"
"515320","135490","2025-11-11","49.00","AUD","1761772191","66155/2025-11-11/1761772191.json"
"515320","135490","2025-11-13","49.00","AUD","1761772191","66155/2025-11-13/1761772191.json"
"515320","135490","2025-11-14","49.00","AUD","1761772191","66155/2025-11-14/1761772191.json"
"515320","135490","2025-11-16","49.00","AUD","1761772191","66155/2025-11-16/1761772191.json"
"515320","135490","2025-11-15","49.00","AUD","1761772191","66155/2025-11-15/1761772191.json"
"515320","135490","2025-11-18","49.00","AUD","1761772191","66155/2025-11-18/1761772191.json"
"515320","135490","2025-11-17","49.00","AUD","1761772191","66155/2025-11-17/1761772191.json"
"515320","135490","2025-11-19","49.00","AUD","1761772191","66155/2025-11-19/1761772191.json"
"515320","135490","2025-11-20","49.00","AUD","1761772191","66155/2025-11-20/1761772191.json"
"515320","135490","2025-11-22","49.00","AUD","1761772191","66155/2025-11-22/1761772191.json"
"515320","135490","2025-11-21","49.00","AUD","1761772191","66155/2025-11-21/1761772191.json"
"515320","135490","2025-11-23","49.00","AUD","1761772191","66155/2025-11-23/1761772191.json"
"515320","135490","2025-11-24","49.00","AUD","1761772191","66155/2025-11-24/1761772191.json"
"515320","135490","2025-11-25","49.00","AUD","1761772191","66155/2025-11-25/1761772191.json"
"515320","135490","2025-11-26","49.00","AUD","1761772191","66155/2025-11-26/1761772191.json"
"515320","135490","2025-11-27","49.00","AUD","1761772191","66155/2025-11-27/1761772191.json"
"515320","135490","2025-11-28","49.00","AUD","1761772191","66155/2025-11-28/1761772191.json"
"515320","135490","2025-11-29","49.00","AUD","1761772191","66155/2025-11-29/1761772191.json"
"515320","135490","2025-12-02","49.00","AUD","1761772191","66155/2025-12-02/1761772191.json"
"515320","135490","2025-12-06","49.00","AUD","1761772191","66155/2025-12-06/1761772191.json"
"515320","135490","2025-12-08","49.00","AUD","1761772191","66155/2025-12-08/1761772191.json"
"515320","135490","2025-12-07","49.00","AUD","1761772191","66155/2025-12-07/1761772191.json"
"515320","135490","2025-12-05","49.00","AUD","1761772191","66155/2025-12-05/1761772191.json"
"515320","135490","2025-12-09","49.00","AUD","1761772191","66155/2025-12-09/1761772191.json"
"515320","135490","2025-12-12","49.00","AUD","1761772191","66155/2025-12-12/1761772191.json"
"515320","135490","2025-12-13","49.00","AUD","1761772191","66155/2025-12-13/1761772191.json"
"515320","135490","2025-12-16","49.00","AUD","1761772191","66155/2025-12-16/1761772191.json"
"515320","135490","2025-12-19","49.00","AUD","1761772191","66155/2025-12-19/1761772191.json"
"515320","135490","2025-12-20","49.00","AUD","1761772191","66155/2025-12-20/1761772191.json"
"515320","135490","2025-12-23","49.00","AUD","1761772191","66155/2025-12-23/1761772191.json"
"515320","135490","2025-12-24","49.00","AUD","1761772191","66155/2025-12-24/1761772191.json"
"515320","135490","2025-12-25","49.00","AUD","1761772191","66155/2025-12-25/1761772191.json"
"515320","135490","2025-12-26","49.00","AUD","1761772191","66155/2025-12-26/1761772191.json"
"515320","135490","2025-12-27","49.00","AUD","1761772191","66155/2025-12-27/1761772191.json"
"515320","135490","2025-12-28","49.00","AUD","1761772191","66155/2025-12-28/1761772191.json"
"515320","135490","2025-11-02","49.00","AUD","1761796925","66155/2025-11-02/1761796925.json"
"515320","135490","2025-10-30","49.00","AUD","1761796925","66155/2025-10-30/1761796925.json"
"515320","135490","2025-11-03","49.00","AUD","1761796925","66155/2025-11-03/1761796925.json"
"515320","135490","2025-11-05","49.00","AUD","1761796925","66155/2025-11-05/1761796925.json"
"515320","135490","2025-11-06","49.00","AUD","1761796925","66155/2025-11-06/1761796925.json"
"515320","135490","2025-11-04","49.00","AUD","1761796925","66155/2025-11-04/1761796925.json"
"515320","135490","2025-11-09","49.00","AUD","1761796925","66155/2025-11-09/1761796925.json"
"515320","135490","2025-11-10","49.00","AUD","1761796925","66155/2025-11-10/1761796925.json"
"515320","135490","2025-11-11","49.00","AUD","1761796925","66155/2025-11-11/1761796925.json"
"515320","135490","2025-11-12","49.00","AUD","1761796925","66155/2025-11-12/1761796925.json"
"515320","135490","2025-11-14","49.00","AUD","1761796925","66155/2025-11-14/1761796925.json"
"515320","135490","2025-11-13","49.00","AUD","1761796925","66155/2025-11-13/1761796925.json"
"515320","135490","2025-11-15","49.00","AUD","1761796925","66155/2025-11-15/1761796925.json"
"515320","135490","2025-11-16","49.00","AUD","1761796925","66155/2025-11-16/1761796925.json"
"515320","135490","2025-11-18","49.00","AUD","1761796925","66155/2025-11-18/1761796925.json"
"515320","135490","2025-11-19","49.00","AUD","1761796925","66155/2025-11-19/1761796925.json"
"515320","135490","2025-11-20","49.00","AUD","1761796925","66155/2025-11-20/1761796925.json"
"515320","135490","2025-11-17","49.00","AUD","1761796925","66155/2025-11-17/1761796925.json"
"515320","135490","2025-11-21","49.00","AUD","1761796925","66155/2025-11-21/1761796925.json"
"515320","135490","2025-11-22","49.00","AUD","1761796925","66155/2025-11-22/1761796925.json"
"515320","135490","2025-11-23","49.00","AUD","1761796925","66155/2025-11-23/1761796925.json"
"515320","135490","2025-11-24","49.00","AUD","1761796925","66155/2025-11-24/1761796925.json"
"515320","135490","2025-11-25","49.00","AUD","1761796925","66155/2025-11-25/1761796925.json"
"515320","135490","2025-11-27","49.00","AUD","1761796925","66155/2025-11-27/1761796925.json"
"515320","135490","2025-11-26","49.00","AUD","1761796925","66155/2025-11-26/1761796925.json"
"515320","135490","2025-11-28","49.00","AUD","1761796925","66155/2025-11-28/1761796925.json"
"515320","135490","2025-11-29","49.00","AUD","1761796925","66155/2025-11-29/1761796925.json"
"515320","135490","2025-12-05","49.00","AUD","1761796925","66155/2025-12-05/1761796925.json"
"515320","135490","2025-12-02","49.00","AUD","1761796925","66155/2025-12-02/1761796925.json"
"515320","135490","2025-12-06","49.00","AUD","1761796925","66155/2025-12-06/1761796925.json"
"515320","135490","2025-12-07","49.00","AUD","1761796925","66155/2025-12-07/1761796925.json"
"515320","135490","2025-12-08","49.00","AUD","1761796925","66155/2025-12-08/1761796925.json"
"515320","135490","2025-12-09","49.00","AUD","1761796925","66155/2025-12-09/1761796925.json"
"515320","135490","2025-12-12","49.00","AUD","1761796925","66155/2025-12-12/1761796925.json"
"515320","135490","2025-12-13","49.00","AUD","1761796925","66155/2025-12-13/1761796925.json"
"515320","135490","2025-12-16","49.00","AUD","1761796925","66155/2025-12-16/1761796925.json"
"515320","135490","2025-12-19","49.00","AUD","1761796925","66155/2025-12-19/1761796925.json"
"515320","135490","2025-12-20","49.00","AUD","1761796925","66155/2025-12-20/1761796925.json"
"515320","135490","2025-12-23","49.00","AUD","1761796925","66155/2025-12-23/1761796925.json"
"515320","135490","2025-12-24","49.00","AUD","1761796925","66155/2025-12-24/1761796925.json"
"515320","135490","2025-12-25","49.00","AUD","1761796925","66155/2025-12-25/1761796925.json"
"515320","135490","2025-12-26","49.00","AUD","1761796925","66155/2025-12-26/1761796925.json"
"515320","135490","2025-12-27","49.00","AUD","1761796925","66155/2025-12-27/1761796925.json"
"515320","135490","2025-12-28","49.00","AUD","1761796925","66155/2025-12-28/1761796925.json"
"515320","135490","2025-12-29","49.00","AUD","1761796925","66155/2025-12-29/1761796925.json"
"515320","135490","2025-10-30","49.00","AUD","1761801322","66155/2025-10-30/1761801322.json"
"515320","135490","2025-11-02","49.00","AUD","1761801322","66155/2025-11-02/1761801322.json"
"515320","135490","2025-11-05","49.00","AUD","1761801322","66155/2025-11-05/1761801322.json"
"515320","135490","2025-11-04","49.00","AUD","1761801322","66155/2025-11-04/1761801322.json"
"515320","135490","2025-11-03","49.00","AUD","1761801322","66155/2025-11-03/1761801322.json"
"515320","135490","2025-11-06","49.00","AUD","1761801322","66155/2025-11-06/1761801322.json"
"515320","135490","2025-11-09","49.00","AUD","1761801322","66155/2025-11-09/1761801322.json"
"515320","135490","2025-11-10","49.00","AUD","1761801322","66155/2025-11-10/1761801322.json"
"515320","135490","2025-11-11","49.00","AUD","1761801322","66155/2025-11-11/1761801322.json"
"515320","135490","2025-11-12","49.00","AUD","1761801322","66155/2025-11-12/1761801322.json"
"515320","135490","2025-11-13","49.00","AUD","1761801322","66155/2025-11-13/1761801322.json"
"515320","135490","2025-11-14","49.00","AUD","1761801322","66155/2025-11-14/1761801322.json"
"515320","135490","2025-11-15","49.00","AUD","1761801322","66155/2025-11-15/1761801322.json"
"515320","135490","2025-11-17","49.00","AUD","1761801322","66155/2025-11-17/1761801322.json"
"515320","135490","2025-11-16","49.00","AUD","1761801322","66155/2025-11-16/1761801322.json"
"515320","135490","2025-11-19","49.00","AUD","1761801322","66155/2025-11-19/1761801322.json"
"515320","135490","2025-11-18","49.00","AUD","1761801322","66155/2025-11-18/1761801322.json"
"515320","135490","2025-11-20","49.00","AUD","1761801322","66155/2025-11-20/1761801322.json"
"515320","135490","2025-11-21","49.00","AUD","1761801322","66155/2025-11-21/1761801322.json"
"515320","135490","2025-11-23","49.00","AUD","1761801322","66155/2025-11-23/1761801322.json"
"515320","135490","2025-11-22","49.00","AUD","1761801322","66155/2025-11-22/1761801322.json"
"515320","135490","2025-11-24","49.00","AUD","1761801322","66155/2025-11-24/1761801322.json"
"515320","135490","2025-11-25","49.00","AUD","1761801322","66155/2025-11-25/1761801322.json"
"515320","135490","2025-11-26","49.00","AUD","1761801322","66155/2025-11-26/1761801322.json"
"515320","135490","2025-11-28","49.00","AUD","1761801322","66155/2025-11-28/1761801322.json"
"515320","135490","2025-11-27","49.00","AUD","1761801322","66155/2025-11-27/1761801322.json"
"515320","135490","2025-11-29","49.00","AUD","1761801322","66155/2025-11-29/1761801322.json"
"515320","135490","2025-12-02","49.00","AUD","1761801322","66155/2025-12-02/1761801322.json"
"515320","135490","2025-12-05","49.00","AUD","1761801322","66155/2025-12-05/1761801322.json"
"515320","135490","2025-12-07","49.00","AUD","1761801322","66155/2025-12-07/1761801322.json"
"515320","135490","2025-12-06","49.00","AUD","1761801322","66155/2025-12-06/1761801322.json"
"515320","135490","2025-12-09","49.00","AUD","1761801322","66155/2025-12-09/1761801322.json"
"515320","135490","2025-12-08","49.00","AUD","1761801322","66155/2025-12-08/1761801322.json"
"515320","135490","2025-12-12","49.00","AUD","1761801322","66155/2025-12-12/1761801322.json"
"515320","135490","2025-12-13","49.00","AUD","1761801322","66155/2025-12-13/1761801322.json"
"515320","135490","2025-12-16","49.00","AUD","1761801322","66155/2025-12-16/1761801322.json"
"515320","135490","2025-12-19","49.00","AUD","1761801322","66155/2025-12-19/1761801322.json"
"515320","135490","2025-12-20","49.00","AUD","1761801322","66155/2025-12-20/1761801322.json"
"515320","135490","2025-12-23","49.00","AUD","1761801322","66155/2025-12-23/1761801322.json"
"515320","135490","2025-12-24","49.00","AUD","1761801322","66155/2025-12-24/1761801322.json"
"515320","135490","2025-12-25","49.00","AUD","1761801322","66155/2025-12-25/1761801322.json"
"515320","135490","2025-12-26","49.00","AUD","1761801322","66155/2025-12-26/1761801322.json"
"515320","135490","2025-12-27","49.00","AUD","1761801322","66155/2025-12-27/1761801322.json"
"515320","135490","2025-12-28","49.00","AUD","1761801322","66155/2025-12-28/1761801322.json"
"515320","135490","2025-12-29","49.00","AUD","1761801322","66155/2025-12-29/1761801322.json"
"515320","135490","2025-10-30","49.00","AUD","1761816000","66155/2025-10-30/1761816000.json"
"515320","135490","2025-11-02","49.00","AUD","1761816000","66155/2025-11-02/1761816000.json"
"515320","135490","2025-11-03","49.00","AUD","1761816000","66155/2025-11-03/1761816000.json"
"515320","135490","2025-11-04","49.00","AUD","1761816000","66155/2025-11-04/1761816000.json"
"515320","135490","2025-11-06","49.00","AUD","1761816000","66155/2025-11-06/1761816000.json"
"515320","135490","2025-11-05","49.00","AUD","1761816000","66155/2025-11-05/1761816000.json"
"515320","135490","2025-11-09","49.00","AUD","1761816000","66155/2025-11-09/1761816000.json"
"515320","135490","2025-11-10","49.00","AUD","1761816000","66155/2025-11-10/1761816000.json"
"515320","135490","2025-11-12","49.00","AUD","1761816000","66155/2025-11-12/1761816000.json"
"515320","135490","2025-11-11","49.00","AUD","1761816000","66155/2025-11-11/1761816000.json"
"515320","135490","2025-11-13","49.00","AUD","1761816000","66155/2025-11-13/1761816000.json"
"515320","135490","2025-11-14","49.00","AUD","1761816000","66155/2025-11-14/1761816000.json"
"515320","135490","2025-11-15","49.00","AUD","1761816000","66155/2025-11-15/1761816000.json"
"515320","135490","2025-11-16","49.00","AUD","1761816000","66155/2025-11-16/1761816000.json"
"515320","135490","2025-11-17","49.00","AUD","1761816000","66155/2025-11-17/1761816000.json"
"515320","135490","2025-11-18","49.00","AUD","1761816000","66155/2025-11-18/1761816000.json"
"515320","135490","2025-11-19","49.00","AUD","1761816000","66155/2025-11-19/1761816000.json"
"515320","135490","2025-11-20","49.00","AUD","1761816000","66155/2025-11-20/1761816000.json"
"515320","135490","2025-11-21","49.00","AUD","1761816000","66155/2025-11-21/1761816000.json"
"515320","135490","2025-11-22","49.00","AUD","1761816000","66155/2025-11-22/1761816000.json"
"515320","135490","2025-11-23","49.00","AUD","1761816000","66155/2025-11-23/1761816000.json"
"515320","135490","2025-11-24","49.00","AUD","1761816000","66155/2025-11-24/1761816000.json"
"515320","135490","2025-11-25","49.00","AUD","1761816000","66155/2025-11-25/1761816000.json"
"515320","135490","2025-11-27","49.00","AUD","1761816000","66155/2025-11-27/1761816000.json"
"515320","135490","2025-11-26","49.00","AUD","1761816000","66155/2025-11-26/1761816000.json"
"515320","135490","2025-11-28","49.00","AUD","1761816000","66155/2025-11-28/1761816000.json"
"515320","135490","2025-11-29","49.00","AUD","1761816000","66155/2025-11-29/1761816000.json"
"515320","135490","2025-12-02","49.00","AUD","1761816000","66155/2025-12-02/1761816000.json"
"515320","135490","2025-12-05","49.00","AUD","1761816000","66155/2025-12-05/1761816000.json"
"515320","135490","2025-12-06","49.00","AUD","1761816000","66155/2025-12-06/1761816000.json"
"515320","135490","2025-12-07","49.00","AUD","1761816000","66155/2025-12-07/1761816000.json"
"515320","135490","2025-12-08","49.00","AUD","1761816000","66155/2025-12-08/1761816000.json"
"515320","135490","2025-12-09","49.00","AUD","1761816000","66155/2025-12-09/1761816000.json"
"515320","135490","2025-12-12","49.00","AUD","1761816000","66155/2025-12-12/1761816000.json"
"515320","135490","2025-12-16","49.00","AUD","1761816000","66155/2025-12-16/1761816000.json"
"515320","135490","2025-12-13","49.00","AUD","1761816000","66155/2025-12-13/1761816000.json"
"515320","135490","2025-12-20","49.00","AUD","1761816000","66155/2025-12-20/1761816000.json"
"515320","135490","2025-12-19","49.00","AUD","1761816000","66155/2025-12-19/1761816000.json"
"515320","135490","2025-12-23","49.00","AUD","1761816000","66155/2025-12-23/1761816000.json"
"515320","135490","2025-12-24","49.00","AUD","1761816000","66155/2025-12-24/1761816000.json"
"515320","135490","2025-12-25","49.00","AUD","1761816000","66155/2025-12-25/1761816000.json"
"515320","135490","2025-12-26","49.00","AUD","1761816000","66155/2025-12-26/1761816000.json"
"515320","135490","2025-12-27","49.00","AUD","1761816000","66155/2025-12-27/1761816000.json"
"515320","135490","2025-12-28","49.00","AUD","1761816000","66155/2025-12-28/1761816000.json"
"515320","135490","2025-12-29","49.00","AUD","1761816000","66155/2025-12-29/1761816000.json"
"515320","135490","2025-11-02","49.00","AUD","1761833547","66155/2025-11-02/1761833547.json"
"515320","135490","2025-11-03","49.00","AUD","1761833547","66155/2025-11-03/1761833547.json"
"515320","135490","2025-11-06","49.00","AUD","1761833547","66155/2025-11-06/1761833547.json"
"515320","135490","2025-11-04","49.00","AUD","1761833547","66155/2025-11-04/1761833547.json"
"515320","135490","2025-11-05","49.00","AUD","1761833547","66155/2025-11-05/1761833547.json"
"515320","135490","2025-11-09","49.00","AUD","1761833547","66155/2025-11-09/1761833547.json"
"515320","135490","2025-11-10","49.00","AUD","1761833547","66155/2025-11-10/1761833547.json"
"515320","135490","2025-11-11","49.00","AUD","1761833547","66155/2025-11-11/1761833547.json"
"515320","135490","2025-11-14","49.00","AUD","1761833547","66155/2025-11-14/1761833547.json"
"515320","135490","2025-11-12","49.00","AUD","1761833547","66155/2025-11-12/1761833547.json"
"515320","135490","2025-11-15","49.00","AUD","1761833547","66155/2025-11-15/1761833547.json"
"515320","135490","2025-11-13","49.00","AUD","1761833547","66155/2025-11-13/1761833547.json"
"515320","135490","2025-11-17","49.00","AUD","1761833547","66155/2025-11-17/1761833547.json"
"515320","135490","2025-11-16","49.00","AUD","1761833547","66155/2025-11-16/1761833547.json"
"515320","135490","2025-11-18","49.00","AUD","1761833547","66155/2025-11-18/1761833547.json"
"515320","135490","2025-11-19","49.00","AUD","1761833547","66155/2025-11-19/1761833547.json"
"515320","135490","2025-11-20","49.00","AUD","1761833547","66155/2025-11-20/1761833547.json"
"515320","135490","2025-11-21","49.00","AUD","1761833547","66155/2025-11-21/1761833547.json"
"515320","135490","2025-11-22","49.00","AUD","1761833547","66155/2025-11-22/1761833547.json"
"515320","135490","2025-11-23","49.00","AUD","1761833547","66155/2025-11-23/1761833547.json"
"515320","135490","2025-11-24","49.00","AUD","1761833547","66155/2025-11-24/1761833547.json"
"515320","135490","2025-11-26","49.00","AUD","1761833547","66155/2025-11-26/1761833547.json"
"515320","135490","2025-11-25","49.00","AUD","1761833547","66155/2025-11-25/1761833547.json"
"515320","135490","2025-11-27","49.00","AUD","1761833547","66155/2025-11-27/1761833547.json"
"515320","135490","2025-11-28","49.00","AUD","1761833547","66155/2025-11-28/1761833547.json"
"515320","135490","2025-11-29","49.00","AUD","1761833547","66155/2025-11-29/1761833547.json"
"515320","135490","2025-12-02","49.00","AUD","1761833547","66155/2025-12-02/1761833547.json"
"515320","135490","2025-12-05","49.00","AUD","1761833547","66155/2025-12-05/1761833547.json"
"515320","135490","2025-12-06","49.00","AUD","1761833547","66155/2025-12-06/1761833547.json"
"515320","135490","2025-12-07","49.00","AUD","1761833547","66155/2025-12-07/1761833547.json"
"515320","135490","2025-12-08","49.00","AUD","1761833547","66155/2025-12-08/1761833547.json"
"515320","135490","2025-12-09","49.00","AUD","1761833547","66155/2025-12-09/1761833547.json"
"515320","135490","2025-12-12","49.00","AUD","1761833547","66155/2025-12-12/1761833547.json"
"515320","135490","2025-12-13","49.00","AUD","1761833547","66155/2025-12-13/1761833547.json"
"515320","135490","2025-12-16","49.00","AUD","1761833547","66155/2025-12-16/1761833547.json"
"515320","135490","2025-12-19","49.00","AUD","1761833547","66155/2025-12-19/1761833547.json"
"515320","135490","2025-12-20","49.00","AUD","1761833547","66155/2025-12-20/1761833547.json"
"515320","135490","2025-12-23","49.00","AUD","1761833547","66155/2025-12-23/1761833547.json"
"515320","135490","2025-12-24","49.00","AUD","1761833547","66155/2025-12-24/1761833547.json"
"515320","135490","2025-12-25","49.00","AUD","1761833547","66155/2025-12-25/1761833547.json"
"515320","135490","2025-12-26","49.00","AUD","1761833547","66155/2025-12-26/1761833547.json"
"515320","135490","2025-12-27","49.00","AUD","1761833547","66155/2025-12-27/1761833547.json"
"515320","135490","2025-12-28","49.00","AUD","1761833547","66155/2025-12-28/1761833547.json"
"515320","135490","2025-12-29","49.00","AUD","1761833547","66155/2025-12-29/1761833547.json"
"515320","135490","2025-11-02","49.00","AUD","1761844947","66155/2025-11-02/1761844947.json"
"515320","135490","2025-11-03","49.00","AUD","1761844947","66155/2025-11-03/1761844947.json"
"515320","135490","2025-11-06","49.00","AUD","1761844947","66155/2025-11-06/1761844947.json"
"515320","135490","2025-11-05","49.00","AUD","1761844947","66155/2025-11-05/1761844947.json"
"515320","135490","2025-11-04","49.00","AUD","1761844947","66155/2025-11-04/1761844947.json"
"515320","135490","2025-11-09","49.00","AUD","1761844947","66155/2025-11-09/1761844947.json"
"515320","135490","2025-11-10","49.00","AUD","1761844947","66155/2025-11-10/1761844947.json"
"515320","135490","2025-11-11","49.00","AUD","1761844947","66155/2025-11-11/1761844947.json"
"515320","135490","2025-11-12","49.00","AUD","1761844947","66155/2025-11-12/1761844947.json"
"515320","135490","2025-11-15","49.00","AUD","1761844947","66155/2025-11-15/1761844947.json"
"515320","135490","2025-11-14","49.00","AUD","1761844947","66155/2025-11-14/1761844947.json"
"515320","135490","2025-11-13","49.00","AUD","1761844947","66155/2025-11-13/1761844947.json"
"515320","135490","2025-11-16","49.00","AUD","1761844947","66155/2025-11-16/1761844947.json"
"515320","135490","2025-11-17","49.00","AUD","1761844947","66155/2025-11-17/1761844947.json"
"515320","135490","2025-11-19","49.00","AUD","1761844947","66155/2025-11-19/1761844947.json"
"515320","135490","2025-11-18","49.00","AUD","1761844947","66155/2025-11-18/1761844947.json"
"515320","135490","2025-11-21","49.00","AUD","1761844947","66155/2025-11-21/1761844947.json"
"515320","135490","2025-11-20","49.00","AUD","1761844947","66155/2025-11-20/1761844947.json"
"515320","135490","2025-11-22","49.00","AUD","1761844947","66155/2025-11-22/1761844947.json"
"515320","135490","2025-11-23","49.00","AUD","1761844947","66155/2025-11-23/1761844947.json"
"515320","135490","2025-11-25","49.00","AUD","1761844947","66155/2025-11-25/1761844947.json"
"515320","135490","2025-11-24","49.00","AUD","1761844947","66155/2025-11-24/1761844947.json"
"515320","135490","2025-11-26","49.00","AUD","1761844947","66155/2025-11-26/1761844947.json"
"515320","135490","2025-11-27","49.00","AUD","1761844947","66155/2025-11-27/1761844947.json"
"515320","135490","2025-11-28","49.00","AUD","1761844947","66155/2025-11-28/1761844947.json"
"515320","135490","2025-11-29","49.00","AUD","1761844947","66155/2025-11-29/1761844947.json"
"515320","135490","2025-12-02","49.00","AUD","1761844947","66155/2025-12-02/1761844947.json"
"515320","135490","2025-12-05","49.00","AUD","1761844947","66155/2025-12-05/1761844947.json"
"515320","135490","2025-12-07","49.00","AUD","1761844947","66155/2025-12-07/1761844947.json"
"515320","135490","2025-12-08","49.00","AUD","1761844947","66155/2025-12-08/1761844947.json"
"515320","135490","2025-12-06","49.00","AUD","1761844947","66155/2025-12-06/1761844947.json"
"515320","135490","2025-12-09","49.00","AUD","1761844947","66155/2025-12-09/1761844947.json"
"515320","135490","2025-12-13","49.00","AUD","1761844947","66155/2025-12-13/1761844947.json"
"515320","135490","2025-12-12","49.00","AUD","1761844947","66155/2025-12-12/1761844947.json"
"515320","135490","2025-12-16","49.00","AUD","1761844947","66155/2025-12-16/1761844947.json"
"515320","135490","2025-12-19","49.00","AUD","1761844947","66155/2025-12-19/1761844947.json"
"515320","135490","2025-12-20","49.00","AUD","1761844947","66155/2025-12-20/1761844947.json"
"515320","135490","2025-12-23","49.00","AUD","1761844947","66155/2025-12-23/1761844947.json"
"515320","135490","2025-12-24","49.00","AUD","1761844947","66155/2025-12-24/1761844947.json"
"515320","135490","2025-12-26","49.00","AUD","1761844947","66155/2025-12-26/1761844947.json"
"515320","135490","2025-12-25","49.00","AUD","1761844947","66155/2025-12-25/1761844947.json"
"515320","135490","2025-12-27","49.00","AUD","1761844947","66155/2025-12-27/1761844947.json"
"515320","135490","2025-12-28","49.00","AUD","1761844947","66155/2025-12-28/1761844947.json"
"515320","135490","2025-12-29","49.00","AUD","1761844947","66155/2025-12-29/1761844947.json"
"515320","135490","2025-11-02","49.00","AUD","1761858522","66155/2025-11-02/1761858522.json"
"515320","135490","2025-11-03","49.00","AUD","1761858522","66155/2025-11-03/1761858522.json"
"515320","135490","2025-11-06","49.00","AUD","1761858522","66155/2025-11-06/1761858522.json"
"515320","135490","2025-11-05","49.00","AUD","1761858522","66155/2025-11-05/1761858522.json"
"515320","135490","2025-11-04","49.00","AUD","1761858522","66155/2025-11-04/1761858522.json"
"515320","135490","2025-11-09","49.00","AUD","1761858522","66155/2025-11-09/1761858522.json"
"515320","135490","2025-11-10","49.00","AUD","1761858522","66155/2025-11-10/1761858522.json"
"515320","135490","2025-11-11","49.00","AUD","1761858522","66155/2025-11-11/1761858522.json"
"515320","135490","2025-11-12","49.00","AUD","1761858522","66155/2025-11-12/1761858522.json"
"515320","135490","2025-11-15","49.00","AUD","1761858522","66155/2025-11-15/1761858522.json"
"515320","135490","2025-11-13","49.00","AUD","1761858522","66155/2025-11-13/1761858522.json"
"515320","135490","2025-11-14","49.00","AUD","1761858522","66155/2025-11-14/1761858522.json"
"515320","135490","2025-11-16","49.00","AUD","1761858522","66155/2025-11-16/1761858522.json"
"515320","135490","2025-11-17","49.00","AUD","1761858522","66155/2025-11-17/1761858522.json"
"515320","135490","2025-11-18","49.00","AUD","1761858522","66155/2025-11-18/1761858522.json"
"515320","135490","2025-11-20","49.00","AUD","1761858522","66155/2025-11-20/1761858522.json"
"515320","135490","2025-11-19","49.00","AUD","1761858522","66155/2025-11-19/1761858522.json"
"515320","135490","2025-11-21","49.00","AUD","1761858522","66155/2025-11-21/1761858522.json"
"515320","135490","2025-11-23","49.00","AUD","1761858522","66155/2025-11-23/1761858522.json"
"515320","135490","2025-11-24","49.00","AUD","1761858522","66155/2025-11-24/1761858522.json"
"515320","135490","2025-11-22","49.00","AUD","1761858522","66155/2025-11-22/1761858522.json"
"515320","135490","2025-11-25","49.00","AUD","1761858522","66155/2025-11-25/1761858522.json"
"515320","135490","2025-11-26","49.00","AUD","1761858522","66155/2025-11-26/1761858522.json"
"515320","135490","2025-11-28","49.00","AUD","1761858522","66155/2025-11-28/1761858522.json"
"515320","135490","2025-11-27","49.00","AUD","1761858522","66155/2025-11-27/1761858522.json"
"515320","135490","2025-11-29","49.00","AUD","1761858522","66155/2025-11-29/1761858522.json"
"515320","135490","2025-12-02","49.00","AUD","1761858522","66155/2025-12-02/1761858522.json"
"515320","135490","2025-12-05","49.00","AUD","1761858522","66155/2025-12-05/1761858522.json"
"515320","135490","2025-12-09","49.00","AUD","1761858522","66155/2025-12-09/1761858522.json"
"515320","135490","2025-12-08","49.00","AUD","1761858522","66155/2025-12-08/1761858522.json"
"515320","135490","2025-12-06","49.00","AUD","1761858522","66155/2025-12-06/1761858522.json"
"515320","135490","2025-12-07","49.00","AUD","1761858522","66155/2025-12-07/1761858522.json"
"515320","135490","2025-12-12","49.00","AUD","1761858522","66155/2025-12-12/1761858522.json"
"515320","135490","2025-12-13","49.00","AUD","1761858522","66155/2025-12-13/1761858522.json"
"515320","135490","2025-12-16","49.00","AUD","1761858522","66155/2025-12-16/1761858522.json"
"515320","135490","2025-12-19","49.00","AUD","1761858522","66155/2025-12-19/1761858522.json"
"515320","135490","2025-12-20","49.00","AUD","1761858522","66155/2025-12-20/1761858522.json"
"515320","135490","2025-12-23","49.00","AUD","1761858522","66155/2025-12-23/1761858522.json"
"515320","135490","2025-12-24","49.00","AUD","1761858522","66155/2025-12-24/1761858522.json"
"515320","135490","2025-12-27","49.00","AUD","1761858522","66155/2025-12-27/1761858522.json"
"515320","135490","2025-12-26","49.00","AUD","1761858522","66155/2025-12-26/1761858522.json"
"515320","135490","2025-12-25","49.00","AUD","1761858522","66155/2025-12-25/1761858522.json"
"515320","135490","2025-12-28","49.00","AUD","1761858522","66155/2025-12-28/1761858522.json"
"515320","135490","2025-12-29","49.00","AUD","1761858522","66155/2025-12-29/1761858522.json"
"515320","135490","2025-11-03","49.00","AUD","1761883323","66155/2025-11-03/1761883323.json"
"515320","135490","2025-11-02","49.00","AUD","1761883323","66155/2025-11-02/1761883323.json"
"515320","135490","2025-11-04","49.00","AUD","1761883323","66155/2025-11-04/1761883323.json"
"515320","135490","2025-11-05","49.00","AUD","1761883323","66155/2025-11-05/1761883323.json"
"515320","135490","2025-11-06","49.00","AUD","1761883323","66155/2025-11-06/1761883323.json"
"515320","135490","2025-11-10","49.00","AUD","1761883323","66155/2025-11-10/1761883323.json"
"515320","135490","2025-11-09","49.00","AUD","1761883323","66155/2025-11-09/1761883323.json"
"515320","135490","2025-11-11","49.00","AUD","1761883323","66155/2025-11-11/1761883323.json"
"515320","135490","2025-11-12","49.00","AUD","1761883323","66155/2025-11-12/1761883323.json"
"515320","135490","2025-11-13","49.00","AUD","1761883323","66155/2025-11-13/1761883323.json"
"515320","135490","2025-11-14","49.00","AUD","1761883323","66155/2025-11-14/1761883323.json"
"515320","135490","2025-11-15","49.00","AUD","1761883323","66155/2025-11-15/1761883323.json"
"515320","135490","2025-11-16","49.00","AUD","1761883323","66155/2025-11-16/1761883323.json"
"515320","135490","2025-11-18","49.00","AUD","1761883323","66155/2025-11-18/1761883323.json"
"515320","135490","2025-11-19","49.00","AUD","1761883323","66155/2025-11-19/1761883323.json"
"515320","135490","2025-11-17","49.00","AUD","1761883323","66155/2025-11-17/1761883323.json"
"515320","135490","2025-11-20","49.00","AUD","1761883323","66155/2025-11-20/1761883323.json"
"515320","135490","2025-11-23","49.00","AUD","1761883323","66155/2025-11-23/1761883323.json"
"515320","135490","2025-11-22","49.00","AUD","1761883323","66155/2025-11-22/1761883323.json"
"515320","135490","2025-11-21","49.00","AUD","1761883323","66155/2025-11-21/1761883323.json"
"515320","135490","2025-11-25","49.00","AUD","1761883323","66155/2025-11-25/1761883323.json"
"515320","135490","2025-11-26","49.00","AUD","1761883323","66155/2025-11-26/1761883323.json"
"515320","135490","2025-11-27","49.00","AUD","1761883323","66155/2025-11-27/1761883323.json"
"515320","135490","2025-11-24","49.00","AUD","1761883323","66155/2025-11-24/1761883323.json"
"515320","135490","2025-11-28","49.00","AUD","1761883323","66155/2025-11-28/1761883323.json"
"515320","135490","2025-11-29","49.00","AUD","1761883323","66155/2025-11-29/1761883323.json"
"515320","135490","2025-12-02","49.00","AUD","1761883323","66155/2025-12-02/1761883323.json"
"515320","135490","2025-12-05","49.00","AUD","1761883323","66155/2025-12-05/1761883323.json"
"515320","135490","2025-12-06","49.00","AUD","1761883323","66155/2025-12-06/1761883323.json"
"515320","135490","2025-12-07","49.00","AUD","1761883323","66155/2025-12-07/1761883323.json"
"515320","135490","2025-12-08","49.00","AUD","1761883323","66155/2025-12-08/1761883323.json"
"515320","135490","2025-12-09","49.00","AUD","1761883323","66155/2025-12-09/1761883323.json"
"515320","135490","2025-12-12","49.00","AUD","1761883323","66155/2025-12-12/1761883323.json"
"515320","135490","2025-12-13","49.00","AUD","1761883323","66155/2025-12-13/1761883323.json"
"515320","135490","2025-12-16","49.00","AUD","1761883323","66155/2025-12-16/1761883323.json"
"515320","135490","2025-12-19","49.00","AUD","1761883323","66155/2025-12-19/1761883323.json"
"515320","135490","2025-12-20","49.00","AUD","1761883323","66155/2025-12-20/1761883323.json"
"515320","135490","2025-12-23","49.00","AUD","1761883323","66155/2025-12-23/1761883323.json"
"515320","135490","2025-12-25","49.00","AUD","1761883323","66155/2025-12-25/1761883323.json"
"515320","135490","2025-12-24","49.00","AUD","1761883323","66155/2025-12-24/1761883323.json"
"515320","135490","2025-12-26","49.00","AUD","1761883323","66155/2025-12-26/1761883323.json"
"515320","135490","2025-12-27","49.00","AUD","1761883323","66155/2025-12-27/1761883323.json"
"515320","135490","2025-12-28","49.00","AUD","1761883323","66155/2025-12-28/1761883323.json"
"515320","135490","2025-12-29","49.00","AUD","1761883323","66155/2025-12-29/1761883323.json"
"515320","135490","2025-12-30","49.00","AUD","1761883323","66155/2025-12-30/1761883323.json"
"515320","135490","2025-11-03","49.00","AUD","1761887617","66155/2025-11-03/1761887617.json"
"515320","135490","2025-11-02","49.00","AUD","1761887617","66155/2025-11-02/1761887617.json"
"515320","135490","2025-11-06","49.00","AUD","1761887617","66155/2025-11-06/1761887617.json"
"515320","135490","2025-11-05","49.00","AUD","1761887617","66155/2025-11-05/1761887617.json"
"515320","135490","2025-11-04","49.00","AUD","1761887617","66155/2025-11-04/1761887617.json"
"515320","135490","2025-11-09","49.00","AUD","1761887617","66155/2025-11-09/1761887617.json"
"515320","135490","2025-11-10","49.00","AUD","1761887617","66155/2025-11-10/1761887617.json"
"515320","135490","2025-11-11","49.00","AUD","1761887617","66155/2025-11-11/1761887617.json"
"515320","135490","2025-11-12","49.00","AUD","1761887617","66155/2025-11-12/1761887617.json"
"515320","135490","2025-11-14","49.00","AUD","1761887617","66155/2025-11-14/1761887617.json"
"515320","135490","2025-11-13","49.00","AUD","1761887617","66155/2025-11-13/1761887617.json"
"515320","135490","2025-11-15","49.00","AUD","1761887617","66155/2025-11-15/1761887617.json"
"515320","135490","2025-11-16","49.00","AUD","1761887617","66155/2025-11-16/1761887617.json"
"515320","135490","2025-11-18","49.00","AUD","1761887617","66155/2025-11-18/1761887617.json"
"515320","135490","2025-11-17","49.00","AUD","1761887617","66155/2025-11-17/1761887617.json"
"515320","135490","2025-11-19","49.00","AUD","1761887617","66155/2025-11-19/1761887617.json"
"515320","135490","2025-11-20","49.00","AUD","1761887617","66155/2025-11-20/1761887617.json"
"515320","135490","2025-11-22","49.00","AUD","1761887617","66155/2025-11-22/1761887617.json"
"515320","135490","2025-11-23","49.00","AUD","1761887617","66155/2025-11-23/1761887617.json"
"515320","135490","2025-11-21","49.00","AUD","1761887617","66155/2025-11-21/1761887617.json"
"515320","135490","2025-11-27","49.00","AUD","1761887617","66155/2025-11-27/1761887617.json"
"515320","135490","2025-11-26","49.00","AUD","1761887617","66155/2025-11-26/1761887617.json"
"515320","135490","2025-11-24","49.00","AUD","1761887617","66155/2025-11-24/1761887617.json"
"515320","135490","2025-11-25","49.00","AUD","1761887617","66155/2025-11-25/1761887617.json"
"515320","135490","2025-11-28","49.00","AUD","1761887617","66155/2025-11-28/1761887617.json"
"515320","135490","2025-11-29","49.00","AUD","1761887617","66155/2025-11-29/1761887617.json"
"515320","135490","2025-12-02","49.00","AUD","1761887617","66155/2025-12-02/1761887617.json"
"515320","135490","2025-12-05","49.00","AUD","1761887617","66155/2025-12-05/1761887617.json"
"515320","135490","2025-12-06","49.00","AUD","1761887617","66155/2025-12-06/1761887617.json"
"515320","135490","2025-12-07","49.00","AUD","1761887617","66155/2025-12-07/1761887617.json"
"515320","135490","2025-12-08","49.00","AUD","1761887617","66155/2025-12-08/1761887617.json"
"515320","135490","2025-12-09","49.00","AUD","1761887617","66155/2025-12-09/1761887617.json"
"515320","135490","2025-12-12","49.00","AUD","1761887617","66155/2025-12-12/1761887617.json"
"515320","135490","2025-12-13","49.00","AUD","1761887617","66155/2025-12-13/1761887617.json"
"515320","135490","2025-12-16","49.00","AUD","1761887617","66155/2025-12-16/1761887617.json"
"515320","135490","2025-12-19","49.00","AUD","1761887617","66155/2025-12-19/1761887617.json"
"515320","135490","2025-12-20","49.00","AUD","1761887617","66155/2025-12-20/1761887617.json"
"515320","135490","2025-12-23","49.00","AUD","1761887617","66155/2025-12-23/1761887617.json"
"515320","135490","2025-12-25","49.00","AUD","1761887617","66155/2025-12-25/1761887617.json"
"515320","135490","2025-12-24","49.00","AUD","1761887617","66155/2025-12-24/1761887617.json"
"515320","135490","2025-12-26","49.00","AUD","1761887617","66155/2025-12-26/1761887617.json"
"515320","135490","2025-12-27","49.00","AUD","1761887617","66155/2025-12-27/1761887617.json"
"515320","135490","2025-12-28","49.00","AUD","1761887617","66155/2025-12-28/1761887617.json"
"515320","135490","2025-12-29","49.00","AUD","1761887617","66155/2025-12-29/1761887617.json"
"515320","135490","2025-12-30","49.00","AUD","1761887617","66155/2025-12-30/1761887617.json"
"515320","135490","2025-11-03","49.00","AUD","1761902400","66155/2025-11-03/1761902400.json"
"515320","135490","2025-11-02","49.00","AUD","1761902400","66155/2025-11-02/1761902400.json"
"515320","135490","2025-11-05","49.00","AUD","1761902400","66155/2025-11-05/1761902400.json"
"515320","135490","2025-11-06","49.00","AUD","1761902400","66155/2025-11-06/1761902400.json"
"515320","135490","2025-11-04","49.00","AUD","1761902400","66155/2025-11-04/1761902400.json"
"515320","135490","2025-11-10","49.00","AUD","1761902400","66155/2025-11-10/1761902400.json"
"515320","135490","2025-11-11","49.00","AUD","1761902400","66155/2025-11-11/1761902400.json"
"515320","135490","2025-11-09","49.00","AUD","1761902400","66155/2025-11-09/1761902400.json"
"515320","135490","2025-11-13","49.00","AUD","1761902400","66155/2025-11-13/1761902400.json"
"515320","135490","2025-11-14","49.00","AUD","1761902400","66155/2025-11-14/1761902400.json"
"515320","135490","2025-11-15","49.00","AUD","1761902400","66155/2025-11-15/1761902400.json"
"515320","135490","2025-11-12","49.00","AUD","1761902400","66155/2025-11-12/1761902400.json"
"515320","135490","2025-11-16","49.00","AUD","1761902400","66155/2025-11-16/1761902400.json"
"515320","135490","2025-11-18","49.00","AUD","1761902400","66155/2025-11-18/1761902400.json"
"515320","135490","2025-11-17","49.00","AUD","1761902400","66155/2025-11-17/1761902400.json"
"515320","135490","2025-11-19","49.00","AUD","1761902400","66155/2025-11-19/1761902400.json"
"515320","135490","2025-11-21","49.00","AUD","1761902400","66155/2025-11-21/1761902400.json"
"515320","135490","2025-11-20","49.00","AUD","1761902400","66155/2025-11-20/1761902400.json"
"515320","135490","2025-11-22","49.00","AUD","1761902400","66155/2025-11-22/1761902400.json"
"515320","135490","2025-11-26","49.00","AUD","1761902400","66155/2025-11-26/1761902400.json"
"515320","135490","2025-11-24","49.00","AUD","1761902400","66155/2025-11-24/1761902400.json"
"515320","135490","2025-11-23","49.00","AUD","1761902400","66155/2025-11-23/1761902400.json"
"515320","135490","2025-11-25","49.00","AUD","1761902400","66155/2025-11-25/1761902400.json"
"515320","135490","2025-11-27","49.00","AUD","1761902400","66155/2025-11-27/1761902400.json"
"515320","135490","2025-11-28","49.00","AUD","1761902400","66155/2025-11-28/1761902400.json"
"515320","135490","2025-11-29","49.00","AUD","1761902400","66155/2025-11-29/1761902400.json"
"515320","135490","2025-12-02","49.00","AUD","1761902400","66155/2025-12-02/1761902400.json"
"515320","135490","2025-12-08","49.00","AUD","1761902400","66155/2025-12-08/1761902400.json"
"515320","135490","2025-12-05","49.00","AUD","1761902400","66155/2025-12-05/1761902400.json"
"515320","135490","2025-12-06","49.00","AUD","1761902400","66155/2025-12-06/1761902400.json"
"515320","135490","2025-12-07","49.00","AUD","1761902400","66155/2025-12-07/1761902400.json"
"515320","135490","2025-12-09","49.00","AUD","1761902400","66155/2025-12-09/1761902400.json"
"515320","135490","2025-12-12","49.00","AUD","1761902400","66155/2025-12-12/1761902400.json"
"515320","135490","2025-12-13","49.00","AUD","1761902400","66155/2025-12-13/1761902400.json"
"515320","135490","2025-12-16","49.00","AUD","1761902400","66155/2025-12-16/1761902400.json"
"515320","135490","2025-12-19","49.00","AUD","1761902400","66155/2025-12-19/1761902400.json"
"515320","135490","2025-12-20","49.00","AUD","1761902400","66155/2025-12-20/1761902400.json"
"515320","135490","2025-12-24","49.00","AUD","1761902400","66155/2025-12-24/1761902400.json"
"515320","135490","2025-12-23","49.00","AUD","1761902400","66155/2025-12-23/1761902400.json"
"515320","135490","2025-12-25","49.00","AUD","1761902400","66155/2025-12-25/1761902400.json"
"515320","135490","2025-12-26","49.00","AUD","1761902400","66155/2025-12-26/1761902400.json"
"515320","135490","2025-12-27","49.00","AUD","1761902400","66155/2025-12-27/1761902400.json"
"515320","135490","2025-12-28","49.00","AUD","1761902400","66155/2025-12-28/1761902400.json"
"515320","135490","2025-12-30","49.00","AUD","1761902400","66155/2025-12-30/1761902400.json"
"515320","135490","2025-12-29","49.00","AUD","1761902400","66155/2025-12-29/1761902400.json"
"515320","135490","2025-11-02","49.00","AUD","1761919900","66155/2025-11-02/1761919900.json"
"515320","135490","2025-11-03","49.00","AUD","1761919900","66155/2025-11-03/1761919900.json"
"515320","135490","2025-11-04","49.00","AUD","1761919900","66155/2025-11-04/1761919900.json"
"515320","135490","2025-11-05","49.00","AUD","1761919900","66155/2025-11-05/1761919900.json"
"515320","135490","2025-11-06","49.00","AUD","1761919900","66155/2025-11-06/1761919900.json"
"515320","135490","2025-11-10","49.00","AUD","1761919900","66155/2025-11-10/1761919900.json"
"515320","135490","2025-11-09","49.00","AUD","1761919900","66155/2025-11-09/1761919900.json"
"515320","135490","2025-11-11","49.00","AUD","1761919900","66155/2025-11-11/1761919900.json"
"515320","135490","2025-11-12","49.00","AUD","1761919900","66155/2025-11-12/1761919900.json"
"515320","135490","2025-11-13","49.00","AUD","1761919900","66155/2025-11-13/1761919900.json"
"515320","135490","2025-11-14","49.00","AUD","1761919900","66155/2025-11-14/1761919900.json"
"515320","135490","2025-11-15","49.00","AUD","1761919900","66155/2025-11-15/1761919900.json"
"515320","135490","2025-11-16","49.00","AUD","1761919900","66155/2025-11-16/1761919900.json"
"515320","135490","2025-11-17","49.00","AUD","1761919900","66155/2025-11-17/1761919900.json"
"515320","135490","2025-11-19","49.00","AUD","1761919900","66155/2025-11-19/1761919900.json"
"515320","135490","2025-11-18","49.00","AUD","1761919900","66155/2025-11-18/1761919900.json"
"515320","135490","2025-11-20","49.00","AUD","1761919900","66155/2025-11-20/1761919900.json"
"515320","135490","2025-11-21","49.00","AUD","1761919900","66155/2025-11-21/1761919900.json"
"515320","135490","2025-11-22","49.00","AUD","1761919900","66155/2025-11-22/1761919900.json"
"515320","135490","2025-11-23","49.00","AUD","1761919900","66155/2025-11-23/1761919900.json"
"515320","135490","2025-11-24","49.00","AUD","1761919900","66155/2025-11-24/1761919900.json"
"515320","135490","2025-11-27","49.00","AUD","1761919900","66155/2025-11-27/1761919900.json"
"515320","135490","2025-11-26","49.00","AUD","1761919900","66155/2025-11-26/1761919900.json"
"515320","135490","2025-11-25","49.00","AUD","1761919900","66155/2025-11-25/1761919900.json"
"515320","135490","2025-11-28","49.00","AUD","1761919900","66155/2025-11-28/1761919900.json"
"515320","135490","2025-11-29","49.00","AUD","1761919900","66155/2025-11-29/1761919900.json"
"515320","135490","2025-12-02","49.00","AUD","1761919900","66155/2025-12-02/1761919900.json"
"515320","135490","2025-12-05","49.00","AUD","1761919900","66155/2025-12-05/1761919900.json"
"515320","135490","2025-12-06","49.00","AUD","1761919900","66155/2025-12-06/1761919900.json"
"515320","135490","2025-12-08","49.00","AUD","1761919900","66155/2025-12-08/1761919900.json"
"515320","135490","2025-12-07","49.00","AUD","1761919900","66155/2025-12-07/1761919900.json"
"515320","135490","2025-12-09","49.00","AUD","1761919900","66155/2025-12-09/1761919900.json"
"515320","135490","2025-12-12","49.00","AUD","1761919900","66155/2025-12-12/1761919900.json"
"515320","135490","2025-12-13","49.00","AUD","1761919900","66155/2025-12-13/1761919900.json"
"515320","135490","2025-12-16","49.00","AUD","1761919900","66155/2025-12-16/1761919900.json"
"515320","135490","2025-12-19","49.00","AUD","1761919900","66155/2025-12-19/1761919900.json"
"515320","135490","2025-12-20","49.00","AUD","1761919900","66155/2025-12-20/1761919900.json"
"515320","135490","2025-12-23","49.00","AUD","1761919900","66155/2025-12-23/1761919900.json"
"515320","135490","2025-12-24","49.00","AUD","1761919900","66155/2025-12-24/1761919900.json"
"515320","135490","2025-12-25","49.00","AUD","1761919900","66155/2025-12-25/1761919900.json"
"515320","135490","2025-12-26","49.00","AUD","1761919900","66155/2025-12-26/1761919900.json"
"515320","135490","2025-12-27","49.00","AUD","1761919900","66155/2025-12-27/1761919900.json"
"515320","135490","2025-12-28","49.00","AUD","1761919900","66155/2025-12-28/1761919900.json"
"515320","135490","2025-12-29","49.00","AUD","1761919900","66155/2025-12-29/1761919900.json"
"515320","135490","2025-12-30","49.00","AUD","1761919900","66155/2025-12-30/1761919900.json"
"515320","135490","2025-11-03","49.00","AUD","1761931185","66155/2025-11-03/1761931185.json"
"515320","135490","2025-11-02","49.00","AUD","1761931185","66155/2025-11-02/1761931185.json"
"515320","135490","2025-11-04","49.00","AUD","1761931185","66155/2025-11-04/1761931185.json"
"515320","135490","2025-11-05","49.00","AUD","1761931185","66155/2025-11-05/1761931185.json"
"515320","135490","2025-11-06","49.00","AUD","1761931185","66155/2025-11-06/1761931185.json"
"515320","135490","2025-11-11","49.00","AUD","1761931185","66155/2025-11-11/1761931185.json"
"515320","135490","2025-11-09","49.00","AUD","1761931185","66155/2025-11-09/1761931185.json"
"515320","135490","2025-11-10","49.00","AUD","1761931185","66155/2025-11-10/1761931185.json"
"515320","135490","2025-11-12","49.00","AUD","1761931185","66155/2025-11-12/1761931185.json"
"515320","135490","2025-11-13","49.00","AUD","1761931185","66155/2025-11-13/1761931185.json"
"515320","135490","2025-11-14","49.00","AUD","1761931185","66155/2025-11-14/1761931185.json"
"515320","135490","2025-11-15","49.00","AUD","1761931185","66155/2025-11-15/1761931185.json"
"515320","135490","2025-11-16","49.00","AUD","1761931185","66155/2025-11-16/1761931185.json"
"515320","135490","2025-11-17","49.00","AUD","1761931185","66155/2025-11-17/1761931185.json"
"515320","135490","2025-11-18","49.00","AUD","1761931185","66155/2025-11-18/1761931185.json"
"515320","135490","2025-11-19","49.00","AUD","1761931185","66155/2025-11-19/1761931185.json"
"515320","135490","2025-11-20","49.00","AUD","1761931185","66155/2025-11-20/1761931185.json"
"515320","135490","2025-11-21","49.00","AUD","1761931185","66155/2025-11-21/1761931185.json"
"515320","135490","2025-11-23","49.00","AUD","1761931185","66155/2025-11-23/1761931185.json"
"515320","135490","2025-11-22","49.00","AUD","1761931185","66155/2025-11-22/1761931185.json"
"515320","135490","2025-11-24","49.00","AUD","1761931185","66155/2025-11-24/1761931185.json"
"515320","135490","2025-11-25","49.00","AUD","1761931185","66155/2025-11-25/1761931185.json"
"515320","135490","2025-11-27","49.00","AUD","1761931185","66155/2025-11-27/1761931185.json"
"515320","135490","2025-11-26","49.00","AUD","1761931185","66155/2025-11-26/1761931185.json"
"515320","135490","2025-11-29","49.00","AUD","1761931185","66155/2025-11-29/1761931185.json"
"515320","135490","2025-11-28","49.00","AUD","1761931185","66155/2025-11-28/1761931185.json"
"515320","135490","2025-12-02","49.00","AUD","1761931185","66155/2025-12-02/1761931185.json"
"515320","135490","2025-12-05","49.00","AUD","1761931185","66155/2025-12-05/1761931185.json"
"515320","135490","2025-12-06","49.00","AUD","1761931185","66155/2025-12-06/1761931185.json"
"515320","135490","2025-12-09","49.00","AUD","1761931185","66155/2025-12-09/1761931185.json"
"515320","135490","2025-12-08","49.00","AUD","1761931185","66155/2025-12-08/1761931185.json"
"515320","135490","2025-12-07","49.00","AUD","1761931185","66155/2025-12-07/1761931185.json"
"515320","135490","2025-12-12","49.00","AUD","1761931185","66155/2025-12-12/1761931185.json"
"515320","135490","2025-12-13","49.00","AUD","1761931185","66155/2025-12-13/1761931185.json"
"515320","135490","2025-12-16","49.00","AUD","1761931185","66155/2025-12-16/1761931185.json"
"515320","135490","2025-12-19","49.00","AUD","1761931185","66155/2025-12-19/1761931185.json"
"515320","135490","2025-12-20","49.00","AUD","1761931185","66155/2025-12-20/1761931185.json"
"515320","135490","2025-12-23","49.00","AUD","1761931185","66155/2025-12-23/1761931185.json"
"515320","135490","2025-12-25","49.00","AUD","1761931185","66155/2025-12-25/1761931185.json"
"515320","135490","2025-12-24","49.00","AUD","1761931185","66155/2025-12-24/1761931185.json"
"515320","135490","2025-12-26","49.00","AUD","1761931185","66155/2025-12-26/1761931185.json"
"515320","135490","2025-12-27","49.00","AUD","1761931185","66155/2025-12-27/1761931185.json"
"515320","135490","2025-12-29","49.00","AUD","1761931185","66155/2025-12-29/1761931185.json"
"515320","135490","2025-12-28","49.00","AUD","1761931185","66155/2025-12-28/1761931185.json"
"515320","135490","2025-12-30","49.00","AUD","1761931185","66155/2025-12-30/1761931185.json"
"515320","135490","2025-11-03","49.00","AUD","1761944915","66155/2025-11-03/1761944915.json"
"515320","135490","2025-11-02","49.00","AUD","1761944915","66155/2025-11-02/1761944915.json"
"515320","135490","2025-11-04","49.00","AUD","1761944915","66155/2025-11-04/1761944915.json"
"515320","135490","2025-11-06","49.00","AUD","1761944915","66155/2025-11-06/1761944915.json"
"515320","135490","2025-11-05","49.00","AUD","1761944915","66155/2025-11-05/1761944915.json"
"515320","135490","2025-11-11","49.00","AUD","1761944915","66155/2025-11-11/1761944915.json"
"515320","135490","2025-11-10","49.00","AUD","1761944915","66155/2025-11-10/1761944915.json"
"515320","135490","2025-11-09","49.00","AUD","1761944915","66155/2025-11-09/1761944915.json"
"515320","135490","2025-11-12","49.00","AUD","1761944915","66155/2025-11-12/1761944915.json"
"515320","135490","2025-11-14","49.00","AUD","1761944915","66155/2025-11-14/1761944915.json"
"515320","135490","2025-11-13","49.00","AUD","1761944915","66155/2025-11-13/1761944915.json"
"515320","135490","2025-11-15","49.00","AUD","1761944915","66155/2025-11-15/1761944915.json"
"515320","135490","2025-11-18","49.00","AUD","1761944915","66155/2025-11-18/1761944915.json"
"515320","135490","2025-11-17","49.00","AUD","1761944915","66155/2025-11-17/1761944915.json"
"515320","135490","2025-11-16","49.00","AUD","1761944915","66155/2025-11-16/1761944915.json"
"515320","135490","2025-11-19","49.00","AUD","1761944915","66155/2025-11-19/1761944915.json"
"515320","135490","2025-11-22","49.00","AUD","1761944915","66155/2025-11-22/1761944915.json"
"515320","135490","2025-11-21","49.00","AUD","1761944915","66155/2025-11-21/1761944915.json"
"515320","135490","2025-11-23","49.00","AUD","1761944915","66155/2025-11-23/1761944915.json"
"515320","135490","2025-11-20","49.00","AUD","1761944915","66155/2025-11-20/1761944915.json"
"515320","135490","2025-11-24","49.00","AUD","1761944915","66155/2025-11-24/1761944915.json"
"515320","135490","2025-11-25","49.00","AUD","1761944915","66155/2025-11-25/1761944915.json"
"515320","135490","2025-11-26","49.00","AUD","1761944915","66155/2025-11-26/1761944915.json"
"515320","135490","2025-11-27","49.00","AUD","1761944915","66155/2025-11-27/1761944915.json"
"515320","135490","2025-11-28","49.00","AUD","1761944915","66155/2025-11-28/1761944915.json"
"515320","135490","2025-11-29","49.00","AUD","1761944915","66155/2025-11-29/1761944915.json"
"515320","135490","2025-12-02","49.00","AUD","1761944915","66155/2025-12-02/1761944915.json"
"515320","135490","2025-12-05","49.00","AUD","1761944915","66155/2025-12-05/1761944915.json"
"515320","135490","2025-12-06","49.00","AUD","1761944915","66155/2025-12-06/1761944915.json"
"515320","135490","2025-12-09","49.00","AUD","1761944915","66155/2025-12-09/1761944915.json"
"515320","135490","2025-12-07","49.00","AUD","1761944915","66155/2025-12-07/1761944915.json"
"515320","135490","2025-12-08","49.00","AUD","1761944915","66155/2025-12-08/1761944915.json"
"515320","135490","2025-12-12","49.00","AUD","1761944915","66155/2025-12-12/1761944915.json"
"515320","135490","2025-12-13","49.00","AUD","1761944915","66155/2025-12-13/1761944915.json"
"515320","135490","2025-12-16","49.00","AUD","1761944915","66155/2025-12-16/1761944915.json"
"515320","135490","2025-12-19","49.00","AUD","1761944915","66155/2025-12-19/1761944915.json"
"515320","135490","2025-12-20","49.00","AUD","1761944915","66155/2025-12-20/1761944915.json"
"515320","135490","2025-12-23","49.00","AUD","1761944915","66155/2025-12-23/1761944915.json"
"515320","135490","2025-12-24","49.00","AUD","1761944915","66155/2025-12-24/1761944915.json"
"515320","135490","2025-12-25","49.00","AUD","1761944915","66155/2025-12-25/1761944915.json"
"515320","135490","2025-12-26","49.00","AUD","1761944915","66155/2025-12-26/1761944915.json"
"515320","135490","2025-12-27","49.00","AUD","1761944915","66155/2025-12-27/1761944915.json"
"515320","135490","2025-12-28","49.00","AUD","1761944915","66155/2025-12-28/1761944915.json"
"515320","135490","2025-12-29","49.00","AUD","1761944915","66155/2025-12-29/1761944915.json"
"515320","135490","2025-12-30","49.00","AUD","1761944915","66155/2025-12-30/1761944915.json"
"515320","135490","2025-11-03","49.00","AUD","1761969887","66155/2025-11-03/1761969887.json"
"515320","135490","2025-11-02","49.00","AUD","1761969887","66155/2025-11-02/1761969887.json"
"515320","135490","2025-11-04","49.00","AUD","1761969887","66155/2025-11-04/1761969887.json"
"515320","135490","2025-11-05","49.00","AUD","1761969887","66155/2025-11-05/1761969887.json"
"515320","135490","2025-11-06","49.00","AUD","1761969887","66155/2025-11-06/1761969887.json"
"515320","135490","2025-11-09","49.00","AUD","1761969887","66155/2025-11-09/1761969887.json"
"515320","135490","2025-11-10","49.00","AUD","1761969887","66155/2025-11-10/1761969887.json"
"515320","135490","2025-11-11","49.00","AUD","1761969887","66155/2025-11-11/1761969887.json"
"515320","135490","2025-11-12","49.00","AUD","1761969887","66155/2025-11-12/1761969887.json"
"515320","135490","2025-11-16","49.00","AUD","1761969887","66155/2025-11-16/1761969887.json"
"515320","135490","2025-11-15","49.00","AUD","1761969887","66155/2025-11-15/1761969887.json"
"515320","135490","2025-11-14","49.00","AUD","1761969887","66155/2025-11-14/1761969887.json"
"515320","135490","2025-11-13","49.00","AUD","1761969887","66155/2025-11-13/1761969887.json"
"515320","135490","2025-11-17","49.00","AUD","1761969887","66155/2025-11-17/1761969887.json"
"515320","135490","2025-11-18","49.00","AUD","1761969887","66155/2025-11-18/1761969887.json"
"515320","135490","2025-11-19","49.00","AUD","1761969887","66155/2025-11-19/1761969887.json"
"515320","135490","2025-11-21","49.00","AUD","1761969887","66155/2025-11-21/1761969887.json"
"515320","135490","2025-11-20","49.00","AUD","1761969887","66155/2025-11-20/1761969887.json"
"515320","135490","2025-11-22","49.00","AUD","1761969887","66155/2025-11-22/1761969887.json"
"515320","135490","2025-11-23","49.00","AUD","1761969887","66155/2025-11-23/1761969887.json"
"515320","135490","2025-11-25","49.00","AUD","1761969887","66155/2025-11-25/1761969887.json"
"515320","135490","2025-11-26","49.00","AUD","1761969887","66155/2025-11-26/1761969887.json"
"515320","135490","2025-11-24","49.00","AUD","1761969887","66155/2025-11-24/1761969887.json"
"515320","135490","2025-11-27","49.00","AUD","1761969887","66155/2025-11-27/1761969887.json"
"515320","135490","2025-11-28","49.00","AUD","1761969887","66155/2025-11-28/1761969887.json"
"515320","135490","2025-11-29","49.00","AUD","1761969887","66155/2025-11-29/1761969887.json"
"515320","135490","2025-12-02","49.00","AUD","1761969887","66155/2025-12-02/1761969887.json"
"515320","135490","2025-12-05","49.00","AUD","1761969887","66155/2025-12-05/1761969887.json"
"515320","135490","2025-12-06","49.00","AUD","1761969887","66155/2025-12-06/1761969887.json"
"515320","135490","2025-12-08","49.00","AUD","1761969887","66155/2025-12-08/1761969887.json"
"515320","135490","2025-12-07","49.00","AUD","1761969887","66155/2025-12-07/1761969887.json"
"515320","135490","2025-12-09","49.00","AUD","1761969887","66155/2025-12-09/1761969887.json"
"515320","135490","2025-12-12","49.00","AUD","1761969887","66155/2025-12-12/1761969887.json"
"515320","135490","2025-12-13","49.00","AUD","1761969887","66155/2025-12-13/1761969887.json"
"515320","135490","2025-12-16","49.00","AUD","1761969887","66155/2025-12-16/1761969887.json"
"515320","135490","2025-12-19","49.00","AUD","1761969887","66155/2025-12-19/1761969887.json"
"515320","135490","2025-12-20","49.00","AUD","1761969887","66155/2025-12-20/1761969887.json"
"515320","135490","2025-12-23","49.00","AUD","1761969887","66155/2025-12-23/1761969887.json"
"515320","135490","2025-12-25","49.00","AUD","1761969887","66155/2025-12-25/1761969887.json"
"515320","135490","2025-12-24","49.00","AUD","1761969887","66155/2025-12-24/1761969887.json"
"515320","135490","2025-12-26","49.00","AUD","1761969887","66155/2025-12-26/1761969887.json"
"515320","135490","2025-12-27","49.00","AUD","1761969887","66155/2025-12-27/1761969887.json"
"515320","135490","2025-12-29","49.00","AUD","1761969887","66155/2025-12-29/1761969887.json"
"515320","135490","2025-12-28","49.00","AUD","1761969887","66155/2025-12-28/1761969887.json"
"515320","135490","2025-12-30","49.00","AUD","1761969887","66155/2025-12-30/1761969887.json"
"515320","135490","2025-12-31","49.00","AUD","1761969887","66155/2025-12-31/1761969887.json"
"515320","135490","2025-11-03","49.00","AUD","1761973529","66155/2025-11-03/1761973529.json"
"515320","135490","2025-11-02","49.00","AUD","1761973529","66155/2025-11-02/1761973529.json"
"515320","135490","2025-11-06","49.00","AUD","1761973529","66155/2025-11-06/1761973529.json"
"515320","135490","2025-11-05","49.00","AUD","1761973529","66155/2025-11-05/1761973529.json"
"515320","135490","2025-11-04","49.00","AUD","1761973529","66155/2025-11-04/1761973529.json"
"515320","135490","2025-11-09","49.00","AUD","1761973529","66155/2025-11-09/1761973529.json"
"515320","135490","2025-11-10","49.00","AUD","1761973529","66155/2025-11-10/1761973529.json"
"515320","135490","2025-11-12","49.00","AUD","1761973529","66155/2025-11-12/1761973529.json"
"515320","135490","2025-11-13","49.00","AUD","1761973529","66155/2025-11-13/1761973529.json"
"515320","135490","2025-11-14","49.00","AUD","1761973529","66155/2025-11-14/1761973529.json"
"515320","135490","2025-11-15","49.00","AUD","1761973529","66155/2025-11-15/1761973529.json"
"515320","135490","2025-11-16","49.00","AUD","1761973529","66155/2025-11-16/1761973529.json"
"515320","135490","2025-11-17","49.00","AUD","1761973529","66155/2025-11-17/1761973529.json"
"515320","135490","2025-11-18","49.00","AUD","1761973529","66155/2025-11-18/1761973529.json"
"515320","135490","2025-11-20","49.00","AUD","1761973529","66155/2025-11-20/1761973529.json"
"515320","135490","2025-11-21","49.00","AUD","1761973529","66155/2025-11-21/1761973529.json"
"515320","135490","2025-11-19","49.00","AUD","1761973529","66155/2025-11-19/1761973529.json"
"515320","135490","2025-11-22","49.00","AUD","1761973529","66155/2025-11-22/1761973529.json"
"515320","135490","2025-11-23","49.00","AUD","1761973529","66155/2025-11-23/1761973529.json"
"515320","135490","2025-11-11","49.00","AUD","1761973529","66155/2025-11-11/1761973529.json"
"515320","135490","2025-11-24","49.00","AUD","1761973529","66155/2025-11-24/1761973529.json"
"515320","135490","2025-11-25","49.00","AUD","1761973529","66155/2025-11-25/1761973529.json"
"515320","135490","2025-11-26","49.00","AUD","1761973529","66155/2025-11-26/1761973529.json"
"515320","135490","2025-11-27","49.00","AUD","1761973529","66155/2025-11-27/1761973529.json"
"515320","135490","2025-11-28","49.00","AUD","1761973529","66155/2025-11-28/1761973529.json"
"515320","135490","2025-11-29","49.00","AUD","1761973529","66155/2025-11-29/1761973529.json"
"515320","135490","2025-12-02","49.00","AUD","1761973529","66155/2025-12-02/1761973529.json"
"515320","135490","2025-12-05","49.00","AUD","1761973529","66155/2025-12-05/1761973529.json"
"515320","135490","2025-12-06","49.00","AUD","1761973529","66155/2025-12-06/1761973529.json"
"515320","135490","2025-12-07","49.00","AUD","1761973529","66155/2025-12-07/1761973529.json"
"515320","135490","2025-12-08","49.00","AUD","1761973529","66155/2025-12-08/1761973529.json"
"515320","135490","2025-12-09","49.00","AUD","1761973529","66155/2025-12-09/1761973529.json"
"515320","135490","2025-12-12","49.00","AUD","1761973529","66155/2025-12-12/1761973529.json"
"515320","135490","2025-12-13","49.00","AUD","1761973529","66155/2025-12-13/1761973529.json"
"515320","135490","2025-12-16","49.00","AUD","1761973529","66155/2025-12-16/1761973529.json"
"515320","135490","2025-12-19","49.00","AUD","1761973529","66155/2025-12-19/1761973529.json"
"515320","135490","2025-12-20","49.00","AUD","1761973529","66155/2025-12-20/1761973529.json"
"515320","135490","2025-12-23","49.00","AUD","1761973529","66155/2025-12-23/1761973529.json"
"515320","135490","2025-12-24","49.00","AUD","1761973529","66155/2025-12-24/1761973529.json"
"515320","135490","2025-12-25","49.00","AUD","1761973529","66155/2025-12-25/1761973529.json"
"515320","135490","2025-12-27","49.00","AUD","1761973529","66155/2025-12-27/1761973529.json"
"515320","135490","2025-12-29","49.00","AUD","1761973529","66155/2025-12-29/1761973529.json"
"515320","135490","2025-12-26","49.00","AUD","1761973529","66155/2025-12-26/1761973529.json"
"515320","135490","2025-12-28","49.00","AUD","1761973529","66155/2025-12-28/1761973529.json"
"515320","135490","2025-12-31","49.00","AUD","1761973529","66155/2025-12-31/1761973529.json"
"515320","135490","2025-12-30","49.00","AUD","1761973529","66155/2025-12-30/1761973529.json"
"515320","135490","2025-11-02","49.00","AUD","1761988131","66155/2025-11-02/1761988131.json"
"515320","135490","2025-11-03","49.00","AUD","1761988131","66155/2025-11-03/1761988131.json"
"515320","135490","2025-11-04","49.00","AUD","1761988131","66155/2025-11-04/1761988131.json"
"515320","135490","2025-11-05","49.00","AUD","1761988131","66155/2025-11-05/1761988131.json"
"515320","135490","2025-11-06","49.00","AUD","1761988131","66155/2025-11-06/1761988131.json"
"515320","135490","2025-11-09","49.00","AUD","1761988131","66155/2025-11-09/1761988131.json"
"515320","135490","2025-11-10","49.00","AUD","1761988131","66155/2025-11-10/1761988131.json"
"515320","135490","2025-11-11","49.00","AUD","1761988131","66155/2025-11-11/1761988131.json"
"515320","135490","2025-11-12","49.00","AUD","1761988131","66155/2025-11-12/1761988131.json"
"515320","135490","2025-11-13","49.00","AUD","1761988131","66155/2025-11-13/1761988131.json"
"515320","135490","2025-11-14","49.00","AUD","1761988131","66155/2025-11-14/1761988131.json"
"515320","135490","2025-11-15","49.00","AUD","1761988131","66155/2025-11-15/1761988131.json"
"515320","135490","2025-11-16","49.00","AUD","1761988131","66155/2025-11-16/1761988131.json"
"515320","135490","2025-11-17","49.00","AUD","1761988131","66155/2025-11-17/1761988131.json"
"515320","135490","2025-11-18","49.00","AUD","1761988131","66155/2025-11-18/1761988131.json"
"515320","135490","2025-11-19","49.00","AUD","1761988131","66155/2025-11-19/1761988131.json"
"515320","135490","2025-11-20","49.00","AUD","1761988131","66155/2025-11-20/1761988131.json"
"515320","135490","2025-11-21","49.00","AUD","1761988131","66155/2025-11-21/1761988131.json"
"515320","135490","2025-11-23","49.00","AUD","1761988131","66155/2025-11-23/1761988131.json"
"515320","135490","2025-11-22","49.00","AUD","1761988131","66155/2025-11-22/1761988131.json"
"515320","135490","2025-11-24","49.00","AUD","1761988131","66155/2025-11-24/1761988131.json"
"515320","135490","2025-11-27","49.00","AUD","1761988131","66155/2025-11-27/1761988131.json"
"515320","135490","2025-11-25","49.00","AUD","1761988131","66155/2025-11-25/1761988131.json"
"515320","135490","2025-11-26","49.00","AUD","1761988131","66155/2025-11-26/1761988131.json"
"515320","135490","2025-11-28","49.00","AUD","1761988131","66155/2025-11-28/1761988131.json"
"515320","135490","2025-11-29","49.00","AUD","1761988131","66155/2025-11-29/1761988131.json"
"515320","135490","2025-12-02","49.00","AUD","1761988131","66155/2025-12-02/1761988131.json"
"515320","135490","2025-12-05","49.00","AUD","1761988131","66155/2025-12-05/1761988131.json"
"515320","135490","2025-12-06","49.00","AUD","1761988131","66155/2025-12-06/1761988131.json"
"515320","135490","2025-12-07","49.00","AUD","1761988131","66155/2025-12-07/1761988131.json"
"515320","135490","2025-12-08","49.00","AUD","1761988131","66155/2025-12-08/1761988131.json"
"515320","135490","2025-12-09","49.00","AUD","1761988131","66155/2025-12-09/1761988131.json"
"515320","135490","2025-12-12","49.00","AUD","1761988131","66155/2025-12-12/1761988131.json"
"515320","135490","2025-12-13","49.00","AUD","1761988131","66155/2025-12-13/1761988131.json"
"515320","135490","2025-12-16","49.00","AUD","1761988131","66155/2025-12-16/1761988131.json"
"515320","135490","2025-12-19","49.00","AUD","1761988131","66155/2025-12-19/1761988131.json"
"515320","135490","2025-12-20","49.00","AUD","1761988131","66155/2025-12-20/1761988131.json"
"515320","135490","2025-12-23","49.00","AUD","1761988131","66155/2025-12-23/1761988131.json"
"515320","135490","2025-12-24","49.00","AUD","1761988131","66155/2025-12-24/1761988131.json"
"515320","135490","2025-12-25","49.00","AUD","1761988131","66155/2025-12-25/1761988131.json"
"515320","135490","2025-12-26","49.00","AUD","1761988131","66155/2025-12-26/1761988131.json"
"515320","135490","2025-12-27","49.00","AUD","1761988131","66155/2025-12-27/1761988131.json"
"515320","135490","2025-12-28","49.00","AUD","1761988131","66155/2025-12-28/1761988131.json"
"515320","135490","2025-12-31","49.00","AUD","1761988131","66155/2025-12-31/1761988131.json"
"515320","135490","2025-12-29","49.00","AUD","1761988131","66155/2025-12-29/1761988131.json"
"515320","135490","2025-12-30","49.00","AUD","1761988131","66155/2025-12-30/1761988131.json"
"515320","135490","2025-11-02","49.00","AUD","1762004169","66155/2025-11-02/1762004169.json"
"515320","135490","2025-11-03","49.00","AUD","1762004169","66155/2025-11-03/1762004169.json"
"515320","135490","2025-11-04","49.00","AUD","1762004169","66155/2025-11-04/1762004169.json"
"515320","135490","2025-11-06","49.00","AUD","1762004169","66155/2025-11-06/1762004169.json"
"515320","135490","2025-11-05","49.00","AUD","1762004169","66155/2025-11-05/1762004169.json"
"515320","135490","2025-11-10","49.00","AUD","1762004169","66155/2025-11-10/1762004169.json"
"515320","135490","2025-11-09","49.00","AUD","1762004169","66155/2025-11-09/1762004169.json"
"515320","135490","2025-11-12","49.00","AUD","1762004169","66155/2025-11-12/1762004169.json"
"515320","135490","2025-11-11","49.00","AUD","1762004169","66155/2025-11-11/1762004169.json"
"515320","135490","2025-11-13","49.00","AUD","1762004169","66155/2025-11-13/1762004169.json"
"515320","135490","2025-11-15","49.00","AUD","1762004169","66155/2025-11-15/1762004169.json"
"515320","135490","2025-11-14","49.00","AUD","1762004169","66155/2025-11-14/1762004169.json"
"515320","135490","2025-11-16","49.00","AUD","1762004169","66155/2025-11-16/1762004169.json"
"515320","135490","2025-11-17","49.00","AUD","1762004169","66155/2025-11-17/1762004169.json"
"515320","135490","2025-11-20","49.00","AUD","1762004169","66155/2025-11-20/1762004169.json"
"515320","135490","2025-11-18","49.00","AUD","1762004169","66155/2025-11-18/1762004169.json"
"515320","135490","2025-11-19","49.00","AUD","1762004169","66155/2025-11-19/1762004169.json"
"515320","135490","2025-11-21","49.00","AUD","1762004169","66155/2025-11-21/1762004169.json"
"515320","135490","2025-11-22","49.00","AUD","1762004169","66155/2025-11-22/1762004169.json"
"515320","135490","2025-11-23","49.00","AUD","1762004169","66155/2025-11-23/1762004169.json"
"515320","135490","2025-11-24","49.00","AUD","1762004169","66155/2025-11-24/1762004169.json"
"515320","135490","2025-11-25","49.00","AUD","1762004169","66155/2025-11-25/1762004169.json"
"515320","135490","2025-11-26","49.00","AUD","1762004169","66155/2025-11-26/1762004169.json"
"515320","135490","2025-11-28","49.00","AUD","1762004169","66155/2025-11-28/1762004169.json"
"515320","135490","2025-11-27","49.00","AUD","1762004169","66155/2025-11-27/1762004169.json"
"515320","135490","2025-11-29","49.00","AUD","1762004169","66155/2025-11-29/1762004169.json"
"515320","135490","2025-12-02","49.00","AUD","1762004169","66155/2025-12-02/1762004169.json"
"515320","135490","2025-12-05","49.00","AUD","1762004169","66155/2025-12-05/1762004169.json"
"515320","135490","2025-12-08","49.00","AUD","1762004169","66155/2025-12-08/1762004169.json"
"515320","135490","2025-12-09","49.00","AUD","1762004169","66155/2025-12-09/1762004169.json"
"515320","135490","2025-12-07","49.00","AUD","1762004169","66155/2025-12-07/1762004169.json"
"515320","135490","2025-12-12","49.00","AUD","1762004169","66155/2025-12-12/1762004169.json"
"515320","135490","2025-12-13","49.00","AUD","1762004169","66155/2025-12-13/1762004169.json"
"515320","135490","2025-12-16","49.00","AUD","1762004169","66155/2025-12-16/1762004169.json"
"515320","135490","2025-12-19","49.00","AUD","1762004169","66155/2025-12-19/1762004169.json"
"515320","135490","2025-12-20","49.00","AUD","1762004169","66155/2025-12-20/1762004169.json"
"515320","135490","2025-12-23","49.00","AUD","1762004169","66155/2025-12-23/1762004169.json"
"515320","135490","2025-12-24","49.00","AUD","1762004169","66155/2025-12-24/1762004169.json"
"515320","135490","2025-12-25","49.00","AUD","1762004169","66155/2025-12-25/1762004169.json"
"515320","135490","2025-12-26","49.00","AUD","1762004169","66155/2025-12-26/1762004169.json"
"515320","135490","2025-12-06","49.00","AUD","1762004169","66155/2025-12-06/1762004169.json"
"515320","135490","2025-12-29","49.00","AUD","1762004169","66155/2025-12-29/1762004169.json"
"515320","135490","2025-12-28","49.00","AUD","1762004169","66155/2025-12-28/1762004169.json"
"515320","135490","2025-12-27","49.00","AUD","1762004169","66155/2025-12-27/1762004169.json"
"515320","135490","2025-12-30","49.00","AUD","1762004169","66155/2025-12-30/1762004169.json"
"515320","135490","2025-12-31","49.00","AUD","1762004169","66155/2025-12-31/1762004169.json"
"515320","135490","2025-11-02","49.00","AUD","1762016841","66155/2025-11-02/1762016841.json"
"515320","135490","2025-11-04","49.00","AUD","1762016841","66155/2025-11-04/1762016841.json"
"515320","135490","2025-11-05","49.00","AUD","1762016841","66155/2025-11-05/1762016841.json"
"515320","135490","2025-11-06","49.00","AUD","1762016841","66155/2025-11-06/1762016841.json"
"515320","135490","2025-11-03","49.00","AUD","1762016841","66155/2025-11-03/1762016841.json"
"515320","135490","2025-11-09","49.00","AUD","1762016841","66155/2025-11-09/1762016841.json"
"515320","135490","2025-11-10","49.00","AUD","1762016841","66155/2025-11-10/1762016841.json"
"515320","135490","2025-11-12","49.00","AUD","1762016841","66155/2025-11-12/1762016841.json"
"515320","135490","2025-11-11","49.00","AUD","1762016841","66155/2025-11-11/1762016841.json"
"515320","135490","2025-11-14","49.00","AUD","1762016841","66155/2025-11-14/1762016841.json"
"515320","135490","2025-11-15","49.00","AUD","1762016841","66155/2025-11-15/1762016841.json"
"515320","135490","2025-11-16","49.00","AUD","1762016841","66155/2025-11-16/1762016841.json"
"515320","135490","2025-11-13","49.00","AUD","1762016841","66155/2025-11-13/1762016841.json"
"515320","135490","2025-11-17","49.00","AUD","1762016841","66155/2025-11-17/1762016841.json"
"515320","135490","2025-11-18","49.00","AUD","1762016841","66155/2025-11-18/1762016841.json"
"515320","135490","2025-11-19","49.00","AUD","1762016841","66155/2025-11-19/1762016841.json"
"515320","135490","2025-11-20","49.00","AUD","1762016841","66155/2025-11-20/1762016841.json"
"515320","135490","2025-11-21","49.00","AUD","1762016841","66155/2025-11-21/1762016841.json"
"515320","135490","2025-11-22","49.00","AUD","1762016841","66155/2025-11-22/1762016841.json"
"515320","135490","2025-11-24","49.00","AUD","1762016841","66155/2025-11-24/1762016841.json"
"515320","135490","2025-11-25","49.00","AUD","1762016841","66155/2025-11-25/1762016841.json"
"515320","135490","2025-11-23","49.00","AUD","1762016841","66155/2025-11-23/1762016841.json"
"515320","135490","2025-11-26","49.00","AUD","1762016841","66155/2025-11-26/1762016841.json"
"515320","135490","2025-11-28","49.00","AUD","1762016841","66155/2025-11-28/1762016841.json"
"515320","135490","2025-11-27","49.00","AUD","1762016841","66155/2025-11-27/1762016841.json"
"515320","135490","2025-11-29","49.00","AUD","1762016841","66155/2025-11-29/1762016841.json"
"515320","135490","2025-12-02","49.00","AUD","1762016841","66155/2025-12-02/1762016841.json"
"515320","135490","2025-12-07","49.00","AUD","1762016841","66155/2025-12-07/1762016841.json"
"515320","135490","2025-12-06","49.00","AUD","1762016841","66155/2025-12-06/1762016841.json"
"515320","135490","2025-12-05","49.00","AUD","1762016841","66155/2025-12-05/1762016841.json"
"515320","135490","2025-12-08","49.00","AUD","1762016841","66155/2025-12-08/1762016841.json"
"515320","135490","2025-12-09","49.00","AUD","1762016841","66155/2025-12-09/1762016841.json"
"515320","135490","2025-12-12","49.00","AUD","1762016841","66155/2025-12-12/1762016841.json"
"515320","135490","2025-12-13","49.00","AUD","1762016841","66155/2025-12-13/1762016841.json"
"515320","135490","2025-12-16","49.00","AUD","1762016841","66155/2025-12-16/1762016841.json"
"515320","135490","2025-12-19","49.00","AUD","1762016841","66155/2025-12-19/1762016841.json"
"515320","135490","2025-12-20","49.00","AUD","1762016841","66155/2025-12-20/1762016841.json"
"515320","135490","2025-12-23","49.00","AUD","1762016841","66155/2025-12-23/1762016841.json"
"515320","135490","2025-12-24","49.00","AUD","1762016841","66155/2025-12-24/1762016841.json"
"515320","135490","2025-12-25","49.00","AUD","1762016841","66155/2025-12-25/1762016841.json"
"515320","135490","2025-12-26","49.00","AUD","1762016841","66155/2025-12-26/1762016841.json"
"515320","135490","2025-12-28","49.00","AUD","1762016841","66155/2025-12-28/1762016841.json"
"515320","135490","2025-12-30","49.00","AUD","1762016841","66155/2025-12-30/1762016841.json"
"515320","135490","2025-12-29","49.00","AUD","1762016841","66155/2025-12-29/1762016841.json"
"515320","135490","2025-12-27","49.00","AUD","1762016841","66155/2025-12-27/1762016841.json"
"515320","135490","2025-12-31","49.00","AUD","1762016841","66155/2025-12-31/1762016841.json"
"515320","135490","2025-11-03","49.00","AUD","1762030776","66155/2025-11-03/1762030776.json"
"515320","135490","2025-11-02","49.00","AUD","1762030776","66155/2025-11-02/1762030776.json"
"515320","135490","2025-11-04","49.00","AUD","1762030776","66155/2025-11-04/1762030776.json"
"515320","135490","2025-11-05","49.00","AUD","1762030776","66155/2025-11-05/1762030776.json"
"515320","135490","2025-11-06","49.00","AUD","1762030776","66155/2025-11-06/1762030776.json"
"515320","135490","2025-11-09","49.00","AUD","1762030776","66155/2025-11-09/1762030776.json"
"515320","135490","2025-11-10","49.00","AUD","1762030776","66155/2025-11-10/1762030776.json"
"515320","135490","2025-11-11","49.00","AUD","1762030776","66155/2025-11-11/1762030776.json"
"515320","135490","2025-11-12","49.00","AUD","1762030776","66155/2025-11-12/1762030776.json"
"515320","135490","2025-11-13","49.00","AUD","1762030776","66155/2025-11-13/1762030776.json"
"515320","135490","2025-11-15","49.00","AUD","1762030776","66155/2025-11-15/1762030776.json"
"515320","135490","2025-11-14","49.00","AUD","1762030776","66155/2025-11-14/1762030776.json"
"515320","135490","2025-11-16","49.00","AUD","1762030776","66155/2025-11-16/1762030776.json"
"515320","135490","2025-11-17","49.00","AUD","1762030776","66155/2025-11-17/1762030776.json"
"515320","135490","2025-11-18","49.00","AUD","1762030776","66155/2025-11-18/1762030776.json"
"515320","135490","2025-11-19","49.00","AUD","1762030776","66155/2025-11-19/1762030776.json"
"515320","135490","2025-11-20","49.00","AUD","1762030776","66155/2025-11-20/1762030776.json"
"515320","135490","2025-11-21","49.00","AUD","1762030776","66155/2025-11-21/1762030776.json"
"515320","135490","2025-11-22","49.00","AUD","1762030776","66155/2025-11-22/1762030776.json"
"515320","135490","2025-11-24","49.00","AUD","1762030776","66155/2025-11-24/1762030776.json"
"515320","135490","2025-11-25","49.00","AUD","1762030776","66155/2025-11-25/1762030776.json"
"515320","135490","2025-11-26","49.00","AUD","1762030776","66155/2025-11-26/1762030776.json"
"515320","135490","2025-11-23","49.00","AUD","1762030776","66155/2025-11-23/1762030776.json"
"515320","135490","2025-11-27","49.00","AUD","1762030776","66155/2025-11-27/1762030776.json"
"515320","135490","2025-11-29","49.00","AUD","1762030776","66155/2025-11-29/1762030776.json"
"515320","135490","2025-11-28","49.00","AUD","1762030776","66155/2025-11-28/1762030776.json"
"515320","135490","2025-12-02","49.00","AUD","1762030776","66155/2025-12-02/1762030776.json"
"515320","135490","2025-12-05","49.00","AUD","1762030776","66155/2025-12-05/1762030776.json"
"515320","135490","2025-12-06","49.00","AUD","1762030776","66155/2025-12-06/1762030776.json"
"515320","135490","2025-12-07","49.00","AUD","1762030776","66155/2025-12-07/1762030776.json"
"515320","135490","2025-12-08","49.00","AUD","1762030776","66155/2025-12-08/1762030776.json"
"515320","135490","2025-12-09","49.00","AUD","1762030776","66155/2025-12-09/1762030776.json"
"515320","135490","2025-12-12","49.00","AUD","1762030776","66155/2025-12-12/1762030776.json"
"515320","135490","2025-12-13","49.00","AUD","1762030776","66155/2025-12-13/1762030776.json"
"515320","135490","2025-12-16","49.00","AUD","1762030776","66155/2025-12-16/1762030776.json"
"515320","135490","2025-12-19","49.00","AUD","1762030776","66155/2025-12-19/1762030776.json"
"515320","135490","2025-12-20","49.00","AUD","1762030776","66155/2025-12-20/1762030776.json"
"515320","135490","2025-12-23","49.00","AUD","1762030776","66155/2025-12-23/1762030776.json"
"515320","135490","2025-12-24","49.00","AUD","1762030776","66155/2025-12-24/1762030776.json"
"515320","135490","2025-12-25","49.00","AUD","1762030776","66155/2025-12-25/1762030776.json"
"515320","135490","2025-12-26","49.00","AUD","1762030776","66155/2025-12-26/1762030776.json"
"515320","135490","2025-12-28","49.00","AUD","1762030776","66155/2025-12-28/1762030776.json"
"515320","135490","2025-12-27","49.00","AUD","1762030776","66155/2025-12-27/1762030776.json"
"515320","135490","2025-12-29","49.00","AUD","1762030776","66155/2025-12-29/1762030776.json"
"515320","135490","2025-12-30","49.00","AUD","1762030776","66155/2025-12-30/1762030776.json"
"515320","135490","2025-12-31","49.00","AUD","1762030776","66155/2025-12-31/1762030776.json"
"515320","135490","2025-11-02","49.00","AUD","1762056446","66155/2025-11-02/1762056446.json"
"515320","135490","2025-11-05","49.00","AUD","1762056446","66155/2025-11-05/1762056446.json"
"515320","135490","2025-11-04","49.00","AUD","1762056446","66155/2025-11-04/1762056446.json"
"515320","135490","2025-11-03","49.00","AUD","1762056446","66155/2025-11-03/1762056446.json"
"515320","135490","2025-11-06","49.00","AUD","1762056446","66155/2025-11-06/1762056446.json"
"515320","135490","2025-11-09","49.00","AUD","1762056446","66155/2025-11-09/1762056446.json"
"515320","135490","2025-11-10","49.00","AUD","1762056446","66155/2025-11-10/1762056446.json"
"515320","135490","2025-11-11","49.00","AUD","1762056446","66155/2025-11-11/1762056446.json"
"515320","135490","2025-11-13","49.00","AUD","1762056446","66155/2025-11-13/1762056446.json"
"515320","135490","2025-11-12","49.00","AUD","1762056446","66155/2025-11-12/1762056446.json"
"515320","135490","2025-11-14","49.00","AUD","1762056446","66155/2025-11-14/1762056446.json"
"515320","135490","2025-11-15","49.00","AUD","1762056446","66155/2025-11-15/1762056446.json"
"515320","135490","2025-11-16","49.00","AUD","1762056446","66155/2025-11-16/1762056446.json"
"515320","135490","2025-11-18","49.00","AUD","1762056446","66155/2025-11-18/1762056446.json"
"515320","135490","2025-11-17","49.00","AUD","1762056446","66155/2025-11-17/1762056446.json"
"515320","135490","2025-11-20","49.00","AUD","1762056446","66155/2025-11-20/1762056446.json"
"515320","135490","2025-11-19","49.00","AUD","1762056446","66155/2025-11-19/1762056446.json"
"515320","135490","2025-11-22","49.00","AUD","1762056446","66155/2025-11-22/1762056446.json"
"515320","135490","2025-11-21","49.00","AUD","1762056446","66155/2025-11-21/1762056446.json"
"515320","135490","2025-11-23","49.00","AUD","1762056446","66155/2025-11-23/1762056446.json"
"515320","135490","2025-11-24","49.00","AUD","1762056446","66155/2025-11-24/1762056446.json"
"515320","135490","2025-11-25","49.00","AUD","1762056446","66155/2025-11-25/1762056446.json"
"515320","135490","2025-11-26","49.00","AUD","1762056446","66155/2025-11-26/1762056446.json"
"515320","135490","2025-11-28","49.00","AUD","1762056446","66155/2025-11-28/1762056446.json"
"515320","135490","2025-11-27","49.00","AUD","1762056446","66155/2025-11-27/1762056446.json"
"515320","135490","2025-12-02","49.00","AUD","1762056446","66155/2025-12-02/1762056446.json"
"515320","135490","2025-11-29","49.00","AUD","1762056446","66155/2025-11-29/1762056446.json"
"515320","135490","2025-12-05","49.00","AUD","1762056446","66155/2025-12-05/1762056446.json"
"515320","135490","2025-12-06","49.00","AUD","1762056446","66155/2025-12-06/1762056446.json"
"515320","135490","2025-12-09","49.00","AUD","1762056446","66155/2025-12-09/1762056446.json"
"515320","135490","2025-12-12","49.00","AUD","1762056446","66155/2025-12-12/1762056446.json"
"515320","135490","2025-12-13","49.00","AUD","1762056446","66155/2025-12-13/1762056446.json"
"515320","135490","2025-12-16","49.00","AUD","1762056446","66155/2025-12-16/1762056446.json"
"515320","135490","2025-12-19","49.00","AUD","1762056446","66155/2025-12-19/1762056446.json"
"515320","135490","2025-12-20","49.00","AUD","1762056446","66155/2025-12-20/1762056446.json"
"515320","135490","2025-12-23","49.00","AUD","1762056446","66155/2025-12-23/1762056446.json"
"515320","135490","2025-12-24","49.00","AUD","1762056446","66155/2025-12-24/1762056446.json"
"515320","135490","2025-12-25","49.00","AUD","1762056446","66155/2025-12-25/1762056446.json"
"515320","135490","2025-12-26","49.00","AUD","1762056446","66155/2025-12-26/1762056446.json"
"515320","135490","2025-12-27","49.00","AUD","1762056446","66155/2025-12-27/1762056446.json"
"515320","135490","2025-12-29","49.00","AUD","1762056446","66155/2025-12-29/1762056446.json"
"515320","135490","2025-12-28","49.00","AUD","1762056446","66155/2025-12-28/1762056446.json"
"515320","135490","2025-12-30","49.00","AUD","1762056446","66155/2025-12-30/1762056446.json"
"515320","135490","2025-12-31","49.00","AUD","1762056446","66155/2025-12-31/1762056446.json"
"515320","135490","2026-01-01","49.00","AUD","1762056446","66155/2026-01-01/1762056446.json"
"515320","135490","2025-11-02","49.00","AUD","1762058788","66155/2025-11-02/1762058788.json"
"515320","135490","2025-11-04","49.00","AUD","1762058788","66155/2025-11-04/1762058788.json"
"515320","135490","2025-11-03","49.00","AUD","1762058788","66155/2025-11-03/1762058788.json"
"515320","135490","2025-11-05","49.00","AUD","1762058788","66155/2025-11-05/1762058788.json"
"515320","135490","2025-11-06","49.00","AUD","1762058788","66155/2025-11-06/1762058788.json"
"515320","135490","2025-11-09","49.00","AUD","1762058788","66155/2025-11-09/1762058788.json"
"515320","135490","2025-11-10","49.00","AUD","1762058788","66155/2025-11-10/1762058788.json"
"515320","135490","2025-11-11","49.00","AUD","1762058788","66155/2025-11-11/1762058788.json"
"515320","135490","2025-11-12","49.00","AUD","1762058788","66155/2025-11-12/1762058788.json"
"515320","135490","2025-11-13","49.00","AUD","1762058788","66155/2025-11-13/1762058788.json"
"515320","135490","2025-11-14","49.00","AUD","1762058788","66155/2025-11-14/1762058788.json"
"515320","135490","2025-11-15","49.00","AUD","1762058788","66155/2025-11-15/1762058788.json"
"515320","135490","2025-11-16","49.00","AUD","1762058788","66155/2025-11-16/1762058788.json"
"515320","135490","2025-11-17","49.00","AUD","1762058788","66155/2025-11-17/1762058788.json"
"515320","135490","2025-11-18","49.00","AUD","1762058788","66155/2025-11-18/1762058788.json"
"515320","135490","2025-11-19","49.00","AUD","1762058788","66155/2025-11-19/1762058788.json"
"515320","135490","2025-11-20","49.00","AUD","1762058788","66155/2025-11-20/1762058788.json"
"515320","135490","2025-11-22","49.00","AUD","1762058788","66155/2025-11-22/1762058788.json"
"515320","135490","2025-11-21","49.00","AUD","1762058788","66155/2025-11-21/1762058788.json"
"515320","135490","2025-11-24","49.00","AUD","1762058788","66155/2025-11-24/1762058788.json"
"515320","135490","2025-11-26","49.00","AUD","1762058788","66155/2025-11-26/1762058788.json"
"515320","135490","2025-11-25","49.00","AUD","1762058788","66155/2025-11-25/1762058788.json"
"515320","135490","2025-11-23","49.00","AUD","1762058788","66155/2025-11-23/1762058788.json"
"515320","135490","2025-11-27","49.00","AUD","1762058788","66155/2025-11-27/1762058788.json"
"515320","135490","2025-11-29","49.00","AUD","1762058788","66155/2025-11-29/1762058788.json"
"515320","135490","2025-11-28","49.00","AUD","1762058788","66155/2025-11-28/1762058788.json"
"515320","135490","2025-12-02","49.00","AUD","1762058788","66155/2025-12-02/1762058788.json"
"515320","135490","2025-12-05","49.00","AUD","1762058788","66155/2025-12-05/1762058788.json"
"515320","135490","2025-12-06","49.00","AUD","1762058788","66155/2025-12-06/1762058788.json"
"515320","135490","2025-12-09","49.00","AUD","1762058788","66155/2025-12-09/1762058788.json"
"515320","135490","2025-12-13","49.00","AUD","1762058788","66155/2025-12-13/1762058788.json"
"515320","135490","2025-12-12","49.00","AUD","1762058788","66155/2025-12-12/1762058788.json"
"515320","135490","2025-12-19","49.00","AUD","1762058788","66155/2025-12-19/1762058788.json"
"515320","135490","2025-12-16","49.00","AUD","1762058788","66155/2025-12-16/1762058788.json"
"515320","135490","2025-12-20","49.00","AUD","1762058788","66155/2025-12-20/1762058788.json"
"515320","135490","2025-12-24","49.00","AUD","1762058788","66155/2025-12-24/1762058788.json"
"515320","135490","2025-12-23","49.00","AUD","1762058788","66155/2025-12-23/1762058788.json"
"515320","135490","2025-12-25","49.00","AUD","1762058788","66155/2025-12-25/1762058788.json"
"515320","135490","2025-12-28","49.00","AUD","1762058788","66155/2025-12-28/1762058788.json"
"515320","135490","2025-12-26","49.00","AUD","1762058788","66155/2025-12-26/1762058788.json"
"515320","135490","2025-12-27","49.00","AUD","1762058788","66155/2025-12-27/1762058788.json"
"515320","135490","2025-12-29","49.00","AUD","1762058788","66155/2025-12-29/1762058788.json"
"515320","135490","2025-12-30","49.00","AUD","1762058788","66155/2025-12-30/1762058788.json"
"515320","135490","2025-12-31","49.00","AUD","1762058788","66155/2025-12-31/1762058788.json"
"515320","135490","2026-01-01","49.00","AUD","1762058788","66155/2026-01-01/1762058788.json"
"515320","135490","2025-11-05","49.00","AUD","1762073055","66155/2025-11-05/1762073055.json"
"515320","135490","2025-11-02","49.00","AUD","1762073055","66155/2025-11-02/1762073055.json"
"515320","135490","2025-11-03","49.00","AUD","1762073055","66155/2025-11-03/1762073055.json"
"515320","135490","2025-11-04","49.00","AUD","1762073055","66155/2025-11-04/1762073055.json"
"515320","135490","2025-11-06","49.00","AUD","1762073055","66155/2025-11-06/1762073055.json"
"515320","135490","2025-11-09","49.00","AUD","1762073055","66155/2025-11-09/1762073055.json"
"515320","135490","2025-11-10","49.00","AUD","1762073055","66155/2025-11-10/1762073055.json"
"515320","135490","2025-11-11","49.00","AUD","1762073055","66155/2025-11-11/1762073055.json"
"515320","135490","2025-11-12","49.00","AUD","1762073055","66155/2025-11-12/1762073055.json"
"515320","135490","2025-11-13","49.00","AUD","1762073055","66155/2025-11-13/1762073055.json"
"515320","135490","2025-11-14","49.00","AUD","1762073055","66155/2025-11-14/1762073055.json"
"515320","135490","2025-11-15","49.00","AUD","1762073055","66155/2025-11-15/1762073055.json"
"515320","135490","2025-11-16","49.00","AUD","1762073055","66155/2025-11-16/1762073055.json"
"515320","135490","2025-11-17","49.00","AUD","1762073055","66155/2025-11-17/1762073055.json"
"515320","135490","2025-11-18","49.00","AUD","1762073055","66155/2025-11-18/1762073055.json"
"515320","135490","2025-11-19","49.00","AUD","1762073055","66155/2025-11-19/1762073055.json"
"515320","135490","2025-11-20","49.00","AUD","1762073055","66155/2025-11-20/1762073055.json"
"515320","135490","2025-11-21","49.00","AUD","1762073055","66155/2025-11-21/1762073055.json"
"515320","135490","2025-11-22","49.00","AUD","1762073055","66155/2025-11-22/1762073055.json"
"515320","135490","2025-11-23","49.00","AUD","1762073055","66155/2025-11-23/1762073055.json"
"515320","135490","2025-11-25","49.00","AUD","1762073055","66155/2025-11-25/1762073055.json"
"515320","135490","2025-11-24","49.00","AUD","1762073055","66155/2025-11-24/1762073055.json"
"515320","135490","2025-11-26","49.00","AUD","1762073055","66155/2025-11-26/1762073055.json"
"515320","135490","2025-11-27","49.00","AUD","1762073055","66155/2025-11-27/1762073055.json"
"515320","135490","2025-11-28","49.00","AUD","1762073055","66155/2025-11-28/1762073055.json"
"515320","135490","2025-11-29","49.00","AUD","1762073055","66155/2025-11-29/1762073055.json"
"515320","135490","2025-12-02","49.00","AUD","1762073055","66155/2025-12-02/1762073055.json"
"515320","135490","2025-12-05","49.00","AUD","1762073055","66155/2025-12-05/1762073055.json"
"515320","135490","2025-12-06","49.00","AUD","1762073055","66155/2025-12-06/1762073055.json"
"515320","135490","2025-12-09","49.00","AUD","1762073055","66155/2025-12-09/1762073055.json"
"515320","135490","2025-12-12","49.00","AUD","1762073055","66155/2025-12-12/1762073055.json"
"515320","135490","2025-12-13","49.00","AUD","1762073055","66155/2025-12-13/1762073055.json"
"515320","135490","2025-12-16","49.00","AUD","1762073055","66155/2025-12-16/1762073055.json"
"515320","135490","2025-12-20","49.00","AUD","1762073055","66155/2025-12-20/1762073055.json"
"515320","135490","2025-12-23","49.00","AUD","1762073055","66155/2025-12-23/1762073055.json"
"515320","135490","2025-12-19","49.00","AUD","1762073055","66155/2025-12-19/1762073055.json"
"515320","135490","2025-12-24","49.00","AUD","1762073055","66155/2025-12-24/1762073055.json"
"515320","135490","2025-12-25","49.00","AUD","1762073055","66155/2025-12-25/1762073055.json"
"515320","135490","2025-12-27","49.00","AUD","1762073055","66155/2025-12-27/1762073055.json"
"515320","135490","2025-12-26","49.00","AUD","1762073055","66155/2025-12-26/1762073055.json"
"515320","135490","2025-12-28","49.00","AUD","1762073055","66155/2025-12-28/1762073055.json"
"515320","135490","2025-12-29","49.00","AUD","1762073055","66155/2025-12-29/1762073055.json"
"515320","135490","2025-12-30","49.00","AUD","1762073055","66155/2025-12-30/1762073055.json"
"515320","135490","2025-12-31","49.00","AUD","1762073055","66155/2025-12-31/1762073055.json"
"515320","135490","2026-01-01","49.00","AUD","1762073055","66155/2026-01-01/1762073055.json"
"515320","135490","2025-11-03","49.00","AUD","1762088243","66155/2025-11-03/1762088243.json"
"515320","135490","2025-11-04","49.00","AUD","1762088243","66155/2025-11-04/1762088243.json"
"515320","135490","2025-11-05","49.00","AUD","1762088243","66155/2025-11-05/1762088243.json"
"515320","135490","2025-11-09","49.00","AUD","1762088243","66155/2025-11-09/1762088243.json"
"515320","135490","2025-11-06","49.00","AUD","1762088243","66155/2025-11-06/1762088243.json"
"515320","135490","2025-11-10","49.00","AUD","1762088243","66155/2025-11-10/1762088243.json"
"515320","135490","2025-11-11","49.00","AUD","1762088243","66155/2025-11-11/1762088243.json"
"515320","135490","2025-11-12","49.00","AUD","1762088243","66155/2025-11-12/1762088243.json"
"515320","135490","2025-11-13","49.00","AUD","1762088243","66155/2025-11-13/1762088243.json"
"515320","135490","2025-11-14","49.00","AUD","1762088243","66155/2025-11-14/1762088243.json"
"515320","135490","2025-11-15","49.00","AUD","1762088243","66155/2025-11-15/1762088243.json"
"515320","135490","2025-11-16","49.00","AUD","1762088243","66155/2025-11-16/1762088243.json"
"515320","135490","2025-11-17","49.00","AUD","1762088243","66155/2025-11-17/1762088243.json"
"515320","135490","2025-11-18","49.00","AUD","1762088243","66155/2025-11-18/1762088243.json"
"515320","135490","2025-11-19","49.00","AUD","1762088243","66155/2025-11-19/1762088243.json"
"515320","135490","2025-11-20","49.00","AUD","1762088243","66155/2025-11-20/1762088243.json"
"515320","135490","2025-11-21","49.00","AUD","1762088243","66155/2025-11-21/1762088243.json"
"515320","135490","2025-11-22","49.00","AUD","1762088243","66155/2025-11-22/1762088243.json"
"515320","135490","2025-11-23","49.00","AUD","1762088243","66155/2025-11-23/1762088243.json"
"515320","135490","2025-11-24","49.00","AUD","1762088243","66155/2025-11-24/1762088243.json"
"515320","135490","2025-11-25","49.00","AUD","1762088243","66155/2025-11-25/1762088243.json"
"515320","135490","2025-11-26","49.00","AUD","1762088243","66155/2025-11-26/1762088243.json"
"515320","135490","2025-11-27","49.00","AUD","1762088243","66155/2025-11-27/1762088243.json"
"515320","135490","2025-11-28","49.00","AUD","1762088243","66155/2025-11-28/1762088243.json"
"515320","135490","2025-11-29","49.00","AUD","1762088243","66155/2025-11-29/1762088243.json"
"515320","135490","2025-12-02","49.00","AUD","1762088243","66155/2025-12-02/1762088243.json"
"515320","135490","2025-12-05","49.00","AUD","1762088243","66155/2025-12-05/1762088243.json"
"515320","135490","2025-12-06","49.00","AUD","1762088243","66155/2025-12-06/1762088243.json"
"515320","135490","2025-12-09","49.00","AUD","1762088243","66155/2025-12-09/1762088243.json"
"515320","135490","2025-12-12","49.00","AUD","1762088243","66155/2025-12-12/1762088243.json"
"515320","135490","2025-12-13","49.00","AUD","1762088243","66155/2025-12-13/1762088243.json"
"515320","135490","2025-12-16","49.00","AUD","1762088243","66155/2025-12-16/1762088243.json"
"515320","135490","2025-12-19","49.00","AUD","1762088243","66155/2025-12-19/1762088243.json"
"515320","135490","2025-12-20","49.00","AUD","1762088243","66155/2025-12-20/1762088243.json"
"515320","135490","2025-12-23","49.00","AUD","1762088243","66155/2025-12-23/1762088243.json"
"515320","135490","2025-12-24","49.00","AUD","1762088243","66155/2025-12-24/1762088243.json"
"515320","135490","2025-12-26","49.00","AUD","1762088243","66155/2025-12-26/1762088243.json"
"515320","135490","2025-12-27","49.00","AUD","1762088243","66155/2025-12-27/1762088243.json"
"515320","135490","2025-12-25","49.00","AUD","1762088243","66155/2025-12-25/1762088243.json"
"515320","135490","2025-12-28","49.00","AUD","1762088243","66155/2025-12-28/1762088243.json"
"515320","135490","2025-12-30","49.00","AUD","1762088243","66155/2025-12-30/1762088243.json"
"515320","135490","2025-12-29","49.00","AUD","1762088243","66155/2025-12-29/1762088243.json"
"515320","135490","2025-12-31","49.00","AUD","1762088243","66155/2025-12-31/1762088243.json"
"515320","135490","2026-01-01","49.00","AUD","1762088243","66155/2026-01-01/1762088243.json"
"515320","135490","2025-11-03","49.00","AUD","1762102159","66155/2025-11-03/1762102159.json"
"515320","135490","2025-11-04","49.00","AUD","1762102159","66155/2025-11-04/1762102159.json"
"515320","135490","2025-11-05","49.00","AUD","1762102159","66155/2025-11-05/1762102159.json"
"515320","135490","2025-11-06","49.00","AUD","1762102159","66155/2025-11-06/1762102159.json"
"515320","135490","2025-11-12","49.00","AUD","1762102159","66155/2025-11-12/1762102159.json"
"515320","135490","2025-11-11","49.00","AUD","1762102159","66155/2025-11-11/1762102159.json"
"515320","135490","2025-11-14","49.00","AUD","1762102159","66155/2025-11-14/1762102159.json"
"515320","135490","2025-11-13","49.00","AUD","1762102159","66155/2025-11-13/1762102159.json"
"515320","135490","2025-11-09","49.00","AUD","1762102159","66155/2025-11-09/1762102159.json"
"515320","135490","2025-11-10","49.00","AUD","1762102159","66155/2025-11-10/1762102159.json"
"515320","135490","2025-11-16","49.00","AUD","1762102159","66155/2025-11-16/1762102159.json"
"515320","135490","2025-11-15","49.00","AUD","1762102159","66155/2025-11-15/1762102159.json"
"515320","135490","2025-11-17","49.00","AUD","1762102159","66155/2025-11-17/1762102159.json"
"515320","135490","2025-11-18","49.00","AUD","1762102159","66155/2025-11-18/1762102159.json"
"515320","135490","2025-11-19","49.00","AUD","1762102159","66155/2025-11-19/1762102159.json"
"515320","135490","2025-11-20","49.00","AUD","1762102159","66155/2025-11-20/1762102159.json"
"515320","135490","2025-11-22","49.00","AUD","1762102159","66155/2025-11-22/1762102159.json"
"515320","135490","2025-11-21","49.00","AUD","1762102159","66155/2025-11-21/1762102159.json"
"515320","135490","2025-11-23","49.00","AUD","1762102159","66155/2025-11-23/1762102159.json"
"515320","135490","2025-11-24","49.00","AUD","1762102159","66155/2025-11-24/1762102159.json"
"515320","135490","2025-11-25","49.00","AUD","1762102159","66155/2025-11-25/1762102159.json"
"515320","135490","2025-11-26","49.00","AUD","1762102159","66155/2025-11-26/1762102159.json"
"515320","135490","2025-11-27","49.00","AUD","1762102159","66155/2025-11-27/1762102159.json"
"515320","135490","2025-11-28","49.00","AUD","1762102159","66155/2025-11-28/1762102159.json"
"515320","135490","2025-11-29","49.00","AUD","1762102159","66155/2025-11-29/1762102159.json"
"515320","135490","2025-12-02","49.00","AUD","1762102159","66155/2025-12-02/1762102159.json"
"515320","135490","2025-12-05","49.00","AUD","1762102159","66155/2025-12-05/1762102159.json"
"515320","135490","2025-12-06","49.00","AUD","1762102159","66155/2025-12-06/1762102159.json"
"515320","135490","2025-12-09","49.00","AUD","1762102159","66155/2025-12-09/1762102159.json"
"515320","135490","2025-12-12","49.00","AUD","1762102159","66155/2025-12-12/1762102159.json"
"515320","135490","2025-12-16","49.00","AUD","1762102159","66155/2025-12-16/1762102159.json"
"515320","135490","2025-12-13","49.00","AUD","1762102159","66155/2025-12-13/1762102159.json"
"515320","135490","2025-12-19","49.00","AUD","1762102159","66155/2025-12-19/1762102159.json"
"515320","135490","2025-12-20","49.00","AUD","1762102159","66155/2025-12-20/1762102159.json"
"515320","135490","2025-12-24","49.00","AUD","1762102159","66155/2025-12-24/1762102159.json"
"515320","135490","2025-12-25","49.00","AUD","1762102159","66155/2025-12-25/1762102159.json"
"515320","135490","2025-12-23","49.00","AUD","1762102159","66155/2025-12-23/1762102159.json"
"515320","135490","2025-12-27","49.00","AUD","1762102159","66155/2025-12-27/1762102159.json"
"515320","135490","2025-12-26","49.00","AUD","1762102159","66155/2025-12-26/1762102159.json"
"515320","135490","2025-12-28","49.00","AUD","1762102159","66155/2025-12-28/1762102159.json"
"515320","135490","2025-12-29","49.00","AUD","1762102159","66155/2025-12-29/1762102159.json"
"515320","135490","2025-12-30","49.00","AUD","1762102159","66155/2025-12-30/1762102159.json"
"515320","135490","2026-01-01","49.00","AUD","1762102159","66155/2026-01-01/1762102159.json"
"515320","135490","2025-12-31","49.00","AUD","1762102159","66155/2025-12-31/1762102159.json"
"515320","135490","2025-11-04","49.00","AUD","1762116524","66155/2025-11-04/1762116524.json"
"515320","135490","2025-11-05","49.00","AUD","1762116524","66155/2025-11-05/1762116524.json"
"515320","135490","2025-11-03","49.00","AUD","1762116524","66155/2025-11-03/1762116524.json"
"515320","135490","2025-11-09","49.00","AUD","1762116524","66155/2025-11-09/1762116524.json"
"515320","135490","2025-11-06","49.00","AUD","1762116524","66155/2025-11-06/1762116524.json"
"515320","135490","2025-11-11","49.00","AUD","1762116524","66155/2025-11-11/1762116524.json"
"515320","135490","2025-11-10","49.00","AUD","1762116524","66155/2025-11-10/1762116524.json"
"515320","135490","2025-11-12","49.00","AUD","1762116524","66155/2025-11-12/1762116524.json"
"515320","135490","2025-11-13","49.00","AUD","1762116524","66155/2025-11-13/1762116524.json"
"515320","135490","2025-11-15","49.00","AUD","1762116524","66155/2025-11-15/1762116524.json"
"515320","135490","2025-11-16","49.00","AUD","1762116524","66155/2025-11-16/1762116524.json"
"515320","135490","2025-11-14","49.00","AUD","1762116524","66155/2025-11-14/1762116524.json"
"515320","135490","2025-11-19","49.00","AUD","1762116524","66155/2025-11-19/1762116524.json"
"515320","135490","2025-11-18","49.00","AUD","1762116524","66155/2025-11-18/1762116524.json"
"515320","135490","2025-11-17","49.00","AUD","1762116524","66155/2025-11-17/1762116524.json"
"515320","135490","2025-11-20","49.00","AUD","1762116524","66155/2025-11-20/1762116524.json"
"515320","135490","2025-11-24","49.00","AUD","1762116524","66155/2025-11-24/1762116524.json"
"515320","135490","2025-11-22","49.00","AUD","1762116524","66155/2025-11-22/1762116524.json"
"515320","135490","2025-11-21","49.00","AUD","1762116524","66155/2025-11-21/1762116524.json"
"515320","135490","2025-11-23","49.00","AUD","1762116524","66155/2025-11-23/1762116524.json"
"515320","135490","2025-11-26","49.00","AUD","1762116524","66155/2025-11-26/1762116524.json"
"515320","135490","2025-11-25","49.00","AUD","1762116524","66155/2025-11-25/1762116524.json"
"515320","135490","2025-11-28","49.00","AUD","1762116524","66155/2025-11-28/1762116524.json"
"515320","135490","2025-11-27","49.00","AUD","1762116524","66155/2025-11-27/1762116524.json"
"515320","135490","2025-11-29","49.00","AUD","1762116524","66155/2025-11-29/1762116524.json"
"515320","135490","2025-12-02","49.00","AUD","1762116524","66155/2025-12-02/1762116524.json"
"515320","135490","2025-12-05","49.00","AUD","1762116524","66155/2025-12-05/1762116524.json"
"515320","135490","2025-12-06","49.00","AUD","1762116524","66155/2025-12-06/1762116524.json"
"515320","135490","2025-12-09","49.00","AUD","1762116524","66155/2025-12-09/1762116524.json"
"515320","135490","2025-12-12","49.00","AUD","1762116524","66155/2025-12-12/1762116524.json"
"515320","135490","2025-12-13","49.00","AUD","1762116524","66155/2025-12-13/1762116524.json"
"515320","135490","2025-12-16","49.00","AUD","1762116524","66155/2025-12-16/1762116524.json"
"515320","135490","2025-12-19","49.00","AUD","1762116524","66155/2025-12-19/1762116524.json"
"515320","135490","2025-12-20","49.00","AUD","1762116524","66155/2025-12-20/1762116524.json"
"515320","135490","2025-12-23","49.00","AUD","1762116524","66155/2025-12-23/1762116524.json"
"515320","135490","2025-12-24","49.00","AUD","1762116524","66155/2025-12-24/1762116524.json"
"515320","135490","2025-12-26","49.00","AUD","1762116524","66155/2025-12-26/1762116524.json"
"515320","135490","2025-12-25","49.00","AUD","1762116524","66155/2025-12-25/1762116524.json"
"515320","135490","2025-12-27","49.00","AUD","1762116524","66155/2025-12-27/1762116524.json"
"515320","135490","2025-12-29","49.00","AUD","1762116524","66155/2025-12-29/1762116524.json"
"515320","135490","2025-12-28","49.00","AUD","1762116524","66155/2025-12-28/1762116524.json"
"515320","135490","2025-12-30","49.00","AUD","1762116524","66155/2025-12-30/1762116524.json"
"515320","135490","2025-12-31","49.00","AUD","1762116524","66155/2025-12-31/1762116524.json"
"515320","135490","2026-01-01","49.00","AUD","1762116524","66155/2026-01-01/1762116524.json"
"515320","135490","2025-11-04","49.00","AUD","1762134039","66155/2025-11-04/1762134039.json"
"515320","135490","2025-11-06","49.00","AUD","1762134039","66155/2025-11-06/1762134039.json"
"515320","135490","2025-11-05","49.00","AUD","1762134039","66155/2025-11-05/1762134039.json"
"515320","135490","2025-11-03","49.00","AUD","1762134039","66155/2025-11-03/1762134039.json"
"515320","135490","2025-11-09","49.00","AUD","1762134039","66155/2025-11-09/1762134039.json"
"515320","135490","2025-11-11","49.00","AUD","1762134039","66155/2025-11-11/1762134039.json"
"515320","135490","2025-11-12","49.00","AUD","1762134039","66155/2025-11-12/1762134039.json"
"515320","135490","2025-11-10","49.00","AUD","1762134039","66155/2025-11-10/1762134039.json"
"515320","135490","2025-11-13","49.00","AUD","1762134039","66155/2025-11-13/1762134039.json"
"515320","135490","2025-11-15","49.00","AUD","1762134039","66155/2025-11-15/1762134039.json"
"515320","135490","2025-11-14","49.00","AUD","1762134039","66155/2025-11-14/1762134039.json"
"515320","135490","2025-11-16","49.00","AUD","1762134039","66155/2025-11-16/1762134039.json"
"515320","135490","2025-11-17","49.00","AUD","1762134039","66155/2025-11-17/1762134039.json"
"515320","135490","2025-11-19","49.00","AUD","1762134039","66155/2025-11-19/1762134039.json"
"515320","135490","2025-11-18","49.00","AUD","1762134039","66155/2025-11-18/1762134039.json"
"515320","135490","2025-11-20","49.00","AUD","1762134039","66155/2025-11-20/1762134039.json"
"515320","135490","2025-11-21","49.00","AUD","1762134039","66155/2025-11-21/1762134039.json"
"515320","135490","2025-11-23","49.00","AUD","1762134039","66155/2025-11-23/1762134039.json"
"515320","135490","2025-11-22","49.00","AUD","1762134039","66155/2025-11-22/1762134039.json"
"515320","135490","2025-11-24","49.00","AUD","1762134039","66155/2025-11-24/1762134039.json"
"515320","135490","2025-11-25","49.00","AUD","1762134039","66155/2025-11-25/1762134039.json"
"515320","135490","2025-11-28","49.00","AUD","1762134039","66155/2025-11-28/1762134039.json"
"515320","135490","2025-11-29","49.00","AUD","1762134039","66155/2025-11-29/1762134039.json"
"515320","135490","2025-11-27","49.00","AUD","1762134039","66155/2025-11-27/1762134039.json"
"515320","135490","2025-11-26","49.00","AUD","1762134039","66155/2025-11-26/1762134039.json"
"515320","135490","2025-12-02","49.00","AUD","1762134039","66155/2025-12-02/1762134039.json"
"515320","135490","2025-12-05","49.00","AUD","1762134039","66155/2025-12-05/1762134039.json"
"515320","135490","2025-12-06","49.00","AUD","1762134039","66155/2025-12-06/1762134039.json"
"515320","135490","2025-12-09","49.00","AUD","1762134039","66155/2025-12-09/1762134039.json"
"515320","135490","2025-12-13","49.00","AUD","1762134039","66155/2025-12-13/1762134039.json"
"515320","135490","2025-12-12","49.00","AUD","1762134039","66155/2025-12-12/1762134039.json"
"515320","135490","2025-12-16","49.00","AUD","1762134039","66155/2025-12-16/1762134039.json"
"515320","135490","2025-12-19","49.00","AUD","1762134039","66155/2025-12-19/1762134039.json"
"515320","135490","2025-12-20","49.00","AUD","1762134039","66155/2025-12-20/1762134039.json"
"515320","135490","2025-12-25","49.00","AUD","1762134039","66155/2025-12-25/1762134039.json"
"515320","135490","2025-12-23","49.00","AUD","1762134039","66155/2025-12-23/1762134039.json"
"515320","135490","2025-12-24","49.00","AUD","1762134039","66155/2025-12-24/1762134039.json"
"515320","135490","2025-12-26","49.00","AUD","1762134039","66155/2025-12-26/1762134039.json"
"515320","135490","2025-12-28","49.00","AUD","1762134039","66155/2025-12-28/1762134039.json"
"515320","135490","2025-12-27","49.00","AUD","1762134039","66155/2025-12-27/1762134039.json"
"515320","135490","2025-12-29","49.00","AUD","1762134039","66155/2025-12-29/1762134039.json"
"515320","135490","2025-12-31","49.00","AUD","1762134039","66155/2025-12-31/1762134039.json"
"515320","135490","2026-01-01","49.00","AUD","1762134039","66155/2026-01-01/1762134039.json"
"515320","135490","2026-01-02","49.00","AUD","1762134039","66155/2026-01-02/1762134039.json"
"515320","135490","2025-12-30","49.00","AUD","1762134039","66155/2025-12-30/1762134039.json"
"515320","135490","2025-11-04","49.00","AUD","1762145574","66155/2025-11-04/1762145574.json"
"515320","135490","2025-11-06","49.00","AUD","1762145574","66155/2025-11-06/1762145574.json"
"515320","135490","2025-11-05","49.00","AUD","1762145574","66155/2025-11-05/1762145574.json"
"515320","135490","2025-11-03","49.00","AUD","1762145574","66155/2025-11-03/1762145574.json"
"515320","135490","2025-11-09","49.00","AUD","1762145574","66155/2025-11-09/1762145574.json"
"515320","135490","2025-11-10","49.00","AUD","1762145574","66155/2025-11-10/1762145574.json"
"515320","135490","2025-11-11","49.00","AUD","1762145574","66155/2025-11-11/1762145574.json"
"515320","135490","2025-11-12","49.00","AUD","1762145574","66155/2025-11-12/1762145574.json"
"515320","135490","2025-11-14","49.00","AUD","1762145574","66155/2025-11-14/1762145574.json"
"515320","135490","2025-11-13","49.00","AUD","1762145574","66155/2025-11-13/1762145574.json"
"515320","135490","2025-11-15","49.00","AUD","1762145574","66155/2025-11-15/1762145574.json"
"515320","135490","2025-11-16","49.00","AUD","1762145574","66155/2025-11-16/1762145574.json"
"515320","135490","2025-11-18","49.00","AUD","1762145574","66155/2025-11-18/1762145574.json"
"515320","135490","2025-11-17","49.00","AUD","1762145574","66155/2025-11-17/1762145574.json"
"515320","135490","2025-11-19","49.00","AUD","1762145574","66155/2025-11-19/1762145574.json"
"515320","135490","2025-11-20","49.00","AUD","1762145574","66155/2025-11-20/1762145574.json"
"515320","135490","2025-11-22","49.00","AUD","1762145574","66155/2025-11-22/1762145574.json"
"515320","135490","2025-11-23","49.00","AUD","1762145574","66155/2025-11-23/1762145574.json"
"515320","135490","2025-11-24","49.00","AUD","1762145574","66155/2025-11-24/1762145574.json"
"515320","135490","2025-11-21","49.00","AUD","1762145574","66155/2025-11-21/1762145574.json"
"515320","135490","2025-11-25","49.00","AUD","1762145574","66155/2025-11-25/1762145574.json"
"515320","135490","2025-11-26","49.00","AUD","1762145574","66155/2025-11-26/1762145574.json"
"515320","135490","2025-11-27","49.00","AUD","1762145574","66155/2025-11-27/1762145574.json"
"515320","135490","2025-11-28","49.00","AUD","1762145574","66155/2025-11-28/1762145574.json"
"515320","135490","2025-11-29","49.00","AUD","1762145574","66155/2025-11-29/1762145574.json"
"515320","135490","2025-12-02","49.00","AUD","1762145574","66155/2025-12-02/1762145574.json"
"515320","135490","2025-12-05","49.00","AUD","1762145574","66155/2025-12-05/1762145574.json"
"515320","135490","2025-12-06","49.00","AUD","1762145574","66155/2025-12-06/1762145574.json"
"515320","135490","2025-12-09","49.00","AUD","1762145574","66155/2025-12-09/1762145574.json"
"515320","135490","2025-12-12","49.00","AUD","1762145574","66155/2025-12-12/1762145574.json"
"515320","135490","2025-12-13","49.00","AUD","1762145574","66155/2025-12-13/1762145574.json"
"515320","135490","2025-12-16","49.00","AUD","1762145574","66155/2025-12-16/1762145574.json"
"515320","135490","2025-12-19","49.00","AUD","1762145574","66155/2025-12-19/1762145574.json"
"515320","135490","2025-12-20","49.00","AUD","1762145574","66155/2025-12-20/1762145574.json"
"515320","135490","2025-12-23","49.00","AUD","1762145574","66155/2025-12-23/1762145574.json"
"515320","135490","2025-12-24","49.00","AUD","1762145574","66155/2025-12-24/1762145574.json"
"515320","135490","2025-12-25","49.00","AUD","1762145574","66155/2025-12-25/1762145574.json"
"515320","135490","2025-12-27","49.00","AUD","1762145574","66155/2025-12-27/1762145574.json"
"515320","135490","2025-12-28","49.00","AUD","1762145574","66155/2025-12-28/1762145574.json"
"515320","135490","2025-12-29","49.00","AUD","1762145574","66155/2025-12-29/1762145574.json"
"515320","135490","2025-12-26","49.00","AUD","1762145574","66155/2025-12-26/1762145574.json"
"515320","135490","2025-12-30","49.00","AUD","1762145574","66155/2025-12-30/1762145574.json"
"515320","135490","2026-01-02","49.00","AUD","1762145574","66155/2026-01-02/1762145574.json"
"515320","135490","2025-12-31","49.00","AUD","1762145574","66155/2025-12-31/1762145574.json"
"515320","135490","2026-01-01","49.00","AUD","1762145574","66155/2026-01-01/1762145574.json"
"515320","135490","2025-11-05","49.00","AUD","1762159908","66155/2025-11-05/1762159908.json"
"515320","135490","2025-11-06","49.00","AUD","1762159908","66155/2025-11-06/1762159908.json"
"515320","135490","2025-11-03","49.00","AUD","1762159908","66155/2025-11-03/1762159908.json"
"515320","135490","2025-11-04","49.00","AUD","1762159908","66155/2025-11-04/1762159908.json"
"515320","135490","2025-11-09","49.00","AUD","1762159908","66155/2025-11-09/1762159908.json"
"515320","135490","2025-11-10","49.00","AUD","1762159908","66155/2025-11-10/1762159908.json"
"515320","135490","2025-11-11","49.00","AUD","1762159908","66155/2025-11-11/1762159908.json"
"515320","135490","2025-11-12","49.00","AUD","1762159908","66155/2025-11-12/1762159908.json"
"515320","135490","2025-11-13","49.00","AUD","1762159908","66155/2025-11-13/1762159908.json"
"515320","135490","2025-11-14","49.00","AUD","1762159908","66155/2025-11-14/1762159908.json"
"515320","135490","2025-11-16","49.00","AUD","1762159908","66155/2025-11-16/1762159908.json"
"515320","135490","2025-11-15","49.00","AUD","1762159908","66155/2025-11-15/1762159908.json"
"515320","135490","2025-11-17","49.00","AUD","1762159908","66155/2025-11-17/1762159908.json"
"515320","135490","2025-11-18","49.00","AUD","1762159908","66155/2025-11-18/1762159908.json"
"515320","135490","2025-11-19","49.00","AUD","1762159908","66155/2025-11-19/1762159908.json"
"515320","135490","2025-11-20","49.00","AUD","1762159908","66155/2025-11-20/1762159908.json"
"515320","135490","2025-11-21","49.00","AUD","1762159908","66155/2025-11-21/1762159908.json"
"515320","135490","2025-11-22","49.00","AUD","1762159908","66155/2025-11-22/1762159908.json"
"515320","135490","2025-11-23","49.00","AUD","1762159908","66155/2025-11-23/1762159908.json"
"515320","135490","2025-11-25","49.00","AUD","1762159908","66155/2025-11-25/1762159908.json"
"515320","135490","2025-11-24","49.00","AUD","1762159908","66155/2025-11-24/1762159908.json"
"515320","135490","2025-11-26","49.00","AUD","1762159908","66155/2025-11-26/1762159908.json"
"515320","135490","2025-11-27","49.00","AUD","1762159908","66155/2025-11-27/1762159908.json"
"515320","135490","2025-11-28","49.00","AUD","1762159908","66155/2025-11-28/1762159908.json"
"515320","135490","2025-11-29","49.00","AUD","1762159908","66155/2025-11-29/1762159908.json"
"515320","135490","2025-12-02","49.00","AUD","1762159908","66155/2025-12-02/1762159908.json"
"515320","135490","2025-12-05","49.00","AUD","1762159908","66155/2025-12-05/1762159908.json"
"515320","135490","2025-12-06","49.00","AUD","1762159908","66155/2025-12-06/1762159908.json"
"515320","135490","2025-12-09","49.00","AUD","1762159908","66155/2025-12-09/1762159908.json"
"515320","135490","2025-12-12","49.00","AUD","1762159908","66155/2025-12-12/1762159908.json"
"515320","135490","2025-12-13","49.00","AUD","1762159908","66155/2025-12-13/1762159908.json"
"515320","135490","2025-12-16","49.00","AUD","1762159908","66155/2025-12-16/1762159908.json"
"515320","135490","2025-12-19","49.00","AUD","1762159908","66155/2025-12-19/1762159908.json"
"515320","135490","2025-12-20","49.00","AUD","1762159908","66155/2025-12-20/1762159908.json"
"515320","135490","2025-12-24","49.00","AUD","1762159908","66155/2025-12-24/1762159908.json"
"515320","135490","2025-12-23","49.00","AUD","1762159908","66155/2025-12-23/1762159908.json"
"515320","135490","2025-12-25","49.00","AUD","1762159908","66155/2025-12-25/1762159908.json"
"515320","135490","2025-12-26","49.00","AUD","1762159908","66155/2025-12-26/1762159908.json"
"515320","135490","2025-12-28","49.00","AUD","1762159908","66155/2025-12-28/1762159908.json"
"515320","135490","2025-12-27","49.00","AUD","1762159908","66155/2025-12-27/1762159908.json"
"515320","135490","2025-12-30","49.00","AUD","1762159908","66155/2025-12-30/1762159908.json"
"515320","135490","2025-12-29","49.00","AUD","1762159908","66155/2025-12-29/1762159908.json"
"515320","135490","2026-01-01","49.00","AUD","1762159908","66155/2026-01-01/1762159908.json"
"515320","135490","2025-12-31","49.00","AUD","1762159908","66155/2025-12-31/1762159908.json"
"515320","135490","2026-01-02","49.00","AUD","1762159908","66155/2026-01-02/1762159908.json"
"515320","135490","2025-11-04","49.00","AUD","1762174956","66155/2025-11-04/1762174956.json"
"515320","135490","2025-11-06","49.00","AUD","1762174956","66155/2025-11-06/1762174956.json"
"515320","135490","2025-11-05","49.00","AUD","1762174956","66155/2025-11-05/1762174956.json"
"515320","135490","2025-11-09","49.00","AUD","1762174956","66155/2025-11-09/1762174956.json"
"515320","135490","2025-11-10","49.00","AUD","1762174956","66155/2025-11-10/1762174956.json"
"515320","135490","2025-11-11","49.00","AUD","1762174956","66155/2025-11-11/1762174956.json"
"515320","135490","2025-11-13","49.00","AUD","1762174956","66155/2025-11-13/1762174956.json"
"515320","135490","2025-11-12","49.00","AUD","1762174956","66155/2025-11-12/1762174956.json"
"515320","135490","2025-11-14","49.00","AUD","1762174956","66155/2025-11-14/1762174956.json"
"515320","135490","2025-11-15","49.00","AUD","1762174956","66155/2025-11-15/1762174956.json"
"515320","135490","2025-11-18","49.00","AUD","1762174956","66155/2025-11-18/1762174956.json"
"515320","135490","2025-11-16","49.00","AUD","1762174956","66155/2025-11-16/1762174956.json"
"515320","135490","2025-11-17","49.00","AUD","1762174956","66155/2025-11-17/1762174956.json"
"515320","135490","2025-11-19","49.00","AUD","1762174956","66155/2025-11-19/1762174956.json"
"515320","135490","2025-11-21","49.00","AUD","1762174956","66155/2025-11-21/1762174956.json"
"515320","135490","2025-11-20","49.00","AUD","1762174956","66155/2025-11-20/1762174956.json"
"515320","135490","2025-11-22","49.00","AUD","1762174956","66155/2025-11-22/1762174956.json"
"515320","135490","2025-11-23","49.00","AUD","1762174956","66155/2025-11-23/1762174956.json"
"515320","135490","2025-11-25","49.00","AUD","1762174956","66155/2025-11-25/1762174956.json"
"515320","135490","2025-11-26","49.00","AUD","1762174956","66155/2025-11-26/1762174956.json"
"515320","135490","2025-11-24","49.00","AUD","1762174956","66155/2025-11-24/1762174956.json"
"515320","135490","2025-11-27","49.00","AUD","1762174956","66155/2025-11-27/1762174956.json"
"515320","135490","2025-11-29","49.00","AUD","1762174956","66155/2025-11-29/1762174956.json"
"515320","135490","2025-11-28","49.00","AUD","1762174956","66155/2025-11-28/1762174956.json"
"515320","135490","2025-12-02","49.00","AUD","1762174956","66155/2025-12-02/1762174956.json"
"515320","135490","2025-12-05","49.00","AUD","1762174956","66155/2025-12-05/1762174956.json"
"515320","135490","2025-12-06","49.00","AUD","1762174956","66155/2025-12-06/1762174956.json"
"515320","135490","2025-12-09","49.00","AUD","1762174956","66155/2025-12-09/1762174956.json"
"515320","135490","2025-12-13","49.00","AUD","1762174956","66155/2025-12-13/1762174956.json"
"515320","135490","2025-12-12","49.00","AUD","1762174956","66155/2025-12-12/1762174956.json"
"515320","135490","2025-12-16","49.00","AUD","1762174956","66155/2025-12-16/1762174956.json"
"515320","135490","2025-12-20","49.00","AUD","1762174956","66155/2025-12-20/1762174956.json"
"515320","135490","2025-12-19","49.00","AUD","1762174956","66155/2025-12-19/1762174956.json"
"515320","135490","2025-12-23","49.00","AUD","1762174956","66155/2025-12-23/1762174956.json"
"515320","135490","2025-12-24","49.00","AUD","1762174956","66155/2025-12-24/1762174956.json"
"515320","135490","2025-12-25","49.00","AUD","1762174956","66155/2025-12-25/1762174956.json"
"515320","135490","2025-12-26","49.00","AUD","1762174956","66155/2025-12-26/1762174956.json"
"515320","135490","2025-12-27","49.00","AUD","1762174956","66155/2025-12-27/1762174956.json"
"515320","135490","2025-12-28","49.00","AUD","1762174956","66155/2025-12-28/1762174956.json"
"515320","135490","2025-12-29","49.00","AUD","1762174956","66155/2025-12-29/1762174956.json"
"515320","135490","2025-12-30","49.00","AUD","1762174956","66155/2025-12-30/1762174956.json"
"515320","135490","2025-12-31","49.00","AUD","1762174956","66155/2025-12-31/1762174956.json"
"515320","135490","2026-01-01","49.00","AUD","1762174956","66155/2026-01-01/1762174956.json"
"515320","135490","2026-01-02","49.00","AUD","1762174956","66155/2026-01-02/1762174956.json"
"515320","135490","2025-11-06","49.00","AUD","1762188643","66155/2025-11-06/1762188643.json"
"515320","135490","2025-11-05","49.00","AUD","1762188643","66155/2025-11-05/1762188643.json"
"515320","135490","2025-11-04","49.00","AUD","1762188643","66155/2025-11-04/1762188643.json"
"515320","135490","2025-11-10","49.00","AUD","1762188643","66155/2025-11-10/1762188643.json"
"515320","135490","2025-11-11","49.00","AUD","1762188643","66155/2025-11-11/1762188643.json"
"515320","135490","2025-11-12","49.00","AUD","1762188643","66155/2025-11-12/1762188643.json"
"515320","135490","2025-11-09","49.00","AUD","1762188643","66155/2025-11-09/1762188643.json"
"515320","135490","2025-11-13","49.00","AUD","1762188643","66155/2025-11-13/1762188643.json"
"515320","135490","2025-11-14","49.00","AUD","1762188643","66155/2025-11-14/1762188643.json"
"515320","135490","2025-11-15","49.00","AUD","1762188643","66155/2025-11-15/1762188643.json"
"515320","135490","2025-11-16","49.00","AUD","1762188643","66155/2025-11-16/1762188643.json"
"515320","135490","2025-11-17","49.00","AUD","1762188643","66155/2025-11-17/1762188643.json"
"515320","135490","2025-11-18","49.00","AUD","1762188643","66155/2025-11-18/1762188643.json"
"515320","135490","2025-11-19","49.00","AUD","1762188643","66155/2025-11-19/1762188643.json"
"515320","135490","2025-11-20","49.00","AUD","1762188643","66155/2025-11-20/1762188643.json"
"515320","135490","2025-11-21","49.00","AUD","1762188643","66155/2025-11-21/1762188643.json"
"515320","135490","2025-11-22","49.00","AUD","1762188643","66155/2025-11-22/1762188643.json"
"515320","135490","2025-11-24","49.00","AUD","1762188643","66155/2025-11-24/1762188643.json"
"515320","135490","2025-11-23","49.00","AUD","1762188643","66155/2025-11-23/1762188643.json"
"515320","135490","2025-11-25","49.00","AUD","1762188643","66155/2025-11-25/1762188643.json"
"515320","135490","2025-11-26","49.00","AUD","1762188643","66155/2025-11-26/1762188643.json"
"515320","135490","2025-11-27","49.00","AUD","1762188643","66155/2025-11-27/1762188643.json"
"515320","135490","2025-11-28","49.00","AUD","1762188643","66155/2025-11-28/1762188643.json"
"515320","135490","2025-11-29","49.00","AUD","1762188643","66155/2025-11-29/1762188643.json"
"515320","135490","2025-12-02","49.00","AUD","1762188643","66155/2025-12-02/1762188643.json"
"515320","135490","2025-12-05","49.00","AUD","1762188643","66155/2025-12-05/1762188643.json"
"515320","135490","2025-12-06","49.00","AUD","1762188643","66155/2025-12-06/1762188643.json"
"515320","135490","2025-12-09","49.00","AUD","1762188643","66155/2025-12-09/1762188643.json"
"515320","135490","2025-12-12","49.00","AUD","1762188643","66155/2025-12-12/1762188643.json"
"515320","135490","2025-12-13","49.00","AUD","1762188643","66155/2025-12-13/1762188643.json"
"515320","135490","2025-12-16","49.00","AUD","1762188643","66155/2025-12-16/1762188643.json"
"515320","135490","2025-12-19","49.00","AUD","1762188643","66155/2025-12-19/1762188643.json"
"515320","135490","2025-12-20","49.00","AUD","1762188643","66155/2025-12-20/1762188643.json"
"515320","135490","2025-12-23","49.00","AUD","1762188643","66155/2025-12-23/1762188643.json"
"515320","135490","2025-12-24","49.00","AUD","1762188643","66155/2025-12-24/1762188643.json"
"515320","135490","2025-12-25","49.00","AUD","1762188643","66155/2025-12-25/1762188643.json"
"515320","135490","2025-12-26","49.00","AUD","1762188643","66155/2025-12-26/1762188643.json"
"515320","135490","2025-12-27","49.00","AUD","1762188643","66155/2025-12-27/1762188643.json"
"515320","135490","2025-12-28","49.00","AUD","1762188643","66155/2025-12-28/1762188643.json"
"515320","135490","2025-12-29","49.00","AUD","1762188643","66155/2025-12-29/1762188643.json"
"515320","135490","2025-12-30","49.00","AUD","1762188643","66155/2025-12-30/1762188643.json"
"515320","135490","2025-12-31","49.00","AUD","1762188643","66155/2025-12-31/1762188643.json"
"515320","135490","2026-01-02","49.00","AUD","1762188643","66155/2026-01-02/1762188643.json"
"515320","135490","2026-01-01","49.00","AUD","1762188643","66155/2026-01-01/1762188643.json"
"515320","135490","2025-11-04","49.00","AUD","1762203077","66155/2025-11-04/1762203077.json"
"515320","135490","2025-11-06","49.00","AUD","1762203077","66155/2025-11-06/1762203077.json"
"515320","135490","2025-11-09","49.00","AUD","1762203077","66155/2025-11-09/1762203077.json"
"515320","135490","2025-11-05","49.00","AUD","1762203077","66155/2025-11-05/1762203077.json"
"515320","135490","2025-11-10","49.00","AUD","1762203077","66155/2025-11-10/1762203077.json"
"515320","135490","2025-11-13","49.00","AUD","1762203077","66155/2025-11-13/1762203077.json"
"515320","135490","2025-11-12","49.00","AUD","1762203077","66155/2025-11-12/1762203077.json"
"515320","135490","2025-11-11","49.00","AUD","1762203077","66155/2025-11-11/1762203077.json"
"515320","135490","2025-11-14","49.00","AUD","1762203077","66155/2025-11-14/1762203077.json"
"515320","135490","2025-11-15","49.00","AUD","1762203077","66155/2025-11-15/1762203077.json"
"515320","135490","2025-11-17","49.00","AUD","1762203077","66155/2025-11-17/1762203077.json"
"515320","135490","2025-11-16","49.00","AUD","1762203077","66155/2025-11-16/1762203077.json"
"515320","135490","2025-11-20","49.00","AUD","1762203077","66155/2025-11-20/1762203077.json"
"515320","135490","2025-11-19","49.00","AUD","1762203077","66155/2025-11-19/1762203077.json"
"515320","135490","2025-11-21","49.00","AUD","1762203077","66155/2025-11-21/1762203077.json"
"515320","135490","2025-11-18","49.00","AUD","1762203077","66155/2025-11-18/1762203077.json"
"515320","135490","2025-11-22","49.00","AUD","1762203077","66155/2025-11-22/1762203077.json"
"515320","135490","2025-11-23","49.00","AUD","1762203077","66155/2025-11-23/1762203077.json"
"515320","135490","2025-11-24","49.00","AUD","1762203077","66155/2025-11-24/1762203077.json"
"515320","135490","2025-11-26","49.00","AUD","1762203077","66155/2025-11-26/1762203077.json"
"515320","135490","2025-11-27","49.00","AUD","1762203077","66155/2025-11-27/1762203077.json"
"515320","135490","2025-11-28","49.00","AUD","1762203077","66155/2025-11-28/1762203077.json"
"515320","135490","2025-11-29","49.00","AUD","1762203077","66155/2025-11-29/1762203077.json"
"515320","135490","2025-12-02","49.00","AUD","1762203077","66155/2025-12-02/1762203077.json"
"515320","135490","2025-12-05","49.00","AUD","1762203077","66155/2025-12-05/1762203077.json"
"515320","135490","2025-12-06","49.00","AUD","1762203077","66155/2025-12-06/1762203077.json"
"515320","135490","2025-12-09","49.00","AUD","1762203077","66155/2025-12-09/1762203077.json"
"515320","135490","2025-12-12","49.00","AUD","1762203077","66155/2025-12-12/1762203077.json"
"515320","135490","2025-12-13","49.00","AUD","1762203077","66155/2025-12-13/1762203077.json"
"515320","135490","2025-11-25","49.00","AUD","1762203077","66155/2025-11-25/1762203077.json"
"515320","135490","2025-12-16","49.00","AUD","1762203077","66155/2025-12-16/1762203077.json"
"515320","135490","2025-12-20","49.00","AUD","1762203077","66155/2025-12-20/1762203077.json"
"515320","135490","2025-12-19","49.00","AUD","1762203077","66155/2025-12-19/1762203077.json"
"515320","135490","2025-12-24","49.00","AUD","1762203077","66155/2025-12-24/1762203077.json"
"515320","135490","2025-12-23","49.00","AUD","1762203077","66155/2025-12-23/1762203077.json"
"515320","135490","2025-12-25","49.00","AUD","1762203077","66155/2025-12-25/1762203077.json"
"515320","135490","2025-12-26","49.00","AUD","1762203077","66155/2025-12-26/1762203077.json"
"515320","135490","2025-12-27","49.00","AUD","1762203077","66155/2025-12-27/1762203077.json"
"515320","135490","2025-12-29","49.00","AUD","1762203077","66155/2025-12-29/1762203077.json"
"515320","135490","2025-12-28","49.00","AUD","1762203077","66155/2025-12-28/1762203077.json"
"515320","135490","2025-12-30","49.00","AUD","1762203077","66155/2025-12-30/1762203077.json"
"515320","135490","2026-01-01","49.00","AUD","1762203077","66155/2026-01-01/1762203077.json"
"515320","135490","2025-12-31","49.00","AUD","1762203077","66155/2025-12-31/1762203077.json"
"515320","135490","2026-01-02","49.00","AUD","1762203077","66155/2026-01-02/1762203077.json"
"515320","135490","2025-11-06","49.00","AUD","1762220111","66155/2025-11-06/1762220111.json"
"515320","135490","2025-11-05","49.00","AUD","1762220111","66155/2025-11-05/1762220111.json"
"515320","135490","2025-11-04","49.00","AUD","1762220111","66155/2025-11-04/1762220111.json"
"515320","135490","2025-11-10","49.00","AUD","1762220111","66155/2025-11-10/1762220111.json"
"515320","135490","2025-11-09","49.00","AUD","1762220111","66155/2025-11-09/1762220111.json"
"515320","135490","2025-11-11","49.00","AUD","1762220111","66155/2025-11-11/1762220111.json"
"515320","135490","2025-11-12","49.00","AUD","1762220111","66155/2025-11-12/1762220111.json"
"515320","135490","2025-11-13","49.00","AUD","1762220111","66155/2025-11-13/1762220111.json"
"515320","135490","2025-11-14","49.00","AUD","1762220111","66155/2025-11-14/1762220111.json"
"515320","135490","2025-11-15","49.00","AUD","1762220111","66155/2025-11-15/1762220111.json"
"515320","135490","2025-11-16","49.00","AUD","1762220111","66155/2025-11-16/1762220111.json"
"515320","135490","2025-11-17","49.00","AUD","1762220111","66155/2025-11-17/1762220111.json"
"515320","135490","2025-11-18","49.00","AUD","1762220111","66155/2025-11-18/1762220111.json"
"515320","135490","2025-11-19","49.00","AUD","1762220111","66155/2025-11-19/1762220111.json"
"515320","135490","2025-11-20","49.00","AUD","1762220111","66155/2025-11-20/1762220111.json"
"515320","135490","2025-11-21","49.00","AUD","1762220111","66155/2025-11-21/1762220111.json"
"515320","135490","2025-11-22","49.00","AUD","1762220111","66155/2025-11-22/1762220111.json"
"515320","135490","2025-11-23","49.00","AUD","1762220111","66155/2025-11-23/1762220111.json"
"515320","135490","2025-11-24","49.00","AUD","1762220111","66155/2025-11-24/1762220111.json"
"515320","135490","2025-11-25","49.00","AUD","1762220111","66155/2025-11-25/1762220111.json"
"515320","135490","2025-11-26","49.00","AUD","1762220111","66155/2025-11-26/1762220111.json"
"515320","135490","2025-11-27","49.00","AUD","1762220111","66155/2025-11-27/1762220111.json"
"515320","135490","2025-11-28","49.00","AUD","1762220111","66155/2025-11-28/1762220111.json"
"515320","135490","2025-11-29","49.00","AUD","1762220111","66155/2025-11-29/1762220111.json"
"515320","135490","2025-12-02","49.00","AUD","1762220111","66155/2025-12-02/1762220111.json"
"515320","135490","2025-12-05","49.00","AUD","1762220111","66155/2025-12-05/1762220111.json"
"515320","135490","2025-12-06","49.00","AUD","1762220111","66155/2025-12-06/1762220111.json"
"515320","135490","2025-12-09","49.00","AUD","1762220111","66155/2025-12-09/1762220111.json"
"515320","135490","2025-12-12","49.00","AUD","1762220111","66155/2025-12-12/1762220111.json"
"515320","135490","2025-12-13","49.00","AUD","1762220111","66155/2025-12-13/1762220111.json"
"515320","135490","2025-12-16","49.00","AUD","1762220111","66155/2025-12-16/1762220111.json"
"515320","135490","2025-12-20","49.00","AUD","1762220111","66155/2025-12-20/1762220111.json"
"515320","135490","2025-12-19","49.00","AUD","1762220111","66155/2025-12-19/1762220111.json"
"515320","135490","2025-12-23","49.00","AUD","1762220111","66155/2025-12-23/1762220111.json"
"515320","135490","2025-12-25","49.00","AUD","1762220111","66155/2025-12-25/1762220111.json"
"515320","135490","2025-12-26","49.00","AUD","1762220111","66155/2025-12-26/1762220111.json"
"515320","135490","2025-12-24","49.00","AUD","1762220111","66155/2025-12-24/1762220111.json"
"515320","135490","2025-12-27","49.00","AUD","1762220111","66155/2025-12-27/1762220111.json"
"515320","135490","2025-12-29","49.00","AUD","1762220111","66155/2025-12-29/1762220111.json"
"515320","135490","2025-12-28","49.00","AUD","1762220111","66155/2025-12-28/1762220111.json"
"515320","135490","2025-12-30","49.00","AUD","1762220111","66155/2025-12-30/1762220111.json"
"515320","135490","2025-12-31","49.00","AUD","1762220111","66155/2025-12-31/1762220111.json"
"515320","135490","2026-01-01","49.00","AUD","1762220111","66155/2026-01-01/1762220111.json"
"515320","135490","2026-01-02","49.00","AUD","1762220111","66155/2026-01-02/1762220111.json"
"515320","135490","2026-01-03","49.00","AUD","1762220111","66155/2026-01-03/1762220111.json"
"515320","135490","2025-11-05","49.00","AUD","1762231534","66155/2025-11-05/1762231534.json"
"515320","135490","2025-11-04","49.00","AUD","1762231534","66155/2025-11-04/1762231534.json"
"515320","135490","2025-11-06","49.00","AUD","1762231534","66155/2025-11-06/1762231534.json"
"515320","135490","2025-11-10","49.00","AUD","1762231534","66155/2025-11-10/1762231534.json"
"515320","135490","2025-11-11","49.00","AUD","1762231534","66155/2025-11-11/1762231534.json"
"515320","135490","2025-11-09","49.00","AUD","1762231534","66155/2025-11-09/1762231534.json"
"515320","135490","2025-11-12","49.00","AUD","1762231534","66155/2025-11-12/1762231534.json"
"515320","135490","2025-11-13","49.00","AUD","1762231534","66155/2025-11-13/1762231534.json"
"515320","135490","2025-11-14","49.00","AUD","1762231534","66155/2025-11-14/1762231534.json"
"515320","135490","2025-11-16","49.00","AUD","1762231534","66155/2025-11-16/1762231534.json"
"515320","135490","2025-11-15","49.00","AUD","1762231534","66155/2025-11-15/1762231534.json"
"515320","135490","2025-11-17","49.00","AUD","1762231534","66155/2025-11-17/1762231534.json"
"515320","135490","2025-11-19","49.00","AUD","1762231534","66155/2025-11-19/1762231534.json"
"515320","135490","2025-11-20","49.00","AUD","1762231534","66155/2025-11-20/1762231534.json"
"515320","135490","2025-11-21","49.00","AUD","1762231534","66155/2025-11-21/1762231534.json"
"515320","135490","2025-11-18","49.00","AUD","1762231534","66155/2025-11-18/1762231534.json"
"515320","135490","2025-11-22","49.00","AUD","1762231534","66155/2025-11-22/1762231534.json"
"515320","135490","2025-11-23","49.00","AUD","1762231534","66155/2025-11-23/1762231534.json"
"515320","135490","2025-11-24","49.00","AUD","1762231534","66155/2025-11-24/1762231534.json"
"515320","135490","2025-11-25","49.00","AUD","1762231534","66155/2025-11-25/1762231534.json"
"515320","135490","2025-11-26","49.00","AUD","1762231534","66155/2025-11-26/1762231534.json"
"515320","135490","2025-11-27","49.00","AUD","1762231534","66155/2025-11-27/1762231534.json"
"515320","135490","2025-11-28","49.00","AUD","1762231534","66155/2025-11-28/1762231534.json"
"515320","135490","2025-11-29","49.00","AUD","1762231534","66155/2025-11-29/1762231534.json"
"515320","135490","2025-11-30","49.00","AUD","1762231534","66155/2025-11-30/1762231534.json"
"515320","135490","2025-12-01","49.00","AUD","1762231534","66155/2025-12-01/1762231534.json"
"515320","135490","2025-12-02","49.00","AUD","1762231534","66155/2025-12-02/1762231534.json"
"515320","135490","2025-12-05","49.00","AUD","1762231534","66155/2025-12-05/1762231534.json"
"515320","135490","2025-12-09","49.00","AUD","1762231534","66155/2025-12-09/1762231534.json"
"515320","135490","2025-12-06","49.00","AUD","1762231534","66155/2025-12-06/1762231534.json"
"515320","135490","2025-12-13","49.00","AUD","1762231534","66155/2025-12-13/1762231534.json"
"515320","135490","2025-12-12","49.00","AUD","1762231534","66155/2025-12-12/1762231534.json"
"515320","135490","2025-12-16","49.00","AUD","1762231534","66155/2025-12-16/1762231534.json"
"515320","135490","2025-12-19","49.00","AUD","1762231534","66155/2025-12-19/1762231534.json"
"515320","135490","2025-12-20","49.00","AUD","1762231534","66155/2025-12-20/1762231534.json"
"515320","135490","2025-12-23","49.00","AUD","1762231534","66155/2025-12-23/1762231534.json"
"515320","135490","2025-12-25","49.00","AUD","1762231534","66155/2025-12-25/1762231534.json"
"515320","135490","2025-12-24","49.00","AUD","1762231534","66155/2025-12-24/1762231534.json"
"515320","135490","2025-12-26","49.00","AUD","1762231534","66155/2025-12-26/1762231534.json"
"515320","135490","2025-12-28","49.00","AUD","1762231534","66155/2025-12-28/1762231534.json"
"515320","135490","2025-12-29","49.00","AUD","1762231534","66155/2025-12-29/1762231534.json"
"515320","135490","2025-12-30","49.00","AUD","1762231534","66155/2025-12-30/1762231534.json"
"515320","135490","2025-12-27","49.00","AUD","1762231534","66155/2025-12-27/1762231534.json"
"515320","135490","2025-12-31","49.00","AUD","1762231534","66155/2025-12-31/1762231534.json"
"515320","135490","2026-01-01","49.00","AUD","1762231534","66155/2026-01-01/1762231534.json"
"515320","135490","2026-01-02","49.00","AUD","1762231534","66155/2026-01-02/1762231534.json"
"515320","135490","2026-01-03","49.00","AUD","1762231534","66155/2026-01-03/1762231534.json"
"515320","135490","2025-11-06","49.00","AUD","1762246226","66155/2025-11-06/1762246226.json"
"515320","135490","2025-11-05","49.00","AUD","1762246226","66155/2025-11-05/1762246226.json"
"515320","135490","2025-11-04","49.00","AUD","1762246226","66155/2025-11-04/1762246226.json"
"515320","135490","2025-11-09","49.00","AUD","1762246226","66155/2025-11-09/1762246226.json"
"515320","135490","2025-11-10","49.00","AUD","1762246226","66155/2025-11-10/1762246226.json"
"515320","135490","2025-11-11","49.00","AUD","1762246226","66155/2025-11-11/1762246226.json"
"515320","135490","2025-11-13","49.00","AUD","1762246226","66155/2025-11-13/1762246226.json"
"515320","135490","2025-11-12","49.00","AUD","1762246226","66155/2025-11-12/1762246226.json"
"515320","135490","2025-11-14","49.00","AUD","1762246226","66155/2025-11-14/1762246226.json"
"515320","135490","2025-11-15","49.00","AUD","1762246226","66155/2025-11-15/1762246226.json"
"515320","135490","2025-11-17","49.00","AUD","1762246226","66155/2025-11-17/1762246226.json"
"515320","135490","2025-11-18","49.00","AUD","1762246226","66155/2025-11-18/1762246226.json"
"515320","135490","2025-11-16","49.00","AUD","1762246226","66155/2025-11-16/1762246226.json"
"515320","135490","2025-11-21","49.00","AUD","1762246226","66155/2025-11-21/1762246226.json"
"515320","135490","2025-11-19","49.00","AUD","1762246226","66155/2025-11-19/1762246226.json"
"515320","135490","2025-11-20","49.00","AUD","1762246226","66155/2025-11-20/1762246226.json"
"515320","135490","2025-11-22","49.00","AUD","1762246226","66155/2025-11-22/1762246226.json"
"515320","135490","2025-11-23","49.00","AUD","1762246226","66155/2025-11-23/1762246226.json"
"515320","135490","2025-11-25","49.00","AUD","1762246226","66155/2025-11-25/1762246226.json"
"515320","135490","2025-11-24","49.00","AUD","1762246226","66155/2025-11-24/1762246226.json"
"515320","135490","2025-11-26","49.00","AUD","1762246226","66155/2025-11-26/1762246226.json"
"515320","135490","2025-11-28","49.00","AUD","1762246226","66155/2025-11-28/1762246226.json"
"515320","135490","2025-11-30","49.00","AUD","1762246226","66155/2025-11-30/1762246226.json"
"515320","135490","2025-11-27","49.00","AUD","1762246226","66155/2025-11-27/1762246226.json"
"515320","135490","2025-12-01","49.00","AUD","1762246226","66155/2025-12-01/1762246226.json"
"515320","135490","2025-11-29","49.00","AUD","1762246226","66155/2025-11-29/1762246226.json"
"515320","135490","2025-12-02","49.00","AUD","1762246226","66155/2025-12-02/1762246226.json"
"515320","135490","2025-12-06","49.00","AUD","1762246226","66155/2025-12-06/1762246226.json"
"515320","135490","2025-12-05","49.00","AUD","1762246226","66155/2025-12-05/1762246226.json"
"515320","135490","2025-12-09","49.00","AUD","1762246226","66155/2025-12-09/1762246226.json"
"515320","135490","2025-12-12","49.00","AUD","1762246226","66155/2025-12-12/1762246226.json"
"515320","135490","2025-12-13","49.00","AUD","1762246226","66155/2025-12-13/1762246226.json"
"515320","135490","2025-12-16","49.00","AUD","1762246226","66155/2025-12-16/1762246226.json"
"515320","135490","2025-12-19","49.00","AUD","1762246226","66155/2025-12-19/1762246226.json"
"515320","135490","2025-12-20","49.00","AUD","1762246226","66155/2025-12-20/1762246226.json"
"515320","135490","2025-12-23","49.00","AUD","1762246226","66155/2025-12-23/1762246226.json"
"515320","135490","2025-12-24","49.00","AUD","1762246226","66155/2025-12-24/1762246226.json"
"515320","135490","2025-12-25","49.00","AUD","1762246226","66155/2025-12-25/1762246226.json"
"515320","135490","2025-12-26","49.00","AUD","1762246226","66155/2025-12-26/1762246226.json"
"515320","135490","2025-12-27","49.00","AUD","1762246226","66155/2025-12-27/1762246226.json"
"515320","135490","2025-12-28","49.00","AUD","1762246226","66155/2025-12-28/1762246226.json"
"515320","135490","2025-12-29","49.00","AUD","1762246226","66155/2025-12-29/1762246226.json"
"515320","135490","2025-12-30","49.00","AUD","1762246226","66155/2025-12-30/1762246226.json"
"515320","135490","2025-12-31","49.00","AUD","1762246226","66155/2025-12-31/1762246226.json"
"515320","135490","2026-01-01","49.00","AUD","1762246226","66155/2026-01-01/1762246226.json"
"515320","135490","2026-01-02","49.00","AUD","1762246226","66155/2026-01-02/1762246226.json"
"515320","135490","2026-01-03","49.00","AUD","1762246226","66155/2026-01-03/1762246226.json"
"515320","135490","2025-11-06","49.00","AUD","1762261532","66155/2025-11-06/1762261532.json"
"515320","135490","2025-11-05","49.00","AUD","1762261532","66155/2025-11-05/1762261532.json"
"515320","135490","2025-11-10","49.00","AUD","1762261532","66155/2025-11-10/1762261532.json"
"515320","135490","2025-11-09","49.00","AUD","1762261532","66155/2025-11-09/1762261532.json"
"515320","135490","2025-11-11","49.00","AUD","1762261532","66155/2025-11-11/1762261532.json"
"515320","135490","2025-11-14","49.00","AUD","1762261532","66155/2025-11-14/1762261532.json"
"515320","135490","2025-11-13","49.00","AUD","1762261532","66155/2025-11-13/1762261532.json"
"515320","135490","2025-11-12","49.00","AUD","1762261532","66155/2025-11-12/1762261532.json"
"515320","135490","2025-11-15","49.00","AUD","1762261532","66155/2025-11-15/1762261532.json"
"515320","135490","2025-11-16","49.00","AUD","1762261532","66155/2025-11-16/1762261532.json"
"515320","135490","2025-11-17","49.00","AUD","1762261532","66155/2025-11-17/1762261532.json"
"515320","135490","2025-11-19","49.00","AUD","1762261532","66155/2025-11-19/1762261532.json"
"515320","135490","2025-11-21","49.00","AUD","1762261532","66155/2025-11-21/1762261532.json"
"515320","135490","2025-11-22","49.00","AUD","1762261532","66155/2025-11-22/1762261532.json"
"515320","135490","2025-11-23","49.00","AUD","1762261532","66155/2025-11-23/1762261532.json"
"515320","135490","2025-11-24","49.00","AUD","1762261532","66155/2025-11-24/1762261532.json"
"515320","135490","2025-11-25","49.00","AUD","1762261532","66155/2025-11-25/1762261532.json"
"515320","135490","2025-11-18","49.00","AUD","1762261532","66155/2025-11-18/1762261532.json"
"515320","135490","2025-11-20","49.00","AUD","1762261532","66155/2025-11-20/1762261532.json"
"515320","135490","2025-11-26","49.00","AUD","1762261532","66155/2025-11-26/1762261532.json"
"515320","135490","2025-11-27","49.00","AUD","1762261532","66155/2025-11-27/1762261532.json"
"515320","135490","2025-11-30","49.00","AUD","1762261532","66155/2025-11-30/1762261532.json"
"515320","135490","2025-11-28","49.00","AUD","1762261532","66155/2025-11-28/1762261532.json"
"515320","135490","2025-12-01","49.00","AUD","1762261532","66155/2025-12-01/1762261532.json"
"515320","135490","2025-11-29","49.00","AUD","1762261532","66155/2025-11-29/1762261532.json"
"515320","135490","2025-12-05","49.00","AUD","1762261532","66155/2025-12-05/1762261532.json"
"515320","135490","2025-12-02","49.00","AUD","1762261532","66155/2025-12-02/1762261532.json"
"515320","135490","2025-12-06","49.00","AUD","1762261532","66155/2025-12-06/1762261532.json"
"515320","135490","2025-12-09","49.00","AUD","1762261532","66155/2025-12-09/1762261532.json"
"515320","135490","2025-12-12","49.00","AUD","1762261532","66155/2025-12-12/1762261532.json"
"515320","135490","2025-12-13","49.00","AUD","1762261532","66155/2025-12-13/1762261532.json"
"515320","135490","2025-12-16","49.00","AUD","1762261532","66155/2025-12-16/1762261532.json"
"515320","135490","2025-12-19","49.00","AUD","1762261532","66155/2025-12-19/1762261532.json"
"515320","135490","2025-12-20","49.00","AUD","1762261532","66155/2025-12-20/1762261532.json"
"515320","135490","2025-12-23","49.00","AUD","1762261532","66155/2025-12-23/1762261532.json"
"515320","135490","2025-12-24","49.00","AUD","1762261532","66155/2025-12-24/1762261532.json"
"515320","135490","2025-12-26","49.00","AUD","1762261532","66155/2025-12-26/1762261532.json"
"515320","135490","2025-12-25","49.00","AUD","1762261532","66155/2025-12-25/1762261532.json"
"515320","135490","2025-12-28","49.00","AUD","1762261532","66155/2025-12-28/1762261532.json"
"515320","135490","2025-12-29","49.00","AUD","1762261532","66155/2025-12-29/1762261532.json"
"515320","135490","2025-12-27","49.00","AUD","1762261532","66155/2025-12-27/1762261532.json"
"515320","135490","2025-12-30","49.00","AUD","1762261532","66155/2025-12-30/1762261532.json"
"515320","135490","2025-12-31","49.00","AUD","1762261532","66155/2025-12-31/1762261532.json"
"515320","135490","2026-01-01","49.00","AUD","1762261532","66155/2026-01-01/1762261532.json"
"515320","135490","2026-01-02","49.00","AUD","1762261532","66155/2026-01-02/1762261532.json"
"515320","135490","2026-01-03","49.00","AUD","1762261532","66155/2026-01-03/1762261532.json"
"515320","135490","2025-11-06","49.00","AUD","1762275151","66155/2025-11-06/1762275151.json"
"515320","135490","2025-11-05","49.00","AUD","1762275151","66155/2025-11-05/1762275151.json"
"515320","135490","2025-11-09","49.00","AUD","1762275151","66155/2025-11-09/1762275151.json"
"515320","135490","2025-11-12","49.00","AUD","1762275151","66155/2025-11-12/1762275151.json"
"515320","135490","2025-11-11","49.00","AUD","1762275151","66155/2025-11-11/1762275151.json"
"515320","135490","2025-11-10","49.00","AUD","1762275151","66155/2025-11-10/1762275151.json"
"515320","135490","2025-11-14","49.00","AUD","1762275151","66155/2025-11-14/1762275151.json"
"515320","135490","2025-11-16","49.00","AUD","1762275151","66155/2025-11-16/1762275151.json"
"515320","135490","2025-11-15","49.00","AUD","1762275151","66155/2025-11-15/1762275151.json"
"515320","135490","2025-11-13","49.00","AUD","1762275151","66155/2025-11-13/1762275151.json"
"515320","135490","2025-11-18","49.00","AUD","1762275151","66155/2025-11-18/1762275151.json"
"515320","135490","2025-11-19","49.00","AUD","1762275151","66155/2025-11-19/1762275151.json"
"515320","135490","2025-11-17","49.00","AUD","1762275151","66155/2025-11-17/1762275151.json"
"515320","135490","2025-11-20","49.00","AUD","1762275151","66155/2025-11-20/1762275151.json"
"515320","135490","2025-11-21","49.00","AUD","1762275151","66155/2025-11-21/1762275151.json"
"515320","135490","2025-11-23","49.00","AUD","1762275151","66155/2025-11-23/1762275151.json"
"515320","135490","2025-11-24","49.00","AUD","1762275151","66155/2025-11-24/1762275151.json"
"515320","135490","2025-11-22","49.00","AUD","1762275151","66155/2025-11-22/1762275151.json"
"515320","135490","2025-11-26","49.00","AUD","1762275151","66155/2025-11-26/1762275151.json"
"515320","135490","2025-11-28","49.00","AUD","1762275151","66155/2025-11-28/1762275151.json"
"515320","135490","2025-11-27","49.00","AUD","1762275151","66155/2025-11-27/1762275151.json"
"515320","135490","2025-11-25","49.00","AUD","1762275151","66155/2025-11-25/1762275151.json"
"515320","135490","2025-11-29","49.00","AUD","1762275151","66155/2025-11-29/1762275151.json"
"515320","135490","2025-11-30","49.00","AUD","1762275151","66155/2025-11-30/1762275151.json"
"515320","135490","2025-12-02","49.00","AUD","1762275151","66155/2025-12-02/1762275151.json"
"515320","135490","2025-12-01","49.00","AUD","1762275151","66155/2025-12-01/1762275151.json"
"515320","135490","2025-12-05","49.00","AUD","1762275151","66155/2025-12-05/1762275151.json"
"515320","135490","2025-12-06","49.00","AUD","1762275151","66155/2025-12-06/1762275151.json"
"515320","135490","2025-12-09","49.00","AUD","1762275151","66155/2025-12-09/1762275151.json"
"515320","135490","2025-12-12","49.00","AUD","1762275151","66155/2025-12-12/1762275151.json"
"515320","135490","2025-12-13","49.00","AUD","1762275151","66155/2025-12-13/1762275151.json"
"515320","135490","2025-12-16","49.00","AUD","1762275151","66155/2025-12-16/1762275151.json"
"515320","135490","2025-12-19","49.00","AUD","1762275151","66155/2025-12-19/1762275151.json"
"515320","135490","2025-12-20","49.00","AUD","1762275151","66155/2025-12-20/1762275151.json"
"515320","135490","2025-12-23","49.00","AUD","1762275151","66155/2025-12-23/1762275151.json"
"515320","135490","2025-12-24","49.00","AUD","1762275151","66155/2025-12-24/1762275151.json"
"515320","135490","2025-12-26","49.00","AUD","1762275151","66155/2025-12-26/1762275151.json"
"515320","135490","2025-12-25","49.00","AUD","1762275151","66155/2025-12-25/1762275151.json"
"515320","135490","2025-12-27","49.00","AUD","1762275151","66155/2025-12-27/1762275151.json"
"515320","135490","2025-12-28","49.00","AUD","1762275151","66155/2025-12-28/1762275151.json"
"515320","135490","2025-12-29","49.00","AUD","1762275151","66155/2025-12-29/1762275151.json"
"515320","135490","2025-12-30","49.00","AUD","1762275151","66155/2025-12-30/1762275151.json"
"515320","135490","2025-12-31","49.00","AUD","1762275151","66155/2025-12-31/1762275151.json"
"515320","135490","2026-01-03","49.00","AUD","1762275151","66155/2026-01-03/1762275151.json"
"515320","135490","2026-01-02","49.00","AUD","1762275151","66155/2026-01-02/1762275151.json"
"515320","135490","2026-01-01","49.00","AUD","1762275151","66155/2026-01-01/1762275151.json"
"515320","135490","2025-11-06","49.00","AUD","1762289453","66155/2025-11-06/1762289453.json"
"515320","135490","2025-11-05","49.00","AUD","1762289453","66155/2025-11-05/1762289453.json"
"515320","135490","2025-11-09","49.00","AUD","1762289453","66155/2025-11-09/1762289453.json"
"515320","135490","2025-11-10","49.00","AUD","1762289453","66155/2025-11-10/1762289453.json"
"515320","135490","2025-11-12","49.00","AUD","1762289453","66155/2025-11-12/1762289453.json"
"515320","135490","2025-11-11","49.00","AUD","1762289453","66155/2025-11-11/1762289453.json"
"515320","135490","2025-11-13","49.00","AUD","1762289453","66155/2025-11-13/1762289453.json"
"515320","135490","2025-11-14","49.00","AUD","1762289453","66155/2025-11-14/1762289453.json"
"515320","135490","2025-11-16","49.00","AUD","1762289453","66155/2025-11-16/1762289453.json"
"515320","135490","2025-11-15","49.00","AUD","1762289453","66155/2025-11-15/1762289453.json"
"515320","135490","2025-11-17","49.00","AUD","1762289453","66155/2025-11-17/1762289453.json"
"515320","135490","2025-11-18","49.00","AUD","1762289453","66155/2025-11-18/1762289453.json"
"515320","135490","2025-11-19","49.00","AUD","1762289453","66155/2025-11-19/1762289453.json"
"515320","135490","2025-11-21","49.00","AUD","1762289453","66155/2025-11-21/1762289453.json"
"515320","135490","2025-11-22","49.00","AUD","1762289453","66155/2025-11-22/1762289453.json"
"515320","135490","2025-11-20","49.00","AUD","1762289453","66155/2025-11-20/1762289453.json"
"515320","135490","2025-11-24","49.00","AUD","1762289453","66155/2025-11-24/1762289453.json"
"515320","135490","2025-11-23","49.00","AUD","1762289453","66155/2025-11-23/1762289453.json"
"515320","135490","2025-11-26","49.00","AUD","1762289453","66155/2025-11-26/1762289453.json"
"515320","135490","2025-11-25","49.00","AUD","1762289453","66155/2025-11-25/1762289453.json"
"515320","135490","2025-11-28","49.00","AUD","1762289453","66155/2025-11-28/1762289453.json"
"515320","135490","2025-11-27","49.00","AUD","1762289453","66155/2025-11-27/1762289453.json"
"515320","135490","2025-11-29","49.00","AUD","1762289453","66155/2025-11-29/1762289453.json"
"515320","135490","2025-11-30","49.00","AUD","1762289453","66155/2025-11-30/1762289453.json"
"515320","135490","2025-12-02","49.00","AUD","1762289453","66155/2025-12-02/1762289453.json"
"515320","135490","2025-12-01","49.00","AUD","1762289453","66155/2025-12-01/1762289453.json"
"515320","135490","2025-12-05","49.00","AUD","1762289453","66155/2025-12-05/1762289453.json"
"515320","135490","2025-12-06","49.00","AUD","1762289453","66155/2025-12-06/1762289453.json"
"515320","135490","2025-12-09","49.00","AUD","1762289453","66155/2025-12-09/1762289453.json"
"515320","135490","2025-12-12","49.00","AUD","1762289453","66155/2025-12-12/1762289453.json"
"515320","135490","2025-12-13","49.00","AUD","1762289453","66155/2025-12-13/1762289453.json"
"515320","135490","2025-12-16","49.00","AUD","1762289453","66155/2025-12-16/1762289453.json"
"515320","135490","2025-12-19","49.00","AUD","1762289453","66155/2025-12-19/1762289453.json"
"515320","135490","2025-12-20","49.00","AUD","1762289453","66155/2025-12-20/1762289453.json"
"515320","135490","2025-12-23","49.00","AUD","1762289453","66155/2025-12-23/1762289453.json"
"515320","135490","2025-12-24","49.00","AUD","1762289453","66155/2025-12-24/1762289453.json"
"515320","135490","2025-12-25","49.00","AUD","1762289453","66155/2025-12-25/1762289453.json"
"515320","135490","2025-12-26","49.00","AUD","1762289453","66155/2025-12-26/1762289453.json"
"515320","135490","2025-12-27","49.00","AUD","1762289453","66155/2025-12-27/1762289453.json"
"515320","135490","2025-12-28","49.00","AUD","1762289453","66155/2025-12-28/1762289453.json"
"515320","135490","2025-12-29","49.00","AUD","1762289453","66155/2025-12-29/1762289453.json"
"515320","135490","2025-12-30","49.00","AUD","1762289453","66155/2025-12-30/1762289453.json"
"515320","135490","2025-12-31","49.00","AUD","1762289453","66155/2025-12-31/1762289453.json"
"515320","135490","2026-01-02","49.00","AUD","1762289453","66155/2026-01-02/1762289453.json"
"515320","135490","2026-01-01","49.00","AUD","1762289453","66155/2026-01-01/1762289453.json"
"515320","135490","2026-01-03","49.00","AUD","1762289453","66155/2026-01-03/1762289453.json"
"515320","135490","2025-11-05","49.00","AUD","1762306851","66155/2025-11-05/1762306851.json"
"515320","135490","2025-11-06","49.00","AUD","1762306851","66155/2025-11-06/1762306851.json"
"515320","135490","2025-11-10","49.00","AUD","1762306851","66155/2025-11-10/1762306851.json"
"515320","135490","2025-11-09","49.00","AUD","1762306851","66155/2025-11-09/1762306851.json"
"515320","135490","2025-11-11","49.00","AUD","1762306851","66155/2025-11-11/1762306851.json"
"515320","135490","2025-11-12","49.00","AUD","1762306851","66155/2025-11-12/1762306851.json"
"515320","135490","2025-11-13","49.00","AUD","1762306851","66155/2025-11-13/1762306851.json"
"515320","135490","2025-11-14","49.00","AUD","1762306851","66155/2025-11-14/1762306851.json"
"515320","135490","2025-11-16","49.00","AUD","1762306851","66155/2025-11-16/1762306851.json"
"515320","135490","2025-11-15","49.00","AUD","1762306851","66155/2025-11-15/1762306851.json"
"515320","135490","2025-11-17","49.00","AUD","1762306851","66155/2025-11-17/1762306851.json"
"515320","135490","2025-11-19","49.00","AUD","1762306851","66155/2025-11-19/1762306851.json"
"515320","135490","2025-11-18","49.00","AUD","1762306851","66155/2025-11-18/1762306851.json"
"515320","135490","2025-11-20","49.00","AUD","1762306851","66155/2025-11-20/1762306851.json"
"515320","135490","2025-11-21","49.00","AUD","1762306851","66155/2025-11-21/1762306851.json"
"515320","135490","2025-11-22","49.00","AUD","1762306851","66155/2025-11-22/1762306851.json"
"515320","135490","2025-11-23","49.00","AUD","1762306851","66155/2025-11-23/1762306851.json"
"515320","135490","2025-11-24","49.00","AUD","1762306851","66155/2025-11-24/1762306851.json"
"515320","135490","2025-11-25","49.00","AUD","1762306851","66155/2025-11-25/1762306851.json"
"515320","135490","2025-11-26","49.00","AUD","1762306851","66155/2025-11-26/1762306851.json"
"515320","135490","2025-11-27","49.00","AUD","1762306851","66155/2025-11-27/1762306851.json"
"515320","135490","2025-11-28","49.00","AUD","1762306851","66155/2025-11-28/1762306851.json"
"515320","135490","2025-11-29","49.00","AUD","1762306851","66155/2025-11-29/1762306851.json"
"515320","135490","2025-11-30","49.00","AUD","1762306851","66155/2025-11-30/1762306851.json"
"515320","135490","2025-12-01","49.00","AUD","1762306851","66155/2025-12-01/1762306851.json"
"515320","135490","2025-12-02","49.00","AUD","1762306851","66155/2025-12-02/1762306851.json"
"515320","135490","2025-12-05","49.00","AUD","1762306851","66155/2025-12-05/1762306851.json"
"515320","135490","2025-12-06","49.00","AUD","1762306851","66155/2025-12-06/1762306851.json"
"515320","135490","2025-12-09","49.00","AUD","1762306851","66155/2025-12-09/1762306851.json"
"515320","135490","2025-12-12","49.00","AUD","1762306851","66155/2025-12-12/1762306851.json"
"515320","135490","2025-12-13","49.00","AUD","1762306851","66155/2025-12-13/1762306851.json"
"515320","135490","2025-12-16","49.00","AUD","1762306851","66155/2025-12-16/1762306851.json"
"515320","135490","2025-12-19","49.00","AUD","1762306851","66155/2025-12-19/1762306851.json"
"515320","135490","2025-12-20","49.00","AUD","1762306851","66155/2025-12-20/1762306851.json"
"515320","135490","2025-12-23","49.00","AUD","1762306851","66155/2025-12-23/1762306851.json"
"515320","135490","2025-12-24","49.00","AUD","1762306851","66155/2025-12-24/1762306851.json"
"515320","135490","2025-12-25","49.00","AUD","1762306851","66155/2025-12-25/1762306851.json"
"515320","135490","2025-12-28","49.00","AUD","1762306851","66155/2025-12-28/1762306851.json"
"515320","135490","2025-12-26","49.00","AUD","1762306851","66155/2025-12-26/1762306851.json"
"515320","135490","2025-12-27","49.00","AUD","1762306851","66155/2025-12-27/1762306851.json"
"515320","135490","2025-12-29","49.00","AUD","1762306851","66155/2025-12-29/1762306851.json"
"515320","135490","2025-12-31","49.00","AUD","1762306851","66155/2025-12-31/1762306851.json"
"515320","135490","2025-12-30","49.00","AUD","1762306851","66155/2025-12-30/1762306851.json"
"515320","135490","2026-01-01","49.00","AUD","1762306851","66155/2026-01-01/1762306851.json"
"515320","135490","2026-01-02","49.00","AUD","1762306851","66155/2026-01-02/1762306851.json"
"515320","135490","2026-01-04","49.00","AUD","1762306851","66155/2026-01-04/1762306851.json"
"515320","135490","2026-01-03","49.00","AUD","1762306851","66155/2026-01-03/1762306851.json"
"515320","135490","2025-11-05","49.00","AUD","1762317965","66155/2025-11-05/1762317965.json"
"515320","135490","2025-11-06","49.00","AUD","1762317965","66155/2025-11-06/1762317965.json"
"515320","135490","2025-11-10","49.00","AUD","1762317965","66155/2025-11-10/1762317965.json"
"515320","135490","2025-11-12","49.00","AUD","1762317965","66155/2025-11-12/1762317965.json"
"515320","135490","2025-11-09","49.00","AUD","1762317965","66155/2025-11-09/1762317965.json"
"515320","135490","2025-11-11","49.00","AUD","1762317965","66155/2025-11-11/1762317965.json"
"515320","135490","2025-11-15","49.00","AUD","1762317965","66155/2025-11-15/1762317965.json"
"515320","135490","2025-11-16","49.00","AUD","1762317965","66155/2025-11-16/1762317965.json"
"515320","135490","2025-11-13","49.00","AUD","1762317965","66155/2025-11-13/1762317965.json"
"515320","135490","2025-11-14","49.00","AUD","1762317965","66155/2025-11-14/1762317965.json"
"515320","135490","2025-11-19","49.00","AUD","1762317965","66155/2025-11-19/1762317965.json"
"515320","135490","2025-11-17","49.00","AUD","1762317965","66155/2025-11-17/1762317965.json"
"515320","135490","2025-11-20","49.00","AUD","1762317965","66155/2025-11-20/1762317965.json"
"515320","135490","2025-11-18","49.00","AUD","1762317965","66155/2025-11-18/1762317965.json"
"515320","135490","2025-11-23","49.00","AUD","1762317965","66155/2025-11-23/1762317965.json"
"515320","135490","2025-11-21","49.00","AUD","1762317965","66155/2025-11-21/1762317965.json"
"515320","135490","2025-11-22","49.00","AUD","1762317965","66155/2025-11-22/1762317965.json"
"515320","135490","2025-11-24","49.00","AUD","1762317965","66155/2025-11-24/1762317965.json"
"515320","135490","2025-11-25","49.00","AUD","1762317965","66155/2025-11-25/1762317965.json"
"515320","135490","2025-11-28","49.00","AUD","1762317965","66155/2025-11-28/1762317965.json"
"515320","135490","2025-11-26","49.00","AUD","1762317965","66155/2025-11-26/1762317965.json"
"515320","135490","2025-11-27","49.00","AUD","1762317965","66155/2025-11-27/1762317965.json"
"515320","135490","2025-11-30","49.00","AUD","1762317965","66155/2025-11-30/1762317965.json"
"515320","135490","2025-11-29","49.00","AUD","1762317965","66155/2025-11-29/1762317965.json"
"515320","135490","2025-12-02","49.00","AUD","1762317965","66155/2025-12-02/1762317965.json"
"515320","135490","2025-12-01","49.00","AUD","1762317965","66155/2025-12-01/1762317965.json"
"515320","135490","2025-12-05","49.00","AUD","1762317965","66155/2025-12-05/1762317965.json"
"515320","135490","2025-12-06","49.00","AUD","1762317965","66155/2025-12-06/1762317965.json"
"515320","135490","2025-12-09","49.00","AUD","1762317965","66155/2025-12-09/1762317965.json"
"515320","135490","2025-12-12","49.00","AUD","1762317965","66155/2025-12-12/1762317965.json"
"515320","135490","2025-12-13","49.00","AUD","1762317965","66155/2025-12-13/1762317965.json"
"515320","135490","2025-12-16","49.00","AUD","1762317965","66155/2025-12-16/1762317965.json"
"515320","135490","2025-12-19","49.00","AUD","1762317965","66155/2025-12-19/1762317965.json"
"515320","135490","2025-12-20","49.00","AUD","1762317965","66155/2025-12-20/1762317965.json"
"515320","135490","2025-12-23","49.00","AUD","1762317965","66155/2025-12-23/1762317965.json"
"515320","135490","2025-12-24","49.00","AUD","1762317965","66155/2025-12-24/1762317965.json"
"515320","135490","2025-12-25","49.00","AUD","1762317965","66155/2025-12-25/1762317965.json"
"515320","135490","2025-12-26","49.00","AUD","1762317965","66155/2025-12-26/1762317965.json"
"515320","135490","2025-12-27","49.00","AUD","1762317965","66155/2025-12-27/1762317965.json"
"515320","135490","2025-12-28","49.00","AUD","1762317965","66155/2025-12-28/1762317965.json"
"515320","135490","2025-12-29","49.00","AUD","1762317965","66155/2025-12-29/1762317965.json"
"515320","135490","2025-12-30","49.00","AUD","1762317965","66155/2025-12-30/1762317965.json"
"515320","135490","2025-12-31","49.00","AUD","1762317965","66155/2025-12-31/1762317965.json"
"515320","135490","2026-01-01","49.00","AUD","1762317965","66155/2026-01-01/1762317965.json"
"515320","135490","2026-01-02","49.00","AUD","1762317965","66155/2026-01-02/1762317965.json"
"515320","135490","2026-01-03","49.00","AUD","1762317965","66155/2026-01-03/1762317965.json"
"515320","135490","2026-01-04","49.00","AUD","1762317965","66155/2026-01-04/1762317965.json"
"515320","135490","2025-11-06","49.00","AUD","1762333044","66155/2025-11-06/1762333044.json"
"515320","135490","2025-11-05","49.00","AUD","1762333044","66155/2025-11-05/1762333044.json"
"515320","135490","2025-11-09","49.00","AUD","1762333044","66155/2025-11-09/1762333044.json"
"515320","135490","2025-11-11","49.00","AUD","1762333044","66155/2025-11-11/1762333044.json"
"515320","135490","2025-11-10","49.00","AUD","1762333044","66155/2025-11-10/1762333044.json"
"515320","135490","2025-11-12","49.00","AUD","1762333044","66155/2025-11-12/1762333044.json"
"515320","135490","2025-11-13","49.00","AUD","1762333044","66155/2025-11-13/1762333044.json"
"515320","135490","2025-11-15","49.00","AUD","1762333044","66155/2025-11-15/1762333044.json"
"515320","135490","2025-11-14","49.00","AUD","1762333044","66155/2025-11-14/1762333044.json"
"515320","135490","2025-11-16","49.00","AUD","1762333044","66155/2025-11-16/1762333044.json"
"515320","135490","2025-11-17","49.00","AUD","1762333044","66155/2025-11-17/1762333044.json"
"515320","135490","2025-11-18","49.00","AUD","1762333044","66155/2025-11-18/1762333044.json"
"515320","135490","2025-11-20","49.00","AUD","1762333044","66155/2025-11-20/1762333044.json"
"515320","135490","2025-11-19","49.00","AUD","1762333044","66155/2025-11-19/1762333044.json"
"515320","135490","2025-11-21","49.00","AUD","1762333044","66155/2025-11-21/1762333044.json"
"515320","135490","2025-11-22","49.00","AUD","1762333044","66155/2025-11-22/1762333044.json"
"515320","135490","2025-11-23","49.00","AUD","1762333044","66155/2025-11-23/1762333044.json"
"515320","135490","2025-11-25","49.00","AUD","1762333044","66155/2025-11-25/1762333044.json"
"515320","135490","2025-11-24","49.00","AUD","1762333044","66155/2025-11-24/1762333044.json"
"515320","135490","2025-11-27","49.00","AUD","1762333044","66155/2025-11-27/1762333044.json"
"515320","135490","2025-11-26","49.00","AUD","1762333044","66155/2025-11-26/1762333044.json"
"515320","135490","2025-11-29","49.00","AUD","1762333044","66155/2025-11-29/1762333044.json"
"515320","135490","2025-11-28","49.00","AUD","1762333044","66155/2025-11-28/1762333044.json"
"515320","135490","2025-11-30","49.00","AUD","1762333044","66155/2025-11-30/1762333044.json"
"515320","135490","2025-12-01","49.00","AUD","1762333044","66155/2025-12-01/1762333044.json"
"515320","135490","2025-12-02","49.00","AUD","1762333044","66155/2025-12-02/1762333044.json"
"515320","135490","2025-12-05","49.00","AUD","1762333044","66155/2025-12-05/1762333044.json"
"515320","135490","2025-12-06","49.00","AUD","1762333044","66155/2025-12-06/1762333044.json"
"515320","135490","2025-12-09","49.00","AUD","1762333044","66155/2025-12-09/1762333044.json"
"515320","135490","2025-12-13","49.00","AUD","1762333044","66155/2025-12-13/1762333044.json"
"515320","135490","2025-12-12","49.00","AUD","1762333044","66155/2025-12-12/1762333044.json"
"515320","135490","2025-12-16","49.00","AUD","1762333044","66155/2025-12-16/1762333044.json"
"515320","135490","2025-12-19","49.00","AUD","1762333044","66155/2025-12-19/1762333044.json"
"515320","135490","2025-12-20","49.00","AUD","1762333044","66155/2025-12-20/1762333044.json"
"515320","135490","2025-12-23","49.00","AUD","1762333044","66155/2025-12-23/1762333044.json"
"515320","135490","2025-12-24","49.00","AUD","1762333044","66155/2025-12-24/1762333044.json"
"515320","135490","2025-12-25","49.00","AUD","1762333044","66155/2025-12-25/1762333044.json"
"515320","135490","2025-12-26","49.00","AUD","1762333044","66155/2025-12-26/1762333044.json"
"515320","135490","2025-12-27","49.00","AUD","1762333044","66155/2025-12-27/1762333044.json"
"515320","135490","2025-12-28","49.00","AUD","1762333044","66155/2025-12-28/1762333044.json"
"515320","135490","2025-12-29","49.00","AUD","1762333044","66155/2025-12-29/1762333044.json"
"515320","135490","2025-12-30","49.00","AUD","1762333044","66155/2025-12-30/1762333044.json"
"515320","135490","2025-12-31","49.00","AUD","1762333044","66155/2025-12-31/1762333044.json"
"515320","135490","2026-01-03","49.00","AUD","1762333044","66155/2026-01-03/1762333044.json"
"515320","135490","2026-01-01","49.00","AUD","1762333044","66155/2026-01-01/1762333044.json"
"515320","135490","2026-01-04","49.00","AUD","1762333044","66155/2026-01-04/1762333044.json"
"515320","135490","2026-01-02","49.00","AUD","1762333044","66155/2026-01-02/1762333044.json"
"515320","135490","2025-11-06","49.00","AUD","1762347888","66155/2025-11-06/1762347888.json"
"515320","135490","2025-11-09","49.00","AUD","1762347888","66155/2025-11-09/1762347888.json"
"515320","135490","2025-11-11","49.00","AUD","1762347888","66155/2025-11-11/1762347888.json"
"515320","135490","2025-11-12","49.00","AUD","1762347888","66155/2025-11-12/1762347888.json"
"515320","135490","2025-11-13","49.00","AUD","1762347888","66155/2025-11-13/1762347888.json"
"515320","135490","2025-11-10","49.00","AUD","1762347888","66155/2025-11-10/1762347888.json"
"515320","135490","2025-11-16","49.00","AUD","1762347888","66155/2025-11-16/1762347888.json"
"515320","135490","2025-11-14","49.00","AUD","1762347888","66155/2025-11-14/1762347888.json"
"515320","135490","2025-11-15","49.00","AUD","1762347888","66155/2025-11-15/1762347888.json"
"515320","135490","2025-11-17","49.00","AUD","1762347888","66155/2025-11-17/1762347888.json"
"515320","135490","2025-11-18","49.00","AUD","1762347888","66155/2025-11-18/1762347888.json"
"515320","135490","2025-11-19","49.00","AUD","1762347888","66155/2025-11-19/1762347888.json"
"515320","135490","2025-11-20","49.00","AUD","1762347888","66155/2025-11-20/1762347888.json"
"515320","135490","2025-11-21","49.00","AUD","1762347888","66155/2025-11-21/1762347888.json"
"515320","135490","2025-11-22","49.00","AUD","1762347888","66155/2025-11-22/1762347888.json"
"515320","135490","2025-11-23","49.00","AUD","1762347888","66155/2025-11-23/1762347888.json"
"515320","135490","2025-11-24","49.00","AUD","1762347888","66155/2025-11-24/1762347888.json"
"515320","135490","2025-11-25","49.00","AUD","1762347888","66155/2025-11-25/1762347888.json"
"515320","135490","2025-11-26","49.00","AUD","1762347888","66155/2025-11-26/1762347888.json"
"515320","135490","2025-11-28","49.00","AUD","1762347888","66155/2025-11-28/1762347888.json"
"515320","135490","2025-11-27","49.00","AUD","1762347888","66155/2025-11-27/1762347888.json"
"515320","135490","2025-11-29","49.00","AUD","1762347888","66155/2025-11-29/1762347888.json"
"515320","135490","2025-11-30","49.00","AUD","1762347888","66155/2025-11-30/1762347888.json"
"515320","135490","2025-12-01","49.00","AUD","1762347888","66155/2025-12-01/1762347888.json"
"515320","135490","2025-12-02","49.00","AUD","1762347888","66155/2025-12-02/1762347888.json"
"515320","135490","2025-12-05","49.00","AUD","1762347888","66155/2025-12-05/1762347888.json"
"515320","135490","2025-12-06","49.00","AUD","1762347888","66155/2025-12-06/1762347888.json"
"515320","135490","2025-12-09","49.00","AUD","1762347888","66155/2025-12-09/1762347888.json"
"515320","135490","2025-12-12","49.00","AUD","1762347888","66155/2025-12-12/1762347888.json"
"515320","135490","2025-12-13","49.00","AUD","1762347888","66155/2025-12-13/1762347888.json"
"515320","135490","2025-12-16","49.00","AUD","1762347888","66155/2025-12-16/1762347888.json"
"515320","135490","2025-12-19","49.00","AUD","1762347888","66155/2025-12-19/1762347888.json"
"515320","135490","2025-12-20","49.00","AUD","1762347888","66155/2025-12-20/1762347888.json"
"515320","135490","2025-12-23","49.00","AUD","1762347888","66155/2025-12-23/1762347888.json"
"515320","135490","2025-12-24","49.00","AUD","1762347888","66155/2025-12-24/1762347888.json"
"515320","135490","2025-12-25","49.00","AUD","1762347888","66155/2025-12-25/1762347888.json"
"515320","135490","2025-12-26","49.00","AUD","1762347888","66155/2025-12-26/1762347888.json"
"515320","135490","2025-12-27","49.00","AUD","1762347888","66155/2025-12-27/1762347888.json"
"515320","135490","2025-12-29","49.00","AUD","1762347888","66155/2025-12-29/1762347888.json"
"515320","135490","2025-12-31","49.00","AUD","1762347888","66155/2025-12-31/1762347888.json"
"515320","135490","2026-01-01","49.00","AUD","1762347888","66155/2026-01-01/1762347888.json"
"515320","135490","2026-01-03","49.00","AUD","1762347888","66155/2026-01-03/1762347888.json"
"515320","135490","2026-01-02","49.00","AUD","1762347888","66155/2026-01-02/1762347888.json"
"515320","135490","2026-01-04","49.00","AUD","1762347888","66155/2026-01-04/1762347888.json"
"515320","135490","2025-12-28","49.00","AUD","1762347888","66155/2025-12-28/1762347888.json"
"515320","135490","2025-12-30","49.00","AUD","1762347888","66155/2025-12-30/1762347888.json"
"515320","135490","2025-11-09","49.00","AUD","1762361641","66155/2025-11-09/1762361641.json"
"515320","135490","2025-11-06","49.00","AUD","1762361641","66155/2025-11-06/1762361641.json"
"515320","135490","2025-11-11","49.00","AUD","1762361641","66155/2025-11-11/1762361641.json"
"515320","135490","2025-11-10","49.00","AUD","1762361641","66155/2025-11-10/1762361641.json"
"515320","135490","2025-11-12","49.00","AUD","1762361641","66155/2025-11-12/1762361641.json"
"515320","135490","2025-11-13","49.00","AUD","1762361641","66155/2025-11-13/1762361641.json"
"515320","135490","2025-11-15","49.00","AUD","1762361641","66155/2025-11-15/1762361641.json"
"515320","135490","2025-11-14","49.00","AUD","1762361641","66155/2025-11-14/1762361641.json"
"515320","135490","2025-11-16","49.00","AUD","1762361641","66155/2025-11-16/1762361641.json"
"515320","135490","2025-11-17","49.00","AUD","1762361641","66155/2025-11-17/1762361641.json"
"515320","135490","2025-11-18","49.00","AUD","1762361641","66155/2025-11-18/1762361641.json"
"515320","135490","2025-11-19","49.00","AUD","1762361641","66155/2025-11-19/1762361641.json"
"515320","135490","2025-11-21","49.00","AUD","1762361641","66155/2025-11-21/1762361641.json"
"515320","135490","2025-11-20","49.00","AUD","1762361641","66155/2025-11-20/1762361641.json"
"515320","135490","2025-11-23","49.00","AUD","1762361641","66155/2025-11-23/1762361641.json"
"515320","135490","2025-11-22","49.00","AUD","1762361641","66155/2025-11-22/1762361641.json"
"515320","135490","2025-11-24","49.00","AUD","1762361641","66155/2025-11-24/1762361641.json"
"515320","135490","2025-11-25","49.00","AUD","1762361641","66155/2025-11-25/1762361641.json"
"515320","135490","2025-11-26","49.00","AUD","1762361641","66155/2025-11-26/1762361641.json"
"515320","135490","2025-11-27","49.00","AUD","1762361641","66155/2025-11-27/1762361641.json"
"515320","135490","2025-11-29","49.00","AUD","1762361641","66155/2025-11-29/1762361641.json"
"515320","135490","2025-11-28","49.00","AUD","1762361641","66155/2025-11-28/1762361641.json"
"515320","135490","2025-12-01","49.00","AUD","1762361641","66155/2025-12-01/1762361641.json"
"515320","135490","2025-11-30","49.00","AUD","1762361641","66155/2025-11-30/1762361641.json"
"515320","135490","2025-12-02","49.00","AUD","1762361641","66155/2025-12-02/1762361641.json"
"515320","135490","2025-12-05","49.00","AUD","1762361641","66155/2025-12-05/1762361641.json"
"515320","135490","2025-12-06","49.00","AUD","1762361641","66155/2025-12-06/1762361641.json"
"515320","135490","2025-12-09","49.00","AUD","1762361641","66155/2025-12-09/1762361641.json"
"515320","135490","2025-12-12","49.00","AUD","1762361641","66155/2025-12-12/1762361641.json"
"515320","135490","2025-12-13","49.00","AUD","1762361641","66155/2025-12-13/1762361641.json"
"515320","135490","2025-12-16","49.00","AUD","1762361641","66155/2025-12-16/1762361641.json"
"515320","135490","2025-12-19","49.00","AUD","1762361641","66155/2025-12-19/1762361641.json"
"515320","135490","2025-12-20","49.00","AUD","1762361641","66155/2025-12-20/1762361641.json"
"515320","135490","2025-12-23","49.00","AUD","1762361641","66155/2025-12-23/1762361641.json"
"515320","135490","2025-12-24","49.00","AUD","1762361641","66155/2025-12-24/1762361641.json"
"515320","135490","2025-12-27","49.00","AUD","1762361641","66155/2025-12-27/1762361641.json"
"515320","135490","2025-12-26","49.00","AUD","1762361641","66155/2025-12-26/1762361641.json"
"515320","135490","2025-12-25","49.00","AUD","1762361641","66155/2025-12-25/1762361641.json"
"515320","135490","2025-12-28","49.00","AUD","1762361641","66155/2025-12-28/1762361641.json"
"515320","135490","2025-12-30","49.00","AUD","1762361641","66155/2025-12-30/1762361641.json"
"515320","135490","2025-12-29","49.00","AUD","1762361641","66155/2025-12-29/1762361641.json"
"515320","135490","2025-12-31","49.00","AUD","1762361641","66155/2025-12-31/1762361641.json"
"515320","135490","2026-01-01","49.00","AUD","1762361641","66155/2026-01-01/1762361641.json"
"515320","135490","2026-01-02","49.00","AUD","1762361641","66155/2026-01-02/1762361641.json"
"515320","135490","2026-01-03","49.00","AUD","1762361641","66155/2026-01-03/1762361641.json"
"515320","135490","2026-01-04","49.00","AUD","1762361641","66155/2026-01-04/1762361641.json"
"515320","135490","2025-11-09","49.00","AUD","1762375536","66155/2025-11-09/1762375536.json"
"515320","135490","2025-11-06","49.00","AUD","1762375536","66155/2025-11-06/1762375536.json"
"515320","135490","2025-11-10","49.00","AUD","1762375536","66155/2025-11-10/1762375536.json"
"515320","135490","2025-11-11","49.00","AUD","1762375536","66155/2025-11-11/1762375536.json"
"515320","135490","2025-11-13","49.00","AUD","1762375536","66155/2025-11-13/1762375536.json"
"515320","135490","2025-11-12","49.00","AUD","1762375536","66155/2025-11-12/1762375536.json"
"515320","135490","2025-11-15","49.00","AUD","1762375536","66155/2025-11-15/1762375536.json"
"515320","135490","2025-11-17","49.00","AUD","1762375536","66155/2025-11-17/1762375536.json"
"515320","135490","2025-11-14","49.00","AUD","1762375536","66155/2025-11-14/1762375536.json"
"515320","135490","2025-11-16","49.00","AUD","1762375536","66155/2025-11-16/1762375536.json"
"515320","135490","2025-11-20","49.00","AUD","1762375536","66155/2025-11-20/1762375536.json"
"515320","135490","2025-11-18","49.00","AUD","1762375536","66155/2025-11-18/1762375536.json"
"515320","135490","2025-11-19","49.00","AUD","1762375536","66155/2025-11-19/1762375536.json"
"515320","135490","2025-11-21","49.00","AUD","1762375536","66155/2025-11-21/1762375536.json"
"515320","135490","2025-11-23","49.00","AUD","1762375536","66155/2025-11-23/1762375536.json"
"515320","135490","2025-11-22","49.00","AUD","1762375536","66155/2025-11-22/1762375536.json"
"515320","135490","2025-11-24","49.00","AUD","1762375536","66155/2025-11-24/1762375536.json"
"515320","135490","2025-11-25","49.00","AUD","1762375536","66155/2025-11-25/1762375536.json"
"515320","135490","2025-11-27","49.00","AUD","1762375536","66155/2025-11-27/1762375536.json"
"515320","135490","2025-11-26","49.00","AUD","1762375536","66155/2025-11-26/1762375536.json"
"515320","135490","2025-11-28","49.00","AUD","1762375536","66155/2025-11-28/1762375536.json"
"515320","135490","2025-11-29","49.00","AUD","1762375536","66155/2025-11-29/1762375536.json"
"515320","135490","2025-12-01","49.00","AUD","1762375536","66155/2025-12-01/1762375536.json"
"515320","135490","2025-11-30","49.00","AUD","1762375536","66155/2025-11-30/1762375536.json"
"515320","135490","2025-12-02","49.00","AUD","1762375536","66155/2025-12-02/1762375536.json"
"515320","135490","2025-12-05","49.00","AUD","1762375536","66155/2025-12-05/1762375536.json"
"515320","135490","2025-12-06","49.00","AUD","1762375536","66155/2025-12-06/1762375536.json"
"515320","135490","2025-12-09","49.00","AUD","1762375536","66155/2025-12-09/1762375536.json"
"515320","135490","2025-12-12","49.00","AUD","1762375536","66155/2025-12-12/1762375536.json"
"515320","135490","2025-12-13","49.00","AUD","1762375536","66155/2025-12-13/1762375536.json"
"515320","135490","2025-12-16","49.00","AUD","1762375536","66155/2025-12-16/1762375536.json"
"515320","135490","2025-12-20","49.00","AUD","1762375536","66155/2025-12-20/1762375536.json"
"515320","135490","2025-12-19","49.00","AUD","1762375536","66155/2025-12-19/1762375536.json"
"515320","135490","2025-12-23","49.00","AUD","1762375536","66155/2025-12-23/1762375536.json"
"515320","135490","2025-12-24","49.00","AUD","1762375536","66155/2025-12-24/1762375536.json"
"515320","135490","2025-12-26","49.00","AUD","1762375536","66155/2025-12-26/1762375536.json"
"515320","135490","2025-12-25","49.00","AUD","1762375536","66155/2025-12-25/1762375536.json"
"515320","135490","2025-12-27","49.00","AUD","1762375536","66155/2025-12-27/1762375536.json"
"515320","135490","2025-12-28","49.00","AUD","1762375536","66155/2025-12-28/1762375536.json"
"515320","135490","2025-12-29","49.00","AUD","1762375536","66155/2025-12-29/1762375536.json"
"515320","135490","2025-12-30","49.00","AUD","1762375536","66155/2025-12-30/1762375536.json"
"515320","135490","2025-12-31","49.00","AUD","1762375536","66155/2025-12-31/1762375536.json"
"515320","135490","2026-01-01","49.00","AUD","1762375536","66155/2026-01-01/1762375536.json"
"515320","135490","2026-01-02","49.00","AUD","1762375536","66155/2026-01-02/1762375536.json"
"515320","135490","2026-01-03","49.00","AUD","1762375536","66155/2026-01-03/1762375536.json"
"515320","135490","2026-01-04","49.00","AUD","1762375536","66155/2026-01-04/1762375536.json"
"515320","135490","2025-11-06","49.00","AUD","1762392988","66155/2025-11-06/1762392988.json"
"515320","135490","2025-11-09","49.00","AUD","1762392988","66155/2025-11-09/1762392988.json"
"515320","135490","2025-11-13","49.00","AUD","1762392988","66155/2025-11-13/1762392988.json"
"515320","135490","2025-11-12","49.00","AUD","1762392988","66155/2025-11-12/1762392988.json"
"515320","135490","2025-11-11","49.00","AUD","1762392988","66155/2025-11-11/1762392988.json"
"515320","135490","2025-11-10","49.00","AUD","1762392988","66155/2025-11-10/1762392988.json"
"515320","135490","2025-11-14","49.00","AUD","1762392988","66155/2025-11-14/1762392988.json"
"515320","135490","2025-11-15","49.00","AUD","1762392988","66155/2025-11-15/1762392988.json"
"515320","135490","2025-11-16","49.00","AUD","1762392988","66155/2025-11-16/1762392988.json"
"515320","135490","2025-11-17","49.00","AUD","1762392988","66155/2025-11-17/1762392988.json"
"515320","135490","2025-11-18","49.00","AUD","1762392988","66155/2025-11-18/1762392988.json"
"515320","135490","2025-11-19","49.00","AUD","1762392988","66155/2025-11-19/1762392988.json"
"515320","135490","2025-11-20","49.00","AUD","1762392988","66155/2025-11-20/1762392988.json"
"515320","135490","2025-11-21","49.00","AUD","1762392988","66155/2025-11-21/1762392988.json"
"515320","135490","2025-11-22","49.00","AUD","1762392988","66155/2025-11-22/1762392988.json"
"515320","135490","2025-11-24","49.00","AUD","1762392988","66155/2025-11-24/1762392988.json"
"515320","135490","2025-11-23","49.00","AUD","1762392988","66155/2025-11-23/1762392988.json"
"515320","135490","2025-11-25","49.00","AUD","1762392988","66155/2025-11-25/1762392988.json"
"515320","135490","2025-11-28","49.00","AUD","1762392988","66155/2025-11-28/1762392988.json"
"515320","135490","2025-11-27","49.00","AUD","1762392988","66155/2025-11-27/1762392988.json"
"515320","135490","2025-11-29","49.00","AUD","1762392988","66155/2025-11-29/1762392988.json"
"515320","135490","2025-11-26","49.00","AUD","1762392988","66155/2025-11-26/1762392988.json"
"515320","135490","2025-12-01","49.00","AUD","1762392988","66155/2025-12-01/1762392988.json"
"515320","135490","2025-11-30","49.00","AUD","1762392988","66155/2025-11-30/1762392988.json"
"515320","135490","2025-12-02","49.00","AUD","1762392988","66155/2025-12-02/1762392988.json"
"515320","135490","2025-12-05","49.00","AUD","1762392988","66155/2025-12-05/1762392988.json"
"515320","135490","2025-12-06","49.00","AUD","1762392988","66155/2025-12-06/1762392988.json"
"515320","135490","2025-12-09","49.00","AUD","1762392988","66155/2025-12-09/1762392988.json"
"515320","135490","2025-12-12","49.00","AUD","1762392988","66155/2025-12-12/1762392988.json"
"515320","135490","2025-12-13","49.00","AUD","1762392988","66155/2025-12-13/1762392988.json"
"515320","135490","2025-12-16","49.00","AUD","1762392988","66155/2025-12-16/1762392988.json"
"515320","135490","2025-12-19","49.00","AUD","1762392988","66155/2025-12-19/1762392988.json"
"515320","135490","2025-12-20","49.00","AUD","1762392988","66155/2025-12-20/1762392988.json"
"515320","135490","2025-12-23","49.00","AUD","1762392988","66155/2025-12-23/1762392988.json"
"515320","135490","2025-12-24","49.00","AUD","1762392988","66155/2025-12-24/1762392988.json"
"515320","135490","2025-12-25","49.00","AUD","1762392988","66155/2025-12-25/1762392988.json"
"515320","135490","2025-12-27","49.00","AUD","1762392988","66155/2025-12-27/1762392988.json"
"515320","135490","2025-12-26","49.00","AUD","1762392988","66155/2025-12-26/1762392988.json"
"515320","135490","2025-12-28","49.00","AUD","1762392988","66155/2025-12-28/1762392988.json"
"515320","135490","2025-12-31","49.00","AUD","1762392988","66155/2025-12-31/1762392988.json"
"515320","135490","2025-12-30","49.00","AUD","1762392988","66155/2025-12-30/1762392988.json"
"515320","135490","2025-12-29","49.00","AUD","1762392988","66155/2025-12-29/1762392988.json"
"515320","135490","2026-01-01","49.00","AUD","1762392988","66155/2026-01-01/1762392988.json"
"515320","135490","2026-01-02","49.00","AUD","1762392988","66155/2026-01-02/1762392988.json"
"515320","135490","2026-01-03","49.00","AUD","1762392988","66155/2026-01-03/1762392988.json"
"515320","135490","2026-01-04","49.00","AUD","1762392988","66155/2026-01-04/1762392988.json"
"515320","135490","2026-01-05","49.00","AUD","1762392988","66155/2026-01-05/1762392988.json"
"515320","135490","2025-11-06","49.00","AUD","1762404570","66155/2025-11-06/1762404570.json"
"515320","135490","2025-11-09","49.00","AUD","1762404570","66155/2025-11-09/1762404570.json"
"515320","135490","2025-11-10","49.00","AUD","1762404570","66155/2025-11-10/1762404570.json"
"515320","135490","2025-11-12","49.00","AUD","1762404570","66155/2025-11-12/1762404570.json"
"515320","135490","2025-11-13","49.00","AUD","1762404570","66155/2025-11-13/1762404570.json"
"515320","135490","2025-11-11","49.00","AUD","1762404570","66155/2025-11-11/1762404570.json"
"515320","135490","2025-11-14","49.00","AUD","1762404570","66155/2025-11-14/1762404570.json"
"515320","135490","2025-11-16","49.00","AUD","1762404570","66155/2025-11-16/1762404570.json"
"515320","135490","2025-11-15","49.00","AUD","1762404570","66155/2025-11-15/1762404570.json"
"515320","135490","2025-11-17","49.00","AUD","1762404570","66155/2025-11-17/1762404570.json"
"515320","135490","2025-11-18","49.00","AUD","1762404570","66155/2025-11-18/1762404570.json"
"515320","135490","2025-11-19","49.00","AUD","1762404570","66155/2025-11-19/1762404570.json"
"515320","135490","2025-11-20","49.00","AUD","1762404570","66155/2025-11-20/1762404570.json"
"515320","135490","2025-11-21","49.00","AUD","1762404570","66155/2025-11-21/1762404570.json"
"515320","135490","2025-11-22","49.00","AUD","1762404570","66155/2025-11-22/1762404570.json"
"515320","135490","2025-11-24","49.00","AUD","1762404570","66155/2025-11-24/1762404570.json"
"515320","135490","2025-11-23","49.00","AUD","1762404570","66155/2025-11-23/1762404570.json"
"515320","135490","2025-11-25","49.00","AUD","1762404570","66155/2025-11-25/1762404570.json"
"515320","135490","2025-11-26","49.00","AUD","1762404570","66155/2025-11-26/1762404570.json"
"515320","135490","2025-11-28","49.00","AUD","1762404570","66155/2025-11-28/1762404570.json"
"515320","135490","2025-11-27","49.00","AUD","1762404570","66155/2025-11-27/1762404570.json"
"515320","135490","2025-11-29","49.00","AUD","1762404570","66155/2025-11-29/1762404570.json"
"515320","135490","2025-11-30","49.00","AUD","1762404570","66155/2025-11-30/1762404570.json"
"515320","135490","2025-12-02","49.00","AUD","1762404570","66155/2025-12-02/1762404570.json"
"515320","135490","2025-12-01","49.00","AUD","1762404570","66155/2025-12-01/1762404570.json"
"515320","135490","2025-12-06","49.00","AUD","1762404570","66155/2025-12-06/1762404570.json"
"515320","135490","2025-12-05","49.00","AUD","1762404570","66155/2025-12-05/1762404570.json"
"515320","135490","2025-12-09","49.00","AUD","1762404570","66155/2025-12-09/1762404570.json"
"515320","135490","2025-12-12","49.00","AUD","1762404570","66155/2025-12-12/1762404570.json"
"515320","135490","2025-12-13","49.00","AUD","1762404570","66155/2025-12-13/1762404570.json"
"515320","135490","2025-12-16","49.00","AUD","1762404570","66155/2025-12-16/1762404570.json"
"515320","135490","2025-12-19","49.00","AUD","1762404570","66155/2025-12-19/1762404570.json"
"515320","135490","2025-12-20","49.00","AUD","1762404570","66155/2025-12-20/1762404570.json"
"515320","135490","2025-12-24","49.00","AUD","1762404570","66155/2025-12-24/1762404570.json"
"515320","135490","2025-12-23","49.00","AUD","1762404570","66155/2025-12-23/1762404570.json"
"515320","135490","2025-12-25","49.00","AUD","1762404570","66155/2025-12-25/1762404570.json"
"515320","135490","2025-12-26","49.00","AUD","1762404570","66155/2025-12-26/1762404570.json"
"515320","135490","2025-12-28","49.00","AUD","1762404570","66155/2025-12-28/1762404570.json"
"515320","135490","2025-12-27","49.00","AUD","1762404570","66155/2025-12-27/1762404570.json"
"515320","135490","2025-12-29","49.00","AUD","1762404570","66155/2025-12-29/1762404570.json"
"515320","135490","2025-12-31","49.00","AUD","1762404570","66155/2025-12-31/1762404570.json"
"515320","135490","2026-01-01","49.00","AUD","1762404570","66155/2026-01-01/1762404570.json"
"515320","135490","2025-12-30","49.00","AUD","1762404570","66155/2025-12-30/1762404570.json"
"515320","135490","2026-01-02","49.00","AUD","1762404570","66155/2026-01-02/1762404570.json"
"515320","135490","2026-01-05","49.00","AUD","1762404570","66155/2026-01-05/1762404570.json"
"515320","135490","2026-01-04","49.00","AUD","1762404570","66155/2026-01-04/1762404570.json"
"515320","135490","2026-01-03","49.00","AUD","1762404570","66155/2026-01-03/1762404570.json"
"515320","135490","2025-11-06","49.00","AUD","1762419184","66155/2025-11-06/1762419184.json"
"515320","135490","2025-11-09","49.00","AUD","1762419184","66155/2025-11-09/1762419184.json"
"515320","135490","2025-11-10","49.00","AUD","1762419184","66155/2025-11-10/1762419184.json"
"515320","135490","2025-11-12","49.00","AUD","1762419184","66155/2025-11-12/1762419184.json"
"515320","135490","2025-11-11","49.00","AUD","1762419184","66155/2025-11-11/1762419184.json"
"515320","135490","2025-11-13","49.00","AUD","1762419184","66155/2025-11-13/1762419184.json"
"515320","135490","2025-11-14","49.00","AUD","1762419184","66155/2025-11-14/1762419184.json"
"515320","135490","2025-11-15","49.00","AUD","1762419184","66155/2025-11-15/1762419184.json"
"515320","135490","2025-11-16","49.00","AUD","1762419184","66155/2025-11-16/1762419184.json"
"515320","135490","2025-11-17","49.00","AUD","1762419184","66155/2025-11-17/1762419184.json"
"515320","135490","2025-11-20","49.00","AUD","1762419184","66155/2025-11-20/1762419184.json"
"515320","135490","2025-11-21","49.00","AUD","1762419184","66155/2025-11-21/1762419184.json"
"515320","135490","2025-11-18","49.00","AUD","1762419184","66155/2025-11-18/1762419184.json"
"515320","135490","2025-11-19","49.00","AUD","1762419184","66155/2025-11-19/1762419184.json"
"515320","135490","2025-11-23","49.00","AUD","1762419184","66155/2025-11-23/1762419184.json"
"515320","135490","2025-11-22","49.00","AUD","1762419184","66155/2025-11-22/1762419184.json"
"515320","135490","2025-11-24","49.00","AUD","1762419184","66155/2025-11-24/1762419184.json"
"515320","135490","2025-11-25","49.00","AUD","1762419184","66155/2025-11-25/1762419184.json"
"515320","135490","2025-11-27","49.00","AUD","1762419184","66155/2025-11-27/1762419184.json"
"515320","135490","2025-11-28","49.00","AUD","1762419184","66155/2025-11-28/1762419184.json"
"515320","135490","2025-11-29","49.00","AUD","1762419184","66155/2025-11-29/1762419184.json"
"515320","135490","2025-11-26","49.00","AUD","1762419184","66155/2025-11-26/1762419184.json"
"515320","135490","2025-12-01","49.00","AUD","1762419184","66155/2025-12-01/1762419184.json"
"515320","135490","2025-11-30","49.00","AUD","1762419184","66155/2025-11-30/1762419184.json"
"515320","135490","2025-12-02","49.00","AUD","1762419184","66155/2025-12-02/1762419184.json"
"515320","135490","2025-12-05","49.00","AUD","1762419184","66155/2025-12-05/1762419184.json"
"515320","135490","2025-12-06","49.00","AUD","1762419184","66155/2025-12-06/1762419184.json"
"515320","135490","2025-12-09","49.00","AUD","1762419184","66155/2025-12-09/1762419184.json"
"515320","135490","2025-12-12","49.00","AUD","1762419184","66155/2025-12-12/1762419184.json"
"515320","135490","2025-12-13","49.00","AUD","1762419184","66155/2025-12-13/1762419184.json"
"515320","135490","2025-12-16","49.00","AUD","1762419184","66155/2025-12-16/1762419184.json"
"515320","135490","2025-12-19","49.00","AUD","1762419184","66155/2025-12-19/1762419184.json"
"515320","135490","2025-12-20","49.00","AUD","1762419184","66155/2025-12-20/1762419184.json"
"515320","135490","2025-12-23","49.00","AUD","1762419184","66155/2025-12-23/1762419184.json"
"515320","135490","2025-12-24","49.00","AUD","1762419184","66155/2025-12-24/1762419184.json"
"515320","135490","2025-12-25","49.00","AUD","1762419184","66155/2025-12-25/1762419184.json"
"515320","135490","2025-12-26","49.00","AUD","1762419184","66155/2025-12-26/1762419184.json"
"515320","135490","2025-12-27","49.00","AUD","1762419184","66155/2025-12-27/1762419184.json"
"515320","135490","2025-12-28","49.00","AUD","1762419184","66155/2025-12-28/1762419184.json"
"515320","135490","2025-12-29","49.00","AUD","1762419184","66155/2025-12-29/1762419184.json"
"515320","135490","2025-12-30","49.00","AUD","1762419184","66155/2025-12-30/1762419184.json"
"515320","135490","2025-12-31","49.00","AUD","1762419184","66155/2025-12-31/1762419184.json"
"515320","135490","2026-01-02","49.00","AUD","1762419184","66155/2026-01-02/1762419184.json"
"515320","135490","2026-01-01","49.00","AUD","1762419184","66155/2026-01-01/1762419184.json"
"515320","135490","2026-01-03","49.00","AUD","1762419184","66155/2026-01-03/1762419184.json"
"515320","135490","2026-01-05","49.00","AUD","1762419184","66155/2026-01-05/1762419184.json"
"515320","135490","2026-01-04","49.00","AUD","1762419184","66155/2026-01-04/1762419184.json"
"515320","135490","2025-11-09","49.00","AUD","1762434027","66155/2025-11-09/1762434027.json"
"515320","135490","2025-11-10","49.00","AUD","1762434027","66155/2025-11-10/1762434027.json"
"515320","135490","2025-11-11","49.00","AUD","1762434027","66155/2025-11-11/1762434027.json"
"515320","135490","2025-11-12","49.00","AUD","1762434027","66155/2025-11-12/1762434027.json"
"515320","135490","2025-11-13","49.00","AUD","1762434027","66155/2025-11-13/1762434027.json"
"515320","135490","2025-11-14","49.00","AUD","1762434027","66155/2025-11-14/1762434027.json"
"515320","135490","2025-11-15","49.00","AUD","1762434027","66155/2025-11-15/1762434027.json"
"515320","135490","2025-11-16","49.00","AUD","1762434027","66155/2025-11-16/1762434027.json"
"515320","135490","2025-11-17","49.00","AUD","1762434027","66155/2025-11-17/1762434027.json"
"515320","135490","2025-11-18","49.00","AUD","1762434027","66155/2025-11-18/1762434027.json"
"515320","135490","2025-11-19","49.00","AUD","1762434027","66155/2025-11-19/1762434027.json"
"515320","135490","2025-11-20","49.00","AUD","1762434027","66155/2025-11-20/1762434027.json"
"515320","135490","2025-11-21","49.00","AUD","1762434027","66155/2025-11-21/1762434027.json"
"515320","135490","2025-11-22","49.00","AUD","1762434027","66155/2025-11-22/1762434027.json"
"515320","135490","2025-11-23","49.00","AUD","1762434027","66155/2025-11-23/1762434027.json"
"515320","135490","2025-11-24","49.00","AUD","1762434027","66155/2025-11-24/1762434027.json"
"515320","135490","2025-11-25","49.00","AUD","1762434027","66155/2025-11-25/1762434027.json"
"515320","135490","2025-11-26","49.00","AUD","1762434027","66155/2025-11-26/1762434027.json"
"515320","135490","2025-11-28","49.00","AUD","1762434027","66155/2025-11-28/1762434027.json"
"515320","135490","2025-11-27","49.00","AUD","1762434027","66155/2025-11-27/1762434027.json"
"515320","135490","2025-11-30","49.00","AUD","1762434027","66155/2025-11-30/1762434027.json"
"515320","135490","2025-11-29","49.00","AUD","1762434027","66155/2025-11-29/1762434027.json"
"515320","135490","2025-12-01","49.00","AUD","1762434027","66155/2025-12-01/1762434027.json"
"515320","135490","2025-12-02","49.00","AUD","1762434027","66155/2025-12-02/1762434027.json"
"515320","135490","2025-12-06","49.00","AUD","1762434027","66155/2025-12-06/1762434027.json"
"515320","135490","2025-12-05","49.00","AUD","1762434027","66155/2025-12-05/1762434027.json"
"515320","135490","2025-12-09","49.00","AUD","1762434027","66155/2025-12-09/1762434027.json"
"515320","135490","2025-12-12","49.00","AUD","1762434027","66155/2025-12-12/1762434027.json"
"515320","135490","2025-12-13","49.00","AUD","1762434027","66155/2025-12-13/1762434027.json"
"515320","135490","2025-12-16","49.00","AUD","1762434027","66155/2025-12-16/1762434027.json"
"515320","135490","2025-12-19","49.00","AUD","1762434027","66155/2025-12-19/1762434027.json"
"515320","135490","2025-12-20","49.00","AUD","1762434027","66155/2025-12-20/1762434027.json"
"515320","135490","2025-12-23","49.00","AUD","1762434027","66155/2025-12-23/1762434027.json"
"515320","135490","2025-12-24","49.00","AUD","1762434027","66155/2025-12-24/1762434027.json"
"515320","135490","2025-12-25","49.00","AUD","1762434027","66155/2025-12-25/1762434027.json"
"515320","135490","2025-12-27","49.00","AUD","1762434027","66155/2025-12-27/1762434027.json"
"515320","135490","2025-12-26","49.00","AUD","1762434027","66155/2025-12-26/1762434027.json"
"515320","135490","2025-12-28","49.00","AUD","1762434027","66155/2025-12-28/1762434027.json"
"515320","135490","2025-12-29","49.00","AUD","1762434027","66155/2025-12-29/1762434027.json"
"515320","135490","2025-12-30","49.00","AUD","1762434027","66155/2025-12-30/1762434027.json"
"515320","135490","2025-12-31","49.00","AUD","1762434027","66155/2025-12-31/1762434027.json"
"515320","135490","2026-01-01","49.00","AUD","1762434027","66155/2026-01-01/1762434027.json"
"515320","135490","2026-01-02","49.00","AUD","1762434027","66155/2026-01-02/1762434027.json"
"515320","135490","2026-01-03","49.00","AUD","1762434027","66155/2026-01-03/1762434027.json"
"515320","135490","2026-01-05","49.00","AUD","1762434027","66155/2026-01-05/1762434027.json"
"515320","135490","2026-01-04","49.00","AUD","1762434027","66155/2026-01-04/1762434027.json"
"515320","135490","2025-11-09","49.00","AUD","1762447978","66155/2025-11-09/1762447978.json"
"515320","135490","2025-11-10","49.00","AUD","1762447978","66155/2025-11-10/1762447978.json"
"515320","135490","2025-11-11","49.00","AUD","1762447978","66155/2025-11-11/1762447978.json"
"515320","135490","2025-11-13","49.00","AUD","1762447978","66155/2025-11-13/1762447978.json"
"515320","135490","2025-11-12","49.00","AUD","1762447978","66155/2025-11-12/1762447978.json"
"515320","135490","2025-11-14","49.00","AUD","1762447978","66155/2025-11-14/1762447978.json"
"515320","135490","2025-11-15","49.00","AUD","1762447978","66155/2025-11-15/1762447978.json"
"515320","135490","2025-11-16","49.00","AUD","1762447978","66155/2025-11-16/1762447978.json"
"515320","135490","2025-11-18","49.00","AUD","1762447978","66155/2025-11-18/1762447978.json"
"515320","135490","2025-11-17","49.00","AUD","1762447978","66155/2025-11-17/1762447978.json"
"515320","135490","2025-11-19","49.00","AUD","1762447978","66155/2025-11-19/1762447978.json"
"515320","135490","2025-11-20","49.00","AUD","1762447978","66155/2025-11-20/1762447978.json"
"515320","135490","2025-11-21","49.00","AUD","1762447978","66155/2025-11-21/1762447978.json"
"515320","135490","2025-11-22","49.00","AUD","1762447978","66155/2025-11-22/1762447978.json"
"515320","135490","2025-11-23","49.00","AUD","1762447978","66155/2025-11-23/1762447978.json"
"515320","135490","2025-11-24","49.00","AUD","1762447978","66155/2025-11-24/1762447978.json"
"515320","135490","2025-11-25","49.00","AUD","1762447978","66155/2025-11-25/1762447978.json"
"515320","135490","2025-11-26","49.00","AUD","1762447978","66155/2025-11-26/1762447978.json"
"515320","135490","2025-11-27","49.00","AUD","1762447978","66155/2025-11-27/1762447978.json"
"515320","135490","2025-11-29","49.00","AUD","1762447978","66155/2025-11-29/1762447978.json"
"515320","135490","2025-11-28","49.00","AUD","1762447978","66155/2025-11-28/1762447978.json"
"515320","135490","2025-11-30","49.00","AUD","1762447978","66155/2025-11-30/1762447978.json"
"515320","135490","2025-12-01","49.00","AUD","1762447978","66155/2025-12-01/1762447978.json"
"515320","135490","2025-12-02","49.00","AUD","1762447978","66155/2025-12-02/1762447978.json"
"515320","135490","2025-12-05","49.00","AUD","1762447978","66155/2025-12-05/1762447978.json"
"515320","135490","2025-12-06","49.00","AUD","1762447978","66155/2025-12-06/1762447978.json"
"515320","135490","2025-12-09","49.00","AUD","1762447978","66155/2025-12-09/1762447978.json"
"515320","135490","2025-12-12","49.00","AUD","1762447978","66155/2025-12-12/1762447978.json"
"515320","135490","2025-12-13","49.00","AUD","1762447978","66155/2025-12-13/1762447978.json"
"515320","135490","2025-12-16","49.00","AUD","1762447978","66155/2025-12-16/1762447978.json"
"515320","135490","2025-12-19","49.00","AUD","1762447978","66155/2025-12-19/1762447978.json"
"515320","135490","2025-12-20","49.00","AUD","1762447978","66155/2025-12-20/1762447978.json"
"515320","135490","2025-12-23","49.00","AUD","1762447978","66155/2025-12-23/1762447978.json"
"515320","135490","2025-12-24","49.00","AUD","1762447978","66155/2025-12-24/1762447978.json"
"515320","135490","2025-12-25","49.00","AUD","1762447978","66155/2025-12-25/1762447978.json"
"515320","135490","2025-12-29","49.00","AUD","1762447978","66155/2025-12-29/1762447978.json"
"515320","135490","2025-12-26","49.00","AUD","1762447978","66155/2025-12-26/1762447978.json"
"515320","135490","2025-12-27","49.00","AUD","1762447978","66155/2025-12-27/1762447978.json"
"515320","135490","2025-12-28","49.00","AUD","1762447978","66155/2025-12-28/1762447978.json"
"515320","135490","2025-12-30","49.00","AUD","1762447978","66155/2025-12-30/1762447978.json"
"515320","135490","2025-12-31","49.00","AUD","1762447978","66155/2025-12-31/1762447978.json"
"515320","135490","2026-01-01","49.00","AUD","1762447978","66155/2026-01-01/1762447978.json"
"515320","135490","2026-01-02","49.00","AUD","1762447978","66155/2026-01-02/1762447978.json"
"515320","135490","2026-01-03","49.00","AUD","1762447978","66155/2026-01-03/1762447978.json"
"515320","135490","2026-01-05","49.00","AUD","1762447978","66155/2026-01-05/1762447978.json"
"515320","135490","2026-01-04","49.00","AUD","1762447978","66155/2026-01-04/1762447978.json"
"515320","135490","2025-11-09","49.00","AUD","1762461898","66155/2025-11-09/1762461898.json"
"515320","135490","2025-11-10","49.00","AUD","1762461898","66155/2025-11-10/1762461898.json"
"515320","135490","2025-11-12","49.00","AUD","1762461898","66155/2025-11-12/1762461898.json"
"515320","135490","2025-11-11","49.00","AUD","1762461898","66155/2025-11-11/1762461898.json"
"515320","135490","2025-11-13","49.00","AUD","1762461898","66155/2025-11-13/1762461898.json"
"515320","135490","2025-11-14","49.00","AUD","1762461898","66155/2025-11-14/1762461898.json"
"515320","135490","2025-11-17","49.00","AUD","1762461898","66155/2025-11-17/1762461898.json"
"515320","135490","2025-11-15","49.00","AUD","1762461898","66155/2025-11-15/1762461898.json"
"515320","135490","2025-11-16","49.00","AUD","1762461898","66155/2025-11-16/1762461898.json"
"515320","135490","2025-11-18","49.00","AUD","1762461898","66155/2025-11-18/1762461898.json"
"515320","135490","2025-11-21","49.00","AUD","1762461898","66155/2025-11-21/1762461898.json"
"515320","135490","2025-11-19","49.00","AUD","1762461898","66155/2025-11-19/1762461898.json"
"515320","135490","2025-11-20","49.00","AUD","1762461898","66155/2025-11-20/1762461898.json"
"515320","135490","2025-11-22","49.00","AUD","1762461898","66155/2025-11-22/1762461898.json"
"515320","135490","2025-11-24","49.00","AUD","1762461898","66155/2025-11-24/1762461898.json"
"515320","135490","2025-11-25","49.00","AUD","1762461898","66155/2025-11-25/1762461898.json"
"515320","135490","2025-11-23","49.00","AUD","1762461898","66155/2025-11-23/1762461898.json"
"515320","135490","2025-11-26","49.00","AUD","1762461898","66155/2025-11-26/1762461898.json"
"515320","135490","2025-11-27","49.00","AUD","1762461898","66155/2025-11-27/1762461898.json"
"515320","135490","2025-11-28","49.00","AUD","1762461898","66155/2025-11-28/1762461898.json"
"515320","135490","2025-11-30","49.00","AUD","1762461898","66155/2025-11-30/1762461898.json"
"515320","135490","2025-11-29","49.00","AUD","1762461898","66155/2025-11-29/1762461898.json"
"515320","135490","2025-12-02","49.00","AUD","1762461898","66155/2025-12-02/1762461898.json"
"515320","135490","2025-12-01","49.00","AUD","1762461898","66155/2025-12-01/1762461898.json"
"515320","135490","2025-12-05","49.00","AUD","1762461898","66155/2025-12-05/1762461898.json"
"515320","135490","2025-12-06","49.00","AUD","1762461898","66155/2025-12-06/1762461898.json"
"515320","135490","2025-12-09","49.00","AUD","1762461898","66155/2025-12-09/1762461898.json"
"515320","135490","2025-12-13","49.00","AUD","1762461898","66155/2025-12-13/1762461898.json"
"515320","135490","2025-12-12","49.00","AUD","1762461898","66155/2025-12-12/1762461898.json"
"515320","135490","2025-12-16","49.00","AUD","1762461898","66155/2025-12-16/1762461898.json"
"515320","135490","2025-12-19","49.00","AUD","1762461898","66155/2025-12-19/1762461898.json"
"515320","135490","2025-12-20","49.00","AUD","1762461898","66155/2025-12-20/1762461898.json"
"515320","135490","2025-12-24","49.00","AUD","1762461898","66155/2025-12-24/1762461898.json"
"515320","135490","2025-12-23","49.00","AUD","1762461898","66155/2025-12-23/1762461898.json"
"515320","135490","2025-12-25","49.00","AUD","1762461898","66155/2025-12-25/1762461898.json"
"515320","135490","2025-12-26","49.00","AUD","1762461898","66155/2025-12-26/1762461898.json"
"515320","135490","2025-12-27","49.00","AUD","1762461898","66155/2025-12-27/1762461898.json"
"515320","135490","2025-12-29","49.00","AUD","1762461898","66155/2025-12-29/1762461898.json"
"515320","135490","2025-12-28","49.00","AUD","1762461898","66155/2025-12-28/1762461898.json"
"515320","135490","2025-12-30","49.00","AUD","1762461898","66155/2025-12-30/1762461898.json"
"515320","135490","2025-12-31","49.00","AUD","1762461898","66155/2025-12-31/1762461898.json"
"515320","135490","2026-01-01","49.00","AUD","1762461898","66155/2026-01-01/1762461898.json"
"515320","135490","2026-01-02","49.00","AUD","1762461898","66155/2026-01-02/1762461898.json"
"515320","135490","2026-01-04","49.00","AUD","1762461898","66155/2026-01-04/1762461898.json"
"515320","135490","2026-01-03","49.00","AUD","1762461898","66155/2026-01-03/1762461898.json"
"515320","135490","2026-01-05","49.00","AUD","1762461898","66155/2026-01-05/1762461898.json"
"515320","135490","2025-11-09","49.00","AUD","1762479555","66155/2025-11-09/1762479555.json"
"515320","135490","2025-11-10","49.00","AUD","1762479555","66155/2025-11-10/1762479555.json"
"515320","135490","2025-11-14","49.00","AUD","1762479555","66155/2025-11-14/1762479555.json"
"515320","135490","2025-11-13","49.00","AUD","1762479555","66155/2025-11-13/1762479555.json"
"515320","135490","2025-11-12","49.00","AUD","1762479555","66155/2025-11-12/1762479555.json"
"515320","135490","2025-11-11","49.00","AUD","1762479555","66155/2025-11-11/1762479555.json"
"515320","135490","2025-11-15","49.00","AUD","1762479555","66155/2025-11-15/1762479555.json"
"515320","135490","2025-11-16","49.00","AUD","1762479555","66155/2025-11-16/1762479555.json"
"515320","135490","2025-11-17","49.00","AUD","1762479555","66155/2025-11-17/1762479555.json"
"515320","135490","2025-11-18","49.00","AUD","1762479555","66155/2025-11-18/1762479555.json"
"515320","135490","2025-11-20","49.00","AUD","1762479555","66155/2025-11-20/1762479555.json"
"515320","135490","2025-11-22","49.00","AUD","1762479555","66155/2025-11-22/1762479555.json"
"515320","135490","2025-11-19","49.00","AUD","1762479555","66155/2025-11-19/1762479555.json"
"515320","135490","2025-11-21","49.00","AUD","1762479555","66155/2025-11-21/1762479555.json"
"515320","135490","2025-11-23","49.00","AUD","1762479555","66155/2025-11-23/1762479555.json"
"515320","135490","2025-11-25","49.00","AUD","1762479555","66155/2025-11-25/1762479555.json"
"515320","135490","2025-11-26","49.00","AUD","1762479555","66155/2025-11-26/1762479555.json"
"515320","135490","2025-11-24","49.00","AUD","1762479555","66155/2025-11-24/1762479555.json"
"515320","135490","2025-11-27","49.00","AUD","1762479555","66155/2025-11-27/1762479555.json"
"515320","135490","2025-11-29","49.00","AUD","1762479555","66155/2025-11-29/1762479555.json"
"515320","135490","2025-11-30","49.00","AUD","1762479555","66155/2025-11-30/1762479555.json"
"515320","135490","2025-11-28","49.00","AUD","1762479555","66155/2025-11-28/1762479555.json"
"515320","135490","2025-12-01","49.00","AUD","1762479555","66155/2025-12-01/1762479555.json"
"515320","135490","2025-12-02","49.00","AUD","1762479555","66155/2025-12-02/1762479555.json"
"515320","135490","2025-12-05","49.00","AUD","1762479555","66155/2025-12-05/1762479555.json"
"515320","135490","2025-12-06","49.00","AUD","1762479555","66155/2025-12-06/1762479555.json"
"515320","135490","2025-12-09","49.00","AUD","1762479555","66155/2025-12-09/1762479555.json"
"515320","135490","2025-12-12","49.00","AUD","1762479555","66155/2025-12-12/1762479555.json"
"515320","135490","2025-12-13","49.00","AUD","1762479555","66155/2025-12-13/1762479555.json"
"515320","135490","2025-12-16","49.00","AUD","1762479555","66155/2025-12-16/1762479555.json"
"515320","135490","2025-12-19","49.00","AUD","1762479555","66155/2025-12-19/1762479555.json"
"515320","135490","2025-12-20","49.00","AUD","1762479555","66155/2025-12-20/1762479555.json"
"515320","135490","2025-12-23","49.00","AUD","1762479555","66155/2025-12-23/1762479555.json"
"515320","135490","2025-12-24","49.00","AUD","1762479555","66155/2025-12-24/1762479555.json"
"515320","135490","2025-12-26","49.00","AUD","1762479555","66155/2025-12-26/1762479555.json"
"515320","135490","2025-12-25","49.00","AUD","1762479555","66155/2025-12-25/1762479555.json"
"515320","135490","2025-12-27","49.00","AUD","1762479555","66155/2025-12-27/1762479555.json"
"515320","135490","2025-12-28","49.00","AUD","1762479555","66155/2025-12-28/1762479555.json"
"515320","135490","2025-12-29","49.00","AUD","1762479555","66155/2025-12-29/1762479555.json"
"515320","135490","2025-12-30","49.00","AUD","1762479555","66155/2025-12-30/1762479555.json"
"515320","135490","2025-12-31","49.00","AUD","1762479555","66155/2025-12-31/1762479555.json"
"515320","135490","2026-01-01","49.00","AUD","1762479555","66155/2026-01-01/1762479555.json"
"515320","135490","2026-01-02","49.00","AUD","1762479555","66155/2026-01-02/1762479555.json"
"515320","135490","2026-01-04","49.00","AUD","1762479555","66155/2026-01-04/1762479555.json"
"515320","135490","2026-01-03","49.00","AUD","1762479555","66155/2026-01-03/1762479555.json"
"515320","135490","2026-01-05","49.00","AUD","1762479555","66155/2026-01-05/1762479555.json"
"515320","135490","2026-01-06","49.00","AUD","1762479555","66155/2026-01-06/1762479555.json"
"515320","135490","2025-11-09","49.00","AUD","1762490800","66155/2025-11-09/1762490800.json"
"515320","135490","2025-11-10","49.00","AUD","1762490800","66155/2025-11-10/1762490800.json"
"515320","135490","2025-11-13","49.00","AUD","1762490800","66155/2025-11-13/1762490800.json"
"515320","135490","2025-11-14","49.00","AUD","1762490800","66155/2025-11-14/1762490800.json"
"515320","135490","2025-11-12","49.00","AUD","1762490800","66155/2025-11-12/1762490800.json"
"515320","135490","2025-11-15","49.00","AUD","1762490800","66155/2025-11-15/1762490800.json"
"515320","135490","2025-11-17","49.00","AUD","1762490800","66155/2025-11-17/1762490800.json"
"515320","135490","2025-11-11","49.00","AUD","1762490800","66155/2025-11-11/1762490800.json"
"515320","135490","2025-11-16","49.00","AUD","1762490800","66155/2025-11-16/1762490800.json"
"515320","135490","2025-11-18","49.00","AUD","1762490800","66155/2025-11-18/1762490800.json"
"515320","135490","2025-11-20","49.00","AUD","1762490800","66155/2025-11-20/1762490800.json"
"515320","135490","2025-11-19","49.00","AUD","1762490800","66155/2025-11-19/1762490800.json"
"515320","135490","2025-11-21","49.00","AUD","1762490800","66155/2025-11-21/1762490800.json"
"515320","135490","2025-11-22","49.00","AUD","1762490800","66155/2025-11-22/1762490800.json"
"515320","135490","2025-11-23","49.00","AUD","1762490800","66155/2025-11-23/1762490800.json"
"515320","135490","2025-11-24","49.00","AUD","1762490800","66155/2025-11-24/1762490800.json"
"515320","135490","2025-11-25","49.00","AUD","1762490800","66155/2025-11-25/1762490800.json"
"515320","135490","2025-11-26","49.00","AUD","1762490800","66155/2025-11-26/1762490800.json"
"515320","135490","2025-11-29","49.00","AUD","1762490800","66155/2025-11-29/1762490800.json"
"515320","135490","2025-11-30","49.00","AUD","1762490800","66155/2025-11-30/1762490800.json"
"515320","135490","2025-12-01","49.00","AUD","1762490800","66155/2025-12-01/1762490800.json"
"515320","135490","2025-12-02","49.00","AUD","1762490800","66155/2025-12-02/1762490800.json"
"515320","135490","2025-11-27","49.00","AUD","1762490800","66155/2025-11-27/1762490800.json"
"515320","135490","2025-11-28","49.00","AUD","1762490800","66155/2025-11-28/1762490800.json"
"515320","135490","2025-12-06","49.00","AUD","1762490800","66155/2025-12-06/1762490800.json"
"515320","135490","2025-12-05","49.00","AUD","1762490800","66155/2025-12-05/1762490800.json"
"515320","135490","2025-12-09","49.00","AUD","1762490800","66155/2025-12-09/1762490800.json"
"515320","135490","2025-12-13","49.00","AUD","1762490800","66155/2025-12-13/1762490800.json"
"515320","135490","2025-12-12","49.00","AUD","1762490800","66155/2025-12-12/1762490800.json"
"515320","135490","2025-12-16","49.00","AUD","1762490800","66155/2025-12-16/1762490800.json"
"515320","135490","2025-12-19","49.00","AUD","1762490800","66155/2025-12-19/1762490800.json"
"515320","135490","2025-12-20","49.00","AUD","1762490800","66155/2025-12-20/1762490800.json"
"515320","135490","2025-12-23","49.00","AUD","1762490800","66155/2025-12-23/1762490800.json"
"515320","135490","2025-12-24","49.00","AUD","1762490800","66155/2025-12-24/1762490800.json"
"515320","135490","2025-12-26","49.00","AUD","1762490800","66155/2025-12-26/1762490800.json"
"515320","135490","2025-12-25","49.00","AUD","1762490800","66155/2025-12-25/1762490800.json"
"515320","135490","2025-12-28","49.00","AUD","1762490800","66155/2025-12-28/1762490800.json"
"515320","135490","2025-12-27","49.00","AUD","1762490800","66155/2025-12-27/1762490800.json"
"515320","135490","2025-12-29","49.00","AUD","1762490800","66155/2025-12-29/1762490800.json"
"515320","135490","2025-12-30","49.00","AUD","1762490800","66155/2025-12-30/1762490800.json"
"515320","135490","2025-12-31","49.00","AUD","1762490800","66155/2025-12-31/1762490800.json"
"515320","135490","2026-01-01","49.00","AUD","1762490800","66155/2026-01-01/1762490800.json"
"515320","135490","2026-01-02","49.00","AUD","1762490800","66155/2026-01-02/1762490800.json"
"515320","135490","2026-01-03","49.00","AUD","1762490800","66155/2026-01-03/1762490800.json"
"515320","135490","2026-01-05","49.00","AUD","1762490800","66155/2026-01-05/1762490800.json"
"515320","135490","2026-01-04","49.00","AUD","1762490800","66155/2026-01-04/1762490800.json"
"515320","135490","2026-01-06","49.00","AUD","1762490800","66155/2026-01-06/1762490800.json"
"515320","135490","2025-11-10","49.00","AUD","1762505366","66155/2025-11-10/1762505366.json"
"515320","135490","2025-11-09","49.00","AUD","1762505366","66155/2025-11-09/1762505366.json"
"515320","135490","2025-11-11","49.00","AUD","1762505366","66155/2025-11-11/1762505366.json"
"515320","135490","2025-11-13","49.00","AUD","1762505366","66155/2025-11-13/1762505366.json"
"515320","135490","2025-11-14","49.00","AUD","1762505366","66155/2025-11-14/1762505366.json"
"515320","135490","2025-11-12","49.00","AUD","1762505366","66155/2025-11-12/1762505366.json"
"515320","135490","2025-11-15","49.00","AUD","1762505366","66155/2025-11-15/1762505366.json"
"515320","135490","2025-11-18","49.00","AUD","1762505366","66155/2025-11-18/1762505366.json"
"515320","135490","2025-11-16","49.00","AUD","1762505366","66155/2025-11-16/1762505366.json"
"515320","135490","2025-11-19","49.00","AUD","1762505366","66155/2025-11-19/1762505366.json"
"515320","135490","2025-11-17","49.00","AUD","1762505366","66155/2025-11-17/1762505366.json"
"515320","135490","2025-11-20","49.00","AUD","1762505366","66155/2025-11-20/1762505366.json"
"515320","135490","2025-11-21","49.00","AUD","1762505366","66155/2025-11-21/1762505366.json"
"515320","135490","2025-11-22","49.00","AUD","1762505366","66155/2025-11-22/1762505366.json"
"515320","135490","2025-11-23","49.00","AUD","1762505366","66155/2025-11-23/1762505366.json"
"515320","135490","2025-11-24","49.00","AUD","1762505366","66155/2025-11-24/1762505366.json"
"515320","135490","2025-11-25","49.00","AUD","1762505366","66155/2025-11-25/1762505366.json"
"515320","135490","2025-11-26","49.00","AUD","1762505366","66155/2025-11-26/1762505366.json"
"515320","135490","2025-11-27","49.00","AUD","1762505366","66155/2025-11-27/1762505366.json"
"515320","135490","2025-11-28","49.00","AUD","1762505366","66155/2025-11-28/1762505366.json"
"515320","135490","2025-11-29","49.00","AUD","1762505366","66155/2025-11-29/1762505366.json"
"515320","135490","2025-11-30","49.00","AUD","1762505366","66155/2025-11-30/1762505366.json"
"515320","135490","2025-12-01","49.00","AUD","1762505366","66155/2025-12-01/1762505366.json"
"515320","135490","2025-12-02","49.00","AUD","1762505366","66155/2025-12-02/1762505366.json"
"515320","135490","2025-12-05","49.00","AUD","1762505366","66155/2025-12-05/1762505366.json"
"515320","135490","2025-12-06","49.00","AUD","1762505366","66155/2025-12-06/1762505366.json"
"515320","135490","2025-12-09","49.00","AUD","1762505366","66155/2025-12-09/1762505366.json"
"515320","135490","2025-12-12","49.00","AUD","1762505366","66155/2025-12-12/1762505366.json"
"515320","135490","2025-12-13","49.00","AUD","1762505366","66155/2025-12-13/1762505366.json"
"515320","135490","2025-12-16","49.00","AUD","1762505366","66155/2025-12-16/1762505366.json"
"515320","135490","2025-12-19","49.00","AUD","1762505366","66155/2025-12-19/1762505366.json"
"515320","135490","2025-12-20","49.00","AUD","1762505366","66155/2025-12-20/1762505366.json"
"515320","135490","2025-12-23","49.00","AUD","1762505366","66155/2025-12-23/1762505366.json"
"515320","135490","2025-12-24","49.00","AUD","1762505366","66155/2025-12-24/1762505366.json"
"515320","135490","2025-12-25","49.00","AUD","1762505366","66155/2025-12-25/1762505366.json"
"515320","135490","2025-12-26","49.00","AUD","1762505366","66155/2025-12-26/1762505366.json"
"515320","135490","2025-12-27","49.00","AUD","1762505366","66155/2025-12-27/1762505366.json"
"515320","135490","2025-12-28","49.00","AUD","1762505366","66155/2025-12-28/1762505366.json"
"515320","135490","2025-12-29","49.00","AUD","1762505366","66155/2025-12-29/1762505366.json"
"515320","135490","2025-12-30","49.00","AUD","1762505366","66155/2025-12-30/1762505366.json"
"515320","135490","2025-12-31","49.00","AUD","1762505366","66155/2025-12-31/1762505366.json"
"515320","135490","2026-01-01","49.00","AUD","1762505366","66155/2026-01-01/1762505366.json"
"515320","135490","2026-01-02","49.00","AUD","1762505366","66155/2026-01-02/1762505366.json"
"515320","135490","2026-01-03","49.00","AUD","1762505366","66155/2026-01-03/1762505366.json"
"515320","135490","2026-01-04","49.00","AUD","1762505366","66155/2026-01-04/1762505366.json"
"515320","135490","2026-01-05","49.00","AUD","1762505366","66155/2026-01-05/1762505366.json"
"515320","135490","2026-01-06","49.00","AUD","1762505366","66155/2026-01-06/1762505366.json"
"515320","135490","2025-11-09","49.00","AUD","1762520207","66155/2025-11-09/1762520207.json"
"515320","135490","2025-11-10","49.00","AUD","1762520207","66155/2025-11-10/1762520207.json"
"515320","135490","2025-11-11","49.00","AUD","1762520207","66155/2025-11-11/1762520207.json"
"515320","135490","2025-11-12","49.00","AUD","1762520207","66155/2025-11-12/1762520207.json"
"515320","135490","2025-11-13","49.00","AUD","1762520207","66155/2025-11-13/1762520207.json"
"515320","135490","2025-11-14","49.00","AUD","1762520207","66155/2025-11-14/1762520207.json"
"515320","135490","2025-11-15","49.00","AUD","1762520207","66155/2025-11-15/1762520207.json"
"515320","135490","2025-11-16","49.00","AUD","1762520207","66155/2025-11-16/1762520207.json"
"515320","135490","2025-11-17","49.00","AUD","1762520207","66155/2025-11-17/1762520207.json"
"515320","135490","2025-11-18","49.00","AUD","1762520207","66155/2025-11-18/1762520207.json"
"515320","135490","2025-11-20","49.00","AUD","1762520207","66155/2025-11-20/1762520207.json"
"515320","135490","2025-11-21","49.00","AUD","1762520207","66155/2025-11-21/1762520207.json"
"515320","135490","2025-11-19","49.00","AUD","1762520207","66155/2025-11-19/1762520207.json"
"515320","135490","2025-11-22","49.00","AUD","1762520207","66155/2025-11-22/1762520207.json"
"515320","135490","2025-11-23","49.00","AUD","1762520207","66155/2025-11-23/1762520207.json"
"515320","135490","2025-11-24","49.00","AUD","1762520207","66155/2025-11-24/1762520207.json"
"515320","135490","2025-11-25","49.00","AUD","1762520207","66155/2025-11-25/1762520207.json"
"515320","135490","2025-11-26","49.00","AUD","1762520207","66155/2025-11-26/1762520207.json"
"515320","135490","2025-11-28","49.00","AUD","1762520207","66155/2025-11-28/1762520207.json"
"515320","135490","2025-11-27","49.00","AUD","1762520207","66155/2025-11-27/1762520207.json"
"515320","135490","2025-11-29","49.00","AUD","1762520207","66155/2025-11-29/1762520207.json"
"515320","135490","2025-11-30","49.00","AUD","1762520207","66155/2025-11-30/1762520207.json"
"515320","135490","2025-12-01","49.00","AUD","1762520207","66155/2025-12-01/1762520207.json"
"515320","135490","2025-12-02","49.00","AUD","1762520207","66155/2025-12-02/1762520207.json"
"515320","135490","2025-12-05","49.00","AUD","1762520207","66155/2025-12-05/1762520207.json"
"515320","135490","2025-12-06","49.00","AUD","1762520207","66155/2025-12-06/1762520207.json"
"515320","135490","2025-12-09","49.00","AUD","1762520207","66155/2025-12-09/1762520207.json"
"515320","135490","2025-12-13","49.00","AUD","1762520207","66155/2025-12-13/1762520207.json"
"515320","135490","2025-12-16","49.00","AUD","1762520207","66155/2025-12-16/1762520207.json"
"515320","135490","2025-12-12","49.00","AUD","1762520207","66155/2025-12-12/1762520207.json"
"515320","135490","2025-12-20","49.00","AUD","1762520207","66155/2025-12-20/1762520207.json"
"515320","135490","2025-12-19","49.00","AUD","1762520207","66155/2025-12-19/1762520207.json"
"515320","135490","2025-12-23","49.00","AUD","1762520207","66155/2025-12-23/1762520207.json"
"515320","135490","2025-12-24","49.00","AUD","1762520207","66155/2025-12-24/1762520207.json"
"515320","135490","2025-12-25","49.00","AUD","1762520207","66155/2025-12-25/1762520207.json"
"515320","135490","2025-12-27","49.00","AUD","1762520207","66155/2025-12-27/1762520207.json"
"515320","135490","2025-12-28","49.00","AUD","1762520207","66155/2025-12-28/1762520207.json"
"515320","135490","2025-12-30","49.00","AUD","1762520207","66155/2025-12-30/1762520207.json"
"515320","135490","2025-12-29","49.00","AUD","1762520207","66155/2025-12-29/1762520207.json"
"515320","135490","2025-12-31","49.00","AUD","1762520207","66155/2025-12-31/1762520207.json"
"515320","135490","2026-01-01","49.00","AUD","1762520207","66155/2026-01-01/1762520207.json"
"515320","135490","2026-01-02","49.00","AUD","1762520207","66155/2026-01-02/1762520207.json"
"515320","135490","2026-01-03","49.00","AUD","1762520207","66155/2026-01-03/1762520207.json"
"515320","135490","2026-01-04","49.00","AUD","1762520207","66155/2026-01-04/1762520207.json"
"515320","135490","2026-01-05","49.00","AUD","1762520207","66155/2026-01-05/1762520207.json"
"515320","135490","2026-01-06","49.00","AUD","1762520207","66155/2026-01-06/1762520207.json"
"515320","135490","2025-12-26","49.00","AUD","1762520207","66155/2025-12-26/1762520207.json"
"515320","135490","2025-11-09","49.00","AUD","1762534106","66155/2025-11-09/1762534106.json"
"515320","135490","2025-11-10","49.00","AUD","1762534106","66155/2025-11-10/1762534106.json"
"515320","135490","2025-11-11","49.00","AUD","1762534106","66155/2025-11-11/1762534106.json"
"515320","135490","2025-11-12","49.00","AUD","1762534106","66155/2025-11-12/1762534106.json"
"515320","135490","2025-11-13","49.00","AUD","1762534106","66155/2025-11-13/1762534106.json"
"515320","135490","2025-11-14","49.00","AUD","1762534106","66155/2025-11-14/1762534106.json"
"515320","135490","2025-11-15","49.00","AUD","1762534106","66155/2025-11-15/1762534106.json"
"515320","135490","2025-11-16","49.00","AUD","1762534106","66155/2025-11-16/1762534106.json"
"515320","135490","2025-11-17","49.00","AUD","1762534106","66155/2025-11-17/1762534106.json"
"515320","135490","2025-11-18","49.00","AUD","1762534106","66155/2025-11-18/1762534106.json"
"515320","135490","2025-11-20","49.00","AUD","1762534106","66155/2025-11-20/1762534106.json"
"515320","135490","2025-11-19","49.00","AUD","1762534106","66155/2025-11-19/1762534106.json"
"515320","135490","2025-11-21","49.00","AUD","1762534106","66155/2025-11-21/1762534106.json"
"515320","135490","2025-11-22","49.00","AUD","1762534106","66155/2025-11-22/1762534106.json"
"515320","135490","2025-11-23","49.00","AUD","1762534106","66155/2025-11-23/1762534106.json"
"515320","135490","2025-11-24","49.00","AUD","1762534106","66155/2025-11-24/1762534106.json"
"515320","135490","2025-11-26","49.00","AUD","1762534106","66155/2025-11-26/1762534106.json"
"515320","135490","2025-11-25","49.00","AUD","1762534106","66155/2025-11-25/1762534106.json"
"515320","135490","2025-11-28","49.00","AUD","1762534106","66155/2025-11-28/1762534106.json"
"515320","135490","2025-11-27","49.00","AUD","1762534106","66155/2025-11-27/1762534106.json"
"515320","135490","2025-11-30","49.00","AUD","1762534106","66155/2025-11-30/1762534106.json"
"515320","135490","2025-11-29","49.00","AUD","1762534106","66155/2025-11-29/1762534106.json"
"515320","135490","2025-12-01","49.00","AUD","1762534106","66155/2025-12-01/1762534106.json"
"515320","135490","2025-12-02","49.00","AUD","1762534106","66155/2025-12-02/1762534106.json"
"515320","135490","2025-12-05","49.00","AUD","1762534106","66155/2025-12-05/1762534106.json"
"515320","135490","2025-12-06","49.00","AUD","1762534106","66155/2025-12-06/1762534106.json"
"515320","135490","2025-12-09","49.00","AUD","1762534106","66155/2025-12-09/1762534106.json"
"515320","135490","2025-12-12","49.00","AUD","1762534106","66155/2025-12-12/1762534106.json"
"515320","135490","2025-12-13","49.00","AUD","1762534106","66155/2025-12-13/1762534106.json"
"515320","135490","2025-12-16","49.00","AUD","1762534106","66155/2025-12-16/1762534106.json"
"515320","135490","2025-12-19","49.00","AUD","1762534106","66155/2025-12-19/1762534106.json"
"515320","135490","2025-12-20","49.00","AUD","1762534106","66155/2025-12-20/1762534106.json"
"515320","135490","2025-12-24","49.00","AUD","1762534106","66155/2025-12-24/1762534106.json"
"515320","135490","2025-12-23","49.00","AUD","1762534106","66155/2025-12-23/1762534106.json"
"515320","135490","2025-12-25","49.00","AUD","1762534106","66155/2025-12-25/1762534106.json"
"515320","135490","2025-12-27","49.00","AUD","1762534106","66155/2025-12-27/1762534106.json"
"515320","135490","2025-12-26","49.00","AUD","1762534106","66155/2025-12-26/1762534106.json"
"515320","135490","2025-12-28","49.00","AUD","1762534106","66155/2025-12-28/1762534106.json"
"515320","135490","2025-12-29","49.00","AUD","1762534106","66155/2025-12-29/1762534106.json"
"515320","135490","2025-12-30","49.00","AUD","1762534106","66155/2025-12-30/1762534106.json"
"515320","135490","2026-01-02","49.00","AUD","1762534106","66155/2026-01-02/1762534106.json"
"515320","135490","2026-01-03","49.00","AUD","1762534106","66155/2026-01-03/1762534106.json"
"515320","135490","2026-01-04","49.00","AUD","1762534106","66155/2026-01-04/1762534106.json"
"515320","135490","2026-01-05","49.00","AUD","1762534106","66155/2026-01-05/1762534106.json"
"515320","135490","2026-01-06","49.00","AUD","1762534106","66155/2026-01-06/1762534106.json"
"515320","135490","2025-12-31","49.00","AUD","1762534106","66155/2025-12-31/1762534106.json"
"515320","135490","2026-01-01","49.00","AUD","1762534106","66155/2026-01-01/1762534106.json"
"515320","135490","2025-11-10","49.00","AUD","1762548490","66155/2025-11-10/1762548490.json"
"515320","135490","2025-11-09","49.00","AUD","1762548490","66155/2025-11-09/1762548490.json"
"515320","135490","2025-11-11","49.00","AUD","1762548490","66155/2025-11-11/1762548490.json"
"515320","135490","2025-11-12","49.00","AUD","1762548490","66155/2025-11-12/1762548490.json"
"515320","135490","2025-11-13","49.00","AUD","1762548490","66155/2025-11-13/1762548490.json"
"515320","135490","2025-11-14","49.00","AUD","1762548490","66155/2025-11-14/1762548490.json"
"515320","135490","2025-11-15","49.00","AUD","1762548490","66155/2025-11-15/1762548490.json"
"515320","135490","2025-11-16","49.00","AUD","1762548490","66155/2025-11-16/1762548490.json"
"515320","135490","2025-11-17","49.00","AUD","1762548490","66155/2025-11-17/1762548490.json"
"515320","135490","2025-11-18","49.00","AUD","1762548490","66155/2025-11-18/1762548490.json"
"515320","135490","2025-11-19","49.00","AUD","1762548490","66155/2025-11-19/1762548490.json"
"515320","135490","2025-11-21","49.00","AUD","1762548490","66155/2025-11-21/1762548490.json"
"515320","135490","2025-11-20","49.00","AUD","1762548490","66155/2025-11-20/1762548490.json"
"515320","135490","2025-11-23","49.00","AUD","1762548490","66155/2025-11-23/1762548490.json"
"515320","135490","2025-11-22","49.00","AUD","1762548490","66155/2025-11-22/1762548490.json"
"515320","135490","2025-11-24","49.00","AUD","1762548490","66155/2025-11-24/1762548490.json"
"515320","135490","2025-11-25","49.00","AUD","1762548490","66155/2025-11-25/1762548490.json"
"515320","135490","2025-11-26","49.00","AUD","1762548490","66155/2025-11-26/1762548490.json"
"515320","135490","2025-11-27","49.00","AUD","1762548490","66155/2025-11-27/1762548490.json"
"515320","135490","2025-11-28","49.00","AUD","1762548490","66155/2025-11-28/1762548490.json"
"515320","135490","2025-11-29","49.00","AUD","1762548490","66155/2025-11-29/1762548490.json"
"515320","135490","2025-11-30","49.00","AUD","1762548490","66155/2025-11-30/1762548490.json"
"515320","135490","2025-12-02","49.00","AUD","1762548490","66155/2025-12-02/1762548490.json"
"515320","135490","2025-12-01","49.00","AUD","1762548490","66155/2025-12-01/1762548490.json"
"515320","135490","2025-12-05","49.00","AUD","1762548490","66155/2025-12-05/1762548490.json"
"515320","135490","2025-12-06","49.00","AUD","1762548490","66155/2025-12-06/1762548490.json"
"515320","135490","2025-12-09","49.00","AUD","1762548490","66155/2025-12-09/1762548490.json"
"515320","135490","2025-12-12","49.00","AUD","1762548490","66155/2025-12-12/1762548490.json"
"515320","135490","2025-12-13","49.00","AUD","1762548490","66155/2025-12-13/1762548490.json"
"515320","135490","2025-12-16","49.00","AUD","1762548490","66155/2025-12-16/1762548490.json"
"515320","135490","2025-12-19","49.00","AUD","1762548490","66155/2025-12-19/1762548490.json"
"515320","135490","2025-12-20","49.00","AUD","1762548490","66155/2025-12-20/1762548490.json"
"515320","135490","2025-12-24","49.00","AUD","1762548490","66155/2025-12-24/1762548490.json"
"515320","135490","2025-12-23","49.00","AUD","1762548490","66155/2025-12-23/1762548490.json"
"515320","135490","2025-12-25","49.00","AUD","1762548490","66155/2025-12-25/1762548490.json"
"515320","135490","2025-12-26","49.00","AUD","1762548490","66155/2025-12-26/1762548490.json"
"515320","135490","2025-12-28","49.00","AUD","1762548490","66155/2025-12-28/1762548490.json"
"515320","135490","2025-12-27","49.00","AUD","1762548490","66155/2025-12-27/1762548490.json"
"515320","135490","2025-12-29","49.00","AUD","1762548490","66155/2025-12-29/1762548490.json"
"515320","135490","2025-12-31","49.00","AUD","1762548490","66155/2025-12-31/1762548490.json"
"515320","135490","2026-01-01","49.00","AUD","1762548490","66155/2026-01-01/1762548490.json"
"515320","135490","2025-12-30","49.00","AUD","1762548490","66155/2025-12-30/1762548490.json"
"515320","135490","2026-01-02","49.00","AUD","1762548490","66155/2026-01-02/1762548490.json"
"515320","135490","2026-01-03","49.00","AUD","1762548490","66155/2026-01-03/1762548490.json"
"515320","135490","2026-01-04","49.00","AUD","1762548490","66155/2026-01-04/1762548490.json"
"515320","135490","2026-01-05","49.00","AUD","1762548490","66155/2026-01-05/1762548490.json"
"515320","135490","2026-01-06","49.00","AUD","1762548490","66155/2026-01-06/1762548490.json"
"515320","135490","2025-11-09","49.00","AUD","1762565739","66155/2025-11-09/1762565739.json"
"515320","135490","2025-11-10","49.00","AUD","1762565739","66155/2025-11-10/1762565739.json"
"515320","135490","2025-11-11","49.00","AUD","1762565739","66155/2025-11-11/1762565739.json"
"515320","135490","2025-11-12","49.00","AUD","1762565739","66155/2025-11-12/1762565739.json"
"515320","135490","2025-11-13","49.00","AUD","1762565739","66155/2025-11-13/1762565739.json"
"515320","135490","2025-11-14","49.00","AUD","1762565739","66155/2025-11-14/1762565739.json"
"515320","135490","2025-11-15","49.00","AUD","1762565739","66155/2025-11-15/1762565739.json"
"515320","135490","2025-11-16","49.00","AUD","1762565739","66155/2025-11-16/1762565739.json"
"515320","135490","2025-11-18","49.00","AUD","1762565739","66155/2025-11-18/1762565739.json"
"515320","135490","2025-11-17","49.00","AUD","1762565739","66155/2025-11-17/1762565739.json"
"515320","135490","2025-11-19","49.00","AUD","1762565739","66155/2025-11-19/1762565739.json"
"515320","135490","2025-11-20","49.00","AUD","1762565739","66155/2025-11-20/1762565739.json"
"515320","135490","2025-11-21","49.00","AUD","1762565739","66155/2025-11-21/1762565739.json"
"515320","135490","2025-11-22","49.00","AUD","1762565739","66155/2025-11-22/1762565739.json"
"515320","135490","2025-11-23","49.00","AUD","1762565739","66155/2025-11-23/1762565739.json"
"515320","135490","2025-11-24","49.00","AUD","1762565739","66155/2025-11-24/1762565739.json"
"515320","135490","2025-11-25","49.00","AUD","1762565739","66155/2025-11-25/1762565739.json"
"515320","135490","2025-11-26","49.00","AUD","1762565739","66155/2025-11-26/1762565739.json"
"515320","135490","2025-11-27","49.00","AUD","1762565739","66155/2025-11-27/1762565739.json"
"515320","135490","2025-11-28","49.00","AUD","1762565739","66155/2025-11-28/1762565739.json"
"515320","135490","2025-11-29","49.00","AUD","1762565739","66155/2025-11-29/1762565739.json"
"515320","135490","2025-11-30","49.00","AUD","1762565739","66155/2025-11-30/1762565739.json"
"515320","135490","2025-12-01","49.00","AUD","1762565739","66155/2025-12-01/1762565739.json"
"515320","135490","2025-12-02","49.00","AUD","1762565739","66155/2025-12-02/1762565739.json"
"515320","135490","2025-12-06","49.00","AUD","1762565739","66155/2025-12-06/1762565739.json"
"515320","135490","2025-12-05","49.00","AUD","1762565739","66155/2025-12-05/1762565739.json"
"515320","135490","2025-12-09","49.00","AUD","1762565739","66155/2025-12-09/1762565739.json"
"515320","135490","2025-12-12","49.00","AUD","1762565739","66155/2025-12-12/1762565739.json"
"515320","135490","2025-12-13","49.00","AUD","1762565739","66155/2025-12-13/1762565739.json"
"515320","135490","2025-12-16","49.00","AUD","1762565739","66155/2025-12-16/1762565739.json"
"515320","135490","2025-12-20","49.00","AUD","1762565739","66155/2025-12-20/1762565739.json"
"515320","135490","2025-12-19","49.00","AUD","1762565739","66155/2025-12-19/1762565739.json"
"515320","135490","2025-12-23","49.00","AUD","1762565739","66155/2025-12-23/1762565739.json"
"515320","135490","2025-12-24","49.00","AUD","1762565739","66155/2025-12-24/1762565739.json"
"515320","135490","2025-12-26","49.00","AUD","1762565739","66155/2025-12-26/1762565739.json"
"515320","135490","2025-12-25","49.00","AUD","1762565739","66155/2025-12-25/1762565739.json"
"515320","135490","2025-12-27","49.00","AUD","1762565739","66155/2025-12-27/1762565739.json"
"515320","135490","2025-12-28","49.00","AUD","1762565739","66155/2025-12-28/1762565739.json"
"515320","135490","2025-12-29","49.00","AUD","1762565739","66155/2025-12-29/1762565739.json"
"515320","135490","2025-12-30","49.00","AUD","1762565739","66155/2025-12-30/1762565739.json"
"515320","135490","2025-12-31","49.00","AUD","1762565739","66155/2025-12-31/1762565739.json"
"515320","135490","2026-01-01","49.00","AUD","1762565739","66155/2026-01-01/1762565739.json"
"515320","135490","2026-01-02","49.00","AUD","1762565739","66155/2026-01-02/1762565739.json"
"515320","135490","2026-01-03","49.00","AUD","1762565739","66155/2026-01-03/1762565739.json"
"515320","135490","2026-01-04","49.00","AUD","1762565739","66155/2026-01-04/1762565739.json"
"515320","135490","2026-01-05","49.00","AUD","1762565739","66155/2026-01-05/1762565739.json"
"515320","135490","2026-01-06","49.00","AUD","1762565739","66155/2026-01-06/1762565739.json"
"515320","135490","2026-01-07","49.00","AUD","1762565739","66155/2026-01-07/1762565739.json"
